START ALGORITHM:
I am going to build an instance with N: 1000 variables and 4150 clauses with a clause density equal to 4.15
START BSP WITH r=0.9:
Decimation scorer: cert
END UNIT PROPAGATION
1000 4150 12.9493547 0.0129493547 4.15
1000 4150 12.9491343 0.0129491343 4.15
1000 4150 12.9490172 0.0129490172 4.15
1000 4150 12.9492229 0.0129492229 4.15
1000 4150 12.949207 0.012949207 4.15
1000 4150 12.9491467 0.0129491467 4.15
1000 4150 12.9491593 0.0129491593 4.15
1000 4150 12.949156 0.012949156 4.15
1000 4150 12.94916 0.01294916 4.15
999 4142 12.9491627 0.0129491627 4.14614615
999 4142 12.9491606 0.0129491606 4.14614615
999 4142 12.9491644 0.0129491644 4.14614615
999 4142 12.9491654 0.0129491654 4.14614615
999 4142 12.9491643 0.0129491643 4.14614615
999 4142 12.9491641 0.0129491641 4.14614615
999 4142 12.9491639 0.0129491639 4.14614615
999 4142 12.9491639 0.0129491639 4.14614615
999 4142 12.9491641 0.0129491641 4.14614615
999 4142 12.9491642 0.0129491642 4.14614615
998 4136 12.9491641 0.0129491641 4.14428858
998 4136 12.9491641 0.0129491641 4.14428858
998 4136 12.9491641 0.0129491641 4.14428858
998 4136 12.9491641 0.0129491641 4.14428858
998 4136 12.9491641 0.0129491641 4.14428858
998 4136 12.9491641 0.0129491641 4.14428858
998 4136 12.9491641 0.0129491641 4.14428858
998 4136 12.9491641 0.0129491641 4.14428858
998 4136 12.9491641 0.0129491641 4.14428858
998 4136 12.9491641 0.0129491641 4.14428858
997 4131 12.9491641 0.0129491641 4.14343029
997 4131 12.9491641 0.0129491641 4.14343029
997 4131 12.9491641 0.0129491641 4.14343029
997 4131 12.9491641 0.0129491641 4.14343029
997 4131 12.9491641 0.0129491641 4.14343029
997 4131 12.9491641 0.0129491641 4.14343029
997 4131 12.9491641 0.0129491641 4.14343029
997 4131 12.9491641 0.0129491641 4.14343029
997 4131 12.9491641 0.0129491641 4.14343029
997 4131 12.9491641 0.0129491641 4.14343029
996 4123 12.9491641 0.0129491641 4.13955823
996 4123 12.9491641 0.0129491641 4.13955823
996 4123 12.9491641 0.0129491641 4.13955823
996 4123 12.9491641 0.0129491641 4.13955823
996 4123 12.9491641 0.0129491641 4.13955823
996 4123 12.9491641 0.0129491641 4.13955823
996 4123 12.9491641 0.0129491641 4.13955823
996 4123 12.9491641 0.0129491641 4.13955823
996 4123 12.9491641 0.0129491641 4.13955823
996 4123 12.9491641 0.0129491641 4.13955823
995 4115 12.9491641 0.0129491641 4.13567839
995 4115 12.9491641 0.0129491641 4.13567839
995 4115 12.9491641 0.0129491641 4.13567839
995 4115 12.9491641 0.0129491641 4.13567839
995 4115 12.9491641 0.0129491641 4.13567839
995 4115 12.9491641 0.0129491641 4.13567839
995 4115 12.9491641 0.0129491641 4.13567839
995 4115 12.9491641 0.0129491641 4.13567839
995 4115 12.9491641 0.0129491641 4.13567839
995 4115 12.9491641 0.0129491641 4.13567839
994 4110 12.9491641 0.0129491641 4.13480885
994 4110 12.949164 0.012949164 4.13480885
994 4110 12.9491639 0.0129491639 4.13480885
994 4110 12.949164 0.012949164 4.13480885
994 4110 12.9491639 0.0129491639 4.13480885
994 4110 12.9491639 0.0129491639 4.13480885
994 4110 12.9491639 0.0129491639 4.13480885
994 4110 12.9491639 0.0129491639 4.13480885
994 4110 12.9491639 0.0129491639 4.13480885
994 4110 12.9491639 0.0129491639 4.13480885
993 4103 12.9487962 0.0129487962 4.13192346
993 4103 12.9487965 0.0129487965 4.13192346
993 4103 12.9487961 0.0129487961 4.13192346
993 4103 12.9487959 0.0129487959 4.13192346
993 4103 12.9487959 0.0129487959 4.13192346
993 4103 12.9487959 0.0129487959 4.13192346
993 4103 12.9487958 0.0129487958 4.13192346
993 4103 12.9487958 0.0129487958 4.13192346
993 4103 12.9487958 0.0129487958 4.13192346
993 4103 12.9487958 0.0129487958 4.13192346
992 4095 12.9474139 0.0129474139 4.12802419
992 4095 12.9474152 0.0129474152 4.12802419
992 4095 12.9474195 0.0129474195 4.12802419
992 4095 12.9474211 0.0129474211 4.12802419
992 4095 12.9474209 0.0129474209 4.12802419
992 4095 12.9474202 0.0129474202 4.12802419
992 4095 12.9474201 0.0129474201 4.12802419
992 4095 12.9474201 0.0129474201 4.12802419
992 4095 12.9474203 0.0129474203 4.12802419
992 4095 12.9474205 0.0129474205 4.12802419
991 4085 12.9451122 0.0129451122 4.12209889
991 4085 12.9451037 0.0129451037 4.12209889
991 4085 12.9451031 0.0129451031 4.12209889
991 4085 12.9451029 0.0129451029 4.12209889
991 4085 12.9451013 0.0129451013 4.12209889
991 4085 12.945101 0.012945101 4.12209889
991 4085 12.945101 0.012945101 4.12209889
991 4085 12.945101 0.012945101 4.12209889
991 4085 12.945101 0.012945101 4.12209889
991 4085 12.945101 0.012945101 4.12209889
990 4077 12.9424718 0.0129424718 4.11818182
990 4077 12.9424759 0.0129424759 4.11818182
990 4077 12.9424743 0.0129424743 4.11818182
990 4077 12.942477 0.012942477 4.11818182
990 4077 12.9424754 0.0129424754 4.11818182
990 4077 12.9424756 0.0129424756 4.11818182
990 4077 12.9424753 0.0129424753 4.11818182
990 4077 12.9424752 0.0129424752 4.11818182
990 4077 12.9424754 0.0129424754 4.11818182
990 4077 12.9424755 0.0129424755 4.11818182
989 4068 12.9392852 0.0129392852 4.1132457
989 4068 12.9392862 0.0129392862 4.1132457
989 4068 12.9392829 0.0129392829 4.1132457
989 4068 12.9392827 0.0129392827 4.1132457
989 4068 12.9392833 0.0129392833 4.1132457
989 4068 12.9392831 0.0129392831 4.1132457
989 4068 12.9392831 0.0129392831 4.1132457
989 4068 12.9392831 0.0129392831 4.1132457
989 4068 12.9392831 0.0129392831 4.1132457
989 4068 12.9392831 0.0129392831 4.1132457
988 4062 12.9348839 0.0129348839 4.11133603
988 4062 12.9348989 0.0129348989 4.11133603
988 4062 12.9348898 0.0129348898 4.11133603
988 4062 12.9348851 0.0129348851 4.11133603
988 4062 12.9348928 0.0129348928 4.11133603
988 4062 12.9348899 0.0129348899 4.11133603
988 4062 12.9348965 0.0129348965 4.11133603
988 4062 12.9348915 0.0129348915 4.11133603
988 4062 12.9348911 0.0129348911 4.11133603
988 4062 12.9348911 0.0129348911 4.11133603
987 4054 12.930429 0.012930429 4.10739615
987 4054 12.9304336 0.0129304336 4.10739615
987 4054 12.9304246 0.0129304246 4.10739615
987 4054 12.9304283 0.0129304283 4.10739615
987 4053 12.9303961 0.0129303961 4.10638298
987 4053 12.9303934 0.0129303934 4.10638298
987 4053 12.9303967 0.0129303967 4.10638298
987 4054 12.9304198 0.0129304198 4.10739615
987 4060 12.9304104 0.0129304104 4.11347518
987 4060 12.9304155 0.0129304155 4.11347518
986 4052 12.9259671 0.0129259671 4.10953347
986 4052 12.9259589 0.0129259589 4.10953347
986 4052 12.9259598 0.0129259598 4.10953347
986 4052 12.9259562 0.0129259562 4.10953347
986 4052 12.9259526 0.0129259526 4.10953347
986 4052 12.9259524 0.0129259524 4.10953347
986 4052 12.9259533 0.0129259533 4.10953347
986 4052 12.9259546 0.0129259546 4.10953347
986 4052 12.9259547 0.0129259547 4.10953347
986 4052 12.9259547 0.0129259547 4.10953347
985 4043 12.9214866 0.0129214866 4.10456853
985 4043 12.9214894 0.0129214894 4.10456853
985 4043 12.9214783 0.0129214783 4.10456853
985 4043 12.921477 0.012921477 4.10456853
985 4043 12.9214793 0.0129214793 4.10456853
985 4043 12.9214798 0.0129214798 4.10456853
985 4043 12.9214789 0.0129214789 4.10456853
985 4043 12.9214792 0.0129214792 4.10456853
985 4043 12.9214793 0.0129214793 4.10456853
985 4043 12.9214793 0.0129214793 4.10456853
984 4032 12.9167199 0.0129167199 4.09756098
984 4032 12.916739 0.012916739 4.09756098
984 4032 12.9167266 0.0129167266 4.09756098
984 4032 12.9167021 0.0129167021 4.09756098
984 4032 12.9166988 0.0129166988 4.09756098
984 4032 12.9167083 0.0129167083 4.09756098
984 4032 12.9167131 0.0129167131 4.09756098
984 4032 12.9167183 0.0129167183 4.09756098
984 4032 12.9167205 0.0129167205 4.09756098
984 4032 12.9167225 0.0129167225 4.09756098
983 4022 12.9112436 0.0129112436 4.09155646
983 4022 12.9112556 0.0129112556 4.09155646
983 4022 12.91124 0.01291124 4.09155646
983 4022 12.9112348 0.0129112348 4.09155646
983 4022 12.911226 0.012911226 4.09155646
983 4022 12.9112233 0.0129112233 4.09155646
983 4022 12.9112281 0.0129112281 4.09155646
983 4022 12.9112282 0.0129112282 4.09155646
983 4022 12.9112292 0.0129112292 4.09155646
983 4022 12.9112293 0.0129112293 4.09155646
982 4012 12.9055663 0.0129055663 4.08553971
982 4012 12.905581 0.012905581 4.08553971
982 4012 12.905603 0.012905603 4.08553971
982 4012 12.9056005 0.0129056005 4.08553971
982 4012 12.9056023 0.0129056023 4.08553971
982 4012 12.9056137 0.0129056137 4.08553971
982 4012 12.9056031 0.0129056031 4.08553971
982 4012 12.9056035 0.0129056035 4.08553971
982 4012 12.9056026 0.0129056026 4.08553971
982 4012 12.9056102 0.0129056102 4.08553971
981 4003 12.8998748 0.0128998748 4.08053007
981 4003 12.8998896 0.0128998896 4.08053007
981 3999 12.8998605 0.0128998605 4.0764526
981 3999 12.8998539 0.0128998539 4.0764526
981 3999 12.8998548 0.0128998548 4.0764526
981 3999 12.8998612 0.0128998612 4.0764526
981 3999 12.8998642 0.0128998642 4.0764526
981 3999 12.8998675 0.0128998675 4.0764526
981 3999 12.8998687 0.0128998687 4.0764526
981 3999 12.8998695 0.0128998695 4.0764526
980 3990 12.894164 0.012894164 4.07142857
980 3990 12.8941626 0.0128941626 4.07142857
980 3990 12.8941557 0.0128941557 4.07142857
980 3990 12.8941568 0.0128941568 4.07142857
980 3990 12.8941586 0.0128941586 4.07142857
980 3990 12.8941588 0.0128941588 4.07142857
980 3990 12.8941584 0.0128941584 4.07142857
980 3990 12.8941583 0.0128941583 4.07142857
980 3990 12.8941584 0.0128941584 4.07142857
980 3990 12.8941584 0.0128941584 4.07142857
979 3981 12.888129 0.012888129 4.06639428
979 3981 12.8881159 0.0128881159 4.06639428
979 3981 12.888127 0.012888127 4.06639428
979 3981 12.8881264 0.0128881264 4.06639428
979 3981 12.8881269 0.0128881269 4.06639428
979 3981 12.8881274 0.0128881274 4.06639428
979 3981 12.8881274 0.0128881274 4.06639428
979 3981 12.8881271 0.0128881271 4.06639428
979 3981 12.8881269 0.0128881269 4.06639428
979 3981 12.888127 0.012888127 4.06639428
978 3971 12.8819661 0.0128819661 4.0603272
978 3971 12.88194 0.01288194 4.0603272
978 3971 12.88193 0.01288193 4.0603272
978 3971 12.8819154 0.0128819154 4.0603272
978 3971 12.8819152 0.0128819152 4.0603272
978 3971 12.8819137 0.0128819137 4.0603272
978 3971 12.8819135 0.0128819135 4.0603272
978 3971 12.881914 0.012881914 4.0603272
978 3971 12.8819143 0.0128819143 4.0603272
978 3971 12.8819145 0.0128819145 4.0603272
977 3962 12.8750011 0.0128750011 4.05527124
977 3962 12.8750316 0.0128750316 4.05527124
977 3962 12.8750247 0.0128750247 4.05527124
977 3962 12.8750443 0.0128750443 4.05527124
977 3962 12.875053 0.012875053 4.05527124
977 3962 12.8750337 0.0128750337 4.05527124
977 3962 12.8750304 0.0128750304 4.05527124
977 3962 12.8750321 0.0128750321 4.05527124
977 3962 12.8750327 0.0128750327 4.05527124
977 3962 12.8750322 0.0128750322 4.05527124
976 3951 12.8678995 0.0128678995 4.04815574
976 3951 12.8679217 0.0128679217 4.04815574
976 3951 12.8679072 0.0128679072 4.04815574
976 3951 12.8678822 0.0128678822 4.04815574
976 3951 12.8678882 0.0128678882 4.04815574
976 3951 12.8678874 0.0128678874 4.04815574
976 3951 12.8678907 0.0128678907 4.04815574
976 3951 12.8678886 0.0128678886 4.04815574
976 3951 12.8678901 0.0128678901 4.04815574
976 3951 12.8678921 0.0128678921 4.04815574
975 3938 12.8607152 0.0128607152 4.03897436
975 3938 12.8607364 0.0128607364 4.03897436
975 3938 12.8607255 0.0128607255 4.03897436
975 3938 12.8607206 0.0128607206 4.03897436
975 3938 12.8607218 0.0128607218 4.03897436
975 3938 12.860723 0.012860723 4.03897436
975 3938 12.8607234 0.0128607234 4.03897436
975 3938 12.8607236 0.0128607236 4.03897436
975 3938 12.8607237 0.0128607237 4.03897436
975 3938 12.8607237 0.0128607237 4.03897436
974 3927 12.8532365 0.0128532365 4.03182752
974 3928 12.853125 0.012853125 4.03285421
974 3930 12.8543351 0.0128543351 4.0349076
974 3928 12.8539603 0.0128539603 4.03285421
974 3930 12.8543588 0.0128543588 4.0349076
974 3930 12.8543307 0.0128543307 4.0349076
974 3930 12.854333 0.012854333 4.0349076
974 3930 12.8543278 0.0128543278 4.0349076
974 3930 12.8543331 0.0128543331 4.0349076
974 3930 12.8543226 0.0128543226 4.0349076
973 3917 12.8472329 0.0128472329 4.02569373
973 3917 12.8472422 0.0128472422 4.02569373
973 3917 12.8472502 0.0128472502 4.02569373
973 3917 12.8472564 0.0128472564 4.02569373
973 3917 12.8472577 0.0128472577 4.02569373
973 3917 12.8472583 0.0128472583 4.02569373
973 3917 12.8472579 0.0128472579 4.02569373
973 3917 12.8472578 0.0128472578 4.02569373
973 3917 12.8472577 0.0128472577 4.02569373
973 3917 12.8472576 0.0128472576 4.02569373
972 3911 12.8395643 0.0128395643 4.02366255
972 3911 12.839575 0.012839575 4.02366255
972 3911 12.8395617 0.0128395617 4.02366255
972 3911 12.8395538 0.0128395538 4.02366255
972 3911 12.8395536 0.0128395536 4.02366255
972 3911 12.8395457 0.0128395457 4.02366255
972 3911 12.8395474 0.0128395474 4.02366255
972 3911 12.8395478 0.0128395478 4.02366255
972 3911 12.839547 0.012839547 4.02366255
972 3911 12.8395469 0.0128395469 4.02366255
971 3904 12.831819 0.012831819 4.02059732
971 3902 12.8274554 0.0128274554 4.01853759
971 3901 12.8325984 0.0128325984 4.01750772
971 3901 12.8325985 0.0128325985 4.01750772
971 3901 12.8326027 0.0128326027 4.01750772
971 3901 12.8325967 0.0128325967 4.01750772
971 3901 12.8325983 0.0128325983 4.01750772
971 3901 12.8325975 0.0128325975 4.01750772
971 3901 12.8325973 0.0128325973 4.01750772
971 3901 12.8325973 0.0128325973 4.01750772
970 3895 12.8248552 0.0128248552 4.01546392
970 3895 12.8248393 0.0128248393 4.01546392
970 3895 12.824851 0.012824851 4.01546392
970 3895 12.8248435 0.0128248435 4.01546392
970 3895 12.8248438 0.0128248438 4.01546392
970 3895 12.8248447 0.0128248447 4.01546392
970 3895 12.8248428 0.0128248428 4.01546392
970 3895 12.8248446 0.0128248446 4.01546392
970 3895 12.824845 0.012824845 4.01546392
970 3895 12.824845 0.012824845 4.01546392
969 3881 12.8163736 0.0128163736 4.00515996
969 3881 12.8163666 0.0128163666 4.00515996
969 3881 12.8163592 0.0128163592 4.00515996
969 3881 12.8163649 0.0128163649 4.00515996
969 3881 12.8163678 0.0128163678 4.00515996
969 3881 12.8163678 0.0128163678 4.00515996
969 3881 12.8163679 0.0128163679 4.00515996
969 3881 12.8163678 0.0128163678 4.00515996
969 3881 12.8163679 0.0128163679 4.00515996
969 3881 12.8163679 0.0128163679 4.00515996
968 3877 12.8076569 0.0128076569 4.00516529
968 3877 12.8076801 0.0128076801 4.00516529
968 3877 12.8076445 0.0128076445 4.00516529
968 3877 12.8076521 0.0128076521 4.00516529
968 3877 12.8076571 0.0128076571 4.00516529
968 3877 12.8076603 0.0128076603 4.00516529
968 3877 12.8076634 0.0128076634 4.00516529
968 3877 12.8076645 0.0128076645 4.00516529
968 3877 12.807665 0.012807665 4.00516529
968 3877 12.8076652 0.0128076652 4.00516529
967 3873 12.7987143 0.0127987143 4.00517063
967 3866 12.7986122 0.0127986122 3.99793175
967 3873 12.7987297 0.0127987297 4.00517063
967 3873 12.7987353 0.0127987353 4.00517063
967 3873 12.7987131 0.0127987131 4.00517063
967 3873 12.7986977 0.0127986977 4.00517063
967 3873 12.7987547 0.0127987547 4.00517063
967 3873 12.7987426 0.0127987426 4.00517063
967 3873 12.7987332 0.0127987332 4.00517063
967 3873 12.7987065 0.0127987065 4.00517063
966 3862 12.789838 0.012789838 3.99792961
966 3862 12.7898628 0.0127898628 3.99792961
966 3862 12.7898616 0.0127898616 3.99792961
966 3862 12.7898704 0.0127898704 3.99792961
966 3862 12.789871 0.012789871 3.99792961
966 3862 12.7898711 0.0127898711 3.99792961
966 3862 12.7898712 0.0127898712 3.99792961
966 3862 12.7898713 0.0127898713 3.99792961
966 3862 12.7898713 0.0127898713 3.99792961
966 3862 12.7898713 0.0127898713 3.99792961
965 3855 12.7806439 0.0127806439 3.99481865
965 3854 12.7799959 0.0127799959 3.99378238
965 3858 12.7808755 0.0127808755 3.99792746
965 3858 12.780894 0.012780894 3.99792746
965 3858 12.7808729 0.0127808729 3.99792746
965 3858 12.7808583 0.0127808583 3.99792746
965 3858 12.7809138 0.0127809138 3.99792746
965 3858 12.7809024 0.0127809024 3.99792746
965 3858 12.7808852 0.0127808852 3.99792746
965 3858 12.7808742 0.0127808742 3.99792746
964 3847 12.77201 0.01277201 3.9906639
964 3847 12.7719877 0.0127719877 3.9906639
964 3847 12.7719973 0.0127719973 3.9906639
964 3847 12.7719954 0.0127719954 3.9906639
964 3847 12.7719967 0.0127719967 3.9906639
964 3847 12.7719987 0.0127719987 3.9906639
964 3847 12.7719982 0.0127719982 3.9906639
964 3847 12.7719985 0.0127719985 3.9906639
964 3847 12.7719979 0.0127719979 3.9906639
964 3847 12.7719987 0.0127719987 3.9906639
963 3836 12.7619883 0.0127619883 3.98338525
963 3836 12.761973 0.012761973 3.98338525
963 3841 12.761977 0.012761977 3.98857736
963 3841 12.7619671 0.0127619671 3.98857736
963 3836 12.7619701 0.0127619701 3.98338525
963 3836 12.7619757 0.0127619757 3.98338525
963 3836 12.7619665 0.0127619665 3.98338525
963 3836 12.7619722 0.0127619722 3.98338525
963 3836 12.7619722 0.0127619722 3.98338525
963 3836 12.7619662 0.0127619662 3.98338525
962 3830 12.7520728 0.0127520728 3.98128898
962 3830 12.752058 0.012752058 3.98128898
962 3830 12.7520801 0.0127520801 3.98128898
962 3830 12.7520753 0.0127520753 3.98128898
962 3830 12.7520706 0.0127520706 3.98128898
962 3830 12.7520715 0.0127520715 3.98128898
962 3830 12.7520714 0.0127520714 3.98128898
962 3830 12.7520712 0.0127520712 3.98128898
962 3830 12.7520714 0.0127520714 3.98128898
962 3830 12.7520715 0.0127520715 3.98128898
961 3827 12.7415469 0.0127415469 3.98231009
960 3819 12.7336754 0.0127336754 3.978125
960 3818 12.7285187 0.0127285187 3.97708333
960 3823 12.734976 0.012734976 3.98229167
960 3823 12.7349658 0.0127349658 3.98229167
960 3823 12.7349651 0.0127349651 3.98229167
960 3823 12.7349643 0.0127349643 3.98229167
960 3823 12.7349654 0.0127349654 3.98229167
960 3823 12.7349654 0.0127349654 3.98229167
960 3823 12.7349654 0.0127349654 3.98229167
959 3812 12.7252105 0.0127252105 3.97497393
959 3812 12.7252017 0.0127252017 3.97497393
959 3812 12.7252093 0.0127252093 3.97497393
959 3812 12.7252111 0.0127252111 3.97497393
959 3812 12.7252179 0.0127252179 3.97497393
959 3812 12.7252196 0.0127252196 3.97497393
959 3812 12.725218 0.012725218 3.97497393
959 3812 12.7252184 0.0127252184 3.97497393
959 3812 12.7252187 0.0127252187 3.97497393
959 3812 12.7252187 0.0127252187 3.97497393
958 3805 12.7145902 0.0127145902 3.97181628
958 3805 12.7146335 0.0127146335 3.97181628
958 3805 12.714612 0.012714612 3.97181628
958 3805 12.7145876 0.0127145876 3.97181628
958 3805 12.7145733 0.0127145733 3.97181628
958 3805 12.7145751 0.0127145751 3.97181628
958 3805 12.7145733 0.0127145733 3.97181628
958 3805 12.7145699 0.0127145699 3.97181628
958 3805 12.7145688 0.0127145688 3.97181628
958 3805 12.7145685 0.0127145685 3.97181628
957 3794 12.7036791 0.0127036791 3.96447231
957 3801 12.7034864 0.0127034864 3.97178683
957 3797 12.7037343 0.0127037343 3.96760711
957 3797 12.7037102 0.0127037102 3.96760711
957 3797 12.7037212 0.0127037212 3.96760711
957 3797 12.703725 0.012703725 3.96760711
957 3797 12.7037268 0.0127037268 3.96760711
957 3797 12.7037263 0.0127037263 3.96760711
957 3797 12.7037256 0.0127037256 3.96760711
957 3797 12.703726 0.012703726 3.96760711
956 3790 12.693332 0.012693332 3.96443515
956 3790 12.6933211 0.0126933211 3.96443515
956 3790 12.6933111 0.0126933111 3.96443515
956 3790 12.6932966 0.0126932966 3.96443515
956 3790 12.6932954 0.0126932954 3.96443515
956 3790 12.6932956 0.0126932956 3.96443515
956 3790 12.6932959 0.0126932959 3.96443515
956 3790 12.6932957 0.0126932957 3.96443515
956 3790 12.6932957 0.0126932957 3.96443515
956 3790 12.6932955 0.0126932955 3.96443515
955 3786 12.6823995 0.0126823995 3.96439791
954 3780 12.6749719 0.0126749719 3.96226415
954 3780 12.6749724 0.0126749724 3.96226415
954 3780 12.6749947 0.0126749947 3.96226415
954 3780 12.6750176 0.0126750176 3.96226415
954 3780 12.6750217 0.0126750217 3.96226415
954 3780 12.6750238 0.0126750238 3.96226415
954 3780 12.6750251 0.0126750251 3.96226415
954 3780 12.6750255 0.0126750255 3.96226415
954 3780 12.6750253 0.0126750253 3.96226415
953 3775 12.6634197 0.0126634197 3.96117524
953 3775 12.6633648 0.0126633648 3.96117524
953 3775 12.6633951 0.0126633951 3.96117524
953 3775 12.6634043 0.0126634043 3.96117524
953 3775 12.6634132 0.0126634132 3.96117524
953 3775 12.6634199 0.0126634199 3.96117524
953 3775 12.6634212 0.0126634212 3.96117524
953 3775 12.6634211 0.0126634211 3.96117524
953 3775 12.6634223 0.0126634223 3.96117524
953 3775 12.6634226 0.0126634226 3.96117524
952 3766 12.6516909 0.0126516909 3.95588235
952 3765 12.6484486 0.0126484486 3.95483193
952 3761 12.6545567 0.0126545567 3.95063025
952 3761 12.6545062 0.0126545062 3.95063025
952 3761 12.6545268 0.0126545268 3.95063025
952 3761 12.6545239 0.0126545239 3.95063025
952 3761 12.6545258 0.0126545258 3.95063025
952 3761 12.654525 0.012654525 3.95063025
952 3761 12.6545249 0.0126545249 3.95063025
952 3761 12.6545249 0.0126545249 3.95063025
951 3752 12.6437646 0.0126437646 3.94532072
951 3752 12.6437585 0.0126437585 3.94532072
951 3752 12.6437838 0.0126437838 3.94532072
951 3752 12.6438098 0.0126438098 3.94532072
951 3752 12.6438138 0.0126438138 3.94532072
951 3752 12.6438162 0.0126438162 3.94532072
951 3752 12.643817 0.012643817 3.94532072
951 3752 12.643817 0.012643817 3.94532072
951 3752 12.6438167 0.0126438167 3.94532072
951 3752 12.6438166 0.0126438166 3.94532072
950 3747 12.6324537 0.0126324537 3.94421053
950 3747 12.6324039 0.0126324039 3.94421053
950 3747 12.6324114 0.0126324114 3.94421053
950 3747 12.6324069 0.0126324069 3.94421053
950 3747 12.6324083 0.0126324083 3.94421053
950 3747 12.6324083 0.0126324083 3.94421053
950 3747 12.6324082 0.0126324082 3.94421053
950 3747 12.6324083 0.0126324083 3.94421053
950 3747 12.6324085 0.0126324085 3.94421053
950 3747 12.6324085 0.0126324085 3.94421053
949 3737 12.6205817 0.0126205817 3.93782929
949 3737 12.6205988 0.0126205988 3.93782929
949 3737 12.6206327 0.0126206327 3.93782929
949 3737 12.6206648 0.0126206648 3.93782929
949 3737 12.6206585 0.0126206585 3.93782929
949 3737 12.6206468 0.0126206468 3.93782929
949 3737 12.6206459 0.0126206459 3.93782929
949 3737 12.6206453 0.0126206453 3.93782929
949 3737 12.6206471 0.0126206471 3.93782929
949 3737 12.6206469 0.0126206469 3.93782929
948 3728 12.6083393 0.0126083393 3.93248945
948 3728 12.6082039 0.0126082039 3.93248945
948 3728 12.6082585 0.0126082585 3.93248945
948 3728 12.6082803 0.0126082803 3.93248945
948 3728 12.6082449 0.0126082449 3.93248945
948 3728 12.6082411 0.0126082411 3.93248945
948 3728 12.6082703 0.0126082703 3.93248945
948 3728 12.6082873 0.0126082873 3.93248945
948 3728 12.6082423 0.0126082423 3.93248945
948 3728 12.6082437 0.0126082437 3.93248945
947 3725 12.5956004 0.0125956004 3.93347413
947 3725 12.5955908 0.0125955908 3.93347413
947 3725 12.5955918 0.0125955918 3.93347413
947 3725 12.5955789 0.0125955789 3.93347413
947 3725 12.5955744 0.0125955744 3.93347413
947 3725 12.595578 0.012595578 3.93347413
947 3725 12.5955773 0.0125955773 3.93347413
947 3725 12.5955775 0.0125955775 3.93347413
947 3725 12.5955776 0.0125955776 3.93347413
947 3725 12.5955774 0.0125955774 3.93347413
946 3718 12.5830499 0.0125830499 3.93023256
946 3718 12.5831147 0.0125831147 3.93023256
946 3718 12.5830329 0.0125830329 3.93023256
946 3718 12.5830468 0.0125830468 3.93023256
946 3718 12.5830849 0.0125830849 3.93023256
946 3718 12.5830781 0.0125830781 3.93023256
946 3718 12.5830627 0.0125830627 3.93023256
946 3718 12.5830224 0.0125830224 3.93023256
946 3718 12.58305 0.01258305 3.93023256
946 3718 12.5830895 0.0125830895 3.93023256
945 3706 12.5703717 0.0125703717 3.92169312
945 3706 12.5704423 0.0125704423 3.92169312
945 3706 12.5704594 0.0125704594 3.92169312
945 3706 12.5704603 0.0125704603 3.92169312
945 3706 12.570462 0.012570462 3.92169312
945 3706 12.5704628 0.0125704628 3.92169312
945 3706 12.5704643 0.0125704643 3.92169312
945 3706 12.570465 0.012570465 3.92169312
945 3706 12.5704651 0.0125704651 3.92169312
945 3706 12.5704651 0.0125704651 3.92169312
944 3697 12.5574642 0.0125574642 3.91631356
944 3697 12.5574448 0.0125574448 3.91631356
944 3697 12.557431 0.012557431 3.91631356
944 3697 12.557424 0.012557424 3.91631356
944 3697 12.5574216 0.0125574216 3.91631356
944 3697 12.5574218 0.0125574218 3.91631356
944 3697 12.5574215 0.0125574215 3.91631356
944 3697 12.5574215 0.0125574215 3.91631356
944 3697 12.5574215 0.0125574215 3.91631356
944 3697 12.5574215 0.0125574215 3.91631356
943 3692 12.5441653 0.0125441653 3.91516437
943 3692 12.5442365 0.0125442365 3.91516437
943 3692 12.5441157 0.0125441157 3.91516437
943 3692 12.5442043 0.0125442043 3.91516437
943 3692 12.5441154 0.0125441154 3.91516437
943 3692 12.5442005 0.0125442005 3.91516437
943 3692 12.5441175 0.0125441175 3.91516437
943 3692 12.5442001 0.0125442001 3.91516437
943 3692 12.5441174 0.0125441174 3.91516437
943 3692 12.5442 0.0125442 3.91516437
942 3686 12.530478 0.012530478 3.91295117
942 3685 12.5305671 0.0125305671 3.9118896
942 3685 12.5304805 0.0125304805 3.9118896
942 3685 12.5304982 0.0125304982 3.9118896
942 3685 12.5305054 0.0125305054 3.9118896
942 3685 12.5304993 0.0125304993 3.9118896
942 3685 12.5305001 0.0125305001 3.9118896
942 3685 12.5304998 0.0125304998 3.9118896
942 3685 12.5304998 0.0125304998 3.9118896
942 3685 12.5304996 0.0125304996 3.9118896
941 3679 12.5168769 0.0125168769 3.90967056
941 3679 12.5169708 0.0125169708 3.90967056
941 3679 12.5170019 0.0125170019 3.90967056
941 3679 12.5170014 0.0125170014 3.90967056
941 3679 12.5169993 0.0125169993 3.90967056
941 3679 12.5170002 0.0125170002 3.90967056
941 3679 12.5170004 0.0125170004 3.90967056
941 3679 12.5170003 0.0125170003 3.90967056
941 3679 12.5170003 0.0125170003 3.90967056
941 3679 12.5170003 0.0125170003 3.90967056
940 3676 12.5024016 0.0125024016 3.9106383
940 3676 12.5024115 0.0125024115 3.9106383
940 3667 12.5023443 0.0125023443 3.90106383
940 3667 12.5023683 0.0125023683 3.90106383
940 3667 12.5023614 0.0125023614 3.90106383
940 3667 12.5023639 0.0125023639 3.90106383
940 3667 12.5023653 0.0125023653 3.90106383
940 3667 12.5023652 0.0125023652 3.90106383
940 3667 12.5023654 0.0125023654 3.90106383
940 3667 12.5023654 0.0125023654 3.90106383
939 3664 12.4878586 0.0124878586 3.90202343
939 3664 12.4877446 0.0124877446 3.90202343
939 3664 12.4877824 0.0124877824 3.90202343
939 3664 12.4877991 0.0124877991 3.90202343
939 3664 12.4877956 0.0124877956 3.90202343
939 3664 12.4877966 0.0124877966 3.90202343
939 3664 12.4877966 0.0124877966 3.90202343
939 3664 12.4877965 0.0124877965 3.90202343
939 3664 12.4877965 0.0124877965 3.90202343
939 3664 12.4877965 0.0124877965 3.90202343
938 3656 12.4721701 0.0124721701 3.89765458
938 3656 12.4720704 0.0124720704 3.89765458
938 3652 12.4720894 0.0124720894 3.89339019
938 3652 12.472075 0.012472075 3.89339019
938 3652 12.4721047 0.0124721047 3.89339019
938 3652 12.4721047 0.0124721047 3.89339019
938 3652 12.4721046 0.0124721046 3.89339019
938 3652 12.4721048 0.0124721048 3.89339019
938 3652 12.4721048 0.0124721048 3.89339019
938 3652 12.4721048 0.0124721048 3.89339019
937 3644 12.4565876 0.0124565876 3.88900747
937 3644 12.4565464 0.0124565464 3.88900747
937 3644 12.4565648 0.0124565648 3.88900747
937 3644 12.4565673 0.0124565673 3.88900747
937 3644 12.4565655 0.0124565655 3.88900747
937 3644 12.4565652 0.0124565652 3.88900747
937 3644 12.4565652 0.0124565652 3.88900747
937 3644 12.4565651 0.0124565651 3.88900747
937 3644 12.4565652 0.0124565652 3.88900747
937 3644 12.4565652 0.0124565652 3.88900747
936 3636 12.4400524 0.0124400524 3.88461538
936 3636 12.439991 0.012439991 3.88461538
936 3636 12.440031 0.012440031 3.88461538
936 3636 12.4400487 0.0124400487 3.88461538
936 3636 12.4400522 0.0124400522 3.88461538
936 3636 12.4400462 0.0124400462 3.88461538
936 3636 12.4400451 0.0124400451 3.88461538
936 3636 12.4400462 0.0124400462 3.88461538
936 3636 12.4400462 0.0124400462 3.88461538
936 3636 12.4400462 0.0124400462 3.88461538
935 3630 12.4233128 0.0124233128 3.88235294
935 3630 12.423395 0.012423395 3.88235294
935 3630 12.4233507 0.0124233507 3.88235294
935 3630 12.4233383 0.0124233383 3.88235294
935 3630 12.4233421 0.0124233421 3.88235294
935 3630 12.423341 0.012423341 3.88235294
935 3630 12.4233399 0.0124233399 3.88235294
935 3630 12.4233395 0.0124233395 3.88235294
935 3630 12.4233394 0.0124233394 3.88235294
935 3630 12.4233395 0.0124233395 3.88235294
934 3622 12.4063038 0.0124063038 3.87794433
934 3624 12.4060498 0.0124060498 3.88008565
934 3622 12.4162616 0.0124162616 3.87794433
934 3623 12.400946 0.012400946 3.87901499
934 3625 12.4170322 0.0124170322 3.88115632
934 3625 12.4170317 0.0124170317 3.88115632
934 3625 12.4170401 0.0124170401 3.88115632
934 3625 12.4170309 0.0124170309 3.88115632
934 3625 12.4170309 0.0124170309 3.88115632
934 3625 12.4170321 0.0124170321 3.88115632
933 3617 12.400903 0.012400903 3.87674169
933 3617 12.4009662 0.0124009662 3.87674169
933 3617 12.400859 0.012400859 3.87674169
933 3617 12.4008845 0.0124008845 3.87674169
933 3617 12.4008964 0.0124008964 3.87674169
933 3617 12.4008962 0.0124008962 3.87674169
933 3617 12.4008924 0.0124008924 3.87674169
933 3617 12.4008918 0.0124008918 3.87674169
933 3617 12.4008931 0.0124008931 3.87674169
933 3617 12.4008933 0.0124008933 3.87674169
932 3611 12.3844305 0.0123844305 3.87446352
932 3611 12.3845133 0.0123845133 3.87446352
932 3609 12.3844099 0.0123844099 3.8723176
932 3609 12.3844242 0.0123844242 3.8723176
932 3609 12.3844449 0.0123844449 3.8723176
932 3609 12.384457 0.012384457 3.8723176
932 3609 12.3844579 0.0123844579 3.8723176
932 3609 12.384455 0.012384455 3.8723176
932 3609 12.3844546 0.0123844546 3.8723176
932 3609 12.3844547 0.0123844547 3.8723176
931 3603 12.3679884 0.0123679884 3.87003222
931 3603 12.3679263 0.0123679263 3.87003222
931 3603 12.3680439 0.0123680439 3.87003222
931 3603 12.3679589 0.0123679589 3.87003222
931 3603 12.3680418 0.0123680418 3.87003222
931 3603 12.3680101 0.0123680101 3.87003222
931 3603 12.367973 0.012367973 3.87003222
931 3603 12.3680387 0.0123680387 3.87003222
931 3603 12.3680108 0.0123680108 3.87003222
931 3603 12.3679721 0.0123679721 3.87003222
930 3599 12.3510201 0.0123510201 3.86989247
930 3596 12.3508412 0.0123508412 3.86666667
930 3596 12.3508531 0.0123508531 3.86666667
930 3596 12.3508104 0.0123508104 3.86666667
930 3596 12.3507886 0.0123507886 3.86666667
930 3597 12.3505345 0.0123505345 3.86774194
930 3599 12.3507637 0.0123507637 3.86989247
930 3596 12.3508762 0.0123508762 3.86666667
930 3596 12.3508447 0.0123508447 3.86666667
930 3596 12.3507388 0.0123507388 3.86666667
929 3590 12.3338436 0.0123338436 3.86437029
929 3588 12.3335203 0.0123335203 3.86221744
929 3590 12.3338238 0.0123338238 3.86437029
929 3589 12.3333425 0.0123333425 3.86329386
929 3588 12.3343042 0.0123343042 3.86221744
929 3588 12.3342702 0.0123342702 3.86221744
929 3590 12.3340229 0.0123340229 3.86437029
929 3590 12.3330475 0.0123330475 3.86437029
929 3592 12.3379049 0.0123379049 3.86652314
929 3594 12.3399766 0.0123399766 3.868676
928 3586 12.3258244 0.0123258244 3.86422414
928 3584 12.3243292 0.0123243292 3.86206897
928 3585 12.325422 0.012325422 3.86314655
928 3586 12.3257023 0.0123257023 3.86422414
928 3586 12.3256842 0.0123256842 3.86422414
928 3586 12.3257763 0.0123257763 3.86422414
928 3586 12.3257215 0.0123257215 3.86422414
928 3586 12.325713 0.012325713 3.86422414
928 3586 12.3257175 0.0123257175 3.86422414
928 3586 12.3257168 0.0123257168 3.86422414
927 3578 12.3099751 0.0123099751 3.85976268
927 3578 12.3100338 0.0123100338 3.85976268
927 3578 12.309975 0.012309975 3.85976268
927 3578 12.3099776 0.0123099776 3.85976268
927 3578 12.3099948 0.0123099948 3.85976268
927 3578 12.309994 0.012309994 3.85976268
927 3578 12.3099943 0.0123099943 3.85976268
927 3578 12.3099946 0.0123099946 3.85976268
927 3578 12.3099943 0.0123099943 3.85976268
927 3578 12.3099945 0.0123099945 3.85976268
926 3570 12.2935652 0.0122935652 3.85529158
926 3572 12.2935435 0.0122935435 3.8574514
926 3570 12.2936638 0.0122936638 3.85529158
926 3570 12.2936242 0.0122936242 3.85529158
926 3570 12.2936439 0.0122936439 3.85529158
926 3570 12.2936414 0.0122936414 3.85529158
926 3570 12.2936399 0.0122936399 3.85529158
926 3570 12.2936422 0.0122936422 3.85529158
926 3570 12.2936412 0.0122936412 3.85529158
926 3570 12.2936411 0.0122936411 3.85529158
925 3564 12.2772862 0.0122772862 3.85297297
925 3564 12.2772023 0.0122772023 3.85297297
925 3564 12.2772256 0.0122772256 3.85297297
925 3564 12.2772317 0.0122772317 3.85297297
925 3564 12.2772331 0.0122772331 3.85297297
925 3564 12.2772346 0.0122772346 3.85297297
925 3564 12.2772344 0.0122772344 3.85297297
925 3564 12.2772345 0.0122772345 3.85297297
925 3564 12.2772345 0.0122772345 3.85297297
925 3564 12.2772345 0.0122772345 3.85297297
924 3560 12.2607298 0.0122607298 3.85281385
924 3560 12.2606817 0.0122606817 3.85281385
924 3560 12.2606672 0.0122606672 3.85281385
924 3560 12.2606876 0.0122606876 3.85281385
924 3560 12.2606975 0.0122606975 3.85281385
924 3560 12.2606947 0.0122606947 3.85281385
924 3560 12.2606953 0.0122606953 3.85281385
924 3560 12.2606966 0.0122606966 3.85281385
924 3560 12.2606966 0.0122606966 3.85281385
924 3560 12.2606966 0.0122606966 3.85281385
923 3554 12.2435109 0.0122435109 3.85048754
923 3554 12.2435521 0.0122435521 3.85048754
923 3554 12.2435535 0.0122435535 3.85048754
923 3554 12.2435614 0.0122435614 3.85048754
923 3554 12.2435597 0.0122435597 3.85048754
923 3554 12.2435595 0.0122435595 3.85048754
923 3554 12.2435596 0.0122435596 3.85048754
923 3554 12.2435595 0.0122435595 3.85048754
923 3554 12.2435596 0.0122435596 3.85048754
923 3554 12.2435596 0.0122435596 3.85048754
922 3547 12.22574 0.01222574 3.84707158
922 3549 12.2251576 0.0122251576 3.84924078
922 3547 12.2257057 0.0122257057 3.84707158
922 3547 12.2257196 0.0122257196 3.84707158
922 3547 12.2257108 0.0122257108 3.84707158
922 3547 12.2257133 0.0122257133 3.84707158
922 3547 12.2257126 0.0122257126 3.84707158
922 3547 12.2257127 0.0122257127 3.84707158
922 3547 12.2257126 0.0122257126 3.84707158
922 3547 12.2257126 0.0122257126 3.84707158
921 3542 12.2085447 0.0122085447 3.84581976
921 3542 12.2085629 0.0122085629 3.84581976
921 3542 12.2085458 0.0122085458 3.84581976
921 3542 12.2085469 0.0122085469 3.84581976
921 3542 12.2085442 0.0122085442 3.84581976
921 3542 12.2085432 0.0122085432 3.84581976
921 3542 12.2085432 0.0122085432 3.84581976
921 3542 12.2085433 0.0122085433 3.84581976
921 3542 12.2085433 0.0122085433 3.84581976
921 3542 12.2085433 0.0122085433 3.84581976
920 3537 12.1908447 0.0121908447 3.84456522
920 3534 12.1861966 0.0121861966 3.84130435
920 3534 12.1934034 0.0121934034 3.84130435
920 3532 12.2026995 0.0122026995 3.83913043
920 3532 12.2026977 0.0122026977 3.83913043
920 3532 12.2026835 0.0122026835 3.83913043
920 3532 12.2027015 0.0122027015 3.83913043
920 3532 12.2027047 0.0122027047 3.83913043
920 3532 12.2027014 0.0122027014 3.83913043
920 3532 12.202702 0.012202702 3.83913043
919 3526 12.1855277 0.0121855277 3.83677911
919 3526 12.1855201 0.0121855201 3.83677911
919 3526 12.1855389 0.0121855389 3.83677911
919 3526 12.1855367 0.0121855367 3.83677911
919 3526 12.1855405 0.0121855405 3.83677911
919 3526 12.18554 0.01218554 3.83677911
919 3526 12.1855398 0.0121855398 3.83677911
919 3526 12.1855399 0.0121855399 3.83677911
919 3526 12.1855399 0.0121855399 3.83677911
919 3526 12.1855399 0.0121855399 3.83677911
918 3521 12.1683038 0.0121683038 3.83551198
918 3521 12.1683405 0.0121683405 3.83551198
918 3521 12.1683429 0.0121683429 3.83551198
918 3521 12.1683356 0.0121683356 3.83551198
918 3521 12.1683462 0.0121683462 3.83551198
918 3521 12.1683477 0.0121683477 3.83551198
918 3521 12.1683478 0.0121683478 3.83551198
918 3521 12.1683477 0.0121683477 3.83551198
918 3521 12.1683472 0.0121683472 3.83551198
918 3521 12.1683472 0.0121683472 3.83551198
917 3513 12.1495712 0.0121495712 3.83097056
917 3513 12.1495259 0.0121495259 3.83097056
917 3513 12.1495391 0.0121495391 3.83097056
917 3513 12.1495461 0.0121495461 3.83097056
917 3513 12.1495477 0.0121495477 3.83097056
917 3513 12.1495473 0.0121495473 3.83097056
917 3513 12.1495471 0.0121495471 3.83097056
917 3513 12.1495472 0.0121495472 3.83097056
917 3513 12.1495472 0.0121495472 3.83097056
917 3513 12.1495473 0.0121495473 3.83097056
916 3508 12.1307728 0.0121307728 3.82969432
916 3508 12.130708 0.012130708 3.82969432
916 3508 12.1307188 0.0121307188 3.82969432
916 3505 12.13012 0.01213012 3.82641921
916 3508 12.1308319 0.0121308319 3.82969432
916 3508 12.130779 0.012130779 3.82969432
916 3508 12.1307104 0.0121307104 3.82969432
916 3508 12.1307627 0.0121307627 3.82969432
916 3508 12.1307208 0.0121307208 3.82969432
916 3508 12.1307615 0.0121307615 3.82969432
915 3504 12.1115983 0.0121115983 3.8295082
915 3500 12.1114845 0.0121114845 3.82513661
915 3504 12.1116345 0.0121116345 3.8295082
915 3500 12.1115826 0.0121115826 3.82513661
915 3500 12.1115705 0.0121115705 3.82513661
915 3500 12.111561 0.012111561 3.82513661
915 3500 12.1115549 0.0121115549 3.82513661
915 3500 12.1115539 0.0121115539 3.82513661
915 3500 12.1115533 0.0121115533 3.82513661
915 3500 12.1115533 0.0121115533 3.82513661
914 3496 12.0927879 0.0120927879 3.8249453
914 3496 12.0928378 0.0120928378 3.8249453
914 3496 12.0928321 0.0120928321 3.8249453
914 3496 12.0928451 0.0120928451 3.8249453
914 3496 12.0928479 0.0120928479 3.8249453
914 3496 12.0928492 0.0120928492 3.8249453
914 3496 12.0928497 0.0120928497 3.8249453
914 3496 12.0928498 0.0120928498 3.8249453
914 3496 12.0928498 0.0120928498 3.8249453
914 3496 12.0928498 0.0120928498 3.8249453
913 3487 12.0728905 0.0120728905 3.81927711
913 3487 12.0728371 0.0120728371 3.81927711
913 3487 12.0728034 0.0120728034 3.81927711
913 3487 12.0728091 0.0120728091 3.81927711
913 3487 12.0728216 0.0120728216 3.81927711
913 3487 12.0728261 0.0120728261 3.81927711
913 3487 12.0728282 0.0120728282 3.81927711
913 3487 12.0728281 0.0120728281 3.81927711
913 3487 12.072828 0.012072828 3.81927711
913 3487 12.072828 0.012072828 3.81927711
912 3483 12.0520292 0.0120520292 3.81907895
912 3477 12.0517395 0.0120517395 3.8125
912 3483 12.052105 0.012052105 3.81907895
912 3483 12.0521003 0.0120521003 3.81907895
912 3483 12.0520803 0.0120520803 3.81907895
912 3483 12.0520931 0.0120520931 3.81907895
912 3483 12.0520617 0.0120520617 3.81907895
912 3483 12.0520786 0.0120520786 3.81907895
912 3483 12.0520941 0.0120520941 3.81907895
912 3483 12.0520605 0.0120520605 3.81907895
911 3473 12.0311086 0.0120311086 3.81229418
911 3473 12.0311705 0.0120311705 3.81229418
911 3473 12.0312412 0.0120312412 3.81229418
911 3473 12.031299 0.012031299 3.81229418
911 3473 12.0313192 0.0120313192 3.81229418
911 3473 12.0313216 0.0120313216 3.81229418
911 3473 12.0313274 0.0120313274 3.81229418
911 3473 12.0313295 0.0120313295 3.81229418
911 3473 12.0313301 0.0120313301 3.81229418
911 3473 12.0313304 0.0120313304 3.81229418
910 3466 12.0099954 0.0120099954 3.80879121
910 3466 12.009738 0.012009738 3.80879121
910 3466 12.0098539 0.0120098539 3.80879121
910 3466 12.0098409 0.0120098409 3.80879121
910 3466 12.0098323 0.0120098323 3.80879121
910 3466 12.0098295 0.0120098295 3.80879121
910 3466 12.0098288 0.0120098288 3.80879121
910 3466 12.0098288 0.0120098288 3.80879121
910 3466 12.0098289 0.0120098289 3.80879121
910 3466 12.0098289 0.0120098289 3.80879121
909 3458 11.9881252 0.0119881252 3.80418042
909 3458 11.988037 0.011988037 3.80418042
909 3458 11.9880727 0.0119880727 3.80418042
909 3463 11.9828786 0.0119828786 3.80968097
909 3458 11.9880922 0.0119880922 3.80418042
909 3458 11.9881301 0.0119881301 3.80418042
909 3458 11.9880797 0.0119880797 3.80418042
909 3458 11.9880598 0.0119880598 3.80418042
909 3458 11.9881076 0.0119881076 3.80418042
909 3458 11.9881001 0.0119881001 3.80418042
908 3449 11.9660555 0.0119660555 3.79845815
908 3455 11.966168 0.011966168 3.80506608
908 3452 11.9653282 0.0119653282 3.80176211
908 3448 11.9658823 0.0119658823 3.79735683
908 3449 11.9660567 0.0119660567 3.79845815
908 3455 11.9662075 0.0119662075 3.80506608
908 3455 11.9662245 0.0119662245 3.80506608
908 3455 11.966191 0.011966191 3.80506608
908 3455 11.9661431 0.0119661431 3.80506608
908 3455 11.966187 0.011966187 3.80506608
907 3449 11.9447548 0.0119447548 3.80264609
907 3449 11.944781 0.011944781 3.80264609
907 3449 11.9447736 0.0119447736 3.80264609
907 3446 11.9446588 0.0119446588 3.79933848
907 3446 11.9445965 0.0119445965 3.79933848
907 3446 11.9446363 0.0119446363 3.79933848
907 3446 11.9447206 0.0119447206 3.79933848
907 3446 11.9446668 0.0119446668 3.79933848
907 3446 11.9446708 0.0119446708 3.79933848
907 3446 11.9446699 0.0119446699 3.79933848
906 3436 11.9233514 0.0119233514 3.79249448
906 3436 11.923275 0.011923275 3.79249448
906 3436 11.92335 0.01192335 3.79249448
906 3436 11.9233714 0.0119233714 3.79249448
906 3436 11.9233695 0.0119233695 3.79249448
906 3436 11.9233713 0.0119233713 3.79249448
906 3436 11.9233726 0.0119233726 3.79249448
906 3436 11.923374 0.011923374 3.79249448
906 3436 11.923374 0.011923374 3.79249448
906 3436 11.923374 0.011923374 3.79249448
905 3430 11.9020682 0.0119020682 3.79005525
905 3430 11.9020341 0.0119020341 3.79005525
905 3430 11.9020644 0.0119020644 3.79005525
905 3430 11.9020424 0.0119020424 3.79005525
905 3430 11.9020354 0.0119020354 3.79005525
905 3430 11.9020386 0.0119020386 3.79005525
905 3430 11.9020388 0.0119020388 3.79005525
905 3430 11.9020387 0.0119020387 3.79005525
905 3430 11.9020385 0.0119020385 3.79005525
905 3430 11.9020384 0.0119020384 3.79005525
904 3424 11.8805539 0.0118805539 3.78761062
904 3420 11.8756921 0.0118756921 3.78318584
904 3420 11.8848798 0.0118848798 3.78318584
904 3424 11.8850427 0.0118850427 3.78761062
904 3423 11.8846301 0.0118846301 3.78650442
904 3417 11.8838032 0.0118838032 3.77986726
904 3424 11.8846054 0.0118846054 3.78761062
904 3427 11.8841486 0.0118841486 3.7909292
904 3425 11.8848421 0.0118848421 3.78871681
904 3422 11.8838977 0.0118838977 3.78539823
903 3415 11.8641518 0.0118641518 3.78183832
903 3421 11.8641075 0.0118641075 3.78848283
903 3414 11.8641778 0.0118641778 3.7807309
903 3414 11.8642325 0.0118642325 3.7807309
903 3414 11.8642531 0.0118642531 3.7807309
903 3414 11.86425 0.01186425 3.7807309
903 3414 11.8642462 0.0118642462 3.7807309
903 3414 11.8642447 0.0118642447 3.7807309
903 3414 11.8642447 0.0118642447 3.7807309
903 3414 11.8642447 0.0118642447 3.7807309
902 3411 11.8436075 0.0118436075 3.78159645
902 3411 11.8434926 0.0118434926 3.78159645
902 3411 11.8435534 0.0118435534 3.78159645
902 3411 11.8435454 0.0118435454 3.78159645
902 3411 11.8435372 0.0118435372 3.78159645
902 3411 11.843536 0.011843536 3.78159645
902 3411 11.8435357 0.0118435357 3.78159645
902 3411 11.8435364 0.0118435364 3.78159645
902 3411 11.8435368 0.0118435368 3.78159645
902 3411 11.8435368 0.0118435368 3.78159645
901 3404 11.8221175 0.0118221175 3.77802442
901 3404 11.8221475 0.0118221475 3.77802442
901 3404 11.8220179 0.0118220179 3.77802442
901 3404 11.8220974 0.0118220974 3.77802442
901 3404 11.8221239 0.0118221239 3.77802442
901 3404 11.8221218 0.0118221218 3.77802442
901 3404 11.8220472 0.0118220472 3.77802442
901 3404 11.8220529 0.0118220529 3.77802442
901 3404 11.8220373 0.0118220373 3.77802442
901 3404 11.822058 0.011822058 3.77802442
900 3395 11.8000942 0.0118000942 3.77222222
900 3397 11.8002022 0.0118002022 3.77444444
900 3396 11.807362 0.011807362 3.77333333
900 3390 11.8126407 0.0118126407 3.76666667
900 3387 11.8129317 0.0118129317 3.76333333
900 3394 11.8123127 0.0118123127 3.77111111
900 3393 11.8127916 0.0118127916 3.77
900 3394 11.812096 0.011812096 3.77111111
900 3390 11.8102829 0.0118102829 3.76666667
900 3387 11.8128795 0.0118128795 3.76333333
899 3384 11.7929852 0.0117929852 3.76418242
899 3384 11.7929146 0.0117929146 3.76418242
899 3384 11.7929288 0.0117929288 3.76418242
899 3384 11.7929254 0.0117929254 3.76418242
899 3384 11.792927 0.011792927 3.76418242
899 3384 11.7929271 0.0117929271 3.76418242
899 3384 11.7929271 0.0117929271 3.76418242
899 3384 11.7929272 0.0117929272 3.76418242
899 3384 11.7929272 0.0117929272 3.76418242
899 3384 11.7929272 0.0117929272 3.76418242
898 3380 11.7725901 0.0117725901 3.76391982
898 3380 11.7726079 0.0117726079 3.76391982
898 3380 11.7726334 0.0117726334 3.76391982
898 3380 11.7726939 0.0117726939 3.76391982
898 3380 11.7726812 0.0117726812 3.76391982
898 3380 11.772705 0.011772705 3.76391982
898 3380 11.7727065 0.0117727065 3.76391982
898 3380 11.7727053 0.0117727053 3.76391982
898 3380 11.7727054 0.0117727054 3.76391982
898 3380 11.7727053 0.0117727053 3.76391982
897 3374 11.7512516 0.0117512516 3.76142698
897 3371 11.7505013 0.0117505013 3.7580825
897 3374 11.7512312 0.0117512312 3.76142698
897 3374 11.7512366 0.0117512366 3.76142698
897 3374 11.7512573 0.0117512573 3.76142698
897 3374 11.7512853 0.0117512853 3.76142698
897 3374 11.7512828 0.0117512828 3.76142698
897 3374 11.7512776 0.0117512776 3.76142698
897 3374 11.751278 0.011751278 3.76142698
897 3374 11.7512775 0.0117512775 3.76142698
896 3365 11.7301995 0.0117301995 3.75558036
896 3365 11.7302302 0.0117302302 3.75558036
896 3365 11.7301882 0.0117301882 3.75558036
896 3365 11.7302056 0.0117302056 3.75558036
896 3365 11.7302147 0.0117302147 3.75558036
896 3365 11.7302145 0.0117302145 3.75558036
896 3365 11.7302142 0.0117302142 3.75558036
896 3365 11.730215 0.011730215 3.75558036
896 3365 11.7302152 0.0117302152 3.75558036
896 3365 11.7302152 0.0117302152 3.75558036
895 3358 11.7087218 0.0117087218 3.75195531
895 3355 11.7084266 0.0117084266 3.74860335
895 3356 11.708466 0.011708466 3.74972067
895 3355 11.708597 0.011708597 3.74860335
895 3350 11.7073782 0.0117073782 3.74301676
895 3352 11.7084542 0.0117084542 3.7452514
895 3355 11.708512 0.011708512 3.74860335
895 3355 11.7085192 0.0117085192 3.74860335
895 3355 11.7085072 0.0117085072 3.74860335
895 3355 11.7085327 0.0117085327 3.74860335
894 3346 11.6881882 0.0116881882 3.74272931
894 3346 11.688214 0.011688214 3.74272931
894 3346 11.6881702 0.0116881702 3.74272931
894 3346 11.6882665 0.0116882665 3.74272931
894 3346 11.6881775 0.0116881775 3.74272931
894 3346 11.6882271 0.0116882271 3.74272931
894 3346 11.6881841 0.0116881841 3.74272931
894 3346 11.6882659 0.0116882659 3.74272931
894 3346 11.6881776 0.0116881776 3.74272931
894 3346 11.6882275 0.0116882275 3.74272931
893 3341 11.6666567 0.0116666567 3.74132139
893 3339 11.6668559 0.0116668559 3.73908175
893 3339 11.6668969 0.0116668969 3.73908175
893 3339 11.666912 0.011666912 3.73908175
893 3339 11.6669115 0.0116669115 3.73908175
893 3339 11.6669124 0.0116669124 3.73908175
893 3339 11.6669127 0.0116669127 3.73908175
893 3339 11.6669127 0.0116669127 3.73908175
893 3339 11.6669127 0.0116669127 3.73908175
893 3339 11.6669127 0.0116669127 3.73908175
892 3334 11.6457805 0.0116457805 3.73766816
892 3334 11.6456685 0.0116456685 3.73766816
892 3334 11.6458434 0.0116458434 3.73766816
892 3334 11.6456875 0.0116456875 3.73766816
892 3334 11.6457275 0.0116457275 3.73766816
892 3334 11.6457563 0.0116457563 3.73766816
892 3334 11.6457561 0.0116457561 3.73766816
892 3334 11.6457577 0.0116457577 3.73766816
892 3334 11.6457567 0.0116457567 3.73766816
892 3334 11.6457556 0.0116457556 3.73766816
891 3327 11.6243332 0.0116243332 3.73400673
891 3327 11.6243866 0.0116243866 3.73400673
891 3327 11.6243135 0.0116243135 3.73400673
891 3327 11.6242443 0.0116242443 3.73400673
891 3327 11.6243426 0.0116243426 3.73400673
891 3327 11.6242713 0.0116242713 3.73400673
891 3327 11.6243926 0.0116243926 3.73400673
891 3327 11.6243721 0.0116243721 3.73400673
891 3327 11.6242167 0.0116242167 3.73400673
891 3327 11.6241739 0.0116241739 3.73400673
890 3320 11.6029432 0.0116029432 3.73033708
890 3320 11.6029975 0.0116029975 3.73033708
890 3319 11.6027065 0.0116027065 3.72921348
890 3317 11.5995057 0.0115995057 3.72696629
890 3320 11.6029048 0.0116029048 3.73033708
890 3320 11.603008 0.011603008 3.73033708
890 3320 11.6030474 0.0116030474 3.73033708
890 3319 11.6023934 0.0116023934 3.72921348
890 3319 11.6024441 0.0116024441 3.72921348
890 3319 11.602357 0.011602357 3.72921348
889 3312 11.5813787 0.0115813787 3.72553431
889 3312 11.5814801 0.0115814801 3.72553431
889 3312 11.5813771 0.0115813771 3.72553431
889 3311 11.5811334 0.0115811334 3.72440945
889 3311 11.5811155 0.0115811155 3.72440945
889 3312 11.5813008 0.0115813008 3.72553431
889 3312 11.5816602 0.0115816602 3.72553431
889 3312 11.5816405 0.0115816405 3.72553431
889 3312 11.5816111 0.0115816111 3.72553431
889 3312 11.5816131 0.0115816131 3.72553431
888 3304 11.5603906 0.0115603906 3.72072072
888 3304 11.5603777 0.0115603777 3.72072072
888 3304 11.5603585 0.0115603585 3.72072072
888 3304 11.5603745 0.0115603745 3.72072072
888 3304 11.560381 0.011560381 3.72072072
888 3304 11.5603818 0.0115603818 3.72072072
888 3304 11.5603813 0.0115603813 3.72072072
888 3304 11.5603814 0.0115603814 3.72072072
888 3304 11.5603814 0.0115603814 3.72072072
888 3304 11.5603814 0.0115603814 3.72072072
887 3300 11.5390861 0.0115390861 3.72040586
887 3298 11.5388307 0.0115388307 3.71815107
887 3300 11.5390838 0.0115390838 3.72040586
887 3298 11.5387693 0.0115387693 3.71815107
887 3300 11.5390898 0.0115390898 3.72040586
887 3300 11.5390735 0.0115390735 3.72040586
887 3300 11.5390897 0.0115390897 3.72040586
887 3300 11.5390836 0.0115390836 3.72040586
887 3300 11.5390854 0.0115390854 3.72040586
887 3300 11.5390855 0.0115390855 3.72040586
886 3294 11.5176471 0.0115176471 3.71783296
886 3294 11.5177638 0.0115177638 3.71783296
886 3294 11.5178062 0.0115178062 3.71783296
886 3294 11.5176818 0.0115176818 3.71783296
886 3294 11.5176239 0.0115176239 3.71783296
886 3294 11.5170543 0.0115170543 3.71783296
886 3294 11.5176647 0.0115176647 3.71783296
886 3294 11.5176679 0.0115176679 3.71783296
886 3294 11.5176383 0.0115176383 3.71783296
886 3294 11.5176333 0.0115176333 3.71783296
885 3288 11.4961022 0.0114961022 3.71525424
885 3288 11.4962216 0.0114962216 3.71525424
885 3288 11.4961298 0.0114961298 3.71525424
885 3288 11.4961216 0.0114961216 3.71525424
885 3288 11.4961179 0.0114961179 3.71525424
885 3288 11.4961166 0.0114961166 3.71525424
885 3288 11.4961161 0.0114961161 3.71525424
885 3288 11.496116 0.011496116 3.71525424
885 3288 11.496116 0.011496116 3.71525424
885 3288 11.496116 0.011496116 3.71525424
884 3282 11.474067 0.011474067 3.71266968
884 3280 11.4742726 0.0114742726 3.71040724
884 3275 11.4757372 0.0114757372 3.70475113
884 3273 11.4741242 0.0114741242 3.70248869
884 3277 11.4752648 0.0114752648 3.70701357
884 3275 11.4757172 0.0114757172 3.70475113
884 3277 11.474535 0.011474535 3.70701357
884 3277 11.4723247 0.0114723247 3.70701357
884 3276 11.4748798 0.0114748798 3.70588235
884 3275 11.4755901 0.0114755901 3.70475113
883 3269 11.4546597 0.0114546597 3.70215176
883 3269 11.4546812 0.0114546812 3.70215176
883 3269 11.4546929 0.0114546929 3.70215176
883 3269 11.4546882 0.0114546882 3.70215176
883 3269 11.4546867 0.0114546867 3.70215176
883 3269 11.4546866 0.0114546866 3.70215176
883 3269 11.4546865 0.0114546865 3.70215176
883 3269 11.4546866 0.0114546866 3.70215176
883 3269 11.4546866 0.0114546866 3.70215176
883 3269 11.4546866 0.0114546866 3.70215176
882 3263 11.4332646 0.0114332646 3.69954649
882 3263 11.4332786 0.0114332786 3.69954649
882 3263 11.4333151 0.0114333151 3.69954649
882 3263 11.4333286 0.0114333286 3.69954649
882 3263 11.4333384 0.0114333384 3.69954649
882 3263 11.433335 0.011433335 3.69954649
882 3263 11.4333356 0.0114333356 3.69954649
882 3263 11.4333357 0.0114333357 3.69954649
882 3263 11.4333358 0.0114333358 3.69954649
882 3263 11.4333358 0.0114333358 3.69954649
881 3257 11.4116776 0.0114116776 3.6969353
881 3257 11.4115641 0.0114115641 3.6969353
881 3257 11.4115937 0.0114115937 3.6969353
881 3257 11.4117061 0.0114117061 3.6969353
881 3257 11.4116545 0.0114116545 3.6969353
881 3257 11.411593 0.011411593 3.6969353
881 3257 11.4117038 0.0114117038 3.6969353
881 3257 11.4116558 0.0114116558 3.6969353
881 3257 11.4115934 0.0114115934 3.6969353
881 3257 11.4117038 0.0114117038 3.6969353
880 3250 11.3898001 0.0113898001 3.69318182
880 3250 11.3897581 0.0113897581 3.69318182
880 3250 11.3898231 0.0113898231 3.69318182
880 3250 11.389833 0.011389833 3.69318182
880 3250 11.3898314 0.0113898314 3.69318182
880 3250 11.3898324 0.0113898324 3.69318182
880 3250 11.3898327 0.0113898327 3.69318182
880 3250 11.3898327 0.0113898327 3.69318182
880 3250 11.3898327 0.0113898327 3.69318182
880 3250 11.3898327 0.0113898327 3.69318182
879 3245 11.3678477 0.0113678477 3.69169511
879 3242 11.3683216 0.0113683216 3.68828214
879 3244 11.3683986 0.0113683986 3.69055745
879 3243 11.3663453 0.0113663453 3.6894198
879 3245 11.3675331 0.0113675331 3.69169511
879 3242 11.370355 0.011370355 3.68828214
879 3241 11.3745789 0.0113745789 3.68714448
879 3241 11.3744139 0.0113744139 3.68714448
879 3241 11.3744126 0.0113744126 3.68714448
879 3241 11.3744142 0.0113744142 3.68714448
878 3235 11.3527272 0.0113527272 3.68451025
878 3233 11.3536237 0.0113536237 3.68223235
878 3233 11.353618 0.011353618 3.68223235
878 3233 11.3536168 0.0113536168 3.68223235
878 3233 11.3536098 0.0113536098 3.68223235
878 3233 11.3536096 0.0113536096 3.68223235
878 3233 11.3536094 0.0113536094 3.68223235
878 3233 11.3536093 0.0113536093 3.68223235
878 3233 11.3536093 0.0113536093 3.68223235
878 3233 11.3536093 0.0113536093 3.68223235
877 3227 11.3319021 0.0113319021 3.67958951
877 3227 11.3318375 0.0113318375 3.67958951
877 3226 11.3317637 0.0113317637 3.67844926
877 3227 11.33192 0.01133192 3.67958951
877 3227 11.3319914 0.0113319914 3.67958951
877 3227 11.3319415 0.0113319415 3.67958951
877 3227 11.3318846 0.0113318846 3.67958951
877 3227 11.3319796 0.0113319796 3.67958951
877 3227 11.3319389 0.0113319389 3.67958951
877 3227 11.3318843 0.0113318843 3.67958951
876 3222 11.3100835 0.0113100835 3.67808219
876 3222 11.3099602 0.0113099602 3.67808219
876 3220 11.3103566 0.0113103566 3.67579909
876 3220 11.3103848 0.0113103848 3.67579909
876 3220 11.3103889 0.0113103889 3.67579909
876 3220 11.310394 0.011310394 3.67579909
876 3220 11.3103932 0.0113103932 3.67579909
876 3220 11.3103929 0.0113103929 3.67579909
876 3220 11.310393 0.011310393 3.67579909
876 3220 11.310393 0.011310393 3.67579909
875 3215 11.2886644 0.0112886644 3.67428571
875 3210 11.285524 0.011285524 3.66857143
875 3215 11.2857461 0.0112857461 3.67428571
875 3209 11.2877401 0.0112877401 3.66742857
875 3209 11.2904413 0.0112904413 3.66742857
875 3211 11.2936011 0.0112936011 3.66971429
875 3208 11.2793506 0.0112793506 3.66628571
875 3207 11.2938349 0.0112938349 3.66514286
875 3208 11.2960318 0.0112960318 3.66628571
875 3210 11.2966328 0.0112966328 3.66857143
874 3203 11.2778375 0.0112778375 3.66475973
874 3200 11.2770721 0.0112770721 3.66132723
874 3201 11.2773648 0.0112773648 3.6624714
874 3202 11.2655842 0.0112655842 3.66361556
874 3200 11.2759916 0.0112759916 3.66132723
874 3202 11.274697 0.011274697 3.66361556
874 3199 11.2663507 0.0112663507 3.66018307
874 3201 11.2698119 0.0112698119 3.6624714
874 3197 11.2756209 0.0112756209 3.65789474
874 3196 11.2746487 0.0112746487 3.65675057
873 3193 11.2579334 0.0112579334 3.65750286
873 3193 11.2578995 0.0112578995 3.65750286
873 3193 11.257906 0.011257906 3.65750286
873 3193 11.2579073 0.0112579073 3.65750286
873 3193 11.2579094 0.0112579094 3.65750286
873 3193 11.2579079 0.0112579079 3.65750286
873 3193 11.2579083 0.0112579083 3.65750286
873 3193 11.2579083 0.0112579083 3.65750286
873 3193 11.2579084 0.0112579084 3.65750286
873 3193 11.2579084 0.0112579084 3.65750286
872 3186 11.2373127 0.0112373127 3.65366972
872 3187 11.2376249 0.0112376249 3.65481651
872 3186 11.2372727 0.0112372727 3.65366972
872 3187 11.2375865 0.0112375865 3.65481651
872 3187 11.2376261 0.0112376261 3.65481651
872 3187 11.2375023 0.0112375023 3.65481651
872 3187 11.2374882 0.0112374882 3.65481651
872 3187 11.2374898 0.0112374898 3.65481651
872 3187 11.2374887 0.0112374887 3.65481651
872 3187 11.2374861 0.0112374861 3.65481651
871 3180 11.2170758 0.0112170758 3.65097589
871 3180 11.2170661 0.0112170661 3.65097589
871 3180 11.2171364 0.0112171364 3.65097589
871 3180 11.2172711 0.0112172711 3.65097589
871 3180 11.2170949 0.0112170949 3.65097589
871 3180 11.217079 0.011217079 3.65097589
871 3180 11.2172373 0.0112172373 3.65097589
871 3180 11.217324 0.011217324 3.65097589
871 3180 11.2170966 0.0112170966 3.65097589
871 3180 11.217074 0.011217074 3.65097589
870 3175 11.1964669 0.0111964669 3.64942529
870 3172 11.193892 0.011193892 3.64597701
870 3174 11.1991456 0.0111991456 3.64827586
870 3171 11.2025637 0.0112025637 3.64482759
870 3171 11.2025268 0.0112025268 3.64482759
870 3171 11.2025444 0.0112025444 3.64482759
870 3171 11.2024998 0.0112024998 3.64482759
870 3171 11.2025419 0.0112025419 3.64482759
870 3172 11.195375 0.011195375 3.64597701
870 3169 11.199263 0.011199263 3.64252874
869 3163 11.1827844 0.0111827844 3.63981588
869 3163 11.1826095 0.0111826095 3.63981588
869 3163 11.1827031 0.0111827031 3.63981588
869 3163 11.1826931 0.0111826931 3.63981588
869 3163 11.1827026 0.0111827026 3.63981588
869 3163 11.1826989 0.0111826989 3.63981588
869 3163 11.1826989 0.0111826989 3.63981588
869 3163 11.1826976 0.0111826976 3.63981588
869 3163 11.1826995 0.0111826995 3.63981588
869 3163 11.1826975 0.0111826975 3.63981588
868 3158 11.162541 0.011162541 3.63824885
868 3157 11.1608235 0.0111608235 3.63709677
868 3158 11.1650675 0.0111650675 3.63824885
868 3161 11.1658034 0.0111658034 3.64170507
868 3161 11.1682318 0.0111682318 3.64170507
868 3164 11.1566512 0.0111566512 3.64516129
868 3163 11.1720008 0.0111720008 3.64400922
868 3161 11.1742437 0.0111742437 3.64170507
868 3165 11.1706459 0.0111706459 3.64631336
868 3166 11.1762787 0.0111762787 3.64746544
867 3157 11.1590939 0.0111590939 3.64129181
867 3157 11.1607938 0.0111607938 3.64129181
867 3157 11.1547547 0.0111547547 3.64129181
867 3153 11.1534081 0.0111534081 3.6366782
867 3158 11.145 0.011145 3.64244521
867 3159 11.1549318 0.0111549318 3.64359862
867 3162 11.1508436 0.0111508436 3.64705882
867 3155 11.1631081 0.0111631081 3.63898501
867 3155 11.1632159 0.0111632159 3.63898501
867 3155 11.1632 0.0111632 3.63898501
866 3147 11.1439299 0.0111439299 3.63394919
866 3147 11.1439383 0.0111439383 3.63394919
866 3147 11.1438976 0.0111438976 3.63394919
866 3147 11.1439197 0.0111439197 3.63394919
866 3147 11.1439021 0.0111439021 3.63394919
866 3147 11.1439221 0.0111439221 3.63394919
866 3147 11.1439038 0.0111439038 3.63394919
866 3147 11.1439222 0.0111439222 3.63394919
866 3147 11.1439039 0.0111439039 3.63394919
866 3147 11.1439222 0.0111439222 3.63394919
865 3140 11.1238805 0.0111238805 3.6300578
865 3138 11.1240235 0.0111240235 3.62774566
865 3138 11.1238864 0.0111238864 3.62774566
865 3138 11.1238837 0.0111238837 3.62774566
865 3138 11.1238917 0.0111238917 3.62774566
865 3138 11.1238887 0.0111238887 3.62774566
865 3138 11.1238878 0.0111238878 3.62774566
865 3138 11.1238869 0.0111238869 3.62774566
865 3138 11.1238872 0.0111238872 3.62774566
865 3138 11.1238873 0.0111238873 3.62774566
864 3131 11.1040142 0.0111040142 3.62384259
864 3129 11.1037688 0.0111037688 3.62152778
864 3132 11.1032643 0.0111032643 3.625
864 3131 11.105312 0.011105312 3.62384259
864 3131 11.121449 0.011121449 3.62384259
864 3129 11.1244561 0.0111244561 3.62152778
864 3129 11.1244717 0.0111244717 3.62152778
864 3126 11.115426 0.011115426 3.61805556
864 3128 11.1063199 0.0111063199 3.62037037
864 3129 11.1245067 0.0111245067 3.62152778
863 3122 11.1055497 0.0111055497 3.61761298
863 3122 11.1055992 0.0111055992 3.61761298
863 3122 11.1056197 0.0111056197 3.61761298
863 3122 11.1056075 0.0111056075 3.61761298
863 3122 11.1056049 0.0111056049 3.61761298
863 3122 11.1056052 0.0111056052 3.61761298
863 3122 11.1056055 0.0111056055 3.61761298
863 3122 11.1056055 0.0111056055 3.61761298
863 3122 11.1056055 0.0111056055 3.61761298
863 3122 11.1056055 0.0111056055 3.61761298
862 3114 11.0862283 0.0110862283 3.612529
862 3114 11.0860759 0.0110860759 3.612529
862 3114 11.0859217 0.0110859217 3.612529
862 3116 11.0862366 0.0110862366 3.61484919
862 3116 11.086179 0.011086179 3.61484919
862 3116 11.0862519 0.0110862519 3.61484919
862 3116 11.0862775 0.0110862775 3.61484919
862 3116 11.0862228 0.0110862228 3.61484919
862 3116 11.0862472 0.0110862472 3.61484919
862 3116 11.0862726 0.0110862726 3.61484919
861 3108 11.0668265 0.0110668265 3.6097561
861 3108 11.0668134 0.0110668134 3.6097561
861 3108 11.0668127 0.0110668127 3.6097561
861 3108 11.066773 0.011066773 3.6097561
861 3108 11.0667701 0.0110667701 3.6097561
861 3108 11.0667703 0.0110667703 3.6097561
861 3108 11.0667702 0.0110667702 3.6097561
861 3108 11.06677 0.01106677 3.6097561
861 3108 11.06677 0.01106677 3.6097561
861 3108 11.06677 0.01106677 3.6097561
860 3100 11.0473462 0.0110473462 3.60465116
860 3100 11.0475914 0.0110475914 3.60465116
860 3100 11.0475498 0.0110475498 3.60465116
860 3100 11.0475422 0.0110475422 3.60465116
860 3100 11.0475433 0.0110475433 3.60465116
860 3100 11.0475436 0.0110475436 3.60465116
860 3100 11.0475434 0.0110475434 3.60465116
860 3100 11.0475434 0.0110475434 3.60465116
860 3100 11.0475434 0.0110475434 3.60465116
860 3100 11.0475434 0.0110475434 3.60465116
859 3095 11.0270515 0.0110270515 3.60302678
859 3093 11.0266677 0.0110266677 3.60069849
859 3096 11.0272445 0.0110272445 3.60419092
859 3095 11.0269011 0.0110269011 3.60302678
859 3096 11.0272532 0.0110272532 3.60419092
859 3096 11.027195 0.011027195 3.60419092
859 3096 11.0271675 0.0110271675 3.60419092
859 3096 11.0271695 0.0110271695 3.60419092
859 3096 11.0271692 0.0110271692 3.60419092
859 3096 11.0271687 0.0110271687 3.60419092
858 3088 11.0078531 0.0110078531 3.5990676
858 3088 11.0078785 0.0110078785 3.5990676
858 3088 11.0078157 0.0110078157 3.5990676
858 3090 11.0073157 0.0110073157 3.6013986
858 3088 11.0077837 0.0110077837 3.5990676
858 3088 11.0078248 0.0110078248 3.5990676
858 3088 11.0078396 0.0110078396 3.5990676
858 3088 11.0078302 0.0110078302 3.5990676
858 3088 11.0078269 0.0110078269 3.5990676
858 3088 11.0078273 0.0110078273 3.5990676
857 3082 10.9882153 0.0109882153 3.59626604
857 3082 10.9882345 0.0109882345 3.59626604
857 3082 10.98821 0.01098821 3.59626604
857 3082 10.9882298 0.0109882298 3.59626604
857 3082 10.9881914 0.0109881914 3.59626604
857 3082 10.9882351 0.0109882351 3.59626604
857 3082 10.9881926 0.0109881926 3.59626604
857 3082 10.9882345 0.0109882345 3.59626604
857 3082 10.9881923 0.0109881923 3.59626604
857 3082 10.9882346 0.0109882346 3.59626604
856 3076 10.9682696 0.0109682696 3.59345794
856 3076 10.9682834 0.0109682834 3.59345794
856 3076 10.9683158 0.0109683158 3.59345794
856 3076 10.9682629 0.0109682629 3.59345794
856 3076 10.9682451 0.0109682451 3.59345794
856 3076 10.9682368 0.0109682368 3.59345794
856 3076 10.9682357 0.0109682357 3.59345794
856 3076 10.9682356 0.0109682356 3.59345794
856 3076 10.9682369 0.0109682369 3.59345794
856 3076 10.9682373 0.0109682373 3.59345794
855 3070 10.9485064 0.0109485064 3.59064327
855 3070 10.9485944 0.0109485944 3.59064327
855 3070 10.9484952 0.0109484952 3.59064327
855 3070 10.9485969 0.0109485969 3.59064327
855 3070 10.9484944 0.0109484944 3.59064327
855 3070 10.948611 0.010948611 3.59064327
855 3070 10.9484967 0.0109484967 3.59064327
855 3070 10.9486116 0.0109486116 3.59064327
855 3070 10.9484963 0.0109484963 3.59064327
855 3070 10.9486117 0.0109486117 3.59064327
854 3063 10.9283094 0.0109283094 3.58665105
854 3065 10.9272323 0.0109272323 3.58899297
854 3063 10.9284011 0.0109284011 3.58665105
854 3063 10.9282282 0.0109282282 3.58665105
854 3062 10.9262615 0.0109262615 3.58548009
854 3062 10.9275152 0.0109275152 3.58548009
854 3062 10.9264661 0.0109264661 3.58548009
854 3063 10.9283916 0.0109283916 3.58665105
854 3063 10.9283711 0.0109283711 3.58665105
854 3063 10.9283013 0.0109283013 3.58665105
853 3056 10.9090839 0.0109090839 3.58264947
853 3056 10.9091133 0.0109091133 3.58264947
853 3056 10.9091102 0.0109091102 3.58264947
853 3056 10.9091099 0.0109091099 3.58264947
853 3056 10.9091077 0.0109091077 3.58264947
853 3056 10.9091068 0.0109091068 3.58264947
853 3056 10.9091068 0.0109091068 3.58264947
853 3056 10.9091068 0.0109091068 3.58264947
853 3056 10.9091068 0.0109091068 3.58264947
853 3056 10.9091068 0.0109091068 3.58264947
852 3051 10.8889746 0.0108889746 3.58098592
852 3051 10.8889161 0.0108889161 3.58098592
852 3051 10.8889345 0.0108889345 3.58098592
852 3051 10.8889372 0.0108889372 3.58098592
852 3051 10.8889402 0.0108889402 3.58098592
852 3051 10.8889416 0.0108889416 3.58098592
852 3051 10.8889422 0.0108889422 3.58098592
852 3051 10.8889422 0.0108889422 3.58098592
852 3051 10.8889422 0.0108889422 3.58098592
852 3051 10.8889422 0.0108889422 3.58098592
851 3042 10.8676961 0.0108676961 3.5746181
851 3043 10.8662475 0.0108662475 3.57579318
851 3039 10.8696903 0.0108696903 3.57109283
851 3039 10.8696788 0.0108696788 3.57109283
851 3039 10.8696821 0.0108696821 3.57109283
851 3039 10.8696802 0.0108696802 3.57109283
851 3039 10.8696793 0.0108696793 3.57109283
851 3039 10.8696789 0.0108696789 3.57109283
851 3039 10.8696789 0.0108696789 3.57109283
851 3039 10.8696789 0.0108696789 3.57109283
850 3034 10.8493594 0.0108493594 3.56941176
850 3034 10.8492052 0.0108492052 3.56941176
850 3034 10.8492282 0.0108492282 3.56941176
850 3034 10.8492091 0.0108492091 3.56941176
850 3034 10.8492094 0.0108492094 3.56941176
850 3034 10.8492102 0.0108492102 3.56941176
850 3034 10.8492101 0.0108492101 3.56941176
850 3034 10.8492101 0.0108492101 3.56941176
850 3034 10.8492101 0.0108492101 3.56941176
850 3034 10.8492101 0.0108492101 3.56941176
849 3028 10.8273918 0.0108273918 3.56654888
849 3022 10.8215193 0.0108215193 3.55948174
849 3028 10.8273556 0.0108273556 3.56654888
849 3028 10.8274149 0.0108274149 3.56654888
849 3028 10.8273758 0.0108273758 3.56654888
849 3028 10.8273872 0.0108273872 3.56654888
849 3028 10.8273865 0.0108273865 3.56654888
849 3028 10.8273862 0.0108273862 3.56654888
849 3028 10.8273863 0.0108273863 3.56654888
849 3028 10.8273862 0.0108273862 3.56654888
848 3016 10.8061574 0.0108061574 3.55660377
848 3016 10.8062193 0.0108062193 3.55660377
848 3016 10.8062064 0.0108062064 3.55660377
848 3016 10.8061651 0.0108061651 3.55660377
848 3016 10.8061733 0.0108061733 3.55660377
848 3016 10.806202 0.010806202 3.55660377
848 3016 10.8062017 0.0108062017 3.55660377
848 3016 10.8061976 0.0108061976 3.55660377
848 3016 10.8061976 0.0108061976 3.55660377
848 3016 10.8061976 0.0108061976 3.55660377
847 3005 10.7843476 0.0107843476 3.54781582
847 3005 10.7843454 0.0107843454 3.54781582
847 3009 10.7837004 0.0107837004 3.55253837
847 3005 10.7844174 0.0107844174 3.54781582
847 3005 10.7844155 0.0107844155 3.54781582
847 3005 10.7844193 0.0107844193 3.54781582
847 3005 10.7844212 0.0107844212 3.54781582
847 3005 10.7844207 0.0107844207 3.54781582
847 3005 10.7844206 0.0107844206 3.54781582
847 3005 10.7844206 0.0107844206 3.54781582
846 2998 10.7630859 0.0107630859 3.54373522
846 2998 10.7630944 0.0107630944 3.54373522
846 2998 10.7630317 0.0107630317 3.54373522
846 2998 10.7630837 0.0107630837 3.54373522
846 2998 10.7631313 0.0107631313 3.54373522
846 2998 10.7630629 0.0107630629 3.54373522
846 2998 10.7630891 0.0107630891 3.54373522
846 2998 10.7631289 0.0107631289 3.54373522
846 2998 10.763062 0.010763062 3.54373522
846 2998 10.7630912 0.0107630912 3.54373522
845 2993 10.7411062 0.0107411062 3.54201183
845 2990 10.7412171 0.0107412171 3.53846154
845 2993 10.7411471 0.0107411471 3.54201183
845 2990 10.7412402 0.0107412402 3.53846154
845 2990 10.741244 0.010741244 3.53846154
845 2990 10.7412091 0.0107412091 3.53846154
845 2990 10.7412108 0.0107412108 3.53846154
845 2990 10.7412107 0.0107412107 3.53846154
845 2990 10.7412113 0.0107412113 3.53846154
845 2990 10.7412112 0.0107412112 3.53846154
844 2985 10.7199066 0.0107199066 3.53672986
844 2985 10.7199335 0.0107199335 3.53672986
844 2983 10.7187389 0.0107187389 3.53436019
844 2986 10.7220223 0.0107220223 3.53791469
844 2989 10.7233331 0.0107233331 3.54146919
844 2989 10.723254 0.010723254 3.54146919
844 2989 10.7202056 0.0107202056 3.54146919
844 2994 10.7221387 0.0107221387 3.54739336
844 2989 10.7233442 0.0107233442 3.54146919
844 2989 10.7232941 0.0107232941 3.54146919
843 2982 10.7025391 0.0107025391 3.53736655
843 2982 10.7025551 0.0107025551 3.53736655
843 2982 10.7025458 0.0107025458 3.53736655
843 2982 10.7025276 0.0107025276 3.53736655
843 2982 10.702526 0.010702526 3.53736655
843 2982 10.702526 0.010702526 3.53736655
843 2982 10.7025261 0.0107025261 3.53736655
843 2982 10.7025261 0.0107025261 3.53736655
843 2982 10.7025261 0.0107025261 3.53736655
843 2982 10.7025261 0.0107025261 3.53736655
842 2977 10.681269 0.010681269 3.53562945
842 2977 10.6812669 0.0106812669 3.53562945
842 2974 10.680942 0.010680942 3.53206651
842 2976 10.6802062 0.0106802062 3.53444181
842 2974 10.6810001 0.0106810001 3.53206651
842 2977 10.6813467 0.0106813467 3.53562945
842 2977 10.6812426 0.0106812426 3.53562945
842 2977 10.6812209 0.0106812209 3.53562945
842 2977 10.6812148 0.0106812148 3.53562945
842 2977 10.6812138 0.0106812138 3.53562945
841 2969 10.6601421 0.0106601421 3.53032105
841 2969 10.660237 0.010660237 3.53032105
841 2969 10.6601985 0.0106601985 3.53032105
841 2969 10.6601804 0.0106601804 3.53032105
841 2969 10.6601843 0.0106601843 3.53032105
841 2969 10.660185 0.010660185 3.53032105
841 2969 10.660185 0.010660185 3.53032105
841 2969 10.660185 0.010660185 3.53032105
841 2969 10.660185 0.010660185 3.53032105
841 2969 10.660185 0.010660185 3.53032105
840 2960 10.6396525 0.0106396525 3.52380952
839 2956 10.6358167 0.0106358167 3.52324195
839 2958 10.649659 0.010649659 3.52562574
839 2959 10.6654792 0.0106654792 3.52681764
839 2964 10.6633476 0.0106633476 3.53277712
839 2958 10.6653483 0.0106653483 3.52562574
839 2958 10.6653613 0.0106653613 3.52562574
839 2958 10.6652607 0.0106652607 3.52562574
839 2958 10.6652378 0.0106652378 3.52562574
839 2958 10.6653446 0.0106653446 3.52562574
838 2953 10.644642 0.010644642 3.52386635
838 2953 10.6446325 0.0106446325 3.52386635
838 2953 10.6446476 0.0106446476 3.52386635
838 2953 10.6446768 0.0106446768 3.52386635
838 2953 10.6446423 0.0106446423 3.52386635
838 2953 10.644657 0.010644657 3.52386635
838 2953 10.6446363 0.0106446363 3.52386635
838 2953 10.6446609 0.0106446609 3.52386635
838 2953 10.6446359 0.0106446359 3.52386635
838 2953 10.6446613 0.0106446613 3.52386635
837 2943 10.6237068 0.0106237068 3.51612903
837 2948 10.6226201 0.0106226201 3.52210275
837 2943 10.6238826 0.0106238826 3.51612903
837 2943 10.6238829 0.0106238829 3.51612903
837 2943 10.6238441 0.0106238441 3.51612903
837 2943 10.6238354 0.0106238354 3.51612903
837 2943 10.6238313 0.0106238313 3.51612903
837 2943 10.6238304 0.0106238304 3.51612903
837 2943 10.6238303 0.0106238303 3.51612903
837 2943 10.6238303 0.0106238303 3.51612903
836 2935 10.6027587 0.0106027587 3.51076555
836 2935 10.602833 0.010602833 3.51076555
836 2938 10.6021415 0.0106021415 3.51435407
836 2935 10.6029488 0.0106029488 3.51076555
836 2935 10.6027803 0.0106027803 3.51076555
836 2935 10.6028114 0.0106028114 3.51076555
836 2935 10.6027343 0.0106027343 3.51076555
836 2935 10.6028193 0.0106028193 3.51076555
836 2935 10.6028272 0.0106028272 3.51076555
836 2935 10.6027305 0.0106027305 3.51076555
835 2930 10.5816408 0.0105816408 3.50898204
835 2930 10.5816314 0.0105816314 3.50898204
835 2930 10.5817111 0.0105817111 3.50898204
835 2930 10.5817134 0.0105817134 3.50898204
835 2930 10.5817048 0.0105817048 3.50898204
835 2930 10.5817044 0.0105817044 3.50898204
835 2930 10.581704 0.010581704 3.50898204
835 2930 10.5817042 0.0105817042 3.50898204
835 2930 10.5817042 0.0105817042 3.50898204
835 2930 10.5817042 0.0105817042 3.50898204
834 2925 10.5605291 0.0105605291 3.50719424
834 2925 10.5604712 0.0105604712 3.50719424
834 2925 10.5604932 0.0105604932 3.50719424
834 2925 10.5604863 0.0105604863 3.50719424
834 2925 10.5604863 0.0105604863 3.50719424
834 2925 10.5604866 0.0105604866 3.50719424
834 2925 10.5604867 0.0105604867 3.50719424
834 2925 10.5604867 0.0105604867 3.50719424
834 2925 10.5604867 0.0105604867 3.50719424
834 2925 10.5604867 0.0105604867 3.50719424
833 2921 10.5383986 0.0105383986 3.50660264
833 2912 10.5302513 0.0105302513 3.49579832
833 2921 10.5385413 0.0105385413 3.50660264
833 2921 10.5384555 0.0105384555 3.50660264
833 2921 10.5383938 0.0105383938 3.50660264
833 2921 10.5384484 0.0105384484 3.50660264
833 2921 10.5384857 0.0105384857 3.50660264
833 2921 10.5384715 0.0105384715 3.50660264
833 2921 10.5384721 0.0105384721 3.50660264
833 2921 10.5384675 0.0105384675 3.50660264
832 2908 10.5164173 0.0105164173 3.49519231
832 2908 10.5163706 0.0105163706 3.49519231
832 2908 10.5165578 0.0105165578 3.49519231
832 2908 10.516427 0.010516427 3.49519231
832 2908 10.5164665 0.0105164665 3.49519231
832 2908 10.5164509 0.0105164509 3.49519231
832 2908 10.5164539 0.0105164539 3.49519231
832 2908 10.5164528 0.0105164528 3.49519231
832 2908 10.5164526 0.0105164526 3.49519231
832 2908 10.5164527 0.0105164527 3.49519231
831 2895 10.4949334 0.0104949334 3.48375451
831 2895 10.4947845 0.0104947845 3.48375451
831 2895 10.4948342 0.0104948342 3.48375451
831 2895 10.4947844 0.0104947844 3.48375451
831 2895 10.4948377 0.0104948377 3.48375451
831 2895 10.4948966 0.0104948966 3.48375451
831 2895 10.4948212 0.0104948212 3.48375451
831 2895 10.4948496 0.0104948496 3.48375451
831 2895 10.4947853 0.0104947853 3.48375451
831 2895 10.4948381 0.0104948381 3.48375451
830 2888 10.4721008 0.0104721008 3.47951807
830 2888 10.4720801 0.0104720801 3.47951807
830 2888 10.4720228 0.0104720228 3.47951807
830 2888 10.4719664 0.0104719664 3.47951807
830 2888 10.4720207 0.0104720207 3.47951807
830 2888 10.4719656 0.0104719656 3.47951807
830 2888 10.4720198 0.0104720198 3.47951807
830 2888 10.4719656 0.0104719656 3.47951807
830 2888 10.4720197 0.0104720197 3.47951807
830 2888 10.4719656 0.0104719656 3.47951807
829 2883 10.4488305 0.0104488305 3.47768396
829 2882 10.4422216 0.0104422216 3.47647768
829 2884 10.4555124 0.0104555124 3.47889023
829 2884 10.4553875 0.0104553875 3.47889023
829 2884 10.4553763 0.0104553763 3.47889023
829 2884 10.4553795 0.0104553795 3.47889023
829 2884 10.4553783 0.0104553783 3.47889023
829 2884 10.4553774 0.0104553774 3.47889023
829 2884 10.4553777 0.0104553777 3.47889023
829 2884 10.4553778 0.0104553778 3.47889023
828 2881 10.4333061 0.0104333061 3.4794686
828 2881 10.4334239 0.0104334239 3.4794686
828 2881 10.4334541 0.0104334541 3.4794686
828 2881 10.4334459 0.0104334459 3.4794686
828 2881 10.4334472 0.0104334472 3.4794686
828 2881 10.4334474 0.0104334474 3.4794686
828 2881 10.4334475 0.0104334475 3.4794686
828 2881 10.4334476 0.0104334476 3.4794686
828 2881 10.4334476 0.0104334476 3.4794686
828 2881 10.4334476 0.0104334476 3.4794686
827 2874 10.4103661 0.0104103661 3.47521161
827 2874 10.4103058 0.0104103058 3.47521161
827 2874 10.4103275 0.0104103275 3.47521161
827 2874 10.4103322 0.0104103322 3.47521161
827 2874 10.4103335 0.0104103335 3.47521161
827 2874 10.4103338 0.0104103338 3.47521161
827 2874 10.4103337 0.0104103337 3.47521161
827 2874 10.4103337 0.0104103337 3.47521161
827 2874 10.4103337 0.0104103337 3.47521161
827 2874 10.4103337 0.0104103337 3.47521161
826 2866 10.3873988 0.0103873988 3.46973366
825 2858 10.3764011 0.0103764011 3.46424242
825 2858 10.3765353 0.0103765353 3.46424242
825 2858 10.3763823 0.0103763823 3.46424242
825 2858 10.3763958 0.0103763958 3.46424242
825 2858 10.3764028 0.0103764028 3.46424242
825 2858 10.3764071 0.0103764071 3.46424242
825 2858 10.3764072 0.0103764072 3.46424242
825 2858 10.3764075 0.0103764075 3.46424242
825 2858 10.3764073 0.0103764073 3.46424242
824 2849 10.3532616 0.0103532616 3.45752427
824 2855 10.3529385 0.0103529385 3.46480583
824 2849 10.3532719 0.0103532719 3.45752427
824 2853 10.35311 0.01035311 3.46237864
824 2855 10.3529104 0.0103529104 3.46480583
824 2855 10.3528535 0.0103528535 3.46480583
824 2853 10.3531244 0.0103531244 3.46237864
824 2849 10.3532412 0.0103532412 3.45752427
824 2849 10.3532147 0.0103532147 3.45752427
824 2849 10.3532024 0.0103532024 3.45752427
823 2846 10.3305336 0.0103305336 3.45808019
823 2846 10.3305937 0.0103305937 3.45808019
823 2846 10.3306324 0.0103306324 3.45808019
823 2846 10.3306427 0.0103306427 3.45808019
823 2846 10.330639 0.010330639 3.45808019
823 2846 10.3306376 0.0103306376 3.45808019
823 2846 10.3306377 0.0103306377 3.45808019
823 2846 10.3306378 0.0103306378 3.45808019
823 2846 10.3306378 0.0103306378 3.45808019
823 2846 10.3306378 0.0103306378 3.45808019
822 2839 10.3073877 0.0103073877 3.45377129
822 2842 10.3045592 0.0103045592 3.45742092
822 2838 10.3150415 0.0103150415 3.45255474
822 2842 10.3158761 0.0103158761 3.45742092
822 2842 10.3159171 0.0103159171 3.45742092
822 2842 10.3159224 0.0103159224 3.45742092
822 2842 10.3159193 0.0103159193 3.45742092
822 2842 10.3159184 0.0103159184 3.45742092
822 2842 10.315918 0.010315918 3.45742092
822 2842 10.3159177 0.0103159177 3.45742092
821 2835 10.2932512 0.0102932512 3.45310597
821 2835 10.2932547 0.0102932547 3.45310597
821 2835 10.2931738 0.0102931738 3.45310597
821 2835 10.293183 0.010293183 3.45310597
821 2835 10.2931901 0.0102931901 3.45310597
821 2835 10.29319 0.01029319 3.45310597
821 2835 10.2931908 0.0102931908 3.45310597
821 2835 10.2931908 0.0102931908 3.45310597
821 2835 10.2931907 0.0102931907 3.45310597
821 2835 10.2931907 0.0102931907 3.45310597
820 2827 10.2695401 0.0102695401 3.44756098
820 2827 10.2696791 0.0102696791 3.44756098
820 2825 10.2689096 0.0102689096 3.44512195
820 2825 10.2910687 0.0102910687 3.44512195
820 2824 10.3069309 0.0103069309 3.44390244
820 2830 10.3087958 0.0103087958 3.45121951
820 2830 10.3087275 0.0103087275 3.45121951
820 2830 10.3086857 0.0103086857 3.45121951
820 2830 10.3087044 0.0103087044 3.45121951
820 2830 10.3087057 0.0103087057 3.45121951
819 2821 10.2869006 0.0102869006 3.44444444
819 2821 10.2868876 0.0102868876 3.44444444
819 2821 10.2869057 0.0102869057 3.44444444
819 2821 10.2868973 0.0102868973 3.44444444
819 2821 10.2868985 0.0102868985 3.44444444
819 2821 10.2868983 0.0102868983 3.44444444
819 2821 10.2868981 0.0102868981 3.44444444
819 2821 10.2868981 0.0102868981 3.44444444
819 2821 10.2868981 0.0102868981 3.44444444
819 2821 10.2868981 0.0102868981 3.44444444
818 2814 10.2648314 0.0102648314 3.4400978
818 2814 10.2648362 0.0102648362 3.4400978
818 2814 10.2647575 0.0102647575 3.4400978
818 2814 10.2647658 0.0102647658 3.4400978
818 2814 10.2647727 0.0102647727 3.4400978
818 2814 10.2647727 0.0102647727 3.4400978
818 2814 10.2647734 0.0102647734 3.4400978
818 2814 10.2647734 0.0102647734 3.4400978
818 2814 10.2647733 0.0102647733 3.4400978
818 2814 10.2647733 0.0102647733 3.4400978
817 2806 10.2414088 0.0102414088 3.43451652
817 2806 10.241439 0.010241439 3.43451652
817 2806 10.2414068 0.0102414068 3.43451652
817 2806 10.2414155 0.0102414155 3.43451652
817 2806 10.2414157 0.0102414157 3.43451652
817 2806 10.2414159 0.0102414159 3.43451652
817 2806 10.2414158 0.0102414158 3.43451652
817 2806 10.2414158 0.0102414158 3.43451652
817 2806 10.2414158 0.0102414158 3.43451652
817 2806 10.2414158 0.0102414158 3.43451652
816 2803 10.2176912 0.0102176912 3.43504902
816 2796 10.2164603 0.0102164603 3.42647059
816 2801 10.2180293 0.0102180293 3.43259804
816 2806 10.2118799 0.0102118799 3.43872549
816 2801 10.2180738 0.0102180738 3.43259804
816 2801 10.2181421 0.0102181421 3.43259804
816 2801 10.218088 0.010218088 3.43259804
816 2801 10.2180936 0.0102180936 3.43259804
816 2801 10.2180956 0.0102180956 3.43259804
816 2801 10.218095 0.010218095 3.43259804
815 2796 10.1958135 0.0101958135 3.43067485
815 2796 10.1956787 0.0101956787 3.43067485
815 2796 10.1956469 0.0101956469 3.43067485
815 2796 10.1956782 0.0101956782 3.43067485
815 2796 10.1956805 0.0101956805 3.43067485
815 2796 10.1956801 0.0101956801 3.43067485
815 2796 10.1956802 0.0101956802 3.43067485
815 2796 10.1956801 0.0101956801 3.43067485
815 2796 10.1956801 0.0101956801 3.43067485
815 2796 10.1956801 0.0101956801 3.43067485
814 2788 10.1731159 0.0101731159 3.42506143
814 2788 10.1732598 0.0101732598 3.42506143
814 2788 10.173295 0.010173295 3.42506143
814 2788 10.1732887 0.0101732887 3.42506143
814 2788 10.173289 0.010173289 3.42506143
814 2788 10.1732897 0.0101732897 3.42506143
814 2788 10.1732897 0.0101732897 3.42506143
814 2788 10.1732897 0.0101732897 3.42506143
814 2788 10.1732897 0.0101732897 3.42506143
814 2788 10.1732897 0.0101732897 3.42506143
813 2780 10.1496569 0.0101496569 3.41943419
813 2786 10.1496766 0.0101496766 3.42681427
813 2780 10.1495689 0.0101495689 3.41943419
813 2780 10.1494509 0.0101494509 3.41943419
813 2780 10.1494574 0.0101494574 3.41943419
813 2780 10.1494594 0.0101494594 3.41943419
813 2780 10.1494592 0.0101494592 3.41943419
813 2780 10.1494591 0.0101494591 3.41943419
813 2780 10.1494591 0.0101494591 3.41943419
813 2780 10.1494591 0.0101494591 3.41943419
812 2778 10.1266661 0.0101266661 3.42118227
812 2778 10.12669 0.01012669 3.42118227
812 2778 10.1267151 0.0101267151 3.42118227
812 2778 10.1267116 0.0101267116 3.42118227
812 2778 10.1267125 0.0101267125 3.42118227
812 2778 10.1267125 0.0101267125 3.42118227
812 2778 10.1267124 0.0101267124 3.42118227
812 2778 10.1267124 0.0101267124 3.42118227
812 2778 10.1267124 0.0101267124 3.42118227
812 2778 10.1267124 0.0101267124 3.42118227
811 2767 10.1022363 0.0101022363 3.41183724
811 2767 10.1020853 0.0101020853 3.41183724
811 2767 10.1020604 0.0101020604 3.41183724
811 2767 10.1020552 0.0101020552 3.41183724
811 2767 10.1020594 0.0101020594 3.41183724
811 2767 10.1020596 0.0101020596 3.41183724
811 2767 10.1020596 0.0101020596 3.41183724
811 2767 10.1020596 0.0101020596 3.41183724
811 2767 10.1020596 0.0101020596 3.41183724
811 2767 10.1020596 0.0101020596 3.41183724
810 2763 10.0767984 0.0100767984 3.41111111
810 2762 10.0665571 0.0100665571 3.40987654
810 2769 10.0772542 0.0100772542 3.41851852
810 2769 10.0772319 0.0100772319 3.41851852
810 2769 10.07725 0.01007725 3.41851852
810 2769 10.0772485 0.0100772485 3.41851852
810 2769 10.0772493 0.0100772493 3.41851852
810 2769 10.0772492 0.0100772492 3.41851852
810 2769 10.0772492 0.0100772492 3.41851852
810 2769 10.0772492 0.0100772492 3.41851852
809 2758 10.0538143 0.0100538143 3.4091471
809 2758 10.0538167 0.0100538167 3.4091471
809 2758 10.0538373 0.0100538373 3.4091471
809 2758 10.053838 0.010053838 3.4091471
809 2758 10.0538387 0.0100538387 3.4091471
809 2758 10.0538385 0.0100538385 3.4091471
809 2758 10.0538385 0.0100538385 3.4091471
809 2758 10.0538385 0.0100538385 3.4091471
809 2758 10.0538385 0.0100538385 3.4091471
809 2758 10.0538385 0.0100538385 3.4091471
808 2752 10.0284212 0.0100284212 3.40594059
808 2753 10.0275045 0.0100275045 3.40717822
808 2752 10.0283206 0.0100283206 3.40594059
808 2752 10.0282576 0.0100282576 3.40594059
808 2752 10.0282415 0.0100282415 3.40594059
808 2752 10.0282454 0.0100282454 3.40594059
808 2752 10.0282428 0.0100282428 3.40594059
808 2752 10.0282428 0.0100282428 3.40594059
808 2752 10.0282429 0.0100282429 3.40594059
808 2752 10.0282429 0.0100282429 3.40594059
807 2747 10.0031285 0.0100031285 3.4039653
807 2747 10.003123 0.010003123 3.4039653
807 2747 10.0032284 0.0100032284 3.4039653
807 2747 10.003133 0.010003133 3.4039653
807 2747 10.0033288 0.0100033288 3.4039653
807 2747 10.0032849 0.0100032849 3.4039653
807 2747 10.0031536 0.0100031536 3.4039653
807 2747 10.0033317 0.0100033317 3.4039653
807 2747 10.003286 0.010003286 3.4039653
807 2747 10.003155 0.010003155 3.4039653
806 2739 9.97762182 0.00997762182 3.39826303
806 2741 9.97009215 0.00997009215 3.40074442
806 2738 9.9905945 0.0099905945 3.39702233
806 2738 9.99051017 0.00999051017 3.39702233
806 2738 9.9904982 0.0099904982 3.39702233
806 2738 9.99050295 0.00999050295 3.39702233
806 2738 9.99050274 0.00999050274 3.39702233
806 2738 9.99050328 0.00999050328 3.39702233
806 2738 9.9905034 0.0099905034 3.39702233
806 2738 9.99050347 0.00999050347 3.39702233
805 2733 9.96584448 0.00996584448 3.39503106
805 2733 9.96603523 0.00996603523 3.39503106
805 2733 9.96604096 0.00996604096 3.39503106
805 2733 9.96604628 0.00996604628 3.39503106
805 2733 9.96604597 0.00996604597 3.39503106
805 2733 9.96604649 0.00996604649 3.39503106
805 2733 9.96604659 0.00996604659 3.39503106
805 2733 9.96604668 0.00996604668 3.39503106
805 2733 9.96604672 0.00996604672 3.39503106
805 2733 9.96604673 0.00996604673 3.39503106
804 2729 9.9409747 0.0099409747 3.39427861
803 2722 9.91674314 0.00991674314 3.38978829
803 2722 9.91677902 0.00991677902 3.38978829
803 2722 9.91669436 0.00991669436 3.38978829
803 2722 9.91669899 0.00991669899 3.38978829
803 2722 9.91669934 0.00991669934 3.38978829
803 2722 9.91669907 0.00991669907 3.38978829
803 2722 9.91669907 0.00991669907 3.38978829
803 2722 9.91669906 0.00991669906 3.38978829
803 2722 9.91669908 0.00991669908 3.38978829
802 2716 9.89126554 0.00989126554 3.38653367
802 2716 9.89125415 0.00989125415 3.38653367
802 2713 9.89067457 0.00989067457 3.38279302
802 2719 9.8860665 0.0098860665 3.39027431
802 2715 9.89141402 0.00989141402 3.38528678
802 2715 9.89444851 0.00989444851 3.38528678
802 2711 9.8923886 0.0098923886 3.38029925
802 2715 9.89803211 0.00989803211 3.38528678
802 2715 9.89800025 0.00989800025 3.38528678
802 2715 9.89799378 0.00989799378 3.38528678
801 2708 9.87411211 0.00987411211 3.38077403
801 2708 9.87420298 0.00987420298 3.38077403
801 2709 9.87379683 0.00987379683 3.38202247
801 2708 9.87420364 0.00987420364 3.38077403
801 2708 9.87419902 0.00987419902 3.38077403
801 2708 9.87421065 0.00987421065 3.38077403
801 2708 9.87421427 0.00987421427 3.38077403
801 2708 9.87421301 0.00987421301 3.38077403
801 2708 9.87421329 0.00987421329 3.38077403
801 2708 9.87421321 0.00987421321 3.38077403
800 2702 9.85055585 0.00985055585 3.3775
800 2702 9.85033126 0.00985033126 3.3775
800 2702 9.85037963 0.00985037963 3.3775
800 2702 9.85037316 0.00985037316 3.3775
800 2702 9.85037304 0.00985037304 3.3775
800 2702 9.85037188 0.00985037188 3.3775
800 2702 9.85037219 0.00985037219 3.3775
800 2702 9.85037239 0.00985037239 3.3775
800 2702 9.85037246 0.00985037246 3.3775
800 2702 9.85037249 0.00985037249 3.3775
799 2697 9.82565007 0.00982565007 3.37546934
799 2696 9.82505951 0.00982505951 3.37421777
799 2697 9.82581818 0.00982581818 3.37546934
799 2697 9.82585688 0.00982585688 3.37546934
799 2697 9.8258611 0.0098258611 3.37546934
799 2697 9.8257166 0.0098257166 3.37546934
799 2697 9.82579501 0.00982579501 3.37546934
799 2697 9.82584084 0.00982584084 3.37546934
799 2697 9.82572386 0.00982572386 3.37546934
799 2697 9.82579412 0.00982579412 3.37546934
798 2691 9.80062779 0.00980062779 3.37218045
798 2691 9.80097033 0.00980097033 3.37218045
798 2691 9.80086695 0.00980086695 3.37218045
798 2691 9.80091038 0.00980091038 3.37218045
798 2691 9.80090932 0.00980090932 3.37218045
798 2691 9.80090905 0.00980090905 3.37218045
798 2691 9.80090805 0.00980090805 3.37218045
798 2691 9.8009077 0.0098009077 3.37218045
798 2691 9.80090765 0.00980090765 3.37218045
798 2691 9.80090762 0.00980090762 3.37218045
797 2685 9.77639975 0.00977639975 3.36888331
797 2685 9.77632059 0.00977632059 3.36888331
797 2685 9.77621318 0.00977621318 3.36888331
797 2685 9.77623057 0.00977623057 3.36888331
797 2685 9.77623998 0.00977623998 3.36888331
797 2685 9.77623997 0.00977623997 3.36888331
797 2685 9.7762404 0.0097762404 3.36888331
797 2685 9.77624044 0.00977624044 3.36888331
797 2685 9.77624053 0.00977624053 3.36888331
797 2685 9.77624065 0.00977624065 3.36888331
796 2676 9.75059858 0.00975059858 3.36180905
796 2679 9.75078789 0.00975078789 3.36557789
795 2674 9.73789421 0.00973789421 3.36352201
795 2675 9.7376139 0.0097376139 3.36477987
795 2671 9.74070594 0.00974070594 3.35974843
795 2674 9.74564995 0.00974564995 3.36352201
795 2675 9.74599003 0.00974599003 3.36477987
795 2679 9.74834737 0.00974834737 3.36981132
794 2671 9.72558895 0.00972558895 3.36397985
794 2671 9.72556943 0.00972556943 3.36397985
793 2665 9.70253462 0.00970253462 3.36065574
793 2665 9.70248911 0.00970248911 3.36065574
793 2664 9.70128172 0.00970128172 3.3593947
793 2662 9.69927006 0.00969927006 3.35687264
793 2665 9.70249764 0.00970249764 3.36065574
793 2665 9.70252421 0.00970252421 3.36065574
793 2665 9.70253458 0.00970253458 3.36065574
793 2665 9.70253365 0.00970253365 3.36065574
793 2665 9.70253342 0.00970253342 3.36065574
793 2665 9.70253337 0.00970253337 3.36065574
792 2657 9.67948531 0.00967948531 3.35479798
792 2657 9.6795529 0.0096795529 3.35479798
792 2657 9.6795999 0.0096795999 3.35479798
792 2657 9.67961114 0.00967961114 3.35479798
792 2657 9.67961547 0.00967961547 3.35479798
792 2657 9.67962092 0.00967962092 3.35479798
792 2657 9.67961947 0.00967961947 3.35479798
792 2657 9.67961884 0.00967961884 3.35479798
792 2657 9.67961882 0.00967961882 3.35479798
792 2657 9.67961893 0.00967961893 3.35479798
791 2651 9.65604943 0.00965604943 3.35145386
791 2651 9.65586211 0.00965586211 3.35145386
791 2651 9.65600309 0.00965600309 3.35145386
791 2651 9.655867 0.009655867 3.35145386
791 2651 9.65586855 0.00965586855 3.35145386
791 2651 9.65590208 0.00965590208 3.35145386
791 2651 9.65590279 0.00965590279 3.35145386
791 2651 9.65590574 0.00965590574 3.35145386
791 2651 9.6559055 0.0096559055 3.35145386
791 2651 9.65590549 0.00965590549 3.35145386
790 2645 9.63143935 0.00963143935 3.34810127
790 2640 9.63146021 0.00963146021 3.34177215
790 2640 9.63141068 0.00963141068 3.34177215
790 2640 9.63144628 0.00963144628 3.34177215
790 2640 9.63144656 0.00963144656 3.34177215
790 2640 9.63144622 0.00963144622 3.34177215
790 2640 9.63144513 0.00963144513 3.34177215
790 2640 9.63144495 0.00963144495 3.34177215
790 2640 9.63144493 0.00963144493 3.34177215
790 2640 9.63144494 0.00963144494 3.34177215
789 2634 9.60726153 0.00960726153 3.33840304
789 2634 9.60731645 0.00960731645 3.33840304
789 2627 9.60707269 0.00960707269 3.32953105
789 2634 9.60747879 0.00960747879 3.33840304
789 2634 9.60724165 0.00960724165 3.33840304
789 2634 9.60725792 0.00960725792 3.33840304
789 2634 9.60731508 0.00960731508 3.33840304
789 2632 9.6072034 0.0096072034 3.33586819
789 2632 9.60715003 0.00960715003 3.33586819
789 2632 9.60716973 0.00960716973 3.33586819
788 2621 9.58302909 0.00958302909 3.32614213
788 2621 9.58301985 0.00958301985 3.32614213
788 2621 9.58303889 0.00958303889 3.32614213
788 2621 9.58303997 0.00958303997 3.32614213
788 2621 9.58304074 0.00958304074 3.32614213
788 2621 9.58304072 0.00958304072 3.32614213
788 2621 9.58304082 0.00958304082 3.32614213
788 2621 9.58304081 0.00958304081 3.32614213
788 2621 9.58304082 0.00958304082 3.32614213
788 2621 9.58304082 0.00958304082 3.32614213
787 2614 9.5583185 0.0095583185 3.32147395
787 2617 9.55474954 0.00955474954 3.3252859
787 2621 9.572474 0.009572474 3.33036849
787 2623 9.57258707 0.00957258707 3.33290978
787 2623 9.57253628 0.00957253628 3.33290978
787 2623 9.57239168 0.00957239168 3.33290978
787 2621 9.57249263 0.00957249263 3.33036849
787 2621 9.57242709 0.00957242709 3.33036849
787 2616 9.57239338 0.00957239338 3.32401525
787 2616 9.57238802 0.00957238802 3.32401525
786 2610 9.5485165 0.0095485165 3.32061069
786 2610 9.54852096 0.00954852096 3.32061069
786 2610 9.5484144 0.0095484144 3.32061069
786 2610 9.54841437 0.00954841437 3.32061069
786 2610 9.5484177 0.0095484177 3.32061069
786 2610 9.54842023 0.00954842023 3.32061069
786 2610 9.54842151 0.00954842151 3.32061069
786 2610 9.5484216 0.0095484216 3.32061069
786 2610 9.54842173 0.00954842173 3.32061069
786 2610 9.54842182 0.00954842182 3.32061069
785 2602 9.5235838 0.0095235838 3.31464968
785 2606 9.52197614 0.00952197614 3.31974522
785 2605 9.52228651 0.00952228651 3.31847134
785 2600 9.53970172 0.00953970172 3.31210191
785 2607 9.55187193 0.00955187193 3.32101911
785 2611 9.55469541 0.00955469541 3.32611465
785 2611 9.55487158 0.00955487158 3.32611465
785 2611 9.55457067 0.00955457067 3.32611465
785 2611 9.55457014 0.00955457014 3.32611465
785 2611 9.55460939 0.00955460939 3.32611465
784 2605 9.52995715 0.00952995715 3.32270408
784 2600 9.52978732 0.00952978732 3.31632653
784 2605 9.53001487 0.00953001487 3.32270408
784 2605 9.5299695 0.0095299695 3.32270408
784 2599 9.53003763 0.00953003763 3.31505102
784 2605 9.53016539 0.00953016539 3.32270408
784 2605 9.52994499 0.00952994499 3.32270408
784 2605 9.52993986 0.00952993986 3.32270408
784 2605 9.5300084 0.0095300084 3.32270408
784 2599 9.53001982 0.00953001982 3.31505102
783 2593 9.50549641 0.00950549641 3.31162197
783 2593 9.50550302 0.00950550302 3.31162197
783 2593 9.50552711 0.00950552711 3.31162197
783 2593 9.50552714 0.00950552714 3.31162197
783 2593 9.50552719 0.00950552719 3.31162197
783 2593 9.50552729 0.00950552729 3.31162197
783 2593 9.50552729 0.00950552729 3.31162197
783 2593 9.50552729 0.00950552729 3.31162197
783 2593 9.50552729 0.00950552729 3.31162197
783 2593 9.50552729 0.00950552729 3.31162197
782 2582 9.48094351 0.00948094351 3.30179028
782 2582 9.48092978 0.00948092978 3.30179028
782 2582 9.480811 0.009480811 3.30179028
782 2583 9.48025648 0.00948025648 3.30306905
782 2590 9.4776834 0.0094776834 3.31202046
782 2586 9.49775248 0.00949775248 3.30690537
782 2594 9.4999891 0.0094999891 3.31713555
782 2593 9.49674265 0.00949674265 3.31585678
782 2594 9.49988703 0.00949988703 3.31713555
782 2594 9.49991185 0.00949991185 3.31713555
781 2587 9.47622079 0.00947622079 3.31241997
781 2587 9.47618453 0.00947618453 3.31241997
781 2587 9.47625585 0.00947625585 3.31241997
781 2587 9.47627099 0.00947627099 3.31241997
781 2587 9.47626678 0.00947626678 3.31241997
781 2587 9.47626507 0.00947626507 3.31241997
781 2587 9.47626521 0.00947626521 3.31241997
781 2587 9.47626544 0.00947626544 3.31241997
781 2587 9.47626554 0.00947626554 3.31241997
781 2587 9.47626557 0.00947626557 3.31241997
780 2583 9.45222459 0.00945222459 3.31153846
780 2581 9.43804785 0.00943804785 3.30897436
780 2584 9.45983112 0.00945983112 3.31282051
780 2584 9.45981512 0.00945981512 3.31282051
780 2584 9.45986124 0.00945986124 3.31282051
780 2584 9.4598381 0.0094598381 3.31282051
780 2584 9.45984424 0.00945984424 3.31282051
780 2584 9.45984389 0.00945984389 3.31282051
780 2584 9.45984189 0.00945984189 3.31282051
780 2584 9.45984242 0.00945984242 3.31282051
779 2577 9.43653172 0.00943653172 3.30808729
779 2577 9.43646834 0.00943646834 3.30808729
779 2577 9.43655948 0.00943655948 3.30808729
779 2577 9.43645253 0.00943645253 3.30808729
779 2577 9.43655787 0.00943655787 3.30808729
779 2577 9.43645945 0.00943645945 3.30808729
779 2577 9.43655898 0.00943655898 3.30808729
779 2577 9.43646061 0.00943646061 3.30808729
779 2577 9.43655927 0.00943655927 3.30808729
779 2577 9.43646072 0.00943646072 3.30808729
778 2571 9.41241545 0.00941241545 3.30462725
778 2571 9.412308 0.009412308 3.30462725
778 2570 9.41174066 0.00941174066 3.3033419
778 2575 9.39539456 0.00939539456 3.30976864
778 2575 9.41053592 0.00941053592 3.30976864
778 2572 9.41323269 0.00941323269 3.3059126
778 2572 9.41337138 0.00941337138 3.3059126
778 2572 9.41323674 0.00941323674 3.3059126
778 2572 9.4133579 0.0094133579 3.3059126
778 2572 9.4133545 0.0094133545 3.3059126
777 2560 9.38981221 0.00938981221 3.29472329
777 2560 9.38979042 0.00938979042 3.29472329
777 2565 9.38954033 0.00938954033 3.3011583
777 2561 9.38449662 0.00938449662 3.2960103
777 2559 9.38862309 0.00938862309 3.29343629
777 2558 9.385383 0.009385383 3.29214929
777 2560 9.38975792 0.00938975792 3.29472329
777 2560 9.38981883 0.00938981883 3.29472329
777 2560 9.38982343 0.00938982343 3.29472329
777 2560 9.38980012 0.00938980012 3.29472329
776 2553 9.36721257 0.00936721257 3.28994845
776 2553 9.36715761 0.00936715761 3.28994845
776 2553 9.36714193 0.00936714193 3.28994845
776 2553 9.36714411 0.00936714411 3.28994845
776 2553 9.36714394 0.00936714394 3.28994845
776 2553 9.36714388 0.00936714388 3.28994845
776 2553 9.36714388 0.00936714388 3.28994845
776 2553 9.36714388 0.00936714388 3.28994845
776 2553 9.36714388 0.00936714388 3.28994845
776 2553 9.36714388 0.00936714388 3.28994845
775 2549 9.34362068 0.00934362068 3.28903226
775 2549 9.34377683 0.00934377683 3.28903226
775 2549 9.34373627 0.00934373627 3.28903226
775 2549 9.34363778 0.00934363778 3.28903226
775 2549 9.34375985 0.00934375985 3.28903226
775 2549 9.34367433 0.00934367433 3.28903226
775 2549 9.34377237 0.00934377237 3.28903226
775 2549 9.34363795 0.00934363795 3.28903226
775 2549 9.34376528 0.00934376528 3.28903226
775 2549 9.34367392 0.00934367392 3.28903226
774 2543 9.31950541 0.00931950541 3.28552972
774 2538 9.31917878 0.00931917878 3.27906977
774 2538 9.31908021 0.00931908021 3.27906977
774 2538 9.3190882 0.0093190882 3.27906977
774 2538 9.31909163 0.00931909163 3.27906977
774 2538 9.31909224 0.00931909224 3.27906977
774 2538 9.31909239 0.00931909239 3.27906977
774 2538 9.31909233 0.00931909233 3.27906977
774 2538 9.31909239 0.00931909239 3.27906977
774 2538 9.31909242 0.00931909242 3.27906977
773 2532 9.29514537 0.00929514537 3.27554981
773 2532 9.29508452 0.00929508452 3.27554981
773 2532 9.29513404 0.00929513404 3.27554981
773 2532 9.29513301 0.00929513301 3.27554981
773 2532 9.29513427 0.00929513427 3.27554981
773 2532 9.29497176 0.00929497176 3.27554981
773 2532 9.29510908 0.00929510908 3.27554981
773 2532 9.29507496 0.00929507496 3.27554981
773 2532 9.2951376 0.0092951376 3.27554981
773 2532 9.29507676 0.00929507676 3.27554981
772 2527 9.26990923 0.00926990923 3.27331606
772 2526 9.2695185 0.0092695185 3.27202073
772 2526 9.26965467 0.00926965467 3.27202073
772 2527 9.26992148 0.00926992148 3.27331606
772 2527 9.27002047 0.00927002047 3.27331606
772 2527 9.26922618 0.00926922618 3.27331606
772 2532 9.26889634 0.00926889634 3.27979275
772 2527 9.26923122 0.00926923122 3.27331606
772 2527 9.26914365 0.00926914365 3.27331606
772 2527 9.26914976 0.00926914976 3.27331606
771 2521 9.24525127 0.00924525127 3.26977951
771 2521 9.24515794 0.00924515794 3.26977951
771 2521 9.24506168 0.00924506168 3.26977951
771 2521 9.24517704 0.00924517704 3.26977951
771 2521 9.24505314 0.00924505314 3.26977951
771 2521 9.24517654 0.00924517654 3.26977951
771 2521 9.24505259 0.00924505259 3.26977951
771 2521 9.2451767 0.0092451767 3.26977951
771 2521 9.24505277 0.00924505277 3.26977951
771 2521 9.24517672 0.00924517672 3.26977951
770 2515 9.21964318 0.00921964318 3.26623377
770 2515 9.21957695 0.00921957695 3.26623377
770 2515 9.21962161 0.00921962161 3.26623377
770 2514 9.22008421 0.00922008421 3.26493506
770 2514 9.21996964 0.00921996964 3.26493506
770 2514 9.21993741 0.00921993741 3.26493506
770 2514 9.21999023 0.00921999023 3.26493506
770 2514 9.21993694 0.00921993694 3.26493506
770 2514 9.2199894 0.0092199894 3.26493506
770 2514 9.21993685 0.00921993685 3.26493506
769 2506 9.19469647 0.00919469647 3.25877763
769 2508 9.19455526 0.00919455526 3.26137841
769 2508 9.19458717 0.00919458717 3.26137841
769 2508 9.19459384 0.00919459384 3.26137841
769 2508 9.19458928 0.00919458928 3.26137841
769 2508 9.19459998 0.00919459998 3.26137841
769 2508 9.19459174 0.00919459174 3.26137841
769 2508 9.19460087 0.00919460087 3.26137841
769 2508 9.19459213 0.00919459213 3.26137841
769 2508 9.19460105 0.00919460105 3.26137841
768 2501 9.16926662 0.00916926662 3.25651042
768 2500 9.16755206 0.00916755206 3.25520833
768 2499 9.16902694 0.00916902694 3.25390625
768 2500 9.17243102 0.00917243102 3.25520833
768 2500 9.17236053 0.00917236053 3.25520833
768 2500 9.17235071 0.00917235071 3.25520833
768 2500 9.17235346 0.00917235346 3.25520833
768 2500 9.1723534 0.0091723534 3.25520833
768 2500 9.17235336 0.00917235336 3.25520833
768 2500 9.17235327 0.00917235327 3.25520833
767 2493 9.14738597 0.00914738597 3.25032595
767 2493 9.14735863 0.00914735863 3.25032595
767 2493 9.14745554 0.00914745554 3.25032595
767 2493 9.1474898 0.0091474898 3.25032595
767 2493 9.14748908 0.00914748908 3.25032595
767 2493 9.14748988 0.00914748988 3.25032595
767 2493 9.1474898 0.0091474898 3.25032595
767 2493 9.1474898 0.0091474898 3.25032595
767 2493 9.1474898 0.0091474898 3.25032595
767 2493 9.1474898 0.0091474898 3.25032595
766 2489 9.12263563 0.00912263563 3.24934726
766 2490 9.1086375 0.0091086375 3.25065274
766 2493 9.13338269 0.00913338269 3.25456919
766 2498 9.14303483 0.00914303483 3.26109661
766 2498 9.14529467 0.00914529467 3.26109661
766 2499 9.14719468 0.00914719468 3.26240209
766 2498 9.14738929 0.00914738929 3.26109661
766 2502 9.15384379 0.00915384379 3.26631854
766 2505 9.1539103 0.0091539103 3.27023499
766 2500 9.1463806 0.0091463806 3.26370757
765 2498 9.13221555 0.00913221555 3.26535948
765 2501 9.12699351 0.00912699351 3.26928105
765 2501 9.12587005 0.00912587005 3.26928105
765 2498 9.13218363 0.00913218363 3.26535948
765 2498 9.13221471 0.00913221471 3.26535948
765 2498 9.13219567 0.00913219567 3.26535948
765 2498 9.13220057 0.00913220057 3.26535948
765 2498 9.13220132 0.00913220132 3.26535948
765 2498 9.13220112 0.00913220112 3.26535948
765 2498 9.13220114 0.00913220114 3.26535948
764 2493 9.10952459 0.00910952459 3.26308901
764 2495 9.10861896 0.00910861896 3.26570681
764 2498 9.10690761 0.00910690761 3.26963351
764 2505 9.12359368 0.00912359368 3.27879581
764 2505 9.12649589 0.00912649589 3.27879581
764 2503 9.13574447 0.00913574447 3.27617801
764 2504 9.13701397 0.00913701397 3.27748691
764 2503 9.13675329 0.00913675329 3.27617801
764 2506 9.13800687 0.00913800687 3.28010471
764 2506 9.13802871 0.00913802871 3.28010471
763 2498 9.1167645 0.0091167645 3.27391874
763 2488 9.11661362 0.00911661362 3.26081258
762 2486 9.0955327 0.0090955327 3.26246719
762 2486 9.09555913 0.00909555913 3.26246719
762 2486 9.09546522 0.00909546522 3.26246719
762 2486 9.09553613 0.00909553613 3.26246719
762 2486 9.09550645 0.00909550645 3.26246719
762 2486 9.09548677 0.00909548677 3.26246719
762 2486 9.09545197 0.00909545197 3.26246719
762 2486 9.09553676 0.00909553676 3.26246719
761 2480 9.07248576 0.00907248576 3.25886991
761 2480 9.07243201 0.00907243201 3.25886991
761 2479 9.07251995 0.00907251995 3.25755585
761 2479 9.07253528 0.00907253528 3.25755585
761 2479 9.07248752 0.00907248752 3.25755585
761 2479 9.07252647 0.00907252647 3.25755585
761 2479 9.07249827 0.00907249827 3.25755585
761 2479 9.07249506 0.00907249506 3.25755585
761 2479 9.07252772 0.00907252772 3.25755585
761 2479 9.07249865 0.00907249865 3.25755585
760 2473 9.04939719 0.00904939719 3.25394737
760 2473 9.04938099 0.00904938099 3.25394737
760 2473 9.04936765 0.00904936765 3.25394737
760 2473 9.04936719 0.00904936719 3.25394737
760 2473 9.04936936 0.00904936936 3.25394737
760 2473 9.04936963 0.00904936963 3.25394737
760 2473 9.04936958 0.00904936958 3.25394737
760 2473 9.04936956 0.00904936956 3.25394737
760 2473 9.04936954 0.00904936954 3.25394737
760 2473 9.04936954 0.00904936954 3.25394737
759 2466 9.02506939 0.00902506939 3.24901186
759 2466 9.02505922 0.00902505922 3.24901186
759 2466 9.02513845 0.00902513845 3.24901186
759 2466 9.02511456 0.00902511456 3.24901186
759 2466 9.02515483 0.00902515483 3.24901186
759 2466 9.02511057 0.00902511057 3.24901186
759 2466 9.0251535 0.0090251535 3.24901186
759 2466 9.02511057 0.00902511057 3.24901186
759 2466 9.02515351 0.00902515351 3.24901186
759 2466 9.02511056 0.00902511056 3.24901186
758 2458 9.00078755 0.00900078755 3.24274406
758 2459 9.0002687 0.0090002687 3.24406332
758 2456 8.99953338 0.00899953338 3.24010554
758 2455 9.00220777 0.00900220777 3.23878628
758 2456 9.00384491 0.00900384491 3.24010554
758 2457 9.00861389 0.00900861389 3.2414248
758 2454 9.01363297 0.00901363297 3.23746702
758 2453 9.01007405 0.00901007405 3.23614776
758 2453 9.01498146 0.00901498146 3.23614776
757 2445 8.99392532 0.00899392532 3.22985469
756 2438 8.97243957 0.00897243957 3.22486772
756 2438 8.97209195 0.00897209195 3.22486772
756 2435 8.96221414 0.00896221414 3.22089947
756 2439 8.96716628 0.00896716628 3.22619048
756 2441 8.96878698 0.00896878698 3.22883598
756 2439 8.97074831 0.00897074831 3.22619048
756 2442 8.96656457 0.00896656457 3.23015873
756 2439 8.96827569 0.00896827569 3.22619048
756 2440 8.97196173 0.00897196173 3.22751323
756 2445 8.96778562 0.00896778562 3.23412698
755 2433 8.95080353 0.00895080353 3.22251656
755 2433 8.95073085 0.00895073085 3.22251656
755 2433 8.95073758 0.00895073758 3.22251656
755 2433 8.95073863 0.00895073863 3.22251656
755 2433 8.95073847 0.00895073847 3.22251656
755 2433 8.9507385 0.0089507385 3.22251656
755 2433 8.9507385 0.0089507385 3.22251656
755 2433 8.95073851 0.00895073851 3.22251656
755 2433 8.95073851 0.00895073851 3.22251656
755 2433 8.95073851 0.00895073851 3.22251656
754 2424 8.92871565 0.00892871565 3.21485411
754 2424 8.92866795 0.00892866795 3.21485411
754 2424 8.9287313 0.0089287313 3.21485411
754 2424 8.92861071 0.00892861071 3.21485411
754 2424 8.92872137 0.00892872137 3.21485411
754 2424 8.92870592 0.00892870592 3.21485411
754 2424 8.92859247 0.00892859247 3.21485411
754 2424 8.92875375 0.00892875375 3.21485411
754 2424 8.92861553 0.00892861553 3.21485411
754 2424 8.9287096 0.0089287096 3.21485411
753 2415 8.90578909 0.00890578909 3.20717131
753 2415 8.90574158 0.00890574158 3.20717131
753 2417 8.90553641 0.00890553641 3.20982736
753 2417 8.90551293 0.00890551293 3.20982736
753 2415 8.90580857 0.00890580857 3.20717131
753 2415 8.90572319 0.00890572319 3.20717131
753 2415 8.90572773 0.00890572773 3.20717131
753 2415 8.90572836 0.00890572836 3.20717131
753 2415 8.90572887 0.00890572887 3.20717131
753 2415 8.9057287 0.0089057287 3.20717131
752 2408 8.8827734 0.0088827734 3.20212766
752 2408 8.88274872 0.00888274872 3.20212766
752 2408 8.8827062 0.0088827062 3.20212766
752 2408 8.88273213 0.00888273213 3.20212766
752 2408 8.88270412 0.00888270412 3.20212766
752 2408 8.88273054 0.00888273054 3.20212766
752 2408 8.88270394 0.00888270394 3.20212766
752 2408 8.88273054 0.00888273054 3.20212766
752 2408 8.88270397 0.00888270397 3.20212766
752 2408 8.88273054 0.00888273054 3.20212766
751 2401 8.85690832 0.00885690832 3.19707057
751 2401 8.85691017 0.00885691017 3.19707057
751 2401 8.85686526 0.00885686526 3.19707057
751 2401 8.85687165 0.00885687165 3.19707057
751 2401 8.85687071 0.00885687071 3.19707057
751 2401 8.85687048 0.00885687048 3.19707057
751 2401 8.85687041 0.00885687041 3.19707057
751 2401 8.85687036 0.00885687036 3.19707057
751 2401 8.85687034 0.00885687034 3.19707057
751 2401 8.85687033 0.00885687033 3.19707057
750 2397 8.83166655 0.00883166655 3.196
750 2397 8.8316349 0.0088316349 3.196
750 2397 8.83165943 0.00883165943 3.196
750 2397 8.83167934 0.00883167934 3.196
750 2397 8.83167375 0.00883167375 3.196
750 2397 8.83166979 0.00883166979 3.196
750 2397 8.83167062 0.00883167062 3.196
750 2397 8.83167122 0.00883167122 3.196
750 2397 8.83167129 0.00883167129 3.196
750 2397 8.83167131 0.00883167131 3.196
749 2390 8.80570602 0.00880570602 3.19092123
749 2392 8.80523474 0.00880523474 3.19359146
749 2393 8.8063817 0.0088063817 3.19492657
749 2394 8.82583052 0.00882583052 3.19626168
749 2391 8.82364149 0.00882364149 3.19225634
748 2385 8.81444279 0.00881444279 3.18850267
747 2380 8.79223828 0.00879223828 3.18607764
747 2380 8.79217488 0.00879217488 3.18607764
747 2380 8.7921641 0.0087921641 3.18607764
747 2380 8.79216381 0.00879216381 3.18607764
746 2376 8.76832539 0.00876832539 3.1849866
746 2373 8.76804635 0.00876804635 3.18096515
746 2373 8.76799236 0.00876799236 3.18096515
746 2376 8.76840721 0.00876840721 3.1849866
746 2376 8.76833408 0.00876833408 3.1849866
746 2376 8.76791791 0.00876791791 3.1849866
746 2373 8.76802694 0.00876802694 3.18096515
746 2376 8.76840526 0.00876840526 3.1849866
746 2376 8.76833964 0.00876833964 3.1849866
746 2376 8.7682908 0.0087682908 3.1849866
745 2369 8.74555861 0.00874555861 3.17986577
745 2369 8.74554776 0.00874554776 3.17986577
745 2369 8.74566008 0.00874566008 3.17986577
745 2369 8.74554527 0.00874554527 3.17986577
745 2369 8.74550543 0.00874550543 3.17986577
745 2369 8.74551125 0.00874551125 3.17986577
745 2369 8.74551097 0.00874551097 3.17986577
745 2369 8.74551148 0.00874551148 3.17986577
745 2369 8.74551151 0.00874551151 3.17986577
745 2369 8.74551161 0.00874551161 3.17986577
744 2362 8.72152007 0.00872152007 3.17473118
744 2362 8.72155178 0.00872155178 3.17473118
744 2368 8.72099679 0.00872099679 3.1827957
744 2364 8.71315083 0.00871315083 3.17741935
744 2368 8.72109015 0.00872109015 3.1827957
744 2368 8.72094064 0.00872094064 3.1827957
744 2368 8.72103594 0.00872103594 3.1827957
744 2368 8.72106083 0.00872106083 3.1827957
744 2368 8.72106338 0.00872106338 3.1827957
744 2368 8.72106285 0.00872106285 3.1827957
743 2363 8.69748572 0.00869748572 3.18034993
743 2361 8.69670439 0.00869670439 3.17765814
743 2363 8.69738448 0.00869738448 3.18034993
743 2363 8.69730467 0.00869730467 3.18034993
743 2363 8.69728836 0.00869728836 3.18034993
743 2363 8.6972806 0.0086972806 3.18034993
743 2363 8.69728172 0.00869728172 3.18034993
743 2363 8.69728191 0.00869728191 3.18034993
743 2363 8.6972822 0.0086972822 3.18034993
743 2363 8.69728238 0.00869728238 3.18034993
742 2356 8.67448928 0.00867448928 3.17520216
742 2356 8.67457655 0.00867457655 3.17520216
742 2356 8.67466338 0.00867466338 3.17520216
742 2356 8.67452836 0.00867452836 3.17520216
742 2356 8.67470396 0.00867470396 3.17520216
742 2356 8.67453016 0.00867453016 3.17520216
742 2356 8.6747047 0.0086747047 3.17520216
742 2356 8.67452995 0.00867452995 3.17520216
742 2356 8.67470511 0.00867470511 3.17520216
742 2356 8.67453012 0.00867453012 3.17520216
741 2351 8.64959669 0.00864959669 3.17273954
741 2349 8.65074084 0.00865074084 3.17004049
741 2349 8.6506127 0.0086506127 3.17004049
741 2349 8.65064262 0.00865064262 3.17004049
741 2349 8.65064488 0.00865064488 3.17004049
741 2349 8.65064491 0.00865064491 3.17004049
741 2349 8.65064535 0.00865064535 3.17004049
741 2349 8.65064557 0.00865064557 3.17004049
741 2349 8.6506457 0.0086506457 3.17004049
741 2349 8.65064577 0.00865064577 3.17004049
740 2344 8.6257918 0.0086257918 3.16756757
740 2344 8.62576317 0.00862576317 3.16756757
740 2344 8.62572493 0.00862572493 3.16756757
740 2344 8.62572451 0.00862572451 3.16756757
740 2344 8.62572447 0.00862572447 3.16756757
740 2344 8.62572513 0.00862572513 3.16756757
740 2344 8.62572551 0.00862572551 3.16756757
740 2344 8.62572571 0.00862572571 3.16756757
740 2344 8.62572584 0.00862572584 3.16756757
740 2344 8.62572591 0.00862572591 3.16756757
739 2338 8.60071689 0.00860071689 3.16373478
739 2336 8.59951276 0.00859951276 3.16102842
739 2335 8.60175006 0.00860175006 3.15967524
739 2335 8.60174644 0.00860174644 3.15967524
739 2335 8.60175849 0.00860175849 3.15967524
739 2335 8.60176188 0.00860176188 3.15967524
739 2335 8.60176219 0.00860176219 3.15967524
739 2335 8.60176233 0.00860176233 3.15967524
739 2335 8.6017624 0.0086017624 3.15967524
739 2335 8.60176245 0.00860176245 3.15967524
738 2330 8.57653374 0.00857653374 3.15718157
738 2326 8.57491183 0.00857491183 3.15176152
738 2329 8.57553065 0.00857553065 3.15582656
738 2330 8.57653668 0.00857653668 3.15718157
738 2330 8.57640241 0.00857640241 3.15718157
738 2330 8.57642383 0.00857642383 3.15718157
738 2330 8.57642361 0.00857642361 3.15718157
738 2330 8.57642432 0.00857642432 3.15718157
738 2330 8.57642458 0.00857642458 3.15718157
738 2330 8.57642441 0.00857642441 3.15718157
737 2321 8.5520521 0.0085520521 3.14925373
737 2326 8.53678529 0.00853678529 3.15603799
737 2321 8.55204545 0.00855204545 3.14925373
737 2321 8.55207491 0.00855207491 3.14925373
737 2321 8.55208993 0.00855208993 3.14925373
737 2321 8.55207625 0.00855207625 3.14925373
737 2321 8.55208902 0.00855208902 3.14925373
737 2321 8.55207586 0.00855207586 3.14925373
737 2321 8.55208896 0.00855208896 3.14925373
737 2321 8.55207586 0.00855207586 3.14925373
736 2317 8.52693505 0.00852693505 3.14809783
736 2317 8.52708716 0.00852708716 3.14809783
736 2317 8.52698074 0.00852698074 3.14809783
736 2317 8.52708856 0.00852708856 3.14809783
736 2317 8.52724785 0.00852724785 3.14809783
736 2317 8.5272148 0.0085272148 3.14809783
736 2317 8.52721235 0.00852721235 3.14809783
736 2317 8.52721425 0.00852721425 3.14809783
736 2317 8.527213 0.008527213 3.14809783
736 2317 8.52721311 0.00852721311 3.14809783
735 2311 8.50203473 0.00850203473 3.14421769
735 2312 8.50217475 0.00850217475 3.14557823
735 2309 8.50065835 0.00850065835 3.1414966
735 2308 8.50251489 0.00850251489 3.14013605
735 2308 8.50250099 0.00850250099 3.14013605
735 2308 8.50253322 0.00850253322 3.14013605
735 2308 8.5025105 0.0085025105 3.14013605
735 2308 8.50253347 0.00850253347 3.14013605
735 2308 8.50250995 0.00850250995 3.14013605
735 2308 8.50253336 0.00850253336 3.14013605
734 2302 8.477219 0.008477219 3.13623978
734 2302 8.47765183 0.00847765183 3.13623978
734 2304 8.47794469 0.00847794469 3.13896458
734 2304 8.47777599 0.00847777599 3.13896458
734 2304 8.47789511 0.00847789511 3.13896458
734 2304 8.47766943 0.00847766943 3.13896458
734 2304 8.47788836 0.00847788836 3.13896458
734 2304 8.47766913 0.00847766913 3.13896458
734 2304 8.47777582 0.00847777582 3.13896458
734 2304 8.47778967 0.00847778967 3.13896458
733 2298 8.45300829 0.00845300829 3.13506139
733 2298 8.45289023 0.00845289023 3.13506139
733 2298 8.45300295 0.00845300295 3.13506139
733 2298 8.45282354 0.00845282354 3.13506139
733 2298 8.45291348 0.00845291348 3.13506139
733 2298 8.45289522 0.00845289522 3.13506139
733 2299 8.45222224 0.00845222224 3.13642565
733 2298 8.4529509 0.0084529509 3.13506139
733 2298 8.45295941 0.00845295941 3.13506139
733 2298 8.45293302 0.00845293302 3.13506139
732 2292 8.42860954 0.00842860954 3.13114754
732 2292 8.4287025 0.0084287025 3.13114754
732 2292 8.42863205 0.00842863205 3.13114754
732 2292 8.4287145 0.0084287145 3.13114754
732 2292 8.428623 0.008428623 3.13114754
732 2292 8.42871671 0.00842871671 3.13114754
732 2292 8.42862276 0.00842862276 3.13114754
732 2292 8.42871685 0.00842871685 3.13114754
732 2292 8.42862303 0.00842862303 3.13114754
732 2292 8.42871686 0.00842871686 3.13114754
731 2284 8.40347935 0.00840347935 3.124487
730 2275 8.39153633 0.00839153633 3.11643836
730 2277 8.40205815 0.00840205815 3.11917808
730 2277 8.40151702 0.00840151702 3.11917808
730 2275 8.40247576 0.00840247576 3.11643836
730 2275 8.40249999 0.00840249999 3.11643836
730 2275 8.40249503 0.00840249503 3.11643836
730 2275 8.40249554 0.00840249554 3.11643836
730 2275 8.40249524 0.00840249524 3.11643836
730 2275 8.40249526 0.00840249526 3.11643836
729 2271 8.37811897 0.00837811897 3.11522634
729 2271 8.37812589 0.00837812589 3.11522634
729 2273 8.37850199 0.00837850199 3.11796982
729 2270 8.36807914 0.00836807914 3.1138546
729 2274 8.38242569 0.00838242569 3.11934156
729 2278 8.3787936 0.0083787936 3.12482853
729 2276 8.3927588 0.0083927588 3.12208505
729 2280 8.3820044 0.0083820044 3.12757202
729 2283 8.39415714 0.00839415714 3.13168724
729 2281 8.40806027 0.00840806027 3.12894376
728 2272 8.3938765 0.0083938765 3.12087912
728 2273 8.39412838 0.00839412838 3.12225275
728 2274 8.40245099 0.00840245099 3.12362637
728 2270 8.38126308 0.00838126308 3.11813187
728 2271 8.40617879 0.00840617879 3.11950549
728 2272 8.40589398 0.00840589398 3.12087912
728 2269 8.40507052 0.00840507052 3.11675824
728 2268 8.40312999 0.00840312999 3.11538462
728 2270 8.40927985 0.00840927985 3.11813187
728 2270 8.40409019 0.00840409019 3.11813187
727 2265 8.38748163 0.00838748163 3.11554333
727 2267 8.37066888 0.00837066888 3.11829436
727 2271 8.38647238 0.00838647238 3.12379642
727 2265 8.38755047 0.00838755047 3.11554333
727 2265 8.38746792 0.00838746792 3.11554333
727 2265 8.38745984 0.00838745984 3.11554333
727 2265 8.38746974 0.00838746974 3.11554333
727 2265 8.38746876 0.00838746876 3.11554333
727 2265 8.38746912 0.00838746912 3.11554333
727 2265 8.38746915 0.00838746915 3.11554333
726 2262 8.36537687 0.00836537687 3.11570248
726 2262 8.36540936 0.00836540936 3.11570248
726 2262 8.36539798 0.00836539798 3.11570248
726 2262 8.365391 0.008365391 3.11570248
726 2262 8.36539571 0.00836539571 3.11570248
726 2262 8.36539178 0.00836539178 3.11570248
726 2262 8.36538362 0.00836538362 3.11570248
726 2262 8.36539611 0.00836539611 3.11570248
726 2262 8.36539147 0.00836539147 3.11570248
726 2262 8.36538373 0.00836538373 3.11570248
725 2258 8.34227339 0.00834227339 3.11448276
725 2256 8.3418927 0.0083418927 3.11172414
725 2256 8.34107725 0.00834107725 3.11172414
725 2258 8.34211982 0.00834211982 3.11448276
725 2258 8.34237178 0.00834237178 3.11448276
725 2258 8.34232734 0.00834232734 3.11448276
725 2258 8.34231445 0.00834231445 3.11448276
725 2258 8.3423141 0.0083423141 3.11448276
725 2258 8.342315 0.008342315 3.11448276
725 2258 8.34231441 0.00834231441 3.11448276
724 2252 8.31896585 0.00831896585 3.11049724
724 2252 8.31888308 0.00831888308 3.11049724
724 2252 8.31822881 0.00831822881 3.11049724
724 2252 8.31890615 0.00831890615 3.11049724
724 2252 8.31888179 0.00831888179 3.11049724
724 2252 8.31885218 0.00831885218 3.11049724
724 2252 8.31885275 0.00831885275 3.11049724
724 2252 8.31885369 0.00831885369 3.11049724
724 2252 8.31885377 0.00831885377 3.11049724
724 2252 8.31885377 0.00831885377 3.11049724
723 2246 8.29540644 0.00829540644 3.10650069
723 2246 8.29549408 0.00829549408 3.10650069
723 2246 8.29549813 0.00829549813 3.10650069
723 2246 8.29549979 0.00829549979 3.10650069
723 2246 8.2955003 0.0082955003 3.10650069
723 2246 8.29550088 0.00829550088 3.10650069
723 2246 8.29550116 0.00829550116 3.10650069
723 2246 8.29550161 0.00829550161 3.10650069
723 2246 8.29550181 0.00829550181 3.10650069
723 2246 8.29550195 0.00829550195 3.10650069
722 2241 8.27127933 0.00827127933 3.10387812
722 2238 8.26844091 0.00826844091 3.09972299
721 2233 8.26340395 0.00826340395 3.09708738
721 2235 8.26415286 0.00826415286 3.0998613
721 2236 8.26781128 0.00826781128 3.10124827
721 2235 8.2723018 0.0082723018 3.0998613
721 2232 8.26968181 0.00826968181 3.09570042
721 2234 8.27241991 0.00827241991 3.09847434
721 2233 8.25170336 0.00825170336 3.09708738
721 2240 8.26457216 0.00826457216 3.10679612
720 2230 8.2516827 0.0082516827 3.09722222
720 2230 8.25183847 0.00825183847 3.09722222
720 2230 8.25180998 0.00825180998 3.09722222
720 2230 8.25179743 0.00825179743 3.09722222
720 2230 8.2517972 0.0082517972 3.09722222
720 2230 8.25179763 0.00825179763 3.09722222
720 2230 8.25179752 0.00825179752 3.09722222
720 2230 8.25179769 0.00825179769 3.09722222
720 2230 8.25179779 0.00825179779 3.09722222
720 2230 8.25179784 0.00825179784 3.09722222
719 2224 8.22956294 0.00822956294 3.09318498
719 2224 8.22948133 0.00822948133 3.09318498
719 2224 8.22948125 0.00822948125 3.09318498
719 2224 8.22948308 0.00822948308 3.09318498
719 2224 8.22948425 0.00822948425 3.09318498
719 2224 8.2294841 0.0082294841 3.09318498
719 2224 8.22948413 0.00822948413 3.09318498
719 2224 8.22948412 0.00822948412 3.09318498
719 2224 8.22948411 0.00822948411 3.09318498
719 2224 8.22948411 0.00822948411 3.09318498
718 2219 8.20744344 0.00820744344 3.09052925
718 2219 8.20741624 0.00820741624 3.09052925
718 2219 8.20750602 0.00820750602 3.09052925
718 2219 8.20738888 0.00820738888 3.09052925
718 2219 8.20739113 0.00820739113 3.09052925
718 2219 8.20740948 0.00820740948 3.09052925
718 2219 8.20750558 0.00820750558 3.09052925
718 2219 8.20738754 0.00820738754 3.09052925
718 2219 8.20750321 0.00820750321 3.09052925
718 2219 8.20739355 0.00820739355 3.09052925
717 2212 8.18388804 0.00818388804 3.08507671
717 2213 8.18444806 0.00818444806 3.08647141
717 2213 8.18434428 0.00818434428 3.08647141
717 2213 8.18431618 0.00818431618 3.08647141
717 2213 8.18434927 0.00818434927 3.08647141
717 2213 8.18431681 0.00818431681 3.08647141
717 2213 8.18434933 0.00818434933 3.08647141
717 2213 8.18431667 0.00818431667 3.08647141
717 2213 8.18434938 0.00818434938 3.08647141
717 2213 8.18431665 0.00818431665 3.08647141
716 2209 8.16127273 0.00816127273 3.08519553
716 2209 8.16110764 0.00816110764 3.08519553
716 2211 8.16060105 0.00816060105 3.08798883
715 2207 8.1474091 0.0081474091 3.08671329
715 2207 8.14745222 0.00814745222 3.08671329
715 2207 8.14745255 0.00814745255 3.08671329
715 2207 8.14745196 0.00814745196 3.08671329
715 2207 8.14745261 0.00814745261 3.08671329
715 2207 8.14745273 0.00814745273 3.08671329
715 2207 8.14745282 0.00814745282 3.08671329
714 2203 8.12480903 0.00812480903 3.08543417
714 2203 8.12483872 0.00812483872 3.08543417
714 2203 8.12484971 0.00812484971 3.08543417
714 2203 8.12488734 0.00812488734 3.08543417
714 2203 8.12485355 0.00812485355 3.08543417
714 2203 8.12488916 0.00812488916 3.08543417
714 2203 8.12485321 0.00812485321 3.08543417
714 2203 8.12488899 0.00812488899 3.08543417
714 2203 8.12485318 0.00812485318 3.08543417
714 2203 8.12488897 0.00812488897 3.08543417
713 2196 8.09974758 0.00809974758 3.0799439
713 2196 8.09961855 0.00809961855 3.0799439
713 2196 8.10029478 0.00810029478 3.0799439
713 2196 8.10025676 0.00810025676 3.0799439
713 2196 8.1002523 0.0081002523 3.0799439
713 2196 8.10024035 0.00810024035 3.0799439
713 2198 8.10000988 0.00810000988 3.08274895
713 2196 8.10027945 0.00810027945 3.0799439
713 2196 8.10022574 0.00810022574 3.0799439
713 2196 8.10026603 0.00810026603 3.0799439
712 2191 8.07594166 0.00807594166 3.07724719
712 2191 8.07587057 0.00807587057 3.07724719
712 2189 8.07535907 0.00807535907 3.0744382
712 2191 8.0758644 0.0080758644 3.07724719
712 2191 8.0758977 0.0080758977 3.07724719
712 2191 8.07586618 0.00807586618 3.07724719
712 2191 8.07587297 0.00807587297 3.07724719
712 2191 8.07588486 0.00807588486 3.07724719
712 2191 8.0758688 0.0080758688 3.07724719
712 2191 8.07586837 0.00807586837 3.07724719
711 2184 8.05167616 0.00805167616 3.07172996
711 2184 8.05134572 0.00805134572 3.07172996
711 2184 8.05084052 0.00805084052 3.07172996
711 2187 8.05284122 0.00805284122 3.07594937
711 2185 8.04861085 0.00804861085 3.07313643
711 2187 8.05517832 0.00805517832 3.07594937
711 2186 8.05520044 0.00805520044 3.0745429
711 2186 8.04519882 0.00804519882 3.0745429
711 2188 8.05401414 0.00805401414 3.07735584
711 2187 8.05198525 0.00805198525 3.07594937
710 2182 8.03331965 0.00803331965 3.07323944
710 2182 8.03330511 0.00803330511 3.07323944
710 2182 8.03327336 0.00803327336 3.07323944
710 2182 8.03326733 0.00803326733 3.07323944
710 2182 8.03326697 0.00803326697 3.07323944
710 2182 8.03326706 0.00803326706 3.07323944
710 2182 8.03326718 0.00803326718 3.07323944
710 2182 8.03326724 0.00803326724 3.07323944
710 2182 8.03326727 0.00803326727 3.07323944
710 2182 8.03326729 0.00803326729 3.07323944
709 2175 8.00965359 0.00800965359 3.06770099
709 2175 8.00862256 0.00800862256 3.06770099
709 2175 8.00977481 0.00800977481 3.06770099
709 2175 8.00976001 0.00800976001 3.06770099
709 2175 8.00975992 0.00800975992 3.06770099
709 2175 8.00976094 0.00800976094 3.06770099
709 2175 8.00975984 0.00800975984 3.06770099
709 2175 8.00976005 0.00800976005 3.06770099
709 2175 8.00975994 0.00800975994 3.06770099
709 2175 8.00975994 0.00800975994 3.06770099
708 2168 7.98681201 0.00798681201 3.06214689
708 2168 7.98677668 0.00798677668 3.06214689
708 2168 7.98662721 0.00798662721 3.06214689
708 2168 7.98653619 0.00798653619 3.06214689
708 2168 7.98681201 0.00798681201 3.06214689
708 2168 7.98677213 0.00798677213 3.06214689
708 2168 7.98678871 0.00798678871 3.06214689
708 2168 7.98678853 0.00798678853 3.06214689
708 2168 7.9867889 0.0079867889 3.06214689
708 2168 7.98678889 0.00798678889 3.06214689
707 2161 7.96376996 0.00796376996 3.05657709
707 2161 7.96372016 0.00796372016 3.05657709
707 2161 7.96374339 0.00796374339 3.05657709
707 2161 7.96370046 0.00796370046 3.05657709
707 2161 7.96375419 0.00796375419 3.05657709
707 2161 7.96374938 0.00796374938 3.05657709
707 2161 7.96369969 0.00796369969 3.05657709
707 2161 7.9637556 0.0079637556 3.05657709
707 2161 7.96375015 0.00796375015 3.05657709
707 2161 7.96369987 0.00796369987 3.05657709
706 2154 7.94004896 0.00794004896 3.0509915
706 2158 7.93962513 0.00793962513 3.05665722
706 2156 7.9327999 0.0079327999 3.05382436
706 2160 7.9406992 0.0079406992 3.05949008
706 2160 7.94131647 0.00794131647 3.05949008
706 2160 7.94180713 0.00794180713 3.05949008
706 2158 7.94144056 0.00794144056 3.05665722
706 2160 7.94188078 0.00794188078 3.05949008
706 2158 7.94407065 0.00794407065 3.05665722
706 2155 7.94574689 0.00794574689 3.05240793
705 2151 7.92208053 0.00792208053 3.05106383
705 2150 7.92175293 0.00792175293 3.04964539
705 2150 7.92178759 0.00792178759 3.04964539
705 2150 7.92177176 0.00792177176 3.04964539
705 2150 7.9217712 0.0079217712 3.04964539
705 2150 7.92177076 0.00792177076 3.04964539
705 2150 7.92177069 0.00792177069 3.04964539
705 2150 7.92177063 0.00792177063 3.04964539
705 2150 7.9217706 0.0079217706 3.04964539
705 2150 7.92177058 0.00792177058 3.04964539
704 2146 7.89834411 0.00789834411 3.04829545
704 2146 7.89838371 0.00789838371 3.04829545
704 2146 7.89835707 0.00789835707 3.04829545
704 2146 7.89835818 0.00789835818 3.04829545
704 2146 7.89836082 0.00789836082 3.04829545
704 2146 7.89836127 0.00789836127 3.04829545
704 2146 7.89836187 0.00789836187 3.04829545
704 2146 7.89836216 0.00789836216 3.04829545
704 2146 7.89836234 0.00789836234 3.04829545
704 2146 7.89836246 0.00789836246 3.04829545
703 2140 7.87389739 0.00787389739 3.04409673
703 2137 7.87249316 0.00787249316 3.0398293
703 2135 7.87491661 0.00787491661 3.03698435
703 2135 7.87697762 0.00787697762 3.03698435
703 2139 7.89051892 0.00789051892 3.04267425
702 2130 7.86878251 0.00786878251 3.03418803
702 2130 7.86887806 0.00786887806 3.03418803
702 2130 7.86881985 0.00786881985 3.03418803
702 2130 7.86880754 0.00786880754 3.03418803
702 2130 7.86880889 0.00786880889 3.03418803
701 2125 7.84421319 0.00784421319 3.03138374
701 2125 7.84423315 0.00784423315 3.03138374
701 2125 7.84413967 0.00784413967 3.03138374
701 2125 7.84419763 0.00784419763 3.03138374
701 2125 7.84413978 0.00784413978 3.03138374
701 2125 7.84419784 0.00784419784 3.03138374
701 2125 7.84414032 0.00784414032 3.03138374
701 2125 7.8441983 0.0078441983 3.03138374
701 2125 7.84414054 0.00784414054 3.03138374
701 2125 7.84419841 0.00784419841 3.03138374
700 2119 7.81894948 0.00781894948 3.02714286
699 2113 7.80758254 0.00780758254 3.02288984
699 2116 7.80686453 0.00780686453 3.02718169
699 2113 7.80677058 0.00780677058 3.02288984
699 2118 7.81790369 0.00781790369 3.03004292
699 2118 7.8173748 0.0078173748 3.03004292
699 2120 7.81761292 0.00781761292 3.03290415
699 2120 7.81745632 0.00781745632 3.03290415
699 2122 7.79616128 0.00779616128 3.03576538
699 2115 7.81670366 0.00781670366 3.02575107
698 2111 7.79618118 0.00779618118 3.0243553
698 2110 7.79580486 0.00779580486 3.02292264
698 2111 7.78608283 0.00778608283 3.0243553
697 2106 7.78060089 0.00778060089 3.0215208
697 2106 7.78057038 0.00778057038 3.0215208
697 2106 7.78013043 0.00778013043 3.0215208
697 2104 7.76588262 0.00776588262 3.01865136
697 2102 7.75972674 0.00775972674 3.01578192
697 2106 7.78062973 0.00778062973 3.0215208
697 2106 7.77590012 0.00777590012 3.0215208
696 2099 7.75974899 0.00775974899 3.0158046
696 2099 7.75968477 0.00775968477 3.0158046
696 2099 7.75969169 0.00775969169 3.0158046
696 2099 7.75968993 0.00775968993 3.0158046
696 2099 7.75969092 0.00775969092 3.0158046
696 2099 7.75969106 0.00775969106 3.0158046
696 2099 7.75969119 0.00775969119 3.0158046
696 2099 7.75969125 0.00775969125 3.0158046
696 2099 7.75969129 0.00775969129 3.0158046
696 2099 7.75969132 0.00775969132 3.0158046
695 2092 7.73834875 0.00773834875 3.01007194
695 2092 7.73835562 0.00773835562 3.01007194
695 2092 7.73835906 0.00773835906 3.01007194
695 2092 7.7383575 0.0077383575 3.01007194
695 2092 7.73836003 0.00773836003 3.01007194
695 2092 7.73835986 0.00773835986 3.01007194
695 2092 7.73835996 0.00773835996 3.01007194
695 2092 7.73836008 0.00773836008 3.01007194
695 2092 7.73836013 0.00773836013 3.01007194
695 2092 7.73836017 0.00773836017 3.01007194
694 2087 7.71648905 0.00771648905 3.00720461
694 2088 7.71313896 0.00771313896 3.00864553
694 2090 7.7155683 0.0077155683 3.01152738
694 2086 7.69591956 0.00769591956 3.00576369
694 2087 7.71067315 0.00771067315 3.00720461
694 2092 7.71546217 0.00771546217 3.01440922
694 2088 7.70691039 0.00770691039 3.00864553
694 2094 7.70433253 0.00770433253 3.01729107
694 2088 7.71338282 0.00771338282 3.00864553
694 2087 7.71667373 0.00771667373 3.00720461
693 2083 7.69592584 0.00769592584 3.00577201
693 2083 7.69586072 0.00769586072 3.00577201
693 2083 7.69590557 0.00769590557 3.00577201
693 2083 7.695905 0.007695905 3.00577201
693 2083 7.6958985 0.0076958985 3.00577201
693 2083 7.69589931 0.00769589931 3.00577201
693 2083 7.69589958 0.00769589958 3.00577201
693 2083 7.69589971 0.00769589971 3.00577201
693 2083 7.69589986 0.00769589986 3.00577201
693 2083 7.69589989 0.00769589989 3.00577201
692 2077 7.67282762 0.00767282762 3.00144509
692 2077 7.66876695 0.00766876695 3.00144509
692 2078 7.67467921 0.00767467921 3.00289017
692 2078 7.67023141 0.00767023141 3.00289017
692 2078 7.67703374 0.00767703374 3.00289017
692 2080 7.67627905 0.00767627905 3.00578035
692 2077 7.65807316 0.00765807316 3.00144509
692 2077 7.67808824 0.00767808824 3.00144509
691 2071 7.65809281 0.00765809281 2.99710564
691 2071 7.65797077 0.00765797077 2.99710564
690 2063 7.63492643 0.00763492643 2.98985507
690 2067 7.63502231 0.00763502231 2.99565217
690 2063 7.63491998 0.00763491998 2.98985507
690 2063 7.63482246 0.00763482246 2.98985507
690 2063 7.63484198 0.00763484198 2.98985507
690 2063 7.6348454 0.0076348454 2.98985507
690 2063 7.63484775 0.00763484775 2.98985507
690 2063 7.63484862 0.00763484862 2.98985507
690 2063 7.63484882 0.00763484882 2.98985507
690 2063 7.63484884 0.00763484884 2.98985507
689 2059 7.61238159 0.00761238159 2.98838897
689 2059 7.61246549 0.00761246549 2.98838897
689 2059 7.61269856 0.00761269856 2.98838897
689 2059 7.6126641 0.0076126641 2.98838897
689 2059 7.6126673 0.0076126673 2.98838897
689 2059 7.61267337 0.00761267337 2.98838897
689 2059 7.61267259 0.00761267259 2.98838897
689 2059 7.61267308 0.00761267308 2.98838897
689 2059 7.61267321 0.00761267321 2.98838897
689 2059 7.6126733 0.0076126733 2.98838897
688 2054 7.58882738 0.00758882738 2.98546512
688 2054 7.58883892 0.00758883892 2.98546512
688 2054 7.58874002 0.00758874002 2.98546512
688 2054 7.58882948 0.00758882948 2.98546512
688 2054 7.58874829 0.00758874829 2.98546512
688 2054 7.58882989 0.00758882989 2.98546512
688 2054 7.58874815 0.00758874815 2.98546512
688 2054 7.58882987 0.00758882987 2.98546512
688 2054 7.58874816 0.00758874816 2.98546512
688 2054 7.58882987 0.00758882987 2.98546512
687 2051 7.56472271 0.00756472271 2.98544396
687 2048 7.5529626 0.0075529626 2.98107715
687 2050 7.57682682 0.00757682682 2.98398836
687 2050 7.57668741 0.00757668741 2.98398836
687 2050 7.57667975 0.00757667975 2.98398836
687 2050 7.57667914 0.00757667914 2.98398836
687 2050 7.57667389 0.00757667389 2.98398836
687 2050 7.5766717 0.0075766717 2.98398836
687 2050 7.5766713 0.0075766713 2.98398836
687 2050 7.57667128 0.00757667128 2.98398836
686 2045 7.55312457 0.00755312457 2.98104956
686 2045 7.55295875 0.00755295875 2.98104956
686 2045 7.55301476 0.00755301476 2.98104956
686 2045 7.55302013 0.00755302013 2.98104956
686 2045 7.55301835 0.00755301835 2.98104956
686 2045 7.55301856 0.00755301856 2.98104956
686 2045 7.55301854 0.00755301854 2.98104956
686 2045 7.55301858 0.00755301858 2.98104956
686 2045 7.55301859 0.00755301859 2.98104956
686 2045 7.55301859 0.00755301859 2.98104956
685 2041 7.52898461 0.00752898461 2.97956204
685 2040 7.52820746 0.00752820746 2.97810219
685 2041 7.52887236 0.00752887236 2.97956204
685 2041 7.52894104 0.00752894104 2.97956204
685 2041 7.52895071 0.00752895071 2.97956204
685 2041 7.52893808 0.00752893808 2.97956204
685 2041 7.52893604 0.00752893604 2.97956204
685 2041 7.52893493 0.00752893493 2.97956204
685 2041 7.52893411 0.00752893411 2.97956204
685 2041 7.52893363 0.00752893363 2.97956204
684 2036 7.50518676 0.00750518676 2.97660819
684 2036 7.5051025 0.0075051025 2.97660819
684 2036 7.50507866 0.00750507866 2.97660819
684 2036 7.50507056 0.00750507056 2.97660819
684 2036 7.50507148 0.00750507148 2.97660819
684 2036 7.50507075 0.00750507075 2.97660819
684 2036 7.50507105 0.00750507105 2.97660819
684 2036 7.50507127 0.00750507127 2.97660819
684 2036 7.50507131 0.00750507131 2.97660819
684 2036 7.50507134 0.00750507134 2.97660819
683 2031 7.48063237 0.00748063237 2.97364568
683 2031 7.48081021 0.00748081021 2.97364568
683 2031 7.48084341 0.00748084341 2.97364568
683 2031 7.48075964 0.00748075964 2.97364568
683 2031 7.48084425 0.00748084425 2.97364568
683 2031 7.48075895 0.00748075895 2.97364568
683 2031 7.4808444 0.0074808444 2.97364568
683 2031 7.48075897 0.00748075897 2.97364568
683 2031 7.48084441 0.00748084441 2.97364568
683 2031 7.48075898 0.00748075898 2.97364568
682 2024 7.45523814 0.00745523814 2.96774194
682 2026 7.4544803 0.0074544803 2.97067449
682 2024 7.45514155 0.00745514155 2.96774194
682 2024 7.45513764 0.00745513764 2.96774194
682 2024 7.45529016 0.00745529016 2.96774194
682 2024 7.45510978 0.00745510978 2.96774194
682 2024 7.45513342 0.00745513342 2.96774194
682 2024 7.45525764 0.00745525764 2.96774194
682 2024 7.45511219 0.00745511219 2.96774194
682 2024 7.45513334 0.00745513334 2.96774194
681 2019 7.42931665 0.00742931665 2.96475771
681 2019 7.42913254 0.00742913254 2.96475771
681 2019 7.42923829 0.00742923829 2.96475771
681 2019 7.42923706 0.00742923706 2.96475771
681 2019 7.42924169 0.00742924169 2.96475771
681 2019 7.42924306 0.00742924306 2.96475771
681 2019 7.42924327 0.00742924327 2.96475771
681 2019 7.42924354 0.00742924354 2.96475771
681 2019 7.42924368 0.00742924368 2.96475771
681 2019 7.42924379 0.00742924379 2.96475771
680 2013 7.40361012 0.00740361012 2.96029412
679 2009 7.38670627 0.00738670627 2.95876289
679 2009 7.38966999 0.00738966999 2.95876289
679 2006 7.41110644 0.00741110644 2.95434462
679 2008 7.41253512 0.00741253512 2.95729013
679 2008 7.4139617 0.0074139617 2.95729013
679 2008 7.41579754 0.00741579754 2.95729013
678 2000 7.39695739 0.00739695739 2.94985251
678 1999 7.39933662 0.00739933662 2.94837758
678 1996 7.40172211 0.00740172211 2.9439528
677 1991 7.38022475 0.00738022475 2.94091581
676 1986 7.35838471 0.00735838471 2.93786982
676 1990 7.35533059 0.00735533059 2.94378698
676 1987 7.3587104 0.0073587104 2.93934911
676 1985 7.35490035 0.00735490035 2.93639053
676 1987 7.35963651 0.00735963651 2.93934911
676 1987 7.35900051 0.00735900051 2.93934911
675 1983 7.3389396 0.0073389396 2.93777778
675 1983 7.33896963 0.00733896963 2.93777778
675 1983 7.33893847 0.00733893847 2.93777778
674 1978 7.31778011 0.00731778011 2.9347181
674 1978 7.31515763 0.00731515763 2.9347181
673 1975 7.3152319 0.0073152319 2.9346211
673 1979 7.30576081 0.00730576081 2.94056464
673 1974 7.30635023 0.00730635023 2.93313522
673 1977 7.31986275 0.00731986275 2.93759287
673 1977 7.30979263 0.00730979263 2.93759287
673 1976 7.31308555 0.00731308555 2.93610698
673 1975 7.3085647 0.0073085647 2.9346211
673 1973 7.30685516 0.00730685516 2.93164933
672 1969 7.29940885 0.00729940885 2.93005952
672 1969 7.29943641 0.00729943641 2.93005952
672 1969 7.2994981 0.0072994981 2.93005952
672 1969 7.29949001 0.00729949001 2.93005952
672 1969 7.29948856 0.00729948856 2.93005952
672 1969 7.29948843 0.00729948843 2.93005952
672 1969 7.29948828 0.00729948828 2.93005952
672 1969 7.29948816 0.00729948816 2.93005952
672 1969 7.29948808 0.00729948808 2.93005952
672 1969 7.29948803 0.00729948803 2.93005952
671 1964 7.27859324 0.00727859324 2.92697466
671 1964 7.2785978 0.0072785978 2.92697466
671 1963 7.27807349 0.00727807349 2.92548435
671 1964 7.27871512 0.00727871512 2.92697466
671 1964 7.27860933 0.00727860933 2.92697466
671 1964 7.2786168 0.0072786168 2.92697466
671 1964 7.2786105 0.0072786105 2.92697466
671 1964 7.27860966 0.00727860966 2.92697466
671 1964 7.27860981 0.00727860981 2.92697466
671 1964 7.27860964 0.00727860964 2.92697466
670 1958 7.25764872 0.00725764872 2.92238806
670 1958 7.25752827 0.00725752827 2.92238806
670 1958 7.25750301 0.00725750301 2.92238806
670 1958 7.25751391 0.00725751391 2.92238806
670 1958 7.25751217 0.00725751217 2.92238806
670 1958 7.25751159 0.00725751159 2.92238806
670 1958 7.25751131 0.00725751131 2.92238806
670 1958 7.2575112 0.0072575112 2.92238806
670 1958 7.25751109 0.00725751109 2.92238806
670 1958 7.25751102 0.00725751102 2.92238806
669 1954 7.23626691 0.00723626691 2.92077728
669 1954 7.23639632 0.00723639632 2.92077728
669 1954 7.23630441 0.00723630441 2.92077728
669 1954 7.23633834 0.00723633834 2.92077728
669 1954 7.23632722 0.00723632722 2.92077728
669 1954 7.23632696 0.00723632696 2.92077728
669 1954 7.23632659 0.00723632659 2.92077728
669 1954 7.23632653 0.00723632653 2.92077728
669 1954 7.23632651 0.00723632651 2.92077728
669 1954 7.23632649 0.00723632649 2.92077728
668 1951 7.21524357 0.00721524357 2.92065868
668 1951 7.21527469 0.00721527469 2.92065868
668 1951 7.21529609 0.00721529609 2.92065868
668 1951 7.215304 0.007215304 2.92065868
668 1951 7.21530406 0.00721530406 2.92065868
668 1951 7.21530491 0.00721530491 2.92065868
668 1951 7.2153052 0.0072153052 2.92065868
668 1951 7.21530549 0.00721530549 2.92065868
668 1951 7.21530567 0.00721530567 2.92065868
668 1951 7.2153058 0.0072153058 2.92065868
667 1947 7.19301875 0.00719301875 2.91904048
667 1947 7.19120129 0.00719120129 2.91904048
667 1946 7.19976091 0.00719976091 2.91754123
667 1945 7.19601262 0.00719601262 2.91604198
667 1941 7.18657932 0.00718657932 2.91004498
666 1936 7.18659438 0.00718659438 2.90690691
666 1936 7.19163076 0.00719163076 2.90690691
666 1936 7.19168462 0.00719168462 2.90690691
666 1936 7.19166521 0.00719166521 2.90690691
666 1936 7.19166727 0.00719166727 2.90690691
665 1932 7.17038956 0.00717038956 2.90526316
665 1932 7.17032737 0.00717032737 2.90526316
665 1932 7.17036068 0.00717036068 2.90526316
665 1932 7.17035613 0.00717035613 2.90526316
665 1932 7.17035591 0.00717035591 2.90526316
665 1932 7.17035607 0.00717035607 2.90526316
665 1932 7.17035591 0.00717035591 2.90526316
665 1932 7.17035588 0.00717035588 2.90526316
665 1932 7.17035587 0.00717035587 2.90526316
665 1932 7.17035586 0.00717035586 2.90526316
664 1928 7.14835468 0.00714835468 2.90361446
664 1928 7.14683336 0.00714683336 2.90361446
664 1928 7.15179357 0.00715179357 2.90361446
664 1929 7.15304978 0.00715304978 2.90512048
664 1929 7.1629145 0.0071629145 2.90512048
664 1927 7.16506174 0.00716506174 2.90210843
664 1929 7.16191366 0.00716191366 2.90512048
664 1929 7.16978893 0.00716978893 2.90512048
663 1926 7.1538428 0.0071538428 2.90497738
663 1925 7.14975855 0.00714975855 2.90346908
662 1919 7.13821551 0.00713821551 2.89879154
662 1916 7.1374534 0.0071374534 2.89425982
662 1918 7.12271576 0.00712271576 2.89728097
662 1916 7.1404582 0.0071404582 2.89425982
662 1917 7.13827817 0.00713827817 2.89577039
662 1918 7.13331101 0.00713331101 2.89728097
662 1916 7.14245758 0.00714245758 2.89425982
662 1916 7.1423011 0.0071423011 2.89425982
662 1916 7.14232865 0.00714232865 2.89425982
662 1916 7.14232804 0.00714232804 2.89425982
661 1912 7.12144773 0.00712144773 2.89258699
661 1912 7.12143213 0.00712143213 2.89258699
661 1912 7.12138064 0.00712138064 2.89258699
661 1912 7.12138161 0.00712138161 2.89258699
661 1912 7.12138222 0.00712138222 2.89258699
661 1912 7.12138238 0.00712138238 2.89258699
661 1912 7.12138249 0.00712138249 2.89258699
661 1912 7.12138259 0.00712138259 2.89258699
661 1912 7.12138266 0.00712138266 2.89258699
661 1912 7.1213827 0.0071213827 2.89258699
660 1908 7.09983895 0.00709983895 2.89090909
660 1908 7.09976965 0.00709976965 2.89090909
660 1908 7.09983781 0.00709983781 2.89090909
660 1908 7.09982983 0.00709982983 2.89090909
660 1908 7.09982921 0.00709982921 2.89090909
660 1908 7.09982906 0.00709982906 2.89090909
660 1908 7.09982907 0.00709982907 2.89090909
660 1908 7.09982912 0.00709982912 2.89090909
660 1908 7.09982913 0.00709982913 2.89090909
660 1908 7.09982915 0.00709982915 2.89090909
659 1905 7.0782079 0.0070782079 2.89074355
659 1905 7.0773986 0.0070773986 2.89074355
659 1905 7.07814584 0.00707814584 2.89074355
659 1905 7.07823251 0.00707823251 2.89074355
659 1905 7.07823331 0.00707823331 2.89074355
659 1905 7.07823337 0.00707823337 2.89074355
659 1905 7.07823424 0.00707823424 2.89074355
659 1905 7.07823448 0.00707823448 2.89074355
659 1905 7.07823479 0.00707823479 2.89074355
659 1905 7.07823498 0.00707823498 2.89074355
658 1902 7.05666932 0.00705666932 2.89057751
658 1902 7.0566967 0.0070566967 2.89057751
658 1902 7.05669246 0.00705669246 2.89057751
658 1902 7.05666697 0.00705666697 2.89057751
658 1902 7.056683 0.007056683 2.89057751
658 1902 7.05666754 0.00705666754 2.89057751
658 1902 7.05668248 0.00705668248 2.89057751
658 1902 7.05666717 0.00705666717 2.89057751
658 1902 7.05668224 0.00705668224 2.89057751
658 1902 7.05666704 0.00705666704 2.89057751
657 1897 7.03367691 0.00703367691 2.88736682
657 1897 7.03353308 0.00703353308 2.88736682
657 1897 7.03355352 0.00703355352 2.88736682
657 1897 7.03356138 0.00703356138 2.88736682
657 1897 7.0335647 0.0070335647 2.88736682
657 1897 7.03356649 0.00703356649 2.88736682
657 1897 7.03356778 0.00703356778 2.88736682
657 1897 7.03356873 0.00703356873 2.88736682
657 1897 7.0335694 0.0070335694 2.88736682
657 1897 7.03356986 0.00703356986 2.88736682
656 1890 7.00944302 0.00700944302 2.88109756
655 1885 7.00471406 0.00700471406 2.8778626
655 1885 7.00471716 0.00700471716 2.8778626
655 1885 7.00469548 0.00700469548 2.8778626
655 1885 7.004739 0.007004739 2.8778626
655 1885 7.00469033 0.00700469033 2.8778626
655 1885 7.00473649 0.00700473649 2.8778626
655 1885 7.00469043 0.00700469043 2.8778626
655 1885 7.004737 0.007004737 2.8778626
655 1885 7.00469063 0.00700469063 2.8778626
654 1878 6.98046077 0.00698046077 2.87155963
654 1880 6.980257 0.006980257 2.87461774
653 1876 6.95660865 0.00695660865 2.87289433
653 1875 6.94520304 0.00694520304 2.87136294
653 1876 6.95963686 0.00695963686 2.87289433
653 1876 6.95957441 0.00695957441 2.87289433
653 1874 6.95691215 0.00695691215 2.86983155
653 1876 6.95968864 0.00695968864 2.87289433
653 1876 6.95956141 0.00695956141 2.87289433
653 1876 6.95959208 0.00695959208 2.87289433
652 1871 6.93774163 0.00693774163 2.8696319
652 1871 6.93765184 0.00693765184 2.8696319
652 1871 6.93767378 0.00693767378 2.8696319
652 1871 6.93767029 0.00693767029 2.8696319
652 1871 6.93766994 0.00693766994 2.8696319
652 1871 6.93766986 0.00693766986 2.8696319
652 1871 6.93766977 0.00693766977 2.8696319
652 1871 6.93766975 0.00693766975 2.8696319
652 1871 6.93766974 0.00693766974 2.8696319
652 1871 6.93766973 0.00693766973 2.8696319
651 1869 6.91420987 0.00691420987 2.87096774
651 1869 6.9142074 0.0069142074 2.87096774
651 1869 6.9143939 0.0069143939 2.87096774
651 1869 6.91439357 0.00691439357 2.87096774
651 1869 6.91439911 0.00691439911 2.87096774
651 1869 6.91439943 0.00691439943 2.87096774
651 1869 6.91439965 0.00691439965 2.87096774
651 1869 6.91439967 0.00691439967 2.87096774
651 1869 6.91439966 0.00691439966 2.87096774
651 1869 6.91439966 0.00691439966 2.87096774
650 1868 6.89102912 0.00689102912 2.87384615
650 1862 6.89057973 0.00689057973 2.86461538
650 1868 6.89087844 0.00689087844 2.87384615
650 1868 6.89084102 0.00689084102 2.87384615
650 1868 6.89080532 0.00689080532 2.87384615
650 1868 6.89080994 0.00689080994 2.87384615
650 1868 6.89080843 0.00689080843 2.87384615
650 1868 6.89080916 0.00689080916 2.87384615
650 1868 6.89080953 0.00689080953 2.87384615
650 1868 6.89080968 0.00689080968 2.87384615
649 1861 6.86731157 0.00686731157 2.86748844
649 1861 6.86746188 0.00686746188 2.86748844
649 1861 6.8674505 0.0068674505 2.86748844
649 1861 6.86745075 0.00686745075 2.86748844
649 1861 6.86745004 0.00686745004 2.86748844
649 1861 6.86745043 0.00686745043 2.86748844
649 1861 6.86745042 0.00686745042 2.86748844
649 1861 6.86745046 0.00686745046 2.86748844
649 1861 6.86745049 0.00686745049 2.86748844
649 1861 6.86745052 0.00686745052 2.86748844
648 1856 6.84352199 0.00684352199 2.86419753
648 1856 6.84340878 0.00684340878 2.86419753
648 1857 6.84340844 0.00684340844 2.86574074
648 1855 6.84467721 0.00684467721 2.86265432
648 1854 6.84092017 0.00684092017 2.86111111
648 1852 6.84641549 0.00684641549 2.85802469
648 1846 6.8492005 0.0068492005 2.84876543
648 1846 6.84917226 0.00684917226 2.84876543
648 1846 6.84909282 0.00684909282 2.84876543
648 1846 6.84910487 0.00684910487 2.84876543
647 1841 6.82673424 0.00682673424 2.84544049
647 1841 6.82672494 0.00682672494 2.84544049
647 1841 6.8266106 0.0068266106 2.84544049
647 1841 6.82668887 0.00682668887 2.84544049
647 1844 6.82577125 0.00682577125 2.85007728
647 1845 6.82609824 0.00682609824 2.85162287
647 1849 6.80929682 0.00680929682 2.85780526
647 1841 6.82674307 0.00682674307 2.84544049
647 1841 6.82670642 0.00682670642 2.84544049
647 1841 6.82661037 0.00682661037 2.84544049
646 1840 6.80411494 0.00680411494 2.84829721
646 1839 6.80391315 0.00680391315 2.84674923
646 1840 6.80412598 0.00680412598 2.84829721
646 1839 6.80387686 0.00680387686 2.84674923
646 1839 6.80386049 0.00680386049 2.84674923
646 1840 6.8041038 0.0068041038 2.84829721
646 1840 6.80402463 0.00680402463 2.84829721
646 1840 6.80405932 0.00680405932 2.84829721
646 1840 6.80405446 0.00680405446 2.84829721
646 1840 6.80405456 0.00680405456 2.84829721
645 1838 6.78201415 0.00678201415 2.8496124
645 1838 6.78202503 0.00678202503 2.8496124
645 1838 6.78199941 0.00678199941 2.8496124
645 1838 6.78199096 0.00678199096 2.8496124
645 1838 6.78198894 0.00678198894 2.8496124
645 1838 6.78198949 0.00678198949 2.8496124
645 1838 6.78199006 0.00678199006 2.8496124
645 1838 6.78199046 0.00678199046 2.8496124
645 1838 6.78199084 0.00678199084 2.8496124
645 1838 6.78199112 0.00678199112 2.8496124
644 1831 6.75875726 0.00675875726 2.8431677
644 1831 6.75880889 0.00675880889 2.8431677
644 1832 6.75823663 0.00675823663 2.8447205
643 1829 6.74676377 0.00674676377 2.844479
643 1829 6.74668536 0.00674668536 2.844479
643 1828 6.74781356 0.00674781356 2.84292379
643 1828 6.74781081 0.00674781081 2.84292379
643 1828 6.74784873 0.00674784873 2.84292379
643 1828 6.74784117 0.00674784117 2.84292379
643 1828 6.74784065 0.00674784065 2.84292379
642 1827 6.72597345 0.00672597345 2.84579439
642 1827 6.72590214 0.00672590214 2.84579439
642 1827 6.72585729 0.00672585729 2.84579439
642 1827 6.72584991 0.00672584991 2.84579439
642 1827 6.72584616 0.00672584616 2.84579439
642 1827 6.72584763 0.00672584763 2.84579439
642 1827 6.72584821 0.00672584821 2.84579439
642 1827 6.72584873 0.00672584873 2.84579439
642 1827 6.7258492 0.0067258492 2.84579439
642 1827 6.72584953 0.00672584953 2.84579439
641 1820 6.70374309 0.00670374309 2.83931357
641 1820 6.70394676 0.00670394676 2.83931357
641 1820 6.70370301 0.00670370301 2.83931357
641 1820 6.7038407 0.0067038407 2.83931357
641 1820 6.70369438 0.00670369438 2.83931357
641 1820 6.70384466 0.00670384466 2.83931357
641 1820 6.70369665 0.00670369665 2.83931357
641 1820 6.70384598 0.00670384598 2.83931357
641 1820 6.70369799 0.00670369799 2.83931357
641 1820 6.70384665 0.00670384665 2.83931357
640 1814 6.67861156 0.00667861156 2.834375
639 1804 6.67880048 0.00667880048 2.82316119
639 1805 6.67732435 0.00667732435 2.82472613
639 1799 6.67754 0.00667754 2.81533646
639 1804 6.67875555 0.00667875555 2.82316119
639 1803 6.67987348 0.00667987348 2.82159624
639 1803 6.67974457 0.00667974457 2.82159624
639 1803 6.67963509 0.00667963509 2.82159624
639 1803 6.67963524 0.00667963524 2.82159624
639 1803 6.67963837 0.00667963837 2.82159624
638 1797 6.65784348 0.00665784348 2.81661442
638 1797 6.65313059 0.00665313059 2.81661442
638 1801 6.65111217 0.00665111217 2.82288401
638 1799 6.66287326 0.00666287326 2.81974922
638 1797 6.67587505 0.00667587505 2.81661442
638 1794 6.67748721 0.00667748721 2.81191223
638 1792 6.68034924 0.00668034924 2.80877743
638 1795 6.67311999 0.00667311999 2.81347962
638 1798 6.67926048 0.00667926048 2.81818182
638 1793 6.68092646 0.00668092646 2.81034483
637 1791 6.65986071 0.00665986071 2.81161695
637 1791 6.66003375 0.00666003375 2.81161695
637 1788 6.65946924 0.00665946924 2.80690738
637 1788 6.65943538 0.00665943538 2.80690738
637 1791 6.6599069 0.0066599069 2.81161695
637 1791 6.65998524 0.00665998524 2.81161695
637 1791 6.6599729 0.0066599729 2.81161695
637 1791 6.65997357 0.00665997357 2.81161695
637 1791 6.65997382 0.00665997382 2.81161695
637 1791 6.65997423 0.00665997423 2.81161695
636 1786 6.63881509 0.00663881509 2.8081761
636 1786 6.63872438 0.00663872438 2.8081761
636 1786 6.63877746 0.00663877746 2.8081761
636 1786 6.63877549 0.00663877549 2.8081761
636 1786 6.63877579 0.00663877579 2.8081761
636 1786 6.63877631 0.00663877631 2.8081761
636 1786 6.63877667 0.00663877667 2.8081761
636 1786 6.63877693 0.00663877693 2.8081761
636 1786 6.63877712 0.00663877712 2.8081761
636 1786 6.63877725 0.00663877725 2.8081761
635 1782 6.61722032 0.00661722032 2.80629921
635 1782 6.61722934 0.00661722934 2.80629921
635 1782 6.61725897 0.00661725897 2.80629921
635 1782 6.6172506 0.0066172506 2.80629921
635 1782 6.61724981 0.00661724981 2.80629921
635 1782 6.61725213 0.00661725213 2.80629921
635 1782 6.61724995 0.00661724995 2.80629921
635 1782 6.61725169 0.00661725169 2.80629921
635 1782 6.6172498 0.0066172498 2.80629921
635 1782 6.61725158 0.00661725158 2.80629921
634 1777 6.59431228 0.00659431228 2.80283912
634 1777 6.59424236 0.00659424236 2.80283912
634 1777 6.59437243 0.00659437243 2.80283912
634 1777 6.59431296 0.00659431296 2.80283912
634 1777 6.59437747 0.00659437747 2.80283912
634 1777 6.59430906 0.00659430906 2.80283912
634 1777 6.59437753 0.00659437753 2.80283912
634 1777 6.59430924 0.00659430924 2.80283912
634 1777 6.59437753 0.00659437753 2.80283912
634 1777 6.59430923 0.00659430923 2.80283912
633 1772 6.57101402 0.00657101402 2.79936809
633 1772 6.56565349 0.00656565349 2.79936809
633 1772 6.58617319 0.00658617319 2.79936809
633 1772 6.58607684 0.00658607684 2.79936809
633 1772 6.58619204 0.00658619204 2.79936809
633 1772 6.58608118 0.00658608118 2.79936809
633 1772 6.58618494 0.00658618494 2.79936809
633 1772 6.58607982 0.00658607982 2.79936809
633 1772 6.58618342 0.00658618342 2.79936809
633 1772 6.5860792 0.0065860792 2.79936809
632 1767 6.56250832 0.00656250832 2.79588608
632 1767 6.56246558 0.00656246558 2.79588608
632 1767 6.562477 0.006562477 2.79588608
632 1767 6.56247906 0.00656247906 2.79588608
632 1767 6.56248007 0.00656248007 2.79588608
632 1767 6.56248103 0.00656248103 2.79588608
632 1767 6.56248168 0.00656248168 2.79588608
632 1767 6.56248214 0.00656248214 2.79588608
632 1767 6.56248247 0.00656248247 2.79588608
632 1767 6.56248269 0.00656248269 2.79588608
631 1757 6.53805548 0.00653805548 2.7844691
631 1757 6.53822943 0.00653822943 2.7844691
631 1757 6.53823999 0.00653823999 2.7844691
631 1757 6.53822917 0.00653822917 2.7844691
631 1757 6.53823523 0.00653823523 2.7844691
631 1757 6.53823445 0.00653823445 2.7844691
631 1757 6.53823483 0.00653823483 2.7844691
631 1757 6.53823456 0.00653823456 2.7844691
631 1757 6.53823468 0.00653823468 2.7844691
631 1757 6.53823468 0.00653823468 2.7844691
630 1751 6.51376203 0.00651376203 2.77936508
630 1751 6.51358279 0.00651358279 2.77936508
630 1753 6.51381625 0.00651381625 2.78253968
630 1757 6.53781848 0.00653781848 2.78888889
630 1757 6.53778755 0.00653778755 2.78888889
630 1757 6.53778105 0.00653778105 2.78888889
630 1757 6.53777859 0.00653777859 2.78888889
630 1757 6.53777532 0.00653777532 2.78888889
630 1757 6.53777354 0.00653777354 2.78888889
630 1757 6.53777242 0.00653777242 2.78888889
629 1747 6.51306246 0.00651306246 2.77742448
629 1751 6.51281975 0.00651281975 2.78378378
629 1747 6.51310162 0.00651310162 2.77742448
629 1747 6.51319545 0.00651319545 2.77742448
629 1747 6.51324422 0.00651324422 2.77742448
629 1747 6.51323338 0.00651323338 2.77742448
629 1747 6.51324579 0.00651324579 2.77742448
629 1747 6.51324182 0.00651324182 2.77742448
629 1747 6.513243 0.006513243 2.77742448
629 1747 6.51324272 0.00651324272 2.77742448
628 1741 6.48897637 0.00648897637 2.77229299
628 1741 6.48871664 0.00648871664 2.77229299
628 1741 6.48874953 0.00648874953 2.77229299
628 1741 6.48877851 0.00648877851 2.77229299
628 1741 6.48874182 0.00648874182 2.77229299
628 1741 6.4887787 0.0064887787 2.77229299
628 1741 6.48874146 0.00648874146 2.77229299
628 1741 6.4887786 0.0064887786 2.77229299
628 1741 6.48874152 0.00648874152 2.77229299
628 1741 6.48877864 0.00648877864 2.77229299
627 1737 6.46261043 0.00646261043 2.77033493
627 1737 6.46254928 0.00646254928 2.77033493
627 1734 6.46234822 0.00646234822 2.76555024
627 1734 6.46236402 0.00646236402 2.76555024
627 1734 6.4623472 0.0064623472 2.76555024
627 1734 6.46234686 0.00646234686 2.76555024
627 1734 6.46234772 0.00646234772 2.76555024
627 1734 6.46234787 0.00646234787 2.76555024
627 1734 6.46234785 0.00646234785 2.76555024
627 1734 6.46234783 0.00646234783 2.76555024
626 1730 6.43655044 0.00643655044 2.76357827
626 1729 6.4361212 0.0064361212 2.76198083
626 1734 6.43696309 0.00643696309 2.76996805
626 1735 6.43723157 0.00643723157 2.7715655
626 1732 6.43643583 0.00643643583 2.76677316
626 1736 6.43640793 0.00643640793 2.77316294
626 1735 6.43717263 0.00643717263 2.7715655
626 1735 6.4370434 0.0064370434 2.7715655
626 1735 6.43701902 0.00643701902 2.7715655
626 1735 6.43702417 0.00643702417 2.7715655
625 1730 6.41279926 0.00641279926 2.768
625 1730 6.41289646 0.00641289646 2.768
625 1730 6.41298303 0.00641298303 2.768
625 1730 6.41291705 0.00641291705 2.768
625 1730 6.41295998 0.00641295998 2.768
625 1730 6.41291655 0.00641291655 2.768
625 1730 6.41296123 0.00641296123 2.768
625 1730 6.41291649 0.00641291649 2.768
625 1730 6.41296117 0.00641296117 2.768
625 1730 6.41291655 0.00641291655 2.768
624 1723 6.38705457 0.00638705457 2.76121795
624 1723 6.38704919 0.00638704919 2.76121795
624 1726 6.38773842 0.00638773842 2.76602564
624 1726 6.38759788 0.00638759788 2.76602564
624 1726 6.38778264 0.00638778264 2.76602564
624 1726 6.38758463 0.00638758463 2.76602564
624 1726 6.3877768 0.0063877768 2.76602564
624 1726 6.38758467 0.00638758467 2.76602564
624 1726 6.38777683 0.00638777683 2.76602564
624 1726 6.38758476 0.00638758476 2.76602564
623 1719 6.36229127 0.00636229127 2.75922953
623 1721 6.360455 0.006360455 2.76243981
623 1718 6.36139671 0.00636139671 2.7576244
623 1720 6.35610692 0.00635610692 2.76083467
623 1718 6.36155078 0.00636155078 2.7576244
623 1720 6.36066587 0.00636066587 2.76083467
623 1721 6.36627961 0.00636627961 2.76243981
622 1717 6.34632709 0.00634632709 2.76045016
621 1711 6.3254698 0.0063254698 2.75523349
621 1709 6.32602736 0.00632602736 2.75201288
620 1707 6.3025723 0.0063025723 2.75322581
620 1707 6.30231843 0.00630231843 2.75322581
620 1707 6.30230502 0.00630230502 2.75322581
620 1707 6.30239372 0.00630239372 2.75322581
620 1707 6.30227748 0.00630227748 2.75322581
620 1704 6.301064 0.006301064 2.7483871
620 1707 6.3017848 0.0063017848 2.75322581
620 1707 6.30174594 0.00630174594 2.75322581
620 1707 6.30175387 0.00630175387 2.75322581
620 1707 6.30175994 0.00630175994 2.75322581
619 1702 6.27847004 0.00627847004 2.74959612
619 1702 6.27820485 0.00627820485 2.74959612
619 1702 6.27823974 0.00627823974 2.74959612
619 1702 6.27817386 0.00627817386 2.74959612
619 1702 6.27824863 0.00627824863 2.74959612
619 1702 6.27824585 0.00627824585 2.74959612
619 1702 6.27825456 0.00627825456 2.74959612
619 1702 6.27825481 0.00627825481 2.74959612
619 1702 6.27825552 0.00627825552 2.74959612
619 1702 6.27825598 0.00627825598 2.74959612
618 1696 6.2537812 0.0062537812 2.74433657
618 1700 6.23416198 0.00623416198 2.75080906
618 1696 6.25379898 0.00625379898 2.74433657
618 1696 6.25374175 0.00625374175 2.74433657
618 1696 6.25370711 0.00625370711 2.74433657
618 1696 6.24992042 0.00624992042 2.74433657
618 1696 6.25365372 0.00625365372 2.74433657
618 1696 6.25370015 0.00625370015 2.74433657
618 1696 6.25372612 0.00625372612 2.74433657
618 1696 6.25371524 0.00625371524 2.74433657
617 1691 6.22951216 0.00622951216 2.74068071
617 1691 6.22955425 0.00622955425 2.74068071
617 1690 6.22934768 0.00622934768 2.73905997
617 1690 6.22933413 0.00622933413 2.73905997
617 1691 6.22947981 0.00622947981 2.74068071
617 1690 6.22935196 0.00622935196 2.73905997
617 1690 6.22933776 0.00622933776 2.73905997
617 1690 6.22932032 0.00622932032 2.73905997
617 1690 6.22931932 0.00622931932 2.73905997
617 1690 6.22932256 0.00622932256 2.73905997
616 1685 6.20592463 0.00620592463 2.73538961
616 1685 6.2060152 0.0062060152 2.73538961
616 1685 6.20605556 0.00620605556 2.73538961
616 1685 6.20605632 0.00620605632 2.73538961
616 1685 6.20606041 0.00620606041 2.73538961
616 1685 6.20606435 0.00620606435 2.73538961
616 1685 6.20606805 0.00620606805 2.73538961
616 1685 6.20607107 0.00620607107 2.73538961
616 1685 6.20607344 0.00620607344 2.73538961
616 1685 6.20607525 0.00620607525 2.73538961
615 1681 6.18238975 0.00618238975 2.73333333
615 1683 6.18169661 0.00618169661 2.73658537
615 1684 6.19133356 0.00619133356 2.73821138
615 1686 6.20219341 0.00620219341 2.74146341
615 1683 6.19976186 0.00619976186 2.73658537
615 1684 6.20566062 0.00620566062 2.73821138
615 1684 6.20606846 0.00620606846 2.73821138
615 1684 6.20620121 0.00620620121 2.73821138
615 1683 6.20522624 0.00620522624 2.73658537
615 1685 6.20632102 0.00620632102 2.7398374
614 1679 6.18279759 0.00618279759 2.73452769
614 1679 6.18285758 0.00618285758 2.73452769
614 1679 6.18282786 0.00618282786 2.73452769
614 1679 6.18282817 0.00618282817 2.73452769
614 1679 6.18283188 0.00618283188 2.73452769
614 1679 6.18283299 0.00618283299 2.73452769
614 1679 6.18283468 0.00618283468 2.73452769
614 1679 6.18283639 0.00618283639 2.73452769
614 1679 6.18283786 0.00618283786 2.73452769
614 1679 6.18283904 0.00618283904 2.73452769
613 1670 6.15948006 0.00615948006 2.72430669
612 1664 6.14491372 0.00614491372 2.71895425
612 1664 6.14409075 0.00614409075 2.71895425
612 1665 6.14441959 0.00614441959 2.72058824
612 1664 6.14503292 0.00614503292 2.71895425
612 1664 6.14491713 0.00614491713 2.71895425
612 1664 6.14492406 0.00614492406 2.71895425
612 1664 6.14492332 0.00614492332 2.71895425
612 1664 6.14492085 0.00614492085 2.71895425
612 1664 6.14491902 0.00614491902 2.71895425
611 1659 6.12153376 0.00612153376 2.71522095
611 1659 6.12143504 0.00612143504 2.71522095
611 1659 6.12143555 0.00612143555 2.71522095
611 1659 6.12140834 0.00612140834 2.71522095
611 1659 6.12144057 0.00612144057 2.71522095
611 1659 6.12141461 0.00612141461 2.71522095
611 1659 6.12144639 0.00612144639 2.71522095
611 1659 6.12141946 0.00612141946 2.71522095
611 1659 6.1214501 0.0061214501 2.71522095
611 1659 6.12142242 0.00612142242 2.71522095
610 1655 6.0977427 0.0060977427 2.71311475
610 1655 6.097717 0.006097717 2.71311475
610 1656 6.09790137 0.00609790137 2.7147541
610 1657 6.09628974 0.00609628974 2.71639344
610 1655 6.09769557 0.00609769557 2.71311475
610 1655 6.09778544 0.00609778544 2.71311475
610 1655 6.09779035 0.00609779035 2.71311475
610 1655 6.09779468 0.00609779468 2.71311475
610 1655 6.0977975 0.0060977975 2.71311475
610 1655 6.09779971 0.00609779971 2.71311475
609 1652 6.07507428 0.00607507428 2.71264368
609 1651 6.07290999 0.00607290999 2.71100164
609 1654 6.09485746 0.00609485746 2.71592775
609 1656 6.09622783 0.00609622783 2.71921182
609 1657 6.1064359 0.0061064359 2.72085386
609 1653 6.10902369 0.00610902369 2.71428571
609 1654 6.10922099 0.00610922099 2.71592775
609 1655 6.10101698 0.00610101698 2.71756979
609 1654 6.1103146 0.0061103146 2.71592775
609 1652 6.12277105 0.00612277105 2.71264368
608 1646 6.10459209 0.00610459209 2.70723684
608 1646 6.10465257 0.00610465257 2.70723684
608 1646 6.10464417 0.00610464417 2.70723684
608 1646 6.10463568 0.00610463568 2.70723684
608 1646 6.10463892 0.00610463892 2.70723684
608 1646 6.10464059 0.00610464059 2.70723684
608 1646 6.10464229 0.00610464229 2.70723684
608 1646 6.10464369 0.00610464369 2.70723684
608 1646 6.10464487 0.00610464487 2.70723684
608 1646 6.10464586 0.00610464586 2.70723684
607 1641 6.08312997 0.00608312997 2.70345964
607 1641 6.08308989 0.00608308989 2.70345964
607 1641 6.08309203 0.00608309203 2.70345964
607 1641 6.08309018 0.00608309018 2.70345964
607 1641 6.08309184 0.00608309184 2.70345964
607 1641 6.08309507 0.00608309507 2.70345964
607 1641 6.08309842 0.00608309842 2.70345964
607 1641 6.0831016 0.0060831016 2.70345964
607 1641 6.08310444 0.00608310444 2.70345964
607 1641 6.08310687 0.00608310687 2.70345964
606 1637 6.06107116 0.00606107116 2.70132013
606 1637 6.06106258 0.00606106258 2.70132013
606 1638 6.061179 0.006061179 2.7029703
606 1639 6.06068998 0.00606068998 2.70462046
606 1637 6.06104212 0.00606104212 2.70132013
606 1637 6.0610971 0.0060610971 2.70132013
606 1637 6.06110807 0.00606110807 2.70132013
606 1637 6.06111238 0.00606111238 2.70132013
606 1637 6.06111496 0.00606111496 2.70132013
606 1637 6.06111776 0.00606111776 2.70132013
605 1634 6.03977109 0.00603977109 2.70082645
605 1634 6.03973544 0.00603973544 2.70082645
605 1634 6.03974534 0.00603974534 2.70082645
605 1634 6.03973459 0.00603973459 2.70082645
605 1634 6.03973181 0.00603973181 2.70082645
605 1634 6.03973146 0.00603973146 2.70082645
605 1634 6.03973229 0.00603973229 2.70082645
605 1634 6.03973377 0.00603973377 2.70082645
605 1634 6.0397355 0.0060397355 2.70082645
605 1634 6.03973727 0.00603973727 2.70082645
604 1629 6.0176719 0.0060176719 2.69701987
604 1630 6.01754446 0.00601754446 2.6986755
604 1630 6.01760232 0.00601760232 2.6986755
604 1630 6.01763884 0.00601763884 2.6986755
604 1630 6.01764763 0.00601764763 2.6986755
604 1630 6.01764829 0.00601764829 2.6986755
604 1630 6.01764862 0.00601764862 2.6986755
604 1630 6.01764899 0.00601764899 2.6986755
604 1630 6.0176493 0.0060176493 2.6986755
604 1630 6.01764955 0.00601764955 2.6986755
603 1625 5.99582431 0.00599582431 2.69485904
603 1626 5.99498949 0.00599498949 2.69651741
603 1626 5.99506491 0.00599506491 2.69651741
603 1626 5.9950686 0.0059950686 2.69651741
603 1626 5.99506571 0.00599506571 2.69651741
603 1626 5.99506597 0.00599506597 2.69651741
603 1626 5.99506712 0.00599506712 2.69651741
603 1626 5.99506873 0.00599506873 2.69651741
603 1626 5.99507054 0.00599507054 2.69651741
603 1626 5.99507239 0.00599507239 2.69651741
602 1621 5.97341011 0.00597341011 2.69269103
602 1621 5.97344638 0.00597344638 2.69269103
602 1621 5.97340846 0.00597340846 2.69269103
602 1621 5.97342239 0.00597342239 2.69269103
602 1621 5.97341963 0.00597341963 2.69269103
602 1621 5.97341697 0.00597341697 2.69269103
602 1621 5.97341525 0.00597341525 2.69269103
602 1621 5.97341365 0.00597341365 2.69269103
602 1621 5.97341233 0.00597341233 2.69269103
602 1621 5.97341122 0.00597341122 2.69269103
601 1619 5.95107087 0.00595107087 2.69384359
601 1619 5.95099687 0.00595099687 2.69384359
601 1619 5.95099979 0.00595099979 2.69384359
601 1619 5.95100021 0.00595100021 2.69384359
601 1619 5.95099845 0.00595099845 2.69384359
601 1619 5.95099752 0.00595099752 2.69384359
601 1619 5.95099707 0.00595099707 2.69384359
601 1619 5.95099671 0.00595099671 2.69384359
601 1619 5.95099641 0.00595099641 2.69384359
601 1619 5.95099618 0.00595099618 2.69384359
600 1618 5.92849278 0.00592849278 2.69666667
600 1612 5.92357843 0.00592357843 2.68666667
600 1608 5.94129188 0.00594129188 2.68
600 1612 5.95862165 0.00595862165 2.68666667
600 1613 5.96342401 0.00596342401 2.68833333
600 1608 5.96369368 0.00596369368 2.68
600 1609 5.97434073 0.00597434073 2.68166667
600 1610 5.9770334 0.0059770334 2.68333333
600 1608 5.97886235 0.00597886235 2.68
599 1604 5.95836107 0.00595836107 2.67779633
598 1599 5.93856194 0.00593856194 2.67391304
598 1598 5.92447509 0.00592447509 2.6722408
598 1600 5.93768061 0.00593768061 2.67558528
598 1599 5.9349794 0.0059349794 2.67391304
598 1599 5.93862401 0.00593862401 2.67391304
598 1599 5.93854474 0.00593854474 2.67391304
598 1598 5.9312165 0.0059312165 2.6722408
598 1599 5.92009825 0.00592009825 2.67391304
598 1599 5.93857865 0.00593857865 2.67391304
598 1599 5.93859721 0.00593859721 2.67391304
597 1596 5.91762792 0.00591762792 2.67336683
597 1596 5.9176265 0.0059176265 2.67336683
597 1595 5.91760237 0.00591760237 2.67169179
597 1596 5.91755564 0.00591755564 2.67336683
597 1596 5.91755035 0.00591755035 2.67336683
597 1596 5.91754229 0.00591754229 2.67336683
597 1596 5.91753357 0.00591753357 2.67336683
597 1596 5.91752854 0.00591752854 2.67336683
597 1596 5.91752434 0.00591752434 2.67336683
597 1596 5.91752097 0.00591752097 2.67336683
596 1592 5.89658269 0.00589658269 2.67114094
596 1589 5.89594125 0.00589594125 2.66610738
595 1585 5.89004862 0.00589004862 2.66386555
595 1585 5.89042853 0.00589042853 2.66386555
595 1587 5.89109287 0.00589109287 2.66722689
595 1584 5.8705688 0.0058705688 2.66218487
594 1583 5.8705637 0.0058705637 2.66498316
594 1579 5.86615064 0.00586615064 2.65824916
594 1582 5.87079576 0.00587079576 2.66329966
594 1582 5.87074617 0.00587074617 2.66329966
593 1578 5.8505799 0.0058505799 2.66104553
593 1578 5.85052024 0.00585052024 2.66104553
593 1578 5.85050288 0.00585050288 2.66104553
593 1578 5.85048153 0.00585048153 2.66104553
593 1578 5.85046449 0.00585046449 2.66104553
593 1578 5.8504513 0.0058504513 2.66104553
593 1578 5.85044079 0.00585044079 2.66104553
593 1578 5.85043238 0.00585043238 2.66104553
593 1578 5.85042561 0.00585042561 2.66104553
593 1578 5.85042015 0.00585042015 2.66104553
592 1576 5.82971835 0.00582971835 2.66216216
592 1576 5.82978035 0.00582978035 2.66216216
592 1576 5.82969748 0.00582969748 2.66216216
592 1576 5.82972423 0.00582972423 2.66216216
592 1576 5.82980228 0.00582980228 2.66216216
592 1576 5.82968506 0.00582968506 2.66216216
592 1576 5.82971085 0.00582971085 2.66216216
592 1576 5.82979539 0.00582979539 2.66216216
592 1576 5.82968522 0.00582968522 2.66216216
592 1576 5.82971071 0.00582971071 2.66216216
591 1571 5.80857555 0.00580857555 2.65820643
591 1571 5.80852687 0.00580852687 2.65820643
591 1571 5.80853114 0.00580853114 2.65820643
591 1571 5.80853378 0.00580853378 2.65820643
591 1571 5.80853612 0.00580853612 2.65820643
591 1571 5.80853899 0.00580853899 2.65820643
591 1571 5.80854218 0.00580854218 2.65820643
591 1571 5.80854553 0.00580854553 2.65820643
591 1571 5.80854893 0.00580854893 2.65820643
591 1571 5.80855228 0.00580855228 2.65820643
590 1567 5.78659769 0.00578659769 2.6559322
590 1567 5.78668778 0.00578668778 2.6559322
590 1567 5.78671462 0.00578671462 2.6559322
590 1567 5.78670839 0.00578670839 2.6559322
590 1567 5.78669435 0.00578669435 2.6559322
590 1567 5.7866857 0.0057866857 2.6559322
590 1567 5.78667757 0.00578667757 2.6559322
590 1567 5.78667032 0.00578667032 2.6559322
590 1567 5.7866637 0.0057866637 2.6559322
590 1567 5.78665769 0.00578665769 2.6559322
589 1563 5.76398349 0.00576398349 2.65365025
589 1563 5.76378018 0.00576378018 2.65365025
589 1563 5.76376934 0.00576376934 2.65365025
589 1563 5.76376913 0.00576376913 2.65365025
589 1563 5.76376807 0.00576376807 2.65365025
589 1563 5.76376687 0.00576376687 2.65365025
589 1563 5.76376574 0.00576376574 2.65365025
589 1563 5.76376472 0.00576376472 2.65365025
589 1563 5.7637638 0.0057637638 2.65365025
589 1563 5.76376296 0.00576376296 2.65365025
588 1560 5.74046242 0.00574046242 2.65306122
588 1560 5.74076035 0.00574076035 2.65306122
588 1562 5.76066198 0.00576066198 2.65646259
588 1563 5.76122793 0.00576122793 2.65816327
587 1558 5.74164103 0.00574164103 2.65417376
587 1558 5.74172598 0.00574172598 2.65417376
587 1558 5.74175039 0.00574175039 2.65417376
587 1558 5.74174664 0.00574174664 2.65417376
587 1558 5.74174308 0.00574174308 2.65417376
587 1558 5.74174037 0.00574174037 2.65417376
586 1556 5.72104009 0.00572104009 2.6552901
585 1554 5.69965497 0.00569965497 2.65641026
585 1552 5.69897565 0.00569897565 2.65299145
585 1552 5.6989945 0.0056989945 2.65299145
585 1552 5.69900927 0.00569900927 2.65299145
585 1552 5.69901002 0.00569901002 2.65299145
585 1552 5.69900986 0.00569900986 2.65299145
585 1552 5.69900973 0.00569900973 2.65299145
585 1552 5.69900959 0.00569900959 2.65299145
585 1552 5.69900947 0.00569900947 2.65299145
584 1550 5.67783241 0.00567783241 2.65410959
584 1547 5.67641124 0.00567641124 2.6489726
584 1548 5.67615197 0.00567615197 2.65068493
584 1547 5.67644758 0.00567644758 2.6489726
584 1550 5.6778134 0.0056778134 2.65410959
584 1550 5.67781361 0.00567781361 2.65410959
584 1550 5.67777103 0.00567777103 2.65410959
584 1550 5.67776972 0.00567776972 2.65410959
584 1550 5.6777655 0.0056777655 2.65410959
584 1550 5.67776686 0.00567776686 2.65410959
583 1545 5.65521125 0.00565521125 2.65008576
583 1545 5.65526245 0.00565526245 2.65008576
583 1545 5.65526134 0.00565526134 2.65008576
583 1545 5.6552658 0.0056552658 2.65008576
583 1545 5.65526967 0.00565526967 2.65008576
583 1545 5.65527354 0.00565527354 2.65008576
583 1545 5.65527742 0.00565527742 2.65008576
583 1545 5.65528128 0.00565528128 2.65008576
583 1545 5.65528509 0.00565528509 2.65008576
583 1545 5.65528883 0.00565528883 2.65008576
582 1541 5.63214041 0.00563214041 2.64776632
582 1541 5.63195484 0.00563195484 2.64776632
582 1541 5.63191494 0.00563191494 2.64776632
582 1541 5.63189205 0.00563189205 2.64776632
582 1541 5.63186984 0.00563186984 2.64776632
582 1541 5.63184927 0.00563184927 2.64776632
582 1541 5.63183052 0.00563183052 2.64776632
582 1541 5.63181311 0.00563181311 2.64776632
582 1541 5.63179686 0.00563179686 2.64776632
582 1541 5.63178158 0.00563178158 2.64776632
581 1535 5.60750795 0.00560750795 2.64199656
581 1535 5.60754099 0.00560754099 2.64199656
580 1530 5.59853776 0.00559853776 2.63793103
580 1528 5.60120394 0.00560120394 2.63448276
580 1529 5.59888681 0.00559888681 2.6362069
580 1530 5.60145896 0.00560145896 2.63793103
579 1524 5.57972168 0.00557972168 2.63212435
579 1521 5.58016119 0.00558016119 2.62694301
579 1521 5.58006813 0.00558006813 2.62694301
579 1521 5.57996077 0.00557996077 2.62694301
578 1519 5.55930982 0.00555930982 2.62802768
578 1519 5.55900289 0.00555900289 2.62802768
578 1519 5.55888683 0.00555888683 2.62802768
578 1519 5.55871533 0.00555871533 2.62802768
578 1519 5.55858528 0.00555858528 2.62802768
578 1519 5.55839024 0.00555839024 2.62802768
578 1519 5.55822567 0.00555822567 2.62802768
578 1519 5.55799352 0.00555799352 2.62802768
578 1519 5.55777504 0.00555777504 2.62802768
578 1519 5.55748164 0.00555748164 2.62802768
577 1516 5.534947 0.005534947 2.62738302
577 1516 5.53483781 0.00553483781 2.62738302
577 1514 5.53358806 0.00553358806 2.62391681
577 1516 5.53394065 0.00553394065 2.62738302
577 1516 5.53346415 0.00553346415 2.62738302
577 1516 5.53283104 0.00553283104 2.62738302
577 1516 5.53200057 0.00553200057 2.62738302
577 1516 5.5308799 0.0055308799 2.62738302
577 1516 5.5293116 0.0055293116 2.62738302
577 1516 5.52702242 0.00552702242 2.62738302
576 1511 5.50314119 0.00550314119 2.62326389
576 1515 5.49774072 0.00549774072 2.63020833
576 1511 5.4862986 0.0054862986 2.62326389
576 1512 5.46419276 0.00546419276 2.625
576 1512 5.41609087 0.00541609087 2.625
576 1514 5.26247069 0.00526247069 2.62847222
576 1513 0 0 2.62673611
allocating memory...
allocating memory...
allocating memory...
allocating memory...
allocating memory...
allocating memory...
allocating memory...
allocating memory...
allocating memory...
allocating memory...
allocating memory...
allocating memory...
walksat version 35
command line = test -solcnf -cutoff 100000000 -best -seed 1234567 -numsol 10 ./residualformula_seed4.cnf
seed = 1234567
cutoff = 100000000
tries = 10
heuristic = best, noise 50 / 100
tail starts after flip = 3000
numatom = 1000, numclause = 1513, numliterals = 4006
wff read in

    lowest     final       avg     noise     noise     total                 avg        mean        mean
    #unsat    #unsat     noise   std dev     ratio     flips              length       flips       flips
      this      this      this      this      this      this   success   success       until         std
       try       try       try       try       try       try      rate     tries      assign         dev

         0         0      4.65      2.71      1.72     57659       100     57659    57659.00
         0         0      7.26      2.98      2.43     27384       100     42521    42521.50    21407.66
         0         0      5.67      2.96      1.92     32500       100     39181    39181.00    16205.58
         0         0      4.62      2.41      1.92     27322       100     36216    36216.25    14499.64
         0         0      3.03      2.24      1.36     18142       100     32601    32601.40    14933.70
         0         0      6.71      3.91      1.71     14014       100     29503    29503.50    15362.10
         0         0      4.50      3.61      1.25     43344       100     31480    31480.71    14967.55
         0         0      3.80      1.91      1.99     14203       100     29321    29321.00    15143.92
         0         0      5.04      4.11      1.23      7400       100     26885    26885.33    15939.37
         0         0      5.61      3.27      1.72     56020       100     29798    29798.80    17627.17

total elapsed seconds = 0.000000
average flips per second = -9223372036854775808
number solutions found = 10
final success rate = 100.000000
average length successful tries = 29798
mean flips until assign = 29798.800000
  variance = 310716990.177778
  standard deviation = 17627.166255
  standard error of mean = 5574.199406
mean seconds until assign = 0.000000
  variance = 0.000000
  standard deviation = 0.000000
  standard error of mean = 0.000000
mean restarts until assign = 1.000000
  variance = 0.000000
  standard deviation = 0.000000
  standard error of mean = 0.000000
final noise level statistics
    statistics over all runs:
      overall mean average noise level = 5.090239
      overall mean noise std deviation = 3.010549
      overall ratio mean noise to mean std dev = 1.690801
    statistics on successful runs:
      successful mean average noise level = 5.090239
      successful mean noise std deviation = 3.010549
      successful ratio mean noise to mean std dev = 1.690801
    statistics on nonsuccessful runs:
      nonsuccessful mean average noise level = 0.000000
      nonsuccessful mean noise std deviation = 0.000000
      nonsuccessful ratio mean noise to mean std dev = 0.000000
ASSIGNMENT FOUND
Check and white a solution
time of whitening    freezing probability
13	 	 	 	1
10	 	 	 	1
11	 	 	 	1
12	 	 	 	1
17	 	 	 	1
8	 	 	 	1
12	 	 	 	1
8	 	 	 	1
8	 	 	 	1
10	 	 	 	1
