START ALGORITHM:
I am going to build an instance with N: 1000 variables and 4200 clauses with a clause density equal to 4.2
START BSP WITH r=0.9:
Decimation scorer: cert
END UNIT PROPAGATION
1000 4200 5.99506216 0.00599506216 4.2
1000 4200 5.9951272 0.0059951272 4.2
1000 4200 5.99500405 0.00599500405 4.2
1000 4200 5.9950594 0.0059950594 4.2
1000 4200 5.99508712 0.00599508712 4.2
1000 4200 5.99493061 0.00599493061 4.2
1000 4200 5.99509783 0.00599509783 4.2
1000 4200 5.99502279 0.00599502279 4.2
1000 4200 5.99507447 0.00599507447 4.2
999 4193 5.99387719 0.00599387719 4.1971972
999 4193 5.99387063 0.00599387063 4.1971972
999 4193 5.99387352 0.00599387352 4.1971972
999 4193 5.99387494 0.00599387494 4.1971972
999 4193 5.99387351 0.00599387351 4.1971972
999 4193 5.99387238 0.00599387238 4.1971972
999 4193 5.99387026 0.00599387026 4.1971972
999 4193 5.99387244 0.00599387244 4.1971972
999 4193 5.99387298 0.00599387298 4.1971972
999 4193 5.99387252 0.00599387252 4.1971972
998 4184 5.99239582 0.00599239582 4.19238477
998 4184 5.992391 0.005992391 4.19238477
998 4187 5.99387051 0.00599387051 4.19539078
998 4187 5.9938703 0.0059938703 4.19539078
998 4187 5.99387302 0.00599387302 4.19539078
998 4187 5.99387348 0.00599387348 4.19539078
998 4187 5.99387354 0.00599387354 4.19539078
998 4187 5.99387278 0.00599387278 4.19539078
998 4187 5.99387293 0.00599387293 4.19539078
998 4187 5.99387274 0.00599387274 4.19539078
997 4178 5.9923941 0.0059923941 4.19057172
997 4178 5.99239051 0.00599239051 4.19057172
997 4178 5.99238852 0.00599238852 4.19057172
997 4178 5.99238513 0.00599238513 4.19057172
997 4178 5.99238262 0.00599238262 4.19057172
997 4178 5.99238167 0.00599238167 4.19057172
997 4178 5.99238157 0.00599238157 4.19057172
997 4178 5.99238091 0.00599238091 4.19057172
997 4178 5.99238046 0.00599238046 4.19057172
997 4178 5.99238044 0.00599238044 4.19057172
996 4173 5.99053364 0.00599053364 4.18975904
996 4173 5.99054474 0.00599054474 4.18975904
996 4173 5.99055492 0.00599055492 4.18975904
996 4173 5.99054578 0.00599054578 4.18975904
996 4173 5.99054395 0.00599054395 4.18975904
996 4164 5.99204829 0.00599204829 4.18072289
996 4164 5.99205314 0.00599205314 4.18072289
996 4164 5.99205824 0.00599205824 4.18072289
996 4164 5.99205579 0.00599205579 4.18072289
996 4164 5.9920544 0.0059920544 4.18072289
995 4155 5.9891296 0.0059891296 4.1758794
995 4155 5.98914504 0.00598914504 4.1758794
995 4155 5.98914052 0.00598914052 4.1758794
995 4155 5.98913489 0.00598913489 4.1758794
995 4155 5.98913389 0.00598913389 4.1758794
995 4159 5.99019217 0.00599019217 4.1798995
995 4159 5.99019992 0.00599019992 4.1798995
995 4159 5.99020941 0.00599020941 4.1798995
995 4159 5.99020663 0.00599020663 4.1798995
995 4159 5.99021835 0.00599021835 4.1798995
994 4152 5.98649193 0.00598649193 4.17706237
994 4148 5.98826348 0.00598826348 4.17303823
994 4148 5.98826464 0.00598826464 4.17303823
994 4148 5.98826794 0.00598826794 4.17303823
994 4148 5.98825437 0.00598825437 4.17303823
994 4148 5.98827093 0.00598827093 4.17303823
994 4148 5.98825934 0.00598825934 4.17303823
994 4148 5.98827197 0.00598827197 4.17303823
994 4148 5.98826992 0.00598826992 4.17303823
994 4148 5.98826785 0.00598826785 4.17303823
993 4139 5.98534278 0.00598534278 4.16817724
993 4139 5.9853332 0.0059853332 4.16817724
993 4139 5.98533113 0.00598533113 4.16817724
993 4139 5.9853412 0.0059853412 4.16817724
993 4139 5.98533006 0.00598533006 4.16817724
993 4139 5.98532912 0.00598532912 4.16817724
993 4139 5.98531522 0.00598531522 4.16817724
993 4139 5.98533307 0.00598533307 4.16817724
993 4139 5.98533207 0.00598533207 4.16817724
993 4139 5.98534671 0.00598534671 4.16817724
992 4133 5.98041435 0.00598041435 4.16633065
992 4133 5.9803985 0.0059803985 4.16633065
992 4132 5.9816661 0.0059816661 4.16532258
992 4132 5.98165092 0.00598165092 4.16532258
992 4132 5.9816617 0.0059816617 4.16532258
992 4132 5.98164778 0.00598164778 4.16532258
992 4132 5.98165875 0.00598165875 4.16532258
992 4132 5.98168438 0.00598168438 4.16532258
992 4132 5.9816837 0.0059816837 4.16532258
992 4132 5.98166025 0.00598166025 4.16532258
991 4126 5.97676171 0.00597676171 4.16347124
991 4126 5.97681361 0.00597681361 4.16347124
991 4126 5.97680738 0.00597680738 4.16347124
991 4126 5.9767995 0.0059767995 4.16347124
991 4124 5.97792166 0.00597792166 4.16145308
991 4124 5.97792714 0.00597792714 4.16145308
991 4124 5.97798771 0.00597798771 4.16145308
991 4124 5.97798336 0.00597798336 4.16145308
991 4124 5.97797225 0.00597797225 4.16145308
991 4124 5.97795754 0.00597795754 4.16145308
990 4118 5.97232086 0.00597232086 4.15959596
990 4118 5.97231061 0.00597231061 4.15959596
990 4118 5.97233054 0.00597233054 4.15959596
990 4118 5.97233244 0.00597233244 4.15959596
990 4118 5.97234889 0.00597234889 4.15959596
990 4118 5.97235933 0.00597235933 4.15959596
990 4118 5.97236917 0.00597236917 4.15959596
990 4118 5.97315791 0.00597315791 4.15959596
990 4118 5.97316138 0.00597316138 4.15959596
990 4118 5.97313661 0.00597313661 4.15959596
989 4108 5.96703643 0.00596703643 4.1536906
989 4105 5.96738292 0.00596738292 4.15065723
989 4112 5.96748626 0.00596748626 4.15773509
989 4112 5.96754205 0.00596754205 4.15773509
989 4112 5.96747667 0.00596747667 4.15773509
989 4112 5.96747462 0.00596747462 4.15773509
989 4112 5.96751918 0.00596751918 4.15773509
989 4112 5.96753672 0.00596753672 4.15773509
989 4112 5.96753682 0.00596753682 4.15773509
989 4112 5.96753024 0.00596753024 4.15773509
988 4105 5.96118075 0.00596118075 4.1548583
988 4099 5.96180006 0.00596180006 4.14878543
988 4099 5.9618012 0.0059618012 4.14878543
988 4099 5.96180988 0.00596180988 4.14878543
988 4099 5.96179236 0.00596179236 4.14878543
988 4099 5.96179027 0.00596179027 4.14878543
988 4099 5.9617873 0.0059617873 4.14878543
988 4099 5.9617804 0.0059617804 4.14878543
988 4099 5.96177752 0.00596177752 4.14878543
988 4099 5.96177374 0.00596177374 4.14878543
987 4092 5.9554093 0.0059554093 4.14589666
987 4089 5.95574461 0.00595574461 4.14285714
987 4089 5.95578855 0.00595578855 4.14285714
987 4089 5.95579884 0.00595579884 4.14285714
987 4089 5.95577417 0.00595577417 4.14285714
987 4089 5.95577242 0.00595577242 4.14285714
987 4089 5.95577241 0.00595577241 4.14285714
987 4089 5.9557696 0.0059557696 4.14285714
987 4089 5.95576709 0.00595576709 4.14285714
987 4089 5.95576337 0.00595576337 4.14285714
986 4082 5.94940311 0.00594940311 4.13995943
986 4082 5.9494055 0.0059494055 4.13995943
986 4082 5.949408 0.005949408 4.13995943
986 4082 5.94941278 0.00594941278 4.13995943
986 4082 5.94942387 0.00594942387 4.13995943
986 4082 5.94942967 0.00594942967 4.13995943
986 4082 5.9494312 0.0059494312 4.13995943
986 4082 5.94942959 0.00594942959 4.13995943
986 4082 5.94942885 0.00594942885 4.13995943
986 4082 5.94942839 0.00594942839 4.13995943
985 4074 5.94286734 0.00594286734 4.13604061
985 4080 5.93933446 0.00593933446 4.14213198
985 4079 5.9453646 0.0059453646 4.14111675
985 4079 5.94538352 0.00594538352 4.14111675
985 4079 5.94539517 0.00594539517 4.14111675
985 4079 5.94539003 0.00594539003 4.14111675
985 4079 5.94539145 0.00594539145 4.14111675
985 4079 5.94538783 0.00594538783 4.14111675
985 4079 5.94538702 0.00594538702 4.14111675
985 4079 5.94538644 0.00594538644 4.14111675
984 4072 5.93907046 0.00593907046 4.13821138
984 4072 5.9390561 0.0059390561 4.13821138
984 4072 5.93901259 0.00593901259 4.13821138
984 4072 5.93903254 0.00593903254 4.13821138
984 4072 5.93908968 0.00593908968 4.13821138
984 4072 5.93907613 0.00593907613 4.13821138
984 4072 5.93906479 0.00593906479 4.13821138
984 4072 5.9390518 0.0059390518 4.13821138
984 4072 5.93903974 0.00593903974 4.13821138
984 4072 5.93902836 0.00593902836 4.13821138
983 4063 5.93252013 0.00593252013 4.13326551
983 4063 5.93260123 0.00593260123 4.13326551
983 4063 5.93264478 0.00593264478 4.13326551
983 4063 5.93267659 0.00593267659 4.13326551
983 4063 5.93263805 0.00593263805 4.13326551
983 4063 5.93261308 0.00593261308 4.13326551
983 4063 5.93259194 0.00593259194 4.13326551
983 4063 5.93257754 0.00593257754 4.13326551
983 4063 5.93257245 0.00593257245 4.13326551
983 4063 5.93257315 0.00593257315 4.13326551
982 4050 5.92581092 0.00592581092 4.12423625
982 4052 5.92615255 0.00592615255 4.12627291
982 4052 5.92622037 0.00592622037 4.12627291
982 4052 5.92625384 0.00592625384 4.12627291
982 4052 5.92623888 0.00592623888 4.12627291
982 4052 5.92621472 0.00592621472 4.12627291
982 4052 5.92621618 0.00592621618 4.12627291
982 4052 5.92620271 0.00592620271 4.12627291
982 4052 5.92619943 0.00592619943 4.12627291
982 4052 5.92620804 0.00592620804 4.12627291
981 4040 5.91951643 0.00591951643 4.11824669
981 4040 5.91952119 0.00591952119 4.11824669
981 4041 5.92089923 0.00592089923 4.11926606
981 4041 5.92088402 0.00592088402 4.11926606
981 4041 5.92092193 0.00592092193 4.11926606
981 4041 5.92094232 0.00592094232 4.11926606
981 4041 5.92095438 0.00592095438 4.11926606
981 4041 5.92095255 0.00592095255 4.11926606
981 4041 5.92094018 0.00592094018 4.11926606
981 4041 5.92095647 0.00592095647 4.11926606
980 4029 5.91423665 0.00591423665 4.11122449
980 4029 5.91422631 0.00591422631 4.11122449
980 4029 5.91422931 0.00591422931 4.11122449
980 4029 5.91423193 0.00591423193 4.11122449
980 4029 5.9141828 0.0059141828 4.11122449
980 4029 5.91421882 0.00591421882 4.11122449
980 4029 5.91425353 0.00591425353 4.11122449
980 4029 5.9141964 0.0059141964 4.11122449
980 4029 5.91423282 0.00591423282 4.11122449
980 4029 5.91419868 0.00591419868 4.11122449
979 4019 5.9073112 0.0059073112 4.1052094
979 4023 5.90753744 0.00590753744 4.1092952
979 4023 5.90751523 0.00590751523 4.1092952
979 4023 5.90751454 0.00590751454 4.1092952
979 4022 5.90782978 0.00590782978 4.10827375
979 4028 5.90778238 0.00590778238 4.11440245
979 4028 5.90778288 0.00590778288 4.11440245
979 4025 5.90762868 0.00590762868 4.1113381
979 4025 5.90761573 0.00590761573 4.1113381
979 4025 5.90757171 0.00590757171 4.1113381
978 4015 5.90064745 0.00590064745 4.10531697
978 4015 5.90061817 0.00590061817 4.10531697
978 4015 5.90059802 0.00590059802 4.10531697
978 4015 5.90058837 0.00590058837 4.10531697
978 4015 5.90057769 0.00590057769 4.10531697
978 4015 5.90059505 0.00590059505 4.10531697
978 4015 5.90059471 0.00590059471 4.10531697
978 4015 5.900595 0.005900595 4.10531697
978 4015 5.90059329 0.00590059329 4.10531697
978 4015 5.90059992 0.00590059992 4.10531697
977 4001 5.89280022 0.00589280022 4.09518936
977 4006 5.89440136 0.00589440136 4.10030706
977 4010 5.89446818 0.00589446818 4.10440123
977 4010 5.89439682 0.00589439682 4.10440123
977 4010 5.89443888 0.00589443888 4.10440123
977 4010 5.89441694 0.00589441694 4.10440123
977 4010 5.89442247 0.00589442247 4.10440123
977 4010 5.89442269 0.00589442269 4.10440123
977 4010 5.89441949 0.00589441949 4.10440123
977 4010 5.89441656 0.00589441656 4.10440123
976 3996 5.88676514 0.00588676514 4.0942623
976 4000 5.88769428 0.00588769428 4.09836066
976 4000 5.88767276 0.00588767276 4.09836066
976 4000 5.88762611 0.00588762611 4.09836066
976 4000 5.88765911 0.00588765911 4.09836066
976 4000 5.8876556 0.0058876556 4.09836066
976 4000 5.887653 0.005887653 4.09836066
976 4000 5.88765157 0.00588765157 4.09836066
976 4000 5.88765575 0.00588765575 4.09836066
976 4000 5.88765388 0.00588765388 4.09836066
975 3986 5.88004905 0.00588004905 4.08820513
975 3986 5.88008511 0.00588008511 4.08820513
975 3986 5.88009031 0.00588009031 4.08820513
975 3986 5.88006726 0.00588006726 4.08820513
975 3986 5.88006794 0.00588006794 4.08820513
975 3986 5.88007215 0.00588007215 4.08820513
975 3986 5.8800783 0.0058800783 4.08820513
975 3986 5.88007813 0.00588007813 4.08820513
975 3986 5.88007738 0.00588007738 4.08820513
975 3986 5.88007446 0.00588007446 4.08820513
974 3978 5.87206476 0.00587206476 4.08418891
974 3978 5.87211049 0.00587211049 4.08418891
974 3978 5.87203167 0.00587203167 4.08418891
974 3978 5.87205359 0.00587205359 4.08418891
974 3978 5.87207403 0.00587207403 4.08418891
974 3978 5.87205982 0.00587205982 4.08418891
974 3978 5.87206164 0.00587206164 4.08418891
974 3978 5.87206782 0.00587206782 4.08418891
974 3978 5.87206041 0.00587206041 4.08418891
974 3978 5.87205975 0.00587205975 4.08418891
973 3969 5.86374909 0.00586374909 4.07913669
973 3969 5.86370103 0.00586370103 4.07913669
973 3969 5.86374267 0.00586374267 4.07913669
973 3969 5.86376741 0.00586376741 4.07913669
973 3969 5.86374225 0.00586374225 4.07913669
973 3969 5.86372671 0.00586372671 4.07913669
973 3969 5.86372183 0.00586372183 4.07913669
973 3969 5.8637183 0.0058637183 4.07913669
973 3969 5.86371795 0.00586371795 4.07913669
973 3969 5.86371703 0.00586371703 4.07913669
972 3961 5.85529026 0.00585529026 4.07510288
972 3965 5.85644859 0.00585644859 4.07921811
972 3965 5.85651414 0.00585651414 4.07921811
972 3965 5.85650296 0.00585650296 4.07921811
972 3965 5.85648763 0.00585648763 4.07921811
972 3965 5.85647408 0.00585647408 4.07921811
972 3965 5.8564672 0.0058564672 4.07921811
972 3965 5.85646132 0.00585646132 4.07921811
972 3965 5.85645917 0.00585645917 4.07921811
972 3965 5.85645723 0.00585645723 4.07921811
971 3957 5.84804254 0.00584804254 4.07518023
971 3957 5.84803937 0.00584803937 4.07518023
971 3957 5.84804217 0.00584804217 4.07518023
971 3957 5.84803387 0.00584803387 4.07518023
971 3957 5.84804022 0.00584804022 4.07518023
971 3957 5.84803246 0.00584803246 4.07518023
971 3957 5.84803304 0.00584803304 4.07518023
971 3957 5.84802819 0.00584802819 4.07518023
971 3957 5.84802911 0.00584802911 4.07518023
971 3957 5.84802857 0.00584802857 4.07518023
970 3949 5.83964748 0.00583964748 4.07113402
970 3951 5.84030459 0.00584030459 4.07319588
970 3951 5.84021745 0.00584021745 4.07319588
970 3951 5.84024675 0.00584024675 4.07319588
970 3951 5.84023685 0.00584023685 4.07319588
970 3951 5.84023927 0.00584023927 4.07319588
970 3951 5.84023514 0.00584023514 4.07319588
970 3951 5.84023699 0.00584023699 4.07319588
970 3951 5.84023711 0.00584023711 4.07319588
970 3951 5.8402366 0.0058402366 4.07319588
969 3943 5.83185859 0.00583185859 4.06914345
969 3945 5.83227922 0.00583227922 4.07120743
969 3945 5.82926348 0.00582926348 4.07120743
969 3945 5.82928604 0.00582928604 4.07120743
969 3945 5.82927824 0.00582927824 4.07120743
969 3946 5.83231115 0.00583231115 4.07223942
969 3943 5.83263666 0.00583263666 4.06914345
969 3943 5.83269857 0.00583269857 4.06914345
969 3943 5.83267748 0.00583267748 4.06914345
969 3943 5.83262425 0.00583262425 4.06914345
968 3935 5.824299 0.005824299 4.06508264
968 3935 5.82437007 0.00582437007 4.06508264
968 3935 5.824401 0.005824401 4.06508264
968 3935 5.82434225 0.00582434225 4.06508264
968 3935 5.82433161 0.00582433161 4.06508264
968 3935 5.82433481 0.00582433481 4.06508264
968 3935 5.8243298 0.0058243298 4.06508264
968 3935 5.82433037 0.00582433037 4.06508264
968 3935 5.82433356 0.00582433356 4.06508264
968 3935 5.82432755 0.00582432755 4.06508264
967 3922 5.8153916 0.0058153916 4.05584281
967 3922 5.81544902 0.00581544902 4.05584281
967 3926 5.81599788 0.00581599788 4.05997932
967 3926 5.81596951 0.00581596951 4.05997932
967 3926 5.81596997 0.00581596997 4.05997932
967 3926 5.81597336 0.00581597336 4.05997932
967 3926 5.81597367 0.00581597367 4.05997932
967 3926 5.81600877 0.00581600877 4.05997932
967 3926 5.81598909 0.00581598909 4.05997932
967 3926 5.81597126 0.00581597126 4.05997932
966 3913 5.80713324 0.00580713324 4.05072464
966 3913 5.80717076 0.00580717076 4.05072464
966 3922 5.80758402 0.00580758402 4.06004141
966 3922 5.80757186 0.00580757186 4.06004141
966 3922 5.80759508 0.00580759508 4.06004141
966 3922 5.80758811 0.00580758811 4.06004141
966 3922 5.8075849 0.0058075849 4.06004141
966 3922 5.80753508 0.00580753508 4.06004141
966 3922 5.80755239 0.00580755239 4.06004141
966 3922 5.8076033 0.0058076033 4.06004141
965 3909 5.79876266 0.00579876266 4.0507772
965 3909 5.79881663 0.00579881663 4.0507772
965 3918 5.7989531 0.0057989531 4.06010363
965 3918 5.79893753 0.00579893753 4.06010363
965 3918 5.79892908 0.00579892908 4.06010363
965 3918 5.79887417 0.00579887417 4.06010363
965 3918 5.79894572 0.00579894572 4.06010363
965 3918 5.79888932 0.00579888932 4.06010363
965 3918 5.79892226 0.00579892226 4.06010363
965 3918 5.79889289 0.00579889289 4.06010363
964 3905 5.79015489 0.00579015489 4.05082988
964 3905 5.79013789 0.00579013789 4.05082988
964 3905 5.79015155 0.00579015155 4.05082988
964 3905 5.79012738 0.00579012738 4.05082988
964 3905 5.79012368 0.00579012368 4.05082988
964 3905 5.79012819 0.00579012819 4.05082988
964 3905 5.79012903 0.00579012903 4.05082988
964 3905 5.7901287 0.0057901287 4.05082988
964 3905 5.79012744 0.00579012744 4.05082988
964 3905 5.79012694 0.00579012694 4.05082988
963 3901 5.77991558 0.00577991558 4.05088266
963 3901 5.77774067 0.00577774067 4.05088266
963 3897 5.78111902 0.00578111902 4.04672897
963 3897 5.78121621 0.00578121621 4.04672897
963 3897 5.78111385 0.00578111385 4.04672897
963 3897 5.78121292 0.00578121292 4.04672897
963 3897 5.78123758 0.00578123758 4.04672897
963 3897 5.78124988 0.00578124988 4.04672897
963 3897 5.78123623 0.00578123623 4.04672897
963 3897 5.78122871 0.00578122871 4.04672897
962 3891 5.77087479 0.00577087479 4.04469854
962 3893 5.77099029 0.00577099029 4.04677755
962 3890 5.7712216 0.0057712216 4.04365904
962 3890 5.77116997 0.00577116997 4.04365904
962 3890 5.77114621 0.00577114621 4.04365904
962 3890 5.77115542 0.00577115542 4.04365904
962 3890 5.77115604 0.00577115604 4.04365904
962 3890 5.77115743 0.00577115743 4.04365904
962 3890 5.77115587 0.00577115587 4.04365904
962 3890 5.77115565 0.00577115565 4.04365904
961 3886 5.76109441 0.00576109441 4.04370447
961 3886 5.75890402 0.00575890402 4.04370447
961 3886 5.75886084 0.00575886084 4.04370447
961 3886 5.75885511 0.00575885511 4.04370447
961 3886 5.75882984 0.00575882984 4.04370447
961 3886 5.75881639 0.00575881639 4.04370447
961 3886 5.75882462 0.00575882462 4.04370447
961 3886 5.7588043 0.0057588043 4.04370447
961 3886 5.75878872 0.00575878872 4.04370447
961 3886 5.75878509 0.00575878509 4.04370447
960 3878 5.74834435 0.00574834435 4.03958333
960 3880 5.74846047 0.00574846047 4.04166667
960 3882 5.7520357 0.0057520357 4.04375
960 3882 5.75228709 0.00575228709 4.04375
960 3882 5.75236577 0.00575236577 4.04375
960 3882 5.75236251 0.00575236251 4.04375
960 3882 5.75231526 0.00575231526 4.04375
960 3882 5.75233303 0.00575233303 4.04375
960 3882 5.75233955 0.00575233955 4.04375
960 3882 5.75227709 0.00575227709 4.04375
959 3874 5.74206358 0.00574206358 4.03962461
959 3875 5.74268454 0.00574268454 4.04066736
959 3875 5.74261527 0.00574261527 4.04066736
959 3875 5.74263088 0.00574263088 4.04066736
959 3872 5.74477472 0.00574477472 4.0375391
959 3872 5.74477625 0.00574477625 4.0375391
959 3872 5.74479298 0.00574479298 4.0375391
959 3872 5.74480058 0.00574480058 4.0375391
959 3872 5.74479084 0.00574479084 4.0375391
959 3872 5.74478031 0.00574478031 4.0375391
958 3865 5.73514612 0.00573514612 4.03444676
958 3865 5.73522767 0.00573522767 4.03444676
958 3865 5.73515984 0.00573515984 4.03444676
958 3865 5.73518825 0.00573518825 4.03444676
958 3865 5.73522882 0.00573522882 4.03444676
958 3865 5.73525635 0.00573525635 4.03444676
958 3865 5.73526426 0.00573526426 4.03444676
958 3865 5.73527418 0.00573527418 4.03444676
958 3865 5.73527985 0.00573527985 4.03444676
958 3865 5.73528135 0.00573528135 4.03444676
957 3856 5.72471937 0.00572471937 4.0292581
957 3859 5.72472091 0.00572472091 4.03239289
957 3859 5.7246945 0.0057246945 4.03239289
957 3859 5.72470549 0.00572470549 4.03239289
957 3859 5.72477547 0.00572477547 4.03239289
957 3859 5.72482013 0.00572482013 4.03239289
957 3859 5.72483132 0.00572483132 4.03239289
957 3859 5.72484176 0.00572484176 4.03239289
957 3859 5.72484772 0.00572484772 4.03239289
957 3859 5.72484781 0.00572484781 4.03239289
956 3850 5.7142933 0.0057142933 4.02719665
956 3850 5.71422857 0.00571422857 4.02719665
956 3854 5.71420355 0.00571420355 4.03138075
956 3854 5.71424698 0.00571424698 4.03138075
956 3851 5.71429069 0.00571429069 4.02824268
956 3851 5.71445486 0.00571445486 4.02824268
956 3853 5.71514426 0.00571514426 4.03033473
956 3857 5.71193941 0.00571193941 4.03451883
956 3857 5.71207854 0.00571207854 4.03451883
956 3854 5.71230717 0.00571230717 4.03138075
955 3849 5.70230054 0.00570230054 4.03036649
955 3849 5.70236303 0.00570236303 4.03036649
955 3849 5.70228661 0.00570228661 4.03036649
955 3849 5.70231103 0.00570231103 4.03036649
955 3849 5.70232716 0.00570232716 4.03036649
955 3849 5.70234338 0.00570234338 4.03036649
955 3849 5.70235227 0.00570235227 4.03036649
955 3849 5.70235814 0.00570235814 4.03036649
955 3849 5.70236135 0.00570236135 4.03036649
955 3849 5.70236459 0.00570236459 4.03036649
954 3846 5.69194902 0.00569194902 4.03144654
954 3839 5.69079358 0.00569079358 4.02410901
954 3839 5.69081884 0.00569081884 4.02410901
954 3839 5.69096076 0.00569096076 4.02410901
954 3839 5.69098942 0.00569098942 4.02410901
954 3839 5.69102217 0.00569102217 4.02410901
954 3839 5.69104224 0.00569104224 4.02410901
954 3839 5.69103876 0.00569103876 4.02410901
954 3839 5.69103039 0.00569103039 4.02410901
954 3839 5.69101623 0.00569101623 4.02410901
953 3833 5.68060813 0.00568060813 4.02203568
953 3831 5.68122682 0.00568122682 4.01993704
953 3831 5.68127067 0.00568127067 4.01993704
953 3836 5.69049302 0.00569049302 4.02518363
953 3833 5.6903157 0.0056903157 4.02203568
953 3836 5.69060893 0.00569060893 4.02518363
953 3836 5.69056005 0.00569056005 4.02518363
953 3835 5.68917053 0.00568917053 4.02413431
953 3836 5.69054144 0.00569054144 4.02518363
953 3836 5.6905688 0.0056905688 4.02518363
952 3828 5.68099672 0.00568099672 4.0210084
952 3826 5.68309629 0.00568309629 4.01890756
952 3827 5.68363039 0.00568363039 4.01995798
952 3827 5.68373009 0.00568373009 4.01995798
952 3827 5.68371715 0.00568371715 4.01995798
952 3827 5.68370204 0.00568370204 4.01995798
952 3827 5.68377702 0.00568377702 4.01995798
952 3827 5.6837694 0.0056837694 4.01995798
952 3827 5.6837248 0.0056837248 4.01995798
952 3827 5.68374823 0.00568374823 4.01995798
951 3821 5.67332011 0.00567332011 4.01787592
951 3821 5.67326846 0.00567326846 4.01787592
951 3821 5.67317936 0.00567317936 4.01787592
951 3821 5.67315366 0.00567315366 4.01787592
951 3821 5.6731226 0.0056731226 4.01787592
951 3821 5.67309595 0.00567309595 4.01787592
951 3821 5.67326838 0.00567326838 4.01787592
951 3821 5.67319845 0.00567319845 4.01787592
951 3821 5.67319298 0.00567319298 4.01787592
951 3821 5.67321658 0.00567321658 4.01787592
950 3813 5.66245438 0.00566245438 4.01368421
950 3813 5.66252743 0.00566252743 4.01368421
950 3813 5.66245578 0.00566245578 4.01368421
950 3813 5.66254357 0.00566254357 4.01368421
950 3815 5.66244618 0.00566244618 4.01578947
950 3815 5.66235684 0.00566235684 4.01578947
950 3813 5.66271415 0.00566271415 4.01368421
950 3813 5.66245659 0.00566245659 4.01368421
950 3813 5.66262523 0.00566262523 4.01368421
950 3813 5.66249036 0.00566249036 4.01368421
949 3809 5.65184861 0.00565184861 4.01369863
949 3807 5.65209461 0.00565209461 4.01159115
949 3807 5.65219116 0.00565219116 4.01159115
949 3807 5.652069 0.005652069 4.01159115
949 3807 5.65209295 0.00565209295 4.01159115
949 3807 5.65209374 0.00565209374 4.01159115
949 3807 5.65208741 0.00565208741 4.01159115
949 3807 5.65205561 0.00565205561 4.01159115
949 3807 5.65204108 0.00565204108 4.01159115
949 3807 5.65203534 0.00565203534 4.01159115
948 3803 5.64131915 0.00564131915 4.01160338
948 3797 5.64135296 0.00564135296 4.00527426
948 3803 5.64148355 0.00564148355 4.01160338
948 3803 5.6415975 0.0056415975 4.01160338
948 3803 5.64147004 0.00564147004 4.01160338
948 3803 5.64149096 0.00564149096 4.01160338
947 3796 5.63395478 0.00563395478 4.00844773
947 3796 5.63405666 0.00563405666 4.00844773
947 3796 5.63397925 0.00563397925 4.00844773
947 3796 5.63399638 0.00563399638 4.00844773
946 3788 5.62304546 0.00562304546 4.00422833
946 3786 5.62327027 0.00562327027 4.00211416
946 3786 5.62326568 0.00562326568 4.00211416
946 3786 5.62323405 0.00562323405 4.00211416
946 3786 5.62322029 0.00562322029 4.00211416
946 3786 5.62314486 0.00562314486 4.00211416
946 3786 5.62312465 0.00562312465 4.00211416
946 3786 5.62310707 0.00562310707 4.00211416
946 3786 5.62307253 0.00562307253 4.00211416
946 3786 5.62306698 0.00562306698 4.00211416
945 3778 5.61220191 0.00561220191 3.9978836
945 3778 5.612284 0.005612284 3.9978836
945 3778 5.61223125 0.00561223125 3.9978836
945 3778 5.61243207 0.00561243207 3.9978836
945 3778 5.61241224 0.00561241224 3.9978836
945 3778 5.61234424 0.00561234424 3.9978836
945 3778 5.61233663 0.00561233663 3.9978836
945 3778 5.61233524 0.00561233524 3.9978836
945 3778 5.61234039 0.00561234039 3.9978836
945 3778 5.61234923 0.00561234923 3.9978836
944 3770 5.60155703 0.00560155703 3.99364407
944 3770 5.60064004 0.00560064004 3.99364407
944 3770 5.60186442 0.00560186442 3.99364407
944 3770 5.60183145 0.00560183145 3.99364407
944 3772 5.60201744 0.00560201744 3.99576271
944 3772 5.60197814 0.00560197814 3.99576271
944 3772 5.60196779 0.00560196779 3.99576271
944 3772 5.60188267 0.00560188267 3.99576271
944 3772 5.6019199 0.0056019199 3.99576271
944 3772 5.60184032 0.00560184032 3.99576271
943 3764 5.59092176 0.00559092176 3.99151644
943 3764 5.59102158 0.00559102158 3.99151644
943 3764 5.59093053 0.00559093053 3.99151644
943 3764 5.59100168 0.00559100168 3.99151644
943 3764 5.59113261 0.00559113261 3.99151644
943 3764 5.59106753 0.00559106753 3.99151644
943 3764 5.5909759 0.0055909759 3.99151644
943 3764 5.59111636 0.00559111636 3.99151644
943 3764 5.59116618 0.00559116618 3.99151644
943 3764 5.5910988 0.0055910988 3.99151644
942 3758 5.58011919 0.00558011919 3.98938429
942 3758 5.5800875 0.0055800875 3.98938429
942 3758 5.58001228 0.00558001228 3.98938429
942 3758 5.58002664 0.00558002664 3.98938429
942 3754 5.57997018 0.00557997018 3.985138
942 3758 5.58014742 0.00558014742 3.98938429
942 3758 5.58009425 0.00558009425 3.98938429
942 3758 5.58006174 0.00558006174 3.98938429
942 3758 5.58006107 0.00558006107 3.98938429
942 3758 5.58006041 0.00558006041 3.98938429
941 3748 5.56904575 0.00556904575 3.98299681
941 3748 5.56954893 0.00556954893 3.98299681
941 3748 5.56949551 0.00556949551 3.98299681
941 3748 5.56943998 0.00556943998 3.98299681
941 3748 5.5694598 0.0055694598 3.98299681
941 3748 5.56946871 0.00556946871 3.98299681
941 3748 5.56947296 0.00556947296 3.98299681
941 3748 5.56948007 0.00556948007 3.98299681
941 3748 5.5694846 0.0055694846 3.98299681
941 3748 5.5694848 0.0055694848 3.98299681
940 3738 5.558452 0.005558452 3.97659574
940 3738 5.55855123 0.00555855123 3.97659574
940 3738 5.55856764 0.00555856764 3.97659574
940 3738 5.55843236 0.00555843236 3.97659574
940 3738 5.55834149 0.00555834149 3.97659574
940 3736 5.55818225 0.00555818225 3.97446809
940 3738 5.55839483 0.00555839483 3.97659574
940 3738 5.5583126 0.0055583126 3.97659574
940 3738 5.55840912 0.00555840912 3.97659574
940 3738 5.55843345 0.00555843345 3.97659574
939 3735 5.55272846 0.00555272846 3.97763578
939 3735 5.5527703 0.0055527703 3.97763578
939 3735 5.55260565 0.00555260565 3.97763578
939 3735 5.55257843 0.00555257843 3.97763578
939 3735 5.55280219 0.00555280219 3.97763578
939 3735 5.55275966 0.00555275966 3.97763578
939 3735 5.55278436 0.00555278436 3.97763578
939 3735 5.55262429 0.00555262429 3.97763578
939 3735 5.55253009 0.00555253009 3.97763578
939 3735 5.55275204 0.00555275204 3.97763578
938 3733 5.54173729 0.00554173729 3.97974414
938 3723 5.54174337 0.00554174337 3.96908316
938 3731 5.54154149 0.00554154149 3.97761194
938 3729 5.54130231 0.00554130231 3.97547974
938 3727 5.54115483 0.00554115483 3.97334755
938 3733 5.54178012 0.00554178012 3.97974414
938 3727 5.54169242 0.00554169242 3.97334755
938 3723 5.54158541 0.00554158541 3.96908316
938 3723 5.54168179 0.00554168179 3.96908316
938 3723 5.54165838 0.00554165838 3.96908316
937 3712 5.5308947 0.0055308947 3.96157951
937 3712 5.53086596 0.00553086596 3.96157951
937 3715 5.53096844 0.00553096844 3.96478122
937 3725 5.5308399 0.0055308399 3.97545358
937 3722 5.53233023 0.00553233023 3.97225187
937 3724 5.53205791 0.00553205791 3.97438634
937 3714 5.53081589 0.00553081589 3.96371398
937 3712 5.52950537 0.00552950537 3.96157951
937 3716 5.53085264 0.00553085264 3.96584845
937 3710 5.53054804 0.00553054804 3.95944504
936 3704 5.52045827 0.00552045827 3.95726496
936 3704 5.52047092 0.00552047092 3.95726496
936 3704 5.52042645 0.00552042645 3.95726496
936 3710 5.52013146 0.00552013146 3.96367521
936 3710 5.52029606 0.00552029606 3.96367521
936 3710 5.52031824 0.00552031824 3.96367521
936 3710 5.52020153 0.00552020153 3.96367521
936 3710 5.5201376 0.0055201376 3.96367521
936 3710 5.5204376 0.0055204376 3.96367521
936 3710 5.52041374 0.00552041374 3.96367521
935 3706 5.5088135 0.0055088135 3.96363636
934 3699 5.49872582 0.00549872582 3.96038544
934 3699 5.4997217 0.0054997217 3.96038544
934 3697 5.49885096 0.00549885096 3.95824411
934 3699 5.49448699 0.00549448699 3.96038544
934 3701 5.4952062 0.0054952062 3.96252677
934 3701 5.49591593 0.00549591593 3.96252677
934 3708 5.49563628 0.00549563628 3.97002141
934 3707 5.49552589 0.00549552589 3.96895075
934 3700 5.49596271 0.00549596271 3.9614561
933 3695 5.48368536 0.00548368536 3.96034298
933 3695 5.48375681 0.00548375681 3.96034298
933 3692 5.48366833 0.00548366833 3.95712755
933 3695 5.48362004 0.00548362004 3.96034298
933 3692 5.48362186 0.00548362186 3.95712755
933 3695 5.48361491 0.00548361491 3.96034298
933 3695 5.48377187 0.00548377187 3.96034298
933 3695 5.4837285 0.0054837285 3.96034298
933 3695 5.48378831 0.00548378831 3.96034298
933 3695 5.48378705 0.00548378705 3.96034298
932 3687 5.47180203 0.00547180203 3.95600858
932 3685 5.47902262 0.00547902262 3.95386266
932 3685 5.47909514 0.00547909514 3.95386266
932 3685 5.47912633 0.00547912633 3.95386266
932 3685 5.47916495 0.00547916495 3.95386266
932 3685 5.47917405 0.00547917405 3.95386266
932 3685 5.47918324 0.00547918324 3.95386266
932 3685 5.47918707 0.00547918707 3.95386266
932 3685 5.47919308 0.00547919308 3.95386266
932 3685 5.47919731 0.00547919731 3.95386266
931 3677 5.46727598 0.00546727598 3.94951665
931 3680 5.4685691 0.0054685691 3.95273899
931 3680 5.46869439 0.00546869439 3.95273899
931 3677 5.46849672 0.00546849672 3.94951665
931 3678 5.47069088 0.00547069088 3.95059076
931 3678 5.47078534 0.00547078534 3.95059076
931 3678 5.47074474 0.00547074474 3.95059076
931 3678 5.47078304 0.00547078304 3.95059076
931 3678 5.4707983 0.0054707983 3.95059076
931 3678 5.47080071 0.00547080071 3.95059076
930 3670 5.45859684 0.00545859684 3.94623656
930 3670 5.45861437 0.00545861437 3.94623656
930 3675 5.45888696 0.00545888696 3.9516129
930 3675 5.45896637 0.00545896637 3.9516129
930 3670 5.4584634 0.0054584634 3.94623656
930 3670 5.45851997 0.00545851997 3.94623656
930 3675 5.45890294 0.00545890294 3.9516129
930 3675 5.45901321 0.00545901321 3.9516129
930 3675 5.45900345 0.00545900345 3.9516129
930 3675 5.45904057 0.00545904057 3.9516129
929 3667 5.44714887 0.00544714887 3.94725511
929 3667 5.44712883 0.00544712883 3.94725511
929 3667 5.44716325 0.00544716325 3.94725511
929 3667 5.44715941 0.00544715941 3.94725511
929 3667 5.44714496 0.00544714496 3.94725511
929 3667 5.44713667 0.00544713667 3.94725511
929 3667 5.44714481 0.00544714481 3.94725511
929 3667 5.44714793 0.00544714793 3.94725511
929 3667 5.44715073 0.00544715073 3.94725511
929 3667 5.44714917 0.00544714917 3.94725511
928 3660 5.43443692 0.00543443692 3.94396552
928 3660 5.43449332 0.00543449332 3.94396552
928 3660 5.43415868 0.00543415868 3.94396552
928 3660 5.43453732 0.00543453732 3.94396552
928 3662 5.43475424 0.00543475424 3.94612069
928 3662 5.43505849 0.00543505849 3.94612069
928 3662 5.43482178 0.00543482178 3.94612069
928 3662 5.43507884 0.00543507884 3.94612069
928 3662 5.43496419 0.00543496419 3.94612069
928 3662 5.43489118 0.00543489118 3.94612069
927 3649 5.42227482 0.00542227482 3.93635383
927 3657 5.42239543 0.00542239543 3.94498382
927 3657 5.42241949 0.00542241949 3.94498382
927 3658 5.42213111 0.00542213111 3.94606257
927 3649 5.42232742 0.00542232742 3.93635383
927 3649 5.42231446 0.00542231446 3.93635383
927 3649 5.42231337 0.00542231337 3.93635383
927 3649 5.42230787 0.00542230787 3.93635383
927 3649 5.42230138 0.00542230138 3.93635383
927 3649 5.42231148 0.00542231148 3.93635383
926 3645 5.40983777 0.00540983777 3.9362851
926 3642 5.40889226 0.00540889226 3.93304536
926 3642 5.40903859 0.00540903859 3.93304536
926 3651 5.41048416 0.00541048416 3.94276458
926 3654 5.41134805 0.00541134805 3.94600432
926 3654 5.41137602 0.00541137602 3.94600432
926 3654 5.41136609 0.00541136609 3.94600432
926 3654 5.41139864 0.00541139864 3.94600432
926 3654 5.41149041 0.00541149041 3.94600432
926 3654 5.41140416 0.00541140416 3.94600432
925 3646 5.39917953 0.00539917953 3.94162162
925 3649 5.39902262 0.00539902262 3.94486486
925 3646 5.39970882 0.00539970882 3.94162162
925 3644 5.39878913 0.00539878913 3.93945946
925 3641 5.40558009 0.00540558009 3.93621622
925 3643 5.40086175 0.00540086175 3.93837838
925 3643 5.40089351 0.00540089351 3.93837838
925 3644 5.40533339 0.00540533339 3.93945946
925 3644 5.40543762 0.00540543762 3.93945946
925 3641 5.40562957 0.00540562957 3.93621622
924 3636 5.39390749 0.00539390749 3.93506494
924 3636 5.39429781 0.00539429781 3.93506494
924 3638 5.39460473 0.00539460473 3.93722944
924 3638 5.39458242 0.00539458242 3.93722944
924 3638 5.394653 0.005394653 3.93722944
924 3638 5.39473152 0.00539473152 3.93722944
924 3638 5.39462926 0.00539462926 3.93722944
924 3638 5.39465007 0.00539465007 3.93722944
924 3636 5.39432827 0.00539432827 3.93506494
924 3636 5.39423066 0.00539423066 3.93506494
923 3629 5.38261674 0.00538261674 3.93174431
923 3629 5.38266107 0.00538266107 3.93174431
923 3633 5.38355121 0.00538355121 3.93607801
923 3633 5.38347588 0.00538347588 3.93607801
923 3633 5.38350735 0.00538350735 3.93607801
923 3633 5.38349108 0.00538349108 3.93607801
923 3633 5.38349531 0.00538349531 3.93607801
923 3633 5.38342983 0.00538342983 3.93607801
923 3633 5.38350214 0.00538350214 3.93607801
923 3633 5.38354181 0.00538354181 3.93607801
922 3622 5.37133788 0.00537133788 3.92841649
922 3626 5.37198714 0.00537198714 3.93275488
922 3626 5.37191948 0.00537191948 3.93275488
922 3626 5.37200229 0.00537200229 3.93275488
922 3626 5.37197491 0.00537197491 3.93275488
922 3626 5.37191659 0.00537191659 3.93275488
922 3626 5.37192221 0.00537192221 3.93275488
922 3626 5.37190388 0.00537190388 3.93275488
922 3626 5.37198512 0.00537198512 3.93275488
922 3623 5.37186083 0.00537186083 3.92950108
921 3612 5.35978112 0.00535978112 3.9218241
921 3616 5.3608988 0.0053608988 3.92616721
921 3616 5.36080908 0.00536080908 3.92616721
921 3616 5.36084708 0.00536084708 3.92616721
921 3616 5.36084467 0.00536084467 3.92616721
921 3616 5.36083924 0.00536083924 3.92616721
921 3616 5.36084013 0.00536084013 3.92616721
921 3616 5.36083846 0.00536083846 3.92616721
921 3616 5.36083999 0.00536083999 3.92616721
921 3616 5.36084008 0.00536084008 3.92616721
920 3610 5.34913104 0.00534913104 3.92391304
920 3610 5.33866841 0.00533866841 3.92391304
920 3614 5.34738277 0.00534738277 3.92826087
920 3604 5.3488256 0.0053488256 3.9173913
920 3599 5.35058545 0.00535058545 3.91195652
920 3603 5.35139815 0.00535139815 3.91630435
920 3600 5.34748186 0.00534748186 3.91304348
920 3604 5.35114281 0.00535114281 3.9173913
920 3607 5.36171416 0.00536171416 3.92065217
920 3607 5.36177927 0.00536177927 3.92065217
919 3599 5.3514044 0.0053514044 3.91621328
919 3599 5.35143112 0.00535143112 3.91621328
919 3599 5.35138868 0.00535138868 3.91621328
919 3598 5.34806485 0.00534806485 3.91512514
919 3593 5.352068 0.005352068 3.90968444
919 3593 5.3519765 0.0053519765 3.90968444
919 3593 5.35194944 0.00535194944 3.90968444
919 3593 5.35193999 0.00535193999 3.90968444
919 3593 5.35206022 0.00535206022 3.90968444
919 3593 5.35210044 0.00535210044 3.90968444
918 3586 5.34136594 0.00534136594 3.90631808
918 3586 5.34134367 0.00534134367 3.90631808
918 3586 5.34132016 0.00534132016 3.90631808
918 3586 5.34128962 0.00534128962 3.90631808
918 3588 5.34125117 0.00534125117 3.90849673
918 3586 5.34130634 0.00534130634 3.90631808
918 3586 5.34132412 0.00534132412 3.90631808
918 3586 5.34133377 0.00534133377 3.90631808
918 3586 5.34132656 0.00534132656 3.90631808
918 3586 5.34132034 0.00534132034 3.90631808
917 3581 5.33058322 0.00533058322 3.90512541
917 3581 5.33054242 0.00533054242 3.90512541
917 3581 5.33062384 0.00533062384 3.90512541
917 3581 5.33069845 0.00533069845 3.90512541
917 3581 5.33060533 0.00533060533 3.90512541
917 3581 5.3305832 0.0053305832 3.90512541
917 3581 5.33057009 0.00533057009 3.90512541
917 3581 5.33064791 0.00533064791 3.90512541
917 3581 5.3304829 0.0053304829 3.90512541
917 3581 5.33054583 0.00533054583 3.90512541
916 3574 5.31902928 0.00531902928 3.90174672
916 3574 5.31905418 0.00531905418 3.90174672
916 3574 5.31913503 0.00531913503 3.90174672
916 3576 5.31982444 0.00531982444 3.90393013
916 3576 5.31982545 0.00531982545 3.90393013
916 3576 5.31990072 0.00531990072 3.90393013
916 3576 5.31986447 0.00531986447 3.90393013
916 3576 5.31992596 0.00531992596 3.90393013
916 3576 5.31986131 0.00531986131 3.90393013
916 3576 5.31992447 0.00531992447 3.90393013
915 3569 5.30859805 0.00530859805 3.90054645
915 3569 5.30882344 0.00530882344 3.90054645
915 3569 5.30875464 0.00530875464 3.90054645
915 3569 5.30875733 0.00530875733 3.90054645
915 3569 5.30867679 0.00530867679 3.90054645
915 3569 5.30878472 0.00530878472 3.90054645
915 3569 5.30877522 0.00530877522 3.90054645
915 3563 5.3083623 0.0053083623 3.89398907
915 3569 5.30864057 0.00530864057 3.90054645
915 3569 5.30868706 0.00530868706 3.90054645
914 3556 5.29757942 0.00529757942 3.89059081
914 3556 5.29753778 0.00529753778 3.89059081
914 3558 5.29734773 0.00529734773 3.89277899
914 3564 5.29829946 0.00529829946 3.89934354
914 3564 5.29840256 0.00529840256 3.89934354
914 3564 5.29837579 0.00529837579 3.89934354
914 3564 5.29836607 0.00529836607 3.89934354
914 3564 5.29842142 0.00529842142 3.89934354
914 3564 5.29842247 0.00529842247 3.89934354
914 3564 5.29836067 0.00529836067 3.89934354
913 3559 5.28733303 0.00528733303 3.89813801
913 3554 5.28154335 0.00528154335 3.89266156
913 3556 5.28657455 0.00528657455 3.89485214
913 3556 5.28639408 0.00528639408 3.89485214
913 3554 5.28470434 0.00528470434 3.89266156
913 3554 5.28593751 0.00528593751 3.89266156
913 3554 5.28636812 0.00528636812 3.89266156
913 3554 5.28521426 0.00528521426 3.89266156
913 3555 5.28779671 0.00528779671 3.89375685
913 3557 5.29000752 0.00529000752 3.89594743
912 3549 5.28143936 0.00528143936 3.89144737
912 3551 5.28045599 0.00528045599 3.89364035
912 3552 5.27568864 0.00527568864 3.89473684
912 3548 5.28156235 0.00528156235 3.89035088
912 3549 5.28285262 0.00528285262 3.89144737
912 3546 5.28040934 0.00528040934 3.88815789
912 3547 5.28327939 0.00528327939 3.88925439
912 3546 5.28355931 0.00528355931 3.88815789
912 3548 5.28133934 0.00528133934 3.89035088
912 3553 5.28087687 0.00528087687 3.89583333
911 3541 5.2737055 0.0052737055 3.88693743
911 3541 5.27373855 0.00527373855 3.88693743
910 3538 5.26623648 0.00526623648 3.88791209
910 3538 5.26634085 0.00526634085 3.88791209
910 3538 5.26626017 0.00526626017 3.88791209
910 3538 5.26625988 0.00526625988 3.88791209
910 3537 5.26588252 0.00526588252 3.88681319
910 3537 5.26593053 0.00526593053 3.88681319
910 3537 5.2659408 0.0052659408 3.88681319
910 3537 5.26594232 0.00526594232 3.88681319
909 3528 5.25580304 0.00525580304 3.88118812
909 3524 5.25572181 0.00525572181 3.87678768
909 3528 5.25594575 0.00525594575 3.88118812
909 3529 5.25534868 0.00525534868 3.88228823
909 3524 5.25562317 0.00525562317 3.87678768
909 3528 5.25586801 0.00525586801 3.88118812
909 3529 5.25655529 0.00525655529 3.88228823
909 3529 5.25675245 0.00525675245 3.88228823
909 3529 5.25657459 0.00525657459 3.88228823
909 3529 5.25670488 0.00525670488 3.88228823
908 3516 5.24681154 0.00524681154 3.8722467
908 3516 5.24666877 0.00524666877 3.8722467
908 3516 5.24677003 0.00524677003 3.8722467
908 3516 5.24686595 0.00524686595 3.8722467
908 3516 5.24693678 0.00524693678 3.8722467
908 3516 5.24692266 0.00524692266 3.8722467
908 3516 5.24689515 0.00524689515 3.8722467
908 3516 5.24687068 0.00524687068 3.8722467
908 3516 5.24686065 0.00524686065 3.8722467
908 3516 5.2468659 0.0052468659 3.8722467
907 3510 5.23690056 0.00523690056 3.86990077
907 3506 5.2377142 0.0052377142 3.86549063
907 3513 5.23836829 0.00523836829 3.87320838
907 3510 5.23675627 0.00523675627 3.86990077
907 3510 5.23661364 0.00523661364 3.86990077
907 3507 5.23548116 0.00523548116 3.86659316
907 3511 5.23527461 0.00523527461 3.87100331
907 3510 5.23515538 0.00523515538 3.86990077
907 3513 5.23631141 0.00523631141 3.87320838
907 3510 5.23627193 0.00523627193 3.86990077
906 3502 5.22984918 0.00522984918 3.86534216
906 3505 5.22804663 0.00522804663 3.86865342
906 3500 5.22838519 0.00522838519 3.86313466
906 3503 5.22177177 0.00522177177 3.86644592
906 3504 5.21804834 0.00521804834 3.86754967
906 3509 5.22244267 0.00522244267 3.87306843
906 3511 5.23081611 0.00523081611 3.87527594
906 3509 5.22474653 0.00522474653 3.87306843
906 3512 5.23039799 0.00523039799 3.87637969
906 3508 5.22892666 0.00522892666 3.87196468
905 3500 5.22127057 0.00522127057 3.86740331
905 3501 5.21584671 0.00521584671 3.86850829
905 3498 5.21768083 0.00521768083 3.86519337
905 3498 5.21480851 0.00521480851 3.86519337
905 3499 5.21685186 0.00521685186 3.86629834
905 3498 5.22170121 0.00522170121 3.86519337
905 3496 5.22238264 0.00522238264 3.86298343
905 3490 5.22324252 0.00522324252 3.85635359
905 3490 5.22307214 0.00522307214 3.85635359
905 3497 5.21697742 0.00521697742 3.8640884
904 3488 5.20935437 0.00520935437 3.85840708
904 3483 5.20942188 0.00520942188 3.85287611
904 3485 5.20517082 0.00520517082 3.8550885
904 3483 5.20736431 0.00520736431 3.85287611
904 3480 5.21100548 0.00521100548 3.84955752
904 3479 5.20446333 0.00520446333 3.84845133
904 3481 5.2062153 0.0052062153 3.85066372
903 3475 5.20045394 0.00520045394 3.8482835
903 3473 5.20533207 0.00520533207 3.84606866
903 3474 5.201215 0.005201215 3.84717608
902 3467 5.19942331 0.00519942331 3.84368071
902 3463 5.19908215 0.00519908215 3.83924612
902 3459 5.19185212 0.00519185212 3.83481153
902 3464 5.19355538 0.00519355538 3.84035477
902 3470 5.20035847 0.00520035847 3.84700665
902 3466 5.20193299 0.00520193299 3.84257206
901 3461 5.19730371 0.00519730371 3.84128746
901 3456 5.19132566 0.00519132566 3.83573807
901 3448 5.18337673 0.00518337673 3.82685905
901 3449 5.18594741 0.00518594741 3.82796892
900 3439 5.17930375 0.00517930375 3.82111111
900 3438 5.1840476 0.0051840476 3.82
900 3440 5.18383007 0.00518383007 3.82222222
900 3443 5.18475929 0.00518475929 3.82555556
900 3454 5.1855142 0.0051855142 3.83777778
900 3452 5.18938113 0.00518938113 3.83555556
900 3456 5.18988267 0.00518988267 3.84
900 3458 5.18684909 0.00518684909 3.84222222
900 3459 5.18923396 0.00518923396 3.84333333
900 3453 5.18824434 0.00518824434 3.83666667
899 3450 5.18315517 0.00518315517 3.83759733
899 3450 5.18239927 0.00518239927 3.83759733
899 3450 5.18240464 0.00518240464 3.83759733
899 3445 5.18120365 0.00518120365 3.8320356
899 3450 5.18285168 0.00518285168 3.83759733
899 3450 5.18249825 0.00518249825 3.83759733
899 3450 5.18280335 0.00518280335 3.83759733
899 3450 5.18281753 0.00518281753 3.83759733
899 3450 5.18278584 0.00518278584 3.83759733
899 3450 5.1827841 0.0051827841 3.83759733
898 3440 5.1749143 0.0051749143 3.83073497
898 3445 5.17500874 0.00517500874 3.8363029
898 3438 5.17517276 0.00517517276 3.8285078
898 3438 5.17522404 0.00517522404 3.8285078
898 3445 5.1750505 0.0051750505 3.8363029
898 3438 5.17512583 0.00517512583 3.8285078
898 3438 5.17516264 0.00517516264 3.8285078
898 3442 5.17193015 0.00517193015 3.83296214
898 3441 5.17516284 0.00517516284 3.83184855
898 3441 5.17508779 0.00517508779 3.83184855
897 3433 5.16910291 0.00516910291 3.82720178
897 3433 5.16918942 0.00516918942 3.82720178
897 3433 5.16925529 0.00516925529 3.82720178
897 3433 5.16927097 0.00516927097 3.82720178
897 3433 5.16927144 0.00516927144 3.82720178
897 3433 5.16922321 0.00516922321 3.82720178
897 3433 5.16927594 0.00516927594 3.82720178
897 3433 5.16925389 0.00516925389 3.82720178
897 3433 5.1692497 0.0051692497 3.82720178
897 3433 5.16928001 0.00516928001 3.82720178
896 3422 5.16096115 0.00516096115 3.81919643
896 3426 5.16104403 0.00516104403 3.82366071
896 3426 5.16112937 0.00516112937 3.82366071
896 3426 5.16116213 0.00516116213 3.82366071
896 3422 5.16101392 0.00516101392 3.81919643
896 3426 5.16113443 0.00516113443 3.82366071
896 3426 5.16110323 0.00516110323 3.82366071
896 3426 5.16113387 0.00516113387 3.82366071
896 3426 5.16110238 0.00516110238 3.82366071
896 3426 5.16111182 0.00516111182 3.82366071
895 3415 5.15314358 0.00515314358 3.81564246
895 3415 5.15316376 0.00515316376 3.81564246
895 3415 5.15316298 0.00515316298 3.81564246
895 3415 5.15315543 0.00515315543 3.81564246
895 3415 5.15318191 0.00515318191 3.81564246
895 3420 5.15304261 0.00515304261 3.82122905
895 3415 5.15308748 0.00515308748 3.81564246
895 3416 5.15282845 0.00515282845 3.81675978
895 3416 5.15350793 0.00515350793 3.81675978
895 3420 5.15109132 0.00515109132 3.82122905
894 3409 5.14587874 0.00514587874 3.81319911
894 3409 5.14592934 0.00514592934 3.81319911
894 3409 5.14594915 0.00514594915 3.81319911
894 3409 5.14592027 0.00514592027 3.81319911
894 3409 5.1459154 0.0051459154 3.81319911
894 3409 5.14591065 0.00514591065 3.81319911
894 3409 5.14593263 0.00514593263 3.81319911
894 3409 5.14592384 0.00514592384 3.81319911
894 3409 5.14593579 0.00514593579 3.81319911
894 3409 5.14593323 0.00514593323 3.81319911
893 3400 5.13774129 0.00513774129 3.80739082
893 3401 5.13837961 0.00513837961 3.80851064
893 3401 5.13831144 0.00513831144 3.80851064
893 3401 5.1382889 0.0051382889 3.80851064
893 3401 5.13833147 0.00513833147 3.80851064
893 3401 5.13837537 0.00513837537 3.80851064
893 3401 5.13834804 0.00513834804 3.80851064
893 3401 5.13834398 0.00513834398 3.80851064
893 3401 5.13832255 0.00513832255 3.80851064
893 3401 5.13832142 0.00513832142 3.80851064
892 3395 5.13059252 0.00513059252 3.80605381
892 3395 5.13064717 0.00513064717 3.80605381
892 3395 5.13064484 0.00513064484 3.80605381
892 3395 5.13065205 0.00513065205 3.80605381
892 3395 5.13067186 0.00513067186 3.80605381
892 3395 5.13067203 0.00513067203 3.80605381
892 3395 5.13067941 0.00513067941 3.80605381
892 3395 5.1306832 0.0051306832 3.80605381
892 3395 5.13068876 0.00513068876 3.80605381
892 3395 5.13069354 0.00513069354 3.80605381
891 3386 5.12273215 0.00512273215 3.80022447
891 3386 5.12274078 0.00512274078 3.80022447
891 3386 5.12269555 0.00512269555 3.80022447
891 3386 5.12269766 0.00512269766 3.80022447
891 3386 5.12263818 0.00512263818 3.80022447
891 3386 5.12259945 0.00512259945 3.80022447
891 3386 5.12263968 0.00512263968 3.80022447
891 3386 5.12263871 0.00512263871 3.80022447
891 3386 5.12265077 0.00512265077 3.80022447
891 3386 5.12264186 0.00512264186 3.80022447
890 3377 5.11459041 0.00511459041 3.79438202
890 3382 5.11358282 0.00511358282 3.8
890 3382 5.11704508 0.00511704508 3.8
890 3381 5.11971815 0.00511971815 3.7988764
890 3386 5.11879217 0.00511879217 3.80449438
890 3382 5.11766601 0.00511766601 3.8
890 3377 5.11770753 0.00511770753 3.79438202
889 3370 5.111528 0.005111528 3.79077615
889 3371 5.11142767 0.00511142767 3.79190101
889 3368 5.10952379 0.00510952379 3.78852643
888 3364 5.10406413 0.00510406413 3.78828829
888 3364 5.10414737 0.00510414737 3.78828829
888 3364 5.10414637 0.00510414637 3.78828829
888 3364 5.10414571 0.00510414571 3.78828829
888 3364 5.10410346 0.00510410346 3.78828829
888 3364 5.10406792 0.00510406792 3.78828829
888 3364 5.10407313 0.00510407313 3.78828829
888 3364 5.10410369 0.00510410369 3.78828829
888 3364 5.10405877 0.00510405877 3.78828829
888 3364 5.10410212 0.00510410212 3.78828829
887 3358 5.09648257 0.00509648257 3.78579481
887 3359 5.09829018 0.00509829018 3.78692221
887 3359 5.09829883 0.00509829883 3.78692221
887 3359 5.09820085 0.00509820085 3.78692221
886 3353 5.09080465 0.00509080465 3.78442438
886 3353 5.09092431 0.00509092431 3.78442438
886 3353 5.09093036 0.00509093036 3.78442438
886 3355 5.09091013 0.00509091013 3.78668172
886 3354 5.08736007 0.00508736007 3.78555305
886 3359 5.09273211 0.00509273211 3.79119639
885 3346 5.0864487 0.0050864487 3.78079096
885 3343 5.08568101 0.00508568101 3.77740113
885 3343 5.0860234 0.0050860234 3.77740113
885 3343 5.08139845 0.00508139845 3.77740113
885 3344 5.08593444 0.00508593444 3.77853107
885 3349 5.0850779 0.0050850779 3.78418079
885 3346 5.08620705 0.00508620705 3.78079096
885 3343 5.07929098 0.00507929098 3.77740113
885 3342 5.0840639 0.0050840639 3.77627119
885 3343 5.084254 0.005084254 3.77740113
884 3337 5.0772929 0.0050772929 3.77488688
884 3337 5.07590716 0.00507590716 3.77488688
884 3337 5.07732446 0.00507732446 3.77488688
884 3333 5.07004806 0.00507004806 3.77036199
884 3338 5.07452497 0.00507452497 3.7760181
884 3338 5.07448531 0.00507448531 3.7760181
884 3340 5.06789781 0.00506789781 3.77828054
884 3338 5.07451296 0.00507451296 3.7760181
883 3331 5.06731247 0.00506731247 3.77236693
883 3335 5.06478058 0.00506478058 3.77689694
882 3331 5.06479991 0.00506479991 3.77664399
882 3332 5.07155847 0.00507155847 3.77777778
882 3326 5.07602832 0.00507602832 3.77097506
882 3325 5.07399961 0.00507399961 3.76984127
882 3325 5.07392365 0.00507392365 3.76984127
882 3325 5.07384425 0.00507384425 3.76984127
882 3325 5.07381702 0.00507381702 3.76984127
882 3325 5.07379628 0.00507379628 3.76984127
882 3325 5.07382148 0.00507382148 3.76984127
882 3325 5.07381337 0.00507381337 3.76984127
881 3319 5.06612541 0.00506612541 3.76730988
881 3314 5.06629437 0.00506629437 3.76163451
881 3317 5.06579316 0.00506579316 3.76503973
881 3314 5.06625368 0.00506625368 3.76163451
881 3314 5.0662048 0.0050662048 3.76163451
881 3314 5.06624124 0.00506624124 3.76163451
881 3314 5.06623123 0.00506623123 3.76163451
881 3314 5.06623045 0.00506623045 3.76163451
881 3314 5.06622979 0.00506622979 3.76163451
881 3314 5.06623751 0.00506623751 3.76163451
880 3306 5.05871384 0.00505871384 3.75681818
880 3308 5.06172661 0.00506172661 3.75909091
880 3310 5.0631287 0.0050631287 3.76136364
880 3310 5.06313462 0.00506313462 3.76136364
880 3310 5.06308583 0.00506308583 3.76136364
880 3309 5.06311878 0.00506311878 3.76022727
880 3309 5.06318952 0.00506318952 3.76022727
880 3309 5.06271677 0.00506271677 3.76022727
880 3304 5.0657005 0.0050657005 3.75454545
880 3304 5.06577623 0.00506577623 3.75454545
879 3298 5.05850368 0.00505850368 3.7519909
879 3300 5.05835559 0.00505835559 3.75426621
879 3293 5.05833452 0.00505833452 3.74630262
879 3300 5.05839602 0.00505839602 3.75426621
879 3300 5.05830919 0.00505830919 3.75426621
879 3300 5.05830148 0.00505830148 3.75426621
879 3300 5.05832681 0.00505832681 3.75426621
879 3300 5.05830162 0.00505830162 3.75426621
879 3300 5.05829841 0.00505829841 3.75426621
879 3300 5.05827702 0.00505827702 3.75426621
878 3289 5.05101511 0.00505101511 3.74601367
878 3294 5.05107179 0.00505107179 3.75170843
878 3294 5.05105695 0.00505105695 3.75170843
878 3289 5.05108957 0.00505108957 3.74601367
878 3290 5.05672592 0.00505672592 3.74715262
878 3290 5.05672921 0.00505672921 3.74715262
878 3290 5.05661819 0.00505661819 3.74715262
878 3290 5.05665166 0.00505665166 3.74715262
878 3290 5.05661559 0.00505661559 3.74715262
878 3290 5.0566606 0.0050566606 3.74715262
877 3279 5.04941812 0.00504941812 3.73888255
876 3271 5.04658069 0.00504658069 3.73401826
876 3271 5.04659025 0.00504659025 3.73401826
875 3264 5.03985718 0.00503985718 3.73028571
875 3264 5.03981698 0.00503981698 3.73028571
875 3264 5.03986525 0.00503986525 3.73028571
875 3264 5.03982243 0.00503982243 3.73028571
875 3264 5.03982517 0.00503982517 3.73028571
875 3264 5.03960371 0.00503960371 3.73028571
875 3264 5.03971475 0.00503971475 3.73028571
874 3258 5.03288112 0.00503288112 3.72768879
874 3251 5.0328978 0.0050328978 3.71967963
874 3251 5.03281521 0.00503281521 3.71967963
874 3253 5.03228592 0.00503228592 3.72196796
874 3254 5.03060478 0.00503060478 3.72311213
874 3252 5.03134036 0.00503134036 3.7208238
874 3252 5.03086224 0.00503086224 3.7208238
874 3255 5.02630587 0.00502630587 3.72425629
874 3252 5.03263339 0.00503263339 3.7208238
874 3252 5.03263607 0.00503263607 3.7208238
873 3246 5.02562604 0.00502562604 3.71821306
873 3246 5.02558911 0.00502558911 3.71821306
873 3246 5.02555493 0.00502555493 3.71821306
873 3246 5.02558517 0.00502558517 3.71821306
873 3246 5.02558922 0.00502558922 3.71821306
873 3246 5.02556595 0.00502556595 3.71821306
873 3246 5.02555082 0.00502555082 3.71821306
873 3246 5.02554959 0.00502554959 3.71821306
873 3246 5.02555038 0.00502555038 3.71821306
873 3246 5.02555581 0.00502555581 3.71821306
872 3239 5.0181901 0.0050181901 3.71444954
872 3239 5.01825243 0.00501825243 3.71444954
872 3239 5.01827997 0.00501827997 3.71444954
872 3237 5.01831428 0.00501831428 3.71215596
872 3237 5.01820914 0.00501820914 3.71215596
872 3237 5.01821806 0.00501821806 3.71215596
872 3239 5.01824277 0.00501824277 3.71444954
872 3239 5.01821107 0.00501821107 3.71444954
872 3239 5.01821182 0.00501821182 3.71444954
872 3239 5.01818557 0.00501818557 3.71444954
871 3230 5.01088529 0.00501088529 3.70838117
871 3230 5.01097315 0.00501097315 3.70838117
871 3230 5.01095223 0.00501095223 3.70838117
871 3230 5.01096588 0.00501096588 3.70838117
871 3230 5.01096784 0.00501096784 3.70838117
871 3230 5.01097347 0.00501097347 3.70838117
871 3230 5.01097385 0.00501097385 3.70838117
871 3230 5.01097452 0.00501097452 3.70838117
871 3230 5.01097449 0.00501097449 3.70838117
871 3230 5.01097408 0.00501097408 3.70838117
870 3224 5.00354494 0.00500354494 3.70574713
870 3222 5.00432139 0.00500432139 3.70344828
870 3222 5.00432803 0.00500432803 3.70344828
870 3222 5.00432386 0.00500432386 3.70344828
870 3222 5.00433638 0.00500433638 3.70344828
870 3222 5.00434249 0.00500434249 3.70344828
870 3222 5.00434178 0.00500434178 3.70344828
870 3222 5.00434129 0.00500434129 3.70344828
870 3222 5.00434019 0.00500434019 3.70344828
870 3222 5.00434028 0.00500434028 3.70344828
869 3216 4.99699395 0.00499699395 3.70080552
869 3215 4.99455417 0.00499455417 3.69965478
869 3218 4.99818564 0.00499818564 3.70310702
869 3216 4.99818108 0.00499818108 3.70080552
869 3218 4.99700737 0.00499700737 3.70310702
869 3218 4.99938853 0.00499938853 3.70310702
869 3214 5.00289618 0.00500289618 3.69850403
869 3210 4.99810211 0.00499810211 3.69390104
869 3217 4.99854998 0.00499854998 3.70195627
869 3223 5.00077172 0.00500077172 3.70886076
868 3210 4.99468532 0.00499468532 3.69815668
868 3210 4.99473487 0.00499473487 3.69815668
868 3210 4.99474038 0.00499474038 3.69815668
868 3210 4.99475217 0.00499475217 3.69815668
868 3210 4.99473663 0.00499473663 3.69815668
867 3203 4.98795858 0.00498795858 3.69434833
867 3203 4.98793974 0.00498793974 3.69434833
867 3203 4.98790609 0.00498790609 3.69434833
867 3203 4.98789568 0.00498789568 3.69434833
867 3203 4.98792042 0.00498792042 3.69434833
866 3198 4.98108102 0.00498108102 3.69284065
866 3198 4.98108481 0.00498108481 3.69284065
866 3198 4.98113688 0.00498113688 3.69284065
866 3196 4.98225026 0.00498225026 3.69053118
865 3184 4.97898512 0.00497898512 3.68092486
865 3184 4.97900079 0.00497900079 3.68092486
865 3181 4.97795678 0.00497795678 3.67745665
865 3181 4.97798889 0.00497798889 3.67745665
865 3184 4.97637721 0.00497637721 3.68092486
865 3184 4.97636064 0.00497636064 3.68092486
864 3175 4.9726137 0.0049726137 3.67476852
864 3175 4.97261102 0.00497261102 3.67476852
864 3175 4.97261874 0.00497261874 3.67476852
864 3175 4.9725873 0.0049725873 3.67476852
864 3175 4.97257002 0.00497257002 3.67476852
864 3175 4.97257316 0.00497257316 3.67476852
864 3175 4.972572 0.004972572 3.67476852
864 3175 4.97256929 0.00497256929 3.67476852
864 3175 4.97256889 0.00497256889 3.67476852
864 3175 4.9725708 0.0049725708 3.67476852
863 3170 4.96579229 0.00496579229 3.67323291
863 3170 4.96577716 0.00496577716 3.67323291
863 3170 4.96576248 0.00496576248 3.67323291
863 3167 4.96580592 0.00496580592 3.66975666
863 3167 4.96577504 0.00496577504 3.66975666
863 3167 4.9658272 0.0049658272 3.66975666
863 3167 4.96581451 0.00496581451 3.66975666
863 3167 4.96577751 0.00496577751 3.66975666
863 3167 4.96563477 0.00496563477 3.66975666
863 3167 4.96557971 0.00496557971 3.66975666
862 3158 4.95873338 0.00495873338 3.66357309
862 3158 4.95888563 0.00495888563 3.66357309
862 3158 4.95884383 0.00495884383 3.66357309
862 3159 4.95883671 0.00495883671 3.66473318
862 3159 4.95872825 0.00495872825 3.66473318
862 3158 4.958878 0.004958878 3.66357309
862 3158 4.95882635 0.00495882635 3.66357309
862 3158 4.95885343 0.00495885343 3.66357309
862 3158 4.95886338 0.00495886338 3.66357309
862 3158 4.95886112 0.00495886112 3.66357309
861 3150 4.95193869 0.00495193869 3.65853659
861 3150 4.95189383 0.00495189383 3.65853659
861 3150 4.95186067 0.00495186067 3.65853659
861 3150 4.95184794 0.00495184794 3.65853659
861 3150 4.95183803 0.00495183803 3.65853659
861 3150 4.951834 0.004951834 3.65853659
861 3150 4.95183278 0.00495183278 3.65853659
861 3150 4.95183207 0.00495183207 3.65853659
861 3150 4.95183177 0.00495183177 3.65853659
861 3150 4.95183101 0.00495183101 3.65853659
860 3144 4.94449879 0.00494449879 3.65581395
860 3143 4.94315153 0.00494315153 3.65465116
860 3146 4.94284715 0.00494284715 3.65813953
860 3146 4.94287575 0.00494287575 3.65813953
860 3145 4.94686886 0.00494686886 3.65697674
860 3145 4.94689975 0.00494689975 3.65697674
860 3145 4.94685706 0.00494685706 3.65697674
860 3145 4.94685128 0.00494685128 3.65697674
860 3145 4.94685651 0.00494685651 3.65697674
860 3145 4.94687212 0.00494687212 3.65697674
859 3140 4.93986057 0.00493986057 3.65541327
859 3137 4.94012468 0.00494012468 3.65192084
859 3137 4.94018987 0.00494018987 3.65192084
859 3137 4.94022129 0.00494022129 3.65192084
859 3137 4.94018071 0.00494018071 3.65192084
859 3137 4.94015458 0.00494015458 3.65192084
859 3137 4.94014592 0.00494014592 3.65192084
859 3137 4.94014284 0.00494014284 3.65192084
859 3137 4.94014207 0.00494014207 3.65192084
859 3137 4.94014272 0.00494014272 3.65192084
858 3133 4.93289865 0.00493289865 3.65151515
858 3132 4.93302019 0.00493302019 3.65034965
858 3133 4.93288798 0.00493288798 3.65151515
858 3132 4.93298475 0.00493298475 3.65034965
858 3132 4.93300799 0.00493300799 3.65034965
858 3132 4.93300409 0.00493300409 3.65034965
858 3132 4.93299004 0.00493299004 3.65034965
858 3132 4.9329712 0.0049329712 3.65034965
858 3132 4.93296498 0.00493296498 3.65034965
858 3132 4.93296348 0.00493296348 3.65034965
857 3128 4.92575001 0.00492575001 3.64994166
857 3127 4.92594869 0.00492594869 3.6487748
857 3127 4.92600158 0.00492600158 3.6487748
857 3127 4.92597763 0.00492597763 3.6487748
857 3126 4.92615267 0.00492615267 3.64760793
857 3126 4.92601915 0.00492601915 3.64760793
857 3126 4.92605636 0.00492605636 3.64760793
857 3126 4.92609846 0.00492609846 3.64760793
857 3126 4.92608216 0.00492608216 3.64760793
857 3126 4.92606031 0.00492606031 3.64760793
856 3122 4.91902963 0.00491902963 3.64719626
856 3122 4.91900136 0.00491900136 3.64719626
856 3122 4.91900185 0.00491900185 3.64719626
856 3122 4.91902287 0.00491902287 3.64719626
856 3122 4.91899997 0.00491899997 3.64719626
856 3122 4.91903751 0.00491903751 3.64719626
856 3122 4.9190397 0.0049190397 3.64719626
856 3122 4.91896461 0.00491896461 3.64719626
856 3122 4.91903775 0.00491903775 3.64719626
856 3122 4.91903713 0.00491903713 3.64719626
855 3114 4.91182454 0.00491182454 3.64210526
855 3117 4.91193088 0.00491193088 3.64561404
855 3116 4.91204356 0.00491204356 3.64444444
855 3117 4.91217391 0.00491217391 3.64561404
855 3117 4.91214734 0.00491214734 3.64561404
855 3117 4.91213795 0.00491213795 3.64561404
855 3117 4.91213857 0.00491213857 3.64561404
855 3117 4.9121995 0.0049121995 3.64561404
855 3117 4.91216589 0.00491216589 3.64561404
855 3117 4.91211915 0.00491211915 3.64561404
854 3113 4.90490208 0.00490490208 3.64519906
854 3113 4.90484516 0.00490484516 3.64519906
854 3113 4.90494328 0.00490494328 3.64519906
854 3113 4.90492944 0.00490492944 3.64519906
854 3113 4.90488084 0.00490488084 3.64519906
854 3113 4.90487777 0.00490487777 3.64519906
854 3113 4.90488782 0.00490488782 3.64519906
854 3113 4.90493582 0.00490493582 3.64519906
854 3113 4.90487576 0.00490487576 3.64519906
854 3113 4.90485672 0.00490485672 3.64519906
853 3104 4.89760703 0.00489760703 3.63892145
853 3107 4.89764557 0.00489764557 3.64243845
853 3103 4.89759008 0.00489759008 3.63774912
852 3095 4.89125994 0.00489125994 3.63262911
852 3095 4.89127828 0.00489127828 3.63262911
852 3095 4.89122376 0.00489122376 3.63262911
852 3093 4.89132431 0.00489132431 3.63028169
852 3093 4.89131817 0.00489131817 3.63028169
852 3089 4.89122772 0.00489122772 3.62558685
852 3095 4.89105234 0.00489105234 3.63262911
851 3085 4.88428548 0.00488428548 3.62514689
851 3085 4.88433348 0.00488433348 3.62514689
851 3085 4.88434899 0.00488434899 3.62514689
851 3089 4.88432532 0.00488432532 3.62984724
851 3089 4.88432269 0.00488432269 3.62984724
851 3089 4.88433235 0.00488433235 3.62984724
851 3089 4.88436156 0.00488436156 3.62984724
851 3089 4.88432238 0.00488432238 3.62984724
851 3089 4.88433158 0.00488433158 3.62984724
851 3089 4.88434588 0.00488434588 3.62984724
850 3080 4.87715071 0.00487715071 3.62352941
850 3080 4.87715831 0.00487715831 3.62352941
850 3080 4.87704204 0.00487704204 3.62352941
850 3080 4.87701007 0.00487701007 3.62352941
850 3080 4.87698363 0.00487698363 3.62352941
850 3080 4.87697647 0.00487697647 3.62352941
850 3080 4.8769547 0.0048769547 3.62352941
850 3080 4.87692083 0.00487692083 3.62352941
850 3080 4.87688867 0.00487688867 3.62352941
850 3080 4.87686553 0.00487686553 3.62352941
849 3070 4.86940437 0.00486940437 3.61601885
849 3070 4.86957954 0.00486957954 3.61601885
849 3072 4.87040734 0.00487040734 3.61837456
849 3076 4.87050219 0.00487050219 3.62308598
849 3076 4.87052854 0.00487052854 3.62308598
849 3076 4.87052587 0.00487052587 3.62308598
849 3076 4.87050042 0.00487050042 3.62308598
849 3076 4.87049892 0.00487049892 3.62308598
849 3076 4.8704966 0.0048704966 3.62308598
849 3076 4.87049703 0.00487049703 3.62308598
848 3070 4.86311935 0.00486311935 3.62028302
848 3070 4.86312414 0.00486312414 3.62028302
848 3070 4.86325835 0.00486325835 3.62028302
848 3070 4.86310038 0.00486310038 3.62028302
848 3070 4.86305509 0.00486305509 3.62028302
848 3070 4.86329748 0.00486329748 3.62028302
848 3070 4.86339891 0.00486339891 3.62028302
848 3070 4.86302101 0.00486302101 3.62028302
848 3070 4.86306457 0.00486306457 3.62028302
848 3070 4.86337154 0.00486337154 3.62028302
847 3064 4.85583587 0.00485583587 3.61747344
847 3061 4.85586667 0.00485586667 3.61393152
847 3061 4.85585945 0.00485585945 3.61393152
847 3061 4.85601773 0.00485601773 3.61393152
847 3061 4.85590302 0.00485590302 3.61393152
847 3061 4.85590633 0.00485590633 3.61393152
847 3061 4.85589183 0.00485589183 3.61393152
847 3061 4.85589378 0.00485589378 3.61393152
847 3061 4.85591199 0.00485591199 3.61393152
847 3061 4.85592556 0.00485592556 3.61393152
846 3055 4.84829244 0.00484829244 3.61111111
846 3056 4.84746966 0.00484746966 3.61229314
846 3052 4.84734766 0.00484734766 3.60756501
846 3052 4.8473736 0.0048473736 3.60756501
846 3056 4.84903317 0.00484903317 3.61229314
846 3056 4.84901529 0.00484901529 3.61229314
846 3056 4.84901852 0.00484901852 3.61229314
846 3056 4.84902982 0.00484902982 3.61229314
846 3056 4.84903275 0.00484903275 3.61229314
846 3056 4.84903208 0.00484903208 3.61229314
845 3047 4.84180291 0.00484180291 3.60591716
845 3047 4.84179779 0.00484179779 3.60591716
845 3046 4.84246336 0.00484246336 3.60473373
845 3046 4.84240535 0.00484240535 3.60473373
844 3040 4.84077342 0.00484077342 3.60189573
844 3043 4.83645796 0.00483645796 3.60545024
844 3040 4.84073765 0.00484073765 3.60189573
844 3040 4.84082025 0.00484082025 3.60189573
844 3040 4.84075962 0.00484075962 3.60189573
844 3040 4.84077099 0.00484077099 3.60189573
843 3034 4.83368905 0.00483368905 3.59905101
843 3034 4.8336955 0.0048336955 3.59905101
843 3034 4.83366987 0.00483366987 3.59905101
843 3034 4.8336961 0.0048336961 3.59905101
843 3034 4.83369034 0.00483369034 3.59905101
843 3034 4.83370759 0.00483370759 3.59905101
843 3034 4.83371416 0.00483371416 3.59905101
843 3034 4.83371024 0.00483371024 3.59905101
843 3034 4.83371022 0.00483371022 3.59905101
843 3034 4.83371233 0.00483371233 3.59905101
842 3025 4.82645253 0.00482645253 3.59263658
842 3024 4.8263554 0.0048263554 3.59144893
842 3022 4.82655956 0.00482655956 3.58907363
842 3024 4.82634175 0.00482634175 3.59144893
842 3024 4.82632903 0.00482632903 3.59144893
842 3024 4.82630904 0.00482630904 3.59144893
842 3024 4.82629792 0.00482629792 3.59144893
842 3024 4.82630595 0.00482630595 3.59144893
842 3024 4.82630457 0.00482630457 3.59144893
842 3024 4.82634157 0.00482634157 3.59144893
841 3020 4.81903986 0.00481903986 3.59096314
841 3020 4.81905047 0.00481905047 3.59096314
841 3020 4.81905179 0.00481905179 3.59096314
841 3014 4.81861986 0.00481861986 3.58382878
841 3015 4.81910357 0.00481910357 3.58501784
841 3020 4.81909278 0.00481909278 3.59096314
841 3020 4.8191134 0.0048191134 3.59096314
841 3018 4.81950565 0.00481950565 3.58858502
841 3018 4.81944112 0.00481944112 3.58858502
841 3018 4.81946349 0.00481946349 3.58858502
840 3008 4.8125684 0.0048125684 3.58095238
840 3008 4.81243256 0.00481243256 3.58095238
840 3008 4.81243835 0.00481243835 3.58095238
840 3008 4.81242292 0.00481242292 3.58095238
840 3008 4.81244512 0.00481244512 3.58095238
840 3008 4.81243955 0.00481243955 3.58095238
840 3008 4.8124812 0.0048124812 3.58095238
840 3008 4.81242869 0.00481242869 3.58095238
840 3008 4.81248643 0.00481248643 3.58095238
840 3008 4.81242826 0.00481242826 3.58095238
839 3004 4.80521713 0.00480521713 3.58045292
839 3004 4.80533688 0.00480533688 3.58045292
839 3004 4.80536539 0.00480536539 3.58045292
839 3004 4.80526616 0.00480526616 3.58045292
839 3004 4.80534029 0.00480534029 3.58045292
839 3004 4.80530057 0.00480530057 3.58045292
839 3004 4.80533748 0.00480533748 3.58045292
839 3004 4.80532319 0.00480532319 3.58045292
839 3004 4.80536732 0.00480536732 3.58045292
839 3004 4.80538109 0.00480538109 3.58045292
838 2994 4.7979594 0.0047979594 3.57279236
838 2995 4.79794492 0.00479794492 3.57398568
838 2995 4.79795972 0.00479795972 3.57398568
838 3001 4.7978636 0.0047978636 3.58114558
838 3001 4.79793545 0.00479793545 3.58114558
838 3001 4.79793477 0.00479793477 3.58114558
838 3001 4.79795148 0.00479795148 3.58114558
838 3001 4.79796793 0.00479796793 3.58114558
838 3001 4.79798508 0.00479798508 3.58114558
838 3001 4.79797848 0.00479797848 3.58114558
837 2991 4.79054462 0.00479054462 3.5734767
837 2995 4.79045787 0.00479045787 3.57825568
837 2995 4.79048866 0.00479048866 3.57825568
837 2992 4.79044293 0.00479044293 3.57467145
837 2992 4.79057185 0.00479057185 3.57467145
837 2991 4.79043263 0.00479043263 3.5734767
837 2989 4.79014443 0.00479014443 3.57108722
837 2986 4.79013621 0.00479013621 3.56750299
837 2982 4.79277861 0.00479277861 3.56272401
837 2982 4.79281487 0.00479281487 3.56272401
836 2976 4.78548209 0.00478548209 3.55980861
836 2976 4.78539382 0.00478539382 3.55980861
836 2976 4.78536435 0.00478536435 3.55980861
836 2976 4.78535161 0.00478535161 3.55980861
836 2976 4.78534283 0.00478534283 3.55980861
836 2976 4.78534391 0.00478534391 3.55980861
836 2976 4.78534622 0.00478534622 3.55980861
836 2976 4.78534841 0.00478534841 3.55980861
836 2976 4.78534865 0.00478534865 3.55980861
836 2976 4.78534941 0.00478534941 3.55980861
835 2970 4.77784367 0.00477784367 3.55688623
835 2967 4.77829117 0.00477829117 3.55329341
835 2967 4.77819363 0.00477819363 3.55329341
835 2967 4.77812162 0.00477812162 3.55329341
835 2967 4.77813708 0.00477813708 3.55329341
835 2967 4.77814355 0.00477814355 3.55329341
835 2967 4.77814989 0.00477814989 3.55329341
835 2967 4.77815364 0.00477815364 3.55329341
835 2967 4.77815554 0.00477815554 3.55329341
835 2967 4.77815738 0.00477815738 3.55329341
834 2961 4.7707089 0.0047707089 3.55035971
834 2958 4.77098894 0.00477098894 3.54676259
834 2958 4.77088591 0.00477088591 3.54676259
834 2958 4.77083402 0.00477083402 3.54676259
834 2958 4.77082726 0.00477082726 3.54676259
834 2958 4.77081916 0.00477081916 3.54676259
834 2958 4.7708406 0.0047708406 3.54676259
834 2958 4.77083499 0.00477083499 3.54676259
834 2958 4.7708545 0.0047708545 3.54676259
834 2958 4.77084539 0.00477084539 3.54676259
833 2952 4.76308207 0.00476308207 3.54381753
833 2951 4.76002397 0.00476002397 3.54261705
833 2954 4.76727491 0.00476727491 3.54621849
833 2954 4.77174108 0.00477174108 3.54621849
833 2954 4.77179915 0.00477179915 3.54621849
833 2952 4.77093998 0.00477093998 3.54381753
833 2958 4.77100338 0.00477100338 3.55102041
833 2960 4.77167464 0.00477167464 3.55342137
833 2960 4.77172127 0.00477172127 3.55342137
833 2955 4.77089792 0.00477089792 3.54741897
832 2949 4.76353374 0.00476353374 3.54447115
832 2949 4.76359846 0.00476359846 3.54447115
832 2949 4.76361006 0.00476361006 3.54447115
832 2949 4.76361444 0.00476361444 3.54447115
832 2949 4.76361889 0.00476361889 3.54447115
832 2949 4.76360767 0.00476360767 3.54447115
832 2949 4.76361391 0.00476361391 3.54447115
832 2949 4.76361122 0.00476361122 3.54447115
832 2949 4.76360875 0.00476360875 3.54447115
832 2949 4.76361171 0.00476361171 3.54447115
831 2943 4.75603812 0.00475603812 3.54151625
831 2944 4.75557393 0.00475557393 3.54271961
831 2943 4.75602204 0.00475602204 3.54151625
831 2943 4.75603808 0.00475603808 3.54151625
831 2943 4.7560377 0.0047560377 3.54151625
831 2943 4.75602182 0.00475602182 3.54151625
831 2943 4.75602138 0.00475602138 3.54151625
831 2943 4.75602729 0.00475602729 3.54151625
831 2943 4.75602928 0.00475602928 3.54151625
831 2943 4.75602764 0.00475602764 3.54151625
830 2938 4.74854309 0.00474854309 3.53975904
830 2938 4.74855708 0.00474855708 3.53975904
830 2938 4.74849604 0.00474849604 3.53975904
830 2938 4.74854479 0.00474854479 3.53975904
830 2938 4.74846231 0.00474846231 3.53975904
830 2938 4.74853888 0.00474853888 3.53975904
830 2938 4.74845767 0.00474845767 3.53975904
830 2938 4.74854296 0.00474854296 3.53975904
830 2938 4.74845607 0.00474845607 3.53975904
830 2938 4.74854378 0.00474854378 3.53975904
829 2932 4.7407233 0.0047407233 3.53679131
829 2933 4.73392084 0.00473392084 3.53799759
829 2929 4.73403155 0.00473403155 3.5331725
829 2931 4.7361241 0.0047361241 3.53558504
829 2934 4.74302634 0.00474302634 3.53920386
829 2934 4.74305078 0.00474305078 3.53920386
829 2934 4.74297461 0.00474297461 3.53920386
829 2934 4.74309209 0.00474309209 3.53920386
828 2925 4.73937475 0.00473937475 3.5326087
828 2922 4.73984015 0.00473984015 3.52898551
827 2916 4.73230607 0.00473230607 3.52599758
827 2915 4.73231961 0.00473231961 3.52478839
827 2915 4.73215372 0.00473215372 3.52478839
827 2915 4.7322485 0.0047322485 3.52478839
827 2915 4.73225146 0.00473225146 3.52478839
827 2915 4.73222661 0.00473222661 3.52478839
827 2915 4.73223459 0.00473223459 3.52478839
827 2915 4.73223683 0.00473223683 3.52478839
827 2915 4.73223018 0.00473223018 3.52478839
827 2915 4.7322332 0.0047322332 3.52478839
826 2909 4.72461428 0.00472461428 3.52179177
826 2909 4.72508732 0.00472508732 3.52179177
826 2909 4.72505432 0.00472505432 3.52179177
826 2909 4.72510148 0.00472510148 3.52179177
826 2909 4.72510328 0.00472510328 3.52179177
826 2909 4.72508095 0.00472508095 3.52179177
826 2909 4.72509356 0.00472509356 3.52179177
826 2909 4.72509055 0.00472509055 3.52179177
826 2909 4.72508655 0.00472508655 3.52179177
826 2909 4.72509083 0.00472509083 3.52179177
825 2903 4.71740683 0.00471740683 3.51878788
825 2903 4.71741662 0.00471741662 3.51878788
825 2903 4.71740546 0.00471740546 3.51878788
825 2903 4.71740192 0.00471740192 3.51878788
825 2903 4.71745011 0.00471745011 3.51878788
825 2903 4.71742131 0.00471742131 3.51878788
825 2903 4.71741485 0.00471741485 3.51878788
825 2903 4.71742388 0.00471742388 3.51878788
825 2903 4.71742094 0.00471742094 3.51878788
825 2903 4.71742387 0.00471742387 3.51878788
824 2893 4.70919302 0.00470919302 3.51092233
824 2898 4.71011459 0.00471011459 3.51699029
824 2898 4.71015502 0.00471015502 3.51699029
824 2898 4.7101249 0.0047101249 3.51699029
824 2898 4.71013025 0.00471013025 3.51699029
824 2898 4.71013997 0.00471013997 3.51699029
824 2898 4.71014711 0.00471014711 3.51699029
824 2898 4.71015375 0.00471015375 3.51699029
824 2898 4.71015596 0.00471015596 3.51699029
824 2898 4.7101599 0.0047101599 3.51699029
823 2897 4.70182055 0.00470182055 3.5200486
823 2888 4.70193549 0.00470193549 3.509113
823 2888 4.70189934 0.00470189934 3.509113
823 2888 4.70188654 0.00470188654 3.509113
823 2888 4.70191132 0.00470191132 3.509113
823 2888 4.7019227 0.0047019227 3.509113
823 2888 4.70193679 0.00470193679 3.509113
823 2888 4.70194209 0.00470194209 3.509113
823 2888 4.70194726 0.00470194726 3.509113
823 2888 4.70194892 0.00470194892 3.509113
822 2887 4.69367847 0.00469367847 3.51216545
822 2881 4.6919558 0.0046919558 3.50486618
822 2890 4.69748867 0.00469748867 3.51581509
822 2890 4.69759915 0.00469759915 3.51581509
822 2890 4.69753519 0.00469753519 3.51581509
822 2890 4.69751597 0.00469751597 3.51581509
822 2890 4.69753433 0.00469753433 3.51581509
822 2890 4.69754317 0.00469754317 3.51581509
822 2890 4.69753334 0.00469753334 3.51581509
822 2890 4.69753662 0.00469753662 3.51581509
821 2880 4.68941799 0.00468941799 3.50791717
821 2880 4.68939078 0.00468939078 3.50791717
821 2884 4.6892081 0.0046892081 3.51278928
821 2883 4.68940247 0.00468940247 3.51157125
821 2883 4.68947109 0.00468947109 3.51157125
821 2883 4.68943581 0.00468943581 3.51157125
821 2883 4.68940838 0.00468940838 3.51157125
821 2883 4.68940754 0.00468940754 3.51157125
821 2883 4.68941355 0.00468941355 3.51157125
821 2883 4.68941738 0.00468941738 3.51157125
820 2879 4.68132593 0.00468132593 3.51097561
820 2873 4.68148411 0.00468148411 3.50365854
820 2873 4.68143397 0.00468143397 3.50365854
820 2873 4.68146548 0.00468146548 3.50365854
820 2873 4.68140366 0.00468140366 3.50365854
820 2873 4.68141822 0.00468141822 3.50365854
820 2873 4.68154819 0.00468154819 3.50365854
820 2873 4.68146984 0.00468146984 3.50365854
820 2873 4.68148143 0.00468148143 3.50365854
820 2873 4.68141955 0.00468141955 3.50365854
819 2868 4.67314452 0.00467314452 3.5018315
819 2866 4.67376796 0.00467376796 3.4993895
819 2866 4.6738111 0.0046738111 3.4993895
819 2866 4.67369532 0.00467369532 3.4993895
819 2866 4.67384753 0.00467384753 3.4993895
819 2866 4.67375872 0.00467375872 3.4993895
819 2866 4.67375194 0.00467375194 3.4993895
819 2866 4.67391203 0.00467391203 3.4993895
819 2866 4.6737169 0.0046737169 3.4993895
819 2866 4.67360462 0.00467360462 3.4993895
818 2861 4.66555288 0.00466555288 3.49755501
817 2851 4.66104762 0.00466104762 3.48959608
817 2851 4.66109421 0.00466109421 3.48959608
817 2851 4.66102971 0.00466102971 3.48959608
817 2853 4.6607007 0.0046607007 3.49204406
817 2857 4.66103067 0.00466103067 3.49694002
817 2857 4.66097927 0.00466097927 3.49694002
817 2857 4.66099123 0.00466099123 3.49694002
817 2857 4.66098808 0.00466098808 3.49694002
817 2857 4.66098459 0.00466098459 3.49694002
816 2849 4.65284272 0.00465284272 3.49142157
816 2849 4.65120132 0.00465120132 3.49142157
816 2846 4.64595801 0.00464595801 3.4877451
816 2844 4.65223385 0.00465223385 3.48529412
816 2844 4.652264 0.004652264 3.48529412
816 2844 4.65224508 0.00465224508 3.48529412
816 2844 4.65223378 0.00465223378 3.48529412
816 2844 4.65223157 0.00465223157 3.48529412
816 2844 4.65223503 0.00465223503 3.48529412
816 2844 4.65223412 0.00465223412 3.48529412
815 2840 4.64440818 0.00464440818 3.48466258
815 2836 4.64459274 0.00464459274 3.4797546
815 2836 4.64454987 0.00464454987 3.4797546
815 2838 4.64453183 0.00464453183 3.48220859
815 2838 4.64453092 0.00464453092 3.48220859
815 2838 4.64457482 0.00464457482 3.48220859
815 2840 4.64404245 0.00464404245 3.48466258
815 2839 4.64512237 0.00464512237 3.48343558
815 2835 4.64597704 0.00464597704 3.47852761
815 2838 4.64741792 0.00464741792 3.48220859
814 2831 4.63993831 0.00463993831 3.47788698
813 2823 4.63261751 0.00463261751 3.47232472
813 2823 4.63256871 0.00463256871 3.47232472
813 2824 4.63298409 0.00463298409 3.47355474
813 2824 4.63298608 0.00463298608 3.47355474
813 2824 4.63300167 0.00463300167 3.47355474
813 2824 4.63301577 0.00463301577 3.47355474
813 2824 4.63295029 0.00463295029 3.47355474
813 2824 4.63293559 0.00463293559 3.47355474
813 2824 4.63297405 0.00463297405 3.47355474
812 2817 4.62548414 0.00462548414 3.46921182
812 2817 4.62541918 0.00462541918 3.46921182
812 2817 4.62542949 0.00462542949 3.46921182
812 2817 4.6254117 0.0046254117 3.46921182
812 2817 4.62541883 0.00462541883 3.46921182
812 2817 4.62542504 0.00462542504 3.46921182
812 2817 4.62542367 0.00462542367 3.46921182
812 2817 4.62542353 0.00462542353 3.46921182
812 2817 4.62542187 0.00462542187 3.46921182
812 2817 4.62542105 0.00462542105 3.46921182
811 2813 4.61768728 0.00461768728 3.46855734
811 2811 4.61778837 0.00461778837 3.46609125
811 2811 4.61782873 0.00461782873 3.46609125
811 2811 4.61784441 0.00461784441 3.46609125
811 2811 4.61785804 0.00461785804 3.46609125
811 2811 4.61787796 0.00461787796 3.46609125
811 2811 4.61787716 0.00461787716 3.46609125
811 2811 4.61786758 0.00461786758 3.46609125
811 2811 4.61786811 0.00461786811 3.46609125
811 2811 4.61787066 0.00461787066 3.46609125
810 2805 4.6099632 0.0046099632 3.46296296
810 2802 4.60985423 0.00460985423 3.45925926
810 2804 4.60987793 0.00460987793 3.4617284
810 2806 4.61458232 0.00461458232 3.46419753
810 2806 4.61467426 0.00461467426 3.46419753
810 2806 4.61465041 0.00461465041 3.46419753
810 2806 4.61464973 0.00461464973 3.46419753
810 2806 4.61460374 0.00461460374 3.46419753
810 2806 4.61466258 0.00461466258 3.46419753
810 2806 4.61464029 0.00461464029 3.46419753
809 2799 4.60673226 0.00460673226 3.45982695
809 2799 4.60674988 0.00460674988 3.45982695
809 2797 4.60660523 0.00460660523 3.45735476
809 2799 4.60678395 0.00460678395 3.45982695
809 2799 4.60678596 0.00460678596 3.45982695
809 2799 4.60675635 0.00460675635 3.45982695
809 2799 4.60678072 0.00460678072 3.45982695
809 2799 4.60677238 0.00460677238 3.45982695
809 2799 4.606789 0.004606789 3.45982695
809 2799 4.60678208 0.00460678208 3.45982695
808 2790 4.59895742 0.00459895742 3.4529703
808 2790 4.59887462 0.00459887462 3.4529703
808 2790 4.59896804 0.00459896804 3.4529703
808 2795 4.59926953 0.00459926953 3.45915842
808 2795 4.59915989 0.00459915989 3.45915842
808 2795 4.59913997 0.00459913997 3.45915842
808 2795 4.59921702 0.00459921702 3.45915842
808 2795 4.59924507 0.00459924507 3.45915842
808 2795 4.59924454 0.00459924454 3.45915842
808 2795 4.59923606 0.00459923606 3.45915842
807 2789 4.59141756 0.00459141756 3.45600991
807 2789 4.59138827 0.00459138827 3.45600991
807 2792 4.59157086 0.00459157086 3.45972739
807 2792 4.59155397 0.00459155397 3.45972739
807 2792 4.59158918 0.00459158918 3.45972739
807 2792 4.59159521 0.00459159521 3.45972739
807 2792 4.59159441 0.00459159441 3.45972739
807 2792 4.59159997 0.00459159997 3.45972739
807 2792 4.59159241 0.00459159241 3.45972739
807 2792 4.59159289 0.00459159289 3.45972739
806 2786 4.58379065 0.00458379065 3.45657568
806 2783 4.58369769 0.00458369769 3.4528536
806 2786 4.58377284 0.00458377284 3.45657568
806 2786 4.58400612 0.00458400612 3.45657568
806 2786 4.58382631 0.00458382631 3.45657568
806 2786 4.58390764 0.00458390764 3.45657568
806 2785 4.58531239 0.00458531239 3.45533499
806 2785 4.58533824 0.00458533824 3.45533499
806 2785 4.58542302 0.00458542302 3.45533499
806 2785 4.58529132 0.00458529132 3.45533499
805 2779 4.57768404 0.00457768404 3.45217391
805 2779 4.57756548 0.00457756548 3.45217391
805 2779 4.57752649 0.00457752649 3.45217391
805 2779 4.57744443 0.00457744443 3.45217391
805 2779 4.57743166 0.00457743166 3.45217391
805 2779 4.57739909 0.00457739909 3.45217391
805 2779 4.57739783 0.00457739783 3.45217391
805 2779 4.57739307 0.00457739307 3.45217391
805 2779 4.57739748 0.00457739748 3.45217391
805 2779 4.57739832 0.00457739832 3.45217391
804 2773 4.5695539 0.0045695539 3.44900498
804 2772 4.56570813 0.00456570813 3.44776119
804 2772 4.57139103 0.00457139103 3.44776119
804 2772 4.57130113 0.00457130113 3.44776119
804 2772 4.57133573 0.00457133573 3.44776119
804 2772 4.57136695 0.00457136695 3.44776119
804 2772 4.57134094 0.00457134094 3.44776119
804 2772 4.57134351 0.00457134351 3.44776119
804 2772 4.57135018 0.00457135018 3.44776119
804 2772 4.57134745 0.00457134745 3.44776119
803 2766 4.56359307 0.00456359307 3.44458281
803 2766 4.56375333 0.00456375333 3.44458281
803 2766 4.56365533 0.00456365533 3.44458281
803 2766 4.56359082 0.00456359082 3.44458281
803 2766 4.56365147 0.00456365147 3.44458281
803 2766 4.56361729 0.00456361729 3.44458281
803 2766 4.56372942 0.00456372942 3.44458281
803 2766 4.56367029 0.00456367029 3.44458281
803 2766 4.56366021 0.00456366021 3.44458281
803 2766 4.56366853 0.00456366853 3.44458281
802 2760 4.55591882 0.00455591882 3.44139651
802 2760 4.55594097 0.00455594097 3.44139651
802 2760 4.55575714 0.00455575714 3.44139651
802 2760 4.55589997 0.00455589997 3.44139651
802 2760 4.5558425 0.0045558425 3.44139651
802 2760 4.55603372 0.00455603372 3.44139651
802 2760 4.55590079 0.00455590079 3.44139651
802 2760 4.55587303 0.00455587303 3.44139651
802 2760 4.5558871 0.0045558871 3.44139651
802 2760 4.55580864 0.00455580864 3.44139651
801 2751 4.54796686 0.00454796686 3.43445693
801 2751 4.54819653 0.00454819653 3.43445693
801 2751 4.54816463 0.00454816463 3.43445693
801 2751 4.54815236 0.00454815236 3.43445693
801 2751 4.54816206 0.00454816206 3.43445693
801 2751 4.54815488 0.00454815488 3.43445693
801 2751 4.54817692 0.00454817692 3.43445693
801 2751 4.54811959 0.00454811959 3.43445693
801 2751 4.54821011 0.00454821011 3.43445693
801 2751 4.54826217 0.00454826217 3.43445693
800 2750 4.53989822 0.00453989822 3.4375
800 2745 4.53823498 0.00453823498 3.43125
799 2744 4.53821851 0.00453821851 3.43429287
799 2744 4.53825232 0.00453825232 3.43429287
799 2744 4.53818962 0.00453818962 3.43429287
799 2744 4.53830844 0.00453830844 3.43429287
799 2744 4.53820728 0.00453820728 3.43429287
799 2744 4.53822074 0.00453822074 3.43429287
799 2744 4.53830127 0.00453830127 3.43429287
799 2744 4.5382085 0.0045382085 3.43429287
798 2738 4.53046717 0.00453046717 3.43107769
798 2738 4.53048385 0.00453048385 3.43107769
798 2737 4.52988253 0.00452988253 3.42982456
797 2729 4.52997106 0.00452997106 3.42409034
797 2732 4.52907798 0.00452907798 3.42785445
797 2729 4.52989915 0.00452989915 3.42409034
797 2729 4.52993783 0.00452993783 3.42409034
797 2729 4.52996998 0.00452996998 3.42409034
797 2729 4.52999039 0.00452999039 3.42409034
797 2729 4.5299838 0.0045299838 3.42409034
796 2723 4.52236999 0.00452236999 3.42085427
796 2722 4.52245857 0.00452245857 3.41959799
796 2722 4.5224196 0.0045224196 3.41959799
796 2722 4.52245674 0.00452245674 3.41959799
796 2722 4.52246306 0.00452246306 3.41959799
796 2722 4.52247387 0.00452247387 3.41959799
796 2722 4.52247765 0.00452247765 3.41959799
796 2722 4.52247927 0.00452247927 3.41959799
796 2722 4.5224786 0.0045224786 3.41959799
796 2722 4.52247477 0.00452247477 3.41959799
795 2716 4.51497657 0.00451497657 3.4163522
795 2716 4.51484729 0.00451484729 3.4163522
795 2713 4.51482594 0.00451482594 3.41257862
795 2713 4.51481243 0.00451481243 3.41257862
795 2713 4.5148731 0.0045148731 3.41257862
795 2713 4.51486766 0.00451486766 3.41257862
795 2713 4.5149043 0.0045149043 3.41257862
795 2713 4.51490483 0.00451490483 3.41257862
795 2713 4.5148946 0.0045148946 3.41257862
795 2713 4.51488867 0.00451488867 3.41257862
794 2707 4.50727385 0.00450727385 3.4093199
794 2707 4.50717607 0.00450717607 3.4093199
794 2707 4.50720231 0.00450720231 3.4093199
794 2707 4.50720073 0.00450720073 3.4093199
794 2707 4.50720115 0.00450720115 3.4093199
794 2707 4.50720651 0.00450720651 3.4093199
794 2707 4.50720264 0.00450720264 3.4093199
794 2707 4.50721063 0.00450721063 3.4093199
794 2707 4.50720551 0.00450720551 3.4093199
794 2707 4.50720597 0.00450720597 3.4093199
793 2704 4.49871995 0.00449871995 3.40983607
793 2701 4.49974078 0.00449974078 3.40605296
793 2701 4.49972057 0.00449972057 3.40605296
793 2701 4.49967732 0.00449967732 3.40605296
793 2701 4.49969255 0.00449969255 3.40605296
793 2701 4.49972128 0.00449972128 3.40605296
793 2701 4.49971912 0.00449971912 3.40605296
793 2701 4.49972367 0.00449972367 3.40605296
793 2701 4.49972009 0.00449972009 3.40605296
793 2701 4.49971873 0.00449971873 3.40605296
792 2698 4.49133873 0.00449133873 3.40656566
792 2693 4.48702716 0.00448702716 3.40025253
792 2698 4.49139476 0.00449139476 3.40656566
792 2698 4.49137169 0.00449137169 3.40656566
792 2698 4.49070307 0.00449070307 3.40656566
792 2698 4.49073663 0.00449073663 3.40656566
792 2698 4.49066154 0.00449066154 3.40656566
792 2698 4.49060968 0.00449060968 3.40656566
792 2698 4.49058635 0.00449058635 3.40656566
792 2698 4.4906011 0.0044906011 3.40656566
791 2695 4.48211732 0.00448211732 3.40707965
791 2695 4.48228169 0.00448228169 3.40707965
791 2691 4.48204846 0.00448204846 3.40202276
791 2695 4.48213146 0.00448213146 3.40707965
791 2695 4.48225818 0.00448225818 3.40707965
791 2695 4.48225907 0.00448225907 3.40707965
791 2695 4.48224659 0.00448224659 3.40707965
791 2695 4.48225343 0.00448225343 3.40707965
791 2695 4.48225639 0.00448225639 3.40707965
791 2695 4.48226161 0.00448226161 3.40707965
790 2688 4.47360016 0.00447360016 3.40253165
790 2688 4.4735629 0.0044735629 3.40253165
790 2688 4.47359818 0.00447359818 3.40253165
790 2688 4.47361228 0.00447361228 3.40253165
790 2688 4.47360446 0.00447360446 3.40253165
790 2688 4.4736021 0.0044736021 3.40253165
790 2688 4.47360111 0.00447360111 3.40253165
790 2688 4.47360137 0.00447360137 3.40253165
790 2688 4.47360138 0.00447360138 3.40253165
790 2688 4.47360148 0.00447360148 3.40253165
789 2685 4.46491974 0.00446491974 3.40304183
789 2685 4.46094889 0.00446094889 3.40304183
789 2686 4.46305673 0.00446305673 3.40430925
789 2684 4.46320568 0.00446320568 3.4017744
789 2686 4.47087922 0.00447087922 3.40430925
789 2686 4.47094567 0.00447094567 3.40430925
789 2686 4.4709298 0.0044709298 3.40430925
789 2686 4.47095877 0.00447095877 3.40430925
789 2686 4.47096848 0.00447096848 3.40430925
789 2686 4.47098336 0.00447098336 3.40430925
788 2681 4.46268302 0.00446268302 3.40228426
787 2677 4.45637611 0.00445637611 3.40152478
787 2679 4.45635015 0.00445635015 3.40406607
787 2680 4.4544645 0.0044544645 3.40533672
786 2674 4.44889728 0.00444889728 3.40203562
786 2674 4.44883881 0.00444883881 3.40203562
786 2674 4.44875081 0.00444875081 3.40203562
786 2674 4.44875432 0.00444875432 3.40203562
786 2674 4.44875274 0.00444875274 3.40203562
786 2674 4.44874688 0.00444874688 3.40203562
785 2671 4.44059737 0.00444059737 3.40254777
785 2671 4.44084183 0.00444084183 3.40254777
785 2671 4.44070624 0.00444070624 3.40254777
785 2671 4.4407401 0.0044407401 3.40254777
785 2671 4.44067164 0.00444067164 3.40254777
785 2671 4.44073171 0.00444073171 3.40254777
785 2671 4.44078168 0.00444078168 3.40254777
785 2671 4.44072675 0.00444072675 3.40254777
785 2671 4.44068113 0.00444068113 3.40254777
785 2671 4.44073681 0.00444073681 3.40254777
784 2664 4.43218802 0.00443218802 3.39795918
784 2663 4.43241197 0.00443241197 3.39668367
784 2667 4.43211351 0.00443211351 3.40178571
784 2663 4.43236235 0.00443236235 3.39668367
784 2663 4.4323564 0.0044323564 3.39668367
784 2663 4.43229724 0.00443229724 3.39668367
784 2663 4.43237036 0.00443237036 3.39668367
784 2663 4.43236643 0.00443236643 3.39668367
784 2663 4.43237097 0.00443237097 3.39668367
784 2663 4.43233239 0.00443233239 3.39668367
783 2656 4.42390434 0.00442390434 3.39208174
783 2656 4.42394574 0.00442394574 3.39208174
783 2656 4.42387095 0.00442387095 3.39208174
783 2656 4.42387844 0.00442387844 3.39208174
783 2656 4.42388176 0.00442388176 3.39208174
783 2656 4.42388028 0.00442388028 3.39208174
783 2656 4.42386633 0.00442386633 3.39208174
783 2656 4.42387713 0.00442387713 3.39208174
783 2656 4.42387508 0.00442387508 3.39208174
783 2656 4.42387415 0.00442387415 3.39208174
782 2652 4.41549057 0.00441549057 3.39130435
782 2653 4.41884991 0.00441884991 3.39258312
782 2653 4.42011647 0.00442011647 3.39258312
782 2653 4.4201381 0.0044201381 3.39258312
782 2653 4.42015506 0.00442015506 3.39258312
782 2653 4.42016524 0.00442016524 3.39258312
782 2653 4.42015506 0.00442015506 3.39258312
782 2653 4.42016118 0.00442016118 3.39258312
782 2653 4.42015873 0.00442015873 3.39258312
782 2653 4.42015874 0.00442015874 3.39258312
781 2646 4.41167763 0.00441167763 3.38796415
781 2648 4.41582803 0.00441582803 3.39052497
781 2647 4.41577262 0.00441577262 3.38924456
781 2647 4.41578005 0.00441578005 3.38924456
781 2647 4.41576876 0.00441576876 3.38924456
781 2647 4.41580171 0.00441580171 3.38924456
781 2647 4.41578356 0.00441578356 3.38924456
781 2647 4.41576281 0.00441576281 3.38924456
781 2647 4.4156789 0.0044156789 3.38924456
781 2647 4.41572203 0.00441572203 3.38924456
780 2640 4.40736454 0.00440736454 3.38461538
780 2640 4.40727117 0.00440727117 3.38461538
780 2640 4.40730863 0.00440730863 3.38461538
780 2644 4.40761529 0.00440761529 3.38974359
780 2644 4.40762655 0.00440762655 3.38974359
780 2644 4.40764698 0.00440764698 3.38974359
780 2644 4.40759454 0.00440759454 3.38974359
780 2644 4.40761344 0.00440761344 3.38974359
780 2644 4.40760252 0.00440760252 3.38974359
780 2644 4.40761491 0.00440761491 3.38974359
779 2637 4.39916349 0.00439916349 3.38510911
779 2637 4.39910128 0.00439910128 3.38510911
779 2637 4.39912875 0.00439912875 3.38510911
779 2637 4.3991302 0.0043991302 3.38510911
779 2637 4.39912565 0.00439912565 3.38510911
779 2637 4.39911745 0.00439911745 3.38510911
779 2637 4.3991218 0.0043991218 3.38510911
779 2637 4.39911862 0.00439911862 3.38510911
779 2637 4.39912033 0.00439912033 3.38510911
779 2637 4.39912125 0.00439912125 3.38510911
778 2631 4.39017657 0.00439017657 3.38174807
778 2627 4.38276075 0.00438276075 3.37660668
778 2631 4.3902137 0.0043902137 3.38174807
778 2631 4.39022055 0.00439022055 3.38174807
778 2631 4.3902277 0.0043902277 3.38174807
778 2631 4.39022587 0.00439022587 3.38174807
778 2631 4.39021489 0.00439021489 3.38174807
778 2631 4.39021757 0.00439021757 3.38174807
778 2631 4.39021938 0.00439021938 3.38174807
778 2631 4.39021764 0.00439021764 3.38174807
777 2621 4.38150992 0.00438150992 3.37323037
777 2625 4.38176458 0.00438176458 3.37837838
777 2625 4.3817204 0.0043817204 3.37837838
777 2625 4.38175991 0.00438175991 3.37837838
777 2625 4.3817545 0.0043817545 3.37837838
777 2625 4.3817397 0.0043817397 3.37837838
777 2625 4.3817506 0.0043817506 3.37837838
777 2625 4.38175521 0.00438175521 3.37837838
777 2625 4.38175193 0.00438175193 3.37837838
777 2625 4.38175316 0.00438175316 3.37837838
776 2615 4.37304988 0.00437304988 3.36984536
775 2609 4.37154163 0.00437154163 3.36645161
775 2609 4.37974553 0.00437974553 3.36645161
775 2610 4.37974181 0.00437974181 3.36774194
775 2610 4.37981929 0.00437981929 3.36774194
775 2610 4.37981468 0.00437981468 3.36774194
775 2610 4.3798026 0.0043798026 3.36774194
775 2610 4.3798048 0.0043798048 3.36774194
775 2610 4.37980981 0.00437980981 3.36774194
775 2610 4.37980785 0.00437980785 3.36774194
774 2603 4.371296 0.004371296 3.3630491
774 2603 4.37122858 0.00437122858 3.3630491
774 2603 4.37122264 0.00437122264 3.3630491
774 2603 4.37123726 0.00437123726 3.3630491
774 2603 4.37116594 0.00437116594 3.3630491
774 2603 4.37123904 0.00437123904 3.3630491
774 2603 4.37124043 0.00437124043 3.3630491
774 2603 4.37125296 0.00437125296 3.3630491
774 2603 4.3711701 0.0043711701 3.3630491
774 2603 4.3712396 0.0043712396 3.3630491
773 2590 4.36235899 0.00436235899 3.35058215
773 2590 4.36235356 0.00436235356 3.35058215
773 2600 4.36231761 0.00436231761 3.36351876
773 2590 4.36226592 0.00436226592 3.35058215
773 2600 4.36229685 0.00436229685 3.36351876
773 2600 4.36232876 0.00436232876 3.36351876
773 2600 4.36231574 0.00436231574 3.36351876
773 2600 4.36232126 0.00436232126 3.36351876
773 2600 4.36230681 0.00436230681 3.36351876
773 2600 4.36230997 0.00436230997 3.36351876
772 2587 4.35365664 0.00435365664 3.35103627
772 2587 4.35364928 0.00435364928 3.35103627
772 2587 4.3537168 0.0043537168 3.35103627
772 2587 4.35376405 0.00435376405 3.35103627
772 2587 4.35376937 0.00435376937 3.35103627
772 2587 4.35376141 0.00435376141 3.35103627
772 2587 4.35375608 0.00435375608 3.35103627
772 2587 4.35375567 0.00435375567 3.35103627
772 2587 4.35375637 0.00435375637 3.35103627
772 2587 4.35375695 0.00435375695 3.35103627
771 2580 4.34461037 0.00434461037 3.3463035
771 2578 4.34249622 0.00434249622 3.34370947
771 2584 4.34488388 0.00434488388 3.35149157
771 2580 4.34753074 0.00434753074 3.3463035
771 2581 4.35317519 0.00435317519 3.34760052
771 2581 4.35318021 0.00435318021 3.34760052
771 2581 4.35316352 0.00435316352 3.34760052
771 2581 4.35317263 0.00435317263 3.34760052
771 2581 4.35316877 0.00435316877 3.34760052
771 2581 4.35316592 0.00435316592 3.34760052
770 2574 4.3445071 0.0043445071 3.34285714
770 2574 4.34443949 0.00434443949 3.34285714
770 2574 4.34444254 0.00434444254 3.34285714
770 2574 4.34451623 0.00434451623 3.34285714
770 2574 4.34454131 0.00434454131 3.34285714
770 2574 4.34454196 0.00434454196 3.34285714
770 2574 4.34430734 0.00434430734 3.34285714
770 2574 4.34445473 0.00434445473 3.34285714
770 2574 4.34437861 0.00434437861 3.34285714
770 2574 4.34445245 0.00434445245 3.34285714
769 2571 4.33567038 0.00433567038 3.34330299
769 2571 4.33564482 0.00433564482 3.34330299
769 2564 4.33552848 0.00433552848 3.33420026
769 2568 4.33555441 0.00433555441 3.33940182
769 2571 4.33566436 0.00433566436 3.34330299
769 2571 4.33566433 0.00433566433 3.34330299
769 2571 4.33562663 0.00433562663 3.34330299
769 2571 4.33557264 0.00433557264 3.34330299
769 2571 4.3356075 0.0043356075 3.34330299
769 2571 4.33560392 0.00433560392 3.34330299
768 2558 4.32695282 0.00432695282 3.33072917
768 2561 4.32710365 0.00432710365 3.33463542
768 2561 4.32706894 0.00432706894 3.33463542
768 2558 4.3270016 0.0043270016 3.33072917
768 2561 4.32705711 0.00432705711 3.33463542
768 2561 4.32707911 0.00432707911 3.33463542
768 2561 4.32710351 0.00432710351 3.33463542
768 2561 4.32710874 0.00432710874 3.33463542
768 2561 4.32709501 0.00432709501 3.33463542
768 2561 4.32709877 0.00432709877 3.33463542
767 2548 4.31857682 0.00431857682 3.3220339
767 2548 4.31864257 0.00431864257 3.3220339
767 2555 4.31838114 0.00431838114 3.33116037
767 2559 4.31950154 0.00431950154 3.33637549
767 2564 4.32801664 0.00432801664 3.34289439
767 2564 4.32802013 0.00432802013 3.34289439
767 2564 4.32805247 0.00432805247 3.34289439
767 2564 4.32804153 0.00432804153 3.34289439
767 2564 4.32803172 0.00432803172 3.34289439
767 2564 4.32804077 0.00432804077 3.34289439
766 2557 4.31955455 0.00431955455 3.3381201
766 2557 4.31949246 0.00431949246 3.3381201
766 2557 4.31952455 0.00431952455 3.3381201
766 2557 4.3194989 0.0043194989 3.3381201
766 2557 4.31947787 0.00431947787 3.3381201
766 2557 4.31947986 0.00431947986 3.3381201
766 2557 4.31945764 0.00431945764 3.3381201
766 2557 4.31947882 0.00431947882 3.3381201
766 2557 4.31947843 0.00431947843 3.3381201
766 2557 4.3194824 0.0043194824 3.3381201
765 2547 4.3110297 0.0043110297 3.32941176
765 2554 4.3109472 0.0043109472 3.33856209
765 2551 4.31133784 0.00431133784 3.33464052
765 2553 4.31049057 0.00431049057 3.3372549
765 2550 4.3112445 0.0043112445 3.33333333
765 2547 4.31091663 0.00431091663 3.32941176
765 2551 4.31138738 0.00431138738 3.33464052
765 2551 4.31134718 0.00431134718 3.33464052
765 2551 4.31134935 0.00431134935 3.33464052
765 2551 4.3113623 0.0043113623 3.33464052
764 2544 4.30295462 0.00430295462 3.32984293
764 2544 4.302888 0.004302888 3.32984293
764 2544 4.30289018 0.00430289018 3.32984293
764 2544 4.30290005 0.00430290005 3.32984293
764 2544 4.30290609 0.00430290609 3.32984293
764 2544 4.3029061 0.0043029061 3.32984293
764 2544 4.3029069 0.0043029069 3.32984293
764 2544 4.30290633 0.00430290633 3.32984293
764 2544 4.3029076 0.0043029076 3.32984293
764 2544 4.30290774 0.00430290774 3.32984293
763 2531 4.29451679 0.00429451679 3.31716907
763 2531 4.29455785 0.00429455785 3.31716907
763 2531 4.29458184 0.00429458184 3.31716907
763 2531 4.29458465 0.00429458465 3.31716907
763 2531 4.29458124 0.00429458124 3.31716907
763 2531 4.29457493 0.00429457493 3.31716907
763 2531 4.29457509 0.00429457509 3.31716907
763 2531 4.29457403 0.00429457403 3.31716907
763 2531 4.29457457 0.00429457457 3.31716907
763 2531 4.29457442 0.00429457442 3.31716907
762 2525 4.28570633 0.00428570633 3.31364829
762 2524 4.28286703 0.00428286703 3.31233596
762 2534 4.28433573 0.00428433573 3.32545932
762 2528 4.28446523 0.00428446523 3.3175853
762 2528 4.28445625 0.00428445625 3.3175853
762 2528 4.28446942 0.00428446942 3.3175853
762 2528 4.28447141 0.00428447141 3.3175853
762 2528 4.28446577 0.00428446577 3.3175853
762 2528 4.28447522 0.00428447522 3.3175853
762 2528 4.2844709 0.0042844709 3.3175853
761 2521 4.27607145 0.00427607145 3.31274639
761 2521 4.27606824 0.00427606824 3.31274639
761 2521 4.27604469 0.00427604469 3.31274639
761 2521 4.27593877 0.00427593877 3.31274639
761 2521 4.2759192 0.0042759192 3.31274639
761 2521 4.27604884 0.00427604884 3.31274639
761 2521 4.27602894 0.00427602894 3.31274639
761 2521 4.27596884 0.00427596884 3.31274639
761 2521 4.27598332 0.00427598332 3.31274639
761 2521 4.27604871 0.00427604871 3.31274639
760 2515 4.26740231 0.00426740231 3.30921053
760 2517 4.26687258 0.00426687258 3.31184211
760 2516 4.26597506 0.00426597506 3.31052632
760 2517 4.26684472 0.00426684472 3.31184211
760 2519 4.26680905 0.00426680905 3.31447368
760 2514 4.26076851 0.00426076851 3.30789474
760 2521 4.26239112 0.00426239112 3.31710526
760 2524 4.2667849 0.0042667849 3.32105263
760 2523 4.26703086 0.00426703086 3.31973684
760 2523 4.26697324 0.00426697324 3.31973684
759 2517 4.25863281 0.00425863281 3.31620553
759 2516 4.25567548 0.00425567548 3.31488801
759 2508 4.25613701 0.00425613701 3.30434783
759 2512 4.25933771 0.00425933771 3.30961792
759 2512 4.25934867 0.00425934867 3.30961792
759 2512 4.2593131 0.0042593131 3.30961792
759 2512 4.25930207 0.00425930207 3.30961792
759 2512 4.25928975 0.00425928975 3.30961792
759 2512 4.25933025 0.00425933025 3.30961792
759 2512 4.25936353 0.00425936353 3.30961792
758 2506 4.25114476 0.00425114476 3.3060686
758 2506 4.2510447 0.0042510447 3.3060686
758 2506 4.25083157 0.00425083157 3.3060686
758 2506 4.25104715 0.00425104715 3.3060686
758 2506 4.25098572 0.00425098572 3.3060686
758 2506 4.25102167 0.00425102167 3.3060686
758 2506 4.25099636 0.00425099636 3.3060686
758 2505 4.24814848 0.00424814848 3.30474934
758 2505 4.24826675 0.00424826675 3.30474934
758 2502 4.24756338 0.00424756338 3.30079156
757 2499 4.24009836 0.00424009836 3.3011889
757 2499 4.24014009 0.00424014009 3.3011889
757 2499 4.24014169 0.00424014169 3.3011889
757 2499 4.24015434 0.00424015434 3.3011889
757 2499 4.24015663 0.00424015663 3.3011889
757 2499 4.24009802 0.00424009802 3.3011889
757 2499 4.23998505 0.00423998505 3.3011889
757 2499 4.23995275 0.00423995275 3.3011889
757 2499 4.23994143 0.00423994143 3.3011889
757 2499 4.23997078 0.00423997078 3.3011889
756 2493 4.23158703 0.00423158703 3.29761905
756 2493 4.23172847 0.00423172847 3.29761905
756 2493 4.23171731 0.00423171731 3.29761905
756 2493 4.23170336 0.00423170336 3.29761905
756 2493 4.23171624 0.00423171624 3.29761905
756 2493 4.23171337 0.00423171337 3.29761905
756 2493 4.23171324 0.00423171324 3.29761905
756 2493 4.23171421 0.00423171421 3.29761905
756 2493 4.23171533 0.00423171533 3.29761905
756 2493 4.23171572 0.00423171572 3.29761905
755 2480 4.22329096 0.00422329096 3.28476821
755 2480 4.22328019 0.00422328019 3.28476821
755 2480 4.22321743 0.00422321743 3.28476821
755 2480 4.22326669 0.00422326669 3.28476821
755 2480 4.22325335 0.00422325335 3.28476821
755 2480 4.22325522 0.00422325522 3.28476821
755 2480 4.22323238 0.00422323238 3.28476821
755 2480 4.22327448 0.00422327448 3.28476821
755 2480 4.22325582 0.00422325582 3.28476821
755 2480 4.22325329 0.00422325329 3.28476821
754 2474 4.2148861 0.0042148861 3.28116711
754 2474 4.21486881 0.00421486881 3.28116711
754 2474 4.21485678 0.00421485678 3.28116711
754 2474 4.21487241 0.00421487241 3.28116711
754 2474 4.2148753 0.0042148753 3.28116711
754 2474 4.21487763 0.00421487763 3.28116711
754 2474 4.21488113 0.00421488113 3.28116711
754 2474 4.21488261 0.00421488261 3.28116711
754 2474 4.21488354 0.00421488354 3.28116711
754 2474 4.21488341 0.00421488341 3.28116711
753 2468 4.20579838 0.00420579838 3.27755644
753 2468 4.20416233 0.00420416233 3.27755644
753 2468 4.20570156 0.00420570156 3.27755644
753 2468 4.20574821 0.00420574821 3.27755644
753 2468 4.2055877 0.0042055877 3.27755644
753 2468 4.20573846 0.00420573846 3.27755644
753 2468 4.20567211 0.00420567211 3.27755644
753 2468 4.20566674 0.00420566674 3.27755644
753 2468 4.20564031 0.00420564031 3.27755644
753 2468 4.20572225 0.00420572225 3.27755644
752 2462 4.19723741 0.00419723741 3.27393617
752 2462 4.19727578 0.00419727578 3.27393617
752 2462 4.19728895 0.00419728895 3.27393617
752 2462 4.19731892 0.00419731892 3.27393617
752 2462 4.19733881 0.00419733881 3.27393617
752 2462 4.19734924 0.00419734924 3.27393617
752 2462 4.19735294 0.00419735294 3.27393617
752 2462 4.1973507 0.0041973507 3.27393617
752 2462 4.19734777 0.00419734777 3.27393617
752 2462 4.19734539 0.00419734539 3.27393617
751 2457 4.18830241 0.00418830241 3.27163782
751 2457 4.18819716 0.00418819716 3.27163782
751 2457 4.18831916 0.00418831916 3.27163782
751 2460 4.18813704 0.00418813704 3.27563249
751 2457 4.18825206 0.00418825206 3.27163782
751 2457 4.1882428 0.0041882428 3.27163782
751 2457 4.18830143 0.00418830143 3.27163782
751 2457 4.18831557 0.00418831557 3.27163782
751 2457 4.18831242 0.00418831242 3.27163782
751 2457 4.1883114 0.0041883114 3.27163782
750 2455 4.17924768 0.00417924768 3.27333333
750 2455 4.17923769 0.00417923769 3.27333333
750 2455 4.17921225 0.00417921225 3.27333333
750 2455 4.17930493 0.00417930493 3.27333333
750 2455 4.17927037 0.00417927037 3.27333333
750 2455 4.17926865 0.00417926865 3.27333333
750 2455 4.1792609 0.0041792609 3.27333333
750 2455 4.17927162 0.00417927162 3.27333333
750 2455 4.17926482 0.00417926482 3.27333333
750 2455 4.17927303 0.00417927303 3.27333333
749 2448 4.16999866 0.00416999866 3.26835781
749 2448 4.16996309 0.00416996309 3.26835781
749 2449 4.16997432 0.00416997432 3.26969292
749 2449 4.16991866 0.00416991866 3.26969292
749 2449 4.1699538 0.0041699538 3.26969292
749 2449 4.16996331 0.00416996331 3.26969292
749 2449 4.16993857 0.00416993857 3.26969292
749 2449 4.16995568 0.00416995568 3.26969292
749 2449 4.16995804 0.00416995804 3.26969292
749 2449 4.16993995 0.00416993995 3.26969292
748 2442 4.16076391 0.00416076391 3.26470588
748 2442 4.1607505 0.0041607505 3.26470588
748 2442 4.16080649 0.00416080649 3.26470588
748 2441 4.16053547 0.00416053547 3.26336898
748 2441 4.16051378 0.00416051378 3.26336898
748 2441 4.16052086 0.00416052086 3.26336898
748 2441 4.16052973 0.00416052973 3.26336898
748 2441 4.16050956 0.00416050956 3.26336898
748 2441 4.16053326 0.00416053326 3.26336898
748 2441 4.16053761 0.00416053761 3.26336898
747 2434 4.15137627 0.00415137627 3.2583668
747 2434 4.15142852 0.00415142852 3.2583668
747 2434 4.15139224 0.00415139224 3.2583668
747 2434 4.15139919 0.00415139919 3.2583668
747 2434 4.1513304 0.0041513304 3.2583668
747 2434 4.15141903 0.00415141903 3.2583668
747 2434 4.15134328 0.00415134328 3.2583668
747 2434 4.15140701 0.00415140701 3.2583668
747 2434 4.15134203 0.00415134203 3.2583668
747 2434 4.15140704 0.00415140704 3.2583668
746 2431 4.14186126 0.00414186126 3.25871314
746 2431 4.14190405 0.00414190405 3.25871314
746 2425 4.14199739 0.00414199739 3.25067024
746 2426 4.14322611 0.00414322611 3.25201072
746 2431 4.14223211 0.00414223211 3.25871314
746 2432 4.14889265 0.00414889265 3.26005362
746 2431 4.1520658 0.0041520658 3.25871314
746 2428 4.15226251 0.00415226251 3.25469169
746 2431 4.15225281 0.00415225281 3.25871314
746 2432 4.15107307 0.00415107307 3.26005362
745 2426 4.14385453 0.00414385453 3.25637584
745 2426 4.14391003 0.00414391003 3.25637584
745 2426 4.14395757 0.00414395757 3.25637584
745 2426 4.14393256 0.00414393256 3.25637584
745 2426 4.14393458 0.00414393458 3.25637584
745 2426 4.14391865 0.00414391865 3.25637584
745 2426 4.14392771 0.00414392771 3.25637584
745 2426 4.14392539 0.00414392539 3.25637584
745 2426 4.14392992 0.00414392992 3.25637584
745 2426 4.14392836 0.00414392836 3.25637584
744 2420 4.13464493 0.00413464493 3.25268817
744 2420 4.13462048 0.00413462048 3.25268817
744 2420 4.13466421 0.00413466421 3.25268817
744 2420 4.13462995 0.00413462995 3.25268817
744 2420 4.13458728 0.00413458728 3.25268817
744 2420 4.13458379 0.00413458379 3.25268817
744 2420 4.13457972 0.00413457972 3.25268817
744 2420 4.13458854 0.00413458854 3.25268817
744 2420 4.13459554 0.00413459554 3.25268817
744 2420 4.13459529 0.00413459529 3.25268817
743 2412 4.1252357 0.0041252357 3.24629879
743 2413 4.12511229 0.00412511229 3.24764468
743 2417 4.117223 0.004117223 3.25302826
743 2418 4.12645181 0.00412645181 3.25437416
743 2418 4.12637071 0.00412637071 3.25437416
743 2413 4.13457466 0.00413457466 3.24764468
743 2413 4.13455486 0.00413455486 3.24764468
743 2413 4.13455702 0.00413455702 3.24764468
743 2413 4.13456933 0.00413456933 3.24764468
743 2413 4.13455179 0.00413455179 3.24764468
742 2407 4.125261 0.004125261 3.24393531
742 2407 4.12523977 0.00412523977 3.24393531
742 2407 4.12521163 0.00412521163 3.24393531
742 2407 4.12525514 0.00412525514 3.24393531
742 2407 4.12527053 0.00412527053 3.24393531
742 2407 4.12527984 0.00412527984 3.24393531
742 2407 4.12520843 0.00412520843 3.24393531
742 2407 4.1252567 0.0041252567 3.24393531
742 2407 4.12517037 0.00412517037 3.24393531
742 2407 4.12522815 0.00412522815 3.24393531
741 2401 4.11573189 0.00411573189 3.24021592
741 2401 4.11389627 0.00411389627 3.24021592
741 2402 4.11804618 0.00411804618 3.24156545
741 2406 4.12136937 0.00412136937 3.24696356
741 2406 4.12139085 0.00412139085 3.24696356
741 2405 4.12315601 0.00412315601 3.24561404
741 2413 4.12336877 0.00412336877 3.25641026
741 2405 4.12432621 0.00412432621 3.24561404
741 2405 4.12440744 0.00412440744 3.24561404
741 2406 4.12348898 0.00412348898 3.24696356
740 2401 4.12097227 0.00412097227 3.24459459
740 2401 4.12099849 0.00412099849 3.24459459
740 2401 4.12103574 0.00412103574 3.24459459
740 2401 4.12091876 0.00412091876 3.24459459
740 2401 4.12097584 0.00412097584 3.24459459
740 2397 4.12171909 0.00412171909 3.23918919
740 2397 4.12172353 0.00412172353 3.23918919
740 2397 4.12169992 0.00412169992 3.23918919
740 2397 4.12162011 0.00412162011 3.23918919
740 2397 4.1216665 0.0041216665 3.23918919
739 2389 4.1125891 0.0041125891 3.23274696
739 2389 4.11256218 0.00411256218 3.23274696
739 2395 4.11361048 0.00411361048 3.24086604
739 2395 4.11357785 0.00411357785 3.24086604
739 2395 4.11357757 0.00411357757 3.24086604
739 2395 4.11357695 0.00411357695 3.24086604
739 2395 4.11357814 0.00411357814 3.24086604
739 2395 4.11356227 0.00411356227 3.24086604
739 2395 4.11349178 0.00411349178 3.24086604
739 2395 4.11355331 0.00411355331 3.24086604
738 2387 4.10436909 0.00410436909 3.23441734
738 2387 4.10440379 0.00410440379 3.23441734
738 2387 4.10434014 0.00410434014 3.23441734
738 2387 4.10428759 0.00410428759 3.23441734
738 2387 4.10443662 0.00410443662 3.23441734
738 2387 4.10436496 0.00410436496 3.23441734
738 2387 4.10433301 0.00410433301 3.23441734
738 2387 4.10441555 0.00410441555 3.23441734
738 2387 4.10436585 0.00410436585 3.23441734
738 2387 4.10440785 0.00410440785 3.23441734
737 2382 4.09506786 0.00409506786 3.23202171
737 2380 4.09502236 0.00409502236 3.22930801
737 2384 4.08726514 0.00408726514 3.23473541
737 2380 4.09507628 0.00409507628 3.22930801
737 2380 4.09506525 0.00409506525 3.22930801
737 2380 4.09510362 0.00409510362 3.22930801
737 2380 4.09509597 0.00409509597 3.22930801
737 2380 4.09507251 0.00409507251 3.22930801
737 2380 4.09503997 0.00409503997 3.22930801
737 2380 4.09510612 0.00409510612 3.22930801
736 2375 4.08571063 0.00408571063 3.22690217
736 2377 4.08571055 0.00408571055 3.22961957
736 2375 4.08595432 0.00408595432 3.22690217
736 2378 4.08988258 0.00408988258 3.23097826
736 2375 4.09018781 0.00409018781 3.22690217
736 2375 4.09007488 0.00409007488 3.22690217
736 2375 4.09002841 0.00409002841 3.22690217
736 2375 4.09003931 0.00409003931 3.22690217
736 2375 4.09006455 0.00409006455 3.22690217
736 2375 4.09006302 0.00409006302 3.22690217
735 2370 4.0808307 0.0040808307 3.2244898
735 2370 4.08089961 0.00408089961 3.2244898
735 2370 4.08096882 0.00408096882 3.2244898
735 2370 4.08092065 0.00408092065 3.2244898
735 2370 4.08068674 0.00408068674 3.2244898
735 2370 4.08104833 0.00408104833 3.2244898
735 2370 4.08081132 0.00408081132 3.2244898
735 2370 4.08067297 0.00408067297 3.2244898
735 2370 4.0810479 0.0040810479 3.2244898
735 2370 4.08079445 0.00408079445 3.2244898
734 2360 4.07117178 0.00407117178 3.21525886
734 2361 4.07103483 0.00407103483 3.21662125
734 2361 4.07509331 0.00407509331 3.21662125
734 2366 4.07826272 0.00407826272 3.22343324
734 2363 4.07865394 0.00407865394 3.21934605
734 2363 4.07779139 0.00407779139 3.21934605
734 2369 4.07388738 0.00407388738 3.22752044
734 2362 4.07880575 0.00407880575 3.21798365
734 2357 4.07927523 0.00407927523 3.21117166
734 2357 4.07929756 0.00407929756 3.21117166
733 2349 4.07053708 0.00407053708 3.20463847
733 2352 4.07156716 0.00407156716 3.20873124
733 2352 4.07153191 0.00407153191 3.20873124
733 2352 4.07157847 0.00407157847 3.20873124
733 2352 4.07153219 0.00407153219 3.20873124
733 2352 4.07156176 0.00407156176 3.20873124
733 2352 4.07154207 0.00407154207 3.20873124
733 2352 4.07153632 0.00407153632 3.20873124
733 2352 4.07153948 0.00407153948 3.20873124
733 2352 4.07154428 0.00407154428 3.20873124
732 2344 4.06270315 0.00406270315 3.20218579
732 2347 4.06282162 0.00406282162 3.20628415
732 2347 4.06347666 0.00406347666 3.20628415
732 2347 4.06334518 0.00406334518 3.20628415
732 2347 4.0632825 0.0040632825 3.20628415
732 2347 4.06329128 0.00406329128 3.20628415
732 2347 4.06331171 0.00406331171 3.20628415
732 2347 4.06331499 0.00406331499 3.20628415
732 2347 4.06330926 0.00406330926 3.20628415
732 2347 4.06330348 0.00406330348 3.20628415
731 2342 4.05450474 0.00405450474 3.20383037
731 2339 4.05462908 0.00405462908 3.1997264
731 2345 4.05569336 0.00405569336 3.20793434
731 2345 4.05567037 0.00405567037 3.20793434
731 2345 4.05562658 0.00405562658 3.20793434
731 2345 4.05565098 0.00405565098 3.20793434
731 2345 4.05562801 0.00405562801 3.20793434
731 2345 4.0555795 0.0040555795 3.20793434
731 2345 4.05560162 0.00405560162 3.20793434
731 2345 4.05566325 0.00405566325 3.20793434
730 2339 4.04677807 0.00404677807 3.20410959
730 2339 4.04670315 0.00404670315 3.20410959
730 2337 4.04672989 0.00404672989 3.20136986
730 2337 4.04676579 0.00404676579 3.20136986
730 2337 4.04682281 0.00404682281 3.20136986
730 2337 4.04684104 0.00404684104 3.20136986
730 2337 4.04679546 0.00404679546 3.20136986
730 2337 4.04683623 0.00404683623 3.20136986
730 2337 4.04690169 0.00404690169 3.20136986
730 2337 4.04684473 0.00404684473 3.20136986
729 2331 4.03790185 0.00403790185 3.19753086
729 2331 4.03783573 0.00403783573 3.19753086
729 2331 4.03788634 0.00403788634 3.19753086
729 2331 4.03788292 0.00403788292 3.19753086
729 2331 4.03790703 0.00403790703 3.19753086
729 2331 4.03787602 0.00403787602 3.19753086
729 2331 4.03789436 0.00403789436 3.19753086
729 2332 4.03826669 0.00403826669 3.19890261
729 2332 4.03826707 0.00403826707 3.19890261
729 2332 4.0381948 0.0040381948 3.19890261
728 2329 4.02896494 0.00402896494 3.19917582
728 2330 4.02884993 0.00402884993 3.20054945
728 2330 4.02872742 0.00402872742 3.20054945
728 2330 4.02873523 0.00402873523 3.20054945
728 2330 4.02874629 0.00402874629 3.20054945
728 2330 4.02874363 0.00402874363 3.20054945
728 2330 4.02873302 0.00402873302 3.20054945
728 2330 4.02873382 0.00402873382 3.20054945
728 2330 4.02873015 0.00402873015 3.20054945
728 2330 4.02873449 0.00402873449 3.20054945
727 2323 4.01935655 0.00401935655 3.19532325
727 2324 4.01986108 0.00401986108 3.19669876
727 2327 4.02044465 0.00402044465 3.20082531
727 2327 4.02033276 0.00402033276 3.20082531
727 2327 4.02034795 0.00402034795 3.20082531
727 2327 4.02032808 0.00402032808 3.20082531
727 2327 4.02033932 0.00402033932 3.20082531
727 2327 4.02033466 0.00402033466 3.20082531
727 2327 4.02033255 0.00402033255 3.20082531
727 2327 4.02033035 0.00402033035 3.20082531
726 2321 4.01139219 0.00401139219 3.1969697
726 2321 4.0113788 0.0040113788 3.1969697
726 2321 4.01136086 0.00401136086 3.1969697
726 2321 4.01137638 0.00401137638 3.1969697
726 2321 4.0113585 0.0040113585 3.1969697
726 2321 4.01129799 0.00401129799 3.1969697
726 2321 4.0112959 0.0040112959 3.1969697
726 2321 4.01131682 0.00401131682 3.1969697
726 2320 4.01137071 0.00401137071 3.19559229
726 2320 4.01120175 0.00401120175 3.19559229
725 2314 4.00211057 0.00400211057 3.19172414
725 2314 4.00248435 0.00400248435 3.19172414
725 2314 4.00234644 0.00400234644 3.19172414
725 2314 4.00236252 0.00400236252 3.19172414
725 2314 4.00246912 0.00400246912 3.19172414
725 2314 4.00239541 0.00400239541 3.19172414
725 2314 4.0024465 0.0040024465 3.19172414
725 2314 4.00234294 0.00400234294 3.19172414
725 2314 4.00235966 0.00400235966 3.19172414
725 2314 4.00249607 0.00400249607 3.19172414
724 2309 3.99312003 0.00399312003 3.18922652
724 2309 3.99302038 0.00399302038 3.18922652
724 2309 3.99302279 0.00399302279 3.18922652
724 2309 3.99303171 0.00399303171 3.18922652
724 2309 3.99301382 0.00399301382 3.18922652
724 2309 3.99301112 0.00399301112 3.18922652
724 2309 3.99301239 0.00399301239 3.18922652
724 2309 3.99301255 0.00399301255 3.18922652
724 2309 3.99301232 0.00399301232 3.18922652
724 2309 3.99301155 0.00399301155 3.18922652
723 2304 3.9833236 0.0039833236 3.18672199
723 2306 3.98027569 0.00398027569 3.18948824
723 2306 3.98901802 0.00398901802 3.18948824
723 2307 3.99794811 0.00399794811 3.19087137
723 2307 3.99783672 0.00399783672 3.19087137
723 2312 3.99951959 0.00399951959 3.197787
723 2312 3.99952288 0.00399952288 3.197787
723 2312 3.99952666 0.00399952666 3.197787
723 2312 3.99951245 0.00399951245 3.197787
723 2312 3.99946805 0.00399946805 3.197787
722 2305 3.99055053 0.00399055053 3.19252078
722 2305 3.99058486 0.00399058486 3.19252078
722 2306 3.99060423 0.00399060423 3.19390582
722 2305 3.99063182 0.00399063182 3.19252078
722 2305 3.99054467 0.00399054467 3.19252078
722 2305 3.99053565 0.00399053565 3.19252078
722 2305 3.99052972 0.00399052972 3.19252078
722 2305 3.99054139 0.00399054139 3.19252078
722 2305 3.99055413 0.00399055413 3.19252078
722 2305 3.99056121 0.00399056121 3.19252078
721 2299 3.98137598 0.00398137598 3.18862691
721 2299 3.98158785 0.00398158785 3.18862691
721 2300 3.98163573 0.00398163573 3.19001387
721 2300 3.98150273 0.00398150273 3.19001387
721 2300 3.98147985 0.00398147985 3.19001387
721 2300 3.98169302 0.00398169302 3.19001387
721 2300 3.98159016 0.00398159016 3.19001387
721 2300 3.98180705 0.00398180705 3.19001387
721 2300 3.98156427 0.00398156427 3.19001387
721 2300 3.98181282 0.00398181282 3.19001387
720 2294 3.97238012 0.00397238012 3.18611111
720 2294 3.97268275 0.00397268275 3.18611111
720 2293 3.97274889 0.00397274889 3.18472222
720 2293 3.97273655 0.00397273655 3.18472222
720 2293 3.97274835 0.00397274835 3.18472222
720 2293 3.97286284 0.00397286284 3.18472222
720 2293 3.97284866 0.00397284866 3.18472222
720 2293 3.97278317 0.00397278317 3.18472222
720 2293 3.97276279 0.00397276279 3.18472222
720 2293 3.97275681 0.00397275681 3.18472222
719 2287 3.96302212 0.00396302212 3.18080668
719 2288 3.96373283 0.00396373283 3.1821975
719 2288 3.96359535 0.00396359535 3.1821975
719 2288 3.96363735 0.00396363735 3.1821975
719 2288 3.96363516 0.00396363516 3.1821975
719 2288 3.9636442 0.0039636442 3.1821975
719 2288 3.9636266 0.0039636266 3.1821975
719 2288 3.96362371 0.00396362371 3.1821975
719 2288 3.96362645 0.00396362645 3.1821975
719 2288 3.96362894 0.00396362894 3.1821975
718 2282 3.95383459 0.00395383459 3.17827298
718 2282 3.95379471 0.00395379471 3.17827298
718 2282 3.95387612 0.00395387612 3.17827298
718 2282 3.95383235 0.00395383235 3.17827298
718 2282 3.95380934 0.00395380934 3.17827298
718 2282 3.95379296 0.00395379296 3.17827298
718 2282 3.95380815 0.00395380815 3.17827298
718 2282 3.95378333 0.00395378333 3.17827298
718 2282 3.95381398 0.00395381398 3.17827298
718 2282 3.95378666 0.00395378666 3.17827298
717 2276 3.94400783 0.00394400783 3.17433752
717 2276 3.9438346 0.0039438346 3.17433752
717 2277 3.94401399 0.00394401399 3.17573222
717 2277 3.94405484 0.00394405484 3.17573222
717 2272 3.9442621 0.0039442621 3.16875872
717 2277 3.94442918 0.00394442918 3.17573222
717 2277 3.94437762 0.00394437762 3.17573222
717 2277 3.94433891 0.00394433891 3.17573222
717 2277 3.94437454 0.00394437454 3.17573222
717 2277 3.94435054 0.00394435054 3.17573222
716 2266 3.93445374 0.00393445374 3.16480447
716 2266 3.9344336 0.0039344336 3.16480447
716 2271 3.93432164 0.00393432164 3.17178771
716 2266 3.93448878 0.00393448878 3.16480447
716 2266 3.93452471 0.00393452471 3.16480447
716 2266 3.93435102 0.00393435102 3.16480447
716 2266 3.93446198 0.00393446198 3.16480447
716 2266 3.9343245 0.0039343245 3.16480447
716 2266 3.93445279 0.00393445279 3.16480447
716 2266 3.93432416 0.00393432416 3.16480447
715 2260 3.92457514 0.00392457514 3.16083916
715 2260 3.92454363 0.00392454363 3.16083916
715 2260 3.92420683 0.00392420683 3.16083916
715 2260 3.92438198 0.00392438198 3.16083916
715 2260 3.92435138 0.00392435138 3.16083916
715 2265 3.92555214 0.00392555214 3.16783217
715 2265 3.92551741 0.00392551741 3.16783217
715 2265 3.92557941 0.00392557941 3.16783217
715 2265 3.92555529 0.00392555529 3.16783217
715 2265 3.92555142 0.00392555142 3.16783217
714 2254 3.91562193 0.00391562193 3.15686275
714 2254 3.91555254 0.00391555254 3.15686275
714 2254 3.91557477 0.00391557477 3.15686275
714 2254 3.91552861 0.00391552861 3.15686275
714 2254 3.91558294 0.00391558294 3.15686275
714 2254 3.91558031 0.00391558031 3.15686275
714 2254 3.91561305 0.00391561305 3.15686275
714 2254 3.91557992 0.00391557992 3.15686275
714 2254 3.9155597 0.0039155597 3.15686275
714 2254 3.91560352 0.00391560352 3.15686275
713 2249 3.90524909 0.00390524909 3.1542777
713 2243 3.90600654 0.00390600654 3.14586255
713 2243 3.906069 0.003906069 3.14586255
713 2243 3.90602488 0.00390602488 3.14586255
713 2243 3.90602728 0.00390602728 3.14586255
713 2243 3.90601318 0.00390601318 3.14586255
713 2243 3.90599043 0.00390599043 3.14586255
713 2243 3.90598856 0.00390598856 3.14586255
713 2243 3.90598928 0.00390598928 3.14586255
713 2243 3.90598881 0.00390598881 3.14586255
712 2238 3.89570908 0.00389570908 3.14325843
712 2238 3.89468823 0.00389468823 3.14325843
712 2237 3.90144645 0.00390144645 3.14185393
712 2238 3.90313565 0.00390313565 3.14325843
712 2238 3.90311826 0.00390311826 3.14325843
712 2238 3.90291784 0.00390291784 3.14325843
712 2238 3.90319337 0.00390319337 3.14325843
712 2238 3.90307235 0.00390307235 3.14325843
712 2238 3.90300656 0.00390300656 3.14325843
712 2238 3.90300986 0.00390300986 3.14325843
711 2232 3.89305983 0.00389305983 3.13924051
711 2232 3.89300551 0.00389300551 3.13924051
711 2232 3.89300161 0.00389300161 3.13924051
711 2232 3.89293961 0.00389293961 3.13924051
711 2232 3.89288861 0.00389288861 3.13924051
711 2232 3.89280457 0.00389280457 3.13924051
711 2232 3.89281111 0.00389281111 3.13924051
711 2232 3.89281767 0.00389281767 3.13924051
711 2232 3.8928134 0.0038928134 3.13924051
711 2232 3.89280695 0.00389280695 3.13924051
710 2226 3.88243594 0.00388243594 3.13521127
710 2225 3.88141622 0.00388141622 3.13380282
710 2225 3.88230355 0.00388230355 3.13380282
710 2225 3.88257297 0.00388257297 3.13380282
710 2225 3.88246663 0.00388246663 3.13380282
710 2225 3.88242976 0.00388242976 3.13380282
710 2225 3.88245392 0.00388245392 3.13380282
710 2225 3.88243977 0.00388243977 3.13380282
710 2225 3.88245222 0.00388245222 3.13380282
710 2225 3.88244838 0.00388244838 3.13380282
709 2219 3.87246547 0.00387246547 3.12976023
709 2219 3.87251878 0.00387251878 3.12976023
709 2219 3.87245354 0.00387245354 3.12976023
709 2219 3.87240214 0.00387240214 3.12976023
709 2219 3.87244135 0.00387244135 3.12976023
709 2219 3.87242971 0.00387242971 3.12976023
709 2219 3.8724146 0.0038724146 3.12976023
709 2219 3.87245254 0.00387245254 3.12976023
709 2219 3.87248259 0.00387248259 3.12976023
709 2219 3.87237198 0.00387237198 3.12976023
708 2213 3.86228968 0.00386228968 3.12570621
708 2213 3.8624126 0.0038624126 3.12570621
708 2213 3.86235176 0.00386235176 3.12570621
708 2213 3.86234557 0.00386234557 3.12570621
708 2213 3.86236061 0.00386236061 3.12570621
708 2213 3.86236092 0.00386236092 3.12570621
708 2213 3.86236678 0.00386236678 3.12570621
708 2213 3.86237107 0.00386237107 3.12570621
708 2213 3.86237178 0.00386237178 3.12570621
708 2213 3.86237238 0.00386237238 3.12570621
707 2208 3.85187434 0.00385187434 3.12305516
707 2210 3.85178975 0.00385178975 3.12588402
707 2211 3.85136605 0.00385136605 3.12729844
707 2208 3.85179892 0.00385179892 3.12305516
707 2207 3.85283008 0.00385283008 3.12164074
707 2211 3.85206858 0.00385206858 3.12729844
707 2207 3.85284525 0.00385284525 3.12164074
707 2207 3.8527462 0.0038527462 3.12164074
707 2206 3.85472871 0.00385472871 3.12022631
707 2206 3.8547971 0.0038547971 3.12022631
706 2200 3.84480219 0.00384480219 3.11614731
706 2200 3.84464287 0.00384464287 3.11614731
706 2200 3.84470178 0.00384470178 3.11614731
706 2200 3.84473035 0.00384473035 3.11614731
706 2200 3.84470283 0.00384470283 3.11614731
706 2200 3.84472135 0.00384472135 3.11614731
706 2200 3.84472356 0.00384472356 3.11614731
706 2200 3.84469059 0.00384469059 3.11614731
706 2200 3.84471799 0.00384471799 3.11614731
706 2200 3.84472574 0.00384472574 3.11614731
705 2194 3.83462942 0.00383462942 3.11205674
705 2197 3.83491635 0.00383491635 3.11631206
705 2197 3.83496668 0.00383496668 3.11631206
705 2197 3.83502075 0.00383502075 3.11631206
705 2197 3.83489356 0.00383489356 3.11631206
705 2197 3.83507271 0.00383507271 3.11631206
705 2197 3.83488547 0.00383488547 3.11631206
705 2197 3.83506435 0.00383506435 3.11631206
705 2197 3.83488071 0.00383488071 3.11631206
705 2197 3.83506151 0.00383506151 3.11631206
704 2195 3.82476672 0.00382476672 3.11789773
704 2191 3.82521274 0.00382521274 3.11221591
704 2193 3.82518135 0.00382518135 3.11505682
704 2195 3.82459132 0.00382459132 3.11789773
704 2195 3.81768308 0.00381768308 3.11789773
704 2195 3.82794994 0.00382794994 3.11789773
704 2192 3.82950527 0.00382950527 3.11363636
704 2190 3.83644264 0.00383644264 3.11079545
704 2189 3.83767812 0.00383767812 3.109375
704 2186 3.82887275 0.00382887275 3.10511364
703 2180 3.8212859 0.0038212859 3.10099573
703 2187 3.82468936 0.00382468936 3.11095306
703 2197 3.82551725 0.00382551725 3.12517781
702 2193 3.816482 0.003816482 3.12393162
702 2193 3.82501865 0.00382501865 3.12393162
702 2193 3.82507627 0.00382507627 3.12393162
702 2193 3.82513033 0.00382513033 3.12393162
702 2193 3.82514199 0.00382514199 3.12393162
702 2193 3.8251588 0.0038251588 3.12393162
702 2193 3.82516454 0.00382516454 3.12393162
701 2190 3.81607272 0.00381607272 3.12410842
701 2182 3.81565234 0.00381565234 3.11269615
701 2186 3.81460741 0.00381460741 3.11840228
701 2189 3.81485232 0.00381485232 3.12268188
701 2190 3.82098963 0.00382098963 3.12410842
701 2193 3.82054967 0.00382054967 3.12838802
700 2191 3.82251043 0.00382251043 3.13
700 2193 3.82126904 0.00382126904 3.13285714
699 2192 3.8212254 0.0038212254 3.13590844
699 2189 3.82668109 0.00382668109 3.1316166
698 2184 3.82668718 0.00382668718 3.12893983
697 2176 3.82289308 0.00382289308 3.12195122
697 2175 3.82604611 0.00382604611 3.1205165
697 2178 3.82532296 0.00382532296 3.12482066
697 2181 3.81944754 0.00381944754 3.12912482
697 2184 3.81964748 0.00381964748 3.13342898
697 2176 3.82284588 0.00382284588 3.12195122
697 2172 3.82415889 0.00382415889 3.11621234
697 2170 3.82393894 0.00382393894 3.1133429
697 2170 3.82380294 0.00382380294 3.1133429
696 2167 3.81911443 0.00381911443 3.11350575
696 2167 3.819059 0.003819059 3.11350575
695 2161 3.81080759 0.00381080759 3.10935252
695 2161 3.81080856 0.00381080856 3.10935252
695 2161 3.81082597 0.00381082597 3.10935252
695 2161 3.81087439 0.00381087439 3.10935252
695 2161 3.81081655 0.00381081655 3.10935252
695 2161 3.81078566 0.00381078566 3.10935252
695 2161 3.81084956 0.00381084956 3.10935252
695 2161 3.81080557 0.00381080557 3.10935252
694 2157 3.80229946 0.00380229946 3.10806916
694 2157 3.80209494 0.00380209494 3.10806916
694 2154 3.80253108 0.00380253108 3.1037464
694 2154 3.80286682 0.00380286682 3.1037464
694 2154 3.80290413 0.00380290413 3.1037464
694 2155 3.80311852 0.00380311852 3.10518732
694 2155 3.80299137 0.00380299137 3.10518732
694 2155 3.80306972 0.00380306972 3.10518732
694 2155 3.80307113 0.00380307113 3.10518732
694 2155 3.80303459 0.00380303459 3.10518732
693 2149 3.79437572 0.00379437572 3.1010101
693 2149 3.79478179 0.00379478179 3.1010101
693 2149 3.79477121 0.00379477121 3.1010101
693 2149 3.79478117 0.00379478117 3.1010101
693 2149 3.79486483 0.00379486483 3.1010101
693 2149 3.794864 0.003794864 3.1010101
693 2149 3.79486204 0.00379486204 3.1010101
693 2149 3.79485307 0.00379485307 3.1010101
693 2149 3.79485395 0.00379485395 3.1010101
693 2149 3.79485713 0.00379485713 3.1010101
692 2145 3.78625823 0.00378625823 3.09971098
692 2145 3.78627189 0.00378627189 3.09971098
692 2145 3.78612864 0.00378612864 3.09971098
692 2145 3.78624111 0.00378624111 3.09971098
692 2145 3.78611155 0.00378611155 3.09971098
692 2145 3.78619531 0.00378619531 3.09971098
692 2145 3.78627694 0.00378627694 3.09971098
692 2145 3.7861086 0.0037861086 3.09971098
692 2145 3.78626273 0.00378626273 3.09971098
692 2145 3.78623074 0.00378623074 3.09971098
691 2134 3.77717288 0.00377717288 3.08827786
691 2144 3.77725879 0.00377725879 3.10274964
691 2144 3.77731367 0.00377731367 3.10274964
691 2140 3.77766065 0.00377766065 3.09696093
691 2140 3.77754903 0.00377754903 3.09696093
691 2140 3.77762066 0.00377762066 3.09696093
691 2140 3.77750688 0.00377750688 3.09696093
691 2140 3.77755821 0.00377755821 3.09696093
691 2140 3.77750463 0.00377750463 3.09696093
691 2140 3.77757855 0.00377757855 3.09696093
690 2139 3.76847834 0.00376847834 3.1
690 2134 3.7678569 0.0037678569 3.09275362
690 2134 3.76793432 0.00376793432 3.09275362
690 2134 3.7679089 0.0037679089 3.09275362
690 2134 3.76792368 0.00376792368 3.09275362
690 2134 3.76788597 0.00376788597 3.09275362
690 2134 3.76791276 0.00376791276 3.09275362
690 2134 3.76792692 0.00376792692 3.09275362
690 2134 3.76793346 0.00376793346 3.09275362
690 2134 3.76793681 0.00376793681 3.09275362
689 2123 3.75883486 0.00375883486 3.08127721
689 2128 3.75932009 0.00375932009 3.08853411
689 2128 3.75935006 0.00375935006 3.08853411
689 2128 3.75949106 0.00375949106 3.08853411
689 2128 3.76031871 0.00376031871 3.08853411
689 2128 3.7604103 0.0037604103 3.08853411
689 2128 3.76041155 0.00376041155 3.08853411
689 2128 3.76041089 0.00376041089 3.08853411
689 2128 3.7603934 0.0037603934 3.08853411
689 2128 3.76039153 0.00376039153 3.08853411
688 2122 3.75112033 0.00375112033 3.08430233
688 2122 3.75117913 0.00375117913 3.08430233
688 2122 3.75135035 0.00375135035 3.08430233
688 2122 3.75109968 0.00375109968 3.08430233
688 2122 3.7511653 0.0037511653 3.08430233
688 2122 3.75129924 0.00375129924 3.08430233
688 2122 3.75119112 0.00375119112 3.08430233
688 2122 3.75132327 0.00375132327 3.08430233
688 2122 3.75118407 0.00375118407 3.08430233
688 2122 3.75117079 0.00375117079 3.08430233
687 2116 3.7414192 0.0037414192 3.08005822
687 2120 3.74136112 0.00374136112 3.08588064
687 2118 3.74133245 0.00374133245 3.08296943
687 2116 3.74209257 0.00374209257 3.08005822
687 2115 3.74291069 0.00374291069 3.07860262
687 2115 3.74288397 0.00374288397 3.07860262
687 2115 3.74296257 0.00374296257 3.07860262
687 2116 3.74298571 0.00374298571 3.08005822
687 2117 3.74355172 0.00374355172 3.08151383
687 2117 3.74366107 0.00374366107 3.08151383
686 2106 3.7347676 0.0037347676 3.06997085
686 2106 3.7347005 0.0037347005 3.06997085
686 2106 3.73493005 0.00373493005 3.06997085
686 2106 3.73483512 0.00373483512 3.06997085
686 2114 3.73455518 0.00373455518 3.08163265
685 2107 3.7260211 0.0037260211 3.07591241
685 2107 3.72592976 0.00372592976 3.07591241
685 2107 3.72597586 0.00372597586 3.07591241
685 2107 3.72596083 0.00372596083 3.07591241
685 2107 3.7259376 0.0037259376 3.07591241
684 2096 3.71701921 0.00371701921 3.06432749
684 2101 3.72530782 0.00372530782 3.07163743
684 2104 3.72821985 0.00372821985 3.07602339
684 2101 3.71968127 0.00371968127 3.07163743
684 2102 3.7282927 0.0037282927 3.07309942
684 2102 3.72819939 0.00372819939 3.07309942
684 2102 3.72831703 0.00372831703 3.07309942
684 2102 3.72821509 0.00372821509 3.07309942
684 2102 3.72823441 0.00372823441 3.07309942
684 2102 3.72832587 0.00372832587 3.07309942
683 2101 3.71908531 0.00371908531 3.0761347
683 2100 3.71905719 0.00371905719 3.07467057
682 2097 3.71834428 0.00371834428 3.07478006
682 2094 3.71592388 0.00371592388 3.07038123
682 2097 3.7184675 0.0037184675 3.07478006
682 2101 3.71568906 0.00371568906 3.08064516
682 2099 3.72067994 0.00372067994 3.07771261
681 2096 3.71762919 0.00371762919 3.07782673
681 2096 3.71755037 0.00371755037 3.07782673
681 2097 3.71838139 0.00371838139 3.07929515
680 2090 3.7102433 0.0037102433 3.07352941
680 2090 3.71008478 0.00371008478 3.07352941
680 2090 3.71012229 0.00371012229 3.07352941
680 2090 3.71015219 0.00371015219 3.07352941
680 2090 3.71007681 0.00371007681 3.07352941
680 2090 3.71008863 0.00371008863 3.07352941
680 2090 3.71007979 0.00371007979 3.07352941
680 2090 3.71007493 0.00371007493 3.07352941
680 2090 3.71008719 0.00371008719 3.07352941
680 2090 3.71008342 0.00371008342 3.07352941
679 2084 3.70147558 0.00370147558 3.06921944
679 2086 3.70991483 0.00370991483 3.07216495
679 2086 3.71002222 0.00371002222 3.07216495
679 2086 3.70999628 0.00370999628 3.07216495
679 2086 3.709985 0.003709985 3.07216495
679 2086 3.7099791 0.0037099791 3.07216495
679 2086 3.70996871 0.00370996871 3.07216495
679 2086 3.70996558 0.00370996558 3.07216495
679 2086 3.70996632 0.00370996632 3.07216495
679 2086 3.70996685 0.00370996685 3.07216495
678 2078 3.70158073 0.00370158073 3.06489676
678 2079 3.70531684 0.00370531684 3.06637168
678 2078 3.71276838 0.00371276838 3.06489676
678 2081 3.71572468 0.00371572468 3.06932153
678 2081 3.71782744 0.00371782744 3.06932153
677 2075 3.71051366 0.00371051366 3.06499261
677 2074 3.7073437 0.0037073437 3.06351551
676 2071 3.70344287 0.00370344287 3.06360947
676 2071 3.70078666 0.00370078666 3.06360947
676 2075 3.69663023 0.00369663023 3.06952663
675 2065 3.69664884 0.00369664884 3.05925926
675 2063 3.69659622 0.00369659622 3.0562963
675 2063 3.69649822 0.00369649822 3.0562963
675 2063 3.69547643 0.00369547643 3.0562963
675 2062 3.69513929 0.00369513929 3.05481481
675 2064 3.69623284 0.00369623284 3.05777778
675 2064 3.69607771 0.00369607771 3.05777778
675 2064 3.6961175 0.0036961175 3.05777778
674 2057 3.68827168 0.00368827168 3.05192878
674 2057 3.68829979 0.00368829979 3.05192878
673 2052 3.67924263 0.00367924263 3.04903418
673 2046 3.67929 0.00367929 3.04011887
673 2046 3.67943486 0.00367943486 3.04011887
673 2046 3.67939526 0.00367939526 3.04011887
673 2052 3.67921727 0.00367921727 3.04903418
673 2052 3.67927774 0.00367927774 3.04903418
673 2052 3.67921928 0.00367921928 3.04903418
673 2052 3.67923915 0.00367923915 3.04903418
673 2052 3.67924257 0.00367924257 3.04903418
673 2052 3.67924661 0.00367924661 3.04903418
672 2041 3.67039359 0.00367039359 3.03720238
672 2041 3.67031886 0.00367031886 3.03720238
672 2041 3.67032846 0.00367032846 3.03720238
672 2041 3.67033506 0.00367033506 3.03720238
672 2041 3.6703163 0.0036703163 3.03720238
672 2041 3.67033522 0.00367033522 3.03720238
672 2041 3.670349 0.003670349 3.03720238
672 2041 3.6703429 0.0036703429 3.03720238
672 2041 3.67034542 0.00367034542 3.03720238
672 2041 3.6703436 0.0036703436 3.03720238
671 2036 3.6611033 0.0036611033 3.0342772
671 2036 3.6611711 0.0036611711 3.0342772
671 2036 3.66121649 0.00366121649 3.0342772
671 2036 3.66119933 0.00366119933 3.0342772
671 2036 3.66119076 0.00366119076 3.0342772
671 2036 3.66119412 0.00366119412 3.0342772
671 2036 3.66119573 0.00366119573 3.0342772
671 2036 3.66119507 0.00366119507 3.0342772
671 2036 3.6611948 0.0036611948 3.0342772
671 2036 3.66119499 0.00366119499 3.0342772
670 2033 3.65177281 0.00365177281 3.03432836
670 2030 3.65260109 0.00365260109 3.02985075
670 2030 3.65261765 0.00365261765 3.02985075
670 2030 3.65262625 0.00365262625 3.02985075
670 2030 3.65261032 0.00365261032 3.02985075
670 2030 3.65261095 0.00365261095 3.02985075
670 2030 3.65261348 0.00365261348 3.02985075
670 2030 3.6526142 0.0036526142 3.02985075
670 2030 3.65261383 0.00365261383 3.02985075
670 2030 3.65261357 0.00365261357 3.02985075
669 2027 3.64326435 0.00364326435 3.02989537
669 2024 3.64826547 0.00364826547 3.02541106
669 2024 3.64819482 0.00364819482 3.02541106
669 2028 3.64908785 0.00364908785 3.03139013
669 2028 3.64880068 0.00364880068 3.03139013
669 2028 3.6490024 0.0036490024 3.03139013
669 2028 3.64883589 0.00364883589 3.03139013
669 2028 3.64897958 0.00364897958 3.03139013
669 2028 3.64904292 0.00364904292 3.03139013
669 2028 3.64883193 0.00364883193 3.03139013
668 2023 3.63977478 0.00363977478 3.02844311
668 2023 3.63968453 0.00363968453 3.02844311
668 2023 3.63977018 0.00363977018 3.02844311
668 2023 3.63975722 0.00363975722 3.02844311
668 2023 3.63974244 0.00363974244 3.02844311
668 2023 3.6397467 0.0036397467 3.02844311
668 2023 3.63975002 0.00363975002 3.02844311
668 2023 3.63974861 0.00363974861 3.02844311
668 2023 3.63974834 0.00363974834 3.02844311
668 2023 3.63974844 0.00363974844 3.02844311
667 2020 3.63038375 0.00363038375 3.02848576
667 2020 3.63025251 0.00363025251 3.02848576
667 2017 3.63016006 0.00363016006 3.02398801
667 2017 3.63020584 0.00363020584 3.02398801
667 2017 3.63025558 0.00363025558 3.02398801
667 2017 3.63024133 0.00363024133 3.02398801
667 2017 3.63023601 0.00363023601 3.02398801
667 2017 3.63023843 0.00363023843 3.02398801
667 2017 3.63023869 0.00363023869 3.02398801
667 2017 3.63023822 0.00363023822 3.02398801
666 2014 3.62094297 0.00362094297 3.02402402
666 2011 3.62383181 0.00362383181 3.01951952
666 2011 3.62393584 0.00362393584 3.01951952
666 2011 3.62389154 0.00362389154 3.01951952
666 2011 3.6238608 0.0036238608 3.01951952
666 2011 3.62385338 0.00362385338 3.01951952
666 2011 3.6238592 0.0036238592 3.01951952
666 2011 3.62385741 0.00362385741 3.01951952
666 2011 3.62385608 0.00362385608 3.01951952
666 2011 3.62385837 0.00362385837 3.01951952
665 2007 3.61443691 0.00361443691 3.01804511
665 2007 3.61459528 0.00361459528 3.01804511
665 2007 3.61452923 0.00361452923 3.01804511
665 2007 3.6145508 0.0036145508 3.01804511
665 2007 3.61458335 0.00361458335 3.01804511
665 2007 3.61453744 0.00361453744 3.01804511
665 2007 3.61457415 0.00361457415 3.01804511
665 2007 3.61456874 0.00361456874 3.01804511
665 2007 3.6145461 0.0036145461 3.01804511
665 2007 3.61457459 0.00361457459 3.01804511
664 2001 3.60458882 0.00360458882 3.01355422
664 2005 3.60504188 0.00360504188 3.01957831
664 2002 3.60436977 0.00360436977 3.01506024
664 2003 3.60516823 0.00360516823 3.01656627
663 1996 3.60482773 0.00360482773 3.01055807
663 1997 3.60505124 0.00360505124 3.01206637
663 2001 3.60727949 0.00360727949 3.01809955
663 1999 3.60308046 0.00360308046 3.01508296
663 1993 3.60319483 0.00360319483 3.00603318
663 1995 3.60734787 0.00360734787 3.00904977
662 1990 3.59832409 0.00359832409 3.0060423
662 1990 3.59832681 0.00359832681 3.0060423
662 1990 3.59840849 0.00359840849 3.0060423
662 1990 3.59839717 0.00359839717 3.0060423
662 1990 3.59841802 0.00359841802 3.0060423
662 1990 3.59842807 0.00359842807 3.0060423
662 1990 3.59842516 0.00359842516 3.0060423
662 1990 3.59842671 0.00359842671 3.0060423
662 1990 3.5984278 0.0035984278 3.0060423
662 1990 3.59842819 0.00359842819 3.0060423
661 1984 3.58898721 0.00358898721 3.00151286
661 1984 3.58887676 0.00358887676 3.00151286
661 1986 3.58863023 0.00358863023 3.00453858
661 1985 3.58931654 0.00358931654 3.00302572
661 1985 3.58934642 0.00358934642 3.00302572
661 1985 3.58930146 0.00358930146 3.00302572
661 1985 3.5893877 0.0035893877 3.00302572
661 1985 3.5892948 0.0035892948 3.00302572
661 1985 3.58938554 0.00358938554 3.00302572
661 1985 3.58929027 0.00358929027 3.00302572
660 1982 3.57990276 0.00357990276 3.0030303
660 1981 3.57988366 0.00357988366 3.00151515
660 1979 3.58021412 0.00358021412 2.99848485
660 1979 3.58023215 0.00358023215 2.99848485
660 1979 3.58022991 0.00358022991 2.99848485
660 1979 3.58022726 0.00358022726 2.99848485
660 1979 3.58022887 0.00358022887 2.99848485
660 1979 3.58022985 0.00358022985 2.99848485
660 1979 3.5802296 0.0035802296 2.99848485
660 1979 3.58022954 0.00358022954 2.99848485
659 1975 3.57093952 0.00357093952 2.9969651
659 1975 3.57094739 0.00357094739 2.9969651
659 1976 3.5708772 0.0035708772 2.99848255
659 1976 3.57091057 0.00357091057 2.99848255
659 1975 3.57093249 0.00357093249 2.9969651
659 1976 3.57088799 0.00357088799 2.99848255
659 1976 3.57090139 0.00357090139 2.99848255
659 1975 3.57094128 0.00357094128 2.9969651
659 1976 3.57088866 0.00357088866 2.99848255
659 1976 3.57090585 0.00357090585 2.99848255
658 1972 3.5617613 0.0035617613 2.99696049
658 1970 3.56205587 0.00356205587 2.99392097
658 1971 3.56202353 0.00356202353 2.99544073
658 1971 3.56202941 0.00356202941 2.99544073
658 1971 3.56208589 0.00356208589 2.99544073
658 1971 3.56207376 0.00356207376 2.99544073
658 1971 3.56207242 0.00356207242 2.99544073
658 1971 3.56207571 0.00356207571 2.99544073
658 1971 3.56207774 0.00356207774 2.99544073
658 1971 3.56207806 0.00356207806 2.99544073
657 1969 3.55258221 0.00355258221 2.99695586
657 1965 3.55308884 0.00355308884 2.99086758
657 1965 3.55309535 0.00355309535 2.99086758
657 1965 3.55310984 0.00355310984 2.99086758
657 1965 3.5531177 0.0035531177 2.99086758
657 1965 3.55312701 0.00355312701 2.99086758
657 1965 3.55313008 0.00355313008 2.99086758
657 1965 3.55313158 0.00355313158 2.99086758
657 1965 3.55312927 0.00355312927 2.99086758
657 1965 3.55312954 0.00355312954 2.99086758
656 1963 3.54361804 0.00354361804 2.99237805
656 1963 3.54364203 0.00354364203 2.99237805
656 1963 3.54371066 0.00354371066 2.99237805
656 1963 3.5435423 0.0035435423 2.99237805
656 1963 3.54354382 0.00354354382 2.99237805
656 1963 3.54356526 0.00354356526 2.99237805
656 1963 3.54355975 0.00354355975 2.99237805
656 1963 3.54357096 0.00354357096 2.99237805
656 1963 3.5435669 0.0035435669 2.99237805
656 1963 3.54356774 0.00354356774 2.99237805
655 1957 3.53356545 0.00353356545 2.98778626
655 1957 3.53354735 0.00353354735 2.98778626
655 1957 3.53337125 0.00353337125 2.98778626
655 1959 3.54357947 0.00354357947 2.99083969
655 1956 3.53531539 0.00353531539 2.98625954
655 1960 3.5438433 0.0035438433 2.99236641
655 1960 3.54395944 0.00354395944 2.99236641
655 1960 3.54389393 0.00354389393 2.99236641
655 1960 3.54387371 0.00354387371 2.99236641
655 1960 3.5438823 0.0035438823 2.99236641
654 1950 3.53373252 0.00353373252 2.98165138
654 1950 3.53373633 0.00353373633 2.98165138
654 1954 3.53363918 0.00353363918 2.98776758
654 1954 3.53369125 0.00353369125 2.98776758
654 1950 3.53370524 0.00353370524 2.98165138
654 1950 3.53380261 0.00353380261 2.98165138
654 1950 3.53392112 0.00353392112 2.98165138
654 1950 3.53378869 0.00353378869 2.98165138
654 1950 3.53366963 0.00353366963 2.98165138
654 1950 3.53373802 0.00353373802 2.98165138
653 1944 3.52351538 0.00352351538 2.9770291
653 1944 3.52348159 0.00352348159 2.9770291
653 1948 3.52410404 0.00352410404 2.98315467
652 1944 3.52414244 0.00352414244 2.98159509
652 1944 3.52399081 0.00352399081 2.98159509
652 1944 3.52408755 0.00352408755 2.98159509
652 1944 3.52423867 0.00352423867 2.98159509
652 1944 3.52411855 0.00352411855 2.98159509
652 1944 3.52405905 0.00352405905 2.98159509
652 1944 3.52410005 0.00352410005 2.98159509
651 1938 3.51379455 0.00351379455 2.97695853
651 1938 3.51377534 0.00351377534 2.97695853
651 1938 3.51376269 0.00351376269 2.97695853
651 1938 3.51381028 0.00351381028 2.97695853
651 1938 3.51370028 0.00351370028 2.97695853
651 1939 3.51398738 0.00351398738 2.97849462
651 1938 3.51515931 0.00351515931 2.97695853
651 1938 3.51557299 0.00351557299 2.97695853
651 1938 3.51526491 0.00351526491 2.97695853
651 1938 3.51515887 0.00351515887 2.97695853
650 1933 3.50515044 0.00350515044 2.97384615
650 1933 3.50536222 0.00350536222 2.97384615
650 1933 3.50538946 0.00350538946 2.97384615
650 1933 3.50537975 0.00350537975 2.97384615
650 1933 3.5054237 0.0035054237 2.97384615
650 1933 3.50539871 0.00350539871 2.97384615
650 1933 3.50541101 0.00350541101 2.97384615
650 1933 3.50540451 0.00350540451 2.97384615
650 1933 3.50540066 0.00350540066 2.97384615
650 1933 3.50540641 0.00350540641 2.97384615
649 1925 3.4949814 0.0034949814 2.96610169
649 1925 3.4948449 0.0034948449 2.96610169
649 1925 3.49482231 0.00349482231 2.96610169
649 1925 3.49482459 0.00349482459 2.96610169
649 1925 3.49482753 0.00349482753 2.96610169
649 1925 3.4948274 0.0034948274 2.96610169
649 1925 3.49482821 0.00349482821 2.96610169
649 1925 3.49482726 0.00349482726 2.96610169
649 1925 3.49482723 0.00349482723 2.96610169
649 1925 3.49482741 0.00349482741 2.96610169
648 1922 3.48400043 0.00348400043 2.96604938
648 1923 3.49165712 0.00349165712 2.96759259
648 1923 3.49165374 0.00349165374 2.96759259
648 1923 3.49166366 0.00349166366 2.96759259
648 1923 3.49167668 0.00349167668 2.96759259
648 1928 3.49122062 0.00349122062 2.97530864
648 1925 3.49191459 0.00349191459 2.97067901
648 1925 3.49181467 0.00349181467 2.97067901
648 1925 3.49186648 0.00349186648 2.97067901
648 1925 3.49186712 0.00349186712 2.97067901
647 1919 3.48083877 0.00348083877 2.96599691
647 1922 3.48118871 0.00348118871 2.97063369
647 1917 3.48148066 0.00348148066 2.96290572
647 1917 3.48151954 0.00348151954 2.96290572
647 1917 3.48160052 0.00348160052 2.96290572
647 1922 3.4811932 0.0034811932 2.97063369
647 1922 3.48118712 0.00348118712 2.97063369
647 1922 3.48129815 0.00348129815 2.97063369
647 1922 3.48129365 0.00348129365 2.97063369
647 1922 3.48130912 0.00348130912 2.97063369
646 1914 3.47095103 0.00347095103 2.9628483
646 1914 3.47759616 0.00347759616 2.9628483
646 1914 3.47746207 0.00347746207 2.9628483
646 1915 3.4875698 0.0034875698 2.96439628
646 1915 3.48751298 0.00348751298 2.96439628
646 1915 3.48754804 0.00348754804 2.96439628
646 1915 3.48765002 0.00348765002 2.96439628
646 1915 3.4875368 0.0034875368 2.96439628
646 1915 3.48756312 0.00348756312 2.96439628
646 1915 3.48763229 0.00348763229 2.96439628
645 1909 3.47649221 0.00347649221 2.95968992
645 1909 3.46837132 0.00346837132 2.95968992
644 1903 3.46839541 0.00346839541 2.95496894
644 1903 3.46843426 0.00346843426 2.95496894
644 1903 3.46848548 0.00346848548 2.95496894
644 1903 3.46851531 0.00346851531 2.95496894
644 1903 3.46852222 0.00346852222 2.95496894
644 1903 3.46850792 0.00346850792 2.95496894
644 1903 3.46851008 0.00346851008 2.95496894
644 1903 3.46850854 0.00346850854 2.95496894
643 1895 3.45819892 0.00345819892 2.94712286
643 1895 3.45814888 0.00345814888 2.94712286
643 1895 3.45815662 0.00345815662 2.94712286
643 1895 3.4581684 0.0034581684 2.94712286
643 1895 3.45817657 0.00345817657 2.94712286
643 1895 3.4581734 0.0034581734 2.94712286
643 1895 3.45817116 0.00345817116 2.94712286
643 1895 3.4581703 0.0034581703 2.94712286
643 1895 3.45816877 0.00345816877 2.94712286
643 1895 3.45816804 0.00345816804 2.94712286
642 1891 3.44735582 0.00344735582 2.94548287
642 1892 3.44691543 0.00344691543 2.9470405
642 1896 3.44887336 0.00344887336 2.95327103
642 1896 3.45158757 0.00345158757 2.95327103
641 1892 3.44216035 0.00344216035 2.95163807
640 1886 3.44137704 0.00344137704 2.946875
640 1886 3.44129061 0.00344129061 2.946875
640 1886 3.44121381 0.00344121381 2.946875
640 1886 3.44125952 0.00344125952 2.946875
640 1886 3.44128525 0.00344128525 2.946875
639 1881 3.43210528 0.00343210528 2.94366197
639 1881 3.43210711 0.00343210711 2.94366197
639 1881 3.43221241 0.00343221241 2.94366197
639 1881 3.4321913 0.0034321913 2.94366197
639 1881 3.43221872 0.00343221872 2.94366197
639 1881 3.43215152 0.00343215152 2.94366197
639 1881 3.43217607 0.00343217607 2.94366197
639 1881 3.43221801 0.00343221801 2.94366197
639 1881 3.43220361 0.00343220361 2.94366197
639 1881 3.43216114 0.00343216114 2.94366197
638 1876 3.42208807 0.00342208807 2.94043887
638 1876 3.42162786 0.00342162786 2.94043887
638 1876 3.42861073 0.00342861073 2.94043887
638 1876 3.42870747 0.00342870747 2.94043887
638 1879 3.42844899 0.00342844899 2.94514107
638 1879 3.42853808 0.00342853808 2.94514107
638 1876 3.42864225 0.00342864225 2.94043887
638 1876 3.42859498 0.00342859498 2.94043887
638 1876 3.42869985 0.00342869985 2.94043887
638 1876 3.42874851 0.00342874851 2.94043887
637 1874 3.41964055 0.00341964055 2.94191523
637 1872 3.42167254 0.00342167254 2.93877551
637 1872 3.42174521 0.00342174521 2.93877551
637 1872 3.42159898 0.00342159898 2.93877551
637 1872 3.421605 0.003421605 2.93877551
637 1872 3.42163503 0.00342163503 2.93877551
637 1872 3.42165258 0.00342165258 2.93877551
637 1872 3.42152648 0.00342152648 2.93877551
637 1872 3.42160749 0.00342160749 2.93877551
637 1872 3.42160884 0.00342160884 2.93877551
636 1867 3.41170094 0.00341170094 2.93553459
636 1867 3.41115605 0.00341115605 2.93553459
636 1870 3.41256112 0.00341256112 2.94025157
636 1870 3.41255005 0.00341255005 2.94025157
636 1870 3.41255655 0.00341255655 2.94025157
636 1870 3.41240016 0.00341240016 2.94025157
636 1870 3.4124057 0.0034124057 2.94025157
636 1870 3.41246893 0.00341246893 2.94025157
636 1870 3.41235494 0.00341235494 2.94025157
636 1870 3.41249686 0.00341249686 2.94025157
635 1862 3.40228108 0.00340228108 2.93228346
635 1867 3.40292763 0.00340292763 2.94015748
635 1865 3.40134037 0.00340134037 2.93700787
635 1865 3.40137238 0.00340137238 2.93700787
635 1862 3.41046303 0.00341046303 2.93228346
635 1862 3.41030395 0.00341030395 2.93228346
635 1862 3.41043538 0.00341043538 2.93228346
635 1866 3.40788614 0.00340788614 2.93858268
635 1868 3.41015209 0.00341015209 2.94173228
635 1868 3.40987114 0.00340987114 2.94173228
634 1863 3.40069045 0.00340069045 2.9384858
634 1862 3.40339161 0.00340339161 2.93690852
634 1862 3.40311285 0.00340311285 2.93690852
634 1862 3.40321315 0.00340321315 2.93690852
634 1862 3.40430198 0.00340430198 2.93690852
634 1862 3.40420429 0.00340420429 2.93690852
634 1862 3.40429138 0.00340429138 2.93690852
634 1862 3.40439511 0.00340439511 2.93690852
634 1862 3.40424388 0.00340424388 2.93690852
634 1862 3.40441273 0.00340441273 2.93690852
633 1857 3.39468762 0.00339468762 2.93364929
633 1857 3.39445714 0.00339445714 2.93364929
633 1854 3.39479961 0.00339479961 2.92890995
633 1854 3.39455799 0.00339455799 2.92890995
633 1854 3.39462773 0.00339462773 2.92890995
633 1854 3.39453 0.00339453 2.92890995
633 1854 3.39460408 0.00339460408 2.92890995
633 1854 3.39454018 0.00339454018 2.92890995
633 1854 3.39457975 0.00339457975 2.92890995
633 1854 3.39471957 0.00339471957 2.92890995
632 1849 3.3846139 0.0033846139 2.92563291
632 1849 3.38469614 0.00338469614 2.92563291
632 1849 3.38484004 0.00338484004 2.92563291
632 1849 3.38482728 0.00338482728 2.92563291
632 1849 3.38479281 0.00338479281 2.92563291
632 1849 3.38480498 0.00338480498 2.92563291
632 1849 3.38480651 0.00338480651 2.92563291
632 1849 3.38480078 0.00338480078 2.92563291
632 1849 3.38480021 0.00338480021 2.92563291
632 1849 3.38480208 0.00338480208 2.92563291
631 1844 3.37413053 0.00337413053 2.92234548
631 1845 3.37378256 0.00337378256 2.92393027
630 1835 3.37142993 0.00337142993 2.91269841
630 1835 3.37143567 0.00337143567 2.91269841
630 1835 3.37136497 0.00337136497 2.91269841
630 1835 3.37146307 0.00337146307 2.91269841
630 1835 3.37120545 0.00337120545 2.91269841
630 1835 3.37123059 0.00337123059 2.91269841
630 1835 3.37128551 0.00337128551 2.91269841
630 1835 3.3712575 0.0033712575 2.91269841
629 1830 3.36139196 0.00336139196 2.90937997
629 1830 3.36150177 0.00336150177 2.90937997
629 1830 3.36168611 0.00336168611 2.90937997
629 1830 3.36166162 0.00336166162 2.90937997
629 1830 3.36164386 0.00336164386 2.90937997
629 1830 3.36165647 0.00336165647 2.90937997
629 1830 3.36166058 0.00336166058 2.90937997
629 1830 3.36165149 0.00336165149 2.90937997
629 1830 3.3616488 0.0033616488 2.90937997
629 1830 3.36165154 0.00336165154 2.90937997
628 1825 3.35103103 0.00335103103 2.90605096
628 1824 3.35087211 0.00335087211 2.9044586
628 1825 3.35088032 0.00335088032 2.90605096
628 1825 3.35094989 0.00335094989 2.90605096
628 1825 3.35096708 0.00335096708 2.90605096
628 1825 3.35090289 0.00335090289 2.90605096
628 1825 3.35207025 0.00335207025 2.90605096
628 1825 3.35195296 0.00335195296 2.90605096
628 1825 3.35175636 0.00335175636 2.90605096
628 1825 3.35194499 0.00335194499 2.90605096
627 1815 3.34096185 0.00334096185 2.89473684
626 1810 3.33816946 0.00333816946 2.8913738
626 1813 3.34803403 0.00334803403 2.89616613
626 1813 3.3478883 0.0033478883 2.89616613
626 1813 3.34817021 0.00334817021 2.89616613
626 1813 3.34811805 0.00334811805 2.89616613
626 1813 3.34807774 0.00334807774 2.89616613
626 1813 3.3480413 0.0033480413 2.89616613
626 1813 3.34812083 0.00334812083 2.89616613
626 1813 3.34810664 0.00334810664 2.89616613
625 1810 3.33764422 0.00333764422 2.896
625 1808 3.3381349 0.0033381349 2.8928
625 1808 3.33832915 0.00333832915 2.8928
625 1808 3.33834168 0.00333834168 2.8928
625 1808 3.33838488 0.00333838488 2.8928
625 1808 3.33830277 0.00333830277 2.8928
625 1808 3.3383141 0.0033383141 2.8928
625 1808 3.33831238 0.00333831238 2.8928
625 1808 3.33830717 0.00333830717 2.8928
625 1808 3.33830984 0.00333830984 2.8928
624 1803 3.32846431 0.00332846431 2.88942308
624 1803 3.32822564 0.00332822564 2.88942308
624 1803 3.32831123 0.00332831123 2.88942308
624 1803 3.32830195 0.00332830195 2.88942308
624 1803 3.32835758 0.00332835758 2.88942308
624 1803 3.32828656 0.00332828656 2.88942308
624 1803 3.32811208 0.00332811208 2.88942308
624 1803 3.32824621 0.00332824621 2.88942308
624 1803 3.32831732 0.00332831732 2.88942308
624 1803 3.32835642 0.00332835642 2.88942308
623 1798 3.3185516 0.0033185516 2.88603531
623 1798 3.3187631 0.0033187631 2.88603531
623 1798 3.31886044 0.00331886044 2.88603531
623 1798 3.31890638 0.00331890638 2.88603531
623 1798 3.31891417 0.00331891417 2.88603531
623 1798 3.31893642 0.00331893642 2.88603531
623 1798 3.31894861 0.00331894861 2.88603531
623 1798 3.31895184 0.00331895184 2.88603531
623 1798 3.3189545 0.0033189545 2.88603531
623 1798 3.31895767 0.00331895767 2.88603531
622 1793 3.30769368 0.00330769368 2.88263666
622 1796 3.30833559 0.00330833559 2.88745981
622 1796 3.308196 0.003308196 2.88745981
622 1796 3.30837257 0.00330837257 2.88745981
622 1796 3.308361 0.003308361 2.88745981
622 1796 3.30835342 0.00330835342 2.88745981
622 1796 3.30836528 0.00330836528 2.88745981
622 1796 3.30835672 0.00330835672 2.88745981
622 1796 3.3083668 0.0033083668 2.88745981
622 1796 3.30836771 0.00330836771 2.88745981
621 1793 3.29801309 0.00329801309 2.88727858
621 1788 3.29672655 0.00329672655 2.87922705
621 1788 3.29665906 0.00329665906 2.87922705
621 1788 3.29671817 0.00329671817 2.87922705
621 1788 3.29670329 0.00329670329 2.87922705
621 1787 3.29630394 0.00329630394 2.87761675
621 1784 3.30670368 0.00330670368 2.87278583
621 1784 3.30687063 0.00330687063 2.87278583
621 1784 3.30675235 0.00330675235 2.87278583
621 1784 3.30674018 0.00330674018 2.87278583
620 1779 3.29562992 0.00329562992 2.86935484
620 1778 3.28790088 0.00328790088 2.86774194
620 1778 3.29747448 0.00329747448 2.86774194
620 1778 3.2971691 0.0032971691 2.86774194
620 1781 3.29668157 0.00329668157 2.87258065
620 1783 3.29800083 0.00329800083 2.87580645
620 1783 3.29786362 0.00329786362 2.87580645
620 1780 3.29819295 0.00329819295 2.87096774
620 1780 3.29825228 0.00329825228 2.87096774
620 1780 3.29824619 0.00329824619 2.87096774
619 1778 3.28845671 0.00328845671 2.8723748
619 1775 3.28859217 0.00328859217 2.86752827
619 1778 3.28953949 0.00328953949 2.8723748
619 1778 3.28944061 0.00328944061 2.8723748
619 1781 3.28895612 0.00328895612 2.87722132
619 1781 3.28885089 0.00328885089 2.87722132
619 1781 3.2888872 0.0032888872 2.87722132
619 1781 3.28890759 0.00328890759 2.87722132
619 1778 3.28955766 0.00328955766 2.8723748
619 1778 3.28938021 0.00328938021 2.8723748
618 1773 3.27984134 0.00327984134 2.86893204
618 1773 3.27995349 0.00327995349 2.86893204
618 1773 3.27939738 0.00327939738 2.86893204
618 1773 3.27960351 0.00327960351 2.86893204
618 1773 3.2797296 0.0032797296 2.86893204
618 1773 3.27947777 0.00327947777 2.86893204
618 1773 3.27970063 0.00327970063 2.86893204
618 1773 3.27976977 0.00327976977 2.86893204
618 1773 3.27947005 0.00327947005 2.86893204
618 1773 3.27968444 0.00327968444 2.86893204
617 1770 3.26877866 0.00326877866 2.86871961
617 1770 3.26875196 0.00326875196 2.86871961
617 1767 3.26869849 0.00326869849 2.86385737
617 1770 3.26891839 0.00326891839 2.86871961
617 1767 3.26867054 0.00326867054 2.86385737
617 1770 3.26898835 0.00326898835 2.86871961
617 1770 3.26875367 0.00326875367 2.86871961
617 1770 3.26885038 0.00326885038 2.86871961
617 1770 3.26881402 0.00326881402 2.86871961
617 1770 3.26882756 0.00326882756 2.86871961
616 1764 3.25852103 0.00325852103 2.86363636
616 1764 3.25926895 0.00325926895 2.86363636
616 1764 3.25930314 0.00325930314 2.86363636
616 1764 3.2593194 0.0032593194 2.86363636
616 1761 3.25917509 0.00325917509 2.85876623
616 1764 3.2594638 0.0032594638 2.86363636
616 1764 3.25934117 0.00325934117 2.86363636
616 1764 3.259325 0.003259325 2.86363636
616 1764 3.25932299 0.00325932299 2.86363636
616 1764 3.25929807 0.00325929807 2.86363636
615 1758 3.24934795 0.00324934795 2.85853659
615 1758 3.24938096 0.00324938096 2.85853659
615 1758 3.24936104 0.00324936104 2.85853659
615 1758 3.24935805 0.00324935805 2.85853659
615 1758 3.2493523 0.0032493523 2.85853659
615 1758 3.24935002 0.00324935002 2.85853659
615 1758 3.24935125 0.00324935125 2.85853659
615 1758 3.24935046 0.00324935046 2.85853659
615 1758 3.24934908 0.00324934908 2.85853659
615 1758 3.24934905 0.00324934905 2.85853659
614 1755 3.23899031 0.00323899031 2.85830619
614 1755 3.23895114 0.00323895114 2.85830619
614 1755 3.23896948 0.00323896948 2.85830619
614 1753 3.23795676 0.00323795676 2.85504886
614 1753 3.23900372 0.00323900372 2.85504886
614 1755 3.23910269 0.00323910269 2.85830619
614 1755 3.23903237 0.00323903237 2.85830619
614 1755 3.23894504 0.00323894504 2.85830619
614 1755 3.23897736 0.00323897736 2.85830619
614 1755 3.23899596 0.00323899596 2.85830619
613 1750 3.22880211 0.00322880211 2.8548124
612 1749 3.22879591 0.00322879591 2.85784314
612 1749 3.22875331 0.00322875331 2.85784314
612 1747 3.22917684 0.00322917684 2.85457516
612 1747 3.22912878 0.00322912878 2.85457516
612 1747 3.22920854 0.00322920854 2.85457516
612 1747 3.22922443 0.00322922443 2.85457516
612 1747 3.22921902 0.00322921902 2.85457516
612 1747 3.22922027 0.00322922027 2.85457516
612 1747 3.22922541 0.00322922541 2.85457516
611 1743 3.21923526 0.00321923526 2.85270049
611 1740 3.21761183 0.00321761183 2.84779051
611 1743 3.21382758 0.00321382758 2.85270049
611 1743 3.21379464 0.00321379464 2.85270049
611 1743 3.21374927 0.00321374927 2.85270049
611 1743 3.21380325 0.00321380325 2.85270049
611 1743 3.21387736 0.00321387736 2.85270049
611 1743 3.21388643 0.00321388643 2.85270049
611 1743 3.21388345 0.00321388345 2.85270049
611 1743 3.21389332 0.00321389332 2.85270049
610 1738 3.2037694 0.0032037694 2.84918033
610 1737 3.20859289 0.00320859289 2.84754098
610 1737 3.20847922 0.00320847922 2.84754098
610 1737 3.20860061 0.00320860061 2.84754098
610 1737 3.2086095 0.0032086095 2.84754098
610 1737 3.2085836 0.0032085836 2.84754098
610 1737 3.20854612 0.00320854612 2.84754098
610 1737 3.20860042 0.00320860042 2.84754098
610 1737 3.20859659 0.00320859659 2.84754098
610 1737 3.2085869 0.0032085869 2.84754098
609 1732 3.1985761 0.0031985761 2.84400657
609 1733 3.20070706 0.00320070706 2.8456486
609 1733 3.20067238 0.00320067238 2.8456486
609 1733 3.20080742 0.00320080742 2.8456486
609 1733 3.20082198 0.00320082198 2.8456486
609 1733 3.20081441 0.00320081441 2.8456486
609 1733 3.20081137 0.00320081137 2.8456486
609 1733 3.2008081 0.0032008081 2.8456486
609 1733 3.20081388 0.00320081388 2.8456486
609 1733 3.20081944 0.00320081944 2.8456486
608 1731 3.19040444 0.00319040444 2.84703947
608 1731 3.19037999 0.00319037999 2.84703947
608 1729 3.19101646 0.00319101646 2.84375
608 1728 3.19129867 0.00319129867 2.84210526
608 1728 3.1914163 0.0031914163 2.84210526
608 1728 3.19149079 0.00319149079 2.84210526
608 1728 3.19142853 0.00319142853 2.84210526
608 1728 3.19138472 0.00319138472 2.84210526
608 1728 3.19137727 0.00319137727 2.84210526
608 1728 3.19138575 0.00319138575 2.84210526
607 1721 3.18070466 0.00318070466 2.83525535
607 1724 3.18162148 0.00318162148 2.84019769
607 1724 3.18172626 0.00318172626 2.84019769
607 1724 3.1817257 0.0031817257 2.84019769
607 1724 3.18166559 0.00318166559 2.84019769
607 1724 3.18168272 0.00318168272 2.84019769
607 1724 3.18169031 0.00318169031 2.84019769
607 1724 3.18170642 0.00318170642 2.84019769
607 1724 3.18170465 0.00318170465 2.84019769
607 1724 3.18170471 0.00318170471 2.84019769
606 1717 3.17108498 0.00317108498 2.83333333
605 1714 3.17077938 0.00317077938 2.83305785
605 1714 3.17090448 0.00317090448 2.83305785
605 1714 3.17093266 0.00317093266 2.83305785
605 1714 3.17093002 0.00317093002 2.83305785
605 1714 3.17091418 0.00317091418 2.83305785
605 1714 3.170913 0.003170913 2.83305785
605 1714 3.17090615 0.00317090615 2.83305785
605 1714 3.17090682 0.00317090682 2.83305785
605 1714 3.17090731 0.00317090731 2.83305785
604 1712 3.16076221 0.00316076221 2.83443709
604 1712 3.16066531 0.00316066531 2.83443709
604 1712 3.16075286 0.00316075286 2.83443709
604 1712 3.16071734 0.00316071734 2.83443709
604 1712 3.16066402 0.00316066402 2.83443709
604 1712 3.16071196 0.00316071196 2.83443709
604 1712 3.16066017 0.00316066017 2.83443709
604 1712 3.16077312 0.00316077312 2.83443709
604 1712 3.16067495 0.00316067495 2.83443709
604 1712 3.16075509 0.00316075509 2.83443709
603 1707 3.15029173 0.00315029173 2.83084577
603 1705 3.1401758 0.0031401758 2.82752902
603 1702 3.1498985 0.0031498985 2.8225539
603 1707 3.15018004 0.00315018004 2.83084577
603 1707 3.15019945 0.00315019945 2.83084577
603 1707 3.15018218 0.00315018218 2.83084577
603 1707 3.15031722 0.00315031722 2.83084577
603 1707 3.15018582 0.00315018582 2.83084577
603 1707 3.150155 0.003150155 2.83084577
603 1707 3.15013413 0.00315013413 2.83084577
602 1700 3.14008245 0.00314008245 2.82392027
602 1700 3.14020294 0.00314020294 2.82392027
602 1700 3.14006004 0.00314006004 2.82392027
602 1700 3.14007803 0.00314007803 2.82392027
602 1700 3.14008741 0.00314008741 2.82392027
602 1700 3.14007646 0.00314007646 2.82392027
602 1700 3.14007641 0.00314007641 2.82392027
602 1700 3.14007835 0.00314007835 2.82392027
602 1700 3.14007817 0.00314007817 2.82392027
602 1700 3.14007815 0.00314007815 2.82392027
601 1696 3.12965635 0.00312965635 2.82196339
601 1696 3.12978436 0.00312978436 2.82196339
601 1696 3.12984481 0.00312984481 2.82196339
601 1696 3.129792 0.003129792 2.82196339
601 1696 3.12982403 0.00312982403 2.82196339
601 1696 3.12986477 0.00312986477 2.82196339
601 1696 3.12985154 0.00312985154 2.82196339
601 1695 3.12974363 0.00312974363 2.8202995
601 1695 3.12962996 0.00312962996 2.8202995
601 1695 3.12960169 0.00312960169 2.8202995
600 1691 3.11918011 0.00311918011 2.81833333
600 1691 3.11931388 0.00311931388 2.81833333
600 1691 3.11935051 0.00311935051 2.81833333
600 1691 3.11930958 0.00311930958 2.81833333
600 1691 3.11929828 0.00311929828 2.81833333
600 1691 3.11929066 0.00311929066 2.81833333
600 1691 3.11928866 0.00311928866 2.81833333
600 1691 3.1192887 0.0031192887 2.81833333
600 1691 3.11928868 0.00311928868 2.81833333
600 1691 3.11928874 0.00311928874 2.81833333
599 1686 3.1083507 0.0031083507 2.81469115
599 1690 3.10856811 0.00310856811 2.82136895
599 1690 3.10856749 0.00310856749 2.82136895
599 1690 3.10850742 0.00310850742 2.82136895
599 1690 3.10848405 0.00310848405 2.82136895
599 1690 3.108475 0.003108475 2.82136895
599 1690 3.10847066 0.00310847066 2.82136895
599 1690 3.10846939 0.00310846939 2.82136895
599 1690 3.10846859 0.00310846859 2.82136895
599 1690 3.10846857 0.00310846857 2.82136895
598 1685 3.09749939 0.00309749939 2.81772575
598 1685 3.09756886 0.00309756886 2.81772575
598 1685 3.09761562 0.00309761562 2.81772575
598 1685 3.09760938 0.00309760938 2.81772575
598 1685 3.09760285 0.00309760285 2.81772575
598 1685 3.09760091 0.00309760091 2.81772575
598 1685 3.09759897 0.00309759897 2.81772575
598 1685 3.09759949 0.00309759949 2.81772575
598 1685 3.09759828 0.00309759828 2.81772575
598 1685 3.09759849 0.00309759849 2.81772575
597 1680 3.08581904 0.00308581904 2.81407035
597 1682 3.08525362 0.00308525362 2.81742044
597 1677 3.0907535 0.0030907535 2.80904523
597 1677 3.0905872 0.0030905872 2.80904523
597 1677 3.09046005 0.00309046005 2.80904523
597 1677 3.09048523 0.00309048523 2.80904523
597 1677 3.09050626 0.00309050626 2.80904523
597 1677 3.09051302 0.00309051302 2.80904523
597 1677 3.09051356 0.00309051356 2.80904523
597 1677 3.09051451 0.00309051451 2.80904523
596 1673 3.07864085 0.00307864085 2.80704698
596 1671 3.0773238 0.0030773238 2.80369128
596 1667 3.07334504 0.00307334504 2.79697987
596 1665 3.08445148 0.00308445148 2.79362416
596 1665 3.08440868 0.00308440868 2.79362416
596 1665 3.08450589 0.00308450589 2.79362416
596 1665 3.08455295 0.00308455295 2.79362416
596 1665 3.0845384 0.0030845384 2.79362416
596 1665 3.08453842 0.00308453842 2.79362416
596 1665 3.08454242 0.00308454242 2.79362416
595 1661 3.07387141 0.00307387141 2.79159664
595 1660 3.08040203 0.00308040203 2.78991597
595 1660 3.08036427 0.00308036427 2.78991597
595 1660 3.08034319 0.00308034319 2.78991597
595 1660 3.08185937 0.00308185937 2.78991597
595 1660 3.08175723 0.00308175723 2.78991597
595 1660 3.08175082 0.00308175082 2.78991597
595 1660 3.0817588 0.0030817588 2.78991597
595 1660 3.08175576 0.00308175576 2.78991597
595 1660 3.08175489 0.00308175489 2.78991597
594 1649 3.0701569 0.0030701569 2.77609428
593 1644 3.0620331 0.0030620331 2.77234401
593 1646 3.07302724 0.00307302724 2.77571669
593 1647 3.07481492 0.00307481492 2.77740304
593 1647 3.07476554 0.00307476554 2.77740304
593 1647 3.07476788 0.00307476788 2.77740304
593 1647 3.07463964 0.00307463964 2.77740304
593 1647 3.07464289 0.00307464289 2.77740304
593 1647 3.07462344 0.00307462344 2.77740304
593 1647 3.07461175 0.00307461175 2.77740304
592 1644 3.06464545 0.00306464545 2.77702703
592 1644 3.07482572 0.00307482572 2.77702703
592 1644 3.07479994 0.00307479994 2.77702703
592 1644 3.07469051 0.00307469051 2.77702703
592 1644 3.0746645 0.0030746645 2.77702703
592 1644 3.07464177 0.00307464177 2.77702703
592 1644 3.07463011 0.00307463011 2.77702703
592 1644 3.07462615 0.00307462615 2.77702703
592 1644 3.07461961 0.00307461961 2.77702703
592 1644 3.07462147 0.00307462147 2.77702703
591 1641 3.06464673 0.00306464673 2.77664975
591 1641 3.06468244 0.00306468244 2.77664975
591 1641 3.06466459 0.00306466459 2.77664975
591 1641 3.06481535 0.00306481535 2.77664975
591 1641 3.0671331 0.0030671331 2.77664975
591 1641 3.06704701 0.00306704701 2.77664975
591 1641 3.06695655 0.00306695655 2.77664975
591 1641 3.06690235 0.00306690235 2.77664975
591 1641 3.06685795 0.00306685795 2.77664975
591 1641 3.06685004 0.00306685004 2.77664975
590 1638 3.05676195 0.00305676195 2.77627119
590 1640 3.05697876 0.00305697876 2.77966102
590 1640 3.05685932 0.00305685932 2.77966102
590 1640 3.05697674 0.00305697674 2.77966102
590 1640 3.05689567 0.00305689567 2.77966102
590 1640 3.05686719 0.00305686719 2.77966102
590 1640 3.05685411 0.00305685411 2.77966102
590 1640 3.05685244 0.00305685244 2.77966102
590 1640 3.05684907 0.00305684907 2.77966102
590 1640 3.05685883 0.00305685883 2.77966102
589 1637 3.0467632 0.0030467632 2.77928693
589 1633 3.04699309 0.00304699309 2.77249576
589 1637 3.04687733 0.00304687733 2.77928693
589 1637 3.04691839 0.00304691839 2.77928693
589 1637 3.04684256 0.00304684256 2.77928693
589 1637 3.04697601 0.00304697601 2.77928693
589 1636 3.04855679 0.00304855679 2.77758913
589 1636 3.04856181 0.00304856181 2.77758913
589 1636 3.04850186 0.00304850186 2.77758913
589 1636 3.04849212 0.00304849212 2.77758913
588 1633 3.0384586 0.0030384586 2.77721088
588 1633 3.03686233 0.00303686233 2.77721088
588 1633 3.0365262 0.0030365262 2.77721088
588 1633 3.03660855 0.00303660855 2.77721088
588 1633 3.03665822 0.00303665822 2.77721088
588 1632 3.03654876 0.00303654876 2.7755102
588 1631 3.04080283 0.00304080283 2.77380952
588 1631 3.04068229 0.00304068229 2.77380952
588 1631 3.04081819 0.00304081819 2.77380952
587 1629 3.03060873 0.00303060873 2.77512777
586 1627 3.02077314 0.00302077314 2.77645051
586 1628 3.02206148 0.00302206148 2.778157
585 1622 3.01388652 0.00301388652 2.77264957
585 1622 3.01440687 0.00301440687 2.77264957
585 1624 3.01608742 0.00301608742 2.77606838
585 1624 3.01533087 0.00301533087 2.77606838
584 1621 3.00927285 0.00300927285 2.77568493
584 1615 3.00798927 0.00300798927 2.76541096
584 1619 3.01258676 0.00301258676 2.77226027
584 1619 3.02092986 0.00302092986 2.77226027
583 1614 3.01239747 0.00301239747 2.76843911
583 1616 3.01439746 0.00301439746 2.77186964
583 1617 3.01037209 0.00301037209 2.77358491
583 1621 3.00787572 0.00300787572 2.78044597
583 1618 3.00904068 0.00300904068 2.77530017
583 1615 3.0028127 0.0030028127 2.77015437
583 1617 2.99830525 0.00299830525 2.77358491
582 1611 2.99525783 0.00299525783 2.76804124
582 1607 2.99631008 0.00299631008 2.76116838
582 1608 3.00041547 0.00300041547 2.7628866
581 1602 2.99215578 0.00299215578 2.75731497
581 1602 2.99203739 0.00299203739 2.75731497
581 1602 2.99213072 0.00299213072 2.75731497
581 1602 2.99214383 0.00299214383 2.75731497
581 1602 2.99212726 0.00299212726 2.75731497
581 1602 2.99211939 0.00299211939 2.75731497
581 1602 2.99211445 0.00299211445 2.75731497
581 1602 2.99211749 0.00299211749 2.75731497
581 1602 2.99211932 0.00299211932 2.75731497
581 1602 2.99211941 0.00299211941 2.75731497
580 1600 2.98306681 0.00298306681 2.75862069
580 1600 2.98299413 0.00298299413 2.75862069
580 1600 2.98297931 0.00298297931 2.75862069
580 1600 2.98298934 0.00298298934 2.75862069
580 1600 2.98298048 0.00298298048 2.75862069
580 1600 2.98298104 0.00298298104 2.75862069
580 1600 2.98298183 0.00298298183 2.75862069
580 1600 2.9829833 0.0029829833 2.75862069
580 1600 2.98298481 0.00298298481 2.75862069
580 1600 2.98298595 0.00298298595 2.75862069
579 1597 2.97390491 0.00297390491 2.7582038
579 1597 2.9739684 0.0029739684 2.7582038
579 1597 2.97394261 0.00297394261 2.7582038
579 1597 2.97392623 0.00297392623 2.7582038
579 1597 2.97394471 0.00297394471 2.7582038
579 1597 2.97395216 0.00297395216 2.7582038
579 1597 2.97394993 0.00297394993 2.7582038
579 1597 2.9739461 0.0029739461 2.7582038
579 1597 2.97394547 0.00297394547 2.7582038
579 1597 2.97394634 0.00297394634 2.7582038
578 1596 2.96426151 0.00296426151 2.76124567
578 1596 2.9643298 0.0029643298 2.76124567
578 1596 2.96418035 0.00296418035 2.76124567
578 1596 2.96415644 0.00296415644 2.76124567
578 1596 2.96414835 0.00296414835 2.76124567
578 1596 2.96429314 0.00296429314 2.76124567
578 1596 2.96418224 0.00296418224 2.76124567
578 1596 2.96445783 0.00296445783 2.76124567
578 1596 2.96426067 0.00296426067 2.76124567
578 1596 2.96415947 0.00296415947 2.76124567
577 1591 2.95389707 0.00295389707 2.75736568
577 1593 2.9542696 0.0029542696 2.76083189
577 1592 2.9554585 0.0029554585 2.75909879
577 1591 2.96536964 0.00296536964 2.75736568
577 1591 2.96529836 0.00296529836 2.75736568
577 1591 2.96533398 0.00296533398 2.75736568
577 1591 2.96532464 0.00296532464 2.75736568
577 1591 2.96533586 0.00296533586 2.75736568
577 1591 2.96533579 0.00296533579 2.75736568
577 1591 2.96533802 0.00296533802 2.75736568
576 1590 2.95552105 0.00295552105 2.76041667
576 1590 2.95550722 0.00295550722 2.76041667
576 1590 2.95539427 0.00295539427 2.76041667
576 1590 2.95551647 0.00295551647 2.76041667
576 1590 2.95544449 0.00295544449 2.76041667
576 1590 2.95537253 0.00295537253 2.76041667
576 1590 2.95557289 0.00295557289 2.76041667
576 1590 2.95539063 0.00295539063 2.76041667
576 1590 2.95538174 0.00295538174 2.76041667
576 1590 2.9553892 0.0029553892 2.76041667
575 1585 2.9447132 0.0029447132 2.75652174
575 1585 2.94469339 0.00294469339 2.75652174
575 1585 2.94473644 0.00294473644 2.75652174
575 1585 2.94470435 0.00294470435 2.75652174
575 1585 2.94466913 0.00294466913 2.75652174
575 1585 2.94468257 0.00294468257 2.75652174
575 1585 2.9446846 0.0029446846 2.75652174
575 1585 2.94468254 0.00294468254 2.75652174
575 1585 2.94467907 0.00294467907 2.75652174
575 1585 2.94468074 0.00294468074 2.75652174
574 1578 2.93394626 0.00293394626 2.74912892
574 1578 2.93404664 0.00293404664 2.74912892
574 1580 2.93409121 0.00293409121 2.75261324
574 1580 2.93408203 0.00293408203 2.75261324
574 1580 2.93415498 0.00293415498 2.75261324
574 1580 2.93408419 0.00293408419 2.75261324
574 1580 2.93408891 0.00293408891 2.75261324
574 1580 2.93409472 0.00293409472 2.75261324
574 1580 2.93409623 0.00293409623 2.75261324
574 1580 2.93409289 0.00293409289 2.75261324
573 1575 2.92288713 0.00292288713 2.7486911
573 1574 2.9173937 0.0029173937 2.7469459
573 1574 2.92378931 0.00292378931 2.7469459
573 1574 2.92466866 0.00292466866 2.7469459
573 1574 2.92467488 0.00292467488 2.7469459
573 1574 2.92449012 0.00292449012 2.7469459
573 1574 2.92466724 0.00292466724 2.7469459
573 1574 2.92451257 0.00292451257 2.7469459
573 1574 2.92463379 0.00292463379 2.7469459
573 1574 2.92447584 0.00292447584 2.7469459
572 1569 2.91391297 0.00291391297 2.74300699
572 1569 2.9136888 0.0029136888 2.74300699
572 1569 2.91361914 0.00291361914 2.74300699
572 1569 2.91352486 0.00291352486 2.74300699
572 1569 2.91387814 0.00291387814 2.74300699
572 1569 2.91371533 0.00291371533 2.74300699
572 1569 2.91391529 0.00291391529 2.74300699
572 1569 2.91371876 0.00291371876 2.74300699
572 1569 2.91391001 0.00291391001 2.74300699
572 1569 2.91371207 0.00291371207 2.74300699
571 1563 2.90208056 0.00290208056 2.73730298
571 1565 2.90146839 0.00290146839 2.7408056
571 1567 2.90092418 0.00290092418 2.74430823
571 1567 2.90108786 0.00290108786 2.74430823
571 1565 2.90162421 0.00290162421 2.7408056
571 1568 2.9028244 0.0029028244 2.74605954
571 1568 2.90271558 0.00290271558 2.74605954
571 1568 2.90263072 0.00290263072 2.74605954
571 1568 2.9025566 0.0029025566 2.74605954
571 1568 2.90260857 0.00290260857 2.74605954
570 1561 2.89233303 0.00289233303 2.73859649
570 1561 2.89244193 0.00289244193 2.73859649
570 1561 2.89235698 0.00289235698 2.73859649
570 1561 2.8924252 0.0028924252 2.73859649
570 1561 2.89238839 0.00289238839 2.73859649
570 1561 2.89234448 0.00289234448 2.73859649
570 1561 2.89239699 0.00289239699 2.73859649
570 1561 2.89238914 0.00289238914 2.73859649
570 1561 2.8923475 0.0028923475 2.73859649
570 1561 2.89239329 0.00289239329 2.73859649
569 1556 2.88194731 0.00288194731 2.73462214
569 1556 2.8817986 0.0028817986 2.73462214
569 1556 2.88189661 0.00288189661 2.73462214
569 1556 2.88181279 0.00288181279 2.73462214
569 1556 2.88183196 0.00288183196 2.73462214
569 1556 2.88184367 0.00288184367 2.73462214
569 1556 2.88183508 0.00288183508 2.73462214
569 1556 2.88183433 0.00288183433 2.73462214
569 1556 2.88183665 0.00288183665 2.73462214
569 1556 2.88183871 0.00288183871 2.73462214
568 1550 2.87043386 0.00287043386 2.72887324
568 1550 2.87034032 0.00287034032 2.72887324
568 1550 2.87035514 0.00287035514 2.72887324
568 1550 2.87034072 0.00287034072 2.72887324
568 1550 2.8703089 0.0028703089 2.72887324
568 1550 2.87030832 0.00287030832 2.72887324
568 1550 2.87054296 0.00287054296 2.72887324
568 1550 2.87066701 0.00287066701 2.72887324
568 1550 2.87047897 0.00287047897 2.72887324
568 1550 2.87043092 0.00287043092 2.72887324
567 1545 2.85800307 0.00285800307 2.72486772
567 1541 2.85350628 0.00285350628 2.71781305
567 1542 2.8589528 0.0028589528 2.71957672
567 1544 2.86490463 0.00286490463 2.72310406
567 1544 2.8647942 0.0028647942 2.72310406
567 1544 2.86488905 0.00286488905 2.72310406
567 1544 2.86491479 0.00286491479 2.72310406
567 1544 2.86483835 0.00286483835 2.72310406
567 1544 2.86490149 0.00286490149 2.72310406
567 1544 2.86489542 0.00286489542 2.72310406
566 1539 2.85473245 0.00285473245 2.71908127
566 1539 2.85457232 0.00285457232 2.71908127
566 1539 2.8546257 0.0028546257 2.71908127
566 1539 2.85456789 0.00285456789 2.71908127
566 1539 2.85459567 0.00285459567 2.71908127
566 1539 2.8546015 0.0028546015 2.71908127
566 1539 2.85458896 0.00285458896 2.71908127
566 1539 2.85458786 0.00285458786 2.71908127
566 1539 2.85459127 0.00285459127 2.71908127
566 1539 2.85459379 0.00285459379 2.71908127
565 1533 2.84343453 0.00284343453 2.71327434
565 1533 2.84334757 0.00284334757 2.71327434
565 1533 2.84335868 0.00284335868 2.71327434
565 1533 2.84334313 0.00284334313 2.71327434
565 1533 2.84331337 0.00284331337 2.71327434
565 1533 2.84331393 0.00284331393 2.71327434
565 1533 2.84331516 0.00284331516 2.71327434
565 1533 2.84331905 0.00284331905 2.71327434
565 1533 2.84332082 0.00284332082 2.71327434
565 1533 2.84332313 0.00284332313 2.71327434
564 1528 2.83096273 0.00283096273 2.70921986
564 1528 2.83098925 0.00283098925 2.70921986
564 1528 2.83100685 0.00283100685 2.70921986
564 1528 2.83100015 0.00283100015 2.70921986
564 1528 2.83099427 0.00283099427 2.70921986
564 1528 2.8309834 0.0028309834 2.70921986
564 1528 2.83098629 0.00283098629 2.70921986
564 1528 2.83098767 0.00283098767 2.70921986
564 1528 2.83098883 0.00283098883 2.70921986
564 1528 2.83098699 0.00283098699 2.70921986
563 1523 2.81808315 0.00281808315 2.70515098
563 1523 2.81807144 0.00281807144 2.70515098
563 1524 2.81860245 0.00281860245 2.70692718
563 1524 2.81856621 0.00281856621 2.70692718
563 1524 2.81857164 0.00281857164 2.70692718
563 1524 2.81854466 0.00281854466 2.70692718
563 1524 2.81846515 0.00281846515 2.70692718
563 1524 2.81852962 0.00281852962 2.70692718
563 1524 2.81843735 0.00281843735 2.70692718
563 1524 2.81862726 0.00281862726 2.70692718
562 1518 2.80510948 0.00280510948 2.70106762
562 1519 2.80552701 0.00280552701 2.70284698
562 1520 2.80529287 0.00280529287 2.70462633
561 1515 2.80344522 0.00280344522 2.70053476
561 1515 2.80346503 0.00280346503 2.70053476
561 1515 2.8033762 0.0028033762 2.70053476
561 1515 2.80329027 0.00280329027 2.70053476
561 1515 2.80353061 0.00280353061 2.70053476
561 1515 2.80344784 0.00280344784 2.70053476
561 1515 2.8032744 0.0028032744 2.70053476
560 1510 2.79064617 0.00279064617 2.69642857
560 1510 2.79055197 0.00279055197 2.69642857
560 1510 2.79053076 0.00279053076 2.69642857
560 1510 2.79046344 0.00279046344 2.69642857
560 1510 2.79038827 0.00279038827 2.69642857
560 1510 2.79068498 0.00279068498 2.69642857
560 1510 2.79061605 0.00279061605 2.69642857
560 1510 2.79044841 0.00279044841 2.69642857
560 1510 2.79038344 0.00279038344 2.69642857
560 1510 2.79068737 0.00279068737 2.69642857
559 1504 2.77708208 0.00277708208 2.69051878
559 1507 2.79050059 0.00279050059 2.69588551
559 1509 2.78566624 0.00278566624 2.69946333
559 1509 2.78560451 0.00278560451 2.69946333
559 1509 2.78560808 0.00278560808 2.69946333
559 1509 2.78565836 0.00278565836 2.69946333
559 1509 2.78561867 0.00278561867 2.69946333
559 1509 2.78559149 0.00278559149 2.69946333
559 1509 2.78557652 0.00278557652 2.69946333
559 1509 2.78565291 0.00278565291 2.69946333
558 1503 2.77226899 0.00277226899 2.69354839
558 1504 2.77827743 0.00277827743 2.6953405
558 1504 2.77816118 0.00277816118 2.6953405
558 1504 2.77823049 0.00277823049 2.6953405
558 1501 2.77708406 0.00277708406 2.68996416
558 1501 2.77687602 0.00277687602 2.68996416
558 1501 2.77680085 0.00277680085 2.68996416
558 1502 2.77791076 0.00277791076 2.69175627
558 1502 2.77805883 0.00277805883 2.69175627
558 1502 2.7781076 0.0027781076 2.69175627
557 1496 2.7643785 0.0027643785 2.68581688
556 1492 2.75929531 0.00275929531 2.68345324
556 1492 2.75930292 0.00275930292 2.68345324
556 1492 2.7592254 0.0027592254 2.68345324
556 1492 2.75932664 0.00275932664 2.68345324
556 1492 2.75927686 0.00275927686 2.68345324
556 1492 2.75931783 0.00275931783 2.68345324
556 1492 2.75938958 0.00275938958 2.68345324
556 1492 2.75924977 0.00275924977 2.68345324
556 1492 2.75938032 0.00275938032 2.68345324
555 1486 2.74590263 0.00274590263 2.67747748
554 1479 2.73313224 0.00273313224 2.66967509
554 1480 2.732676 0.002732676 2.67148014
554 1483 2.73738997 0.00273738997 2.67689531
554 1482 2.73794313 0.00273794313 2.67509025
554 1482 2.73804519 0.00273804519 2.67509025
554 1482 2.75097616 0.00275097616 2.67509025
554 1482 2.75075585 0.00275075585 2.67509025
554 1482 2.75090391 0.00275090391 2.67509025
554 1482 2.75076303 0.00275076303 2.67509025
553 1476 2.73754896 0.00273754896 2.66907776
553 1475 2.73798518 0.00273798518 2.66726944
553 1473 2.74208607 0.00274208607 2.6636528
553 1473 2.74207127 0.00274207127 2.6636528
553 1473 2.74211602 0.00274211602 2.6636528
553 1473 2.74213884 0.00274213884 2.6636528
553 1473 2.74215093 0.00274215093 2.6636528
553 1473 2.74199117 0.00274199117 2.6636528
553 1477 2.74320466 0.00274320466 2.67088608
553 1477 2.7432886 0.0027432886 2.67088608
552 1470 2.73065816 0.00273065816 2.66304348
552 1471 2.73017358 0.00273017358 2.66485507
552 1471 2.73029987 0.00273029987 2.66485507
552 1470 2.7304134 0.0027304134 2.66304348
552 1470 2.73058731 0.00273058731 2.66304348
552 1470 2.7305966 0.0027305966 2.66304348
552 1470 2.73068049 0.00273068049 2.66304348
552 1470 2.73064617 0.00273064617 2.66304348
552 1470 2.73061866 0.00273061866 2.66304348
552 1470 2.73069371 0.00273069371 2.66304348
551 1464 2.71816034 0.00271816034 2.6569873
551 1466 2.71243579 0.00271243579 2.66061706
551 1469 2.71042363 0.00271042363 2.66606171
551 1466 2.71249325 0.00271249325 2.66061706
551 1463 2.71851834 0.00271851834 2.65517241
551 1463 2.71840673 0.00271840673 2.65517241
551 1463 2.71847183 0.00271847183 2.65517241
551 1463 2.71848736 0.00271848736 2.65517241
551 1463 2.71841935 0.00271841935 2.65517241
551 1463 2.71849517 0.00271849517 2.65517241
550 1459 2.70625909 0.00270625909 2.65272727
550 1459 2.70636417 0.00270636417 2.65272727
550 1459 2.70646713 0.00270646713 2.65272727
550 1459 2.70640984 0.00270640984 2.65272727
550 1459 2.70608059 0.00270608059 2.65272727
550 1460 2.70704665 0.00270704665 2.65454545
550 1460 2.70679888 0.00270679888 2.65454545
550 1460 2.70710696 0.00270710696 2.65454545
550 1460 2.7073637 0.0027073637 2.65454545
550 1460 2.70738751 0.00270738751 2.65454545
549 1455 2.69445815 0.00269445815 2.65027322
549 1458 2.69371547 0.00269371547 2.6557377
549 1458 2.70489553 0.00270489553 2.6557377
549 1458 2.7049015 0.0027049015 2.6557377
549 1458 2.70490728 0.00270490728 2.6557377
549 1458 2.70492116 0.00270492116 2.6557377
549 1458 2.70493151 0.00270493151 2.6557377
549 1458 2.70492757 0.00270492757 2.6557377
549 1458 2.70492664 0.00270492664 2.6557377
549 1458 2.70492657 0.00270492657 2.6557377
548 1455 2.69375813 0.00269375813 2.65510949
548 1455 2.6936757 0.0026936757 2.65510949
548 1455 2.7049756 0.0027049756 2.65510949
548 1455 2.70473276 0.00270473276 2.65510949
548 1455 2.70476907 0.00270476907 2.65510949
548 1455 2.70483627 0.00270483627 2.65510949
548 1456 2.70527533 0.00270527533 2.65693431
548 1456 2.70521632 0.00270521632 2.65693431
548 1454 2.70677986 0.00270677986 2.65328467
548 1454 2.70673921 0.00270673921 2.65328467
546 1443 2.69381673 0.00269381673 2.64285714
546 1445 2.68293402 0.00268293402 2.64652015
546 1443 2.69381114 0.00269381114 2.64285714
546 1443 2.6938172 0.0026938172 2.64285714
546 1449 2.69545981 0.00269545981 2.65384615
546 1449 2.69573013 0.00269573013 2.65384615
546 1449 2.69570124 0.00269570124 2.65384615
546 1449 2.69559759 0.00269559759 2.65384615
546 1449 2.69556676 0.00269556676 2.65384615
546 1449 2.69543907 0.00269543907 2.65384615
545 1445 2.68445143 0.00268445143 2.65137615
545 1445 2.68453748 0.00268453748 2.65137615
545 1445 2.68445862 0.00268445862 2.65137615
545 1445 2.68438424 0.00268438424 2.65137615
545 1445 2.68397991 0.00268397991 2.65137615
545 1445 2.68479962 0.00268479962 2.65137615
545 1445 2.68473098 0.00268473098 2.65137615
545 1445 2.68420866 0.00268420866 2.65137615
545 1445 2.68433867 0.00268433867 2.65137615
545 1445 2.68441133 0.00268441133 2.65137615
544 1441 2.67160388 0.00267160388 2.64889706
544 1440 2.67040488 0.00267040488 2.64705882
544 1441 2.67155873 0.00267155873 2.64889706
544 1441 2.67143866 0.00267143866 2.64889706
544 1438 2.67289075 0.00267289075 2.64338235
544 1438 2.67275346 0.00267275346 2.64338235
544 1438 2.67277541 0.00267277541 2.64338235
544 1438 2.6728268 0.0026728268 2.64338235
544 1438 2.6728448 0.0026728448 2.64338235
544 1438 2.67284498 0.00267284498 2.64338235
543 1435 2.66148866 0.00266148866 2.6427256
543 1434 2.66160354 0.00266160354 2.64088398
543 1435 2.66147505 0.00266147505 2.6427256
543 1435 2.66153703 0.00266153703 2.6427256
543 1435 2.66150271 0.00266150271 2.6427256
543 1435 2.66149368 0.00266149368 2.6427256
543 1435 2.66148423 0.00266148423 2.6427256
543 1435 2.66147577 0.00266147577 2.6427256
543 1435 2.66146791 0.00266146791 2.6427256
543 1435 2.6614645 0.0026614645 2.6427256
542 1431 2.6502834 0.0026502834 2.6402214
542 1431 2.65022612 0.00265022612 2.6402214
542 1431 2.65023925 0.00265023925 2.6402214
542 1431 2.65007987 0.00265007987 2.6402214
542 1431 2.65014048 0.00265014048 2.6402214
542 1431 2.65051174 0.00265051174 2.6402214
542 1431 2.65014754 0.00265014754 2.6402214
542 1431 2.65008607 0.00265008607 2.6402214
542 1431 2.65032147 0.00265032147 2.6402214
542 1431 2.65035123 0.00265035123 2.6402214
541 1426 2.63781965 0.00263781965 2.63585952
541 1426 2.63803963 0.00263803963 2.63585952
541 1426 2.63788982 0.00263788982 2.63585952
541 1426 2.63787647 0.00263787647 2.63585952
541 1426 2.63793293 0.00263793293 2.63585952
541 1426 2.63807959 0.00263807959 2.63585952
541 1426 2.63791153 0.00263791153 2.63585952
541 1426 2.63804987 0.00263804987 2.63585952
541 1426 2.63791787 0.00263791787 2.63585952
541 1426 2.63808589 0.00263808589 2.63585952
540 1421 2.6253516 0.0026253516 2.63148148
540 1421 2.62536307 0.00262536307 2.63148148
540 1421 2.62524585 0.00262524585 2.63148148
540 1421 2.62544266 0.00262544266 2.63148148
540 1421 2.62541095 0.00262541095 2.63148148
540 1421 2.62536083 0.00262536083 2.63148148
540 1421 2.62537192 0.00262537192 2.63148148
540 1421 2.62539183 0.00262539183 2.63148148
540 1421 2.62540419 0.00262540419 2.63148148
540 1421 2.62540813 0.00262540813 2.63148148
539 1417 2.61246292 0.00261246292 2.62894249
539 1418 2.61101423 0.00261101423 2.63079777
539 1418 2.61101055 0.00261101055 2.63079777
539 1418 2.61093792 0.00261093792 2.63079777
539 1418 2.61093086 0.00261093086 2.63079777
539 1418 2.6109232 0.0026109232 2.63079777
539 1418 2.6109261 0.0026109261 2.63079777
539 1418 2.61092809 0.00261092809 2.63079777
539 1418 2.61092788 0.00261092788 2.63079777
539 1418 2.610928 0.002610928 2.63079777
538 1416 2.59757146 0.00259757146 2.63197026
538 1419 2.608258 0.002608258 2.63754647
538 1420 2.61104395 0.00261104395 2.6394052
538 1421 2.62146746 0.00262146746 2.64126394
538 1421 2.62151451 0.00262151451 2.64126394
538 1421 2.62153805 0.00262153805 2.64126394
538 1422 2.63080603 0.00263080603 2.64312268
538 1422 2.63065934 0.00263065934 2.64312268
538 1422 2.63069509 0.00263069509 2.64312268
538 1422 2.63071537 0.00263071537 2.64312268
537 1414 2.61922952 0.00261922952 2.63314711
537 1420 2.62319674 0.00262319674 2.6443203
537 1416 2.62323592 0.00262323592 2.63687151
537 1420 2.61480257 0.00261480257 2.6443203
537 1417 2.62421902 0.00262421902 2.63873371
537 1417 2.62385588 0.00262385588 2.63873371
537 1419 2.62337924 0.00262337924 2.6424581
536 1412 2.61490074 0.00261490074 2.63432836
536 1412 2.61489793 0.00261489793 2.63432836
536 1412 2.61492344 0.00261492344 2.63432836
535 1408 2.60437807 0.00260437807 2.6317757
535 1408 2.60430233 0.00260430233 2.6317757
535 1408 2.60430727 0.00260430727 2.6317757
535 1408 2.60448258 0.00260448258 2.6317757
535 1408 2.60456421 0.00260456421 2.6317757
535 1408 2.60451226 0.00260451226 2.6317757
535 1408 2.60446251 0.00260446251 2.6317757
535 1408 2.60445021 0.00260445021 2.6317757
535 1408 2.60446198 0.00260446198 2.6317757
535 1408 2.60446738 0.00260446738 2.6317757
534 1403 2.59307181 0.00259307181 2.62734082
534 1403 2.59272762 0.00259272762 2.62734082
534 1404 2.5939154 0.0025939154 2.62921348
534 1404 2.5939662 0.0025939662 2.62921348
534 1405 2.59539977 0.00259539977 2.63108614
534 1403 2.59669868 0.00259669868 2.62734082
534 1403 2.59676548 0.00259676548 2.62734082
534 1403 2.59677575 0.00259677575 2.62734082
534 1403 2.59677425 0.00259677425 2.62734082
534 1403 2.59678067 0.00259678067 2.62734082
533 1399 2.58625317 0.00258625317 2.62476548
533 1399 2.58660942 0.00258660942 2.62476548
533 1399 2.58643596 0.00258643596 2.62476548
533 1399 2.58655743 0.00258655743 2.62476548
533 1399 2.58651483 0.00258651483 2.62476548
533 1399 2.58656224 0.00258656224 2.62476548
533 1399 2.58655331 0.00258655331 2.62476548
533 1399 2.58652873 0.00258652873 2.62476548
533 1399 2.58652673 0.00258652673 2.62476548
533 1399 2.58653928 0.00258653928 2.62476548
532 1395 2.57615079 0.00257615079 2.62218045
532 1395 2.57623631 0.00257623631 2.62218045
532 1395 2.57621331 0.00257621331 2.62218045
532 1395 2.57625676 0.00257625676 2.62218045
532 1395 2.57602298 0.00257602298 2.62218045
532 1395 2.57631426 0.00257631426 2.62218045
532 1395 2.57652215 0.00257652215 2.62218045
532 1395 2.57647042 0.00257647042 2.62218045
532 1395 2.5763958 0.0025763958 2.62218045
532 1395 2.57636399 0.00257636399 2.62218045
531 1390 2.56515778 0.00256515778 2.61770245
531 1390 2.56486191 0.00256486191 2.61770245
531 1390 2.56507062 0.00256507062 2.61770245
531 1390 2.5649499 0.0025649499 2.61770245
531 1390 2.56506432 0.00256506432 2.61770245
531 1390 2.56500141 0.00256500141 2.61770245
531 1390 2.56498291 0.00256498291 2.61770245
531 1390 2.56490483 0.00256490483 2.61770245
531 1390 2.56487369 0.00256487369 2.61770245
531 1390 2.56501533 0.00256501533 2.61770245
530 1385 2.55282156 0.00255282156 2.61320755
530 1385 2.55293791 0.00255293791 2.61320755
530 1385 2.55301554 0.00255301554 2.61320755
530 1385 2.55284594 0.00255284594 2.61320755
530 1385 2.55278895 0.00255278895 2.61320755
530 1385 2.55281641 0.00255281641 2.61320755
530 1385 2.55299484 0.00255299484 2.61320755
530 1385 2.55307241 0.00255307241 2.61320755
530 1385 2.55312906 0.00255312906 2.61320755
530 1385 2.55285854 0.00255285854 2.61320755
529 1381 2.53942914 0.00253942914 2.61058601
529 1378 2.53969735 0.00253969735 2.60491493
529 1382 2.54117008 0.00254117008 2.61247637
529 1382 2.54121386 0.00254121386 2.61247637
529 1382 2.54121721 0.00254121721 2.61247637
529 1382 2.54116727 0.00254116727 2.61247637
529 1382 2.5411568 0.0025411568 2.61247637
529 1382 2.54113357 0.00254113357 2.61247637
529 1382 2.5411279 0.0025411279 2.61247637
529 1382 2.54112269 0.00254112269 2.61247637
528 1378 2.52791672 0.00252791672 2.60984848
528 1375 2.52838026 0.00252838026 2.60416667
528 1375 2.52832102 0.00252832102 2.60416667
527 1373 2.51920158 0.00251920158 2.60531309
527 1373 2.51930032 0.00251930032 2.60531309
527 1374 2.51837727 0.00251837727 2.60721063
527 1374 2.51845833 0.00251845833 2.60721063
527 1373 2.52950021 0.00252950021 2.60531309
527 1373 2.52927049 0.00252927049 2.60531309
527 1373 2.52936802 0.00252936802 2.60531309
526 1371 2.51688384 0.00251688384 2.60646388
526 1370 2.51847938 0.00251847938 2.60456274
526 1370 2.51859172 0.00251859172 2.60456274
526 1370 2.5186026 0.0025186026 2.60456274
526 1370 2.51866344 0.00251866344 2.60456274
526 1370 2.51869076 0.00251869076 2.60456274
526 1370 2.51869725 0.00251869725 2.60456274
526 1370 2.51869941 0.00251869941 2.60456274
526 1370 2.51869991 0.00251869991 2.60456274
526 1370 2.51870164 0.00251870164 2.60456274
525 1368 2.50624281 0.00250624281 2.60571429
525 1368 2.50614025 0.00250614025 2.60571429
525 1368 2.50596626 0.00250596626 2.60571429
525 1368 2.50609471 0.00250609471 2.60571429
525 1368 2.50603504 0.00250603504 2.60571429
525 1368 2.50597426 0.00250597426 2.60571429
525 1368 2.50618018 0.00250618018 2.60571429
525 1368 2.50617662 0.00250617662 2.60571429
525 1368 2.50613642 0.00250613642 2.60571429
525 1368 2.50603409 0.00250603409 2.60571429
524 1363 2.49421179 0.00249421179 2.60114504
524 1358 2.48184493 0.00248184493 2.59160305
524 1358 2.48191193 0.00248191193 2.59160305
524 1358 2.48187677 0.00248187677 2.59160305
524 1358 2.48185414 0.00248185414 2.59160305
524 1358 2.48185422 0.00248185422 2.59160305
524 1358 2.48186094 0.00248186094 2.59160305
524 1358 2.48186172 0.00248186172 2.59160305
524 1358 2.48186306 0.00248186306 2.59160305
524 1358 2.48186225 0.00248186225 2.59160305
523 1352 2.46912329 0.00246912329 2.58508604
523 1352 2.46905846 0.00246905846 2.58508604
523 1352 2.46904 0.00246904 2.58508604
523 1352 2.46904332 0.00246904332 2.58508604
523 1352 2.46905473 0.00246905473 2.58508604
523 1352 2.46905905 0.00246905905 2.58508604
523 1352 2.46905997 0.00246905997 2.58508604
523 1352 2.46905958 0.00246905958 2.58508604
523 1352 2.46906011 0.00246906011 2.58508604
523 1352 2.46906056 0.00246906056 2.58508604
522 1347 2.45608384 0.00245608384 2.58045977
522 1346 2.45572463 0.00245572463 2.57854406
522 1347 2.45612551 0.00245612551 2.58045977
522 1349 2.45659077 0.00245659077 2.58429119
522 1350 2.45598959 0.00245598959 2.5862069
522 1355 2.46862517 0.00246862517 2.59578544
522 1355 2.46847891 0.00246847891 2.59578544
522 1355 2.46856878 0.00246856878 2.59578544
522 1355 2.4684946 0.0024684946 2.59578544
522 1355 2.46853325 0.00246853325 2.59578544
521 1349 2.45509593 0.00245509593 2.58925144
521 1349 2.4564515 0.0024564515 2.58925144
521 1349 2.45665474 0.00245665474 2.58925144
521 1349 2.45652096 0.00245652096 2.58925144
521 1349 2.45654483 0.00245654483 2.58925144
521 1349 2.45656256 0.00245656256 2.58925144
521 1349 2.45654192 0.00245654192 2.58925144
521 1349 2.45652911 0.00245652911 2.58925144
521 1349 2.456541 0.002456541 2.58925144
521 1349 2.45653065 0.00245653065 2.58925144
520 1346 2.44305769 0.00244305769 2.58846154
520 1342 2.4442234 0.0024442234 2.58076923
520 1342 2.4440622 0.0024440622 2.58076923
520 1342 2.44406895 0.00244406895 2.58076923
520 1342 2.44404898 0.00244404898 2.58076923
520 1342 2.44406267 0.00244406267 2.58076923
520 1342 2.44405427 0.00244405427 2.58076923
520 1342 2.44405468 0.00244405468 2.58076923
520 1342 2.44405402 0.00244405402 2.58076923
520 1342 2.44405393 0.00244405393 2.58076923
519 1337 2.43087352 0.00243087352 2.5761079
519 1337 2.43088525 0.00243088525 2.5761079
519 1337 2.43103435 0.00243103435 2.5761079
519 1337 2.43097462 0.00243097462 2.5761079
519 1339 2.42899473 0.00242899473 2.57996146
519 1339 2.42906186 0.00242906186 2.57996146
519 1339 2.42921905 0.00242921905 2.57996146
519 1339 2.42843692 0.00242843692 2.57996146
519 1339 2.42867821 0.00242867821 2.57996146
519 1339 2.42880131 0.00242880131 2.57996146
518 1337 2.41561433 0.00241561433 2.58108108
518 1335 2.42502826 0.00242502826 2.57722008
518 1335 2.4248795 0.0024248795 2.57722008
518 1335 2.42454282 0.00242454282 2.57722008
518 1335 2.42459542 0.00242459542 2.57722008
518 1335 2.42475221 0.00242475221 2.57722008
518 1335 2.42481023 0.00242481023 2.57722008
518 1335 2.4247986 0.0024247986 2.57722008
518 1335 2.42477205 0.00242477205 2.57722008
518 1335 2.42476426 0.00242476426 2.57722008
517 1333 2.41162168 0.00241162168 2.57833656
516 1328 2.40917652 0.00240917652 2.57364341
516 1328 2.40908256 0.00240908256 2.57364341
516 1330 2.41477562 0.00241477562 2.57751938
515 1327 2.40372727 0.00240372727 2.57669903
515 1328 2.39985605 0.00239985605 2.57864078
515 1328 2.39997491 0.00239997491 2.57864078
515 1328 2.39999081 0.00239999081 2.57864078
515 1329 2.40426846 0.00240426846 2.58058252
515 1328 2.40939284 0.00240939284 2.57864078
514 1321 2.39740942 0.00239740942 2.57003891
514 1322 2.39830048 0.00239830048 2.57198444
514 1322 2.39847226 0.00239847226 2.57198444
514 1322 2.39851324 0.00239851324 2.57198444
514 1322 2.3984981 0.0023984981 2.57198444
514 1322 2.3984711 0.0023984711 2.57198444
514 1322 2.39845226 0.00239845226 2.57198444
514 1322 2.39843496 0.00239843496 2.57198444
514 1322 2.39841857 0.00239841857 2.57198444
514 1322 2.39840506 0.00239840506 2.57198444
513 1315 2.38643897 0.00238643897 2.56335283
513 1317 2.39720569 0.00239720569 2.56725146
513 1317 2.39691792 0.00239691792 2.56725146
513 1317 2.39695708 0.00239695708 2.56725146
513 1317 2.39694798 0.00239694798 2.56725146
513 1317 2.39714049 0.00239714049 2.56725146
513 1317 2.39696291 0.00239696291 2.56725146
513 1317 2.39678721 0.00239678721 2.56725146
513 1317 2.39685293 0.00239685293 2.56725146
513 1317 2.39697737 0.00239697737 2.56725146
512 1312 2.38467634 0.00238467634 2.5625
512 1312 2.38465197 0.00238465197 2.5625
512 1312 2.38446263 0.00238446263 2.5625
512 1312 2.38451716 0.00238451716 2.5625
512 1312 2.38451664 0.00238451664 2.5625
512 1312 2.38449527 0.00238449527 2.5625
512 1312 2.38447933 0.00238447933 2.5625
512 1312 2.38447811 0.00238447811 2.5625
512 1314 2.38976595 0.00238976595 2.56640625
512 1314 2.38969805 0.00238969805 2.56640625
511 1309 2.37731817 0.00237731817 2.56164384
511 1307 2.37766145 0.00237766145 2.55772994
511 1307 2.37783844 0.00237783844 2.55772994
511 1307 2.37763666 0.00237763666 2.55772994
511 1307 2.3774569 0.0023774569 2.55772994
511 1307 2.37750306 0.00237750306 2.55772994
511 1307 2.37780394 0.00237780394 2.55772994
511 1307 2.37796786 0.00237796786 2.55772994
511 1307 2.37771767 0.00237771767 2.55772994
511 1307 2.37752485 0.00237752485 2.55772994
510 1303 2.36362048 0.00236362048 2.55490196
510 1303 2.36383509 0.00236383509 2.55490196
510 1303 2.3640329 0.0023640329 2.55490196
510 1303 2.36379087 0.00236379087 2.55490196
510 1303 2.36386275 0.00236386275 2.55490196
510 1303 2.3637623 0.0023637623 2.55490196
510 1303 2.36398062 0.00236398062 2.55490196
510 1303 2.36380907 0.00236380907 2.55490196
510 1302 2.36392807 0.00236392807 2.55294118
510 1302 2.36395657 0.00236395657 2.55294118
509 1298 2.34997333 0.00234997333 2.55009823
509 1298 2.35002814 0.00235002814 2.55009823
509 1298 2.35008493 0.00235008493 2.55009823
509 1298 2.3498363 0.0023498363 2.55009823
509 1298 2.34980625 0.00234980625 2.55009823
509 1298 2.34985847 0.00234985847 2.55009823
509 1298 2.34987683 0.00234987683 2.55009823
509 1298 2.3498787 0.0023498787 2.55009823
509 1298 2.34987093 0.00234987093 2.55009823
509 1298 2.34986787 0.00234986787 2.55009823
508 1296 2.3355599 0.0023355599 2.5511811
508 1293 2.33768253 0.00233768253 2.54527559
508 1293 2.33787037 0.00233787037 2.54527559
508 1293 2.33768509 0.00233768509 2.54527559
508 1293 2.3378734 0.0023378734 2.54527559
508 1295 2.3382118 0.0023382118 2.5492126
508 1289 2.33712066 0.00233712066 2.53740157
508 1289 2.33637112 0.00233637112 2.53740157
508 1291 2.33470019 0.00233470019 2.54133858
508 1294 2.34003389 0.00234003389 2.54724409
507 1291 2.32710222 0.00232710222 2.54635108
506 1286 2.31719111 0.00231719111 2.54150198
506 1291 2.32578098 0.00232578098 2.5513834
506 1295 2.31798027 0.00231798027 2.55928854
506 1295 2.32049857 0.00232049857 2.55928854
506 1293 2.32640262 0.00232640262 2.55533597
506 1293 2.32627438 0.00232627438 2.55533597
506 1293 2.32632205 0.00232632205 2.55533597
506 1293 2.32628566 0.00232628566 2.55533597
506 1293 2.32630928 0.00232630928 2.55533597
505 1286 2.31528211 0.00231528211 2.54653465
505 1288 2.32625434 0.00232625434 2.55049505
505 1290 2.33047637 0.00233047637 2.55445545
505 1290 2.33046155 0.00233046155 2.55445545
505 1287 2.32638722 0.00232638722 2.54851485
505 1287 2.32634696 0.00232634696 2.54851485
505 1287 2.32636808 0.00232636808 2.54851485
505 1291 2.33636515 0.00233636515 2.55643564
504 1285 2.32629395 0.00232629395 2.54960317
504 1285 2.32635827 0.00232635827 2.54960317
503 1282 2.31490894 0.00231490894 2.54870775
503 1278 2.31528409 0.00231528409 2.54075547
503 1278 2.31526892 0.00231526892 2.54075547
503 1279 2.31543782 0.00231543782 2.54274354
503 1279 2.31539669 0.00231539669 2.54274354
503 1279 2.31550448 0.00231550448 2.54274354
503 1279 2.31551739 0.00231551739 2.54274354
503 1279 2.31547961 0.00231547961 2.54274354
503 1279 2.31548333 0.00231548333 2.54274354
503 1279 2.31548201 0.00231548201 2.54274354
502 1272 2.30458417 0.00230458417 2.53386454
502 1272 2.30460872 0.00230460872 2.53386454
502 1276 2.30439967 0.00230439967 2.54183267
502 1276 2.30417667 0.00230417667 2.54183267
502 1276 2.30450474 0.00230450474 2.54183267
502 1276 2.30436346 0.00230436346 2.54183267
502 1276 2.30420108 0.00230420108 2.54183267
502 1276 2.30438784 0.00230438784 2.54183267
502 1276 2.30428074 0.00230428074 2.54183267
502 1276 2.30434462 0.00230434462 2.54183267
501 1269 2.29343099 0.00229343099 2.53293413
501 1269 2.29355221 0.00229355221 2.53293413
501 1269 2.29335274 0.00229335274 2.53293413
501 1269 2.29330636 0.00229330636 2.53293413
501 1269 2.29334317 0.00229334317 2.53293413
501 1269 2.29335229 0.00229335229 2.53293413
501 1269 2.29334531 0.00229334531 2.53293413
501 1269 2.29334322 0.00229334322 2.53293413
501 1269 2.29334528 0.00229334528 2.53293413
501 1269 2.29334743 0.00229334743 2.53293413
500 1266 2.27942756 0.00227942756 2.532
500 1265 2.2758512 0.0022758512 2.53
500 1266 2.27995049 0.00227995049 2.532
500 1266 2.28019302 0.00228019302 2.532
500 1266 2.28032672 0.00228032672 2.532
500 1266 2.28033994 0.00228033994 2.532
500 1266 2.28034406 0.00228034406 2.532
500 1266 2.28033729 0.00228033729 2.532
500 1266 2.28033695 0.00228033695 2.532
500 1266 2.28033751 0.00228033751 2.532
499 1262 2.2677446 0.0022677446 2.52905812
499 1264 2.27297314 0.00227297314 2.53306613
499 1264 2.27333582 0.00227333582 2.53306613
499 1264 2.27358273 0.00227358273 2.53306613
499 1264 2.27357372 0.00227357372 2.53306613
499 1264 2.27354993 0.00227354993 2.53306613
499 1264 2.27354217 0.00227354217 2.53306613
499 1264 2.2735439 0.0022735439 2.53306613
499 1264 2.27354518 0.00227354518 2.53306613
499 1264 2.27354527 0.00227354527 2.53306613
498 1260 2.26097449 0.00226097449 2.53012048
498 1260 2.26040882 0.00226040882 2.53012048
498 1260 2.26041276 0.00226041276 2.53012048
498 1260 2.26038016 0.00226038016 2.53012048
498 1260 2.26042846 0.00226042846 2.53012048
498 1260 2.26045417 0.00226045417 2.53012048
498 1260 2.2604538 0.0022604538 2.53012048
498 1260 2.26045909 0.00226045909 2.53012048
498 1260 2.26046023 0.00226046023 2.53012048
498 1260 2.26045985 0.00226045985 2.53012048
497 1256 2.24811139 0.00224811139 2.52716298
497 1258 2.24575411 0.00224575411 2.53118712
497 1258 2.24630508 0.00224630508 2.53118712
496 1254 2.23871292 0.00223871292 2.52822581
496 1251 2.246448 0.002246448 2.52217742
496 1250 2.24903549 0.00224903549 2.52016129
495 1246 2.24195475 0.00224195475 2.51717172
495 1246 2.24187398 0.00224187398 2.51717172
495 1246 2.24182333 0.00224182333 2.51717172
495 1246 2.24177724 0.00224177724 2.51717172
494 1243 2.23246793 0.00223246793 2.51619433
493 1239 2.22416413 0.00222416413 2.51318458
493 1239 2.22415642 0.00222415642 2.51318458
493 1239 2.2242005 0.0022242005 2.51318458
493 1239 2.22420461 0.00222420461 2.51318458
493 1239 2.22405343 0.00222405343 2.51318458
493 1239 2.22406039 0.00222406039 2.51318458
493 1239 2.22397397 0.00222397397 2.51318458
493 1239 2.22417185 0.00222417185 2.51318458
493 1239 2.22422911 0.00222422911 2.51318458
492 1236 2.21350194 0.00221350194 2.51219512
492 1236 2.21349962 0.00221349962 2.51219512
492 1236 2.21352498 0.00221352498 2.51219512
492 1236 2.21345621 0.00221345621 2.51219512
492 1236 2.21358819 0.00221358819 2.51219512
492 1236 2.21354005 0.00221354005 2.51219512
492 1236 2.21344345 0.00221344345 2.51219512
492 1236 2.21332517 0.00221332517 2.51219512
492 1236 2.21350253 0.00221350253 2.51219512
492 1236 2.21345601 0.00221345601 2.51219512
491 1228 2.20260553 0.00220260553 2.50101833
491 1228 2.20276746 0.00220276746 2.50101833
491 1228 2.20275305 0.00220275305 2.50101833
491 1228 2.2027304 0.0022027304 2.50101833
491 1228 2.20260201 0.00220260201 2.50101833
491 1228 2.20262062 0.00220262062 2.50101833
491 1228 2.20265666 0.00220265666 2.50101833
491 1228 2.20270016 0.00220270016 2.50101833
491 1228 2.20284069 0.00220284069 2.50101833
491 1228 2.202779 0.002202779 2.50101833
490 1220 2.1914145 0.0021914145 2.48979592
490 1220 2.191327 0.002191327 2.48979592
490 1220 2.19136791 0.00219136791 2.48979592
490 1220 2.19135959 0.00219135959 2.48979592
490 1226 2.19096509 0.00219096509 2.50204082
490 1226 2.19238853 0.00219238853 2.50204082
490 1226 2.1924692 0.0021924692 2.50204082
490 1226 2.19228875 0.00219228875 2.50204082
490 1226 2.19244778 0.00219244778 2.50204082
490 1226 2.19236587 0.00219236587 2.50204082
489 1221 2.18113475 0.00218113475 2.49693252
489 1221 2.18108379 0.00218108379 2.49693252
489 1221 2.18099328 0.00218099328 2.49693252
489 1218 2.18165821 0.00218165821 2.49079755
489 1218 2.18161599 0.00218161599 2.49079755
489 1218 2.18161288 0.00218161288 2.49079755
489 1218 2.18161817 0.00218161817 2.49079755
489 1218 2.1816013 0.0021816013 2.49079755
489 1218 2.18159674 0.00218159674 2.49079755
489 1218 2.18159526 0.00218159526 2.49079755
488 1213 2.17015272 0.00217015272 2.48565574
488 1213 2.17003808 0.00217003808 2.48565574
488 1213 2.17037196 0.00217037196 2.48565574
488 1213 2.17046864 0.00217046864 2.48565574
488 1213 2.17058071 0.00217058071 2.48565574
488 1213 2.17065976 0.00217065976 2.48565574
488 1213 2.17067446 0.00217067446 2.48565574
488 1213 2.17067146 0.00217067146 2.48565574
488 1213 2.17067233 0.00217067233 2.48565574
488 1213 2.17067249 0.00217067249 2.48565574
487 1208 2.15699424 0.00215699424 2.48049281
487 1210 2.15860034 0.00215860034 2.48459959
487 1211 2.14771887 0.00214771887 2.48665298
487 1213 2.15855813 0.00215855813 2.49075975
487 1216 2.15770429 0.00215770429 2.49691992
487 1213 2.15848287 0.00215848287 2.49075975
487 1213 2.15858824 0.00215858824 2.49075975
487 1213 2.15854871 0.00215854871 2.49075975
487 1213 2.15856083 0.00215856083 2.49075975
487 1213 2.15855594 0.00215855594 2.49075975
486 1208 2.14773571 0.00214773571 2.48559671
486 1208 2.14779847 0.00214779847 2.48559671
486 1208 2.14764595 0.00214764595 2.48559671
486 1208 2.14772071 0.00214772071 2.48559671
486 1208 2.14760999 0.00214760999 2.48559671
486 1208 2.14764214 0.00214764214 2.48559671
486 1208 2.1475986 0.0021475986 2.48559671
486 1208 2.14764743 0.00214764743 2.48559671
486 1208 2.1476383 0.0021476383 2.48559671
486 1208 2.14776239 0.00214776239 2.48559671
485 1205 2.13402754 0.00213402754 2.48453608
484 1202 2.12144026 0.00212144026 2.48347107
484 1202 2.12284173 0.00212284173 2.48347107
484 1202 2.12059658 0.00212059658 2.48347107
484 1205 2.13040485 0.00213040485 2.48966942
484 1201 2.13151046 0.00213151046 2.48140496
484 1199 2.14166029 0.00214166029 2.47727273
484 1199 2.14183438 0.00214183438 2.47727273
484 1202 2.13151851 0.00213151851 2.48347107
484 1199 2.14175872 0.00214175872 2.47727273
483 1194 2.13220303 0.00213220303 2.47204969
483 1194 2.13211169 0.00213211169 2.47204969
483 1194 2.13229317 0.00213229317 2.47204969
483 1194 2.13226025 0.00213226025 2.47204969
483 1194 2.13224725 0.00213224725 2.47204969
483 1194 2.13226335 0.00213226335 2.47204969
483 1198 2.13122285 0.00213122285 2.48033126
483 1198 2.13133071 0.00213133071 2.48033126
483 1198 2.13128602 0.00213128602 2.48033126
483 1201 2.13630103 0.00213630103 2.48654244
482 1200 2.12596977 0.00212596977 2.48962656
482 1195 2.12837095 0.00212837095 2.47925311
482 1195 2.12834036 0.00212834036 2.47925311
482 1195 2.12834304 0.00212834304 2.47925311
482 1195 2.12837803 0.00212837803 2.47925311
482 1195 2.1283763 0.0021283763 2.47925311
482 1195 2.12839035 0.00212839035 2.47925311
482 1195 2.12839142 0.00212839142 2.47925311
482 1195 2.12838815 0.00212838815 2.47925311
482 1195 2.1283877 0.0021283877 2.47925311
481 1194 2.11791927 0.00211791927 2.48232848
481 1194 2.11781442 0.00211781442 2.48232848
481 1189 2.11906681 0.00211906681 2.47193347
481 1188 2.1173382 0.0021173382 2.46985447
481 1188 2.11746851 0.00211746851 2.46985447
481 1188 2.11749867 0.00211749867 2.46985447
481 1188 2.11750782 0.00211750782 2.46985447
481 1188 2.11752188 0.00211752188 2.46985447
481 1188 2.11753981 0.00211753981 2.46985447
481 1188 2.11753359 0.00211753359 2.46985447
480 1187 2.10727057 0.00210727057 2.47291667
480 1186 2.10770246 0.00210770246 2.47083333
480 1186 2.10781484 0.00210781484 2.47083333
480 1186 2.10776541 0.00210776541 2.47083333
480 1186 2.10777399 0.00210777399 2.47083333
480 1186 2.10778057 0.00210778057 2.47083333
480 1186 2.10778685 0.00210778685 2.47083333
480 1186 2.10778285 0.00210778285 2.47083333
480 1186 2.10777647 0.00210777647 2.47083333
480 1186 2.10777599 0.00210777599 2.47083333
479 1185 2.09766733 0.00209766733 2.47390397
479 1185 2.09764806 0.00209764806 2.47390397
479 1185 2.09777603 0.00209777603 2.47390397
479 1185 2.09787419 0.00209787419 2.47390397
479 1185 2.09794123 0.00209794123 2.47390397
479 1185 2.09794424 0.00209794424 2.47390397
479 1185 2.09794581 0.00209794581 2.47390397
479 1185 2.09793712 0.00209793712 2.47390397
479 1185 2.09793504 0.00209793504 2.47390397
479 1185 2.09793364 0.00209793364 2.47390397
478 1180 2.08605062 0.00208605062 2.46861925
478 1180 2.08571863 0.00208571863 2.46861925
478 1180 2.08580477 0.00208580477 2.46861925
478 1180 2.08585203 0.00208585203 2.46861925
478 1180 2.08587453 0.00208587453 2.46861925
478 1180 2.08584803 0.00208584803 2.46861925
478 1180 2.08583287 0.00208583287 2.46861925
478 1180 2.08583055 0.00208583055 2.46861925
478 1180 2.08583332 0.00208583332 2.46861925
478 1180 2.08583402 0.00208583402 2.46861925
477 1177 2.07379572 0.00207379572 2.46750524
477 1177 2.07370989 0.00207370989 2.46750524
477 1177 2.07412977 0.00207412977 2.46750524
477 1177 2.07419439 0.00207419439 2.46750524
477 1178 2.07371193 0.00207371193 2.46960168
477 1178 2.07335729 0.00207335729 2.46960168
477 1177 2.07361577 0.00207361577 2.46750524
477 1177 2.07398592 0.00207398592 2.46750524
477 1177 2.07421269 0.00207421269 2.46750524
477 1177 2.07419839 0.00207419839 2.46750524
476 1175 2.06194778 0.00206194778 2.46848739
476 1175 2.06125622 0.00206125622 2.46848739
476 1175 2.06127785 0.00206127785 2.46848739
476 1175 2.06137452 0.00206137452 2.46848739
476 1175 2.06138045 0.00206138045 2.46848739
476 1175 2.06138383 0.00206138383 2.46848739
476 1175 2.06138302 0.00206138302 2.46848739
476 1175 2.0613813 0.0020613813 2.46848739
476 1175 2.06138315 0.00206138315 2.46848739
476 1175 2.06138324 0.00206138324 2.46848739
475 1172 2.04790255 0.00204790255 2.46736842
475 1172 2.04757667 0.00204757667 2.46736842
475 1172 2.06115348 0.00206115348 2.46736842
475 1170 2.07011424 0.00207011424 2.46315789
475 1170 2.07031134 0.00207031134 2.46315789
475 1170 2.07059937 0.00207059937 2.46315789
475 1170 2.06987952 0.00206987952 2.46315789
475 1170 2.07012073 0.00207012073 2.46315789
475 1170 2.0701773 0.0020701773 2.46315789
475 1170 2.06996644 0.00206996644 2.46315789
474 1167 2.056788 0.002056788 2.46202532
474 1167 2.05666605 0.00205666605 2.46202532
474 1167 2.05660978 0.00205660978 2.46202532
474 1167 2.05679072 0.00205679072 2.46202532
474 1167 2.05656147 0.00205656147 2.46202532
474 1167 2.05648421 0.00205648421 2.46202532
474 1168 2.05768266 0.00205768266 2.46413502
474 1168 2.05761857 0.00205761857 2.46413502
474 1168 2.05751533 0.00205751533 2.46413502
474 1168 2.05771089 0.00205771089 2.46413502
473 1165 2.04348143 0.00204348143 2.46300211
473 1165 2.04432397 0.00204432397 2.46300211
473 1165 2.04410511 0.00204410511 2.46300211
473 1165 2.04411982 0.00204411982 2.46300211
473 1165 2.04413108 0.00204413108 2.46300211
473 1165 2.04411713 0.00204411713 2.46300211
473 1165 2.04411664 0.00204411664 2.46300211
473 1165 2.04411719 0.00204411719 2.46300211
473 1165 2.04411616 0.00204411616 2.46300211
473 1165 2.04411622 0.00204411622 2.46300211
472 1162 2.02999886 0.00202999886 2.46186441
472 1163 2.02703241 0.00202703241 2.46398305
472 1158 2.03545775 0.00203545775 2.45338983
472 1158 2.03547207 0.00203547207 2.45338983
472 1158 2.03546182 0.00203546182 2.45338983
472 1157 2.04722044 0.00204722044 2.45127119
472 1158 2.04860545 0.00204860545 2.45338983
472 1157 2.04888079 0.00204888079 2.45127119
472 1157 2.04883491 0.00204883491 2.45127119
472 1157 2.04900656 0.00204900656 2.45127119
471 1154 2.03638917 0.00203638917 2.45010616
471 1154 2.03637803 0.00203637803 2.45010616
471 1154 2.03646404 0.00203646404 2.45010616
471 1154 2.03633063 0.00203633063 2.45010616
471 1154 2.03642304 0.00203642304 2.45010616
471 1154 2.03635861 0.00203635861 2.45010616
471 1154 2.03642536 0.00203642536 2.45010616
471 1154 2.03635411 0.00203635411 2.45010616
471 1154 2.03642419 0.00203642419 2.45010616
471 1154 2.03635516 0.00203635516 2.45010616
470 1152 2.02210906 0.00202210906 2.45106383
470 1151 2.02309165 0.00202309165 2.44893617
470 1151 2.02273447 0.00202273447 2.44893617
470 1152 2.02427434 0.00202427434 2.45106383
470 1152 2.02418132 0.00202418132 2.45106383
470 1152 2.02442779 0.00202442779 2.45106383
470 1152 2.02408436 0.00202408436 2.45106383
470 1152 2.02413234 0.00202413234 2.45106383
470 1152 2.02420515 0.00202420515 2.45106383
470 1152 2.02436377 0.00202436377 2.45106383
469 1149 2.00945178 0.00200945178 2.44989339
469 1149 2.00324298 0.00200324298 2.44989339
469 1149 2.00948412 0.00200948412 2.44989339
469 1147 2.01338364 0.00201338364 2.445629
469 1145 2.01859916 0.00201859916 2.44136461
469 1148 2.01984995 0.00201984995 2.44776119
468 1143 2.01116626 0.00201116626 2.44230769
468 1141 2.01776546 0.00201776546 2.43803419
467 1136 2.00796679 0.00200796679 2.43254818
467 1136 2.00781783 0.00200781783 2.43254818
466 1134 1.99635138 0.00199635138 2.43347639
466 1134 1.99674723 0.00199674723 2.43347639
466 1134 1.99667362 0.00199667362 2.43347639
466 1134 1.99662572 0.00199662572 2.43347639
466 1134 1.9966731 0.0019966731 2.43347639
466 1134 1.99662644 0.00199662644 2.43347639
466 1134 1.99667081 0.00199667081 2.43347639
466 1134 1.99663066 0.00199663066 2.43347639
466 1134 1.99667248 0.00199667248 2.43347639
466 1134 1.99662947 0.00199662947 2.43347639
465 1132 1.98453914 0.00198453914 2.4344086
465 1132 1.98446852 0.00198446852 2.4344086
465 1132 1.98458222 0.00198458222 2.4344086
465 1132 1.98444988 0.00198444988 2.4344086
465 1132 1.98450677 0.00198450677 2.4344086
465 1132 1.98434897 0.00198434897 2.4344086
465 1132 1.98450875 0.00198450875 2.4344086
465 1132 1.9843605 0.0019843605 2.4344086
465 1132 1.98438572 0.00198438572 2.4344086
465 1132 1.98441379 0.00198441379 2.4344086
464 1129 1.97231577 0.00197231577 2.43318966
464 1129 1.97238889 0.00197238889 2.43318966
464 1129 1.9724146 0.0019724146 2.43318966
464 1129 1.97248568 0.00197248568 2.43318966
464 1129 1.97249545 0.00197249545 2.43318966
464 1129 1.97245636 0.00197245636 2.43318966
464 1129 1.97250623 0.00197250623 2.43318966
464 1129 1.97248459 0.00197248459 2.43318966
464 1129 1.97245429 0.00197245429 2.43318966
464 1129 1.97251237 0.00197251237 2.43318966
463 1128 1.97250431 0.00197250431 2.4362851
463 1128 1.97241592 0.00197241592 2.4362851
463 1128 1.97224705 0.00197224705 2.4362851
463 1128 1.97232982 0.00197232982 2.4362851
463 1128 1.97241692 0.00197241692 2.4362851
463 1128 1.97242474 0.00197242474 2.4362851
463 1128 1.97239395 0.00197239395 2.4362851
463 1128 1.97238371 0.00197238371 2.4362851
463 1128 1.972375 0.001972375 2.4362851
463 1128 1.97236546 0.00197236546 2.4362851
462 1125 1.95965393 0.00195965393 2.43506494
461 1120 1.95419207 0.00195419207 2.42950108
461 1120 1.95441447 0.00195441447 2.42950108
461 1120 1.9543944 0.0019543944 2.42950108
461 1120 1.95437855 0.00195437855 2.42950108
461 1120 1.95438757 0.00195438757 2.42950108
461 1120 1.95438452 0.00195438452 2.42950108
461 1120 1.95438576 0.00195438576 2.42950108
461 1120 1.95438554 0.00195438554 2.42950108
461 1120 1.9543855 0.0019543855 2.42950108
460 1116 1.94164832 0.00194164832 2.42608696
460 1116 1.9416898 0.0019416898 2.42608696
460 1116 1.94156973 0.00194156973 2.42608696
460 1116 1.94158141 0.00194158141 2.42608696
460 1116 1.94158843 0.00194158843 2.42608696
460 1116 1.94159186 0.00194159186 2.42608696
460 1116 1.94159938 0.00194159938 2.42608696
460 1116 1.94159806 0.00194159806 2.42608696
460 1116 1.94160016 0.00194160016 2.42608696
460 1116 1.94159867 0.00194159867 2.42608696
459 1113 1.92836136 0.00192836136 2.4248366
459 1113 1.92857758 0.00192857758 2.4248366
459 1115 1.93620104 0.00193620104 2.4291939
459 1115 1.94879626 0.00194879626 2.4291939
459 1115 1.94901332 0.00194901332 2.4291939
459 1115 1.94904936 0.00194904936 2.4291939
459 1114 1.94982979 0.00194982979 2.42701525
459 1114 1.94976508 0.00194976508 2.42701525
459 1114 1.949769 0.001949769 2.42701525
459 1114 1.95002281 0.00195002281 2.42701525
458 1112 1.93802395 0.00193802395 2.4279476
458 1112 1.93788086 0.00193788086 2.4279476
458 1112 1.93778035 0.00193778035 2.4279476
458 1112 1.93766655 0.00193766655 2.4279476
458 1112 1.93788045 0.00193788045 2.4279476
458 1112 1.93785141 0.00193785141 2.4279476
458 1112 1.93780152 0.00193780152 2.4279476
458 1112 1.93783367 0.00193783367 2.4279476
458 1112 1.93782792 0.00193782792 2.4279476
458 1112 1.93780739 0.00193780739 2.4279476
457 1109 1.92443956 0.00192443956 2.42669584
457 1109 1.92444772 0.00192444772 2.42669584
457 1109 1.92434534 0.00192434534 2.42669584
457 1109 1.92425869 0.00192425869 2.42669584
457 1109 1.92435863 0.00192435863 2.42669584
457 1109 1.9244992 0.0019244992 2.42669584
457 1109 1.92437063 0.00192437063 2.42669584
457 1109 1.92427206 0.00192427206 2.42669584
457 1109 1.92437886 0.00192437886 2.42669584
457 1109 1.92449775 0.00192449775 2.42669584
456 1105 1.90976054 0.00190976054 2.42324561
456 1102 1.90978813 0.00190978813 2.41666667
455 1094 1.9111063 0.0019111063 2.4043956
455 1092 1.91060075 0.00191060075 2.4
455 1091 1.91228267 0.00191228267 2.3978022
455 1091 1.91226988 0.00191226988 2.3978022
455 1091 1.9121978 0.0019121978 2.3978022
455 1091 1.91241333 0.00191241333 2.3978022
455 1090 1.92331127 0.00192331127 2.3956044
455 1084 1.92986771 0.00192986771 2.38241758
454 1081 1.91984161 0.00191984161 2.38105727
454 1081 1.91979537 0.00191979537 2.38105727
454 1081 1.9196395 0.0019196395 2.38105727
454 1081 1.91975325 0.00191975325 2.38105727
454 1081 1.91947947 0.00191947947 2.38105727
454 1081 1.9196296 0.0019196296 2.38105727
454 1081 1.91983712 0.00191983712 2.38105727
454 1081 1.9198725 0.0019198725 2.38105727
454 1081 1.91990601 0.00191990601 2.38105727
454 1081 1.91992633 0.00191992633 2.38105727
453 1079 1.9079764 0.0019079764 2.38189845
453 1079 1.9086683 0.0019086683 2.38189845
453 1079 1.90866361 0.00190866361 2.38189845
453 1079 1.90877611 0.00190877611 2.38189845
453 1079 1.90872675 0.00190872675 2.38189845
453 1079 1.9087355 0.0019087355 2.38189845
453 1079 1.90870448 0.00190870448 2.38189845
453 1079 1.90873543 0.00190873543 2.38189845
453 1079 1.90870376 0.00190870376 2.38189845
453 1079 1.90873587 0.00190873587 2.38189845
452 1075 1.89484722 0.00189484722 2.37831858
452 1075 1.89476409 0.00189476409 2.37831858
452 1075 1.8947477 0.0018947477 2.37831858
452 1076 1.89495849 0.00189495849 2.38053097
452 1077 1.896663 0.001896663 2.38274336
452 1077 1.89682507 0.00189682507 2.38274336
452 1077 1.89671531 0.00189671531 2.38274336
452 1077 1.89666801 0.00189666801 2.38274336
452 1077 1.89665753 0.00189665753 2.38274336
452 1077 1.8968048 0.0018968048 2.38274336
451 1073 1.88330205 0.00188330205 2.37915743
451 1073 1.88332046 0.00188332046 2.37915743
451 1073 1.88324668 0.00188324668 2.37915743
451 1073 1.88333042 0.00188333042 2.37915743
451 1073 1.88328354 0.00188328354 2.37915743
451 1073 1.88327687 0.00188327687 2.37915743
451 1073 1.88328824 0.00188328824 2.37915743
451 1073 1.88328955 0.00188328955 2.37915743
451 1073 1.88328737 0.00188328737 2.37915743
451 1073 1.8832847 0.0018832847 2.37915743
450 1068 1.86827558 0.00186827558 2.37333333
450 1069 1.87203334 0.00187203334 2.37555556
450 1069 1.87187188 0.00187187188 2.37555556
450 1069 1.87198726 0.00187198726 2.37555556
450 1069 1.8719823 0.0018719823 2.37555556
450 1069 1.87194732 0.00187194732 2.37555556
450 1069 1.87194879 0.00187194879 2.37555556
450 1069 1.871963 0.001871963 2.37555556
450 1069 1.87196637 0.00187196637 2.37555556
450 1069 1.87196732 0.00187196732 2.37555556
449 1064 1.85646897 0.00185646897 2.36971047
449 1068 1.85662031 0.00185662031 2.37861915
448 1065 1.85183666 0.00185183666 2.37723214
448 1062 1.85098738 0.00185098738 2.37053571
448 1065 1.85170601 0.00185170601 2.37723214
448 1065 1.85155988 0.00185155988 2.37723214
448 1065 1.85173202 0.00185173202 2.37723214
448 1065 1.85159025 0.00185159025 2.37723214
448 1065 1.85166166 0.00185166166 2.37723214
448 1064 1.85921237 0.00185921237 2.375
447 1058 1.84642272 0.00184642272 2.36689038
447 1058 1.84645708 0.00184645708 2.36689038
447 1058 1.84662961 0.00184662961 2.36689038
447 1061 1.84705432 0.00184705432 2.37360179
447 1061 1.84692872 0.00184692872 2.37360179
447 1061 1.8470511 0.0018470511 2.37360179
447 1061 1.84707821 0.00184707821 2.37360179
447 1061 1.84701951 0.00184701951 2.37360179
447 1061 1.84702002 0.00184702002 2.37360179
447 1061 1.84701949 0.00184701949 2.37360179
446 1059 1.83301315 0.00183301315 2.37443946
446 1054 1.83455765 0.00183455765 2.3632287
446 1054 1.83430852 0.00183430852 2.3632287
446 1054 1.84298386 0.00184298386 2.3632287
446 1056 1.86531175 0.00186531175 2.367713
446 1058 1.87476451 0.00187476451 2.37219731
446 1055 1.87617662 0.00187617662 2.36547085
446 1055 1.87610882 0.00187610882 2.36547085
446 1055 1.87603216 0.00187603216 2.36547085
446 1055 1.87601949 0.00187601949 2.36547085
445 1053 1.86495413 0.00186495413 2.36629213
445 1053 1.86524165 0.00186524165 2.36629213
445 1053 1.86508846 0.00186508846 2.36629213
445 1052 1.87618006 0.00187618006 2.36404494
445 1052 1.87612039 0.00187612039 2.36404494
445 1052 1.87634236 0.00187634236 2.36404494
445 1052 1.8761274 0.0018761274 2.36404494
445 1052 1.87618557 0.00187618557 2.36404494
445 1052 1.87652912 0.00187652912 2.36404494
445 1052 1.8765358 0.0018765358 2.36404494
444 1050 1.8654903 0.0018654903 2.36486486
444 1050 1.86530323 0.00186530323 2.36486486
444 1050 1.86534067 0.00186534067 2.36486486
444 1050 1.865155 0.001865155 2.36486486
444 1050 1.86524838 0.00186524838 2.36486486
444 1050 1.8651188 0.0018651188 2.36486486
444 1050 1.86538764 0.00186538764 2.36486486
444 1050 1.86536647 0.00186536647 2.36486486
444 1050 1.86567166 0.00186567166 2.36486486
444 1050 1.8651577 0.0018651577 2.36486486
443 1044 1.85289757 0.00185289757 2.35665914
443 1044 1.85270008 0.00185270008 2.35665914
443 1044 1.85293519 0.00185293519 2.35665914
443 1046 1.85406548 0.00185406548 2.36117381
443 1046 1.85417618 0.00185417618 2.36117381
443 1046 1.85392112 0.00185392112 2.36117381
443 1046 1.85400532 0.00185400532 2.36117381
443 1046 1.85400469 0.00185400469 2.36117381
443 1046 1.85400849 0.00185400849 2.36117381
443 1046 1.85403408 0.00185403408 2.36117381
442 1039 1.84141826 0.00184141826 2.35067873
442 1040 1.8418051 0.0018418051 2.35294118
442 1040 1.84174822 0.00184174822 2.35294118
442 1040 1.84203027 0.00184203027 2.35294118
442 1040 1.84196253 0.00184196253 2.35294118
442 1040 1.84182507 0.00184182507 2.35294118
442 1040 1.8420885 0.0018420885 2.35294118
442 1040 1.84182451 0.00184182451 2.35294118
442 1040 1.84211146 0.00184211146 2.35294118
442 1040 1.84195327 0.00184195327 2.35294118
441 1033 1.82951941 0.00182951941 2.34240363
441 1038 1.83157432 0.00183157432 2.3537415
441 1038 1.83135166 0.00183135166 2.3537415
441 1038 1.83135403 0.00183135403 2.3537415
441 1038 1.83137014 0.00183137014 2.3537415
441 1038 1.8312824 0.0018312824 2.3537415
441 1038 1.83142847 0.00183142847 2.3537415
441 1038 1.8314025 0.0018314025 2.3537415
441 1038 1.83147452 0.00183147452 2.3537415
441 1038 1.83129503 0.00183129503 2.3537415
440 1031 1.81935768 0.00181935768 2.34318182
440 1031 1.81942776 0.00181942776 2.34318182
440 1031 1.81932518 0.00181932518 2.34318182
440 1031 1.81920548 0.00181920548 2.34318182
440 1031 1.81919265 0.00181919265 2.34318182
440 1031 1.81919896 0.00181919896 2.34318182
440 1031 1.81919233 0.00181919233 2.34318182
440 1031 1.81920056 0.00181920056 2.34318182
440 1031 1.81919833 0.00181919833 2.34318182
440 1031 1.81920106 0.00181920106 2.34318182
439 1027 1.80467174 0.00180467174 2.33940774
439 1028 1.79551403 0.00179551403 2.34168565
439 1028 1.80789817 0.00180789817 2.34168565
439 1028 1.80764132 0.00180764132 2.34168565
439 1028 1.80766882 0.00180766882 2.34168565
439 1028 1.80767195 0.00180767195 2.34168565
439 1028 1.80767014 0.00180767014 2.34168565
439 1028 1.80766886 0.00180766886 2.34168565
439 1028 1.80766844 0.00180766844 2.34168565
439 1028 1.80766946 0.00180766946 2.34168565
438 1024 1.79359479 0.00179359479 2.33789954
438 1024 1.7937943 0.0017937943 2.33789954
438 1025 1.78449339 0.00178449339 2.34018265
438 1025 1.78468238 0.00178468238 2.34018265
438 1025 1.78458753 0.00178458753 2.34018265
438 1025 1.78458957 0.00178458957 2.34018265
438 1025 1.78459647 0.00178459647 2.34018265
438 1025 1.78460094 0.00178460094 2.34018265
438 1025 1.7846001 0.0017846001 2.34018265
438 1025 1.78459963 0.00178459963 2.34018265
437 1020 1.77080942 0.00177080942 2.33409611
436 1018 1.77089749 0.00177089749 2.33486239
436 1018 1.77100581 0.00177100581 2.33486239
436 1018 1.77088552 0.00177088552 2.33486239
436 1018 1.77079595 0.00177079595 2.33486239
436 1017 1.77925817 0.00177925817 2.33256881
436 1017 1.77959439 0.00177959439 2.33256881
436 1017 1.77936748 0.00177936748 2.33256881
436 1017 1.77924945 0.00177924945 2.33256881
436 1017 1.77938206 0.00177938206 2.33256881
435 1012 1.76412501 0.00176412501 2.32643678
434 1009 1.75945251 0.00175945251 2.32488479
434 1012 1.75788912 0.00175788912 2.33179724
434 1015 1.76823914 0.00176823914 2.33870968
433 1011 1.75858069 0.00175858069 2.33487298
433 1008 1.75785733 0.00175785733 2.32794457
433 1005 1.75780915 0.00175780915 2.32101617
433 1004 1.75707563 0.00175707563 2.3187067
433 1002 1.76262556 0.00176262556 2.31408776
433 1004 1.76409636 0.00176409636 2.3187067
432 1002 1.7548256 0.0017548256 2.31944444
432 1002 1.75487054 0.00175487054 2.31944444
432 1002 1.7548072 0.0017548072 2.31944444
432 1002 1.75478892 0.00175478892 2.31944444
432 1002 1.75477414 0.00175477414 2.31944444
432 1002 1.75476699 0.00175476699 2.31944444
432 1002 1.75476482 0.00175476482 2.31944444
432 1002 1.75477069 0.00175477069 2.31944444
432 1002 1.75476957 0.00175476957 2.31944444
432 1002 1.7547693 0.0017547693 2.31944444
431 1000 1.74265188 0.00174265188 2.32018561
431 1000 1.74200056 0.00174200056 2.32018561
431 994 1.73998661 0.00173998661 2.3062645
431 1000 1.74194264 0.00174194264 2.32018561
431 995 1.74094448 0.00174094448 2.30858469
431 997 1.74815908 0.00174815908 2.31322506
431 1001 1.75737725 0.00175737725 2.3225058
431 1002 1.75795198 0.00175795198 2.32482599
430 999 1.74823164 0.00174823164 2.32325581
430 998 1.7417657 0.0017417657 2.32093023
429 995 1.73412245 0.00173412245 2.31934732
428 988 1.72458813 0.00172458813 2.30841121
428 988 1.72475451 0.00172475451 2.30841121
428 988 1.72466059 0.00172466059 2.30841121
428 988 1.72468632 0.00172468632 2.30841121
428 988 1.72491564 0.00172491564 2.30841121
428 988 1.72471654 0.00172471654 2.30841121
428 988 1.72468487 0.00172468487 2.30841121
428 988 1.7246664 0.0017246664 2.30841121
428 988 1.72465926 0.00172465926 2.30841121
427 984 1.71354988 0.00171354988 2.30444965
427 984 1.71355609 0.00171355609 2.30444965
427 983 1.70360379 0.00170360379 2.30210773
427 983 1.72111981 0.00172111981 2.30210773
427 986 1.71895136 0.00171895136 2.30913349
426 983 1.71464252 0.00171464252 2.30751174
426 983 1.71436741 0.00171436741 2.30751174
426 983 1.71454889 0.00171454889 2.30751174
426 983 1.71452743 0.00171452743 2.30751174
426 983 1.71459114 0.00171459114 2.30751174
425 976 1.70651805 0.00170651805 2.29647059
425 976 1.70615114 0.00170615114 2.29647059
425 976 1.70611804 0.00170611804 2.29647059
425 976 1.70622176 0.00170622176 2.29647059
425 976 1.70623948 0.00170623948 2.29647059
425 976 1.70599474 0.00170599474 2.29647059
425 976 1.7059677 0.0017059677 2.29647059
425 976 1.70601887 0.00170601887 2.29647059
425 976 1.70603833 0.00170603833 2.29647059
425 976 1.70605061 0.00170605061 2.29647059
424 974 1.69476133 0.00169476133 2.29716981
424 971 1.69654982 0.00169654982 2.29009434
424 971 1.69655751 0.00169655751 2.29009434
424 971 1.69645599 0.00169645599 2.29009434
424 971 1.69634765 0.00169634765 2.29009434
424 971 1.69630716 0.00169630716 2.29009434
424 971 1.69630656 0.00169630656 2.29009434
424 971 1.69631787 0.00169631787 2.29009434
424 971 1.69634424 0.00169634424 2.29009434
424 971 1.69636547 0.00169636547 2.29009434
423 969 1.68532866 0.00168532866 2.29078014
423 968 1.68899977 0.00168899977 2.28841608
423 968 1.68900515 0.00168900515 2.28841608
423 968 1.68888767 0.00168888767 2.28841608
423 968 1.68904175 0.00168904175 2.28841608
423 968 1.68877661 0.00168877661 2.28841608
423 968 1.68861455 0.00168861455 2.28841608
423 968 1.68864883 0.00168864883 2.28841608
423 968 1.6886802 0.0016886802 2.28841608
423 968 1.68868703 0.00168868703 2.28841608
422 966 1.67768406 0.00167768406 2.28909953
422 967 1.67827212 0.00167827212 2.29146919
422 967 1.67820855 0.00167820855 2.29146919
422 967 1.67813072 0.00167813072 2.29146919
422 967 1.67818959 0.00167818959 2.29146919
422 967 1.67797805 0.00167797805 2.29146919
422 967 1.67787793 0.00167787793 2.29146919
422 967 1.67793004 0.00167793004 2.29146919
422 967 1.67795933 0.00167795933 2.29146919
422 967 1.6779644 0.0016779644 2.29146919
421 965 1.66705151 0.00166705151 2.29216152
421 965 1.66731421 0.00166731421 2.29216152
421 965 1.66733053 0.00166733053 2.29216152
421 965 1.66732527 0.00166732527 2.29216152
421 965 1.66733265 0.00166733265 2.29216152
421 966 1.66688 0.00166688 2.29453682
421 965 1.66735428 0.00166735428 2.29216152
421 965 1.66739033 0.00166739033 2.29216152
421 965 1.66748259 0.00166748259 2.29216152
421 965 1.66736216 0.00166736216 2.29216152
420 964 1.65609836 0.00165609836 2.2952381
420 960 1.66299252 0.00166299252 2.28571429
420 960 1.66319385 0.00166319385 2.28571429
419 956 1.65266968 0.00165266968 2.28162291
419 956 1.65247154 0.00165247154 2.28162291
419 956 1.65244898 0.00165244898 2.28162291
419 956 1.65245395 0.00165245395 2.28162291
419 956 1.651473 0.001651473 2.28162291
419 956 1.65187165 0.00165187165 2.28162291
419 956 1.65140059 0.00165140059 2.28162291
418 954 1.63993363 0.00163993363 2.28229665
418 954 1.64026511 0.00164026511 2.28229665
418 954 1.64005539 0.00164005539 2.28229665
418 951 1.63950378 0.00163950378 2.27511962
418 952 1.63968231 0.00163968231 2.27751196
418 954 1.64018871 0.00164018871 2.28229665
418 954 1.63990871 0.00163990871 2.28229665
418 954 1.63995854 0.00163995854 2.28229665
418 954 1.63994852 0.00163994852 2.28229665
418 954 1.63991377 0.00163991377 2.28229665
417 953 1.63047224 0.00163047224 2.2853717
417 953 1.63073774 0.00163073774 2.2853717
417 952 1.63458156 0.00163458156 2.28297362
416 951 1.63443136 0.00163443136 2.28605769
416 951 1.63430239 0.00163430239 2.28605769
416 951 1.63450663 0.00163450663 2.28605769
416 951 1.63456823 0.00163456823 2.28605769
416 951 1.63444304 0.00163444304 2.28605769
416 951 1.63441586 0.00163441586 2.28605769
416 951 1.63443243 0.00163443243 2.28605769
415 946 1.62259435 0.00162259435 2.27951807
415 945 1.622997 0.001622997 2.27710843
415 946 1.62267635 0.00162267635 2.27951807
415 947 1.62478392 0.00162478392 2.28192771
415 947 1.62452502 0.00162452502 2.28192771
415 947 1.62462706 0.00162462706 2.28192771
415 947 1.62462377 0.00162462377 2.28192771
415 947 1.62465949 0.00162465949 2.28192771
415 947 1.62462456 0.00162462456 2.28192771
415 947 1.62464314 0.00162464314 2.28192771
414 942 1.61337368 0.00161337368 2.27536232
414 940 1.61433267 0.00161433267 2.2705314
414 944 1.61227389 0.00161227389 2.28019324
414 938 1.61179857 0.00161179857 2.26570048
414 938 1.61173956 0.00161173956 2.26570048
414 938 1.60175701 0.00160175701 2.26570048
413 935 1.59852155 0.00159852155 2.26392252
413 932 1.62532095 0.00162532095 2.2566586
412 929 1.62514797 0.00162514797 2.25485437
412 929 1.62543882 0.00162543882 2.25485437
411 925 1.62531482 0.00162531482 2.25060827
411 922 1.63289208 0.00163289208 2.243309
411 924 1.62968217 0.00162968217 2.24817518
411 928 1.63546701 0.00163546701 2.25790754
410 925 1.63040096 0.00163040096 2.25609756
410 926 1.63079411 0.00163079411 2.25853659
410 925 1.63343055 0.00163343055 2.25609756
409 919 1.62734924 0.00162734924 2.24694377
409 921 1.62767259 0.00162767259 2.25183374
409 920 1.62781146 0.00162781146 2.24938875
408 918 1.62757702 0.00162757702 2.25
407 917 1.61995784 0.00161995784 2.25307125
407 919 1.61125053 0.00161125053 2.25798526
406 914 1.61126403 0.00161126403 2.25123153
406 916 1.60184663 0.00160184663 2.25615764
406 916 1.59620946 0.00159620946 2.25615764
405 914 1.59386387 0.00159386387 2.25679012
405 914 1.59391421 0.00159391421 2.25679012
405 914 1.59389859 0.00159389859 2.25679012
405 914 1.59393727 0.00159393727 2.25679012
404 912 1.58414094 0.00158414094 2.25742574
404 912 1.58387004 0.00158387004 2.25742574
404 912 1.58397795 0.00158397795 2.25742574
404 912 1.58400914 0.00158400914 2.25742574
404 912 1.58403465 0.00158403465 2.25742574
404 912 1.58404667 0.00158404667 2.25742574
404 912 1.58405248 0.00158405248 2.25742574
404 912 1.58405559 0.00158405559 2.25742574
404 912 1.58405775 0.00158405775 2.25742574
404 912 1.58405907 0.00158405907 2.25742574
403 908 1.57398198 0.00157398198 2.25310174
403 908 1.5740795 0.0015740795 2.25310174
403 910 1.57559026 0.00157559026 2.25806452
403 910 1.57596279 0.00157596279 2.25806452
403 910 1.57598058 0.00157598058 2.25806452
403 911 1.57569403 0.00157569403 2.26054591
402 907 1.57949096 0.00157949096 2.25621891
402 901 1.58665398 0.00158665398 2.24129353
402 903 1.59655668 0.00159655668 2.24626866
402 904 1.59236314 0.00159236314 2.24875622
401 899 1.58820439 0.00158820439 2.24189526
401 899 1.58830798 0.00158830798 2.24189526
401 899 1.58837377 0.00158837377 2.24189526
400 896 1.58827492 0.00158827492 2.24
400 897 1.58650365 0.00158650365 2.2425
400 897 1.58637427 0.00158637427 2.2425
400 900 1.58375831 0.00158375831 2.25
399 895 1.58130239 0.00158130239 2.24310777
399 893 1.58124962 0.00158124962 2.23809524
399 893 1.58126975 0.00158126975 2.23809524
398 891 1.57171392 0.00157171392 2.23869347
398 891 1.57149145 0.00157149145 2.23869347
398 891 1.5715936 0.0015715936 2.23869347
398 891 1.57162378 0.00157162378 2.23869347
398 891 1.57164509 0.00157164509 2.23869347
398 891 1.57165689 0.00157165689 2.23869347
398 891 1.57165966 0.00157165966 2.23869347
398 891 1.57166199 0.00157166199 2.23869347
398 891 1.57166305 0.00157166305 2.23869347
398 891 1.57166403 0.00157166403 2.23869347
397 887 1.56097301 0.00156097301 2.23425693
397 887 1.56037606 0.00156037606 2.23425693
397 881 1.5741311 0.0015741311 2.21914358
397 881 1.5740342 0.0015740342 2.21914358
397 885 1.57877099 0.00157877099 2.22921914
397 885 1.58047831 0.00158047831 2.22921914
397 886 1.58436108 0.00158436108 2.23173804
396 882 1.58236914 0.00158236914 2.22727273
396 881 1.58593082 0.00158593082 2.22474747
395 877 1.57845215 0.00157845215 2.22025316
394 875 1.57094147 0.00157094147 2.22081218
394 872 1.56843698 0.00156843698 2.21319797
393 869 1.56615145 0.00156615145 2.21119593
393 869 1.56622052 0.00156622052 2.21119593
392 866 1.55886947 0.00155886947 2.20918367
392 867 1.55893466 0.00155893466 2.21173469
392 869 1.5566767 0.0015566767 2.21683673
391 864 1.55451279 0.00155451279 2.20971867
391 864 1.55460312 0.00155460312 2.20971867
391 864 1.55452841 0.00155452841 2.20971867
390 860 1.55453518 0.00155453518 2.20512821
390 860 1.5545943 0.0015545943 2.20512821
389 855 1.55278624 0.00155278624 2.19794344
389 855 1.55273498 0.00155273498 2.19794344
389 855 1.55279797 0.00155279797 2.19794344
389 855 1.55280458 0.00155280458 2.19794344
389 855 1.5527983 0.0015527983 2.19794344
389 855 1.55279585 0.00155279585 2.19794344
389 855 1.55279651 0.00155279651 2.19794344
389 855 1.55279638 0.00155279638 2.19794344
388 852 1.54288651 0.00154288651 2.19587629
388 852 1.53879337 0.00153879337 2.19587629
388 853 1.53881107 0.00153881107 2.19845361
388 851 1.53741587 0.00153741587 2.19329897
388 847 1.53768988 0.00153768988 2.18298969
387 844 1.53266932 0.00153266932 2.18087855
387 844 1.53273828 0.00153273828 2.18087855
387 844 1.53275484 0.00153275484 2.18087855
386 842 1.5323357 0.0015323357 2.18134715
386 843 1.52936581 0.00152936581 2.18393782
385 838 1.5203361 0.0015203361 2.17662338
385 838 1.52027716 0.00152027716 2.17662338
385 838 1.52022848 0.00152022848 2.17662338
385 838 1.52022987 0.00152022987 2.17662338
385 838 1.52021709 0.00152021709 2.17662338
385 838 1.52021789 0.00152021789 2.17662338
385 838 1.52021487 0.00152021487 2.17662338
385 838 1.52021436 0.00152021436 2.17662338
385 838 1.52021375 0.00152021375 2.17662338
385 838 1.52021465 0.00152021465 2.17662338
384 832 1.51022053 0.00151022053 2.16666667
383 829 1.50877172 0.00150877172 2.16449086
383 829 1.50871886 0.00150871886 2.16449086
382 825 1.50030111 0.00150030111 2.15968586
382 825 1.50021189 0.00150021189 2.15968586
381 822 1.49504629 0.00149504629 2.15748031
381 822 1.49499454 0.00149499454 2.15748031
381 822 1.49516039 0.00149516039 2.15748031
381 822 1.49518639 0.00149518639 2.15748031
381 822 1.49521376 0.00149521376 2.15748031
380 819 1.48542237 0.00148542237 2.15526316
379 817 1.48387622 0.00148387622 2.15567282
378 812 1.47568734 0.00147568734 2.14814815
377 810 1.47563572 0.00147563572 2.14854111
377 810 1.47545249 0.00147545249 2.14854111
377 810 1.47549601 0.00147549601 2.14854111
377 810 1.47548443 0.00147548443 2.14854111
377 810 1.47545024 0.00147545024 2.14854111
377 810 1.47544611 0.00147544611 2.14854111
377 810 1.47117938 0.00147117938 2.14854111
376 808 1.46588311 0.00146588311 2.14893617
376 808 1.46590092 0.00146590092 2.14893617
375 801 1.45669597 0.00145669597 2.136
375 802 1.45677321 0.00145677321 2.13866667
375 802 1.45677143 0.00145677143 2.13866667
375 804 1.46214787 0.00146214787 2.144
374 803 1.46215014 0.00146215014 2.14705882
374 803 1.46227672 0.00146227672 2.14705882
373 799 1.45353066 0.00145353066 2.14209115
373 799 1.45360998 0.00145360998 2.14209115
372 795 1.44434242 0.00144434242 2.13709677
371 792 1.44139918 0.00144139918 2.13477089
371 792 1.44125013 0.00144125013 2.13477089
371 792 1.44133176 0.00144133176 2.13477089
371 792 1.44119004 0.00144119004 2.13477089
371 792 1.44128101 0.00144128101 2.13477089
371 792 1.44121466 0.00144121466 2.13477089
371 792 1.44130092 0.00144130092 2.13477089
371 792 1.44120429 0.00144120429 2.13477089
371 792 1.44130247 0.00144130247 2.13477089
370 788 1.43245811 0.00143245811 2.12972973
370 788 1.43138203 0.00143138203 2.12972973
369 783 1.4265513 0.0014265513 2.12195122
369 783 1.42952898 0.00142952898 2.12195122
369 781 1.42285921 0.00142285921 2.11653117
368 779 1.42291683 0.00142291683 2.11684783
368 776 1.41570079 0.00141570079 2.10869565
367 775 1.41574967 0.00141574967 2.11171662
366 774 1.41557169 0.00141557169 2.1147541
366 771 1.41202954 0.00141202954 2.10655738
365 770 1.40567234 0.00140567234 2.10958904
364 769 1.40071035 0.00140071035 2.11263736
363 767 1.39355961 0.00139355961 2.11294766
362 765 1.38893354 0.00138893354 2.11325967
361 763 1.38894206 0.00138894206 2.11357341
360 758 1.38888971 0.00138888971 2.10555556
360 760 1.39732837 0.00139732837 2.11111111
359 756 1.39316928 0.00139316928 2.10584958
359 756 1.39304568 0.00139304568 2.10584958
359 756 1.39312233 0.00139312233 2.10584958
358 752 1.38470841 0.00138470841 2.10055866
358 754 1.38767109 0.00138767109 2.10614525
358 754 1.38766525 0.00138766525 2.10614525
358 754 1.38742496 0.00138742496 2.10614525
358 754 1.38761314 0.00138761314 2.10614525
358 754 1.3874739 0.0013874739 2.10614525
358 754 1.38757922 0.00138757922 2.10614525
358 754 1.38750566 0.00138750566 2.10614525
358 754 1.38758374 0.00138758374 2.10614525
358 754 1.38770441 0.00138770441 2.10614525
357 750 1.37923557 0.00137923557 2.10084034
357 751 1.3774193 0.0013774193 2.10364146
356 750 1.377465 0.001377465 2.10674157
355 747 1.37023306 0.00137023306 2.10422535
355 749 1.36301974 0.00136301974 2.10985915
355 750 1.36282065 0.00136282065 2.11267606
355 746 1.36568004 0.00136568004 2.10140845
354 743 1.36573476 0.00136573476 2.09887006
353 739 1.35989139 0.00135989139 2.09348442
352 738 1.35196342 0.00135196342 2.09659091
351 736 1.35157997 0.00135157997 2.0968661
350 733 1.35157601 0.00135157601 2.09428571
349 730 1.35071024 0.00135071024 2.09169054
349 731 1.35358705 0.00135358705 2.09455587
348 729 1.35065007 0.00135065007 2.09482759
347 727 1.34401007 0.00134401007 2.09510086
347 727 1.34393059 0.00134393059 2.09510086
347 727 1.34385837 0.00134385837 2.09510086
347 727 1.34382746 0.00134382746 2.09510086
347 727 1.34380516 0.00134380516 2.09510086
346 724 1.33568502 0.00133568502 2.09248555
346 723 1.34087583 0.00134087583 2.08959538
346 726 1.33833486 0.00133833486 2.0982659
346 722 1.33891326 0.00133891326 2.0867052
345 719 1.33833868 0.00133833868 2.08405797
344 716 1.33127415 0.00133127415 2.08139535
344 716 1.33123129 0.00133123129 2.08139535
344 716 1.33122483 0.00133122483 2.08139535
344 716 1.33120276 0.00133120276 2.08139535
344 716 1.3312019 0.0013312019 2.08139535
343 713 1.32176418 0.00132176418 2.0787172
343 712 1.32158157 0.00132158157 2.07580175
343 711 1.3162348 0.0013162348 2.0728863
343 712 1.32698755 0.00132698755 2.07580175
343 712 1.32698559 0.00132698559 2.07580175
343 712 1.32698009 0.00132698009 2.07580175
343 712 1.32695381 0.00132695381 2.07580175
343 712 1.3269486 0.0013269486 2.07580175
343 712 1.32694394 0.00132694394 2.07580175
343 712 1.32694378 0.00132694378 2.07580175
342 709 1.3175953 0.0013175953 2.07309942
342 708 1.31757981 0.00131757981 2.07017544
342 707 1.31235253 0.00131235253 2.06725146
341 706 1.31233916 0.00131233916 2.07038123
341 706 1.31225032 0.00131225032 2.07038123
341 706 1.31230711 0.00131230711 2.07038123
341 706 1.31228915 0.00131228915 2.07038123
341 706 1.31228013 0.00131228013 2.07038123
341 706 1.31227948 0.00131227948 2.07038123
341 706 1.31228117 0.00131228117 2.07038123
340 703 1.30299313 0.00130299313 2.06764706
340 702 1.29714367 0.00129714367 2.06470588
340 701 1.29686184 0.00129686184 2.06176471
339 698 1.29386587 0.00129386587 2.05899705
339 698 1.29381988 0.00129381988 2.05899705
338 697 1.28660136 0.00128660136 2.06213018
338 697 1.28664899 0.00128664899 2.06213018
338 697 1.28666436 0.00128666436 2.06213018
338 697 1.28663904 0.00128663904 2.06213018
338 697 1.28664296 0.00128664296 2.06213018
337 693 1.2771697 0.0012771697 2.05637982
337 694 1.28667814 0.00128667814 2.05934718
337 694 1.28660732 0.00128660732 2.05934718
337 694 1.28663974 0.00128663974 2.05934718
337 694 1.28665133 0.00128665133 2.05934718
337 694 1.28664763 0.00128664763 2.05934718
337 694 1.28664396 0.00128664396 2.05934718
337 694 1.28664317 0.00128664317 2.05934718
337 694 1.28664376 0.00128664376 2.05934718
337 694 1.28664412 0.00128664412 2.05934718
336 690 1.27717316 0.00127717316 2.05357143
336 693 1.27418133 0.00127418133 2.0625
336 692 1.28083642 0.00128083642 2.05952381
336 693 1.27443662 0.00127443662 2.0625
335 691 1.27417808 0.00127417808 2.06268657
335 691 1.27410271 0.00127410271 2.06268657
335 691 1.27421815 0.00127421815 2.06268657
335 691 1.27415077 0.00127415077 2.06268657
335 691 1.274212 0.001274212 2.06268657
335 691 1.27413486 0.00127413486 2.06268657
334 687 1.26461519 0.00126461519 2.05688623
334 687 1.26386632 0.00126386632 2.05688623
333 684 1.26383372 0.00126383372 2.05405405
332 680 1.25878426 0.00125878426 2.04819277
332 679 1.25873849 0.00125873849 2.04518072
331 677 1.25800772 0.00125800772 2.04531722
330 674 1.25802881 0.00125802881 2.04242424
329 672 1.25680596 0.00125680596 2.04255319
328 666 1.24938874 0.00124938874 2.0304878
328 666 1.2492154 0.0012492154 2.0304878
327 665 1.23982979 0.00123982979 2.03363914
327 663 1.23983547 0.00123983547 2.02752294
327 663 1.24931117 0.00124931117 2.02752294
327 663 1.24927929 0.00124927929 2.02752294
327 663 1.24945215 0.00124945215 2.02752294
327 663 1.24920489 0.00124920489 2.02752294
327 663 1.24948162 0.00124948162 2.02752294
327 663 1.24936005 0.00124936005 2.02752294
327 663 1.24937791 0.00124937791 2.02752294
327 663 1.24936435 0.00124936435 2.02752294
326 660 1.23968587 0.00123968587 2.02453988
325 659 1.23953208 0.00123953208 2.02769231
325 659 1.23964621 0.00123964621 2.02769231
325 659 1.23960882 0.00123960882 2.02769231
325 659 1.23960664 0.00123960664 2.02769231
325 659 1.23951243 0.00123951243 2.02769231
325 659 1.23948639 0.00123948639 2.02769231
325 659 1.23947005 0.00123947005 2.02769231
325 659 1.23946889 0.00123946889 2.02769231
325 659 1.23946608 0.00123946608 2.02769231
324 657 1.23035809 0.00123035809 2.02777778
324 657 1.2305643 0.0012305643 2.02777778
324 657 1.23027897 0.00123027897 2.02777778
324 657 1.23028286 0.00123028286 2.02777778
324 657 1.23050491 0.00123050491 2.02777778
324 657 1.23033411 0.00123033411 2.02777778
324 657 1.23066293 0.00123066293 2.02777778
324 657 1.23044992 0.00123044992 2.02777778
324 657 1.23039708 0.00123039708 2.02777778
324 657 1.23047571 0.00123047571 2.02777778
323 651 1.22052929 0.00122052929 2.01547988
322 646 1.22027566 0.00122027566 2.00621118
322 645 1.22859524 0.00122859524 2.00310559
322 645 1.22859149 0.00122859149 2.00310559
322 645 1.22866511 0.00122866511 2.00310559
322 645 1.22864849 0.00122864849 2.00310559
322 645 1.22862684 0.00122862684 2.00310559
322 645 1.22862695 0.00122862695 2.00310559
322 645 1.22863666 0.00122863666 2.00310559
322 645 1.22864187 0.00122864187 2.00310559
321 644 1.21998342 0.00121998342 2.00623053
321 642 1.22856797 0.00122856797 2
321 641 1.22861331 0.00122861331 1.99688474
321 641 1.22864083 0.00122864083 1.99688474
321 642 1.22860945 0.00122860945 2
321 642 1.22863884 0.00122863884 2
320 640 1.22860556 0.00122860556 2
320 640 1.22861294 0.00122861294 2
320 640 1.22860215 0.00122860215 2
320 640 1.22859958 0.00122859958 2
319 636 1.22081705 0.00122081705 1.99373041
319 636 1.22084124 0.00122084124 1.99373041
319 636 1.22086109 0.00122086109 1.99373041
319 636 1.22079299 0.00122079299 1.99373041
319 636 1.22089406 0.00122089406 1.99373041
319 636 1.22088699 0.00122088699 1.99373041
319 636 1.22078754 0.00122078754 1.99373041
319 636 1.22089257 0.00122089257 1.99373041
319 636 1.22088807 0.00122088807 1.99373041
319 636 1.22078889 0.00122078889 1.99373041
318 635 1.21245651 0.00121245651 1.99685535
318 635 1.21240798 0.00121240798 1.99685535
318 635 1.21238111 0.00121238111 1.99685535
318 635 1.21233514 0.00121233514 1.99685535
318 635 1.21229648 0.00121229648 1.99685535
318 635 1.21227203 0.00121227203 1.99685535
318 635 1.21227186 0.00121227186 1.99685535
318 635 1.21226827 0.00121226827 1.99685535
318 635 1.21226693 0.00121226693 1.99685535
318 635 1.21226663 0.00121226663 1.99685535
317 633 1.20353687 0.00120353687 1.99684543
317 633 1.20377267 0.00120377267 1.99684543
317 633 1.20377156 0.00120377156 1.99684543
317 633 1.20379875 0.00120379875 1.99684543
317 633 1.20379662 0.00120379662 1.99684543
317 633 1.20379985 0.00120379985 1.99684543
317 633 1.2037993 0.0012037993 1.99684543
317 633 1.20379905 0.00120379905 1.99684543
317 633 1.20379907 0.00120379907 1.99684543
317 633 1.20379902 0.00120379902 1.99684543
316 631 1.19353141 0.00119353141 1.99683544
316 629 1.18842608 0.00118842608 1.99050633
316 631 1.19336047 0.00119336047 1.99683544
316 631 1.19347244 0.00119347244 1.99683544
316 631 1.1933719 0.0011933719 1.99683544
316 631 1.19344841 0.00119344841 1.99683544
316 631 1.19340141 0.00119340141 1.99683544
316 631 1.1933522 0.0011933522 1.99683544
316 631 1.19341214 0.00119341214 1.99683544
316 631 1.19344266 0.00119344266 1.99683544
315 629 1.18293185 0.00118293185 1.9968254
315 625 1.18751229 0.00118751229 1.98412698
315 625 1.18745811 0.00118745811 1.98412698
315 625 1.18742298 0.00118742298 1.98412698
315 625 1.18737534 0.00118737534 1.98412698
315 621 1.18697513 0.00118697513 1.97142857
315 621 1.19423758 0.00119423758 1.97142857
314 620 1.18950446 0.00118950446 1.97452229
314 620 1.18946791 0.00118946791 1.97452229
314 621 1.18202148 0.00118202148 1.97770701
313 619 1.18192205 0.00118192205 1.97763578
313 622 1.18193212 0.00118193212 1.98722045
313 624 1.18197087 0.00118197087 1.99361022
312 619 1.1819583 0.0011819583 1.98397436
312 619 1.1819629 0.0011819629 1.98397436
312 619 1.18201151 0.00118201151 1.98397436
312 619 1.18201443 0.00118201443 1.98397436
312 619 1.18201936 0.00118201936 1.98397436
312 619 1.18201986 0.00118201986 1.98397436
312 619 1.18201954 0.00118201954 1.98397436
311 616 1.17181809 0.00117181809 1.9807074
309 607 1.16950487 0.00116950487 1.96440129
308 603 1.16950276 0.00116950276 1.95779221
308 603 1.16928602 0.00116928602 1.95779221
308 603 1.16942341 0.00116942341 1.95779221
308 603 1.16951716 0.00116951716 1.95779221
308 603 1.16948464 0.00116948464 1.95779221
308 603 1.1694875 0.0011694875 1.95779221
308 603 1.16947998 0.00116947998 1.95779221
308 603 1.16948165 0.00116948165 1.95779221
307 601 1.15835081 0.00115835081 1.95765472
306 596 1.15655656 0.00115655656 1.94771242
306 597 1.15652886 0.00115652886 1.95098039
305 596 1.15652474 0.00115652474 1.95409836
305 596 1.15657003 0.00115657003 1.95409836
305 596 1.15662962 0.00115662962 1.95409836
305 596 1.15651575 0.00115651575 1.95409836
305 596 1.15658501 0.00115658501 1.95409836
305 596 1.15661078 0.00115661078 1.95409836
305 596 1.1566268 0.0011566268 1.95409836
304 594 1.14480408 0.00114480408 1.95394737
303 593 1.14332541 0.00114332541 1.95709571
303 593 1.14332639 0.00114332639 1.95709571
303 593 1.1434506 0.0011434506 1.95709571
303 593 1.14345233 0.00114345233 1.95709571
303 593 1.14347538 0.00114347538 1.95709571
303 593 1.1432931 0.0011432931 1.95709571
303 593 1.14345301 0.00114345301 1.95709571
303 593 1.14352821 0.00114352821 1.95709571
303 594 1.18561949 0.00118561949 1.96039604
302 590 1.17417165 0.00117417165 1.95364238
302 590 1.1736199 0.0011736199 1.95364238
302 590 1.17972958 0.00117972958 1.95364238
302 590 1.17968088 0.00117968088 1.95364238
301 585 1.16808039 0.00116808039 1.94352159
300 583 1.168094 0.001168094 1.94333333
300 583 1.16806512 0.00116806512 1.94333333
299 580 1.16807134 0.00116807134 1.93979933
299 580 1.16791181 0.00116791181 1.93979933
299 580 1.16793664 0.00116793664 1.93979933
298 576 1.15647659 0.00115647659 1.93288591
298 576 1.15630447 0.00115630447 1.93288591
298 578 1.1573001 0.0011573001 1.93959732
298 579 1.15504545 0.00115504545 1.94295302
298 575 1.16361904 0.00116361904 1.9295302
298 575 1.16354286 0.00116354286 1.9295302
298 575 1.16353306 0.00116353306 1.9295302
298 575 1.16349131 0.00116349131 1.9295302
298 575 1.16351361 0.00116351361 1.9295302
298 575 1.16349846 0.00116349846 1.9295302
297 573 1.15344699 0.00115344699 1.92929293
297 571 1.15214432 0.00115214432 1.92255892
297 571 1.15189898 0.00115189898 1.92255892
297 571 1.15191954 0.00115191954 1.92255892
297 571 1.1519592 0.0011519592 1.92255892
297 571 1.15191916 0.00115191916 1.92255892
297 571 1.15198004 0.00115198004 1.92255892
297 571 1.15192857 0.00115192857 1.92255892
297 571 1.15198553 0.00115198553 1.92255892
297 571 1.15193268 0.00115193268 1.92255892
296 570 1.14358397 0.00114358397 1.92567568
296 566 1.15204181 0.00115204181 1.91216216
296 566 1.15193612 0.00115193612 1.91216216
296 566 1.15198374 0.00115198374 1.91216216
296 566 1.15193207 0.00115193207 1.91216216
296 566 1.15196039 0.00115196039 1.91216216
296 566 1.15193996 0.00115193996 1.91216216
296 566 1.15195023 0.00115195023 1.91216216
296 566 1.15194332 0.00115194332 1.91216216
296 566 1.15194678 0.00115194678 1.91216216
295 564 1.14179805 0.00114179805 1.91186441
295 565 1.14193914 0.00114193914 1.91525424
295 565 1.14180528 0.00114180528 1.91525424
295 565 1.14179267 0.00114179267 1.91525424
295 565 1.14178513 0.00114178513 1.91525424
295 565 1.14178586 0.00114178586 1.91525424
295 565 1.14178802 0.00114178802 1.91525424
295 565 1.14178753 0.00114178753 1.91525424
295 565 1.1417891 0.0011417891 1.91525424
295 565 1.14178896 0.00114178896 1.91525424
294 563 1.13162973 0.00113162973 1.91496599
294 564 1.13365222 0.00113365222 1.91836735
294 563 1.13481425 0.00113481425 1.91496599
294 563 1.13490918 0.00113490918 1.91496599
294 563 1.13496187 0.00113496187 1.91496599
294 563 1.1347597 0.0011347597 1.91496599
294 563 1.1347997 0.0011347997 1.91496599
294 563 1.13471226 0.00113471226 1.91496599
294 563 1.13480065 0.00113480065 1.91496599
294 563 1.13471052 0.00113471052 1.91496599
293 561 1.12297435 0.00112297435 1.91467577
293 561 1.12307643 0.00112307643 1.91467577
293 561 1.12302775 0.00112302775 1.91467577
293 561 1.12306467 0.00112306467 1.91467577
293 561 1.12319038 0.00112319038 1.91467577
293 561 1.12300741 0.00112300741 1.91467577
293 561 1.12307042 0.00112307042 1.91467577
293 561 1.12311781 0.00112311781 1.91467577
293 561 1.12320932 0.00112320932 1.91467577
293 561 1.12301929 0.00112301929 1.91467577
292 559 1.11079928 0.00111079928 1.91438356
292 557 1.11080465 0.00111080465 1.90753425
291 553 1.10693114 0.00110693114 1.90034364
291 554 1.10911399 0.00110911399 1.90378007
291 554 1.11568342 0.00111568342 1.90378007
291 554 1.11573348 0.00111573348 1.90378007
291 554 1.11560915 0.00111560915 1.90378007
291 554 1.1156614 0.0011156614 1.90378007
291 554 1.115592 0.001115592 1.90378007
291 554 1.11554692 0.00111554692 1.90378007
290 550 1.10655412 0.00110655412 1.89655172
290 552 1.11568149 0.00111568149 1.90344828
290 552 1.11567257 0.00111567257 1.90344828
290 552 1.11567473 0.00111567473 1.90344828
290 552 1.11567062 0.00111567062 1.90344828
290 552 1.11567211 0.00111567211 1.90344828
290 552 1.11567224 0.00111567224 1.90344828
290 552 1.11567302 0.00111567302 1.90344828
290 552 1.11567362 0.00111567362 1.90344828
290 552 1.11567427 0.00111567427 1.90344828
289 548 1.10654362 0.00110654362 1.89619377
289 548 1.10654388 0.00110654388 1.89619377
289 548 1.10654811 0.00110654811 1.89619377
289 548 1.10653643 0.00110653643 1.89619377
289 548 1.10652063 0.00110652063 1.89619377
289 551 1.10621844 0.00110621844 1.90657439
289 551 1.10613389 0.00110613389 1.90657439
289 551 1.10612793 0.00110612793 1.90657439
289 551 1.10612342 0.00110612342 1.90657439
289 551 1.10611957 0.00110611957 1.90657439
288 550 1.09396825 0.00109396825 1.90972222
288 549 1.0942222 0.0010942222 1.90625
288 549 1.09428026 0.00109428026 1.90625
288 547 1.09740949 0.00109740949 1.89930556
288 547 1.09732858 0.00109732858 1.89930556
288 547 1.09730843 0.00109730843 1.89930556
288 547 1.09731621 0.00109731621 1.89930556
288 547 1.09731422 0.00109731422 1.89930556
288 547 1.09731322 0.00109731322 1.89930556
288 547 1.09731317 0.00109731317 1.89930556
287 546 1.08511937 0.00108511937 1.90243902
287 543 1.08424989 0.00108424989 1.89198606
287 544 1.08427473 0.00108427473 1.89547038
287 545 1.09156124 0.00109156124 1.8989547
287 542 1.08948277 0.00108948277 1.88850174
286 541 1.08412696 0.00108412696 1.89160839
286 541 1.08415574 0.00108415574 1.89160839
285 538 1.08395176 0.00108395176 1.8877193
285 538 1.08417504 0.00108417504 1.8877193
285 538 1.08423954 0.00108423954 1.8877193
284 537 1.07207617 0.00107207617 1.89084507
284 537 1.07185415 0.00107185415 1.89084507
284 534 1.07251678 0.00107251678 1.88028169
284 534 1.07241528 0.00107241528 1.88028169
284 534 1.07254246 0.00107254246 1.88028169
284 534 1.07254629 0.00107254629 1.88028169
284 534 1.0725669 0.0010725669 1.88028169
284 534 1.07259883 0.00107259883 1.88028169
284 534 1.07261832 0.00107261832 1.88028169
284 534 1.07263259 0.00107263259 1.88028169
283 530 1.06093208 0.00106093208 1.87279152
283 532 1.06022506 0.00106022506 1.87985866
282 527 1.05638915 0.00105638915 1.86879433
282 525 1.04922073 0.00104922073 1.86170213
282 525 1.04925966 0.00104925966 1.86170213
282 525 1.04918566 0.00104918566 1.86170213
282 525 1.04913873 0.00104913873 1.86170213
282 525 1.04915383 0.00104915383 1.86170213
282 525 1.04914817 0.00104914817 1.86170213
282 525 1.04913954 0.00104913954 1.86170213
281 524 1.03836606 0.00103836606 1.86476868
281 524 1.03827592 0.00103827592 1.86476868
281 523 1.03767055 0.00103767055 1.86120996
281 524 1.03835204 0.00103835204 1.86476868
281 524 1.0383994 0.0010383994 1.86476868
281 524 1.0384385 0.0010384385 1.86476868
281 524 1.0384352 0.0010384352 1.86476868
281 524 1.03844398 0.00103844398 1.86476868
281 524 1.03844415 0.00103844415 1.86476868
281 524 1.03844626 0.00103844626 1.86476868
280 522 1.02782516 0.00102782516 1.86428571
280 523 1.03841499 0.00103841499 1.86785714
280 523 1.03843027 0.00103843027 1.86785714
280 523 1.03835757 0.00103835757 1.86785714
280 523 1.0383525 0.0010383525 1.86785714
280 523 1.03829301 0.00103829301 1.86785714
280 523 1.03833807 0.00103833807 1.86785714
280 523 1.03829751 0.00103829751 1.86785714
280 523 1.03833701 0.00103833701 1.86785714
280 523 1.03829915 0.00103829915 1.86785714
279 521 1.02772707 0.00102772707 1.86738351
279 519 1.02646954 0.00102646954 1.86021505
279 519 1.02653714 0.00102653714 1.86021505
279 522 1.0300198 0.0010300198 1.87096774
279 521 1.04098209 0.00104098209 1.86738351
279 521 1.04075658 0.00104075658 1.86738351
279 521 1.04074069 0.00104074069 1.86738351
279 521 1.04088858 0.00104088858 1.86738351
279 521 1.04085377 0.00104085377 1.86738351
279 521 1.04076749 0.00104076749 1.86738351
278 519 1.03012679 0.00103012679 1.86690647
278 517 1.03142172 0.00103142172 1.85971223
278 517 1.03152013 0.00103152013 1.85971223
278 517 1.03149364 0.00103149364 1.85971223
278 517 1.03128365 0.00103128365 1.85971223
278 517 1.0313421 0.0010313421 1.85971223
278 517 1.03129975 0.00103129975 1.85971223
278 517 1.03137838 0.00103137838 1.85971223
278 517 1.03135826 0.00103135826 1.85971223
278 517 1.03148371 0.00103148371 1.85971223
277 516 1.0203438 0.0010203438 1.86281588
277 515 1.02028215 0.00102028215 1.85920578
277 516 1.02013082 0.00102013082 1.86281588
277 516 1.02026355 0.00102026355 1.86281588
277 516 1.02012281 0.00102012281 1.86281588
277 516 1.02026209 0.00102026209 1.86281588
277 516 1.02013021 0.00102013021 1.86281588
277 516 1.02006371 0.00102006371 1.86281588
277 516 1.02002753 0.00102002753 1.86281588
277 516 1.02003861 0.00102003861 1.86281588
276 514 1.00921339 0.00100921339 1.86231884
276 514 1.01175793 0.00101175793 1.86231884
276 513 1.01095169 0.00101095169 1.85869565
276 514 1.01161037 0.00101161037 1.86231884
276 514 1.01149342 0.00101149342 1.86231884
276 514 1.01149257 0.00101149257 1.86231884
276 514 1.01147347 0.00101147347 1.86231884
276 514 1.01147251 0.00101147251 1.86231884
276 514 1.01147152 0.00101147152 1.86231884
276 514 1.01147161 0.00101147161 1.86231884
275 512 1.00094749 0.00100094749 1.86181818
275 512 1.00112435 0.00100112435 1.86181818
275 512 1.00115968 0.00100115968 1.86181818
275 512 1.001148 0.001001148 1.86181818
275 512 1.00114466 0.00100114466 1.86181818
275 512 1.00114336 0.00100114336 1.86181818
275 512 1.00114351 0.00100114351 1.86181818
275 512 1.00114508 0.00100114508 1.86181818
275 512 1.00114394 0.00100114394 1.86181818
275 512 1.00114351 0.00100114351 1.86181818
274 510 0.99035562 0.00099035562 1.86131387
274 509 0.991685011 0.000991685011 1.85766423
273 507 0.991549144 0.000991549144 1.85714286
273 507 0.991562849 0.000991562849 1.85714286
273 507 0.991554144 0.000991554144 1.85714286
273 507 0.991501462 0.000991501462 1.85714286
273 507 0.991601875 0.000991601875 1.85714286
273 507 0.991526048 0.000991526048 1.85714286
273 507 0.991634338 0.000991634338 1.85714286
273 507 0.991580366 0.000991580366 1.85714286
272 505 0.981238065 0.000981238065 1.85661765
272 505 0.981301184 0.000981301184 1.85661765
272 505 0.981299371 0.000981299371 1.85661765
272 505 0.981352665 0.000981352665 1.85661765
272 505 0.981244169 0.000981244169 1.85661765
272 505 0.981323599 0.000981323599 1.85661765
272 505 0.981302384 0.000981302384 1.85661765
272 505 0.981359952 0.000981359952 1.85661765
272 505 0.981246534 0.000981246534 1.85661765
272 505 0.981324684 0.000981324684 1.85661765
271 502 0.968746962 0.000968746962 1.85239852
271 503 0.981300206 0.000981300206 1.85608856
271 503 0.981293609 0.000981293609 1.85608856
271 503 0.981291846 0.000981291846 1.85608856
271 503 0.981307308 0.000981307308 1.85608856
271 503 0.981298306 0.000981298306 1.85608856
271 503 0.981296897 0.000981296897 1.85608856
271 503 0.981303975 0.000981303975 1.85608856
271 503 0.981302839 0.000981302839 1.85608856
271 503 0.981299437 0.000981299437 1.85608856
270 500 0.969178598 0.000969178598 1.85185185
269 496 0.965734629 0.000965734629 1.84386617
268 494 0.9602395 0.0009602395 1.84328358
268 492 0.96917111 0.00096917111 1.8358209
268 493 0.977709032 0.000977709032 1.83955224
268 493 0.977832808 0.000977832808 1.83955224
268 493 0.977709662 0.000977709662 1.83955224
268 493 0.977626872 0.000977626872 1.83955224
268 493 0.977665288 0.000977665288 1.83955224
268 493 0.977638431 0.000977638431 1.83955224
267 492 0.969136946 0.000969136946 1.84269663
267 492 0.968677417 0.000968677417 1.84269663
267 492 0.968745781 0.000968745781 1.84269663
267 492 0.968825322 0.000968825322 1.84269663
267 492 0.968809599 0.000968809599 1.84269663
267 492 0.968956917 0.000968956917 1.84269663
267 492 0.968801133 0.000968801133 1.84269663
267 492 0.968813929 0.000968813929 1.84269663
267 492 0.968803803 0.000968803803 1.84269663
267 492 0.968954028 0.000968954028 1.84269663
266 490 0.957840301 0.000957840301 1.84210526
266 490 0.957836946 0.000957836946 1.84210526
266 490 0.957591058 0.000957591058 1.84210526
266 490 0.957864499 0.000957864499 1.84210526
266 489 0.952497003 0.000952497003 1.83834586
266 487 0.956419234 0.000956419234 1.83082707
266 487 0.964290468 0.000964290468 1.83082707
266 487 0.964475123 0.000964475123 1.83082707
266 487 0.96430097 0.00096430097 1.83082707
266 487 0.964274039 0.000964274039 1.83082707
265 486 0.954901326 0.000954901326 1.83396226
265 486 0.954951418 0.000954951418 1.83396226
265 486 0.954456491 0.000954456491 1.83396226
265 486 0.954554012 0.000954554012 1.83396226
265 486 0.954813466 0.000954813466 1.83396226
265 486 0.954529417 0.000954529417 1.83396226
265 486 0.95453296 0.00095453296 1.83396226
265 486 0.954529671 0.000954529671 1.83396226
265 486 0.954846291 0.000954846291 1.83396226
265 486 0.954911365 0.000954911365 1.83396226
264 484 0.940786307 0.000940786307 1.83333333
264 484 0.945653228 0.000945653228 1.83333333
263 482 0.945707299 0.000945707299 1.83269962
261 478 0.94563542 0.00094563542 1.83141762
261 478 0.951309048 0.000951309048 1.83141762
260 474 0.945539914 0.000945539914 1.82307692
260 474 0.949440746 0.000949440746 1.82307692
260 478 0.94751647 0.00094751647 1.83846154
260 478 0.947480192 0.000947480192 1.83846154
259 477 0.943855517 0.000943855517 1.84169884
258 476 0.935480981 0.000935480981 1.84496124
258 476 0.935545775 0.000935545775 1.84496124
258 473 0.932876337 0.000932876337 1.83333333
257 467 0.928546621 0.000928546621 1.81712062
257 467 0.928504847 0.000928504847 1.81712062
257 467 0.928195157 0.000928195157 1.81712062
257 467 0.928534957 0.000928534957 1.81712062
257 467 0.928500055 0.000928500055 1.81712062
257 469 0.928611912 0.000928611912 1.82490272
257 469 0.928501269 0.000928501269 1.82490272
256 466 0.928533561 0.000928533561 1.8203125
256 466 0.928228665 0.000928228665 1.8203125
256 466 0.928219601 0.000928219601 1.8203125
256 466 0.92835331 0.00092835331 1.8203125
256 466 0.928110057 0.000928110057 1.8203125
256 466 0.928199625 0.000928199625 1.8203125
256 466 0.928341809 0.000928341809 1.8203125
256 466 0.928041068 0.000928041068 1.8203125
256 466 0.928429878 0.000928429878 1.8203125
256 466 0.928582351 0.000928582351 1.8203125
255 463 0.916940395 0.000916940395 1.81568627
255 465 0.92018705 0.00092018705 1.82352941
255 465 0.92045889 0.00092045889 1.82352941
255 465 0.920128477 0.000920128477 1.82352941
255 465 0.920449831 0.000920449831 1.82352941
255 465 0.920522572 0.000920522572 1.82352941
255 465 0.920458941 0.000920458941 1.82352941
255 465 0.920425267 0.000920425267 1.82352941
255 465 0.920459424 0.000920459424 1.82352941
255 465 0.920465933 0.000920465933 1.82352941
254 464 0.910850864 0.000910850864 1.82677165
254 464 0.910687002 0.000910687002 1.82677165
254 464 0.910652631 0.000910652631 1.82677165
254 464 0.910655864 0.000910655864 1.82677165
254 464 0.910671278 0.000910671278 1.82677165
254 464 0.910667765 0.000910667765 1.82677165
254 464 0.910650666 0.000910650666 1.82677165
254 464 0.910663647 0.000910663647 1.82677165
254 464 0.910665275 0.000910665275 1.82677165
254 464 0.910655322 0.000910655322 1.82677165
253 462 0.898474179 0.000898474179 1.82608696
253 461 0.899557347 0.000899557347 1.82213439
253 461 0.899487529 0.000899487529 1.82213439
253 461 0.899526154 0.000899526154 1.82213439
253 461 0.899514784 0.000899514784 1.82213439
253 461 0.899498969 0.000899498969 1.82213439
253 461 0.899485423 0.000899485423 1.82213439
253 461 0.89949538 0.00089949538 1.82213439
253 461 0.899491419 0.000899491419 1.82213439
253 461 0.899478444 0.000899478444 1.82213439
252 459 0.888454709 0.000888454709 1.82142857
252 458 0.888409636 0.000888409636 1.81746032
252 459 0.886288476 0.000886288476 1.82142857
252 458 0.888429073 0.000888429073 1.81746032
252 457 0.887248341 0.000887248341 1.81349206
252 459 0.896448535 0.000896448535 1.82142857
252 459 0.89632156 0.00089632156 1.82142857
252 459 0.896336312 0.000896336312 1.82142857
252 459 0.896288407 0.000896288407 1.82142857
252 459 0.896442089 0.000896442089 1.82142857
251 456 0.887014175 0.000887014175 1.81673307
251 457 0.883980327 0.000883980327 1.82071713
251 454 0.891676745 0.000891676745 1.80876494
251 454 0.891450887 0.000891450887 1.80876494
251 454 0.891412806 0.000891412806 1.80876494
251 454 0.891410839 0.000891410839 1.80876494
251 454 0.891407241 0.000891407241 1.80876494
251 454 0.891530332 0.000891530332 1.80876494
251 454 0.89167295 0.00089167295 1.80876494
251 454 0.891677862 0.000891677862 1.80876494
250 453 0.882366829 0.000882366829 1.812
250 453 0.883880263 0.000883880263 1.812
250 451 0.891452434 0.000891452434 1.804
250 451 0.891542676 0.000891542676 1.804
250 451 0.89132528 0.00089132528 1.804
250 451 0.89153117 0.00089153117 1.804
250 451 0.891534844 0.000891534844 1.804
250 451 0.891363747 0.000891363747 1.804
250 451 0.891366881 0.000891366881 1.804
250 451 0.881459977 0.000881459977 1.804
249 450 0.873676224 0.000873676224 1.80722892
249 450 0.873741632 0.000873741632 1.80722892
249 449 0.881403857 0.000881403857 1.80321285
249 449 0.881311033 0.000881311033 1.80321285
249 449 0.881367429 0.000881367429 1.80321285
249 449 0.881455711 0.000881455711 1.80321285
249 449 0.881507226 0.000881507226 1.80321285
249 449 0.881500567 0.000881500567 1.80321285
249 449 0.881496748 0.000881496748 1.80321285
249 449 0.881499235 0.000881499235 1.80321285
248 448 0.872338543 0.000872338543 1.80645161
248 448 0.872169805 0.000872169805 1.80645161
248 448 0.87206911 0.00087206911 1.80645161
248 444 0.869919584 0.000869919584 1.79032258
247 443 0.869838631 0.000869838631 1.79352227
246 441 0.869566508 0.000869566508 1.79268293
246 437 0.87340019 0.00087340019 1.77642276
246 437 0.873378903 0.000873378903 1.77642276
246 437 0.873304574 0.000873304574 1.77642276
246 437 0.873217335 0.000873217335 1.77642276
245 436 0.864625135 0.000864625135 1.77959184
245 436 0.864535497 0.000864535497 1.77959184
245 436 0.864335286 0.000864335286 1.77959184
245 436 0.864286766 0.000864286766 1.77959184
245 436 0.864220432 0.000864220432 1.77959184
245 436 0.864132437 0.000864132437 1.77959184
245 436 0.864057698 0.000864057698 1.77959184
245 436 0.863996883 0.000863996883 1.77959184
245 436 0.86393087 0.00086393087 1.77959184
245 436 0.863862802 0.000863862802 1.77959184
244 433 0.855213316 0.000855213316 1.77459016
244 433 0.855285945 0.000855285945 1.77459016
244 433 0.855281623 0.000855281623 1.77459016
244 433 0.855279277 0.000855279277 1.77459016
244 433 0.855259578 0.000855259578 1.77459016
244 433 0.85524447 0.00085524447 1.77459016
244 433 0.855230254 0.000855230254 1.77459016
244 433 0.855215137 0.000855215137 1.77459016
244 433 0.855198962 0.000855198962 1.77459016
244 433 0.855182811 0.000855182811 1.77459016
243 432 0.842612428 0.000842612428 1.77777778
243 432 0.851665365 0.000851665365 1.77777778
243 434 0.85208519 0.00085208519 1.78600823
243 429 0.855930196 0.000855930196 1.7654321
243 429 0.855790113 0.000855790113 1.7654321
242 428 0.855749255 0.000855749255 1.76859504
242 428 0.855665618 0.000855665618 1.76859504
242 428 0.855726254 0.000855726254 1.76859504
242 428 0.855738925 0.000855738925 1.76859504
242 428 0.85542125 0.00085542125 1.76859504
241 427 0.846350962 0.000846350962 1.77178423
241 427 0.84847849 0.00084847849 1.77178423
241 427 0.848444466 0.000848444466 1.77178423
240 426 0.840980273 0.000840980273 1.775
240 426 0.840982804 0.000840982804 1.775
240 426 0.84097823 0.00084097823 1.775
240 426 0.840967731 0.000840967731 1.775
240 426 0.840944568 0.000840944568 1.775
240 426 0.840919285 0.000840919285 1.775
240 426 0.840889395 0.000840889395 1.775
239 425 0.828679357 0.000828679357 1.77824268
239 424 0.828924989 0.000828924989 1.77405858
239 425 0.828699049 0.000828699049 1.77824268
239 425 0.828634036 0.000828634036 1.77824268
239 425 0.832025607 0.000832025607 1.77824268
239 425 0.831916142 0.000831916142 1.77824268
239 425 0.831817116 0.000831817116 1.77824268
239 425 0.831748544 0.000831748544 1.77824268
239 425 0.831598053 0.000831598053 1.77824268
239 425 0.831392074 0.000831392074 1.77824268
238 423 0.81870326 0.00081870326 1.77731092
238 422 0.823522534 0.000823522534 1.77310924
238 422 0.823452414 0.000823452414 1.77310924
238 422 0.823124108 0.000823124108 1.77310924
238 422 0.822624527 0.000822624527 1.77310924
238 422 0.821891515 0.000821891515 1.77310924
238 422 0.82074969 0.00082074969 1.77310924
238 422 0.81886923 0.00081886923 1.77310924
238 422 0.81518383 0.00081518383 1.77310924
238 422 0.808205524 0.000808205524 1.77310924
235 416 0.717662826 0.000717662826 1.77021277
235 415 0.706383855 0.000706383855 1.76595745
234 414 0.690287105 0.000690287105 1.76923077
234 414 0.674049161 0.000674049161 1.76923077
234 414 5.94396077e-09 5.94396077e-12 1.76923077
228 401 2.66453526e-14 2.66453526e-17 1.75877193
225 391 2.62454503e-11 2.62454503e-14 1.73777778
224 391 1.164846e-12 1.164846e-15 1.74553571
219 376 2.64247513e-11 2.64247513e-14 1.71689498
218 375 7.91589017e-14 7.91589017e-17 1.72018349
202 330 6.02504602e-10 6.02504602e-13 1.63366337
201 328 4.46817694e-10 4.46817694e-13 1.6318408
198 323 -1.14644327e-09 -1.14644327e-12 1.63131313
196 318 2.71350165e-10 2.71350165e-13 1.62244898
195 317 -9.4980579e-10 -9.4980579e-13 1.62564103
194 314 -1.42360949e-08 -1.42360949e-11 1.6185567
193 311 2.68165396e-09 2.68165396e-12 1.61139896
192 308 -3.13736003e-08 -3.13736003e-11 1.60416667
190 304 -5.658165e-08 -5.658165e-11 1.6
The Instance is not really random, I have a survey equal to 1, which gives me nan.
I try to use unit propagation and fix the variable to the best value for satisfying the clause
This may bring us to a contradiction
The Instance is not really random, I have a survey equal to 1, which gives me nan.
I try to use unit propagation and fix the variable to the best value for satisfying the clause
This may bring us to a contradiction
Contradiction found
I quit from convergence_messages function
