START ALGORITHM:
I am going to build an instance with N: 1000 variables and 4200 clauses with a clause density equal to 4.2
START BSP WITH r=0.9:
Decimation scorer: pol
END UNIT PROPAGATION
1000 4200 8.83279529 0.00883279529 4.2
1000 4200 8.83286606 0.00883286606 4.2
1000 4200 8.83292588 0.00883292588 4.2
1000 4200 8.83297657 0.00883297657 4.2
1000 4200 8.8330195 0.0088330195 4.2
1000 4200 8.83305585 0.00883305585 4.2
1000 4200 8.83308664 0.00883308664 4.2
1000 4200 8.8331127 0.0088331127 4.2
1000 4200 8.83313476 0.00883313476 4.2
999 4190 8.83299411 0.00883299411 4.19419419
999 4190 8.83301186 0.00883301186 4.19419419
999 4190 8.83302682 0.00883302682 4.19419419
999 4190 8.83303943 0.00883303943 4.19419419
999 4190 8.83305004 0.00883305004 4.19419419
999 4190 8.83305897 0.00883305897 4.19419419
999 4190 8.83306647 0.00883306647 4.19419419
999 4190 8.83307277 0.00883307277 4.19419419
999 4190 8.83307804 0.00883307804 4.19419419
999 4190 8.83308246 0.00883308246 4.19419419
998 4184 8.8329876 0.0088329876 4.19238477
998 4184 8.83299182 0.00883299182 4.19238477
998 4184 8.83299526 0.00883299526 4.19238477
998 4184 8.83299801 0.00883299801 4.19238477
998 4184 8.83300022 0.00883300022 4.19238477
998 4184 8.83300199 0.00883300199 4.19238477
998 4184 8.83300341 0.00883300341 4.19238477
998 4184 8.83300446 0.00883300446 4.19238477
998 4184 8.83300523 0.00883300523 4.19238477
998 4184 8.83300581 0.00883300581 4.19238477
997 4171 8.83262437 0.00883262437 4.18355065
997 4171 8.83262361 0.00883262361 4.18355065
997 4171 8.8326242 0.0088326242 4.18355065
997 4171 8.83262426 0.00883262426 4.18355065
997 4171 8.83262402 0.00883262402 4.18355065
997 4171 8.83262388 0.00883262388 4.18355065
997 4171 8.83262371 0.00883262371 4.18355065
997 4171 8.83262365 0.00883262365 4.18355065
997 4171 8.83262365 0.00883262365 4.18355065
997 4171 8.83262354 0.00883262354 4.18355065
996 4162 8.83199398 0.00883199398 4.17871486
996 4162 8.83199307 0.00883199307 4.17871486
996 4162 8.83199529 0.00883199529 4.17871486
996 4162 8.83199401 0.00883199401 4.17871486
996 4162 8.83199275 0.00883199275 4.17871486
996 4162 8.83199463 0.00883199463 4.17871486
996 4162 8.83199713 0.00883199713 4.17871486
996 4162 8.83199817 0.00883199817 4.17871486
996 4162 8.83199901 0.00883199901 4.17871486
996 4162 8.83199885 0.00883199885 4.17871486
995 4151 8.82999241 0.00882999241 4.1718593
995 4151 8.82999041 0.00882999041 4.1718593
995 4151 8.82998955 0.00882998955 4.1718593
995 4151 8.82998795 0.00882998795 4.1718593
995 4151 8.82998717 0.00882998717 4.1718593
995 4151 8.82998705 0.00882998705 4.1718593
995 4151 8.82998702 0.00882998702 4.1718593
995 4151 8.82998702 0.00882998702 4.1718593
995 4151 8.82998713 0.00882998713 4.1718593
995 4151 8.8299872 0.0088299872 4.1718593
994 4141 8.82957158 0.00882957158 4.16599598
994 4141 8.82957162 0.00882957162 4.16599598
994 4141 8.82957158 0.00882957158 4.16599598
994 4141 8.82957164 0.00882957164 4.16599598
994 4141 8.82957156 0.00882957156 4.16599598
994 4141 8.82957154 0.00882957154 4.16599598
994 4141 8.82957151 0.00882957151 4.16599598
994 4141 8.82957152 0.00882957152 4.16599598
994 4141 8.82957156 0.00882957156 4.16599598
994 4141 8.82957161 0.00882957161 4.16599598
993 4134 8.82927763 0.00882927763 4.16314199
993 4134 8.82927815 0.00882927815 4.16314199
993 4134 8.82927859 0.00882927859 4.16314199
993 4134 8.82927851 0.00882927851 4.16314199
993 4134 8.82927751 0.00882927751 4.16314199
993 4134 8.82927599 0.00882927599 4.16314199
993 4134 8.82927472 0.00882927472 4.16314199
993 4134 8.8292741 0.0088292741 4.16314199
993 4134 8.82927326 0.00882927326 4.16314199
993 4134 8.82927249 0.00882927249 4.16314199
992 4127 8.8277866 0.0088277866 4.16028226
992 4127 8.82778678 0.00882778678 4.16028226
992 4127 8.8277895 0.0088277895 4.16028226
992 4127 8.82779208 0.00882779208 4.16028226
992 4127 8.82779259 0.00882779259 4.16028226
992 4127 8.82779309 0.00882779309 4.16028226
992 4127 8.82779333 0.00882779333 4.16028226
992 4127 8.82779322 0.00882779322 4.16028226
992 4127 8.82779298 0.00882779298 4.16028226
992 4127 8.82779241 0.00882779241 4.16028226
991 4114 8.82702659 0.00882702659 4.15136226
991 4114 8.82702471 0.00882702471 4.15136226
991 4114 8.82702301 0.00882702301 4.15136226
991 4114 8.82702158 0.00882702158 4.15136226
991 4114 8.82702061 0.00882702061 4.15136226
991 4114 8.82701934 0.00882701934 4.15136226
991 4114 8.82701846 0.00882701846 4.15136226
991 4114 8.82701729 0.00882701729 4.15136226
991 4114 8.82701611 0.00882701611 4.15136226
991 4114 8.82701506 0.00882701506 4.15136226
990 4105 8.82583258 0.00882583258 4.14646465
990 4105 8.82583023 0.00882583023 4.14646465
990 4105 8.82582815 0.00882582815 4.14646465
990 4105 8.82582805 0.00882582805 4.14646465
990 4105 8.82582679 0.00882582679 4.14646465
990 4105 8.82582534 0.00882582534 4.14646465
990 4105 8.8258239 0.0088258239 4.14646465
990 4105 8.82582243 0.00882582243 4.14646465
990 4105 8.82582121 0.00882582121 4.14646465
990 4105 8.82582003 0.00882582003 4.14646465
989 4094 8.82521535 0.00882521535 4.13953488
989 4094 8.82521168 0.00882521168 4.13953488
989 4094 8.8252073 0.0088252073 4.13953488
989 4094 8.82520358 0.00882520358 4.13953488
989 4094 8.82519949 0.00882519949 4.13953488
989 4094 8.82519538 0.00882519538 4.13953488
989 4094 8.82519157 0.00882519157 4.13953488
989 4094 8.82518798 0.00882518798 4.13953488
989 4094 8.82518445 0.00882518445 4.13953488
989 4094 8.82518101 0.00882518101 4.13953488
988 4084 8.82359369 0.00882359369 4.13360324
988 4084 8.8235991 0.0088235991 4.13360324
988 4084 8.82360555 0.00882360555 4.13360324
988 4084 8.82361127 0.00882361127 4.13360324
988 4084 8.82361656 0.00882361656 4.13360324
988 4084 8.82362136 0.00882362136 4.13360324
988 4084 8.82362578 0.00882362578 4.13360324
988 4084 8.8236297 0.0088236297 4.13360324
988 4084 8.82363289 0.00882363289 4.13360324
988 4084 8.82363572 0.00882363572 4.13360324
987 4073 8.82313723 0.00882313723 4.1266464
987 4073 8.82313972 0.00882313972 4.1266464
987 4073 8.82314191 0.00882314191 4.1266464
987 4073 8.82314315 0.00882314315 4.1266464
987 4073 8.82314526 0.00882314526 4.1266464
987 4073 8.82314574 0.00882314574 4.1266464
987 4073 8.82314739 0.00882314739 4.1266464
987 4073 8.82314881 0.00882314881 4.1266464
987 4073 8.82314889 0.00882314889 4.1266464
987 4073 8.8231499 0.0088231499 4.1266464
986 4066 8.82134499 0.00882134499 4.12373225
986 4066 8.82134185 0.00882134185 4.12373225
986 4066 8.8213403 0.0088213403 4.12373225
986 4066 8.8213393 0.0088213393 4.12373225
986 4066 8.82133849 0.00882133849 4.12373225
986 4066 8.82133665 0.00882133665 4.12373225
986 4066 8.82133559 0.00882133559 4.12373225
986 4066 8.82133423 0.00882133423 4.12373225
986 4066 8.8213323 0.0088213323 4.12373225
986 4066 8.82133117 0.00882133117 4.12373225
985 4060 8.82002699 0.00882002699 4.12182741
985 4060 8.82002578 0.00882002578 4.12182741
985 4060 8.82003397 0.00882003397 4.12182741
985 4060 8.82003774 0.00882003774 4.12182741
985 4060 8.82003883 0.00882003883 4.12182741
985 4060 8.82003917 0.00882003917 4.12182741
985 4060 8.82004022 0.00882004022 4.12182741
985 4060 8.82004075 0.00882004075 4.12182741
985 4060 8.82004119 0.00882004119 4.12182741
985 4060 8.8200415 0.0088200415 4.12182741
984 4050 8.81716182 0.00881716182 4.11585366
984 4050 8.81715743 0.00881715743 4.11585366
984 4050 8.81714948 0.00881714948 4.11585366
984 4050 8.81713683 0.00881713683 4.11585366
984 4050 8.81712911 0.00881712911 4.11585366
984 4050 8.81712016 0.00881712016 4.11585366
984 4050 8.81710597 0.00881710597 4.11585366
984 4050 8.8170891 0.0088170891 4.11585366
984 4050 8.81707237 0.00881707237 4.11585366
984 4050 8.81705592 0.00881705592 4.11585366
983 4038 8.8148634 0.0088148634 4.10783316
983 4038 8.81487319 0.00881487319 4.10783316
983 4038 8.81487541 0.00881487541 4.10783316
983 4038 8.81487875 0.00881487875 4.10783316
983 4038 8.8148922 0.0088148922 4.10783316
983 4038 8.81490929 0.00881490929 4.10783316
983 4038 8.81492358 0.00881492358 4.10783316
983 4038 8.81493495 0.00881493495 4.10783316
983 4038 8.81494153 0.00881494153 4.10783316
983 4038 8.81494633 0.00881494633 4.10783316
982 4024 8.81271834 0.00881271834 4.09775967
982 4024 8.81272014 0.00881272014 4.09775967
982 4024 8.81272504 0.00881272504 4.09775967
982 4024 8.8127264 0.0088127264 4.09775967
982 4024 8.81272913 0.00881272913 4.09775967
982 4024 8.81273364 0.00881273364 4.09775967
982 4024 8.81273655 0.00881273655 4.09775967
982 4024 8.81273863 0.00881273863 4.09775967
982 4024 8.81274041 0.00881274041 4.09775967
982 4024 8.81274203 0.00881274203 4.09775967
981 4020 8.81161174 0.00881161174 4.09785933
981 4020 8.81160925 0.00881160925 4.09785933
981 4020 8.81161256 0.00881161256 4.09785933
981 4020 8.81161163 0.00881161163 4.09785933
981 4020 8.81161297 0.00881161297 4.09785933
981 4020 8.81161235 0.00881161235 4.09785933
981 4020 8.81161358 0.00881161358 4.09785933
981 4020 8.81161316 0.00881161316 4.09785933
981 4020 8.81161385 0.00881161385 4.09785933
981 4020 8.8116135 0.0088116135 4.09785933
980 4014 8.81139127 0.00881139127 4.09591837
980 4014 8.81139425 0.00881139425 4.09591837
980 4014 8.81139709 0.00881139709 4.09591837
980 4014 8.81140229 0.00881140229 4.09591837
980 4014 8.81140315 0.00881140315 4.09591837
980 4014 8.81140412 0.00881140412 4.09591837
980 4014 8.8114043 0.0088114043 4.09591837
980 4014 8.8114042 0.0088114042 4.09591837
980 4014 8.81140276 0.00881140276 4.09591837
980 4014 8.81140147 0.00881140147 4.09591837
979 4007 8.80989872 0.00880989872 4.09295199
979 4007 8.80989724 0.00880989724 4.09295199
979 4007 8.80989415 0.00880989415 4.09295199
979 4007 8.80989825 0.00880989825 4.09295199
979 4007 8.80990184 0.00880990184 4.09295199
979 4007 8.8099039 0.0088099039 4.09295199
979 4007 8.80990399 0.00880990399 4.09295199
979 4007 8.80990391 0.00880990391 4.09295199
979 4007 8.80990371 0.00880990371 4.09295199
979 4007 8.809904 0.008809904 4.09295199
978 4001 8.8071283 0.0088071283 4.09100204
978 4001 8.80713052 0.00880713052 4.09100204
978 4001 8.80712525 0.00880712525 4.09100204
978 4001 8.80712489 0.00880712489 4.09100204
978 4001 8.80712315 0.00880712315 4.09100204
978 4001 8.80712396 0.00880712396 4.09100204
978 4001 8.80712379 0.00880712379 4.09100204
978 4001 8.80712465 0.00880712465 4.09100204
978 4001 8.80712483 0.00880712483 4.09100204
978 4001 8.80712508 0.00880712508 4.09100204
977 3990 8.80568134 0.00880568134 4.0839304
977 3990 8.80568181 0.00880568181 4.0839304
977 3990 8.80567982 0.00880567982 4.0839304
977 3990 8.80567841 0.00880567841 4.0839304
977 3990 8.80567769 0.00880567769 4.0839304
977 3990 8.80567773 0.00880567773 4.0839304
977 3990 8.805678 0.008805678 4.0839304
977 3990 8.805678 0.008805678 4.0839304
977 3990 8.80567795 0.00880567795 4.0839304
977 3990 8.80567792 0.00880567792 4.0839304
976 3983 8.80476034 0.00880476034 4.08094262
976 3983 8.80476083 0.00880476083 4.08094262
976 3983 8.80476534 0.00880476534 4.08094262
976 3983 8.8047652 0.0088047652 4.08094262
976 3983 8.80476475 0.00880476475 4.08094262
976 3983 8.80476317 0.00880476317 4.08094262
976 3983 8.80476171 0.00880476171 4.08094262
976 3983 8.80476031 0.00880476031 4.08094262
976 3983 8.80475913 0.00880475913 4.08094262
976 3983 8.80475811 0.00880475811 4.08094262
975 3976 8.80145884 0.00880145884 4.07794872
975 3973 8.79965363 0.00879965363 4.07487179
975 3976 8.80142753 0.00880142753 4.07794872
975 3976 8.80143387 0.00880143387 4.07794872
975 3973 8.79820026 0.00879820026 4.07487179
975 3976 8.80145398 0.00880145398 4.07794872
975 3976 8.80143975 0.00880143975 4.07794872
975 3976 8.80144892 0.00880144892 4.07794872
975 3976 8.80145528 0.00880145528 4.07794872
975 3976 8.80145449 0.00880145449 4.07794872
974 3966 8.79729387 0.00879729387 4.07186858
974 3966 8.79726894 0.00879726894 4.07186858
974 3966 8.79724874 0.00879724874 4.07186858
974 3966 8.79722414 0.00879722414 4.07186858
974 3966 8.79719833 0.00879719833 4.07186858
974 3966 8.7971759 0.0087971759 4.07186858
974 3966 8.79715791 0.00879715791 4.07186858
974 3966 8.79714292 0.00879714292 4.07186858
974 3966 8.79713063 0.00879713063 4.07186858
974 3966 8.79712067 0.00879712067 4.07186858
973 3957 8.79246678 0.00879246678 4.0668037
973 3957 8.79253954 0.00879253954 4.0668037
973 3957 8.79251571 0.00879251571 4.0668037
973 3957 8.79252395 0.00879252395 4.0668037
973 3957 8.79255607 0.00879255607 4.0668037
973 3957 8.79259915 0.00879259915 4.0668037
973 3957 8.79262406 0.00879262406 4.0668037
973 3957 8.79263688 0.00879263688 4.0668037
973 3957 8.79264063 0.00879264063 4.0668037
973 3957 8.79264485 0.00879264485 4.0668037
972 3946 8.78691598 0.00878691598 4.05967078
972 3946 8.786879 0.008786879 4.05967078
972 3946 8.78692721 0.00878692721 4.05967078
972 3946 8.78689069 0.00878689069 4.05967078
972 3946 8.78690309 0.00878690309 4.05967078
972 3946 8.78689789 0.00878689789 4.05967078
972 3946 8.78690299 0.00878690299 4.05967078
972 3946 8.78690044 0.00878690044 4.05967078
972 3946 8.7869012 0.0087869012 4.05967078
972 3946 8.78690301 0.00878690301 4.05967078
971 3935 8.7869023 0.0087869023 4.05252317
971 3935 8.78690445 0.00878690445 4.05252317
971 3935 8.78690582 0.00878690582 4.05252317
971 3935 8.78690032 0.00878690032 4.05252317
971 3935 8.78695331 0.00878695331 4.05252317
971 3935 8.7868729 0.0087868729 4.05252317
971 3935 8.78694809 0.00878694809 4.05252317
971 3935 8.7868648 0.0087868648 4.05252317
971 3935 8.78691728 0.00878691728 4.05252317
971 3935 8.78692606 0.00878692606 4.05252317
970 3920 8.78214162 0.00878214162 4.04123711
970 3920 8.78218144 0.00878218144 4.04123711
970 3920 8.78218217 0.00878218217 4.04123711
970 3920 8.78217913 0.00878217913 4.04123711
970 3920 8.7821754 0.0087821754 4.04123711
970 3920 8.78217569 0.00878217569 4.04123711
970 3920 8.78217561 0.00878217561 4.04123711
970 3920 8.78217639 0.00878217639 4.04123711
970 3920 8.78217631 0.00878217631 4.04123711
970 3920 8.78217643 0.00878217643 4.04123711
969 3908 8.77940811 0.00877940811 4.03302374
969 3908 8.77940306 0.00877940306 4.03302374
969 3908 8.77941041 0.00877941041 4.03302374
969 3908 8.77941416 0.00877941416 4.03302374
969 3908 8.77942459 0.00877942459 4.03302374
969 3908 8.77942944 0.00877942944 4.03302374
969 3908 8.77943279 0.00877943279 4.03302374
969 3908 8.77943538 0.00877943538 4.03302374
969 3908 8.77943583 0.00877943583 4.03302374
969 3908 8.7794366 0.0087794366 4.03302374
968 3902 8.7743977 0.0087743977 4.03099174
968 3902 8.77436156 0.00877436156 4.03099174
968 3902 8.7743609 0.0087743609 4.03099174
968 3900 8.77475619 0.00877475619 4.02892562
968 3902 8.7743597 0.0087743597 4.03099174
968 3902 8.77436345 0.00877436345 4.03099174
968 3902 8.7743665 0.0087743665 4.03099174
968 3902 8.77436611 0.00877436611 4.03099174
968 3902 8.77436463 0.00877436463 4.03099174
968 3902 8.77436506 0.00877436506 4.03099174
967 3894 8.76977354 0.00876977354 4.02688728
967 3894 8.76978812 0.00876978812 4.02688728
967 3894 8.7697833 0.0087697833 4.02688728
967 3894 8.76978214 0.00876978214 4.02688728
967 3894 8.76977962 0.00876977962 4.02688728
967 3894 8.76977812 0.00876977812 4.02688728
967 3894 8.76977666 0.00876977666 4.02688728
967 3894 8.76977579 0.00876977579 4.02688728
967 3894 8.76977485 0.00876977485 4.02688728
967 3894 8.76977406 0.00876977406 4.02688728
966 3883 8.76388647 0.00876388647 4.01966874
966 3881 8.76341866 0.00876341866 4.01759834
966 3878 8.76443105 0.00876443105 4.01449275
966 3878 8.76442716 0.00876442716 4.01449275
966 3878 8.76443073 0.00876443073 4.01449275
966 3878 8.76443078 0.00876443078 4.01449275
966 3878 8.7644324 0.0087644324 4.01449275
966 3878 8.76443293 0.00876443293 4.01449275
966 3878 8.76443223 0.00876443223 4.01449275
966 3878 8.764432 0.008764432 4.01449275
965 3870 8.75986538 0.00875986538 4.01036269
965 3870 8.75987293 0.00875987293 4.01036269
965 3870 8.75987021 0.00875987021 4.01036269
965 3870 8.75987087 0.00875987087 4.01036269
965 3870 8.75987035 0.00875987035 4.01036269
965 3870 8.75986769 0.00875986769 4.01036269
965 3870 8.75986709 0.00875986709 4.01036269
965 3870 8.75986497 0.00875986497 4.01036269
965 3870 8.75986258 0.00875986258 4.01036269
965 3870 8.75986052 0.00875986052 4.01036269
964 3860 8.75800742 0.00875800742 4.00414938
964 3860 8.75802779 0.00875802779 4.00414938
964 3860 8.75799391 0.00875799391 4.00414938
964 3860 8.75798489 0.00875798489 4.00414938
964 3860 8.75799854 0.00875799854 4.00414938
964 3860 8.75801766 0.00875801766 4.00414938
964 3860 8.7580317 0.0087580317 4.00414938
964 3860 8.75803273 0.00875803273 4.00414938
964 3860 8.75803395 0.00875803395 4.00414938
964 3860 8.75803393 0.00875803393 4.00414938
963 3849 8.7486693 0.0087486693 3.99688474
963 3849 8.74865758 0.00874865758 3.99688474
963 3849 8.74866176 0.00874866176 3.99688474
963 3849 8.74865303 0.00874865303 3.99688474
963 3849 8.74861921 0.00874861921 3.99688474
963 3849 8.74863675 0.00874863675 3.99688474
963 3849 8.74865404 0.00874865404 3.99688474
963 3849 8.74859407 0.00874859407 3.99688474
963 3849 8.7487199 0.0087487199 3.99688474
963 3849 8.74867305 0.00874867305 3.99688474
962 3842 8.74279055 0.00874279055 3.99376299
962 3842 8.74275218 0.00874275218 3.99376299
962 3842 8.74274869 0.00874274869 3.99376299
962 3842 8.74273844 0.00874273844 3.99376299
962 3842 8.74273725 0.00874273725 3.99376299
962 3842 8.74273389 0.00874273389 3.99376299
962 3842 8.74273457 0.00874273457 3.99376299
962 3842 8.74273479 0.00874273479 3.99376299
962 3842 8.7427352 0.0087427352 3.99376299
962 3842 8.74273465 0.00874273465 3.99376299
961 3834 8.73819569 0.00873819569 3.98959417
961 3834 8.73817482 0.00873817482 3.98959417
961 3834 8.73818313 0.00873818313 3.98959417
961 3834 8.73820089 0.00873820089 3.98959417
961 3834 8.73822153 0.00873822153 3.98959417
961 3834 8.73824393 0.00873824393 3.98959417
961 3834 8.73825555 0.00873825555 3.98959417
961 3834 8.73826189 0.00873826189 3.98959417
961 3834 8.73826403 0.00873826403 3.98959417
961 3834 8.73826553 0.00873826553 3.98959417
960 3827 8.73142934 0.00873142934 3.98645833
960 3827 8.73139837 0.00873139837 3.98645833
960 3827 8.73136695 0.00873136695 3.98645833
960 3827 8.73135084 0.00873135084 3.98645833
960 3827 8.73135887 0.00873135887 3.98645833
960 3824 8.73711698 0.00873711698 3.98333333
960 3827 8.73135049 0.00873135049 3.98645833
960 3827 8.73135231 0.00873135231 3.98645833
960 3827 8.73135238 0.00873135238 3.98645833
960 3827 8.7313503 0.0087313503 3.98645833
959 3819 8.7234905 0.0087234905 3.9822732
959 3820 8.72547773 0.00872547773 3.98331595
959 3819 8.72478903 0.00872478903 3.9822732
959 3819 8.72477681 0.00872477681 3.9822732
959 3819 8.72481716 0.00872481716 3.9822732
959 3819 8.72483784 0.00872483784 3.9822732
959 3819 8.72485705 0.00872485705 3.9822732
959 3819 8.72486298 0.00872486298 3.9822732
959 3819 8.72487093 0.00872487093 3.9822732
959 3819 8.7248734 0.0087248734 3.9822732
958 3812 8.71815786 0.00871815786 3.97912317
958 3812 8.71813007 0.00871813007 3.97912317
958 3812 8.71809985 0.00871809985 3.97912317
958 3812 8.71808429 0.00871808429 3.97912317
958 3812 8.71808107 0.00871808107 3.97912317
958 3812 8.71808102 0.00871808102 3.97912317
958 3812 8.71808134 0.00871808134 3.97912317
958 3812 8.71808158 0.00871808158 3.97912317
958 3812 8.71808173 0.00871808173 3.97912317
958 3812 8.71808169 0.00871808169 3.97912317
957 3802 8.7170457 0.0087170457 3.97283177
957 3802 8.71704574 0.00871704574 3.97283177
957 3802 8.71704579 0.00871704579 3.97283177
957 3802 8.71704582 0.00871704582 3.97283177
957 3802 8.71704602 0.00871704602 3.97283177
957 3802 8.71704604 0.00871704604 3.97283177
957 3802 8.71704622 0.00871704622 3.97283177
957 3802 8.71704621 0.00871704621 3.97283177
957 3802 8.71704635 0.00871704635 3.97283177
957 3802 8.71704631 0.00871704631 3.97283177
956 3796 8.7166292 0.0087166292 3.9707113
956 3796 8.71661319 0.00871661319 3.9707113
956 3796 8.71655495 0.00871655495 3.9707113
956 3796 8.71647227 0.00871647227 3.9707113
956 3796 8.71639131 0.00871639131 3.9707113
956 3796 8.71632154 0.00871632154 3.9707113
956 3796 8.71626626 0.00871626626 3.9707113
956 3796 8.71622209 0.00871622209 3.9707113
956 3796 8.71634586 0.00871634586 3.9707113
956 3796 8.71642453 0.00871642453 3.9707113
955 3789 8.70989071 0.00870989071 3.96753927
955 3789 8.71005545 0.00871005545 3.96753927
955 3790 8.70856415 0.00870856415 3.96858639
955 3790 8.70673035 0.00870673035 3.96858639
955 3790 8.71405268 0.00871405268 3.96858639
955 3794 8.70726128 0.00870726128 3.97277487
955 3791 8.71292374 0.00871292374 3.96963351
955 3794 8.70727834 0.00870727834 3.97277487
955 3790 8.70671318 0.00870671318 3.96858639
955 3790 8.7067129 0.0087067129 3.96858639
954 3784 8.70631484 0.00870631484 3.96645702
954 3784 8.706316 0.008706316 3.96645702
954 3784 8.70634122 0.00870634122 3.96645702
954 3784 8.706343 0.008706343 3.96645702
954 3784 8.70634327 0.00870634327 3.96645702
954 3784 8.70634349 0.00870634349 3.96645702
954 3784 8.7063436 0.0087063436 3.96645702
954 3784 8.70634395 0.00870634395 3.96645702
954 3784 8.70634423 0.00870634423 3.96645702
954 3784 8.70634443 0.00870634443 3.96645702
953 3778 8.69818234 0.00869818234 3.96432319
953 3778 8.6953363 0.0086953363 3.96432319
953 3778 8.68917924 0.00868917924 3.96432319
953 3782 8.6897561 0.0086897561 3.96852046
953 3779 8.69530194 0.00869530194 3.96537251
953 3778 8.69436245 0.00869436245 3.96432319
953 3779 8.6944723 0.0086944723 3.96537251
953 3778 8.69009394 0.00869009394 3.96432319
953 3780 8.69249235 0.00869249235 3.96642183
953 3780 8.69252339 0.00869252339 3.96642183
952 3772 8.68800381 0.00868800381 3.96218487
952 3772 8.6880016 0.0086880016 3.96218487
952 3772 8.68796616 0.00868796616 3.96218487
952 3772 8.68796404 0.00868796404 3.96218487
952 3772 8.68796059 0.00868796059 3.96218487
952 3772 8.68795883 0.00868795883 3.96218487
952 3772 8.68795682 0.00868795682 3.96218487
952 3772 8.68795637 0.00868795637 3.96218487
952 3772 8.68795885 0.00868795885 3.96218487
952 3772 8.68795974 0.00868795974 3.96218487
951 3761 8.68163088 0.00868163088 3.95478444
951 3761 8.68159474 0.00868159474 3.95478444
951 3761 8.68161535 0.00868161535 3.95478444
951 3761 8.68148872 0.00868148872 3.95478444
951 3761 8.68154215 0.00868154215 3.95478444
951 3761 8.68139117 0.00868139117 3.95478444
951 3761 8.68148007 0.00868148007 3.95478444
951 3761 8.68132621 0.00868132621 3.95478444
951 3761 8.68144063 0.00868144063 3.95478444
951 3761 8.68128794 0.00868128794 3.95478444
950 3754 8.67592791 0.00867592791 3.95157895
950 3754 8.67575873 0.00867575873 3.95157895
950 3754 8.67569316 0.00867569316 3.95157895
950 3754 8.67560364 0.00867560364 3.95157895
950 3748 8.6719451 0.0086719451 3.94526316
950 3748 8.67205467 0.00867205467 3.94526316
950 3748 8.67212964 0.00867212964 3.94526316
950 3748 8.67215342 0.00867215342 3.94526316
950 3748 8.67217606 0.00867217606 3.94526316
950 3748 8.67218052 0.00867218052 3.94526316
949 3741 8.66690698 0.00866690698 3.94204426
949 3741 8.6668803 0.0086668803 3.94204426
949 3741 8.66686548 0.00866686548 3.94204426
949 3741 8.66684862 0.00866684862 3.94204426
949 3741 8.66682891 0.00866682891 3.94204426
949 3741 8.66681326 0.00866681326 3.94204426
949 3741 8.66680223 0.00866680223 3.94204426
949 3741 8.66679325 0.00866679325 3.94204426
949 3741 8.66678663 0.00866678663 3.94204426
949 3741 8.66678205 0.00866678205 3.94204426
948 3735 8.66158718 0.00866158718 3.93987342
948 3735 8.66166745 0.00866166745 3.93987342
948 3735 8.66163798 0.00866163798 3.93987342
948 3735 8.66165151 0.00866165151 3.93987342
948 3735 8.66167269 0.00866167269 3.93987342
948 3735 8.66168663 0.00866168663 3.93987342
948 3735 8.6617028 0.0086617028 3.93987342
948 3735 8.6617056 0.0086617056 3.93987342
948 3735 8.66170565 0.00866170565 3.93987342
948 3735 8.66170411 0.00866170411 3.93987342
947 3723 8.65175277 0.00865175277 3.9313622
947 3723 8.65175894 0.00865175894 3.9313622
947 3723 8.65174435 0.00865174435 3.9313622
947 3723 8.65174388 0.00865174388 3.9313622
947 3723 8.65175059 0.00865175059 3.9313622
947 3723 8.65174944 0.00865174944 3.9313622
947 3723 8.65174909 0.00865174909 3.9313622
947 3723 8.65174837 0.00865174837 3.9313622
947 3723 8.65174877 0.00865174877 3.9313622
947 3723 8.65174889 0.00865174889 3.9313622
946 3714 8.64234397 0.00864234397 3.92600423
946 3714 8.64236701 0.00864236701 3.92600423
946 3714 8.64304487 0.00864304487 3.92600423
946 3714 8.64237654 0.00864237654 3.92600423
946 3714 8.64239272 0.00864239272 3.92600423
946 3714 8.64238422 0.00864238422 3.92600423
946 3714 8.64238083 0.00864238083 3.92600423
946 3714 8.64238167 0.00864238167 3.92600423
946 3714 8.6423805 0.0086423805 3.92600423
946 3714 8.64238037 0.00864238037 3.92600423
945 3705 8.63659287 0.00863659287 3.92063492
945 3705 8.63664082 0.00863664082 3.92063492
945 3705 8.63662987 0.00863662987 3.92063492
945 3705 8.63662084 0.00863662084 3.92063492
945 3705 8.63662331 0.00863662331 3.92063492
945 3705 8.63662833 0.00863662833 3.92063492
945 3705 8.63662939 0.00863662939 3.92063492
945 3705 8.63662995 0.00863662995 3.92063492
945 3705 8.6366298 0.0086366298 3.92063492
945 3705 8.63662969 0.00863662969 3.92063492
944 3700 8.62587873 0.00862587873 3.91949153
944 3695 8.63082603 0.00863082603 3.91419492
944 3699 8.62671443 0.00862671443 3.9184322
944 3700 8.62580829 0.00862580829 3.91949153
944 3700 8.62580643 0.00862580643 3.91949153
944 3700 8.62580243 0.00862580243 3.91949153
944 3700 8.62580048 0.00862580048 3.91949153
944 3700 8.62580069 0.00862580069 3.91949153
944 3700 8.62580252 0.00862580252 3.91949153
944 3700 8.62580381 0.00862580381 3.91949153
943 3690 8.62104194 0.00862104194 3.91304348
943 3690 8.62104069 0.00862104069 3.91304348
943 3690 8.62104513 0.00862104513 3.91304348
943 3690 8.62104315 0.00862104315 3.91304348
943 3690 8.6210436 0.0086210436 3.91304348
943 3690 8.62103936 0.00862103936 3.91304348
943 3690 8.62103747 0.00862103747 3.91304348
943 3690 8.62103687 0.00862103687 3.91304348
943 3690 8.62103614 0.00862103614 3.91304348
943 3690 8.6210357 0.0086210357 3.91304348
942 3682 8.61306063 0.00861306063 3.90870488
942 3682 8.61306257 0.00861306257 3.90870488
942 3682 8.61300596 0.00861300596 3.90870488
942 3682 8.61296687 0.00861296687 3.90870488
942 3682 8.61293141 0.00861293141 3.90870488
942 3682 8.61289691 0.00861289691 3.90870488
942 3682 8.61290785 0.00861290785 3.90870488
942 3682 8.61288559 0.00861288559 3.90870488
942 3682 8.61286167 0.00861286167 3.90870488
942 3682 8.61288807 0.00861288807 3.90870488
941 3671 8.60128342 0.00860128342 3.90116897
941 3677 8.60301962 0.00860301962 3.90754516
941 3674 8.60095003 0.00860095003 3.90435707
941 3674 8.60103442 0.00860103442 3.90435707
941 3674 8.60109689 0.00860109689 3.90435707
941 3674 8.60111569 0.00860111569 3.90435707
941 3674 8.60112029 0.00860112029 3.90435707
941 3674 8.60112501 0.00860112501 3.90435707
941 3674 8.60112628 0.00860112628 3.90435707
941 3674 8.60112634 0.00860112634 3.90435707
940 3666 8.59345749 0.00859345749 3.9
940 3666 8.59347761 0.00859347761 3.9
940 3666 8.59346937 0.00859346937 3.9
940 3666 8.59347998 0.00859347998 3.9
940 3666 8.59349539 0.00859349539 3.9
940 3666 8.59349315 0.00859349315 3.9
940 3666 8.59349277 0.00859349277 3.9
940 3666 8.59349518 0.00859349518 3.9
940 3666 8.59349504 0.00859349504 3.9
940 3666 8.59349562 0.00859349562 3.9
939 3662 8.59014183 0.00859014183 3.8998935
939 3662 8.59012821 0.00859012821 3.8998935
939 3662 8.59011862 0.00859011862 3.8998935
939 3662 8.59011374 0.00859011374 3.8998935
939 3662 8.59011037 0.00859011037 3.8998935
939 3662 8.59010962 0.00859010962 3.8998935
939 3662 8.59010949 0.00859010949 3.8998935
939 3662 8.59010881 0.00859010881 3.8998935
939 3662 8.59010876 0.00859010876 3.8998935
939 3662 8.59010874 0.00859010874 3.8998935
938 3655 8.59010895 0.00859010895 3.89658849
938 3655 8.59010747 0.00859010747 3.89658849
938 3655 8.59010593 0.00859010593 3.89658849
938 3655 8.59011048 0.00859011048 3.89658849
938 3655 8.59011532 0.00859011532 3.89658849
938 3655 8.5901158 0.0085901158 3.89658849
938 3655 8.59011622 0.00859011622 3.89658849
938 3655 8.59011544 0.00859011544 3.89658849
938 3655 8.59011509 0.00859011509 3.89658849
938 3655 8.590115 0.008590115 3.89658849
937 3650 8.58738598 0.00858738598 3.89541089
937 3650 8.58738769 0.00858738769 3.89541089
937 3650 8.58738487 0.00858738487 3.89541089
937 3650 8.58738361 0.00858738361 3.89541089
937 3650 8.58737966 0.00858737966 3.89541089
937 3650 8.58738015 0.00858738015 3.89541089
937 3650 8.58737932 0.00858737932 3.89541089
937 3650 8.58737945 0.00858737945 3.89541089
937 3650 8.58737907 0.00858737907 3.89541089
937 3650 8.58737858 0.00858737858 3.89541089
936 3639 8.5864945 0.0085864945 3.88782051
936 3639 8.58655467 0.00858655467 3.88782051
936 3639 8.58642335 0.00858642335 3.88782051
936 3639 8.58647043 0.00858647043 3.88782051
936 3639 8.58640981 0.00858640981 3.88782051
936 3639 8.58642976 0.00858642976 3.88782051
936 3639 8.58638136 0.00858638136 3.88782051
936 3639 8.58641348 0.00858641348 3.88782051
936 3639 8.58637548 0.00858637548 3.88782051
936 3639 8.58640908 0.00858640908 3.88782051
935 3628 8.57754871 0.00857754871 3.8802139
935 3628 8.57743091 0.00857743091 3.8802139
935 3628 8.57747073 0.00857747073 3.8802139
935 3628 8.57747284 0.00857747284 3.8802139
935 3628 8.57743727 0.00857743727 3.8802139
935 3628 8.57741671 0.00857741671 3.8802139
935 3628 8.57741213 0.00857741213 3.8802139
935 3628 8.57757269 0.00857757269 3.8802139
935 3627 8.57442033 0.00857442033 3.87914439
935 3627 8.57432839 0.00857432839 3.87914439
934 3616 8.56549699 0.00856549699 3.87152034
934 3616 8.56545906 0.00856545906 3.87152034
934 3616 8.56547479 0.00856547479 3.87152034
934 3616 8.56547382 0.00856547382 3.87152034
934 3616 8.56547636 0.00856547636 3.87152034
934 3616 8.56547641 0.00856547641 3.87152034
934 3616 8.56547568 0.00856547568 3.87152034
934 3616 8.56547595 0.00856547595 3.87152034
934 3616 8.56547581 0.00856547581 3.87152034
934 3616 8.56547586 0.00856547586 3.87152034
933 3609 8.56277104 0.00856277104 3.8681672
933 3609 8.56276794 0.00856276794 3.8681672
933 3609 8.56277764 0.00856277764 3.8681672
933 3609 8.56277003 0.00856277003 3.8681672
933 3609 8.56276952 0.00856276952 3.8681672
933 3609 8.56276182 0.00856276182 3.8681672
933 3609 8.56276816 0.00856276816 3.8681672
933 3609 8.56276317 0.00856276317 3.8681672
933 3609 8.56277042 0.00856277042 3.8681672
933 3609 8.56276459 0.00856276459 3.8681672
932 3606 8.55869424 0.00855869424 3.86909871
932 3600 8.55703278 0.00855703278 3.86266094
932 3604 8.55579362 0.00855579362 3.86695279
932 3606 8.55868106 0.00855868106 3.86909871
932 3600 8.55702694 0.00855702694 3.86266094
932 3600 8.55701931 0.00855701931 3.86266094
932 3600 8.55702821 0.00855702821 3.86266094
932 3604 8.55580006 0.00855580006 3.86695279
932 3600 8.55703683 0.00855703683 3.86266094
932 3600 8.55702557 0.00855702557 3.86266094
931 3597 8.55313342 0.00855313342 3.86358754
931 3597 8.5531265 0.0085531265 3.86358754
931 3597 8.55314125 0.00855314125 3.86358754
931 3597 8.5531455 0.0085531455 3.86358754
931 3597 8.5531464 0.0085531464 3.86358754
931 3597 8.55314701 0.00855314701 3.86358754
931 3597 8.55314658 0.00855314658 3.86358754
931 3597 8.55314659 0.00855314659 3.86358754
931 3597 8.55314663 0.00855314663 3.86358754
931 3597 8.55314666 0.00855314666 3.86358754
930 3591 8.54466591 0.00854466591 3.86129032
930 3591 8.54464446 0.00854464446 3.86129032
930 3591 8.54463702 0.00854463702 3.86129032
930 3591 8.54462803 0.00854462803 3.86129032
930 3591 8.54463054 0.00854463054 3.86129032
930 3591 8.54463255 0.00854463255 3.86129032
930 3591 8.54462956 0.00854462956 3.86129032
930 3591 8.5446296 0.0085446296 3.86129032
930 3591 8.54462888 0.00854462888 3.86129032
930 3591 8.54462822 0.00854462822 3.86129032
929 3580 8.53991066 0.00853991066 3.85360603
929 3586 8.53380252 0.00853380252 3.86006459
929 3581 8.5417899 0.0085417899 3.85468245
929 3580 8.54313721 0.00854313721 3.85360603
929 3584 8.5419218 0.0085419218 3.85791173
929 3584 8.54191807 0.00854191807 3.85791173
929 3584 8.54191708 0.00854191708 3.85791173
929 3584 8.54191554 0.00854191554 3.85791173
929 3584 8.54191451 0.00854191451 3.85791173
929 3584 8.5419134 0.0085419134 3.85791173
928 3577 8.53923814 0.00853923814 3.85452586
928 3577 8.53923433 0.00853923433 3.85452586
928 3577 8.5392457 0.0085392457 3.85452586
928 3577 8.53925227 0.00853925227 3.85452586
928 3577 8.53925171 0.00853925171 3.85452586
928 3577 8.53925279 0.00853925279 3.85452586
928 3577 8.53925239 0.00853925239 3.85452586
928 3577 8.53925239 0.00853925239 3.85452586
928 3577 8.5392524 0.0085392524 3.85452586
928 3577 8.53925243 0.00853925243 3.85452586
927 3571 8.53082286 0.00853082286 3.85221143
927 3571 8.53081251 0.00853081251 3.85221143
927 3571 8.53079405 0.00853079405 3.85221143
927 3571 8.53073413 0.00853073413 3.85221143
927 3571 8.53090254 0.00853090254 3.85221143
927 3571 8.53097254 0.00853097254 3.85221143
927 3571 8.53097173 0.00853097173 3.85221143
927 3571 8.53096025 0.00853096025 3.85221143
927 3571 8.53096275 0.00853096275 3.85221143
927 3571 8.53095974 0.00853095974 3.85221143
926 3560 8.52039304 0.00852039304 3.84449244
926 3560 8.5242594 0.0085242594 3.84449244
926 3560 8.5243123 0.0085243123 3.84449244
926 3560 8.52448701 0.00852448701 3.84449244
926 3560 8.52448886 0.00852448886 3.84449244
926 3560 8.52447257 0.00852447257 3.84449244
926 3560 8.52446251 0.00852446251 3.84449244
926 3560 8.52445984 0.00852445984 3.84449244
926 3560 8.52446116 0.00852446116 3.84449244
926 3560 8.52446315 0.00852446315 3.84449244
925 3549 8.51419367 0.00851419367 3.83675676
925 3549 8.51404197 0.00851404197 3.83675676
925 3549 8.51403462 0.00851403462 3.83675676
925 3549 8.51404427 0.00851404427 3.83675676
925 3549 8.51407105 0.00851407105 3.83675676
925 3549 8.51406597 0.00851406597 3.83675676
925 3549 8.51407711 0.00851407711 3.83675676
925 3549 8.51407583 0.00851407583 3.83675676
925 3549 8.51407585 0.00851407585 3.83675676
925 3549 8.51407672 0.00851407672 3.83675676
924 3542 8.50190608 0.00850190608 3.83333333
924 3542 8.50183232 0.00850183232 3.83333333
924 3542 8.50187857 0.00850187857 3.83333333
924 3542 8.50188432 0.00850188432 3.83333333
924 3542 8.501883 0.008501883 3.83333333
924 3542 8.50188506 0.00850188506 3.83333333
924 3542 8.50188592 0.00850188592 3.83333333
924 3542 8.50188692 0.00850188692 3.83333333
924 3542 8.50188739 0.00850188739 3.83333333
924 3542 8.50188749 0.00850188749 3.83333333
923 3537 8.49254548 0.00849254548 3.83206934
923 3537 8.4925793 0.0084925793 3.83206934
923 3537 8.49257057 0.00849257057 3.83206934
923 3537 8.49256102 0.00849256102 3.83206934
923 3537 8.49256565 0.00849256565 3.83206934
923 3537 8.49256612 0.00849256612 3.83206934
923 3537 8.49256405 0.00849256405 3.83206934
923 3537 8.49256523 0.00849256523 3.83206934
923 3537 8.49256587 0.00849256587 3.83206934
923 3537 8.4925664 0.0084925664 3.83206934
922 3526 8.47792529 0.00847792529 3.82429501
922 3532 8.4753955 0.0084753955 3.8308026
922 3526 8.47784623 0.00847784623 3.82429501
922 3526 8.4779178 0.0084779178 3.82429501
922 3526 8.47791726 0.00847791726 3.82429501
922 3526 8.47792805 0.00847792805 3.82429501
922 3526 8.47793227 0.00847793227 3.82429501
922 3526 8.47793153 0.00847793153 3.82429501
922 3526 8.47793168 0.00847793168 3.82429501
922 3526 8.47793193 0.00847793193 3.82429501
921 3521 8.46346694 0.00846346694 3.82301846
921 3521 8.46346274 0.00846346274 3.82301846
921 3521 8.46344237 0.00846344237 3.82301846
921 3521 8.46343967 0.00846343967 3.82301846
921 3521 8.46343489 0.00846343489 3.82301846
921 3521 8.46343382 0.00846343382 3.82301846
921 3521 8.46343342 0.00846343342 3.82301846
921 3521 8.46343292 0.00846343292 3.82301846
921 3521 8.46343245 0.00846343245 3.82301846
921 3521 8.46343251 0.00846343251 3.82301846
920 3515 8.45937745 0.00845937745 3.82065217
920 3515 8.45947291 0.00845947291 3.82065217
920 3515 8.45947957 0.00845947957 3.82065217
920 3515 8.45947521 0.00845947521 3.82065217
920 3515 8.45946911 0.00845946911 3.82065217
920 3515 8.45947095 0.00845947095 3.82065217
920 3515 8.45947187 0.00845947187 3.82065217
920 3515 8.45947285 0.00845947285 3.82065217
920 3515 8.45947346 0.00845947346 3.82065217
920 3515 8.45947379 0.00845947379 3.82065217
919 3508 8.44684195 0.00844684195 3.8171926
919 3508 8.45580158 0.00845580158 3.8171926
919 3508 8.45578915 0.00845578915 3.8171926
919 3508 8.45571525 0.00845571525 3.8171926
919 3508 8.45578499 0.00845578499 3.8171926
919 3508 8.45581012 0.00845581012 3.8171926
919 3508 8.45571517 0.00845571517 3.8171926
919 3508 8.45578424 0.00845578424 3.8171926
919 3508 8.45580946 0.00845580946 3.8171926
919 3508 8.45571587 0.00845571587 3.8171926
918 3501 8.44322284 0.00844322284 3.81372549
918 3501 8.44316604 0.00844316604 3.81372549
918 3501 8.44315578 0.00844315578 3.81372549
918 3501 8.44317035 0.00844317035 3.81372549
918 3501 8.44316016 0.00844316016 3.81372549
918 3501 8.44316043 0.00844316043 3.81372549
918 3501 8.44316169 0.00844316169 3.81372549
918 3501 8.44316087 0.00844316087 3.81372549
918 3501 8.44315959 0.00844315959 3.81372549
918 3501 8.4431606 0.0084431606 3.81372549
917 3495 8.4431609 0.0084431609 3.81134133
917 3495 8.44315752 0.00844315752 3.81134133
917 3495 8.44315802 0.00844315802 3.81134133
917 3495 8.44315887 0.00844315887 3.81134133
917 3495 8.44316015 0.00844316015 3.81134133
917 3495 8.44316147 0.00844316147 3.81134133
917 3495 8.44316202 0.00844316202 3.81134133
917 3495 8.44316225 0.00844316225 3.81134133
917 3495 8.4431623 0.0084431623 3.81134133
917 3495 8.44316225 0.00844316225 3.81134133
916 3487 8.43921233 0.00843921233 3.80676856
916 3487 8.43921735 0.00843921735 3.80676856
916 3487 8.43919688 0.00843919688 3.80676856
916 3487 8.43918463 0.00843918463 3.80676856
916 3487 8.43918291 0.00843918291 3.80676856
916 3487 8.43918621 0.00843918621 3.80676856
916 3487 8.43918987 0.00843918987 3.80676856
916 3487 8.43919232 0.00843919232 3.80676856
916 3487 8.43919367 0.00843919367 3.80676856
916 3487 8.43919439 0.00843919439 3.80676856
915 3479 8.43384091 0.00843384091 3.80218579
915 3479 8.43386721 0.00843386721 3.80218579
915 3479 8.43387125 0.00843387125 3.80218579
915 3479 8.43385793 0.00843385793 3.80218579
915 3479 8.43385597 0.00843385597 3.80218579
915 3479 8.43385619 0.00843385619 3.80218579
915 3479 8.43385445 0.00843385445 3.80218579
915 3479 8.43385437 0.00843385437 3.80218579
915 3479 8.43385417 0.00843385417 3.80218579
915 3479 8.43385406 0.00843385406 3.80218579
914 3473 8.42807234 0.00842807234 3.79978118
914 3473 8.4280661 0.0084280661 3.79978118
914 3473 8.4280669 0.0084280669 3.79978118
914 3473 8.42806782 0.00842806782 3.79978118
914 3473 8.42806997 0.00842806997 3.79978118
914 3473 8.42807052 0.00842807052 3.79978118
914 3473 8.42807071 0.00842807071 3.79978118
914 3473 8.42807081 0.00842807081 3.79978118
914 3473 8.428071 0.008428071 3.79978118
914 3473 8.42807102 0.00842807102 3.79978118
913 3464 8.42648299 0.00842648299 3.79408543
913 3468 8.42609637 0.00842609637 3.79846659
913 3465 8.43085252 0.00843085252 3.79518072
913 3465 8.43086954 0.00843086954 3.79518072
913 3465 8.4308529 0.0084308529 3.79518072
913 3465 8.43084742 0.00843084742 3.79518072
913 3465 8.43084654 0.00843084654 3.79518072
913 3465 8.4308446 0.0084308446 3.79518072
913 3465 8.43084448 0.00843084448 3.79518072
913 3465 8.43084406 0.00843084406 3.79518072
912 3459 8.42507685 0.00842507685 3.79276316
912 3459 8.42507579 0.00842507579 3.79276316
912 3459 8.4251135 0.0084251135 3.79276316
912 3459 8.42511328 0.00842511328 3.79276316
912 3459 8.42511358 0.00842511358 3.79276316
912 3459 8.42511366 0.00842511366 3.79276316
912 3459 8.42511377 0.00842511377 3.79276316
912 3459 8.42511652 0.00842511652 3.79276316
912 3459 8.42511675 0.00842511675 3.79276316
912 3459 8.42511701 0.00842511701 3.79276316
911 3451 8.41769822 0.00841769822 3.7881449
911 3451 8.41764934 0.00841764934 3.7881449
911 3451 8.41765531 0.00841765531 3.7881449
911 3451 8.41765953 0.00841765953 3.7881449
911 3451 8.41764301 0.00841764301 3.7881449
911 3451 8.41763321 0.00841763321 3.7881449
911 3451 8.41762053 0.00841762053 3.7881449
911 3451 8.4176167 0.0084176167 3.7881449
911 3451 8.4176145 0.0084176145 3.7881449
911 3451 8.41761372 0.00841761372 3.7881449
910 3446 8.41261749 0.00841261749 3.78681319
910 3443 8.41464515 0.00841464515 3.78351648
910 3443 8.41464766 0.00841464766 3.78351648
910 3446 8.41264184 0.00841264184 3.78681319
910 3446 8.41265035 0.00841265035 3.78681319
910 3446 8.41266037 0.00841266037 3.78681319
910 3446 8.41266404 0.00841266404 3.78681319
910 3446 8.4126656 0.0084126656 3.78681319
910 3446 8.41266555 0.00841266555 3.78681319
910 3446 8.4126655 0.0084126655 3.78681319
909 3438 8.40973163 0.00840973163 3.78217822
909 3438 8.40972369 0.00840972369 3.78217822
909 3438 8.40972485 0.00840972485 3.78217822
909 3438 8.4097149 0.0084097149 3.78217822
909 3438 8.40970642 0.00840970642 3.78217822
909 3438 8.40970249 0.00840970249 3.78217822
909 3438 8.40970011 0.00840970011 3.78217822
909 3438 8.40969902 0.00840969902 3.78217822
909 3438 8.40969867 0.00840969867 3.78217822
909 3438 8.40969834 0.00840969834 3.78217822
908 3431 8.40133137 0.00840133137 3.77863436
908 3431 8.40129856 0.00840129856 3.77863436
908 3431 8.40130031 0.00840130031 3.77863436
908 3431 8.40129691 0.00840129691 3.77863436
908 3431 8.40129299 0.00840129299 3.77863436
908 3431 8.40129335 0.00840129335 3.77863436
908 3431 8.40129123 0.00840129123 3.77863436
908 3431 8.40129079 0.00840129079 3.77863436
908 3431 8.40129114 0.00840129114 3.77863436
908 3431 8.40129106 0.00840129106 3.77863436
907 3421 8.39345743 0.00839345743 3.77177508
907 3421 8.39350183 0.00839350183 3.77177508
907 3422 8.39175202 0.00839175202 3.77287762
907 3422 8.39171047 0.00839171047 3.77287762
907 3422 8.39169308 0.00839169308 3.77287762
907 3422 8.39167551 0.00839167551 3.77287762
907 3422 8.39166583 0.00839166583 3.77287762
907 3422 8.39165844 0.00839165844 3.77287762
907 3422 8.39165477 0.00839165477 3.77287762
907 3422 8.39165262 0.00839165262 3.77287762
906 3412 8.38379155 0.00838379155 3.76600442
906 3412 8.38384136 0.00838384136 3.76600442
906 3412 8.38381249 0.00838381249 3.76600442
906 3414 8.37553501 0.00837553501 3.76821192
906 3413 8.37352127 0.00837352127 3.76710817
906 3414 8.3721549 0.0083721549 3.76821192
906 3414 8.36243772 0.00836243772 3.76821192
906 3417 8.35242418 0.00835242418 3.77152318
905 3411 8.34810681 0.00834810681 3.76906077
905 3411 8.35334936 0.00835334936 3.76906077
904 3404 8.3430616 0.0083430616 3.76548673
904 3409 8.34096074 0.00834096074 3.7710177
904 3406 8.33520855 0.00833520855 3.76769912
904 3407 8.3393232 0.0083393232 3.76880531
904 3407 8.34444258 0.00834444258 3.76880531
904 3408 8.33555771 0.00833555771 3.7699115
904 3408 8.33552115 0.00833552115 3.7699115
904 3408 8.33551082 0.00833551082 3.7699115
904 3408 8.33551358 0.00833551358 3.7699115
904 3408 8.3355139 0.0083355139 3.7699115
903 3400 8.33032035 0.00833032035 3.76522702
903 3400 8.33036605 0.00833036605 3.76522702
903 3400 8.33039169 0.00833039169 3.76522702
903 3400 8.33038287 0.00833038287 3.76522702
903 3400 8.33037623 0.00833037623 3.76522702
903 3400 8.33037511 0.00833037511 3.76522702
903 3400 8.33037544 0.00833037544 3.76522702
903 3400 8.33037786 0.00833037786 3.76522702
903 3400 8.33037899 0.00833037899 3.76522702
903 3400 8.33037994 0.00833037994 3.76522702
902 3392 8.32299628 0.00832299628 3.76053215
902 3392 8.32297809 0.00832297809 3.76053215
902 3392 8.32294664 0.00832294664 3.76053215
902 3392 8.3229428 0.0083229428 3.76053215
902 3392 8.32293118 0.00832293118 3.76053215
902 3392 8.32292732 0.00832292732 3.76053215
902 3392 8.32292427 0.00832292427 3.76053215
902 3392 8.3229232 0.0083229232 3.76053215
902 3392 8.32292261 0.00832292261 3.76053215
902 3392 8.32292233 0.00832292233 3.76053215
901 3385 8.3147821 0.0083147821 3.75693674
901 3385 8.31474971 0.00831474971 3.75693674
901 3385 8.31479899 0.00831479899 3.75693674
901 3385 8.31480456 0.00831480456 3.75693674
901 3385 8.31479456 0.00831479456 3.75693674
901 3385 8.31477676 0.00831477676 3.75693674
901 3385 8.31476704 0.00831476704 3.75693674
901 3385 8.31479843 0.00831479843 3.75693674
901 3385 8.31480925 0.00831480925 3.75693674
901 3385 8.3148003 0.0083148003 3.75693674
900 3375 8.30721927 0.00830721927 3.75
900 3375 8.30732209 0.00830732209 3.75
900 3375 8.30719291 0.00830719291 3.75
900 3379 8.30023133 0.00830023133 3.75444444
900 3378 8.29760765 0.00829760765 3.75333333
900 3378 8.29751341 0.00829751341 3.75333333
900 3379 8.29155649 0.00829155649 3.75444444
900 3379 8.30018494 0.00830018494 3.75444444
900 3378 8.29768756 0.00829768756 3.75333333
900 3378 8.29748774 0.00829748774 3.75333333
899 3372 8.28370526 0.00828370526 3.75083426
899 3372 8.28367697 0.00828367697 3.75083426
899 3375 8.28595393 0.00828595393 3.7541713
899 3372 8.283832 0.008283832 3.75083426
899 3372 8.28375222 0.00828375222 3.75083426
899 3372 8.28376292 0.00828376292 3.75083426
899 3372 8.28375956 0.00828375956 3.75083426
899 3372 8.28374928 0.00828374928 3.75083426
899 3372 8.28376423 0.00828376423 3.75083426
899 3372 8.28375573 0.00828375573 3.75083426
898 3362 8.27647615 0.00827647615 3.74387528
898 3362 8.27645842 0.00827645842 3.74387528
898 3362 8.27638676 0.00827638676 3.74387528
898 3369 8.2723074 0.0082723074 3.75167038
898 3361 8.27919487 0.00827919487 3.74276169
898 3364 8.27090743 0.00827090743 3.74610245
898 3359 8.28376414 0.00828376414 3.74053452
898 3359 8.28378 0.00828378 3.74053452
898 3359 8.28368965 0.00828368965 3.74053452
898 3359 8.2836719 0.0082836719 3.74053452
897 3353 8.26985919 0.00826985919 3.73801561
897 3353 8.26991152 0.00826991152 3.73801561
897 3356 8.2722497 0.0082722497 3.74136009
897 3356 8.27226361 0.00827226361 3.74136009
897 3353 8.27004 0.00827004 3.73801561
897 3353 8.27000448 0.00827000448 3.73801561
897 3353 8.27002544 0.00827002544 3.73801561
897 3353 8.27003475 0.00827003475 3.73801561
897 3353 8.27003962 0.00827003962 3.73801561
897 3353 8.27004056 0.00827004056 3.73801561
896 3350 8.25863332 0.00825863332 3.73883929
896 3350 8.25858544 0.00825858544 3.73883929
896 3343 8.26275251 0.00826275251 3.73102679
896 3350 8.25863424 0.00825863424 3.73883929
896 3350 8.258611 0.008258611 3.73883929
896 3350 8.25861943 0.00825861943 3.73883929
896 3350 8.2585976 0.0082585976 3.73883929
896 3350 8.25860925 0.00825860925 3.73883929
896 3350 8.25860565 0.00825860565 3.73883929
896 3350 8.25861274 0.00825861274 3.73883929
895 3340 8.25127744 0.00825127744 3.73184358
895 3340 8.25130412 0.00825130412 3.73184358
895 3340 8.25128212 0.00825128212 3.73184358
895 3340 8.25128713 0.00825128713 3.73184358
895 3340 8.25128616 0.00825128616 3.73184358
895 3340 8.25128635 0.00825128635 3.73184358
895 3340 8.25128762 0.00825128762 3.73184358
895 3340 8.25128975 0.00825128975 3.73184358
895 3340 8.25129104 0.00825129104 3.73184358
895 3340 8.25129157 0.00825129157 3.73184358
894 3331 8.24704531 0.00824704531 3.72595078
894 3331 8.24703716 0.00824703716 3.72595078
894 3331 8.24705792 0.00824705792 3.72595078
894 3331 8.2470589 0.0082470589 3.72595078
894 3331 8.24706013 0.00824706013 3.72595078
894 3331 8.24706451 0.00824706451 3.72595078
894 3331 8.24706023 0.00824706023 3.72595078
894 3331 8.24706467 0.00824706467 3.72595078
894 3331 8.24706039 0.00824706039 3.72595078
894 3331 8.24706496 0.00824706496 3.72595078
893 3325 8.24217943 0.00824217943 3.72340426
893 3325 8.24218979 0.00824218979 3.72340426
893 3325 8.24218221 0.00824218221 3.72340426
893 3325 8.24219357 0.00824219357 3.72340426
893 3325 8.24219665 0.00824219665 3.72340426
893 3325 8.24220188 0.00824220188 3.72340426
893 3325 8.24220248 0.00824220248 3.72340426
893 3325 8.2422027 0.0082422027 3.72340426
893 3325 8.24220288 0.00824220288 3.72340426
893 3325 8.24220316 0.00824220316 3.72340426
892 3316 8.23275174 0.00823275174 3.71748879
892 3316 8.23278446 0.00823278446 3.71748879
892 3316 8.23284663 0.00823284663 3.71748879
892 3316 8.23283848 0.00823283848 3.71748879
892 3316 8.23283686 0.00823283686 3.71748879
892 3316 8.23283576 0.00823283576 3.71748879
892 3316 8.23283622 0.00823283622 3.71748879
892 3316 8.23283607 0.00823283607 3.71748879
892 3316 8.23283606 0.00823283606 3.71748879
892 3316 8.23283609 0.00823283609 3.71748879
891 3308 8.21961298 0.00821961298 3.71268238
891 3308 8.21950967 0.00821950967 3.71268238
891 3308 8.21952679 0.00821952679 3.71268238
891 3308 8.21951363 0.00821951363 3.71268238
891 3308 8.21950947 0.00821950947 3.71268238
891 3308 8.21950658 0.00821950658 3.71268238
891 3308 8.21950515 0.00821950515 3.71268238
891 3308 8.21950588 0.00821950588 3.71268238
891 3308 8.21950591 0.00821950591 3.71268238
891 3308 8.21950608 0.00821950608 3.71268238
890 3302 8.21132506 0.00821132506 3.71011236
890 3304 8.20494741 0.00820494741 3.71235955
889 3296 8.20014596 0.00820014596 3.70753656
889 3298 8.19861661 0.00819861661 3.70978628
889 3303 8.20053706 0.00820053706 3.71541057
889 3303 8.20051759 0.00820051759 3.71541057
889 3303 8.20054347 0.00820054347 3.71541057
889 3300 8.19582303 0.00819582303 3.712036
889 3300 8.19582705 0.00819582705 3.712036
889 3300 8.19582046 0.00819582046 3.712036
888 3294 8.19110196 0.00819110196 3.70945946
888 3294 8.19123507 0.00819123507 3.70945946
888 3294 8.1911965 0.0081911965 3.70945946
888 3294 8.1911923 0.0081911923 3.70945946
888 3294 8.19119367 0.00819119367 3.70945946
888 3294 8.19119513 0.00819119513 3.70945946
888 3294 8.19119571 0.00819119571 3.70945946
888 3294 8.19119549 0.00819119549 3.70945946
888 3294 8.19119545 0.00819119545 3.70945946
888 3294 8.19119546 0.00819119546 3.70945946
887 3286 8.17831478 0.00817831478 3.70462232
887 3286 8.17816133 0.00817816133 3.70462232
887 3286 8.17816812 0.00817816812 3.70462232
887 3286 8.1782218 0.0081782218 3.70462232
887 3286 8.17819791 0.00817819791 3.70462232
887 3286 8.17815901 0.00817815901 3.70462232
887 3286 8.17822312 0.00817822312 3.70462232
887 3286 8.17819767 0.00817819767 3.70462232
887 3286 8.17815846 0.00817815846 3.70462232
887 3286 8.17822429 0.00817822429 3.70462232
886 3277 8.1674613 0.0081674613 3.6986456
886 3277 8.16745618 0.00816745618 3.6986456
886 3277 8.16748573 0.00816748573 3.6986456
886 3277 8.16746551 0.00816746551 3.6986456
886 3277 8.16745845 0.00816745845 3.6986456
886 3277 8.16745418 0.00816745418 3.6986456
886 3277 8.16745591 0.00816745591 3.6986456
886 3277 8.16745629 0.00816745629 3.6986456
886 3277 8.16745572 0.00816745572 3.6986456
886 3277 8.167456 0.008167456 3.6986456
885 3271 8.15941968 0.00815941968 3.6960452
885 3271 8.15941023 0.00815941023 3.6960452
885 3271 8.15942434 0.00815942434 3.6960452
885 3271 8.15942774 0.00815942774 3.6960452
885 3271 8.15942768 0.00815942768 3.6960452
885 3271 8.15942768 0.00815942768 3.6960452
885 3271 8.15942789 0.00815942789 3.6960452
885 3271 8.1594279 0.0081594279 3.6960452
885 3271 8.15942784 0.00815942784 3.6960452
885 3271 8.1594278 0.0081594278 3.6960452
884 3264 8.15587799 0.00815587799 3.69230769
884 3264 8.15588131 0.00815588131 3.69230769
884 3264 8.15587915 0.00815587915 3.69230769
884 3264 8.15588991 0.00815588991 3.69230769
884 3264 8.15588984 0.00815588984 3.69230769
884 3264 8.15589052 0.00815589052 3.69230769
884 3264 8.15589008 0.00815589008 3.69230769
884 3264 8.15589009 0.00815589009 3.69230769
884 3264 8.15589003 0.00815589003 3.69230769
884 3264 8.15589007 0.00815589007 3.69230769
883 3260 8.14721268 0.00814721268 3.69195923
883 3260 8.14719177 0.00814719177 3.69195923
883 3260 8.14714488 0.00814714488 3.69195923
883 3260 8.14204622 0.00814204622 3.69195923
883 3260 8.14716734 0.00814716734 3.69195923
883 3260 8.14715629 0.00814715629 3.69195923
883 3260 8.14712692 0.00814712692 3.69195923
883 3260 8.1471664 0.0081471664 3.69195923
883 3260 8.14717988 0.00814717988 3.69195923
883 3260 8.14714058 0.00814714058 3.69195923
882 3256 8.13393678 0.00813393678 3.69160998
882 3256 8.1339517 0.0081339517 3.69160998
882 3256 8.13391532 0.00813391532 3.69160998
882 3256 8.13390788 0.00813390788 3.69160998
882 3256 8.13390213 0.00813390213 3.69160998
882 3256 8.13389464 0.00813389464 3.69160998
882 3256 8.13389086 0.00813389086 3.69160998
882 3256 8.13388914 0.00813388914 3.69160998
882 3256 8.13388819 0.00813388819 3.69160998
882 3256 8.13388793 0.00813388793 3.69160998
881 3244 8.12380384 0.00812380384 3.68217934
881 3244 8.12380726 0.00812380726 3.68217934
881 3244 8.1238239 0.0081238239 3.68217934
881 3244 8.12382546 0.00812382546 3.68217934
881 3244 8.12383225 0.00812383225 3.68217934
881 3244 8.12383199 0.00812383199 3.68217934
881 3244 8.12382974 0.00812382974 3.68217934
881 3244 8.1238291 0.0081238291 3.68217934
881 3244 8.12382871 0.00812382871 3.68217934
881 3244 8.12382865 0.00812382865 3.68217934
880 3235 8.1150374 0.0081150374 3.67613636
880 3235 8.11507064 0.00811507064 3.67613636
880 3235 8.11506809 0.00811506809 3.67613636
880 3235 8.11503224 0.00811503224 3.67613636
880 3235 8.11504724 0.00811504724 3.67613636
880 3235 8.11506827 0.00811506827 3.67613636
880 3235 8.11512424 0.00811512424 3.67613636
880 3235 8.11504458 0.00811504458 3.67613636
880 3235 8.11504852 0.00811504852 3.67613636
880 3235 8.11513523 0.00811513523 3.67613636
879 3228 8.10506487 0.00810506487 3.67235495
879 3231 8.11316252 0.00811316252 3.67576792
879 3233 8.11321101 0.00811321101 3.67804323
879 3233 8.11324992 0.00811324992 3.67804323
879 3233 8.11329792 0.00811329792 3.67804323
879 3233 8.11329276 0.00811329276 3.67804323
879 3233 8.11328971 0.00811328971 3.67804323
879 3233 8.11329013 0.00811329013 3.67804323
879 3233 8.11329057 0.00811329057 3.67804323
879 3233 8.11329061 0.00811329061 3.67804323
878 3224 8.10447545 0.00810447545 3.67198178
878 3224 8.10451037 0.00810451037 3.67198178
878 3224 8.10449317 0.00810449317 3.67198178
878 3224 8.10450184 0.00810450184 3.67198178
878 3224 8.10450479 0.00810450479 3.67198178
878 3224 8.10450664 0.00810450664 3.67198178
878 3224 8.10450668 0.00810450668 3.67198178
878 3224 8.10450678 0.00810450678 3.67198178
878 3224 8.10450678 0.00810450678 3.67198178
878 3224 8.10450677 0.00810450677 3.67198178
877 3217 8.08913221 0.00808913221 3.668187
877 3217 8.08914157 0.00808914157 3.668187
877 3217 8.08916594 0.00808916594 3.668187
877 3217 8.08915505 0.00808915505 3.668187
877 3217 8.08915731 0.00808915731 3.668187
877 3217 8.08916161 0.00808916161 3.668187
877 3217 8.0891622 0.0080891622 3.668187
877 3217 8.08916264 0.00808916264 3.668187
877 3217 8.08916349 0.00808916349 3.668187
877 3217 8.08916336 0.00808916336 3.668187
876 3207 8.08438934 0.00808438934 3.6609589
876 3207 8.08436092 0.00808436092 3.6609589
876 3207 8.08438735 0.00808438735 3.6609589
876 3207 8.08438826 0.00808438826 3.6609589
876 3207 8.08439036 0.00808439036 3.6609589
876 3207 8.08439169 0.00808439169 3.6609589
876 3207 8.08439228 0.00808439228 3.6609589
876 3207 8.08439242 0.00808439242 3.6609589
876 3207 8.08439252 0.00808439252 3.6609589
876 3207 8.08439256 0.00808439256 3.6609589
875 3200 8.06844606 0.00806844606 3.65714286
875 3204 8.07318801 0.00807318801 3.66171429
875 3207 8.06525393 0.00806525393 3.66514286
875 3206 8.07094027 0.00807094027 3.664
874 3199 8.0686999 0.0080686999 3.66018307
874 3199 8.0686977 0.0080686977 3.66018307
874 3199 8.06869959 0.00806869959 3.66018307
874 3199 8.06868523 0.00806868523 3.66018307
874 3199 8.06865977 0.00806865977 3.66018307
874 3199 8.06868935 0.00806868935 3.66018307
873 3189 8.06402683 0.00806402683 3.65292096
873 3192 8.05319336 0.00805319336 3.65635739
873 3192 8.05318613 0.00805318613 3.65635739
873 3192 8.05318254 0.00805318254 3.65635739
873 3192 8.05318374 0.00805318374 3.65635739
873 3192 8.05318598 0.00805318598 3.65635739
873 3192 8.05318928 0.00805318928 3.65635739
873 3192 8.05319087 0.00805319087 3.65635739
873 3192 8.05319109 0.00805319109 3.65635739
873 3192 8.05319138 0.00805319138 3.65635739
872 3182 8.04847971 0.00804847971 3.64908257
872 3182 8.04838134 0.00804838134 3.64908257
872 3182 8.04848121 0.00804848121 3.64908257
872 3182 8.04842491 0.00804842491 3.64908257
872 3182 8.04847241 0.00804847241 3.64908257
872 3182 8.04842068 0.00804842068 3.64908257
872 3182 8.04847422 0.00804847422 3.64908257
872 3182 8.04842139 0.00804842139 3.64908257
872 3182 8.04847391 0.00804847391 3.64908257
872 3182 8.04842212 0.00804842212 3.64908257
871 3178 8.03610213 0.00803610213 3.64867968
871 3173 8.02767231 0.00802767231 3.64293915
871 3174 8.04225841 0.00804225841 3.64408726
871 3175 8.03185828 0.00803185828 3.64523536
871 3175 8.03192125 0.00803192125 3.64523536
871 3175 8.03192733 0.00803192733 3.64523536
871 3175 8.03192049 0.00803192049 3.64523536
871 3175 8.03191788 0.00803191788 3.64523536
871 3175 8.03192023 0.00803192023 3.64523536
871 3175 8.03192085 0.00803192085 3.64523536
870 3165 8.02717933 0.00802717933 3.63793103
870 3165 8.02714941 0.00802714941 3.63793103
870 3165 8.02708241 0.00802708241 3.63793103
870 3165 8.02706144 0.00802706144 3.63793103
870 3165 8.02706143 0.00802706143 3.63793103
870 3165 8.02706028 0.00802706028 3.63793103
870 3165 8.02705963 0.00802705963 3.63793103
870 3165 8.02705952 0.00802705952 3.63793103
870 3165 8.02705959 0.00802705959 3.63793103
870 3165 8.02705949 0.00802705949 3.63793103
869 3161 8.01472655 0.00801472655 3.63751438
869 3161 8.01480904 0.00801480904 3.63751438
869 3161 8.0148019 0.0080148019 3.63751438
869 3161 8.01476518 0.00801476518 3.63751438
869 3161 8.01486785 0.00801486785 3.63751438
869 3161 8.01474798 0.00801474798 3.63751438
869 3161 8.01480013 0.00801480013 3.63751438
869 3161 8.01486469 0.00801486469 3.63751438
869 3161 8.0147366 0.0080147366 3.63751438
869 3161 8.01479601 0.00801479601 3.63751438
868 3152 7.99952061 0.00799952061 3.63133641
868 3152 8.00964657 0.00800964657 3.63133641
868 3152 7.99953992 0.00799953992 3.63133641
868 3147 8.00932164 0.00800932164 3.62557604
868 3152 7.99959366 0.00799959366 3.63133641
868 3147 8.00933828 0.00800933828 3.62557604
868 3152 7.99956343 0.00799956343 3.63133641
868 3152 7.99954213 0.00799954213 3.63133641
868 3152 7.99954432 0.00799954432 3.63133641
868 3152 7.99954235 0.00799954235 3.63133641
867 3143 7.99713814 0.00799713814 3.62514418
867 3143 7.99706734 0.00799706734 3.62514418
867 3143 7.99710141 0.00799710141 3.62514418
867 3143 7.99704038 0.00799704038 3.62514418
867 3143 7.99708864 0.00799708864 3.62514418
867 3143 7.99709699 0.00799709699 3.62514418
867 3143 7.99709271 0.00799709271 3.62514418
867 3143 7.99711427 0.00799711427 3.62514418
867 3143 7.99705168 0.00799705168 3.62514418
867 3143 7.9970943 0.0079970943 3.62514418
866 3138 7.99267244 0.00799267244 3.62355658
866 3138 7.99262267 0.00799262267 3.62355658
866 3138 7.99244982 0.00799244982 3.62355658
866 3138 7.99260505 0.00799260505 3.62355658
866 3138 7.99259258 0.00799259258 3.62355658
866 3138 7.9925919 0.0079925919 3.62355658
866 3138 7.99250623 0.00799250623 3.62355658
866 3138 7.9925428 0.0079925428 3.62355658
866 3138 7.99261581 0.00799261581 3.62355658
866 3138 7.99258957 0.00799258957 3.62355658
865 3132 7.97330665 0.00797330665 3.62080925
865 3132 7.97345775 0.00797345775 3.62080925
865 3132 7.97325228 0.00797325228 3.62080925
865 3132 7.9733286 0.0079733286 3.62080925
865 3132 7.97336475 0.00797336475 3.62080925
865 3132 7.97338474 0.00797338474 3.62080925
865 3132 7.97338121 0.00797338121 3.62080925
865 3132 7.97338277 0.00797338277 3.62080925
865 3132 7.97338536 0.00797338536 3.62080925
865 3132 7.97338622 0.00797338622 3.62080925
864 3118 7.95572049 0.00795572049 3.6087963
864 3127 7.96881813 0.00796881813 3.61921296
864 3118 7.95579333 0.00795579333 3.6087963
864 3118 7.95564824 0.00795564824 3.6087963
864 3118 7.95569141 0.00795569141 3.6087963
864 3118 7.95571331 0.00795571331 3.6087963
864 3118 7.95566974 0.00795566974 3.6087963
864 3118 7.95570261 0.00795570261 3.6087963
864 3118 7.95571585 0.00795571585 3.6087963
864 3118 7.95566527 0.00795566527 3.6087963
863 3111 7.95130864 0.00795130864 3.60486674
863 3111 7.95128128 0.00795128128 3.60486674
863 3111 7.95122884 0.00795122884 3.60486674
863 3111 7.9512793 0.0079512793 3.60486674
863 3111 7.95128762 0.00795128762 3.60486674
863 3111 7.9512556 0.0079512556 3.60486674
863 3111 7.95129078 0.00795129078 3.60486674
863 3111 7.95126426 0.00795126426 3.60486674
863 3111 7.9512853 0.0079512853 3.60486674
863 3111 7.95126421 0.00795126421 3.60486674
862 3106 7.93427821 0.00793427821 3.60324826
861 3102 7.92608772 0.00792608772 3.60278746
861 3104 7.92598654 0.00792598654 3.60511034
861 3113 7.93909561 0.00793909561 3.6155633
861 3104 7.92601173 0.00792601173 3.60511034
861 3104 7.9259813 0.0079259813 3.60511034
861 3104 7.9259603 0.0079259603 3.60511034
861 3104 7.9259695 0.0079259695 3.60511034
861 3104 7.92597982 0.00792597982 3.60511034
861 3104 7.92598142 0.00792598142 3.60511034
860 3099 7.92189502 0.00792189502 3.60348837
860 3099 7.92187139 0.00792187139 3.60348837
860 3099 7.92187845 0.00792187845 3.60348837
860 3099 7.92188323 0.00792188323 3.60348837
860 3099 7.92188389 0.00792188389 3.60348837
860 3099 7.92188174 0.00792188174 3.60348837
860 3099 7.92188065 0.00792188065 3.60348837
860 3099 7.92188031 0.00792188031 3.60348837
860 3099 7.92188019 0.00792188019 3.60348837
860 3099 7.92188013 0.00792188013 3.60348837
859 3092 7.91749413 0.00791749413 3.59953434
859 3092 7.91751107 0.00791751107 3.59953434
859 3092 7.91752735 0.00791752735 3.59953434
859 3092 7.91753159 0.00791753159 3.59953434
859 3092 7.91752956 0.00791752956 3.59953434
859 3092 7.91752977 0.00791752977 3.59953434
859 3092 7.91753001 0.00791753001 3.59953434
859 3092 7.91753005 0.00791753005 3.59953434
859 3092 7.91753011 0.00791753011 3.59953434
859 3092 7.91753015 0.00791753015 3.59953434
858 3085 7.90492578 0.00790492578 3.5955711
858 3085 7.90490279 0.00790490279 3.5955711
858 3085 7.90480462 0.00790480462 3.5955711
858 3085 7.90484875 0.00790484875 3.5955711
858 3085 7.90485832 0.00790485832 3.5955711
858 3085 7.90486093 0.00790486093 3.5955711
858 3085 7.90486154 0.00790486154 3.5955711
858 3085 7.90486204 0.00790486204 3.5955711
858 3085 7.90486208 0.00790486208 3.5955711
858 3085 7.90486209 0.00790486209 3.5955711
857 3079 7.88954743 0.00788954743 3.59276546
857 3079 7.88959578 0.00788959578 3.59276546
857 3079 7.88954046 0.00788954046 3.59276546
857 3076 7.89540204 0.00789540204 3.58926488
857 3077 7.88115343 0.00788115343 3.59043174
857 3078 7.8850846 0.0078850846 3.5915986
857 3076 7.87890012 0.00787890012 3.58926488
857 3072 7.87696582 0.00787696582 3.58459743
857 3081 7.89043452 0.00789043452 3.59509918
857 3081 7.89040762 0.00789040762 3.59509918
856 3067 7.87288645 0.00787288645 3.58294393
856 3067 7.87296358 0.00787296358 3.58294393
856 3067 7.87297177 0.00787297177 3.58294393
856 3067 7.87298607 0.00787298607 3.58294393
856 3067 7.87298636 0.00787298636 3.58294393
856 3067 7.87298614 0.00787298614 3.58294393
856 3067 7.87298598 0.00787298598 3.58294393
856 3067 7.87298584 0.00787298584 3.58294393
856 3067 7.87298586 0.00787298586 3.58294393
856 3067 7.87298591 0.00787298591 3.58294393
855 3060 7.86064623 0.00786064623 3.57894737
855 3060 7.86059451 0.00786059451 3.57894737
855 3060 7.86595469 0.00786595469 3.57894737
855 3060 7.86058741 0.00786058741 3.57894737
855 3060 7.86065519 0.00786065519 3.57894737
855 3060 7.86067346 0.00786067346 3.57894737
855 3060 7.86066421 0.00786066421 3.57894737
855 3060 7.86067845 0.00786067845 3.57894737
855 3060 7.86068436 0.00786068436 3.57894737
855 3060 7.86068269 0.00786068269 3.57894737
854 3053 7.85382752 0.00785382752 3.57494145
854 3053 7.85378418 0.00785378418 3.57494145
854 3053 7.8537643 0.0078537643 3.57494145
854 3053 7.85376113 0.00785376113 3.57494145
854 3053 7.85376183 0.00785376183 3.57494145
854 3053 7.85375836 0.00785375836 3.57494145
854 3053 7.85375416 0.00785375416 3.57494145
854 3053 7.85375353 0.00785375353 3.57494145
854 3053 7.85375317 0.00785375317 3.57494145
854 3053 7.85375344 0.00785375344 3.57494145
853 3046 7.84917583 0.00784917583 3.57092614
853 3048 7.83812369 0.00783812369 3.57327081
853 3046 7.84908623 0.00784908623 3.57092614
853 3048 7.84100071 0.00784100071 3.57327081
853 3048 7.84114059 0.00784114059 3.57327081
853 3048 7.84116494 0.00784116494 3.57327081
853 3048 7.84116658 0.00784116658 3.57327081
853 3048 7.84118136 0.00784118136 3.57327081
853 3048 7.84118879 0.00784118879 3.57327081
853 3048 7.84118819 0.00784118819 3.57327081
852 3041 7.83429917 0.00783429917 3.56924883
852 3041 7.83422895 0.00783422895 3.56924883
852 3041 7.834209 0.007834209 3.56924883
852 3041 7.83416107 0.00783416107 3.56924883
852 3041 7.83413148 0.00783413148 3.56924883
852 3041 7.8341248 0.0078341248 3.56924883
852 3041 7.83412651 0.00783412651 3.56924883
852 3041 7.8341302 0.0078341302 3.56924883
852 3041 7.8341326 0.0078341326 3.56924883
852 3041 7.83413422 0.00783413422 3.56924883
851 3033 7.82540448 0.00782540448 3.5640423
851 3034 7.8338081 0.0078338081 3.56521739
851 3034 7.83381476 0.00783381476 3.56521739
851 3034 7.8338069 0.0078338069 3.56521739
851 3034 7.83379365 0.00783379365 3.56521739
851 3034 7.83378571 0.00783378571 3.56521739
851 3034 7.83378396 0.00783378396 3.56521739
851 3034 7.83378409 0.00783378409 3.56521739
851 3034 7.83378354 0.00783378354 3.56521739
851 3034 7.833784 0.007833784 3.56521739
850 3026 7.82511063 0.00782511063 3.56
850 3026 7.82518895 0.00782518895 3.56
850 3026 7.82516815 0.00782516815 3.56
850 3026 7.82512135 0.00782512135 3.56
850 3026 7.82511544 0.00782511544 3.56
850 3026 7.82510641 0.00782510641 3.56
850 3026 7.82511056 0.00782511056 3.56
850 3026 7.82510903 0.00782510903 3.56
850 3026 7.82510947 0.00782510947 3.56
850 3026 7.82510945 0.00782510945 3.56
849 3022 7.80423808 0.00780423808 3.55948174
849 3019 7.8142391 0.0078142391 3.55594817
849 3023 7.80548858 0.00780548858 3.5606596
849 3023 7.80546778 0.00780546778 3.5606596
849 3023 7.80538657 0.00780538657 3.5606596
849 3023 7.80535101 0.00780535101 3.5606596
849 3023 7.80535367 0.00780535367 3.5606596
849 3023 7.80535978 0.00780535978 3.5606596
849 3023 7.80536735 0.00780536735 3.5606596
849 3023 7.80536933 0.00780536933 3.5606596
848 3015 7.79692766 0.00779692766 3.55542453
848 3015 7.79701867 0.00779701867 3.55542453
848 3015 7.7970113 0.0077970113 3.55542453
848 3015 7.79701365 0.00779701365 3.55542453
848 3015 7.79701728 0.00779701728 3.55542453
848 3015 7.797017 0.007797017 3.55542453
848 3015 7.79701624 0.00779701624 3.55542453
848 3015 7.79701622 0.00779701622 3.55542453
848 3015 7.79701626 0.00779701626 3.55542453
848 3015 7.79701627 0.00779701627 3.55542453
847 3004 7.79082949 0.00779082949 3.54663518
847 3004 7.79077905 0.00779077905 3.54663518
847 3004 7.79078086 0.00779078086 3.54663518
847 3004 7.79078158 0.00779078158 3.54663518
847 3004 7.79077945 0.00779077945 3.54663518
847 3004 7.79077985 0.00779077985 3.54663518
847 3004 7.7907796 0.0077907796 3.54663518
847 3004 7.79077986 0.00779077986 3.54663518
847 3004 7.79077973 0.00779077973 3.54663518
847 3004 7.79077974 0.00779077974 3.54663518
846 2995 7.78968186 0.00778968186 3.54018913
846 2995 7.78975421 0.00778975421 3.54018913
846 2995 7.78954812 0.00778954812 3.54018913
846 2995 7.78948577 0.00778948577 3.54018913
846 2995 7.78979119 0.00778979119 3.54018913
846 2995 7.78949591 0.00778949591 3.54018913
846 2995 7.78954816 0.00778954816 3.54018913
846 2995 7.78979786 0.00778979786 3.54018913
846 2995 7.78949883 0.00778949883 3.54018913
846 2995 7.78954947 0.00778954947 3.54018913
845 2987 7.76836858 0.00776836858 3.53491124
845 2987 7.76838472 0.00776838472 3.53491124
845 2987 7.76835706 0.00776835706 3.53491124
845 2987 7.76836099 0.00776836099 3.53491124
845 2987 7.76836168 0.00776836168 3.53491124
845 2987 7.76836355 0.00776836355 3.53491124
845 2987 7.76836433 0.00776836433 3.53491124
845 2987 7.76836463 0.00776836463 3.53491124
845 2987 7.76836473 0.00776836473 3.53491124
845 2987 7.76836486 0.00776836486 3.53491124
844 2976 7.76253386 0.00776253386 3.52606635
844 2976 7.76241701 0.00776241701 3.52606635
844 2979 7.7483702 0.0077483702 3.52962085
844 2976 7.76249444 0.00776249444 3.52606635
844 2976 7.76235066 0.00776235066 3.52606635
844 2976 7.76254631 0.00776254631 3.52606635
844 2976 7.76240904 0.00776240904 3.52606635
844 2976 7.76227348 0.00776227348 3.52606635
844 2976 7.76253281 0.00776253281 3.52606635
844 2976 7.76241822 0.00776241822 3.52606635
843 2968 7.74256642 0.00774256642 3.52075919
843 2968 7.74268792 0.00774268792 3.52075919
843 2968 7.74272103 0.00774272103 3.52075919
843 2968 7.74272254 0.00774272254 3.52075919
843 2968 7.74272188 0.00774272188 3.52075919
843 2968 7.74275944 0.00774275944 3.52075919
843 2968 7.74273587 0.00774273587 3.52075919
843 2968 7.74276891 0.00774276891 3.52075919
843 2968 7.74273726 0.00774273726 3.52075919
843 2968 7.74276998 0.00774276998 3.52075919
842 2962 7.73301057 0.00773301057 3.51781473
842 2965 7.72115232 0.00772115232 3.52137767
841 2957 7.7132553 0.0077132553 3.51605232
841 2959 7.72461598 0.00772461598 3.51843044
841 2963 7.74519412 0.00774519412 3.52318668
841 2963 7.74528635 0.00774528635 3.52318668
841 2963 7.74530178 0.00774530178 3.52318668
841 2963 7.74529294 0.00774529294 3.52318668
841 2963 7.74506522 0.00774506522 3.52318668
841 2966 7.73042374 0.00773042374 3.52675386
840 2955 7.7245935 0.0077245935 3.51785714
840 2955 7.72448237 0.00772448237 3.51785714
840 2958 7.71028681 0.00771028681 3.52142857
840 2955 7.72457649 0.00772457649 3.51785714
840 2955 7.72460602 0.00772460602 3.51785714
840 2955 7.72446817 0.00772446817 3.51785714
840 2955 7.72440455 0.00772440455 3.51785714
840 2955 7.72461956 0.00772461956 3.51785714
840 2955 7.72447859 0.00772447859 3.51785714
840 2955 7.72455563 0.00772455563 3.51785714
839 2947 7.70469969 0.00770469969 3.5125149
839 2947 7.70473518 0.00770473518 3.5125149
839 2947 7.70472272 0.00770472272 3.5125149
839 2947 7.70471443 0.00770471443 3.5125149
839 2947 7.70471582 0.00770471582 3.5125149
839 2947 7.70471428 0.00770471428 3.5125149
839 2947 7.70471372 0.00770471372 3.5125149
839 2947 7.70471388 0.00770471388 3.5125149
839 2947 7.70471405 0.00770471405 3.5125149
839 2947 7.70471406 0.00770471406 3.5125149
838 2941 7.69497874 0.00769497874 3.50954654
838 2941 7.69497313 0.00769497313 3.50954654
838 2941 7.69498677 0.00769498677 3.50954654
838 2941 7.69476331 0.00769476331 3.50954654
838 2941 7.69501322 0.00769501322 3.50954654
838 2941 7.69497354 0.00769497354 3.50954654
838 2941 7.69478354 0.00769478354 3.50954654
838 2941 7.6950215 0.0076950215 3.50954654
838 2941 7.6949739 0.0076949739 3.50954654
838 2941 7.69478312 0.00769478312 3.50954654
837 2934 7.6837704 0.0076837704 3.50537634
837 2934 7.68367655 0.00768367655 3.50537634
837 2934 7.68384296 0.00768384296 3.50537634
837 2934 7.68364759 0.00768364759 3.50537634
837 2934 7.6836292 0.0076836292 3.50537634
837 2934 7.68364082 0.00768364082 3.50537634
837 2934 7.68373611 0.00768373611 3.50537634
837 2934 7.68361016 0.00768361016 3.50537634
837 2934 7.6836801 0.0076836801 3.50537634
837 2934 7.68365303 0.00768365303 3.50537634
836 2928 7.67372227 0.00767372227 3.50239234
836 2927 7.66024844 0.00766024844 3.50119617
836 2928 7.66348475 0.00766348475 3.50239234
836 2925 7.65611055 0.00765611055 3.49880383
836 2925 7.65622473 0.00765622473 3.49880383
836 2925 7.65607547 0.00765607547 3.49880383
836 2925 7.65618591 0.00765618591 3.49880383
836 2925 7.65635271 0.00765635271 3.49880383
836 2925 7.65621397 0.00765621397 3.49880383
836 2925 7.65626525 0.00765626525 3.49880383
835 2918 7.63249152 0.00763249152 3.49461078
835 2919 7.64040038 0.00764040038 3.49580838
835 2919 7.64030789 0.00764030789 3.49580838
835 2919 7.6403702 0.0076403702 3.49580838
835 2919 7.64038014 0.00764038014 3.49580838
835 2919 7.64037229 0.00764037229 3.49580838
835 2919 7.64037925 0.00764037925 3.49580838
835 2919 7.64038182 0.00764038182 3.49580838
835 2919 7.6403818 0.0076403818 3.49580838
835 2919 7.64038201 0.00764038201 3.49580838
834 2912 7.61725711 0.00761725711 3.49160671
834 2912 7.61730849 0.00761730849 3.49160671
834 2914 7.62933605 0.00762933605 3.4940048
834 2914 7.62932616 0.00762932616 3.4940048
834 2914 7.62933049 0.00762933049 3.4940048
834 2914 7.62931914 0.00762931914 3.4940048
834 2914 7.62931847 0.00762931847 3.4940048
834 2914 7.629324 0.007629324 3.4940048
834 2914 7.62932543 0.00762932543 3.4940048
834 2914 7.62932496 0.00762932496 3.4940048
833 2907 7.60624587 0.00760624587 3.48979592
833 2907 7.6061982 0.0076061982 3.48979592
833 2907 7.60639296 0.00760639296 3.48979592
833 2907 7.60619268 0.00760619268 3.48979592
833 2907 7.60639833 0.00760639833 3.48979592
833 2907 7.60619056 0.00760619056 3.48979592
833 2907 7.60639848 0.00760639848 3.48979592
833 2907 7.60619086 0.00760619086 3.48979592
833 2907 7.60639851 0.00760639851 3.48979592
833 2907 7.60619092 0.00760619092 3.48979592
832 2901 7.58625886 0.00758625886 3.48677885
832 2902 7.5887168 0.0075887168 3.48798077
832 2895 7.57608765 0.00757608765 3.47956731
832 2895 7.59499301 0.00759499301 3.47956731
832 2897 7.59681353 0.00759681353 3.48197115
832 2892 7.58917822 0.00758917822 3.47596154
832 2893 7.58981122 0.00758981122 3.47716346
832 2893 7.5897575 0.0075897575 3.47716346
832 2896 7.60905543 0.00760905543 3.48076923
832 2897 7.62156406 0.00762156406 3.48197115
831 2889 7.60489894 0.00760489894 3.4765343
831 2889 7.60492628 0.00760492628 3.4765343
831 2889 7.60493891 0.00760493891 3.4765343
831 2889 7.60493656 0.00760493656 3.4765343
831 2889 7.6049327 0.0076049327 3.4765343
831 2889 7.60493319 0.00760493319 3.4765343
831 2889 7.60493305 0.00760493305 3.4765343
831 2889 7.60493314 0.00760493314 3.4765343
831 2889 7.6049332 0.0076049332 3.4765343
831 2889 7.60493322 0.00760493322 3.4765343
830 2881 7.60364669 0.00760364669 3.47108434
830 2881 7.60364692 0.00760364692 3.47108434
830 2881 7.6036466 0.0076036466 3.47108434
830 2881 7.60364683 0.00760364683 3.47108434
830 2881 7.60364683 0.00760364683 3.47108434
830 2881 7.60364675 0.00760364675 3.47108434
830 2881 7.6036468 0.0076036468 3.47108434
830 2881 7.60364681 0.00760364681 3.47108434
830 2881 7.6036468 0.0076036468 3.47108434
830 2881 7.6036468 0.0076036468 3.47108434
829 2875 7.6036468 0.0076036468 3.46803378
829 2875 7.60354904 0.00760354904 3.46803378
829 2875 7.60358052 0.00760358052 3.46803378
829 2875 7.60348168 0.00760348168 3.46803378
829 2875 7.60358266 0.00760358266 3.46803378
829 2875 7.60347517 0.00760347517 3.46803378
829 2875 7.6035761 0.0076035761 3.46803378
829 2875 7.60347321 0.00760347321 3.46803378
829 2875 7.60357607 0.00760357607 3.46803378
829 2875 7.6034731 0.0076034731 3.46803378
828 2868 7.59259692 0.00759259692 3.46376812
828 2868 7.59236943 0.00759236943 3.46376812
828 2868 7.59248326 0.00759248326 3.46376812
828 2866 7.57542208 0.00757542208 3.46135266
828 2866 7.5754336 0.0075754336 3.46135266
828 2866 7.57539043 0.00757539043 3.46135266
828 2866 7.57543162 0.00757543162 3.46135266
828 2866 7.57543109 0.00757543109 3.46135266
828 2866 7.57542672 0.00757542672 3.46135266
828 2866 7.57542708 0.00757542708 3.46135266
827 2859 7.56455267 0.00756455267 3.45707376
827 2859 7.56440746 0.00756440746 3.45707376
827 2859 7.56444494 0.00756444494 3.45707376
827 2859 7.56444317 0.00756444317 3.45707376
827 2859 7.56445743 0.00756445743 3.45707376
827 2859 7.56444308 0.00756444308 3.45707376
827 2859 7.56445884 0.00756445884 3.45707376
827 2859 7.56444366 0.00756444366 3.45707376
827 2859 7.56445905 0.00756445905 3.45707376
827 2859 7.56444375 0.00756444375 3.45707376
826 2853 7.55427287 0.00755427287 3.45399516
826 2852 7.53983509 0.00753983509 3.4527845
826 2853 7.54545602 0.00754545602 3.45399516
826 2853 7.54562185 0.00754562185 3.45399516
826 2853 7.54554803 0.00754554803 3.45399516
826 2853 7.54540689 0.00754540689 3.45399516
826 2853 7.54551155 0.00754551155 3.45399516
826 2853 7.54560687 0.00754560687 3.45399516
826 2853 7.54538128 0.00754538128 3.45399516
826 2853 7.54566092 0.00754566092 3.45399516
825 2847 7.53567596 0.00753567596 3.45090909
825 2846 7.5213291 0.0075213291 3.44969697
825 2846 7.52122219 0.00752122219 3.44969697
825 2846 7.52125105 0.00752125105 3.44969697
825 2846 7.52125946 0.00752125946 3.44969697
825 2846 7.5212581 0.0075212581 3.44969697
825 2846 7.5212575 0.0075212575 3.44969697
825 2846 7.52125971 0.00752125971 3.44969697
825 2846 7.52125943 0.00752125943 3.44969697
825 2846 7.52125982 0.00752125982 3.44969697
824 2840 7.51153027 0.00751153027 3.44660194
824 2840 7.51151704 0.00751151704 3.44660194
824 2840 7.51160553 0.00751160553 3.44660194
824 2840 7.51161862 0.00751161862 3.44660194
824 2840 7.51161951 0.00751161951 3.44660194
824 2840 7.51161609 0.00751161609 3.44660194
824 2840 7.51161761 0.00751161761 3.44660194
824 2840 7.5116175 0.0075116175 3.44660194
824 2840 7.51161759 0.00751161759 3.44660194
824 2840 7.51161774 0.00751161774 3.44660194
823 2836 7.49255826 0.00749255826 3.44592953
823 2831 7.50419043 0.00750419043 3.43985419
823 2831 7.50435586 0.00750435586 3.43985419
823 2831 7.50432514 0.00750432514 3.43985419
823 2831 7.50433904 0.00750433904 3.43985419
823 2831 7.50433632 0.00750433632 3.43985419
823 2831 7.50433637 0.00750433637 3.43985419
823 2831 7.50433674 0.00750433674 3.43985419
823 2831 7.50433669 0.00750433669 3.43985419
823 2831 7.50433666 0.00750433666 3.43985419
822 2827 7.48519729 0.00748519729 3.43917275
822 2827 7.48508518 0.00748508518 3.43917275
822 2827 7.48513881 0.00748513881 3.43917275
822 2827 7.48510884 0.00748510884 3.43917275
822 2827 7.48511434 0.00748511434 3.43917275
822 2827 7.48512054 0.00748512054 3.43917275
822 2827 7.4851144 0.0074851144 3.43917275
822 2827 7.48511295 0.00748511295 3.43917275
822 2827 7.48511342 0.00748511342 3.43917275
822 2827 7.48511254 0.00748511254 3.43917275
821 2820 7.48427203 0.00748427203 3.43483557
821 2820 7.48426367 0.00748426367 3.43483557
821 2820 7.4841334 0.0074841334 3.43483557
821 2820 7.4843264 0.0074843264 3.43483557
821 2820 7.45670291 0.00745670291 3.43483557
821 2820 7.45676753 0.00745676753 3.43483557
821 2820 7.45673225 0.00745673225 3.43483557
821 2820 7.45669225 0.00745669225 3.43483557
821 2820 7.45672945 0.00745672945 3.43483557
821 2820 7.45668924 0.00745668924 3.43483557
820 2813 7.45585209 0.00745585209 3.4304878
820 2813 7.45588026 0.00745588026 3.4304878
820 2813 7.45585929 0.00745585929 3.4304878
820 2812 7.4398253 0.0074398253 3.42926829
820 2812 7.43981404 0.00743981404 3.42926829
820 2812 7.43981512 0.00743981512 3.42926829
820 2812 7.43981314 0.00743981314 3.42926829
820 2812 7.43981465 0.00743981465 3.42926829
820 2812 7.43981572 0.00743981572 3.42926829
820 2812 7.43981625 0.00743981625 3.42926829
819 2807 7.43604649 0.00743604649 3.42735043
819 2807 7.43604826 0.00743604826 3.42735043
819 2807 7.43604865 0.00743604865 3.42735043
819 2807 7.43605451 0.00743605451 3.42735043
819 2807 7.43605388 0.00743605388 3.42735043
819 2807 7.43605501 0.00743605501 3.42735043
819 2807 7.43605556 0.00743605556 3.42735043
819 2807 7.43605539 0.00743605539 3.42735043
819 2807 7.43605571 0.00743605571 3.42735043
819 2807 7.43605574 0.00743605574 3.42735043
818 2800 7.43527211 0.00743527211 3.42298289
818 2800 7.43528695 0.00743528695 3.42298289
818 2800 7.43526991 0.00743526991 3.42298289
818 2800 7.43526423 0.00743526423 3.42298289
818 2800 7.43526911 0.00743526911 3.42298289
818 2800 7.43526727 0.00743526727 3.42298289
818 2800 7.4352667 0.0074352667 3.42298289
818 2800 7.43526655 0.00743526655 3.42298289
818 2800 7.43526649 0.00743526649 3.42298289
818 2800 7.43526647 0.00743526647 3.42298289
817 2794 7.42202029 0.00742202029 3.41982864
817 2794 7.42207225 0.00742207225 3.41982864
817 2794 7.42206425 0.00742206425 3.41982864
817 2794 7.42204364 0.00742204364 3.41982864
817 2794 7.42205086 0.00742205086 3.41982864
817 2794 7.42205223 0.00742205223 3.41982864
817 2794 7.42205312 0.00742205312 3.41982864
817 2794 7.4220535 0.0074220535 3.41982864
817 2794 7.42205356 0.00742205356 3.41982864
817 2794 7.42205358 0.00742205358 3.41982864
816 2792 7.40694001 0.00740694001 3.42156863
815 2784 7.39620054 0.00739620054 3.41595092
815 2784 7.3962074 0.0073962074 3.41595092
815 2784 7.39619749 0.00739619749 3.41595092
815 2784 7.39618212 0.00739618212 3.41595092
815 2784 7.39617613 0.00739617613 3.41595092
815 2784 7.39617347 0.00739617347 3.41595092
815 2784 7.39617133 0.00739617133 3.41595092
815 2784 7.39617101 0.00739617101 3.41595092
815 2784 7.39617014 0.00739617014 3.41595092
814 2775 7.39519068 0.00739519068 3.40909091
814 2775 7.39520841 0.00739520841 3.40909091
814 2775 7.39510854 0.00739510854 3.40909091
814 2775 7.39520029 0.00739520029 3.40909091
814 2775 7.39518321 0.00739518321 3.40909091
814 2775 7.39516744 0.00739516744 3.40909091
814 2775 7.39512863 0.00739512863 3.40909091
814 2775 7.39520103 0.00739520103 3.40909091
814 2775 7.39518039 0.00739518039 3.40909091
814 2775 7.39516777 0.00739516777 3.40909091
813 2767 7.38731699 0.00738731699 3.40344403
813 2767 7.38742404 0.00738742404 3.40344403
813 2769 7.38275506 0.00738275506 3.40590406
813 2769 7.38276234 0.00738276234 3.40590406
813 2769 7.38281521 0.00738281521 3.40590406
813 2769 7.38275093 0.00738275093 3.40590406
813 2769 7.382812 0.007382812 3.40590406
813 2769 7.38275481 0.00738275481 3.40590406
813 2769 7.38281215 0.00738281215 3.40590406
813 2769 7.38275528 0.00738275528 3.40590406
812 2761 7.37519446 0.00737519446 3.40024631
812 2761 7.37524379 0.00737524379 3.40024631
812 2761 7.37530605 0.00737530605 3.40024631
812 2761 7.37527894 0.00737527894 3.40024631
812 2761 7.37527267 0.00737527267 3.40024631
812 2761 7.37527076 0.00737527076 3.40024631
812 2761 7.37527019 0.00737527019 3.40024631
812 2761 7.37526995 0.00737526995 3.40024631
812 2761 7.37526976 0.00737526976 3.40024631
812 2761 7.37526973 0.00737526973 3.40024631
811 2754 7.35009508 0.00735009508 3.39580764
811 2754 7.35018751 0.00735018751 3.39580764
811 2754 7.34968284 0.00734968284 3.39580764
811 2754 7.34992694 0.00734992694 3.39580764
811 2754 7.34978689 0.00734978689 3.39580764
811 2754 7.34996543 0.00734996543 3.39580764
811 2754 7.35020977 0.00735020977 3.39580764
811 2754 7.35023954 0.00735023954 3.39580764
811 2754 7.35023076 0.00735023076 3.39580764
811 2754 7.34986897 0.00734986897 3.39580764
810 2744 7.34677402 0.00734677402 3.38765432
810 2744 7.34632053 0.00734632053 3.38765432
810 2744 7.34617094 0.00734617094 3.38765432
810 2744 7.34665364 0.00734665364 3.38765432
810 2747 7.33169263 0.00733169263 3.39135802
810 2745 7.32677219 0.00732677219 3.38888889
810 2745 7.32675197 0.00732675197 3.38888889
810 2745 7.32680799 0.00732680799 3.38888889
810 2745 7.32679726 0.00732679726 3.38888889
810 2745 7.32680014 0.00732680014 3.38888889
809 2738 7.30979102 0.00730979102 3.38442522
809 2735 7.32340029 0.00732340029 3.38071693
809 2735 7.3234072 0.0073234072 3.38071693
809 2735 7.32343673 0.00732343673 3.38071693
809 2735 7.32343481 0.00732343481 3.38071693
809 2735 7.32343677 0.00732343677 3.38071693
809 2735 7.32343498 0.00732343498 3.38071693
809 2735 7.32343371 0.00732343371 3.38071693
809 2735 7.32343345 0.00732343345 3.38071693
809 2735 7.32343344 0.00732343344 3.38071693
808 2728 7.3064711 0.0073064711 3.37623762
808 2728 7.30643191 0.00730643191 3.37623762
808 2728 7.30644875 0.00730644875 3.37623762
808 2728 7.30633483 0.00730633483 3.37623762
808 2728 7.30645302 0.00730645302 3.37623762
808 2728 7.30634268 0.00730634268 3.37623762
808 2728 7.30645954 0.00730645954 3.37623762
808 2728 7.30634429 0.00730634429 3.37623762
808 2728 7.30646024 0.00730646024 3.37623762
808 2728 7.30634447 0.00730634447 3.37623762
807 2720 7.28671299 0.00728671299 3.37050805
807 2720 7.2866141 0.0072866141 3.37050805
807 2720 7.28657392 0.00728657392 3.37050805
807 2720 7.28660093 0.00728660093 3.37050805
807 2720 7.28661464 0.00728661464 3.37050805
807 2720 7.28661818 0.00728661818 3.37050805
807 2720 7.28661948 0.00728661948 3.37050805
807 2720 7.28662006 0.00728662006 3.37050805
807 2720 7.28662039 0.00728662039 3.37050805
807 2720 7.2866206 0.0072866206 3.37050805
806 2711 7.25820225 0.00725820225 3.36352357
806 2714 7.25161389 0.00725161389 3.36724566
806 2711 7.25818699 0.00725818699 3.36352357
806 2711 7.25821993 0.00725821993 3.36352357
806 2711 7.25831788 0.00725831788 3.36352357
806 2711 7.25838378 0.00725838378 3.36352357
806 2711 7.25810043 0.00725810043 3.36352357
806 2712 7.25095559 0.00725095559 3.36476427
806 2712 7.25092025 0.00725092025 3.36476427
806 2712 7.25094211 0.00725094211 3.36476427
805 2704 7.22557705 0.00722557705 3.35900621
805 2705 7.230172 0.007230172 3.36024845
805 2709 7.25094669 0.00725094669 3.36521739
805 2709 7.25081104 0.00725081104 3.36521739
805 2709 7.25088447 0.00725088447 3.36521739
805 2709 7.25088812 0.00725088812 3.36521739
805 2709 7.25092613 0.00725092613 3.36521739
805 2709 7.25086796 0.00725086796 3.36521739
805 2709 7.25089257 0.00725089257 3.36521739
805 2709 7.25091051 0.00725091051 3.36521739
804 2701 7.22562763 0.00722562763 3.35945274
804 2702 7.23016201 0.00723016201 3.36069652
804 2702 7.23015789 0.00723015789 3.36069652
804 2706 7.23474073 0.00723474073 3.36567164
804 2706 7.23464439 0.00723464439 3.36567164
804 2706 7.23467192 0.00723467192 3.36567164
804 2706 7.23468422 0.00723468422 3.36567164
804 2706 7.23468566 0.00723468566 3.36567164
804 2706 7.23468551 0.00723468551 3.36567164
804 2706 7.23468542 0.00723468542 3.36567164
803 2698 7.20968377 0.00720968377 3.35990037
803 2699 7.21444473 0.00721444473 3.3611457
803 2699 7.21446548 0.00721446548 3.3611457
803 2699 7.21450599 0.00721450599 3.3611457
803 2699 7.21451325 0.00721451325 3.3611457
803 2699 7.21451439 0.00721451439 3.3611457
803 2699 7.21451474 0.00721451474 3.3611457
803 2699 7.21451493 0.00721451493 3.3611457
803 2699 7.21451501 0.00721451501 3.3611457
803 2699 7.21451505 0.00721451505 3.3611457
802 2691 7.18966145 0.00718966145 3.3553616
802 2691 7.18995844 0.00718995844 3.3553616
802 2691 7.18968641 0.00718968641 3.3553616
802 2691 7.18966395 0.00718966395 3.3553616
802 2691 7.18965471 0.00718965471 3.3553616
802 2691 7.1896629 0.0071896629 3.3553616
802 2691 7.18966081 0.00718966081 3.3553616
802 2691 7.18966116 0.00718966116 3.3553616
802 2691 7.18966158 0.00718966158 3.3553616
802 2691 7.18966124 0.00718966124 3.3553616
801 2678 7.18145333 0.00718145333 3.34332085
801 2678 7.18169333 0.00718169333 3.34332085
801 2678 7.18113762 0.00718113762 3.34332085
801 2678 7.18111881 0.00718111881 3.34332085
801 2678 7.18110372 0.00718110372 3.34332085
801 2678 7.18111124 0.00718111124 3.34332085
801 2678 7.18112107 0.00718112107 3.34332085
801 2678 7.18112561 0.00718112561 3.34332085
801 2678 7.18112592 0.00718112592 3.34332085
801 2678 7.18112497 0.00718112497 3.34332085
800 2673 7.15578555 0.00715578555 3.34125
800 2669 7.16450414 0.00716450414 3.33625
800 2677 7.14783256 0.00714783256 3.34625
800 2680 7.14183443 0.00714183443 3.35
800 2676 7.15051855 0.00715051855 3.345
800 2677 7.14787971 0.00714787971 3.34625
800 2677 7.14810723 0.00714810723 3.34625
800 2677 7.14810263 0.00714810263 3.34625
800 2677 7.14809518 0.00714809518 3.34625
800 2677 7.14811062 0.00714811062 3.34625
799 2671 7.12643178 0.00712643178 3.34292866
799 2671 7.12641989 0.00712641989 3.34292866
799 2671 7.12602718 0.00712602718 3.34292866
799 2671 7.12647462 0.00712647462 3.34292866
799 2671 7.1259992 0.0071259992 3.34292866
799 2671 7.12646867 0.00712646867 3.34292866
799 2671 7.12599827 0.00712599827 3.34292866
799 2671 7.12646909 0.00712646909 3.34292866
799 2671 7.12599821 0.00712599821 3.34292866
799 2671 7.12646926 0.00712646926 3.34292866
798 2668 7.12607659 0.00712607659 3.3433584
798 2663 7.12163948 0.00712163948 3.33709273
798 2663 7.09831201 0.00709831201 3.33709273
798 2661 7.1162988 0.0071162988 3.33458647
798 2661 7.11632894 0.00711632894 3.33458647
798 2661 7.11633846 0.00711633846 3.33458647
798 2661 7.11635524 0.00711635524 3.33458647
798 2661 7.11636285 0.00711636285 3.33458647
798 2661 7.11636591 0.00711636591 3.33458647
798 2661 7.11636551 0.00711636551 3.33458647
797 2655 7.09455982 0.00709455982 3.33124216
797 2655 7.09426637 0.00709426637 3.33124216
797 2655 7.09435516 0.00709435516 3.33124216
797 2655 7.0943197 0.0070943197 3.33124216
797 2655 7.09414223 0.00709414223 3.33124216
797 2655 7.09439813 0.00709439813 3.33124216
797 2655 7.09429187 0.00709429187 3.33124216
797 2655 7.09428602 0.00709428602 3.33124216
797 2655 7.09435408 0.00709435408 3.33124216
797 2655 7.09431094 0.00709431094 3.33124216
796 2652 7.09423724 0.00709423724 3.33165829
796 2642 7.08590776 0.00708590776 3.31909548
796 2649 7.09036171 0.00709036171 3.32788945
796 2642 7.08589035 0.00708589035 3.31909548
796 2642 7.08585733 0.00708585733 3.31909548
796 2642 7.08585907 0.00708585907 3.31909548
796 2642 7.08586837 0.00708586837 3.31909548
796 2642 7.0858688 0.0070858688 3.31909548
796 2642 7.08586933 0.00708586933 3.31909548
796 2642 7.08586695 0.00708586695 3.31909548
795 2636 7.08309477 0.00708309477 3.31572327
795 2636 7.08309309 0.00708309309 3.31572327
795 2636 7.08309375 0.00708309375 3.31572327
795 2636 7.08304174 0.00708304174 3.31572327
795 2636 7.08310129 0.00708310129 3.31572327
795 2636 7.08308778 0.00708308778 3.31572327
795 2636 7.08310177 0.00708310177 3.31572327
795 2636 7.08308374 0.00708308374 3.31572327
795 2636 7.08305934 0.00708305934 3.31572327
795 2636 7.08310199 0.00708310199 3.31572327
794 2633 7.0830948 0.0070830948 3.31612091
794 2633 7.0830756 0.0070830756 3.31612091
794 2633 7.08306105 0.00708306105 3.31612091
794 2632 7.05554172 0.00705554172 3.31486146
794 2633 7.08309635 0.00708309635 3.31612091
794 2633 7.08308108 0.00708308108 3.31612091
794 2633 7.08307717 0.00708307717 3.31612091
794 2633 7.08307514 0.00708307514 3.31612091
794 2633 7.08307513 0.00708307513 3.31612091
794 2633 7.08307486 0.00708307486 3.31612091
793 2629 7.05550303 0.00705550303 3.31525851
792 2622 7.055484 0.007055484 3.31060606
792 2622 7.05545414 0.00705545414 3.31060606
792 2622 7.05542057 0.00705542057 3.31060606
792 2618 7.02124145 0.00702124145 3.30555556
792 2618 7.02124467 0.00702124467 3.30555556
792 2614 7.00546056 0.00700546056 3.30050505
792 2618 7.01977352 0.00701977352 3.30555556
792 2622 7.04071797 0.00704071797 3.31060606
792 2621 7.02157351 0.00702157351 3.30934343
791 2617 7.02077262 0.00702077262 3.30847029
791 2619 7.03313991 0.00703313991 3.31099874
791 2615 7.01793191 0.00701793191 3.30594185
791 2610 7.00661767 0.00700661767 3.29962073
791 2615 7.01876017 0.00701876017 3.30594185
791 2615 7.01778906 0.00701778906 3.30594185
791 2615 7.01813091 0.00701813091 3.30594185
791 2610 7.00659282 0.00700659282 3.29962073
791 2610 7.0065636 0.0070065636 3.29962073
791 2610 7.00629417 0.00700629417 3.29962073
790 2605 6.98241467 0.00698241467 3.29746835
790 2605 6.98292805 0.00698292805 3.29746835
790 2605 6.98291333 0.00698291333 3.29746835
790 2605 6.98291721 0.00698291721 3.29746835
790 2605 6.98290971 0.00698290971 3.29746835
790 2605 6.98290981 0.00698290981 3.29746835
790 2605 6.98291096 0.00698291096 3.29746835
790 2605 6.98291108 0.00698291108 3.29746835
790 2605 6.98291122 0.00698291122 3.29746835
790 2605 6.98291128 0.00698291128 3.29746835
789 2599 6.96104225 0.00696104225 3.29404309
789 2599 6.9608279 0.0069608279 3.29404309
789 2599 6.96095789 0.00696095789 3.29404309
789 2599 6.9608784 0.0069608784 3.29404309
789 2599 6.96097115 0.00696097115 3.29404309
789 2599 6.96087128 0.00696087128 3.29404309
789 2599 6.96109048 0.00696109048 3.29404309
789 2599 6.96080641 0.00696080641 3.29404309
789 2599 6.96097683 0.00696097683 3.29404309
789 2599 6.9608734 0.0069608734 3.29404309
788 2596 6.95678053 0.00695678053 3.29441624
788 2592 6.94083952 0.00694083952 3.2893401
788 2595 6.9626701 0.0069626701 3.29314721
788 2595 6.96268986 0.00696268986 3.29314721
788 2595 6.9626586 0.0069626586 3.29314721
788 2595 6.96264452 0.00696264452 3.29314721
788 2595 6.96264094 0.00696264094 3.29314721
788 2595 6.96263992 0.00696263992 3.29314721
788 2595 6.96264009 0.00696264009 3.29314721
788 2595 6.96264015 0.00696264015 3.29314721
787 2589 6.94079127 0.00694079127 3.28970775
787 2589 6.94057918 0.00694057918 3.28970775
787 2589 6.94070614 0.00694070614 3.28970775
787 2589 6.94063751 0.00694063751 3.28970775
787 2589 6.94071709 0.00694071709 3.28970775
787 2589 6.9406303 0.0069406303 3.28970775
787 2589 6.94072125 0.00694072125 3.28970775
787 2589 6.94063052 0.00694063052 3.28970775
787 2589 6.94072239 0.00694072239 3.28970775
787 2589 6.94063122 0.00694063122 3.28970775
786 2582 6.91971387 0.00691971387 3.28498728
786 2584 6.90927338 0.00690927338 3.28753181
786 2584 6.90924011 0.00690924011 3.28753181
786 2584 6.90921434 0.00690921434 3.28753181
786 2584 6.90921406 0.00690921406 3.28753181
786 2584 6.90921663 0.00690921663 3.28753181
786 2584 6.9092199 0.0069092199 3.28753181
786 2584 6.90922185 0.00690922185 3.28753181
786 2584 6.90922298 0.00690922298 3.28753181
786 2584 6.90922358 0.00690922358 3.28753181
785 2577 6.88902217 0.00688902217 3.28280255
785 2577 6.88916825 0.00688916825 3.28280255
785 2577 6.88912522 0.00688912522 3.28280255
785 2577 6.8891228 0.0068891228 3.28280255
785 2577 6.8891309 0.0068891309 3.28280255
785 2577 6.88913678 0.00688913678 3.28280255
785 2577 6.88914039 0.00688914039 3.28280255
785 2577 6.88914169 0.00688914169 3.28280255
785 2577 6.88914267 0.00688914267 3.28280255
785 2577 6.88914358 0.00688914358 3.28280255
784 2570 6.86679138 0.00686679138 3.27806122
784 2570 6.86679867 0.00686679867 3.27806122
784 2570 6.86681619 0.00686681619 3.27806122
784 2570 6.86679833 0.00686679833 3.27806122
784 2570 6.86678863 0.00686678863 3.27806122
784 2570 6.86678231 0.00686678231 3.27806122
784 2570 6.86677922 0.00686677922 3.27806122
784 2570 6.86677885 0.00686677885 3.27806122
784 2570 6.86677909 0.00686677909 3.27806122
784 2570 6.86677953 0.00686677953 3.27806122
783 2564 6.86381464 0.00686381464 3.27458493
783 2564 6.86381456 0.00686381456 3.27458493
783 2564 6.86381987 0.00686381987 3.27458493
783 2564 6.86382079 0.00686382079 3.27458493
783 2564 6.86382014 0.00686382014 3.27458493
783 2564 6.86381967 0.00686381967 3.27458493
783 2564 6.8638193 0.0068638193 3.27458493
783 2564 6.86381924 0.00686381924 3.27458493
783 2564 6.86381935 0.00686381935 3.27458493
783 2564 6.86381942 0.00686381942 3.27458493
782 2560 6.86233021 0.00686233021 3.27365729
782 2560 6.86232904 0.00686232904 3.27365729
782 2560 6.86232784 0.00686232784 3.27365729
782 2560 6.86232753 0.00686232753 3.27365729
782 2560 6.86232758 0.00686232758 3.27365729
782 2560 6.862328 0.006862328 3.27365729
782 2560 6.86232836 0.00686232836 3.27365729
782 2560 6.86232848 0.00686232848 3.27365729
782 2560 6.86232854 0.00686232854 3.27365729
782 2560 6.86232861 0.00686232861 3.27365729
781 2555 6.86026467 0.00686026467 3.27144686
781 2556 6.83760187 0.00683760187 3.27272727
781 2555 6.83886254 0.00683886254 3.27144686
781 2555 6.82165259 0.00682165259 3.27144686
781 2557 6.82685696 0.00682685696 3.27400768
781 2553 6.81755666 0.00681755666 3.26888604
780 2551 6.81284272 0.00681284272 3.27051282
780 2552 6.81025504 0.00681025504 3.27179487
780 2551 6.79570213 0.00679570213 3.27051282
780 2551 6.81392553 0.00681392553 3.27051282
779 2547 6.8122857 0.0068122857 3.26957638
779 2547 6.81228998 0.00681228998 3.26957638
779 2547 6.81229384 0.00681229384 3.26957638
779 2547 6.81233924 0.00681233924 3.26957638
779 2547 6.81229403 0.00681229403 3.26957638
779 2547 6.81228827 0.00681228827 3.26957638
779 2547 6.81234339 0.00681234339 3.26957638
779 2547 6.81229472 0.00681229472 3.26957638
779 2547 6.81228972 0.00681228972 3.26957638
779 2547 6.81234551 0.00681234551 3.26957638
778 2542 6.81190165 0.00681190165 3.26735219
778 2542 6.8119935 0.0068119935 3.26735219
778 2542 6.81195485 0.00681195485 3.26735219
778 2542 6.81195692 0.00681195692 3.26735219
778 2542 6.81195868 0.00681195868 3.26735219
778 2542 6.81195919 0.00681195919 3.26735219
778 2542 6.81195935 0.00681195935 3.26735219
778 2542 6.8119595 0.0068119595 3.26735219
778 2542 6.81195958 0.00681195958 3.26735219
778 2542 6.81195963 0.00681195963 3.26735219
777 2536 6.7902103 0.0067902103 3.26383526
777 2536 6.77681565 0.00677681565 3.26383526
777 2535 6.75731045 0.00675731045 3.26254826
777 2536 6.77665979 0.00677665979 3.26383526
777 2536 6.77670434 0.00677670434 3.26383526
777 2536 6.77673788 0.00677673788 3.26383526
777 2536 6.7767663 0.0067767663 3.26383526
777 2536 6.77677783 0.00677677783 3.26383526
777 2536 6.77677936 0.00677677936 3.26383526
777 2536 6.77678024 0.00677678024 3.26383526
776 2530 6.75728853 0.00675728853 3.26030928
776 2530 6.75710891 0.00675710891 3.26030928
776 2530 6.75702287 0.00675702287 3.26030928
776 2530 6.75709768 0.00675709768 3.26030928
776 2530 6.75702841 0.00675702841 3.26030928
776 2530 6.75710325 0.00675710325 3.26030928
776 2530 6.75703502 0.00675703502 3.26030928
776 2530 6.75710784 0.00675710784 3.26030928
776 2530 6.75703886 0.00675703886 3.26030928
776 2530 6.75711038 0.00675711038 3.26030928
775 2521 6.75421272 0.00675421272 3.25290323
775 2527 6.73659025 0.00673659025 3.26064516
775 2524 6.71843131 0.00671843131 3.25677419
775 2527 6.72218966 0.00672218966 3.26064516
775 2525 6.72099561 0.00672099561 3.25806452
775 2521 6.70771615 0.00670771615 3.25290323
775 2521 6.69144133 0.00669144133 3.25290323
775 2519 6.68662454 0.00668662454 3.25032258
774 2513 6.65969217 0.00665969217 3.24677003
774 2512 6.68504818 0.00668504818 3.24547804
773 2508 6.67794288 0.00667794288 3.24450194
773 2508 6.67796248 0.00667796248 3.24450194
773 2508 6.6779439 0.0066779439 3.24450194
773 2508 6.67793909 0.00667793909 3.24450194
773 2508 6.67793292 0.00667793292 3.24450194
773 2508 6.67793394 0.00667793394 3.24450194
773 2508 6.67793254 0.00667793254 3.24450194
773 2508 6.67793274 0.00667793274 3.24450194
773 2508 6.67793314 0.00667793314 3.24450194
773 2508 6.67793396 0.00667793396 3.24450194
772 2499 6.67566873 0.00667566873 3.23704663
772 2499 6.67566886 0.00667566886 3.23704663
772 2499 6.67567167 0.00667567167 3.23704663
772 2499 6.6756707 0.0066756707 3.23704663
772 2499 6.67566981 0.00667566981 3.23704663
772 2499 6.67566934 0.00667566934 3.23704663
772 2499 6.67566904 0.00667566904 3.23704663
772 2499 6.67566891 0.00667566891 3.23704663
772 2499 6.67566883 0.00667566883 3.23704663
772 2499 6.67566877 0.00667566877 3.23704663
771 2494 6.67536952 0.00667536952 3.23476005
771 2494 6.67537052 0.00667537052 3.23476005
771 2494 6.67537058 0.00667537058 3.23476005
771 2494 6.67536922 0.00667536922 3.23476005
771 2494 6.67536835 0.00667536835 3.23476005
771 2494 6.67536779 0.00667536779 3.23476005
771 2494 6.67536761 0.00667536761 3.23476005
771 2494 6.67536762 0.00667536762 3.23476005
771 2494 6.67536769 0.00667536769 3.23476005
771 2494 6.67536776 0.00667536776 3.23476005
770 2490 6.67371106 0.00667371106 3.23376623
770 2490 6.67371167 0.00667371167 3.23376623
770 2490 6.6737121 0.0066737121 3.23376623
770 2490 6.67371241 0.00667371241 3.23376623
770 2490 6.67371255 0.00667371255 3.23376623
770 2490 6.67371265 0.00667371265 3.23376623
770 2490 6.67371272 0.00667371272 3.23376623
770 2490 6.67371277 0.00667371277 3.23376623
770 2490 6.6737128 0.0066737128 3.23376623
770 2490 6.67371283 0.00667371283 3.23376623
769 2482 6.67228936 0.00667228936 3.22756827
769 2482 6.67247447 0.00667247447 3.22756827
769 2482 6.67247556 0.00667247556 3.22756827
769 2482 6.67250984 0.00667250984 3.22756827
769 2482 6.67252277 0.00667252277 3.22756827
769 2482 6.67252475 0.00667252475 3.22756827
769 2482 6.67252539 0.00667252539 3.22756827
769 2482 6.67252603 0.00667252603 3.22756827
769 2482 6.67252641 0.00667252641 3.22756827
769 2482 6.67252678 0.00667252678 3.22756827
768 2476 6.65231217 0.00665231217 3.22395833
768 2476 6.62179588 0.00662179588 3.22395833
767 2471 6.61411733 0.00661411733 3.22164276
767 2471 6.61398866 0.00661398866 3.22164276
767 2471 6.61393223 0.00661393223 3.22164276
767 2471 6.61389285 0.00661389285 3.22164276
767 2471 6.6138723 0.0066138723 3.22164276
767 2471 6.61385876 0.00661385876 3.22164276
767 2471 6.61385088 0.00661385088 3.22164276
767 2471 6.61384636 0.00661384636 3.22164276
766 2466 6.60424746 0.00660424746 3.21932115
766 2466 6.6042418 0.0066042418 3.21932115
766 2466 6.60421958 0.00660421958 3.21932115
766 2466 6.60440531 0.00660440531 3.21932115
766 2466 6.6043954 0.0066043954 3.21932115
766 2466 6.60442972 0.00660442972 3.21932115
766 2466 6.6044407 0.0066044407 3.21932115
766 2466 6.60444212 0.00660444212 3.21932115
766 2466 6.60444318 0.00660444318 3.21932115
766 2466 6.60444409 0.00660444409 3.21932115
765 2460 6.58459708 0.00658459708 3.21568627
765 2461 6.59946152 0.00659946152 3.21699346
765 2461 6.59951314 0.00659951314 3.21699346
765 2461 6.5995517 0.0065995517 3.21699346
765 2461 6.59956458 0.00659956458 3.21699346
765 2461 6.59956607 0.00659956607 3.21699346
765 2461 6.59956587 0.00659956587 3.21699346
765 2461 6.59956625 0.00659956625 3.21699346
765 2461 6.59956678 0.00659956678 3.21699346
765 2461 6.59956726 0.00659956726 3.21699346
764 2455 6.58020932 0.00658020932 3.21335079
764 2455 6.58011433 0.00658011433 3.21335079
764 2455 6.57001514 0.00657001514 3.21335079
764 2455 6.58005635 0.00658005635 3.21335079
764 2455 6.57989461 0.00657989461 3.21335079
764 2455 6.58004518 0.00658004518 3.21335079
764 2455 6.58006803 0.00658006803 3.21335079
764 2455 6.58007504 0.00658007504 3.21335079
764 2455 6.58008157 0.00658008157 3.21335079
764 2455 6.58008356 0.00658008356 3.21335079
763 2449 6.55152167 0.00655152167 3.20969856
763 2449 6.55142898 0.00655142898 3.20969856
763 2449 6.55117803 0.00655117803 3.20969856
763 2450 6.54438278 0.00654438278 3.21100917
763 2449 6.55095509 0.00655095509 3.20969856
763 2450 6.54448475 0.00654448475 3.21100917
763 2450 6.54459699 0.00654459699 3.21100917
763 2450 6.54456288 0.00654456288 3.21100917
763 2450 6.54458433 0.00654458433 3.21100917
763 2450 6.54458751 0.00654458751 3.21100917
762 2444 6.51648433 0.00651648433 3.20734908
762 2444 6.51640828 0.00651640828 3.20734908
762 2446 6.51921044 0.00651921044 3.20997375
762 2444 6.51630167 0.00651630167 3.20734908
762 2444 6.51626019 0.00651626019 3.20734908
762 2444 6.51643121 0.00651643121 3.20734908
762 2444 6.51641941 0.00651641941 3.20734908
762 2444 6.51641192 0.00651641192 3.20734908
762 2444 6.51641609 0.00651641609 3.20734908
762 2444 6.51641782 0.00651641782 3.20734908
761 2440 6.49144473 0.00649144473 3.20630749
761 2440 6.49141312 0.00649141312 3.20630749
761 2440 6.51109665 0.00651109665 3.20630749
761 2440 6.49138215 0.00649138215 3.20630749
761 2440 6.49139377 0.00649139377 3.20630749
761 2440 6.51107988 0.00651107988 3.20630749
761 2440 6.51119132 0.00651119132 3.20630749
761 2440 6.5112319 0.0065112319 3.20630749
761 2440 6.51122697 0.00651122697 3.20630749
761 2440 6.51122825 0.00651122825 3.20630749
760 2436 6.48662747 0.00648662747 3.20526316
760 2436 6.48645209 0.00648645209 3.20526316
760 2436 6.48646457 0.00648646457 3.20526316
760 2436 6.48649044 0.00648649044 3.20526316
760 2436 6.48651065 0.00648651065 3.20526316
760 2436 6.48652509 0.00648652509 3.20526316
760 2436 6.4865348 0.0064865348 3.20526316
760 2436 6.48654113 0.00648654113 3.20526316
760 2436 6.48654519 0.00648654519 3.20526316
760 2436 6.48654777 0.00648654777 3.20526316
759 2432 6.46212294 0.00646212294 3.20421607
759 2432 6.46221359 0.00646221359 3.20421607
759 2432 6.46208591 0.00646208591 3.20421607
759 2432 6.46193713 0.00646193713 3.20421607
759 2432 6.4618719 0.0064618719 3.20421607
759 2432 6.46185762 0.00646185762 3.20421607
759 2432 6.46185707 0.00646185707 3.20421607
759 2432 6.46186044 0.00646186044 3.20421607
759 2432 6.46186404 0.00646186404 3.20421607
759 2432 6.46186671 0.00646186671 3.20421607
758 2427 6.43415033 0.00643415033 3.20184697
758 2427 6.4345921 0.0064345921 3.20184697
758 2427 6.43526243 0.00643526243 3.20184697
758 2427 6.43411678 0.00643411678 3.20184697
758 2426 6.42934128 0.00642934128 3.2005277
758 2426 6.43294618 0.00643294618 3.2005277
758 2427 6.44050421 0.00644050421 3.20184697
758 2426 6.41411876 0.00641411876 3.2005277
758 2428 6.42879916 0.00642879916 3.20316623
758 2428 6.42872726 0.00642872726 3.20316623
757 2422 6.41022556 0.00641022556 3.1994716
757 2422 6.41012119 0.00641012119 3.1994716
757 2422 6.41008675 0.00641008675 3.1994716
757 2422 6.41005265 0.00641005265 3.1994716
757 2422 6.41004851 0.00641004851 3.1994716
757 2422 6.41004451 0.00641004451 3.1994716
757 2422 6.41004211 0.00641004211 3.1994716
757 2422 6.41004119 0.00641004119 3.1994716
757 2422 6.41004084 0.00641004084 3.1994716
757 2422 6.41004105 0.00641004105 3.1994716
756 2419 6.40253963 0.00640253963 3.19973545
756 2419 6.40264467 0.00640264467 3.19973545
756 2419 6.40261538 0.00640261538 3.19973545
756 2419 6.40259515 0.00640259515 3.19973545
756 2419 6.40259098 0.00640259098 3.19973545
756 2419 6.4025916 0.0064025916 3.19973545
756 2419 6.40259255 0.00640259255 3.19973545
756 2419 6.40259344 0.00640259344 3.19973545
756 2419 6.40259431 0.00640259431 3.19973545
756 2419 6.40259509 0.00640259509 3.19973545
755 2414 6.37860973 0.00637860973 3.19735099
755 2414 6.37851968 0.00637851968 3.19735099
755 2414 6.37851687 0.00637851687 3.19735099
755 2414 6.37859253 0.00637859253 3.19735099
755 2411 6.38890536 0.00638890536 3.19337748
755 2411 6.38884053 0.00638884053 3.19337748
755 2414 6.37864002 0.00637864002 3.19735099
755 2414 6.37855166 0.00637855166 3.19735099
755 2414 6.37857737 0.00637857737 3.19735099
755 2414 6.37858103 0.00637858103 3.19735099
754 2406 6.36506519 0.00636506519 3.19098143
754 2406 6.3649679 0.0063649679 3.19098143
754 2406 6.36499703 0.00636499703 3.19098143
754 2406 6.36501393 0.00636501393 3.19098143
754 2406 6.36502843 0.00636502843 3.19098143
754 2406 6.36504059 0.00636504059 3.19098143
754 2406 6.36505038 0.00636505038 3.19098143
754 2406 6.3650581 0.0063650581 3.19098143
754 2406 6.36506408 0.00636506408 3.19098143
754 2406 6.36506867 0.00636506867 3.19098143
753 2402 6.341605 0.006341605 3.18990704
753 2402 6.33535896 0.00633535896 3.18990704
753 2406 6.33539343 0.00633539343 3.19521912
753 2406 6.33749882 0.00633749882 3.19521912
753 2404 6.32898613 0.00632898613 3.19256308
753 2405 6.32447161 0.00632447161 3.1938911
753 2407 6.32212632 0.00632212632 3.19654714
753 2406 6.33784171 0.00633784171 3.19521912
753 2406 6.33302042 0.00633302042 3.19521912
753 2406 6.33291962 0.00633291962 3.19521912
752 2402 6.32378872 0.00632378872 3.19414894
752 2402 6.32368952 0.00632368952 3.19414894
752 2402 6.3236376 0.0063236376 3.19414894
752 2402 6.32360798 0.00632360798 3.19414894
752 2402 6.3235897 0.0063235897 3.19414894
752 2402 6.32357977 0.00632357977 3.19414894
752 2402 6.32357526 0.00632357526 3.19414894
752 2402 6.32357445 0.00632357445 3.19414894
752 2402 6.32357603 0.00632357603 3.19414894
752 2402 6.32357909 0.00632357909 3.19414894
751 2398 6.30289572 0.00630289572 3.1930759
751 2399 6.28456564 0.00628456564 3.19440746
750 2390 6.28084229 0.00628084229 3.18666667
750 2390 6.28018813 0.00628018813 3.18666667
750 2389 6.25123751 0.00625123751 3.18533333
750 2386 6.28474119 0.00628474119 3.18133333
750 2386 6.28441674 0.00628441674 3.18133333
750 2386 6.28414002 0.00628414002 3.18133333
750 2386 6.28391172 0.00628391172 3.18133333
750 2386 6.28370369 0.00628370369 3.18133333
749 2381 6.24311353 0.00624311353 3.17890521
749 2381 6.28288063 0.00628288063 3.17890521
749 2383 6.28257148 0.00628257148 3.18157543
749 2383 6.28253962 0.00628253962 3.18157543
749 2383 6.28247262 0.00628247262 3.18157543
749 2383 6.28241061 0.00628241061 3.18157543
749 2383 6.28234776 0.00628234776 3.18157543
749 2383 6.28228116 0.00628228116 3.18157543
749 2383 6.28220998 0.00628220998 3.18157543
749 2383 6.28213345 0.00628213345 3.18157543
748 2379 6.27303684 0.00627303684 3.18048128
748 2379 6.27290606 0.00627290606 3.18048128
748 2379 6.27276226 0.00627276226 3.18048128
748 2379 6.2725875 0.0062725875 3.18048128
748 2379 6.2723766 0.0062723766 3.18048128
748 2379 6.27211841 0.00627211841 3.18048128
748 2379 6.27173443 0.00627173443 3.18048128
748 2379 6.2712553 0.0062712553 3.18048128
748 2379 6.27059601 0.00627059601 3.18048128
748 2379 6.26966022 0.00626966022 3.18048128
747 2375 6.24575686 0.00624575686 3.1793842
747 2372 6.25780149 0.00625780149 3.17536814
747 2372 6.25493001 0.00625493001 3.17536814
747 2372 6.25003792 0.00625003792 3.17536814
747 2372 6.24222356 0.00624222356 3.17536814
747 2372 6.22122085 0.00622122085 3.17536814
747 2372 6.1765013 0.0061765013 3.17536814
747 2372 6.05842345 0.00605842345 3.17536814
747 2372 0 0 3.17536814
allocating memory...
allocating memory...
allocating memory...
allocating memory...
allocating memory...
allocating memory...
allocating memory...
allocating memory...
allocating memory...
allocating memory...
allocating memory...
allocating memory...
allocating memory...
allocating memory...
allocating memory...
allocating memory...
allocating memory...
allocating memory...
allocating memory...
walksat version 35
command line = test -solcnf -cutoff 100000000 -best -seed 1234567 -numsol 10 ./residualformula_seed7.cnf
seed = 1234567
cutoff = 100000000
tries = 10
heuristic = best, noise 50 / 100
tail starts after flip = 3000
numatom = 1000, numclause = 2372, numliterals = 6501
wff read in

    lowest     final       avg     noise     noise     total                 avg        mean        mean
    #unsat    #unsat     noise   std dev     ratio     flips              length       flips       flips
      this      this      this      this      this      this   success   success       until         std
       try       try       try       try       try       try      rate     tries      assign         dev

         0         0      4.42      2.25      1.97     13517       100     13517    13517.00
         0         0      2.93      1.93      1.52     13569       100     13543    13543.00       36.77
         0         0      3.51      1.47      2.38      3529       100     10205    10205.00     5781.64
         0         0      4.14      3.08      1.34     20972       100     12896    12896.75     7160.10
         0         0      3.05      2.25      1.36     17621       100     13841    13841.60     6550.88
         0         0      3.72      2.47      1.51      8612       100     12970    12970.00     6236.13
         0         0      5.68      3.83      1.48     15310       100     13304    13304.29     5761.07
         0         0      4.54      2.75      1.65     15750       100     13610    13610.00     5403.35
         0         0      3.85      3.33      1.16     23402       100     14698    14698.00     6016.68
         0         0      5.31      2.27      2.34      4053       100     13633    13633.50     6596.19

total elapsed seconds = 0.000000
average flips per second = -9223372036854775808
number solutions found = 10
final success rate = 100.000000
average length successful tries = 13633
mean flips until assign = 13633.500000
  variance = 43509738.944444
  standard deviation = 6596.191245
  standard error of mean = 2085.898822
mean seconds until assign = 0.000000
  variance = 0.000000
  standard deviation = 0.000000
  standard error of mean = 0.000000
mean restarts until assign = 1.000000
  variance = 0.000000
  standard deviation = 0.000000
  standard error of mean = 0.000000
final noise level statistics
    statistics over all runs:
      overall mean average noise level = 4.116587
      overall mean noise std deviation = 2.563397
      overall ratio mean noise to mean std dev = 1.605911
    statistics on successful runs:
      successful mean average noise level = 4.116587
      successful mean noise std deviation = 2.563397
      successful ratio mean noise to mean std dev = 1.605911
    statistics on nonsuccessful runs:
      nonsuccessful mean average noise level = 0.000000
      nonsuccessful mean noise std deviation = 0.000000
      nonsuccessful ratio mean noise to mean std dev = 0.000000
ASSIGNMENT FOUND
Check and white a solution
time of whitening    freezing probability
8	 	 	 	1
10	 	 	 	1
10	 	 	 	1
9	 	 	 	1
9	 	 	 	1
11	 	 	 	1
11	 	 	 	1
9	 	 	 	1
9	 	 	 	1
10	 	 	 	1
