START ALGORITHM:
I am going to build an instance with N: 1000 variables and 4200 clauses with a clause density equal to 4.2
START DYNAMIC-I BSP WITH r=0.9:
Decimation scorer: cert
END UNIT PROPAGATION
1000 4200 9.9544679 0.0099544679 4.2
1000 4200 9.95413776 0.00995413776 4.2
1000 4200 9.95431428 0.00995431428 4.2
1000 4200 9.95417671 0.00995417671 4.2
1000 4200 9.95421452 0.00995421452 4.2
1000 4200 9.95436654 0.00995436654 4.2
1000 4200 9.95431199 0.00995431199 4.2
1000 4200 9.954275 0.009954275 4.2
1000 4200 9.95430005 0.00995430005 4.2
999 4191 9.95427629 0.00995427629 4.1951952
999 4191 9.95429791 0.00995429791 4.1951952
999 4191 9.95429694 0.00995429694 4.1951952
999 4191 9.95429557 0.00995429557 4.1951952
999 4191 9.95429728 0.00995429728 4.1951952
999 4191 9.95429548 0.00995429548 4.1951952
999 4191 9.95429583 0.00995429583 4.1951952
999 4191 9.95429609 0.00995429609 4.1951952
999 4191 9.95429591 0.00995429591 4.1951952
999 4191 9.95429595 0.00995429595 4.1951952
998 4182 9.95423767 0.00995423767 4.19038076
998 4182 9.95423751 0.00995423751 4.19038076
998 4182 9.95423776 0.00995423776 4.19038076
998 4182 9.95423762 0.00995423762 4.19038076
998 4182 9.9542376 0.0099542376 4.19038076
998 4182 9.95423767 0.00995423767 4.19038076
998 4182 9.95423761 0.00995423761 4.19038076
998 4182 9.95423761 0.00995423761 4.19038076
998 4182 9.95423763 0.00995423763 4.19038076
998 4182 9.95423762 0.00995423762 4.19038076
997 4177 9.95340424 0.00995340424 4.18956871
997 4177 9.95340397 0.00995340397 4.18956871
997 4177 9.95340409 0.00995340409 4.18956871
997 4177 9.95340353 0.00995340353 4.18956871
997 4177 9.95340349 0.00995340349 4.18956871
997 4177 9.95340357 0.00995340357 4.18956871
997 4177 9.95340354 0.00995340354 4.18956871
997 4177 9.95340349 0.00995340349 4.18956871
997 4177 9.9534035 0.0099534035 4.18956871
997 4177 9.95340351 0.00995340351 4.18956871
996 4170 9.9525415 0.0099525415 4.18674699
996 4170 9.95254161 0.00995254161 4.18674699
996 4170 9.95254151 0.00995254151 4.18674699
996 4170 9.95254138 0.00995254138 4.18674699
996 4170 9.95254154 0.00995254154 4.18674699
996 4170 9.95254136 0.00995254136 4.18674699
996 4170 9.95254131 0.00995254131 4.18674699
996 4170 9.95254123 0.00995254123 4.18674699
996 4170 9.95254124 0.00995254124 4.18674699
996 4170 9.95254126 0.00995254126 4.18674699
995 4166 9.95149521 0.00995149521 4.18693467
995 4166 9.95149672 0.00995149672 4.18693467
995 4166 9.95149668 0.00995149668 4.18693467
995 4166 9.95149663 0.00995149663 4.18693467
995 4166 9.95149663 0.00995149663 4.18693467
995 4166 9.95149614 0.00995149614 4.18693467
995 4166 9.95149591 0.00995149591 4.18693467
995 4166 9.95149583 0.00995149583 4.18693467
995 4166 9.95149577 0.00995149577 4.18693467
995 4166 9.95149577 0.00995149577 4.18693467
994 4159 9.95010444 0.00995010444 4.18410463
994 4159 9.95010353 0.00995010353 4.18410463
994 4159 9.95010409 0.00995010409 4.18410463
994 4159 9.95010225 0.00995010225 4.18410463
994 4159 9.95010256 0.00995010256 4.18410463
994 4159 9.95010412 0.00995010412 4.18410463
994 4159 9.95010447 0.00995010447 4.18410463
994 4159 9.95010407 0.00995010407 4.18410463
994 4159 9.95010393 0.00995010393 4.18410463
994 4159 9.95010385 0.00995010385 4.18410463
993 4150 9.94795643 0.00994795643 4.17925478
993 4150 9.94795665 0.00994795665 4.17925478
993 4150 9.94795837 0.00994795837 4.17925478
993 4150 9.94795302 0.00994795302 4.17925478
993 4150 9.94795239 0.00994795239 4.17925478
993 4150 9.94795188 0.00994795188 4.17925478
993 4150 9.94795181 0.00994795181 4.17925478
993 4150 9.94795181 0.00994795181 4.17925478
993 4150 9.94795156 0.00994795156 4.17925478
993 4150 9.94795169 0.00994795169 4.17925478
992 4143 9.94564684 0.00994564684 4.17641129
992 4143 9.9456496 0.0099456496 4.17641129
992 4143 9.94564832 0.00994564832 4.17641129
992 4143 9.94564668 0.00994564668 4.17641129
992 4143 9.94564412 0.00994564412 4.17641129
992 4143 9.94564325 0.00994564325 4.17641129
992 4143 9.94564426 0.00994564426 4.17641129
992 4143 9.94564446 0.00994564446 4.17641129
992 4143 9.94564453 0.00994564453 4.17641129
992 4143 9.94564453 0.00994564453 4.17641129
991 4138 9.94284436 0.00994284436 4.17558022
991 4140 9.94337756 0.00994337756 4.17759839
991 4140 9.94339548 0.00994339548 4.17759839
991 4140 9.9433921 0.0099433921 4.17759839
991 4140 9.9433903 0.0099433903 4.17759839
991 4140 9.94338862 0.00994338862 4.17759839
991 4140 9.94338773 0.00994338773 4.17759839
991 4140 9.94338778 0.00994338778 4.17759839
991 4140 9.94338802 0.00994338802 4.17759839
991 4140 9.94338795 0.00994338795 4.17759839
990 4133 9.9410776 0.0099410776 4.17474747
990 4133 9.94108076 0.00994108076 4.17474747
990 4133 9.94108047 0.00994108047 4.17474747
990 4133 9.94108274 0.00994108274 4.17474747
990 4133 9.94108514 0.00994108514 4.17474747
990 4133 9.94108521 0.00994108521 4.17474747
990 4133 9.94108466 0.00994108466 4.17474747
990 4133 9.94108389 0.00994108389 4.17474747
990 4133 9.94108362 0.00994108362 4.17474747
990 4133 9.94108361 0.00994108361 4.17474747
989 4122 9.93818712 0.00993818712 4.16784631
989 4122 9.93818765 0.00993818765 4.16784631
989 4122 9.93818912 0.00993818912 4.16784631
989 4122 9.93819112 0.00993819112 4.16784631
989 4122 9.93819169 0.00993819169 4.16784631
989 4122 9.93819277 0.00993819277 4.16784631
989 4122 9.93819325 0.00993819325 4.16784631
989 4122 9.9381936 0.0099381936 4.16784631
989 4122 9.93819365 0.00993819365 4.16784631
989 4122 9.93819371 0.00993819371 4.16784631
988 4113 9.93505864 0.00993505864 4.16295547
988 4113 9.93506209 0.00993506209 4.16295547
988 4113 9.93504517 0.00993504517 4.16295547
988 4113 9.93505407 0.00993505407 4.16295547
988 4113 9.9350491 0.0099350491 4.16295547
988 4113 9.93504659 0.00993504659 4.16295547
988 4113 9.93505422 0.00993505422 4.16295547
988 4113 9.9350561 0.0099350561 4.16295547
988 4113 9.9350583 0.0099350583 4.16295547
988 4113 9.9350601 0.0099350601 4.16295547
987 4099 9.93164268 0.00993164268 4.15298886
987 4099 9.93164385 0.00993164385 4.15298886
987 4099 9.93163423 0.00993163423 4.15298886
987 4099 9.93163804 0.00993163804 4.15298886
987 4099 9.93163318 0.00993163318 4.15298886
987 4099 9.93163535 0.00993163535 4.15298886
987 4099 9.93163846 0.00993163846 4.15298886
987 4099 9.93164092 0.00993164092 4.15298886
987 4099 9.93164004 0.00993164004 4.15298886
987 4099 9.93163921 0.00993163921 4.15298886
986 4087 9.92819701 0.00992819701 4.14503043
986 4087 9.92819282 0.00992819282 4.14503043
986 4087 9.92818299 0.00992818299 4.14503043
986 4087 9.92817162 0.00992817162 4.14503043
986 4087 9.92815485 0.00992815485 4.14503043
986 4087 9.92814792 0.00992814792 4.14503043
986 4087 9.92814595 0.00992814595 4.14503043
986 4087 9.92814052 0.00992814052 4.14503043
986 4087 9.92814006 0.00992814006 4.14503043
986 4087 9.92813932 0.00992813932 4.14503043
985 4070 9.92438716 0.00992438716 4.1319797
985 4070 9.92443418 0.00992443418 4.1319797
985 4070 9.92446085 0.00992446085 4.1319797
985 4070 9.9244644 0.0099244644 4.1319797
985 4070 9.92446256 0.00992446256 4.1319797
985 4070 9.92446285 0.00992446285 4.1319797
985 4070 9.92446339 0.00992446339 4.1319797
985 4070 9.92446372 0.00992446372 4.1319797
985 4070 9.92446348 0.00992446348 4.1319797
985 4070 9.92446332 0.00992446332 4.1319797
984 4064 9.92063628 0.00992063628 4.1300813
984 4064 9.92062031 0.00992062031 4.1300813
984 4064 9.9206165 0.0099206165 4.1300813
984 4064 9.92061697 0.00992061697 4.1300813
984 4064 9.92061443 0.00992061443 4.1300813
984 4064 9.92060991 0.00992060991 4.1300813
984 4064 9.92060597 0.00992060597 4.1300813
984 4064 9.92060403 0.00992060403 4.1300813
984 4064 9.92060341 0.00992060341 4.1300813
984 4064 9.92060354 0.00992060354 4.1300813
983 4046 9.91531033 0.00991531033 4.11597152
983 4046 9.91530747 0.00991530747 4.11597152
983 4046 9.91531743 0.00991531743 4.11597152
983 4046 9.91532945 0.00991532945 4.11597152
983 4046 9.91534001 0.00991534001 4.11597152
983 4046 9.91534501 0.00991534501 4.11597152
983 4046 9.91534723 0.00991534723 4.11597152
983 4046 9.91534902 0.00991534902 4.11597152
983 4046 9.91534908 0.00991534908 4.11597152
983 4046 9.91534968 0.00991534968 4.11597152
982 4038 9.90989017 0.00990989017 4.11201629
982 4038 9.90988703 0.00990988703 4.11201629
982 4038 9.90986741 0.00990986741 4.11201629
982 4038 9.90987701 0.00990987701 4.11201629
982 4038 9.90987731 0.00990987731 4.11201629
982 4038 9.90987361 0.00990987361 4.11201629
982 4038 9.90987118 0.00990987118 4.11201629
982 4038 9.90987064 0.00990987064 4.11201629
982 4038 9.90986995 0.00990986995 4.11201629
982 4038 9.90987054 0.00990987054 4.11201629
981 4024 9.90432131 0.00990432131 4.1019368
981 4024 9.90434659 0.00990434659 4.1019368
981 4024 9.9043325 0.0099043325 4.1019368
981 4024 9.90433579 0.00990433579 4.1019368
981 4024 9.9043485 0.0099043485 4.1019368
981 4024 9.90435132 0.00990435132 4.1019368
981 4024 9.90434802 0.00990434802 4.1019368
981 4024 9.90434251 0.00990434251 4.1019368
981 4024 9.90433685 0.00990433685 4.1019368
981 4024 9.90433311 0.00990433311 4.1019368
980 4013 9.89631348 0.00989631348 4.09489796
980 4013 9.89627207 0.00989627207 4.09489796
980 4013 9.89628271 0.00989628271 4.09489796
980 4013 9.89629695 0.00989629695 4.09489796
980 4013 9.89629614 0.00989629614 4.09489796
980 4013 9.89629692 0.00989629692 4.09489796
980 4013 9.89629881 0.00989629881 4.09489796
980 4013 9.89629932 0.00989629932 4.09489796
980 4013 9.89629899 0.00989629899 4.09489796
980 4013 9.89629879 0.00989629879 4.09489796
979 4006 9.88814044 0.00988814044 4.09193054
979 4006 9.88814842 0.00988814842 4.09193054
979 4006 9.888205 0.009888205 4.09193054
979 4006 9.88818697 0.00988818697 4.09193054
979 4006 9.88816518 0.00988816518 4.09193054
979 4006 9.88818983 0.00988818983 4.09193054
979 4006 9.88820532 0.00988820532 4.09193054
979 4006 9.88820216 0.00988820216 4.09193054
979 4006 9.88819683 0.00988819683 4.09193054
979 4006 9.88819439 0.00988819439 4.09193054
978 3991 9.87969771 0.00987969771 4.0807771
978 3996 9.87965966 0.00987965966 4.08588957
978 3996 9.87961037 0.00987961037 4.08588957
978 3996 9.87961481 0.00987961481 4.08588957
978 3996 9.87964993 0.00987964993 4.08588957
978 3996 9.87966021 0.00987966021 4.08588957
978 3996 9.8796737 0.0098796737 4.08588957
978 3996 9.87966521 0.00987966521 4.08588957
978 3996 9.87965343 0.00987965343 4.08588957
978 3996 9.87965985 0.00987965985 4.08588957
977 3981 9.87129855 0.00987129855 4.07471853
977 3981 9.8712264 0.0098712264 4.07471853
977 3981 9.87121709 0.00987121709 4.07471853
977 3981 9.87122638 0.00987122638 4.07471853
977 3981 9.87123169 0.00987123169 4.07471853
977 3981 9.87122946 0.00987122946 4.07471853
977 3981 9.87122715 0.00987122715 4.07471853
977 3981 9.87122958 0.00987122958 4.07471853
977 3981 9.87122795 0.00987122795 4.07471853
977 3981 9.87122676 0.00987122676 4.07471853
976 3970 9.86237521 0.00986237521 4.06762295
976 3970 9.86236547 0.00986236547 4.06762295
976 3970 9.86237864 0.00986237864 4.06762295
976 3970 9.86238852 0.00986238852 4.06762295
976 3970 9.86240362 0.00986240362 4.06762295
976 3970 9.8624086 0.0098624086 4.06762295
976 3970 9.86240658 0.00986240658 4.06762295
976 3970 9.86240403 0.00986240403 4.06762295
976 3970 9.86239993 0.00986239993 4.06762295
976 3970 9.86239951 0.00986239951 4.06762295
975 3960 9.85328613 0.00985328613 4.06153846
975 3967 9.85812731 0.00985812731 4.06871795
975 3962 9.85820631 0.00985820631 4.06358974
975 3962 9.85817788 0.00985817788 4.06358974
975 3962 9.85818586 0.00985818586 4.06358974
975 3962 9.85819225 0.00985819225 4.06358974
975 3962 9.85819371 0.00985819371 4.06358974
975 3962 9.85819231 0.00985819231 4.06358974
975 3962 9.8581912 0.0098581912 4.06358974
975 3962 9.85819161 0.00985819161 4.06358974
974 3952 9.84987982 0.00984987982 4.05749487
974 3952 9.84987605 0.00984987605 4.05749487
974 3952 9.8498288 0.0098498288 4.05749487
974 3952 9.84984054 0.00984984054 4.05749487
974 3952 9.8498446 0.0098498446 4.05749487
974 3952 9.84984125 0.00984984125 4.05749487
974 3952 9.84983311 0.00984983311 4.05749487
974 3952 9.84983215 0.00984983215 4.05749487
974 3952 9.84983006 0.00984983006 4.05749487
974 3952 9.84982848 0.00984982848 4.05749487
973 3943 9.83999585 0.00983999585 4.05241521
973 3943 9.84002113 0.00984002113 4.05241521
973 3943 9.84001969 0.00984001969 4.05241521
973 3943 9.84006441 0.00984006441 4.05241521
973 3943 9.84009375 0.00984009375 4.05241521
973 3943 9.84010394 0.00984010394 4.05241521
973 3943 9.8401028 0.0098401028 4.05241521
973 3943 9.84010152 0.00984010152 4.05241521
973 3943 9.84010006 0.00984010006 4.05241521
973 3943 9.84009856 0.00984009856 4.05241521
972 3938 9.83018228 0.00983018228 4.05144033
972 3935 9.83024793 0.00983024793 4.04835391
972 3935 9.83019328 0.00983019328 4.04835391
972 3938 9.83023728 0.00983023728 4.05144033
972 3935 9.83030039 0.00983030039 4.04835391
972 3935 9.83026697 0.00983026697 4.04835391
972 3935 9.83026115 0.00983026115 4.04835391
972 3935 9.83027248 0.00983027248 4.04835391
972 3935 9.83028892 0.00983028892 4.04835391
972 3935 9.83029274 0.00983029274 4.04835391
971 3930 9.82032681 0.00982032681 4.04737384
971 3928 9.82028748 0.00982028748 4.04531411
971 3928 9.82019127 0.00982019127 4.04531411
971 3928 9.82020864 0.00982020864 4.04531411
971 3928 9.82020868 0.00982020868 4.04531411
971 3928 9.82019976 0.00982019976 4.04531411
971 3928 9.82019119 0.00982019119 4.04531411
971 3928 9.82018849 0.00982018849 4.04531411
971 3928 9.82018913 0.00982018913 4.04531411
971 3928 9.82019029 0.00982019029 4.04531411
970 3920 9.81036784 0.00981036784 4.04123711
970 3920 9.81037161 0.00981037161 4.04123711
970 3920 9.81035105 0.00981035105 4.04123711
970 3920 9.81037024 0.00981037024 4.04123711
970 3920 9.81038137 0.00981038137 4.04123711
970 3920 9.81038685 0.00981038685 4.04123711
970 3920 9.81038581 0.00981038581 4.04123711
970 3920 9.81038528 0.00981038528 4.04123711
970 3920 9.81038572 0.00981038572 4.04123711
970 3920 9.81038609 0.00981038609 4.04123711
969 3912 9.8002009 0.0098002009 4.0371517
969 3912 9.80014737 0.00980014737 4.0371517
969 3912 9.80015372 0.00980015372 4.0371517
969 3912 9.80015653 0.00980015653 4.0371517
969 3912 9.80016097 0.00980016097 4.0371517
969 3912 9.80015635 0.00980015635 4.0371517
969 3912 9.80015461 0.00980015461 4.0371517
969 3912 9.80015548 0.00980015548 4.0371517
969 3912 9.80015509 0.00980015509 4.0371517
969 3912 9.80015511 0.00980015511 4.0371517
968 3903 9.78927189 0.00978927189 4.03202479
968 3903 9.78929021 0.00978929021 4.03202479
968 3903 9.78936172 0.00978936172 4.03202479
968 3903 9.78936407 0.00978936407 4.03202479
968 3903 9.78935908 0.00978935908 4.03202479
968 3903 9.78936323 0.00978936323 4.03202479
968 3903 9.78935577 0.00978935577 4.03202479
968 3903 9.78934634 0.00978934634 4.03202479
968 3903 9.78933767 0.00978933767 4.03202479
968 3903 9.78933449 0.00978933449 4.03202479
967 3891 9.77770312 0.00977770312 4.0237849
967 3891 9.77759313 0.00977759313 4.0237849
967 3891 9.77759913 0.00977759913 4.0237849
967 3891 9.77761159 0.00977761159 4.0237849
967 3891 9.77762136 0.00977762136 4.0237849
967 3891 9.77762355 0.00977762355 4.0237849
967 3891 9.77762392 0.00977762392 4.0237849
967 3891 9.77762367 0.00977762367 4.0237849
967 3891 9.77762377 0.00977762377 4.0237849
967 3891 9.77762378 0.00977762378 4.0237849
966 3886 9.76583163 0.00976583163 4.02277433
966 3886 9.7658277 0.0097658277 4.02277433
966 3886 9.76587134 0.00976587134 4.02277433
966 3886 9.76585518 0.00976585518 4.02277433
966 3886 9.76586738 0.00976586738 4.02277433
966 3886 9.76585621 0.00976585621 4.02277433
966 3886 9.76587285 0.00976587285 4.02277433
966 3886 9.76585835 0.00976585835 4.02277433
966 3886 9.76587443 0.00976587443 4.02277433
966 3886 9.76585792 0.00976585792 4.02277433
965 3877 9.75370889 0.00975370889 4.01761658
965 3877 9.75373043 0.00975373043 4.01761658
965 3877 9.75376943 0.00975376943 4.01761658
965 3877 9.75374574 0.00975374574 4.01761658
965 3877 9.75376368 0.00975376368 4.01761658
965 3877 9.75376809 0.00975376809 4.01761658
965 3877 9.75377183 0.00975377183 4.01761658
965 3877 9.75377371 0.00975377371 4.01761658
965 3877 9.75377447 0.00975377447 4.01761658
965 3877 9.75377375 0.00975377375 4.01761658
964 3869 9.74172095 0.00974172095 4.01348548
964 3869 9.74166291 0.00974166291 4.01348548
964 3869 9.7416437 0.0097416437 4.01348548
964 3869 9.74164298 0.00974164298 4.01348548
964 3869 9.74163565 0.00974163565 4.01348548
964 3869 9.74163487 0.00974163487 4.01348548
964 3869 9.7416363 0.0097416363 4.01348548
964 3869 9.741638 0.009741638 4.01348548
964 3869 9.74163807 0.00974163807 4.01348548
964 3869 9.74163811 0.00974163811 4.01348548
963 3857 9.72881343 0.00972881343 4.00519211
963 3857 9.7288275 0.0097288275 4.00519211
963 3857 9.72886859 0.00972886859 4.00519211
963 3857 9.72887269 0.00972887269 4.00519211
963 3857 9.72886579 0.00972886579 4.00519211
963 3857 9.72886443 0.00972886443 4.00519211
963 3857 9.72886363 0.00972886363 4.00519211
963 3857 9.72886342 0.00972886342 4.00519211
963 3857 9.72886376 0.00972886376 4.00519211
963 3857 9.72886363 0.00972886363 4.00519211
962 3850 9.71570647 0.00971570647 4.002079
962 3856 9.7210773 0.0097210773 4.00831601
962 3856 9.72417613 0.00972417613 4.00831601
962 3856 9.7242404 0.0097242404 4.00831601
962 3856 9.72422857 0.00972422857 4.00831601
962 3856 9.7242255 0.0097242255 4.00831601
962 3856 9.72423021 0.00972423021 4.00831601
962 3856 9.72423306 0.00972423306 4.00831601
962 3856 9.72423459 0.00972423459 4.00831601
962 3856 9.72423608 0.00972423608 4.00831601
961 3848 9.71244529 0.00971244529 4.00416233
961 3848 9.7123874 0.0097123874 4.00416233
961 3848 9.71237081 0.00971237081 4.00416233
961 3848 9.71237108 0.00971237108 4.00416233
961 3848 9.71236419 0.00971236419 4.00416233
961 3848 9.71236348 0.00971236348 4.00416233
961 3848 9.71236495 0.00971236495 4.00416233
961 3848 9.71236652 0.00971236652 4.00416233
961 3848 9.71236645 0.00971236645 4.00416233
961 3848 9.71236648 0.00971236648 4.00416233
960 3836 9.69975207 0.00969975207 3.99583333
960 3836 9.69989127 0.00969989127 3.99583333
960 3836 9.69970523 0.00969970523 3.99583333
960 3836 9.69977792 0.00969977792 3.99583333
960 3836 9.69987866 0.00969987866 3.99583333
960 3836 9.69962048 0.00969962048 3.99583333
960 3836 9.69979835 0.00969979835 3.99583333
960 3836 9.69992927 0.00969992927 3.99583333
960 3836 9.69962029 0.00969962029 3.99583333
960 3836 9.69980336 0.00969980336 3.99583333
959 3830 9.68638971 0.00968638971 3.99374348
959 3829 9.68810689 0.00968810689 3.99270073
959 3829 9.68792955 0.00968792955 3.99270073
959 3829 9.68787568 0.00968787568 3.99270073
959 3829 9.68788006 0.00968788006 3.99270073
959 3829 9.6878794 0.0096878794 3.99270073
959 3829 9.68788684 0.00968788684 3.99270073
959 3829 9.68788976 0.00968788976 3.99270073
959 3829 9.68789212 0.00968789212 3.99270073
959 3829 9.68789116 0.00968789116 3.99270073
958 3817 9.67547389 0.00967547389 3.98434238
958 3817 9.67541162 0.00967541162 3.98434238
958 3817 9.67554266 0.00967554266 3.98434238
958 3817 9.67558283 0.00967558283 3.98434238
958 3817 9.67558025 0.00967558025 3.98434238
958 3817 9.67558994 0.00967558994 3.98434238
958 3817 9.67560122 0.00967560122 3.98434238
958 3817 9.67560404 0.00967560404 3.98434238
958 3817 9.67559872 0.00967559872 3.98434238
958 3817 9.6755976 0.0096755976 3.98434238
957 3808 9.66187761 0.00966187761 3.97910136
957 3808 9.66199694 0.00966199694 3.97910136
957 3808 9.66190812 0.00966190812 3.97910136
957 3808 9.66181978 0.00966181978 3.97910136
957 3808 9.66184563 0.00966184563 3.97910136
957 3808 9.66185357 0.00966185357 3.97910136
957 3808 9.66186158 0.00966186158 3.97910136
957 3808 9.66186184 0.00966186184 3.97910136
957 3808 9.66184992 0.00966184992 3.97910136
957 3808 9.6618479 0.0096618479 3.97910136
956 3800 9.64783472 0.00964783472 3.9748954
956 3800 9.64777408 0.00964777408 3.9748954
956 3800 9.6476984 0.0096476984 3.9748954
956 3800 9.64770206 0.00964770206 3.9748954
956 3800 9.64778159 0.00964778159 3.9748954
956 3800 9.64765967 0.00964765967 3.9748954
956 3800 9.64768473 0.00964768473 3.9748954
956 3800 9.64769981 0.00964769981 3.9748954
956 3800 9.64771205 0.00964771205 3.9748954
956 3800 9.64774834 0.00964774834 3.9748954
955 3788 9.63349565 0.00963349565 3.96649215
955 3788 9.63362802 0.00963362802 3.96649215
955 3788 9.63347116 0.00963347116 3.96649215
955 3788 9.63347225 0.00963347225 3.96649215
955 3788 9.63347356 0.00963347356 3.96649215
955 3788 9.63348171 0.00963348171 3.96649215
955 3788 9.63347977 0.00963347977 3.96649215
955 3788 9.63347934 0.00963347934 3.96649215
955 3788 9.63347939 0.00963347939 3.96649215
955 3788 9.63347957 0.00963347957 3.96649215
954 3780 9.61909975 0.00961909975 3.96226415
954 3780 9.61917862 0.00961917862 3.96226415
954 3780 9.61923906 0.00961923906 3.96226415
954 3780 9.61924622 0.00961924622 3.96226415
954 3780 9.61908205 0.00961908205 3.96226415
954 3780 9.61923784 0.00961923784 3.96226415
954 3780 9.61907609 0.00961907609 3.96226415
954 3780 9.61924183 0.00961924183 3.96226415
954 3780 9.61932376 0.00961932376 3.96226415
954 3780 9.61908199 0.00961908199 3.96226415
953 3772 9.60453999 0.00960453999 3.95802728
953 3772 9.6044459 0.0096044459 3.95802728
953 3772 9.60444223 0.00960444223 3.95802728
953 3772 9.60451646 0.00960451646 3.95802728
953 3772 9.60445536 0.00960445536 3.95802728
953 3772 9.60445989 0.00960445989 3.95802728
953 3772 9.60446055 0.00960446055 3.95802728
953 3772 9.60445662 0.00960445662 3.95802728
953 3772 9.60445507 0.00960445507 3.95802728
953 3772 9.6044555 0.0096044555 3.95802728
952 3760 9.58916048 0.00958916048 3.94957983
952 3760 9.58904357 0.00958904357 3.94957983
952 3760 9.58905385 0.00958905385 3.94957983
952 3760 9.58896117 0.00958896117 3.94957983
952 3760 9.58900012 0.00958900012 3.94957983
952 3760 9.58898977 0.00958898977 3.94957983
952 3760 9.58899533 0.00958899533 3.94957983
952 3760 9.5889975 0.0095889975 3.94957983
952 3760 9.58900035 0.00958900035 3.94957983
952 3760 9.58900042 0.00958900042 3.94957983
951 3750 9.57364007 0.00957364007 3.94321767
951 3750 9.57363649 0.00957363649 3.94321767
951 3750 9.57379564 0.00957379564 3.94321767
951 3750 9.5737831 0.0095737831 3.94321767
951 3750 9.57371295 0.00957371295 3.94321767
951 3750 9.57371651 0.00957371651 3.94321767
951 3750 9.57371226 0.00957371226 3.94321767
951 3750 9.57371346 0.00957371346 3.94321767
951 3750 9.57371542 0.00957371542 3.94321767
951 3750 9.5737141 0.0095737141 3.94321767
950 3744 9.55815452 0.00955815452 3.94105263
950 3743 9.55790759 0.00955790759 3.94
950 3745 9.56115776 0.00956115776 3.94210526
950 3745 9.56106237 0.00956106237 3.94210526
950 3745 9.5610392 0.0095610392 3.94210526
950 3745 9.56102553 0.00956102553 3.94210526
950 3745 9.56103038 0.00956103038 3.94210526
950 3745 9.56103345 0.00956103345 3.94210526
950 3745 9.5610343 0.0095610343 3.94210526
950 3745 9.56103413 0.00956103413 3.94210526
949 3735 9.54554052 0.00954554052 3.93572181
949 3735 9.54555252 0.00954555252 3.93572181
949 3735 9.54570598 0.00954570598 3.93572181
949 3735 9.54569337 0.00954569337 3.93572181
949 3735 9.54562274 0.00954562274 3.93572181
949 3735 9.54562496 0.00954562496 3.93572181
949 3735 9.54562063 0.00954562063 3.93572181
949 3735 9.54562231 0.00954562231 3.93572181
949 3735 9.5456243 0.0095456243 3.93572181
949 3735 9.54562334 0.00954562334 3.93572181
948 3729 9.52999404 0.00952999404 3.9335443
948 3729 9.52994589 0.00952994589 3.9335443
948 3729 9.52996817 0.00952996817 3.9335443
948 3729 9.52992601 0.00952992601 3.9335443
948 3729 9.5299418 0.0095299418 3.9335443
948 3729 9.52994266 0.00952994266 3.9335443
948 3729 9.52994698 0.00952994698 3.9335443
948 3729 9.5299489 0.0095299489 3.9335443
948 3729 9.52994909 0.00952994909 3.9335443
948 3729 9.52994872 0.00952994872 3.9335443
947 3722 9.51400856 0.00951400856 3.93030623
947 3727 9.51493117 0.00951493117 3.93558606
947 3723 9.51511326 0.00951511326 3.9313622
947 3723 9.51508678 0.00951508678 3.9313622
947 3723 9.51503135 0.00951503135 3.9313622
947 3723 9.51502801 0.00951502801 3.9313622
947 3723 9.51506187 0.00951506187 3.9313622
947 3723 9.515085 0.009515085 3.9313622
947 3723 9.51497187 0.00951497187 3.9313622
947 3723 9.51500601 0.00951500601 3.9313622
946 3717 9.49939294 0.00949939294 3.92917548
946 3717 9.49933523 0.00949933523 3.92917548
946 3717 9.49938258 0.00949938258 3.92917548
946 3717 9.49936642 0.00949936642 3.92917548
946 3717 9.49935857 0.00949935857 3.92917548
946 3717 9.49935932 0.00949935932 3.92917548
946 3717 9.49935941 0.00949935941 3.92917548
946 3717 9.4993595 0.0094993595 3.92917548
946 3717 9.49935959 0.00949935959 3.92917548
946 3717 9.49935941 0.00949935941 3.92917548
945 3709 9.48325426 0.00948325426 3.92486772
945 3709 9.48329958 0.00948329958 3.92486772
945 3709 9.48332877 0.00948332877 3.92486772
945 3709 9.48329844 0.00948329844 3.92486772
945 3709 9.48328889 0.00948328889 3.92486772
945 3709 9.48327944 0.00948327944 3.92486772
945 3709 9.48328108 0.00948328108 3.92486772
945 3709 9.48328192 0.00948328192 3.92486772
945 3709 9.4832827 0.0094832827 3.92486772
945 3709 9.48328287 0.00948328287 3.92486772
944 3703 9.46719793 0.00946719793 3.92266949
944 3703 9.46727756 0.00946727756 3.92266949
944 3703 9.46716023 0.00946716023 3.92266949
944 3703 9.46720443 0.00946720443 3.92266949
944 3703 9.46713749 0.00946713749 3.92266949
944 3703 9.46726507 0.00946726507 3.92266949
944 3703 9.46723689 0.00946723689 3.92266949
944 3703 9.46725491 0.00946725491 3.92266949
944 3703 9.46726368 0.00946726368 3.92266949
944 3703 9.46712745 0.00946712745 3.92266949
943 3693 9.45063425 0.00945063425 3.91622481
943 3693 9.45053824 0.00945053824 3.91622481
943 3693 9.45051225 0.00945051225 3.91622481
943 3693 9.45052389 0.00945052389 3.91622481
943 3693 9.45051643 0.00945051643 3.91622481
943 3693 9.45051487 0.00945051487 3.91622481
943 3693 9.45051403 0.00945051403 3.91622481
943 3693 9.4505142 0.0094505142 3.91622481
943 3693 9.45051423 0.00945051423 3.91622481
943 3693 9.45051402 0.00945051402 3.91622481
942 3689 9.43402075 0.00943402075 3.91613588
942 3689 9.43621123 0.00943621123 3.91613588
942 3689 9.43629621 0.00943629621 3.91613588
942 3689 9.43638621 0.00943638621 3.91613588
942 3689 9.43640401 0.00943640401 3.91613588
942 3689 9.4364072 0.0094364072 3.91613588
942 3689 9.43622138 0.00943622138 3.91613588
942 3689 9.4363987 0.0094363987 3.91613588
942 3689 9.43629644 0.00943629644 3.91613588
942 3689 9.43639998 0.00943639998 3.91613588
941 3679 9.41977994 0.00941977994 3.90967056
941 3679 9.41985574 0.00941985574 3.90967056
941 3679 9.41995219 0.00941995219 3.90967056
941 3679 9.41998509 0.00941998509 3.90967056
941 3679 9.41998122 0.00941998122 3.90967056
941 3679 9.41996678 0.00941996678 3.90967056
941 3679 9.41996562 0.00941996562 3.90967056
941 3679 9.41996662 0.00941996662 3.90967056
941 3679 9.4199654 0.0094199654 3.90967056
941 3679 9.41996503 0.00941996503 3.90967056
940 3671 9.40150205 0.00940150205 3.90531915
940 3674 9.40799864 0.00940799864 3.90851064
940 3674 9.40815639 0.00940815639 3.90851064
940 3674 9.40819588 0.00940819588 3.90851064
940 3674 9.40818875 0.00940818875 3.90851064
940 3674 9.40807535 0.00940807535 3.90851064
940 3674 9.40821378 0.00940821378 3.90851064
940 3674 9.40816841 0.00940816841 3.90851064
940 3674 9.4080364 0.0094080364 3.90851064
940 3674 9.40821433 0.00940821433 3.90851064
939 3664 9.39144992 0.00939144992 3.90202343
939 3664 9.3914754 0.0093914754 3.90202343
939 3664 9.39147263 0.00939147263 3.90202343
939 3664 9.39146659 0.00939146659 3.90202343
939 3664 9.39147558 0.00939147558 3.90202343
939 3664 9.39147555 0.00939147555 3.90202343
939 3664 9.3914751 0.0093914751 3.90202343
939 3664 9.39147564 0.00939147564 3.90202343
939 3664 9.39147506 0.00939147506 3.90202343
939 3664 9.39147518 0.00939147518 3.90202343
938 3657 9.37252942 0.00937252942 3.89872068
938 3657 9.37255369 0.00937255369 3.89872068
938 3657 9.37253565 0.00937253565 3.89872068
938 3657 9.37257185 0.00937257185 3.89872068
938 3657 9.37252867 0.00937252867 3.89872068
938 3657 9.37247656 0.00937247656 3.89872068
938 3657 9.37243867 0.00937243867 3.89872068
938 3657 9.37256042 0.00937256042 3.89872068
938 3657 9.37251436 0.00937251436 3.89872068
938 3657 9.37248749 0.00937248749 3.89872068
937 3649 9.3534597 0.0093534597 3.89434365
937 3651 9.35336826 0.00935336826 3.89647812
937 3651 9.35446939 0.00935446939 3.89647812
937 3651 9.35450168 0.00935450168 3.89647812
937 3651 9.35460332 0.00935460332 3.89647812
937 3651 9.35461403 0.00935461403 3.89647812
937 3651 9.35459654 0.00935459654 3.89647812
937 3651 9.35457827 0.00935457827 3.89647812
937 3651 9.35457356 0.00935457356 3.89647812
937 3651 9.35457637 0.00935457637 3.89647812
936 3645 9.33670141 0.00933670141 3.89423077
936 3645 9.33642955 0.00933642955 3.89423077
936 3639 9.33628658 0.00933628658 3.88782051
936 3639 9.3363858 0.0093363858 3.88782051
936 3639 9.33639219 0.00933639219 3.88782051
936 3639 9.33641784 0.00933641784 3.88782051
936 3639 9.33638673 0.00933638673 3.88782051
936 3639 9.33637726 0.00933637726 3.88782051
936 3639 9.33637414 0.00933637414 3.88782051
936 3639 9.33637605 0.00933637605 3.88782051
935 3633 9.31880823 0.00931880823 3.8855615
935 3633 9.31858728 0.00931858728 3.8855615
935 3633 9.31866848 0.00931866848 3.8855615
935 3633 9.31861245 0.00931861245 3.8855615
935 3633 9.31862849 0.00931862849 3.8855615
935 3633 9.31862746 0.00931862746 3.8855615
935 3633 9.31862659 0.00931862659 3.8855615
935 3633 9.31862646 0.00931862646 3.8855615
935 3633 9.31862606 0.00931862606 3.8855615
935 3633 9.31862638 0.00931862638 3.8855615
934 3624 9.29981102 0.00929981102 3.88008565
934 3624 9.29973875 0.00929973875 3.88008565
934 3624 9.29981858 0.00929981858 3.88008565
934 3627 9.29963081 0.00929963081 3.88329764
934 3624 9.2997696 0.0092997696 3.88008565
934 3624 9.29982969 0.00929982969 3.88008565
934 3627 9.29960007 0.00929960007 3.88329764
934 3624 9.29978015 0.00929978015 3.88008565
934 3624 9.29981778 0.00929981778 3.88008565
934 3627 9.2996013 0.0092996013 3.88329764
933 3618 9.28097407 0.00928097407 3.8778135
933 3616 9.280624 0.009280624 3.87566988
933 3618 9.28091465 0.00928091465 3.8778135
933 3616 9.28067329 0.00928067329 3.87566988
933 3618 9.28095015 0.00928095015 3.8778135
933 3616 9.28070138 0.00928070138 3.87566988
933 3618 9.28092287 0.00928092287 3.8778135
933 3616 9.28068399 0.00928068399 3.87566988
933 3618 9.28093419 0.00928093419 3.8778135
933 3616 9.28069765 0.00928069765 3.87566988
932 3610 9.26215067 0.00926215067 3.87339056
932 3610 9.26214291 0.00926214291 3.87339056
932 3610 9.26221093 0.00926221093 3.87339056
932 3610 9.26214344 0.00926214344 3.87339056
932 3610 9.26218497 0.00926218497 3.87339056
932 3610 9.26213644 0.00926213644 3.87339056
932 3610 9.26220303 0.00926220303 3.87339056
932 3610 9.26213854 0.00926213854 3.87339056
932 3610 9.26220803 0.00926220803 3.87339056
932 3610 9.26213881 0.00926213881 3.87339056
931 3600 9.24281077 0.00924281077 3.86680988
931 3600 9.24266273 0.00924266273 3.86680988
931 3605 9.24278681 0.00924278681 3.87218045
931 3600 9.24265102 0.00924265102 3.86680988
931 3605 9.24289299 0.00924289299 3.87218045
931 3605 9.24293255 0.00924293255 3.87218045
931 3600 9.24266262 0.00924266262 3.86680988
931 3605 9.24289927 0.00924289927 3.87218045
931 3605 9.24292471 0.00924292471 3.87218045
931 3600 9.24266656 0.00924266656 3.86680988
930 3595 9.22349576 0.00922349576 3.8655914
930 3595 9.22361661 0.00922361661 3.8655914
930 3595 9.22360244 0.00922360244 3.8655914
930 3595 9.2235819 0.0092235819 3.8655914
930 3595 9.2235719 0.0092235719 3.8655914
930 3595 9.22356959 0.00922356959 3.8655914
930 3595 9.22356929 0.00922356929 3.8655914
930 3595 9.22356959 0.00922356959 3.8655914
930 3595 9.22356941 0.00922356941 3.8655914
930 3595 9.22356948 0.00922356948 3.8655914
929 3587 9.20391277 0.00920391277 3.86114101
929 3595 9.20836245 0.00920836245 3.86975242
929 3595 9.21343817 0.00921343817 3.86975242
929 3595 9.21343451 0.00921343451 3.86975242
929 3595 9.21346068 0.00921346068 3.86975242
929 3595 9.21347883 0.00921347883 3.86975242
929 3595 9.21347715 0.00921347715 3.86975242
929 3595 9.21347186 0.00921347186 3.86975242
929 3595 9.21347226 0.00921347226 3.86975242
929 3595 9.21347249 0.00921347249 3.86975242
928 3590 9.19416813 0.00919416813 3.86853448
928 3585 9.19394332 0.00919394332 3.86314655
928 3590 9.19418252 0.00919418252 3.86853448
928 3590 9.19420657 0.00919420657 3.86853448
928 3585 9.1939407 0.0091939407 3.86314655
928 3590 9.19420115 0.00919420115 3.86853448
928 3590 9.19424674 0.00919424674 3.86853448
928 3585 9.19395297 0.00919395297 3.86314655
928 3590 9.19421198 0.00919421198 3.86853448
928 3590 9.19424597 0.00919424597 3.86853448
927 3580 9.17515961 0.00917515961 3.86192017
927 3580 9.17501026 0.00917501026 3.86192017
927 3580 9.1750732 0.0091750732 3.86192017
927 3580 9.17500622 0.00917500622 3.86192017
927 3581 9.17461147 0.00917461147 3.86299892
927 3580 9.17498392 0.00917498392 3.86192017
927 3580 9.17503995 0.00917503995 3.86192017
927 3581 9.17455504 0.00917455504 3.86299892
927 3580 9.17502062 0.00917502062 3.86192017
927 3580 9.17501655 0.00917501655 3.86192017
926 3571 9.15577405 0.00915577405 3.85637149
926 3571 9.15577813 0.00915577813 3.85637149
926 3567 9.15530212 0.00915530212 3.85205184
926 3567 9.1556237 0.0091556237 3.85205184
926 3571 9.1556649 0.0091556649 3.85637149
926 3571 9.15591085 0.00915591085 3.85637149
926 3571 9.15588922 0.00915588922 3.85637149
926 3571 9.155863 0.009155863 3.85637149
926 3571 9.1558369 0.0091558369 3.85637149
926 3571 9.15585824 0.00915585824 3.85637149
925 3562 9.13693066 0.00913693066 3.85081081
925 3562 9.13673969 0.00913673969 3.85081081
925 3562 9.13676215 0.00913676215 3.85081081
925 3562 9.13673762 0.00913673762 3.85081081
925 3562 9.13674193 0.00913674193 3.85081081
925 3562 9.13676489 0.00913676489 3.85081081
925 3562 9.13676944 0.00913676944 3.85081081
925 3562 9.13677284 0.00913677284 3.85081081
925 3562 9.13677252 0.00913677252 3.85081081
925 3562 9.13677186 0.00913677186 3.85081081
924 3549 9.11740993 0.00911740993 3.84090909
924 3549 9.11732081 0.00911732081 3.84090909
924 3549 9.11730696 0.00911730696 3.84090909
924 3549 9.11736959 0.00911736959 3.84090909
924 3549 9.11737334 0.00911737334 3.84090909
924 3549 9.11739248 0.00911739248 3.84090909
924 3549 9.11734824 0.00911734824 3.84090909
924 3549 9.11740264 0.00911740264 3.84090909
924 3549 9.11734384 0.00911734384 3.84090909
924 3549 9.11740477 0.00911740477 3.84090909
923 3539 9.09756527 0.00909756527 3.83423619
923 3539 9.09771941 0.00909771941 3.83423619
923 3545 9.09756551 0.00909756551 3.84073673
923 3539 9.09778025 0.00909778025 3.83423619
923 3545 9.09758798 0.00909758798 3.84073673
923 3539 9.09774749 0.00909774749 3.83423619
923 3545 9.0975845 0.0090975845 3.84073673
923 3539 9.09774693 0.00909774693 3.83423619
923 3545 9.09758504 0.00909758504 3.84073673
923 3539 9.09774885 0.00909774885 3.83423619
922 3535 9.07855833 0.00907855833 3.8340564
922 3535 9.07864279 0.00907864279 3.8340564
922 3535 9.07872114 0.00907872114 3.8340564
922 3535 9.07865549 0.00907865549 3.8340564
922 3535 9.07856754 0.00907856754 3.8340564
922 3535 9.07855788 0.00907855788 3.8340564
922 3535 9.07856466 0.00907856466 3.8340564
922 3535 9.07857336 0.00907857336 3.8340564
922 3535 9.07858226 0.00907858226 3.8340564
922 3535 9.07858819 0.00907858819 3.8340564
921 3525 9.05893261 0.00905893261 3.82736156
921 3525 9.05892352 0.00905892352 3.82736156
921 3525 9.05905937 0.00905905937 3.82736156
921 3525 9.05911857 0.00905911857 3.82736156
921 3525 9.05913947 0.00905913947 3.82736156
921 3525 9.05916076 0.00905916076 3.82736156
921 3525 9.05917738 0.00905917738 3.82736156
921 3525 9.05918155 0.00905918155 3.82736156
921 3525 9.05918152 0.00905918152 3.82736156
921 3525 9.05917981 0.00905917981 3.82736156
920 3517 9.03920585 0.00903920585 3.82282609
920 3520 9.04141345 0.00904141345 3.82608696
920 3518 9.04208692 0.00904208692 3.82391304
920 3514 9.0423623 0.0090423623 3.81956522
920 3519 9.04539099 0.00904539099 3.825
920 3519 9.04531046 0.00904531046 3.825
920 3519 9.04533462 0.00904533462 3.825
920 3519 9.0453609 0.0090453609 3.825
920 3519 9.04537554 0.00904537554 3.825
920 3519 9.04537865 0.00904537865 3.825
919 3506 9.02629455 0.00902629455 3.81501632
919 3506 9.02650533 0.00902650533 3.81501632
919 3506 9.02628648 0.00902628648 3.81501632
919 3506 9.02646331 0.00902646331 3.81501632
919 3506 9.0263175 0.0090263175 3.81501632
919 3506 9.02643488 0.00902643488 3.81501632
919 3506 9.02631547 0.00902631547 3.81501632
919 3506 9.02643176 0.00902643176 3.81501632
919 3506 9.02631761 0.00902631761 3.81501632
919 3506 9.02643245 0.00902643245 3.81501632
918 3502 9.00727436 0.00900727436 3.81481481
918 3496 9.00717763 0.00900717763 3.80827887
918 3502 9.007329 0.009007329 3.81481481
918 3502 9.00739338 0.00900739338 3.81481481
918 3502 9.00731139 0.00900731139 3.81481481
918 3502 9.00727219 0.00900727219 3.81481481
918 3502 9.0072383 0.0090072383 3.81481481
918 3502 9.00723192 0.00900723192 3.81481481
918 3502 9.0072326 0.0090072326 3.81481481
918 3502 9.00723834 0.00900723834 3.81481481
917 3492 8.98830825 0.00898830825 3.80806979
917 3492 8.98846454 0.00898846454 3.80806979
917 3492 8.98828863 0.00898828863 3.80806979
917 3492 8.98857104 0.00898857104 3.80806979
917 3492 8.98850039 0.00898850039 3.80806979
917 3492 8.98828016 0.00898828016 3.80806979
917 3492 8.98856416 0.00898856416 3.80806979
917 3492 8.98852783 0.00898852783 3.80806979
917 3492 8.98828783 0.00898828783 3.80806979
917 3492 8.98856806 0.00898856806 3.80806979
916 3483 8.96911693 0.00896911693 3.80240175
916 3483 8.96905877 0.00896905877 3.80240175
916 3483 8.96908461 0.00896908461 3.80240175
916 3483 8.96911247 0.00896911247 3.80240175
916 3483 8.96914562 0.00896914562 3.80240175
916 3483 8.96916431 0.00896916431 3.80240175
916 3483 8.96916573 0.00896916573 3.80240175
916 3483 8.96915989 0.00896915989 3.80240175
916 3483 8.96915724 0.00896915724 3.80240175
916 3483 8.96915633 0.00896915633 3.80240175
915 3473 8.94949302 0.00894949302 3.79562842
915 3473 8.949231 0.008949231 3.79562842
915 3473 8.94954411 0.00894954411 3.79562842
915 3473 8.94912251 0.00894912251 3.79562842
915 3473 8.94940162 0.00894940162 3.79562842
915 3473 8.94910589 0.00894910589 3.79562842
915 3473 8.9494252 0.0089494252 3.79562842
915 3473 8.94911766 0.00894911766 3.79562842
915 3473 8.9494293 0.0089494293 3.79562842
915 3473 8.94911547 0.00894911547 3.79562842
914 3467 8.92903569 0.00892903569 3.79321663
914 3468 8.92946255 0.00892946255 3.79431072
914 3468 8.92949785 0.00892949785 3.79431072
914 3468 8.92942307 0.00892942307 3.79431072
914 3468 8.9294267 0.0089294267 3.79431072
914 3468 8.9294345 0.0089294345 3.79431072
914 3468 8.92944202 0.00892944202 3.79431072
914 3468 8.92944387 0.00892944387 3.79431072
914 3468 8.92944475 0.00892944475 3.79431072
914 3468 8.92944522 0.00892944522 3.79431072
913 3462 8.9091288 0.0089091288 3.79189485
913 3462 8.90905489 0.00890905489 3.79189485
913 3462 8.90891886 0.00890891886 3.79189485
913 3462 8.90911544 0.00890911544 3.79189485
913 3462 8.90904937 0.00890904937 3.79189485
913 3462 8.9091375 0.0089091375 3.79189485
913 3462 8.90916582 0.00890916582 3.79189485
913 3462 8.90913378 0.00890913378 3.79189485
913 3462 8.90912043 0.00890912043 3.79189485
913 3462 8.90911331 0.00890911331 3.79189485
912 3450 8.88780056 0.00888780056 3.78289474
912 3450 8.88775922 0.00888775922 3.78289474
912 3450 8.88786081 0.00888786081 3.78289474
912 3455 8.88762199 0.00888762199 3.78837719
912 3450 8.88792511 0.00888792511 3.78289474
912 3450 8.88786182 0.00888786182 3.78289474
912 3450 8.88786879 0.00888786879 3.78289474
912 3457 8.88743045 0.00888743045 3.79057018
912 3450 8.88759613 0.00888759613 3.78289474
912 3450 8.8878316 0.0088878316 3.78289474
911 3443 8.86675571 0.00886675571 3.77936334
911 3443 8.86657931 0.00886657931 3.77936334
911 3443 8.86663087 0.00886663087 3.77936334
911 3445 8.86668369 0.00886668369 3.78155873
911 3443 8.86647311 0.00886647311 3.77936334
911 3445 8.86661774 0.00886661774 3.78155873
911 3443 8.86656328 0.00886656328 3.77936334
911 3445 8.86663599 0.00886663599 3.78155873
911 3443 8.86657458 0.00886657458 3.77936334
911 3445 8.86663473 0.00886663473 3.78155873
910 3438 8.84552139 0.00884552139 3.77802198
910 3438 8.84562294 0.00884562294 3.77802198
910 3436 8.84562005 0.00884562005 3.77582418
910 3441 8.84648218 0.00884648218 3.78131868
910 3438 8.8469853 0.0088469853 3.77802198
910 3435 8.8567844 0.0088567844 3.77472527
910 3432 8.86621678 0.00886621678 3.77142857
910 3432 8.8662283 0.0088662283 3.77142857
910 3435 8.86634182 0.00886634182 3.77472527
910 3435 8.86647773 0.00886647773 3.77472527
909 3426 8.84603737 0.00884603737 3.7689769
909 3426 8.84601162 0.00884601162 3.7689769
909 3426 8.84604525 0.00884604525 3.7689769
909 3426 8.84587772 0.00884587772 3.7689769
909 3426 8.84613541 0.00884613541 3.7689769
909 3426 8.84618591 0.00884618591 3.7689769
909 3426 8.84616856 0.00884616856 3.7689769
909 3426 8.84616055 0.00884616055 3.7689769
909 3426 8.84616366 0.00884616366 3.7689769
909 3426 8.84616379 0.00884616379 3.7689769
908 3421 8.82580917 0.00882580917 3.76762115
908 3421 8.82558913 0.00882558913 3.76762115
908 3421 8.82568647 0.00882568647 3.76762115
908 3421 8.82568097 0.00882568097 3.76762115
908 3421 8.82566635 0.00882566635 3.76762115
908 3421 8.82568636 0.00882568636 3.76762115
908 3421 8.82565546 0.00882565546 3.76762115
908 3421 8.82568462 0.00882568462 3.76762115
908 3421 8.82565631 0.00882565631 3.76762115
908 3421 8.82568518 0.00882568518 3.76762115
907 3414 8.80459215 0.00880459215 3.76405733
907 3414 8.80455261 0.00880455261 3.76405733
907 3416 8.80467413 0.00880467413 3.7662624
907 3416 8.80459485 0.00880459485 3.7662624
907 3416 8.80467676 0.00880467676 3.7662624
907 3416 8.80460815 0.00880460815 3.7662624
907 3416 8.8046826 0.0088046826 3.7662624
907 3416 8.80462008 0.00880462008 3.7662624
907 3416 8.80469069 0.00880469069 3.7662624
907 3416 8.8046152 0.0088046152 3.7662624
906 3409 8.7837236 0.0087837236 3.76269316
906 3409 8.78344288 0.00878344288 3.76269316
906 3404 8.78363592 0.00878363592 3.75717439
906 3409 8.78361393 0.00878361393 3.76269316
906 3409 8.78357804 0.00878357804 3.76269316
906 3404 8.78361686 0.00878361686 3.75717439
906 3409 8.78363331 0.00878363331 3.76269316
906 3409 8.78358315 0.00878358315 3.76269316
906 3404 8.78361008 0.00878361008 3.75717439
906 3409 8.78362428 0.00878362428 3.76269316
905 3397 8.76278243 0.00876278243 3.75359116
905 3397 8.76286141 0.00876286141 3.75359116
905 3397 8.76299245 0.00876299245 3.75359116
905 3397 8.76297651 0.00876297651 3.75359116
905 3397 8.76301146 0.00876301146 3.75359116
905 3397 8.76296467 0.00876296467 3.75359116
905 3397 8.7629859 0.0087629859 3.75359116
905 3397 8.76294817 0.00876294817 3.75359116
905 3397 8.76297945 0.00876297945 3.75359116
905 3397 8.76294616 0.00876294616 3.75359116
904 3386 8.7411674 0.0087411674 3.74557522
904 3394 8.74408128 0.00874408128 3.75442478
904 3396 8.74451084 0.00874451084 3.75663717
904 3395 8.74489036 0.00874489036 3.75553097
904 3397 8.7453478 0.0087453478 3.75774336
904 3397 8.74517165 0.00874517165 3.75774336
904 3397 8.74502557 0.00874502557 3.75774336
904 3397 8.74522871 0.00874522871 3.75774336
904 3397 8.74500666 0.00874500666 3.75774336
904 3397 8.74523165 0.00874523165 3.75774336
903 3392 8.72484037 0.00872484037 3.75636766
903 3392 8.72499077 0.00872499077 3.75636766
903 3392 8.72501754 0.00872501754 3.75636766
903 3392 8.72499459 0.00872499459 3.75636766
903 3392 8.72502909 0.00872502909 3.75636766
903 3392 8.7250425 0.0087250425 3.75636766
903 3392 8.72504658 0.00872504658 3.75636766
903 3392 8.72504891 0.00872504891 3.75636766
903 3392 8.72504842 0.00872504842 3.75636766
903 3392 8.72504783 0.00872504783 3.75636766
902 3385 8.70448473 0.00870448473 3.75277162
902 3385 8.70431751 0.00870431751 3.75277162
902 3385 8.70443944 0.00870443944 3.75277162
902 3385 8.70439043 0.00870439043 3.75277162
902 3385 8.70438467 0.00870438467 3.75277162
902 3385 8.70438762 0.00870438762 3.75277162
902 3385 8.70438521 0.00870438521 3.75277162
902 3385 8.70437794 0.00870437794 3.75277162
902 3385 8.7043757 0.0087043757 3.75277162
902 3385 8.70437574 0.00870437574 3.75277162
901 3373 8.68383312 0.00868383312 3.7436182
901 3373 8.68390249 0.00868390249 3.7436182
901 3373 8.68385565 0.00868385565 3.7436182
901 3373 8.68391945 0.00868391945 3.7436182
901 3373 8.68382949 0.00868382949 3.7436182
901 3373 8.68392069 0.00868392069 3.7436182
901 3373 8.68382982 0.00868382982 3.7436182
901 3373 8.68390113 0.00868390113 3.7436182
901 3373 8.683826 0.008683826 3.7436182
901 3373 8.68390453 0.00868390453 3.7436182
900 3367 8.6625442 0.0086625442 3.74111111
900 3367 8.66248507 0.00866248507 3.74111111
900 3367 8.66262218 0.00866262218 3.74111111
900 3367 8.66251641 0.00866251641 3.74111111
900 3367 8.66252831 0.00866252831 3.74111111
900 3367 8.66254978 0.00866254978 3.74111111
900 3367 8.66262747 0.00866262747 3.74111111
900 3367 8.66262943 0.00866262943 3.74111111
900 3367 8.66260168 0.00866260168 3.74111111
900 3367 8.66257409 0.00866257409 3.74111111
899 3359 8.6410568 0.0086410568 3.73637375
899 3364 8.64370249 0.00864370249 3.74193548
899 3363 8.64518259 0.00864518259 3.74082314
899 3363 8.64505969 0.00864505969 3.74082314
899 3363 8.64505376 0.00864505376 3.74082314
899 3363 8.64506194 0.00864506194 3.74082314
899 3363 8.64506439 0.00864506439 3.74082314
899 3363 8.64506523 0.00864506523 3.74082314
899 3363 8.64507437 0.00864507437 3.74082314
899 3363 8.64507705 0.00864507705 3.74082314
898 3356 8.62424626 0.00862424626 3.73719376
898 3356 8.6240706 0.0086240706 3.73719376
898 3356 8.62420763 0.00862420763 3.73719376
898 3356 8.62415714 0.00862415714 3.73719376
898 3356 8.62415206 0.00862415206 3.73719376
898 3356 8.62415632 0.00862415632 3.73719376
898 3356 8.62415535 0.00862415535 3.73719376
898 3356 8.62414889 0.00862414889 3.73719376
898 3356 8.62414691 0.00862414691 3.73719376
898 3356 8.62414699 0.00862414699 3.73719376
897 3344 8.60279601 0.00860279601 3.72798216
897 3344 8.60262263 0.00860262263 3.72798216
897 3344 8.60274197 0.00860274197 3.72798216
897 3344 8.60272996 0.00860272996 3.72798216
897 3344 8.60259536 0.00860259536 3.72798216
897 3344 8.60278092 0.00860278092 3.72798216
897 3344 8.60269647 0.00860269647 3.72798216
897 3344 8.60259595 0.00860259595 3.72798216
897 3344 8.60278068 0.00860278068 3.72798216
897 3344 8.60269728 0.00860269728 3.72798216
896 3340 8.58176409 0.00858176409 3.72767857
896 3339 8.58759062 0.00858759062 3.7265625
896 3339 8.60027576 0.00860027576 3.7265625
896 3338 8.6088793 0.0086088793 3.72544643
896 3338 8.61776751 0.00861776751 3.72544643
896 3337 8.61814586 0.00861814586 3.72433036
896 3342 8.6188818 0.0086188818 3.72991071
896 3342 8.61899709 0.00861899709 3.72991071
896 3342 8.61913499 0.00861913499 3.72991071
896 3342 8.61900833 0.00861900833 3.72991071
895 3333 8.59988296 0.00859988296 3.72402235
895 3337 8.59986936 0.00859986936 3.72849162
895 3333 8.59990311 0.00859990311 3.72402235
895 3333 8.599986 0.008599986 3.72402235
895 3333 8.60004767 0.00860004767 3.72402235
895 3333 8.59991751 0.00859991751 3.72402235
895 3337 8.59991678 0.00859991678 3.72849162
895 3333 8.600056 0.008600056 3.72402235
895 3333 8.59997709 0.00859997709 3.72402235
895 3337 8.59994045 0.00859994045 3.72849162
894 3328 8.58134061 0.00858134061 3.72259508
894 3328 8.58103406 0.00858103406 3.72259508
894 3328 8.58093112 0.00858093112 3.72259508
894 3328 8.58089309 0.00858089309 3.72259508
894 3328 8.58090189 0.00858090189 3.72259508
894 3328 8.58090653 0.00858090653 3.72259508
894 3328 8.580905 0.008580905 3.72259508
894 3328 8.58090361 0.00858090361 3.72259508
894 3328 8.58090439 0.00858090439 3.72259508
894 3328 8.58090451 0.00858090451 3.72259508
893 3320 8.56167192 0.00856167192 3.71780515
893 3320 8.56196511 0.00856196511 3.71780515
893 3320 8.56193905 0.00856193905 3.71780515
893 3320 8.56191172 0.00856191172 3.71780515
893 3320 8.56191483 0.00856191483 3.71780515
893 3320 8.56190533 0.00856190533 3.71780515
893 3320 8.56190571 0.00856190571 3.71780515
893 3320 8.56191244 0.00856191244 3.71780515
893 3320 8.56191475 0.00856191475 3.71780515
893 3320 8.56191321 0.00856191321 3.71780515
892 3314 8.5424512 0.0085424512 3.71524664
892 3314 8.54233159 0.00854233159 3.71524664
892 3314 8.54241565 0.00854241565 3.71524664
892 3314 8.54238323 0.00854238323 3.71524664
892 3314 8.54242407 0.00854242407 3.71524664
892 3314 8.54245839 0.00854245839 3.71524664
892 3314 8.54245728 0.00854245728 3.71524664
892 3314 8.54245 0.00854245 3.71524664
892 3314 8.54244764 0.00854244764 3.71524664
892 3314 8.54244651 0.00854244651 3.71524664
891 3308 8.52267734 0.00852267734 3.71268238
891 3308 8.52286387 0.00852286387 3.71268238
891 3308 8.52270271 0.00852270271 3.71268238
891 3308 8.52289279 0.00852289279 3.71268238
891 3308 8.52269473 0.00852269473 3.71268238
891 3308 8.5228938 0.0085228938 3.71268238
891 3308 8.52269601 0.00852269601 3.71268238
891 3308 8.52289001 0.00852289001 3.71268238
891 3308 8.52269606 0.00852269606 3.71268238
891 3308 8.52289164 0.00852289164 3.71268238
890 3303 8.50179226 0.00850179226 3.71123596
890 3303 8.50276108 0.00850276108 3.71123596
890 3302 8.50292435 0.00850292435 3.71011236
890 3302 8.50282601 0.00850282601 3.71011236
890 3302 8.50281481 0.00850281481 3.71011236
890 3302 8.50282097 0.00850282097 3.71011236
890 3302 8.50282129 0.00850282129 3.71011236
890 3302 8.50281737 0.00850281737 3.71011236
890 3302 8.50281765 0.00850281765 3.71011236
890 3302 8.50281694 0.00850281694 3.71011236
889 3297 8.48300817 0.00848300817 3.70866142
889 3297 8.48322477 0.00848322477 3.70866142
889 3297 8.48329938 0.00848329938 3.70866142
889 3297 8.48322093 0.00848322093 3.70866142
889 3297 8.48320715 0.00848320715 3.70866142
889 3297 8.48324503 0.00848324503 3.70866142
889 3297 8.48325958 0.00848325958 3.70866142
889 3297 8.48326571 0.00848326571 3.70866142
889 3297 8.48327096 0.00848327096 3.70866142
889 3297 8.48327043 0.00848327043 3.70866142
888 3288 8.46276569 0.00846276569 3.7027027
888 3288 8.46253245 0.00846253245 3.7027027
888 3288 8.4625898 0.0084625898 3.7027027
888 3288 8.46267457 0.00846267457 3.7027027
888 3288 8.46269996 0.00846269996 3.7027027
888 3288 8.46269382 0.00846269382 3.7027027
888 3288 8.46269101 0.00846269101 3.7027027
888 3288 8.46269007 0.00846269007 3.7027027
888 3288 8.4626915 0.0084626915 3.7027027
888 3288 8.4626919 0.0084626919 3.7027027
887 3278 8.44263739 0.00844263739 3.69560316
887 3277 8.44324222 0.00844324222 3.69447576
887 3277 8.443066 0.008443066 3.69447576
887 3279 8.44310686 0.00844310686 3.69673055
887 3276 8.45046757 0.00845046757 3.69334837
887 3276 8.450414 0.008450414 3.69334837
887 3275 8.45011849 0.00845011849 3.69222097
887 3279 8.45031666 0.00845031666 3.69673055
887 3276 8.4504408 0.0084504408 3.69334837
887 3279 8.45037869 0.00845037869 3.69673055
886 3270 8.4323403 0.0084323403 3.69074492
886 3270 8.4320632 0.0084320632 3.69074492
886 3270 8.43205544 0.00843205544 3.69074492
886 3270 8.43204756 0.00843204756 3.69074492
886 3270 8.43204072 0.00843204072 3.69074492
886 3270 8.43204438 0.00843204438 3.69074492
886 3270 8.43204519 0.00843204519 3.69074492
886 3270 8.43204377 0.00843204377 3.69074492
886 3270 8.43204362 0.00843204362 3.69074492
886 3270 8.43204375 0.00843204375 3.69074492
885 3265 8.4131306 0.0084131306 3.68926554
885 3265 8.41319062 0.00841319062 3.68926554
885 3265 8.4131338 0.0084131338 3.68926554
885 3265 8.413147 0.008413147 3.68926554
885 3265 8.41315834 0.00841315834 3.68926554
885 3265 8.41316101 0.00841316101 3.68926554
885 3265 8.41316186 0.00841316186 3.68926554
885 3265 8.41316255 0.00841316255 3.68926554
885 3265 8.4131628 0.0084131628 3.68926554
885 3265 8.41316276 0.00841316276 3.68926554
884 3258 8.39387582 0.00839387582 3.68552036
884 3258 8.39386309 0.00839386309 3.68552036
884 3259 8.39357896 0.00839357896 3.68665158
884 3258 8.3938809 0.0083938809 3.68552036
884 3259 8.39357361 0.00839357361 3.68665158
884 3258 8.3938953 0.0083938953 3.68552036
884 3259 8.3935784 0.0083935784 3.68665158
884 3258 8.39389745 0.00839389745 3.68552036
884 3259 8.39357821 0.00839357821 3.68665158
884 3258 8.39389791 0.00839389791 3.68552036
883 3252 8.37429701 0.00837429701 3.68289921
883 3252 8.37432268 0.00837432268 3.68289921
883 3252 8.37440115 0.00837440115 3.68289921
883 3252 8.37436134 0.00837436134 3.68289921
883 3252 8.37435738 0.00837435738 3.68289921
883 3252 8.37435843 0.00837435843 3.68289921
883 3252 8.37436943 0.00837436943 3.68289921
883 3252 8.37437064 0.00837437064 3.68289921
883 3252 8.37437367 0.00837437367 3.68289921
883 3252 8.37437386 0.00837437386 3.68289921
882 3244 8.35371229 0.00835371229 3.67800454
882 3241 8.35525681 0.00835525681 3.67460317
882 3241 8.35516975 0.00835516975 3.67460317
882 3241 8.35515322 0.00835515322 3.67460317
882 3241 8.35514833 0.00835514833 3.67460317
882 3241 8.35516072 0.00835516072 3.67460317
882 3241 8.35516081 0.00835516081 3.67460317
882 3241 8.35516216 0.00835516216 3.67460317
882 3241 8.35516164 0.00835516164 3.67460317
882 3241 8.35516191 0.00835516191 3.67460317
881 3235 8.33534608 0.00833534608 3.67196368
881 3231 8.3357401 0.0083357401 3.66742338
881 3231 8.33559784 0.00833559784 3.66742338
881 3231 8.33571622 0.00833571622 3.66742338
881 3231 8.33557543 0.00833557543 3.66742338
881 3231 8.3355639 0.0083355639 3.66742338
881 3231 8.33557937 0.00833557937 3.66742338
881 3231 8.33563183 0.00833563183 3.66742338
881 3231 8.33556229 0.00833556229 3.66742338
881 3231 8.33563205 0.00833563205 3.66742338
880 3224 8.31517451 0.00831517451 3.66363636
880 3225 8.31559521 0.00831559521 3.66477273
880 3225 8.31551062 0.00831551062 3.66477273
880 3225 8.31550427 0.00831550427 3.66477273
880 3225 8.31552468 0.00831552468 3.66477273
880 3225 8.31553476 0.00831553476 3.66477273
880 3225 8.31554767 0.00831554767 3.66477273
880 3225 8.31555218 0.00831555218 3.66477273
880 3225 8.31554993 0.00831554993 3.66477273
880 3225 8.31554892 0.00831554892 3.66477273
879 3218 8.29516739 0.00829516739 3.66097838
879 3218 8.29486312 0.00829486312 3.66097838
879 3218 8.29493601 0.00829493601 3.66097838
879 3218 8.29488459 0.00829488459 3.66097838
879 3218 8.29489921 0.00829489921 3.66097838
879 3218 8.29489357 0.00829489357 3.66097838
879 3218 8.29489514 0.00829489514 3.66097838
879 3218 8.29489358 0.00829489358 3.66097838
879 3218 8.29489423 0.00829489423 3.66097838
879 3218 8.29489398 0.00829489398 3.66097838
878 3212 8.27404996 0.00827404996 3.65831435
878 3212 8.27417751 0.00827417751 3.65831435
878 3212 8.27428593 0.00827428593 3.65831435
878 3212 8.27427746 0.00827427746 3.65831435
878 3212 8.27429932 0.00827429932 3.65831435
878 3212 8.27429737 0.00827429737 3.65831435
878 3212 8.27429385 0.00827429385 3.65831435
878 3212 8.27429237 0.00827429237 3.65831435
878 3212 8.27429266 0.00827429266 3.65831435
878 3212 8.27429259 0.00827429259 3.65831435
877 3204 8.25265255 0.00825265255 3.65336374
877 3207 8.25234222 0.00825234222 3.65678449
877 3204 8.25258524 0.00825258524 3.65336374
877 3207 8.25243516 0.00825243516 3.65678449
877 3204 8.25256712 0.00825256712 3.65336374
877 3207 8.25244089 0.00825244089 3.65678449
877 3204 8.25260692 0.00825260692 3.65336374
877 3207 8.2524329 0.0082524329 3.65678449
877 3204 8.25261882 0.00825261882 3.65336374
877 3207 8.25243066 0.00825243066 3.65678449
876 3199 8.23164723 0.00823164723 3.65182648
876 3199 8.231663 0.008231663 3.65182648
876 3199 8.23183757 0.00823183757 3.65182648
876 3199 8.23187907 0.00823187907 3.65182648
876 3199 8.23180371 0.00823180371 3.65182648
876 3199 8.23178294 0.00823178294 3.65182648
876 3199 8.23178155 0.00823178155 3.65182648
876 3199 8.23177883 0.00823177883 3.65182648
876 3199 8.23178601 0.00823178601 3.65182648
876 3199 8.23178812 0.00823178812 3.65182648
875 3194 8.21019919 0.00821019919 3.65028571
875 3190 8.20982898 0.00820982898 3.64571429
875 3195 8.20990693 0.00820990693 3.65142857
875 3189 8.21957696 0.00821957696 3.64457143
875 3190 8.21909652 0.00821909652 3.64571429
875 3189 8.21941445 0.00821941445 3.64457143
875 3189 8.2195758 0.0082195758 3.64457143
875 3190 8.21904557 0.00821904557 3.64571429
875 3189 8.21938282 0.00821938282 3.64457143
875 3190 8.21901942 0.00821901942 3.64571429
874 3184 8.19824776 0.00819824776 3.64302059
874 3184 8.19872557 0.00819872557 3.64302059
874 3184 8.19873348 0.00819873348 3.64302059
874 3184 8.19869139 0.00819869139 3.64302059
874 3184 8.19865095 0.00819865095 3.64302059
874 3184 8.19863664 0.00819863664 3.64302059
874 3184 8.1986592 0.0081986592 3.64302059
874 3184 8.19865988 0.00819865988 3.64302059
874 3184 8.19866904 0.00819866904 3.64302059
874 3184 8.1986706 0.0081986706 3.64302059
873 3179 8.17744829 0.00817744829 3.64146621
873 3175 8.17717001 0.00817717001 3.63688431
873 3175 8.17691329 0.00817691329 3.63688431
873 3179 8.17727645 0.00817727645 3.64146621
873 3179 8.1772119 0.0081772119 3.64146621
873 3179 8.1770663 0.0081770663 3.64146621
873 3177 8.17662153 0.00817662153 3.63917526
873 3179 8.18231818 0.00818231818 3.64146621
873 3177 8.18618829 0.00818618829 3.63917526
873 3177 8.1859496 0.0081859496 3.63917526
872 3169 8.16528389 0.00816528389 3.63417431
872 3169 8.16523399 0.00816523399 3.63417431
872 3171 8.16506568 0.00816506568 3.63646789
872 3171 8.16508913 0.00816508913 3.63646789
872 3171 8.165148 0.008165148 3.63646789
872 3171 8.16511101 0.00816511101 3.63646789
872 3171 8.16510595 0.00816510595 3.63646789
872 3171 8.16511932 0.00816511932 3.63646789
872 3171 8.16512263 0.00816512263 3.63646789
872 3171 8.16511923 0.00816511923 3.63646789
871 3163 8.14433402 0.00814433402 3.63145809
871 3164 8.14434418 0.00814434418 3.6326062
871 3163 8.14419413 0.00814419413 3.63145809
871 3164 8.14429317 0.00814429317 3.6326062
871 3163 8.14418847 0.00814418847 3.63145809
871 3164 8.14430523 0.00814430523 3.6326062
871 3163 8.14420421 0.00814420421 3.63145809
871 3164 8.14430889 0.00814430889 3.6326062
871 3163 8.14420588 0.00814420588 3.63145809
871 3164 8.14430873 0.00814430873 3.6326062
870 3158 8.12357283 0.00812357283 3.62988506
870 3158 8.12382789 0.00812382789 3.62988506
870 3158 8.1238343 0.0081238343 3.62988506
870 3158 8.12380511 0.00812380511 3.62988506
870 3158 8.12386262 0.00812386262 3.62988506
870 3158 8.12386477 0.00812386477 3.62988506
870 3158 8.12385842 0.00812385842 3.62988506
870 3158 8.12386056 0.00812386056 3.62988506
870 3158 8.12385831 0.00812385831 3.62988506
870 3158 8.12385882 0.00812385882 3.62988506
869 3151 8.10205474 0.00810205474 3.6260069
869 3151 8.10193847 0.00810193847 3.6260069
869 3153 8.10198684 0.00810198684 3.6283084
869 3151 8.10273095 0.00810273095 3.6260069
869 3154 8.10258384 0.00810258384 3.62945915
869 3154 8.10234722 0.00810234722 3.62945915
869 3154 8.10237672 0.00810237672 3.62945915
869 3154 8.10238192 0.00810238192 3.62945915
869 3154 8.10236544 0.00810236544 3.62945915
869 3154 8.10236583 0.00810236583 3.62945915
868 3145 8.08172011 0.00808172011 3.62327189
868 3145 8.08180119 0.00808180119 3.62327189
868 3145 8.08178965 0.00808178965 3.62327189
868 3145 8.08177503 0.00808177503 3.62327189
868 3145 8.08177172 0.00808177172 3.62327189
868 3145 8.08176787 0.00808176787 3.62327189
868 3145 8.08176719 0.00808176719 3.62327189
868 3145 8.0817656 0.0080817656 3.62327189
868 3145 8.08176629 0.00808176629 3.62327189
868 3145 8.08176628 0.00808176628 3.62327189
867 3137 8.06094487 0.00806094487 3.61822376
867 3137 8.06080692 0.00806080692 3.61822376
867 3137 8.06050063 0.00806050063 3.61822376
867 3137 8.06071029 0.00806071029 3.61822376
867 3137 8.06069211 0.00806069211 3.61822376
867 3137 8.06072648 0.00806072648 3.61822376
867 3137 8.06072986 0.00806072986 3.61822376
867 3137 8.0607319 0.0080607319 3.61822376
867 3137 8.06073753 0.00806073753 3.61822376
867 3137 8.06073556 0.00806073556 3.61822376
866 3128 8.03912246 0.00803912246 3.61200924
866 3128 8.03929704 0.00803929704 3.61200924
866 3128 8.03904496 0.00803904496 3.61200924
866 3128 8.03901276 0.00803901276 3.61200924
866 3128 8.0390387 0.0080390387 3.61200924
866 3128 8.03904674 0.00803904674 3.61200924
866 3128 8.03904982 0.00803904982 3.61200924
866 3128 8.03904771 0.00803904771 3.61200924
866 3128 8.03904763 0.00803904763 3.61200924
866 3128 8.03904765 0.00803904765 3.61200924
865 3122 8.0174543 0.0080174543 3.60924855
865 3122 8.01755095 0.00801755095 3.60924855
865 3122 8.01757992 0.00801757992 3.60924855
865 3124 8.01707387 0.00801707387 3.61156069
865 3122 8.01761646 0.00801761646 3.60924855
865 3122 8.01761006 0.00801761006 3.60924855
865 3124 8.01686939 0.00801686939 3.61156069
865 3122 8.01773948 0.00801773948 3.60924855
865 3122 8.01760717 0.00801760717 3.60924855
865 3122 8.0175245 0.0080175245 3.60924855
864 3115 7.99563455 0.00799563455 3.60532407
864 3115 7.9956881 0.0079956881 3.60532407
864 3115 7.99568471 0.00799568471 3.60532407
864 3115 7.99565268 0.00799565268 3.60532407
864 3115 7.99577614 0.00799577614 3.60532407
864 3115 7.99568789 0.00799568789 3.60532407
864 3115 7.99564759 0.00799564759 3.60532407
864 3115 7.99566371 0.00799566371 3.60532407
864 3115 7.9956758 0.0079956758 3.60532407
864 3115 7.99568257 0.00799568257 3.60532407
863 3105 7.97294417 0.00797294417 3.59791425
863 3099 7.97647585 0.00797647585 3.59096176
863 3099 7.97658651 0.00797658651 3.59096176
863 3099 7.97639293 0.00797639293 3.59096176
863 3101 7.97607716 0.00797607716 3.59327926
863 3099 7.97650137 0.00797650137 3.59096176
863 3099 7.97646677 0.00797646677 3.59096176
863 3101 7.97588957 0.00797588957 3.59327926
863 3099 7.97647587 0.00797647587 3.59096176
863 3101 7.97620642 0.00797620642 3.59327926
862 3092 7.95477298 0.00795477298 3.58700696
862 3094 7.9541129 0.0079541129 3.58932715
862 3097 7.95626593 0.00795626593 3.59280742
862 3095 7.96009218 0.00796009218 3.59048724
862 3092 7.95991934 0.00795991934 3.58700696
862 3096 7.9638607 0.0079638607 3.59164733
862 3096 7.96382443 0.00796382443 3.59164733
862 3096 7.96384637 0.00796384637 3.59164733
862 3096 7.96381917 0.00796381917 3.59164733
862 3096 7.96381787 0.00796381787 3.59164733
861 3088 7.94431852 0.00794431852 3.58652729
861 3088 7.94425762 0.00794425762 3.58652729
861 3088 7.94431934 0.00794431934 3.58652729
861 3088 7.94429019 0.00794429019 3.58652729
861 3088 7.9443305 0.0079443305 3.58652729
861 3088 7.9443387 0.0079443387 3.58652729
861 3088 7.9443425 0.0079443425 3.58652729
861 3088 7.9443413 0.0079443413 3.58652729
861 3088 7.94433924 0.00794433924 3.58652729
861 3088 7.94433942 0.00794433942 3.58652729
860 3081 7.92348739 0.00792348739 3.58255814
860 3081 7.9234826 0.0079234826 3.58255814
860 3081 7.92317153 0.00792317153 3.58255814
860 3081 7.92337887 0.00792337887 3.58255814
860 3081 7.92306674 0.00792306674 3.58255814
860 3081 7.92334989 0.00792334989 3.58255814
860 3081 7.92306587 0.00792306587 3.58255814
860 3081 7.92335145 0.00792335145 3.58255814
860 3080 7.92325306 0.00792325306 3.58139535
860 3080 7.92325468 0.00792325468 3.58139535
859 3073 7.90238205 0.00790238205 3.5774156
859 3075 7.90241247 0.00790241247 3.57974389
859 3073 7.90251894 0.00790251894 3.5774156
859 3073 7.90205976 0.00790205976 3.5774156
859 3073 7.90231683 0.00790231683 3.5774156
859 3073 7.90218562 0.00790218562 3.5774156
859 3075 7.90230486 0.00790230486 3.57974389
859 3073 7.90241754 0.00790241754 3.5774156
859 3075 7.90239844 0.00790239844 3.57974389
859 3073 7.90269823 0.00790269823 3.5774156
858 3067 7.88105316 0.00788105316 3.57459207
858 3066 7.88096771 0.00788096771 3.57342657
858 3068 7.88147972 0.00788147972 3.57575758
858 3068 7.88130225 0.00788130225 3.57575758
858 3066 7.88106294 0.00788106294 3.57342657
858 3067 7.88158082 0.00788158082 3.57459207
858 3067 7.88123819 0.00788123819 3.57459207
858 3067 7.88122224 0.00788122224 3.57459207
858 3067 7.8812327 0.0078812327 3.57459207
858 3067 7.88122847 0.00788122847 3.57459207
857 3060 7.86029582 0.00786029582 3.5705951
857 3060 7.86049994 0.00786049994 3.5705951
857 3060 7.8602844 0.0078602844 3.5705951
857 3060 7.8602715 0.0078602715 3.5705951
857 3060 7.86036158 0.00786036158 3.5705951
857 3060 7.86025739 0.00786025739 3.5705951
857 3060 7.86026073 0.00786026073 3.5705951
857 3060 7.86036301 0.00786036301 3.5705951
857 3060 7.86026217 0.00786026217 3.5705951
857 3060 7.8602616 0.0078602616 3.5705951
856 3053 7.83908507 0.00783908507 3.56658879
856 3057 7.84100931 0.00784100931 3.57126168
856 3057 7.84102025 0.00784102025 3.57126168
856 3057 7.84096683 0.00784096683 3.57126168
856 3057 7.84097037 0.00784097037 3.57126168
856 3057 7.84096042 0.00784096042 3.57126168
856 3057 7.84095491 0.00784095491 3.57126168
856 3057 7.84095641 0.00784095641 3.57126168
856 3057 7.84095612 0.00784095612 3.57126168
856 3057 7.84095626 0.00784095626 3.57126168
855 3049 7.8198454 0.0078198454 3.56608187
855 3049 7.82002379 0.00782002379 3.56608187
855 3049 7.82003736 0.00782003736 3.56608187
855 3049 7.8196775 0.0078196775 3.56608187
855 3049 7.81983173 0.00781983173 3.56608187
855 3049 7.82004936 0.00782004936 3.56608187
855 3049 7.81970017 0.00781970017 3.56608187
855 3049 7.81984657 0.00781984657 3.56608187
855 3049 7.82005328 0.00782005328 3.56608187
855 3049 7.81969784 0.00781969784 3.56608187
854 3043 7.79746002 0.00779746002 3.56323185
854 3041 7.79763583 0.00779763583 3.56088993
854 3040 7.80644925 0.00780644925 3.55971897
854 3041 7.81321838 0.00781321838 3.56088993
854 3041 7.81330826 0.00781330826 3.56088993
854 3041 7.81329737 0.00781329737 3.56088993
854 3041 7.81330209 0.00781330209 3.56088993
854 3041 7.81331097 0.00781331097 3.56088993
854 3041 7.81330609 0.00781330609 3.56088993
854 3041 7.81330607 0.00781330607 3.56088993
853 3034 7.79253027 0.00779253027 3.55685815
853 3034 7.79241643 0.00779241643 3.55685815
853 3034 7.79251406 0.00779251406 3.55685815
853 3034 7.79251251 0.00779251251 3.55685815
853 3034 7.79267267 0.00779267267 3.55685815
853 3034 7.7924524 0.0077924524 3.55685815
853 3034 7.79255004 0.00779255004 3.55685815
853 3034 7.79247545 0.00779247545 3.55685815
853 3034 7.79241357 0.00779241357 3.55685815
853 3034 7.79255012 0.00779255012 3.55685815
852 3028 7.77111244 0.00777111244 3.55399061
852 3026 7.77160286 0.00777160286 3.55164319
852 3026 7.77108969 0.00777108969 3.55164319
852 3026 7.77166999 0.00777166999 3.55164319
852 3026 7.7711261 0.0077711261 3.55164319
852 3026 7.77170771 0.00777170771 3.55164319
852 3026 7.77112674 0.00777112674 3.55164319
852 3026 7.77173537 0.00777173537 3.55164319
852 3026 7.77112877 0.00777112877 3.55164319
852 3026 7.77173774 0.00777173774 3.55164319
851 3016 7.74999758 0.00774999758 3.5440658
851 3020 7.75023638 0.00775023638 3.54876616
851 3016 7.75013618 0.00775013618 3.5440658
851 3016 7.75001216 0.00775001216 3.5440658
851 3016 7.74988351 0.00774988351 3.5440658
851 3016 7.75018509 0.00775018509 3.5440658
851 3016 7.74999175 0.00774999175 3.5440658
851 3016 7.74993367 0.00774993367 3.5440658
851 3016 7.75020746 0.00775020746 3.5440658
851 3016 7.7499885 0.0077499885 3.5440658
850 3010 7.72906353 0.00772906353 3.54117647
850 3010 7.72907138 0.00772907138 3.54117647
850 3010 7.72895916 0.00772895916 3.54117647
850 3012 7.72867473 0.00772867473 3.54352941
850 3012 7.73006601 0.00773006601 3.54352941
850 3013 7.73062608 0.00773062608 3.54470588
850 3013 7.73060977 0.00773060977 3.54470588
850 3013 7.73064467 0.00773064467 3.54470588
850 3013 7.73072793 0.00773072793 3.54470588
850 3013 7.73071619 0.00773071619 3.54470588
849 3006 7.70968767 0.00770968767 3.54063604
849 3008 7.70993043 0.00770993043 3.54299176
849 3004 7.70925173 0.00770925173 3.53828033
849 3008 7.70986106 0.00770986106 3.54299176
849 3004 7.70942509 0.00770942509 3.53828033
849 3008 7.70967938 0.00770967938 3.54299176
849 3006 7.7097391 0.0077097391 3.54063604
849 3008 7.70993278 0.00770993278 3.54299176
849 3004 7.70929024 0.00770929024 3.53828033
849 3008 7.70986275 0.00770986275 3.54299176
848 2998 7.68870956 0.00768870956 3.53537736
848 2998 7.68929387 0.00768929387 3.53537736
848 2998 7.68905907 0.00768905907 3.53537736
848 2998 7.68894495 0.00768894495 3.53537736
848 2998 7.68894726 0.00768894726 3.53537736
848 2998 7.68894009 0.00768894009 3.53537736
848 2998 7.68895499 0.00768895499 3.53537736
848 2998 7.68895656 0.00768895656 3.53537736
848 2998 7.6889551 0.0076889551 3.53537736
848 2998 7.68895388 0.00768895388 3.53537736
847 2992 7.66733316 0.00766733316 3.53246753
847 2992 7.66751937 0.00766751937 3.53246753
847 2992 7.66753388 0.00766753388 3.53246753
847 2992 7.66748253 0.00766748253 3.53246753
847 2992 7.66756474 0.00766756474 3.53246753
847 2992 7.66744471 0.00766744471 3.53246753
847 2992 7.66760728 0.00766760728 3.53246753
847 2992 7.66749324 0.00766749324 3.53246753
847 2992 7.66747233 0.00766747233 3.53246753
847 2992 7.66756653 0.00766756653 3.53246753
846 2986 7.64518673 0.00764518673 3.52955083
846 2986 7.66207177 0.00766207177 3.52955083
846 2986 7.66208302 0.00766208302 3.52955083
846 2986 7.66192465 0.00766192465 3.52955083
846 2986 7.66187999 0.00766187999 3.52955083
846 2986 7.66187921 0.00766187921 3.52955083
846 2986 7.66188632 0.00766188632 3.52955083
846 2986 7.66188978 0.00766188978 3.52955083
846 2986 7.66189092 0.00766189092 3.52955083
846 2986 7.6618908 0.0076618908 3.52955083
845 2980 7.6406014 0.0076406014 3.52662722
845 2980 7.640793 0.007640793 3.52662722
845 2980 7.64057572 0.00764057572 3.52662722
845 2980 7.64090565 0.00764090565 3.52662722
845 2980 7.64088676 0.00764088676 3.52662722
845 2980 7.64078144 0.00764078144 3.52662722
845 2980 7.64087258 0.00764087258 3.52662722
845 2980 7.64091193 0.00764091193 3.52662722
845 2980 7.64094874 0.00764094874 3.52662722
845 2980 7.64088357 0.00764088357 3.52662722
844 2969 7.61885356 0.00761885356 3.51777251
844 2973 7.61904982 0.00761904982 3.52251185
844 2974 7.61920652 0.00761920652 3.52369668
844 2974 7.61911026 0.00761911026 3.52369668
844 2974 7.61908034 0.00761908034 3.52369668
844 2974 7.61935022 0.00761935022 3.52369668
844 2974 7.61915439 0.00761915439 3.52369668
844 2974 7.61920836 0.00761920836 3.52369668
844 2974 7.61928392 0.00761928392 3.52369668
844 2974 7.61915507 0.00761915507 3.52369668
843 2968 7.59755957 0.00759755957 3.52075919
843 2963 7.59744088 0.00759744088 3.514828
843 2963 7.59720699 0.00759720699 3.514828
843 2968 7.59746449 0.00759746449 3.52075919
843 2968 7.59719593 0.00759719593 3.52075919
843 2963 7.59743344 0.00759743344 3.514828
843 2963 7.59715215 0.00759715215 3.514828
843 2968 7.59746599 0.00759746599 3.52075919
843 2968 7.59718972 0.00759718972 3.52075919
843 2963 7.59743507 0.00759743507 3.514828
842 2960 7.57563411 0.00757563411 3.51543943
842 2957 7.57583884 0.00757583884 3.51187648
842 2965 7.57561074 0.00757561074 3.52137767
842 2960 7.57590824 0.00757590824 3.51543943
842 2957 7.57573648 0.00757573648 3.51187648
842 2965 7.5755568 0.0075755568 3.52137767
842 2960 7.57589436 0.00757589436 3.51543943
842 2957 7.57575756 0.00757575756 3.51187648
842 2965 7.5755614 0.0075755614 3.52137767
842 2960 7.57589405 0.00757589405 3.51543943
841 2954 7.55455022 0.00755455022 3.51248514
841 2954 7.5543291 0.0075543291 3.51248514
841 2954 7.55442639 0.00755442639 3.51248514
841 2954 7.55462206 0.00755462206 3.51248514
841 2954 7.55465241 0.00755465241 3.51248514
841 2954 7.55463331 0.00755463331 3.51248514
841 2954 7.55463378 0.00755463378 3.51248514
841 2954 7.55463317 0.00755463317 3.51248514
841 2954 7.55463262 0.00755463262 3.51248514
841 2954 7.55463262 0.00755463262 3.51248514
840 2949 7.53235894 0.00753235894 3.51071429
840 2947 7.56699129 0.00756699129 3.50833333
840 2943 7.57015281 0.00757015281 3.50357143
840 2939 7.57907916 0.00757907916 3.49880952
840 2939 7.5811461 0.0075811461 3.49880952
840 2939 7.58119468 0.00758119468 3.49880952
840 2939 7.58118529 0.00758118529 3.49880952
840 2939 7.58132761 0.00758132761 3.49880952
840 2939 7.58111638 0.00758111638 3.49880952
840 2939 7.58120131 0.00758120131 3.49880952
839 2936 7.56149325 0.00756149325 3.49940405
839 2933 7.56154359 0.00756154359 3.49582837
839 2936 7.56163172 0.00756163172 3.49940405
839 2933 7.56151982 0.00756151982 3.49582837
839 2936 7.5616067 0.0075616067 3.49940405
839 2933 7.56154957 0.00756154957 3.49582837
839 2936 7.56159154 0.00756159154 3.49940405
839 2933 7.56156555 0.00756156555 3.49582837
839 2936 7.56160635 0.00756160635 3.49940405
839 2933 7.56157157 0.00756157157 3.49582837
838 2930 7.54218665 0.00754218665 3.49642005
838 2930 7.54240305 0.00754240305 3.49642005
838 2930 7.54233866 0.00754233866 3.49642005
838 2930 7.54236299 0.00754236299 3.49642005
838 2930 7.54236502 0.00754236502 3.49642005
838 2930 7.54236494 0.00754236494 3.49642005
838 2930 7.54236273 0.00754236273 3.49642005
838 2930 7.54236317 0.00754236317 3.49642005
838 2930 7.54236367 0.00754236367 3.49642005
838 2930 7.54236383 0.00754236383 3.49642005
837 2926 7.52329311 0.00752329311 3.4958184
837 2926 7.53898368 0.00753898368 3.4958184
837 2926 7.53899093 0.00753899093 3.4958184
837 2926 7.53884889 0.00753884889 3.4958184
837 2926 7.538802 0.007538802 3.4958184
837 2926 7.53880842 0.00753880842 3.4958184
837 2926 7.53881975 0.00753881975 3.4958184
837 2926 7.5388232 0.0075388232 3.4958184
837 2926 7.53882291 0.00753882291 3.4958184
837 2926 7.53882165 0.00753882165 3.4958184
836 2920 7.51999586 0.00751999586 3.49282297
836 2920 7.52015541 0.00752015541 3.49282297
836 2920 7.52016816 0.00752016816 3.49282297
836 2920 7.52001731 0.00752001731 3.49282297
836 2920 7.51994792 0.00751994792 3.49282297
836 2920 7.51994671 0.00751994671 3.49282297
836 2920 7.51997359 0.00751997359 3.49282297
836 2920 7.51998158 0.00751998158 3.49282297
836 2920 7.51998532 0.00751998532 3.49282297
836 2920 7.51998694 0.00751998694 3.49282297
835 2914 7.50032445 0.00750032445 3.48982036
835 2914 7.5005758 0.0075005758 3.48982036
835 2914 7.50060285 0.00750060285 3.48982036
835 2914 7.50054272 0.00750054272 3.48982036
835 2914 7.50068065 0.00750068065 3.48982036
835 2914 7.50067492 0.00750067492 3.48982036
835 2914 7.5006832 0.0075006832 3.48982036
835 2914 7.50068892 0.00750068892 3.48982036
835 2914 7.50069149 0.00750069149 3.48982036
835 2914 7.50069301 0.00750069301 3.48982036
834 2908 7.47974678 0.00747974678 3.48681055
834 2908 7.47971153 0.00747971153 3.48681055
834 2908 7.47959473 0.00747959473 3.48681055
834 2908 7.47956864 0.00747956864 3.48681055
834 2908 7.47954592 0.00747954592 3.48681055
834 2908 7.47953782 0.00747953782 3.48681055
834 2908 7.47954053 0.00747954053 3.48681055
834 2908 7.47953914 0.00747953914 3.48681055
834 2908 7.47953845 0.00747953845 3.48681055
834 2908 7.47953851 0.00747953851 3.48681055
833 2905 7.45813511 0.00745813511 3.48739496
833 2905 7.45846186 0.00745846186 3.48739496
833 2905 7.45836916 0.00745836916 3.48739496
833 2905 7.45851003 0.00745851003 3.48739496
833 2905 7.45833836 0.00745833836 3.48739496
833 2905 7.45843177 0.00745843177 3.48739496
833 2905 7.4584106 0.0074584106 3.48739496
833 2905 7.45854211 0.00745854211 3.48739496
833 2905 7.45863022 0.00745863022 3.48739496
833 2905 7.45833575 0.00745833575 3.48739496
832 2897 7.43737655 0.00743737655 3.48197115
832 2900 7.44696209 0.00744696209 3.48557692
832 2900 7.44695427 0.00744695427 3.48557692
832 2900 7.4471101 0.0074471101 3.48557692
832 2900 7.447213 0.007447213 3.48557692
832 2900 7.44714059 0.00744714059 3.48557692
832 2900 7.44695421 0.00744695421 3.48557692
832 2900 7.44708573 0.00744708573 3.48557692
832 2900 7.44724462 0.00744724462 3.48557692
832 2900 7.4472222 0.0074472222 3.48557692
831 2894 7.42740471 0.00742740471 3.48255114
831 2894 7.42725037 0.00742725037 3.48255114
831 2894 7.42747045 0.00742747045 3.48255114
831 2894 7.42744659 0.00742744659 3.48255114
831 2894 7.42745116 0.00742745116 3.48255114
831 2894 7.42745576 0.00742745576 3.48255114
831 2894 7.4274568 0.0074274568 3.48255114
831 2894 7.42745892 0.00742745892 3.48255114
831 2894 7.42746035 0.00742746035 3.48255114
831 2894 7.42746069 0.00742746069 3.48255114
830 2887 7.40498091 0.00740498091 3.47831325
830 2887 7.4048575 0.0074048575 3.47831325
830 2887 7.40484338 0.00740484338 3.47831325
830 2891 7.40508465 0.00740508465 3.48313253
830 2891 7.40501264 0.00740501264 3.48313253
830 2891 7.40500109 0.00740500109 3.48313253
830 2891 7.40507444 0.00740507444 3.48313253
830 2891 7.40517152 0.00740517152 3.48313253
830 2891 7.40520617 0.00740520617 3.48313253
830 2891 7.40523135 0.00740523135 3.48313253
829 2881 7.38265167 0.00738265167 3.47527141
829 2880 7.38428888 0.00738428888 3.47406514
829 2880 7.38588177 0.00738588177 3.47406514
829 2880 7.38588171 0.00738588171 3.47406514
829 2880 7.38589948 0.00738589948 3.47406514
829 2880 7.38596604 0.00738596604 3.47406514
829 2880 7.38594829 0.00738594829 3.47406514
829 2880 7.38586887 0.00738586887 3.47406514
829 2880 7.38588256 0.00738588256 3.47406514
829 2880 7.38593529 0.00738593529 3.47406514
828 2874 7.36665212 0.00736665212 3.47101449
828 2874 7.36672282 0.00736672282 3.47101449
828 2874 7.36661363 0.00736661363 3.47101449
828 2874 7.36660804 0.00736660804 3.47101449
828 2874 7.36659973 0.00736659973 3.47101449
828 2874 7.36660529 0.00736660529 3.47101449
828 2874 7.36660426 0.00736660426 3.47101449
828 2874 7.36660394 0.00736660394 3.47101449
828 2874 7.36660478 0.00736660478 3.47101449
828 2874 7.36660457 0.00736660457 3.47101449
827 2871 7.34551087 0.00734551087 3.47158404
827 2871 7.3454081 0.0073454081 3.47158404
827 2871 7.34562995 0.00734562995 3.47158404
827 2871 7.3454326 0.0073454326 3.47158404
827 2871 7.3454181 0.0073454181 3.47158404
827 2871 7.34542523 0.00734542523 3.47158404
827 2871 7.34544744 0.00734544744 3.47158404
827 2871 7.34544847 0.00734544847 3.47158404
827 2871 7.34544623 0.00734544623 3.47158404
827 2871 7.34544653 0.00734544653 3.47158404
826 2861 7.32389801 0.00732389801 3.46368039
826 2861 7.32389507 0.00732389507 3.46368039
826 2861 7.32402206 0.00732402206 3.46368039
826 2861 7.32403693 0.00732403693 3.46368039
826 2861 7.32404206 0.00732404206 3.46368039
826 2861 7.32404324 0.00732404324 3.46368039
826 2861 7.32404531 0.00732404531 3.46368039
826 2861 7.32404725 0.00732404725 3.46368039
826 2861 7.3240481 0.0073240481 3.46368039
826 2861 7.32404821 0.00732404821 3.46368039
825 2854 7.30162232 0.00730162232 3.45939394
825 2854 7.30157615 0.00730157615 3.45939394
825 2854 7.30152898 0.00730152898 3.45939394
825 2854 7.30152622 0.00730152622 3.45939394
825 2854 7.3015623 0.0073015623 3.45939394
825 2854 7.30153868 0.00730153868 3.45939394
825 2854 7.30150653 0.00730150653 3.45939394
825 2854 7.3015443 0.0073015443 3.45939394
825 2854 7.30153987 0.00730153987 3.45939394
825 2854 7.30150765 0.00730150765 3.45939394
824 2848 7.27840753 0.00727840753 3.45631068
824 2847 7.2910802 0.0072910802 3.45509709
824 2847 7.29082607 0.00729082607 3.45509709
824 2847 7.29087976 0.00729087976 3.45509709
824 2847 7.2908898 0.0072908898 3.45509709
824 2847 7.29088663 0.00729088663 3.45509709
824 2847 7.2908852 0.0072908852 3.45509709
824 2847 7.29088672 0.00729088672 3.45509709
824 2847 7.29088877 0.00729088877 3.45509709
824 2847 7.29088913 0.00729088913 3.45509709
823 2840 7.26825178 0.00726825178 3.45078979
823 2840 7.26824075 0.00726824075 3.45078979
823 2840 7.26843154 0.00726843154 3.45078979
823 2840 7.26836922 0.00726836922 3.45078979
823 2840 7.26831722 0.00726831722 3.45078979
823 2840 7.26830419 0.00726830419 3.45078979
823 2840 7.2683002 0.0072683002 3.45078979
823 2840 7.26830264 0.00726830264 3.45078979
823 2840 7.26830486 0.00726830486 3.45078979
823 2840 7.26830535 0.00726830535 3.45078979
822 2833 7.24542103 0.00724542103 3.44647202
822 2833 7.24516779 0.00724516779 3.44647202
822 2833 7.2451658 0.0072451658 3.44647202
822 2833 7.24521885 0.00724521885 3.44647202
822 2833 7.24523139 0.00724523139 3.44647202
822 2833 7.24525183 0.00724525183 3.44647202
822 2833 7.24520667 0.00724520667 3.44647202
822 2833 7.24520841 0.00724520841 3.44647202
822 2833 7.24523844 0.00724523844 3.44647202
822 2833 7.24525213 0.00724525213 3.44647202
821 2826 7.22188031 0.00722188031 3.44214373
821 2826 7.22185695 0.00722185695 3.44214373
821 2830 7.2225403 0.0072225403 3.44701583
821 2832 7.23631124 0.00723631124 3.44945189
821 2832 7.23649654 0.00723649654 3.44945189
821 2832 7.23655583 0.00723655583 3.44945189
821 2832 7.23644201 0.00723644201 3.44945189
821 2832 7.2364191 0.0072364191 3.44945189
821 2832 7.23641215 0.00723641215 3.44945189
821 2832 7.23641538 0.00723641538 3.44945189
820 2825 7.21413823 0.00721413823 3.44512195
820 2825 7.21395396 0.00721395396 3.44512195
820 2825 7.21413324 0.00721413324 3.44512195
820 2825 7.21420542 0.00721420542 3.44512195
820 2825 7.21408728 0.00721408728 3.44512195
820 2825 7.21405924 0.00721405924 3.44512195
820 2825 7.21406501 0.00721406501 3.44512195
820 2825 7.21407483 0.00721407483 3.44512195
820 2825 7.21407455 0.00721407455 3.44512195
820 2825 7.21407375 0.00721407375 3.44512195
819 2819 7.19172789 0.00719172789 3.44200244
819 2818 7.19151483 0.00719151483 3.44078144
819 2818 7.19149339 0.00719149339 3.44078144
819 2818 7.19177876 0.00719177876 3.44078144
819 2819 7.1912222 0.0071912222 3.44200244
819 2821 7.20087005 0.00720087005 3.44444444
819 2821 7.20086662 0.00720086662 3.44444444
819 2821 7.20094057 0.00720094057 3.44444444
819 2821 7.20095477 0.00720095477 3.44444444
819 2821 7.20096297 0.00720096297 3.44444444
818 2814 7.18038403 0.00718038403 3.4400978
818 2817 7.18076208 0.00718076208 3.44376528
818 2817 7.18082964 0.00718082964 3.44376528
818 2817 7.18088255 0.00718088255 3.44376528
818 2817 7.18088906 0.00718088906 3.44376528
818 2817 7.18088714 0.00718088714 3.44376528
818 2817 7.18088655 0.00718088655 3.44376528
818 2817 7.18088604 0.00718088604 3.44376528
818 2817 7.180886 0.007180886 3.44376528
818 2817 7.18088594 0.00718088594 3.44376528
817 2807 7.16053134 0.00716053134 3.43574051
817 2807 7.16040593 0.00716040593 3.43574051
817 2807 7.16087608 0.00716087608 3.43574051
817 2807 7.16085164 0.00716085164 3.43574051
817 2807 7.16114804 0.00716114804 3.43574051
817 2807 7.16056748 0.00716056748 3.43574051
817 2807 7.16044249 0.00716044249 3.43574051
817 2807 7.16076893 0.00716076893 3.43574051
817 2807 7.16096899 0.00716096899 3.43574051
817 2807 7.16055165 0.00716055165 3.43574051
816 2800 7.13932283 0.00713932283 3.43137255
816 2800 7.13915455 0.00713915455 3.43137255
816 2800 7.1392212 0.0071392212 3.43137255
816 2800 7.13923126 0.00713923126 3.43137255
816 2800 7.13923588 0.00713923588 3.43137255
816 2800 7.1392314 0.0071392314 3.43137255
816 2800 7.13923373 0.00713923373 3.43137255
816 2800 7.13923419 0.00713923419 3.43137255
816 2800 7.13923415 0.00713923415 3.43137255
816 2800 7.13923433 0.00713923433 3.43137255
815 2793 7.1179657 0.0071179657 3.42699387
815 2797 7.12218898 0.00712218898 3.43190184
815 2797 7.12200776 0.00712200776 3.43190184
815 2797 7.12250647 0.00712250647 3.43190184
815 2797 7.12260809 0.00712260809 3.43190184
815 2797 7.12266122 0.00712266122 3.43190184
815 2797 7.12259533 0.00712259533 3.43190184
815 2797 7.12266557 0.00712266557 3.43190184
815 2797 7.12259943 0.00712259943 3.43190184
815 2797 7.12266766 0.00712266766 3.43190184
814 2790 7.10180211 0.00710180211 3.42751843
814 2790 7.10127159 0.00710127159 3.42751843
814 2790 7.10136141 0.00710136141 3.42751843
814 2790 7.10142063 0.00710142063 3.42751843
814 2790 7.10140246 0.00710140246 3.42751843
814 2790 7.10140111 0.00710140111 3.42751843
814 2790 7.1014016 0.0071014016 3.42751843
814 2790 7.10140275 0.00710140275 3.42751843
814 2790 7.101402 0.007101402 3.42751843
814 2790 7.10140169 0.00710140169 3.42751843
813 2784 7.0802306 0.0070802306 3.42435424
813 2784 7.08025386 0.00708025386 3.42435424
813 2784 7.0801256 0.0070801256 3.42435424
813 2784 7.080291 0.007080291 3.42435424
813 2784 7.08015669 0.00708015669 3.42435424
813 2784 7.08028477 0.00708028477 3.42435424
813 2784 7.08015716 0.00708015716 3.42435424
813 2784 7.08028276 0.00708028276 3.42435424
813 2784 7.08015713 0.00708015713 3.42435424
813 2784 7.08028271 0.00708028271 3.42435424
812 2777 7.05861538 0.00705861538 3.41995074
812 2777 7.05872234 0.00705872234 3.41995074
812 2781 7.05905939 0.00705905939 3.42487685
812 2780 7.05906385 0.00705906385 3.42364532
812 2780 7.05938292 0.00705938292 3.42364532
812 2780 7.0592203 0.0070592203 3.42364532
812 2780 7.05922245 0.00705922245 3.42364532
812 2780 7.05924454 0.00705924454 3.42364532
812 2780 7.0592446 0.0070592446 3.42364532
812 2780 7.05924356 0.00705924356 3.42364532
811 2774 7.03927373 0.00703927373 3.42046856
811 2774 7.03904263 0.00703904263 3.42046856
811 2774 7.03929531 0.00703929531 3.42046856
811 2774 7.03899652 0.00703899652 3.42046856
811 2774 7.03900486 0.00703900486 3.42046856
811 2774 7.03905904 0.00703905904 3.42046856
811 2774 7.03906005 0.00703906005 3.42046856
811 2774 7.03899873 0.00703899873 3.42046856
811 2774 7.03902524 0.00703902524 3.42046856
811 2774 7.03907565 0.00703907565 3.42046856
810 2767 7.01851887 0.00701851887 3.41604938
810 2767 7.01890581 0.00701890581 3.41604938
810 2767 7.01877688 0.00701877688 3.41604938
810 2767 7.01872506 0.00701872506 3.41604938
810 2767 7.01873302 0.00701873302 3.41604938
810 2767 7.01873954 0.00701873954 3.41604938
810 2767 7.0187437 0.0070187437 3.41604938
810 2767 7.01874035 0.00701874035 3.41604938
810 2767 7.01874008 0.00701874008 3.41604938
810 2767 7.01874029 0.00701874029 3.41604938
809 2761 6.99832501 0.00699832501 3.41285538
809 2761 6.99806896 0.00699806896 3.41285538
809 2761 6.99804989 0.00699804989 3.41285538
809 2761 6.99807346 0.00699807346 3.41285538
809 2761 6.99805295 0.00699805295 3.41285538
809 2761 6.99805448 0.00699805448 3.41285538
809 2761 6.99805363 0.00699805363 3.41285538
809 2761 6.9980561 0.0069980561 3.41285538
809 2761 6.99805577 0.00699805577 3.41285538
809 2761 6.99805558 0.00699805558 3.41285538
808 2754 6.97766279 0.00697766279 3.40841584
808 2754 6.9777628 0.0069777628 3.40841584
808 2754 6.97761386 0.00697761386 3.40841584
808 2750 6.98073072 0.00698073072 3.40346535
808 2750 6.980943 0.006980943 3.40346535
808 2750 6.98086151 0.00698086151 3.40346535
808 2750 6.98084898 0.00698084898 3.40346535
808 2750 6.98085653 0.00698085653 3.40346535
808 2750 6.98085014 0.00698085014 3.40346535
808 2750 6.98084793 0.00698084793 3.40346535
807 2744 6.96113355 0.00696113355 3.40024783
807 2744 6.96085766 0.00696085766 3.40024783
807 2746 6.96083867 0.00696083867 3.40272615
807 2744 6.96099672 0.00696099672 3.40024783
807 2744 6.96095005 0.00696095005 3.40024783
807 2744 6.96093861 0.00696093861 3.40024783
807 2744 6.96092029 0.00696092029 3.40024783
807 2746 6.96087991 0.00696087991 3.40272615
807 2744 6.96101761 0.00696101761 3.40024783
807 2744 6.96093693 0.00696093693 3.40024783
806 2740 6.94131158 0.00694131158 3.39950372
806 2737 6.94123666 0.00694123666 3.39578164
806 2740 6.94151139 0.00694151139 3.39950372
806 2737 6.94137078 0.00694137078 3.39578164
806 2740 6.94158013 0.00694158013 3.39950372
806 2737 6.94138811 0.00694138811 3.39578164
806 2740 6.94157681 0.00694157681 3.39950372
806 2737 6.94138688 0.00694138688 3.39578164
806 2740 6.9414438 0.0069414438 3.39950372
806 2740 6.94164095 0.00694164095 3.39950372
805 2733 6.92209597 0.00692209597 3.39503106
805 2733 6.92217051 0.00692217051 3.39503106
805 2733 6.92201452 0.00692201452 3.39503106
805 2733 6.92199176 0.00692199176 3.39503106
805 2733 6.92199275 0.00692199275 3.39503106
805 2733 6.92199582 0.00692199582 3.39503106
805 2733 6.92199667 0.00692199667 3.39503106
805 2733 6.92199748 0.00692199748 3.39503106
805 2733 6.92199823 0.00692199823 3.39503106
805 2733 6.92199833 0.00692199833 3.39503106
804 2728 6.90131406 0.00690131406 3.39303483
804 2728 6.90136408 0.00690136408 3.39303483
804 2728 6.90136777 0.00690136777 3.39303483
804 2728 6.90110928 0.00690110928 3.39303483
804 2728 6.90118653 0.00690118653 3.39303483
804 2728 6.90100673 0.00690100673 3.39303483
804 2728 6.90108955 0.00690108955 3.39303483
804 2728 6.90109646 0.00690109646 3.39303483
804 2728 6.90095609 0.00690095609 3.39303483
804 2728 6.90108922 0.00690108922 3.39303483
803 2723 6.88019064 0.00688019064 3.39103362
803 2723 6.88038877 0.00688038877 3.39103362
803 2723 6.88034322 0.00688034322 3.39103362
803 2723 6.88066154 0.00688066154 3.39103362
803 2723 6.88047282 0.00688047282 3.39103362
803 2723 6.88035291 0.00688035291 3.39103362
803 2723 6.88040941 0.00688040941 3.39103362
803 2718 6.88021982 0.00688021982 3.38480697
803 2718 6.87992069 0.00687992069 3.38480697
803 2723 6.88044251 0.00688044251 3.39103362
802 2716 6.85864641 0.00685864641 3.38653367
802 2713 6.85887527 0.00685887527 3.38279302
802 2716 6.8588183 0.0068588183 3.38653367
802 2711 6.85902713 0.00685902713 3.38029925
802 2711 6.85899799 0.00685899799 3.38029925
802 2716 6.85867521 0.00685867521 3.38653367
802 2713 6.85892455 0.00685892455 3.38279302
802 2713 6.85888507 0.00685888507 3.38279302
802 2716 6.85864996 0.00685864996 3.38653367
802 2711 6.85881547 0.00685881547 3.38029925
801 2706 6.8380769 0.0068380769 3.37827715
801 2706 6.83816238 0.00683816238 3.37827715
801 2706 6.83807257 0.00683807257 3.37827715
801 2706 6.83808211 0.00683808211 3.37827715
801 2706 6.83818069 0.00683818069 3.37827715
801 2706 6.83819823 0.00683819823 3.37827715
801 2706 6.8381902 0.0068381902 3.37827715
801 2706 6.83818794 0.00683818794 3.37827715
801 2706 6.83819057 0.00683819057 3.37827715
801 2706 6.83819183 0.00683819183 3.37827715
800 2701 6.81661613 0.00681661613 3.37625
800 2701 6.83230507 0.00683230507 3.37625
800 2701 6.83202108 0.00683202108 3.37625
800 2701 6.83182174 0.00683182174 3.37625
800 2701 6.83190611 0.00683190611 3.37625
800 2699 6.8326487 0.0068326487 3.37375
800 2699 6.83235444 0.00683235444 3.37375
800 2699 6.83228573 0.00683228573 3.37375
800 2699 6.83227389 0.00683227389 3.37375
800 2699 6.83228264 0.00683228264 3.37375
799 2694 6.81153137 0.00681153137 3.37171464
799 2694 6.81149737 0.00681149737 3.37171464
799 2694 6.81143371 0.00681143371 3.37171464
799 2694 6.81145613 0.00681145613 3.37171464
799 2694 6.81145018 0.00681145018 3.37171464
799 2694 6.81145593 0.00681145593 3.37171464
799 2694 6.81145483 0.00681145483 3.37171464
799 2694 6.81145491 0.00681145491 3.37171464
799 2694 6.81145513 0.00681145513 3.37171464
799 2694 6.81145496 0.00681145496 3.37171464
798 2691 6.79080683 0.00679080683 3.37218045
798 2692 6.79646423 0.00679646423 3.37343358
798 2687 6.79683271 0.00679683271 3.36716792
798 2692 6.79732249 0.00679732249 3.37343358
798 2698 6.79979081 0.00679979081 3.38095238
798 2698 6.79967506 0.00679967506 3.38095238
798 2698 6.79968675 0.00679968675 3.38095238
798 2698 6.799671 0.006799671 3.38095238
798 2698 6.79966999 0.00679966999 3.38095238
798 2698 6.79968093 0.00679968093 3.38095238
797 2691 6.77995085 0.00677995085 3.37641154
797 2691 6.7799949 0.0067799949 3.37641154
797 2691 6.77987721 0.00677987721 3.37641154
797 2691 6.77987347 0.00677987347 3.37641154
797 2691 6.77989659 0.00677989659 3.37641154
797 2691 6.77989788 0.00677989788 3.37641154
797 2691 6.77990259 0.00677990259 3.37641154
797 2691 6.779903 0.006779903 3.37641154
797 2691 6.77990302 0.00677990302 3.37641154
797 2691 6.77990316 0.00677990316 3.37641154
796 2681 6.75958285 0.00675958285 3.36809045
796 2681 6.75960866 0.00675960866 3.36809045
796 2681 6.75966634 0.00675966634 3.36809045
796 2681 6.75965776 0.00675965776 3.36809045
796 2681 6.75969206 0.00675969206 3.36809045
796 2681 6.75966723 0.00675966723 3.36809045
796 2681 6.75969145 0.00675969145 3.36809045
796 2681 6.75966662 0.00675966662 3.36809045
796 2681 6.75969112 0.00675969112 3.36809045
796 2681 6.75966655 0.00675966655 3.36809045
795 2676 6.7384518 0.0067384518 3.36603774
795 2677 6.7552413 0.0067552413 3.3672956
795 2677 6.75526449 0.00675526449 3.3672956
795 2677 6.75527797 0.00675527797 3.3672956
795 2677 6.7553286 0.0067553286 3.3672956
795 2677 6.75528972 0.00675528972 3.3672956
795 2677 6.7552533 0.0067552533 3.3672956
795 2677 6.75532683 0.00675532683 3.3672956
795 2677 6.75528891 0.00675528891 3.3672956
795 2677 6.75525295 0.00675525295 3.3672956
794 2674 6.73598724 0.00673598724 3.36775819
794 2674 6.7360526 0.0067360526 3.36775819
794 2674 6.73624676 0.00673624676 3.36775819
794 2674 6.73611954 0.00673611954 3.36775819
794 2674 6.73609346 0.00673609346 3.36775819
794 2674 6.73629688 0.00673629688 3.36775819
794 2674 6.73611856 0.00673611856 3.36775819
794 2674 6.73608714 0.00673608714 3.36775819
794 2674 6.73629859 0.00673629859 3.36775819
794 2674 6.73611891 0.00673611891 3.36775819
793 2667 6.71534258 0.00671534258 3.36317781
793 2667 6.71529484 0.00671529484 3.36317781
793 2667 6.71539462 0.00671539462 3.36317781
793 2667 6.71530485 0.00671530485 3.36317781
793 2667 6.71543556 0.00671543556 3.36317781
793 2667 6.71532553 0.00671532553 3.36317781
793 2667 6.71544612 0.00671544612 3.36317781
793 2667 6.71532635 0.00671532635 3.36317781
793 2667 6.7154478 0.0067154478 3.36317781
793 2667 6.71532689 0.00671532689 3.36317781
792 2660 6.69531186 0.00669531186 3.35858586
792 2660 6.69524659 0.00669524659 3.35858586
792 2660 6.69507985 0.00669507985 3.35858586
792 2660 6.69510202 0.00669510202 3.35858586
792 2660 6.69515531 0.00669515531 3.35858586
792 2660 6.69500437 0.00669500437 3.35858586
792 2660 6.69499299 0.00669499299 3.35858586
792 2660 6.695101 0.006695101 3.35858586
792 2660 6.69511964 0.00669511964 3.35858586
792 2660 6.69510626 0.00669510626 3.35858586
791 2655 6.67448915 0.00667448915 3.35651075
791 2655 6.67475268 0.00667475268 3.35651075
791 2655 6.67477516 0.00667477516 3.35651075
791 2655 6.67488453 0.00667488453 3.35651075
791 2655 6.67475025 0.00667475025 3.35651075
791 2655 6.67490596 0.00667490596 3.35651075
791 2655 6.67493308 0.00667493308 3.35651075
791 2655 6.67494862 0.00667494862 3.35651075
791 2655 6.67493363 0.00667493363 3.35651075
791 2655 6.67493264 0.00667493264 3.35651075
790 2652 6.65312221 0.00665312221 3.35696203
790 2652 6.65300363 0.00665300363 3.35696203
790 2644 6.65283678 0.00665283678 3.34683544
790 2640 6.65436586 0.00665436586 3.34177215
790 2640 6.65405277 0.00665405277 3.34177215
790 2640 6.65401443 0.00665401443 3.34177215
790 2640 6.65402968 0.00665402968 3.34177215
790 2640 6.654098 0.006654098 3.34177215
790 2640 6.65408603 0.00665408603 3.34177215
790 2640 6.65406808 0.00665406808 3.34177215
789 2637 6.6330575 0.0066330575 3.34220532
789 2635 6.63225944 0.00663225944 3.33967047
789 2637 6.63311414 0.00663311414 3.34220532
789 2637 6.63309716 0.00663309716 3.34220532
789 2637 6.63302401 0.00663302401 3.34220532
789 2637 6.6330364 0.0066330364 3.34220532
789 2637 6.63293509 0.00663293509 3.34220532
789 2637 6.63313165 0.00663313165 3.34220532
789 2637 6.63298894 0.00663298894 3.34220532
789 2637 6.63306781 0.00663306781 3.34220532
788 2630 6.61235579 0.00661235579 3.33756345
788 2628 6.61228468 0.00661228468 3.33502538
788 2630 6.61221787 0.00661221787 3.33756345
788 2630 6.6123274 0.0066123274 3.33756345
788 2630 6.61223917 0.00661223917 3.33756345
788 2630 6.6124003 0.0066124003 3.33756345
788 2630 6.6122873 0.0066122873 3.33756345
788 2630 6.61237309 0.00661237309 3.33756345
788 2630 6.61231318 0.00661231318 3.33756345
788 2630 6.61238556 0.00661238556 3.33756345
787 2623 6.59241857 0.00659241857 3.33290978
787 2619 6.59195965 0.00659195965 3.32782719
787 2623 6.59250421 0.00659250421 3.33290978
787 2623 6.59228872 0.00659228872 3.33290978
787 2623 6.59230146 0.00659230146 3.33290978
787 2619 6.59184002 0.00659184002 3.32782719
787 2623 6.59254514 0.00659254514 3.33290978
787 2623 6.59227863 0.00659227863 3.33290978
787 2623 6.59229095 0.00659229095 3.33290978
787 2619 6.59184015 0.00659184015 3.32782719
786 2614 6.571845 0.006571845 3.32569975
786 2614 6.57186087 0.00657186087 3.32569975
786 2616 6.59056925 0.00659056925 3.32824427
786 2616 6.59067715 0.00659067715 3.32824427
786 2616 6.59066041 0.00659066041 3.32824427
786 2616 6.59063985 0.00659063985 3.32824427
786 2616 6.59064868 0.00659064868 3.32824427
786 2616 6.59064809 0.00659064809 3.32824427
786 2616 6.59064871 0.00659064871 3.32824427
786 2616 6.59064826 0.00659064826 3.32824427
785 2610 6.57052903 0.00657052903 3.32484076
785 2606 6.57022416 0.00657022416 3.31974522
785 2607 6.57053257 0.00657053257 3.32101911
785 2607 6.57042552 0.00657042552 3.32101911
785 2607 6.57040037 0.00657040037 3.32101911
785 2607 6.57038811 0.00657038811 3.32101911
785 2607 6.57039003 0.00657039003 3.32101911
785 2607 6.57039031 0.00657039031 3.32101911
785 2607 6.57039025 0.00657039025 3.32101911
785 2607 6.57039034 0.00657039034 3.32101911
784 2601 6.55033828 0.00655033828 3.31760204
784 2601 6.55026468 0.00655026468 3.31760204
784 2601 6.5501952 0.0065501952 3.31760204
784 2601 6.55021245 0.00655021245 3.31760204
784 2601 6.55022708 0.00655022708 3.31760204
784 2601 6.55022856 0.00655022856 3.31760204
784 2601 6.55022795 0.00655022795 3.31760204
784 2601 6.55022772 0.00655022772 3.31760204
784 2601 6.55022788 0.00655022788 3.31760204
784 2601 6.55022832 0.00655022832 3.31760204
783 2597 6.52957287 0.00652957287 3.31673052
783 2597 6.53492825 0.00653492825 3.31673052
783 2597 6.5348576 0.0065348576 3.31673052
783 2597 6.5348813 0.0065348813 3.31673052
783 2597 6.53486823 0.00653486823 3.31673052
783 2597 6.53487619 0.00653487619 3.31673052
783 2597 6.53487607 0.00653487607 3.31673052
783 2597 6.53487634 0.00653487634 3.31673052
783 2597 6.53487637 0.00653487637 3.31673052
783 2597 6.53487635 0.00653487635 3.31673052
782 2591 6.51463477 0.00651463477 3.31329923
782 2591 6.51447521 0.00651447521 3.31329923
782 2591 6.51466884 0.00651466884 3.31329923
782 2591 6.51460618 0.00651460618 3.31329923
782 2591 6.51459425 0.00651459425 3.31329923
782 2591 6.51460989 0.00651460989 3.31329923
782 2591 6.51461109 0.00651461109 3.31329923
782 2591 6.51461206 0.00651461206 3.31329923
782 2591 6.51461179 0.00651461179 3.31329923
782 2591 6.51461188 0.00651461188 3.31329923
781 2585 6.49417708 0.00649417708 3.30985915
781 2585 6.4940121 0.0064940121 3.30985915
781 2584 6.49420149 0.00649420149 3.30857875
781 2588 6.49695176 0.00649695176 3.31370038
781 2589 6.49956558 0.00649956558 3.31498079
781 2583 6.51832273 0.00651832273 3.30729834
781 2585 6.52441452 0.00652441452 3.30985915
781 2585 6.5243672 0.0065243672 3.30985915
781 2585 6.52415882 0.00652415882 3.30985915
781 2587 6.5242407 0.0065242407 3.31241997
780 2578 6.50511589 0.00650511589 3.30512821
780 2578 6.50529397 0.00650529397 3.30512821
780 2578 6.50533143 0.00650533143 3.30512821
780 2582 6.52305563 0.00652305563 3.31025641
780 2584 6.52559147 0.00652559147 3.31282051
780 2585 6.52551594 0.00652551594 3.31410256
780 2585 6.52554502 0.00652554502 3.31410256
780 2585 6.52569837 0.00652569837 3.31410256
780 2585 6.52557717 0.00652557717 3.31410256
780 2585 6.5255013 0.0065255013 3.31410256
779 2576 6.50621063 0.00650621063 3.30680359
779 2576 6.50614796 0.00650614796 3.30680359
779 2579 6.50581174 0.00650581174 3.31065469
779 2576 6.50621315 0.00650621315 3.30680359
779 2579 6.50592487 0.00650592487 3.31065469
779 2576 6.50631682 0.00650631682 3.30680359
779 2579 6.50599578 0.00650599578 3.31065469
779 2579 6.50578456 0.00650578456 3.31065469
779 2579 6.50577014 0.00650577014 3.31065469
779 2576 6.50633195 0.00650633195 3.30680359
778 2570 6.48655015 0.00648655015 3.3033419
778 2570 6.48652137 0.00648652137 3.3033419
778 2570 6.4865687 0.0064865687 3.3033419
778 2570 6.48646101 0.00648646101 3.3033419
778 2570 6.48643078 0.00648643078 3.3033419
778 2570 6.4864227 0.0064864227 3.3033419
778 2570 6.48641845 0.00648641845 3.3033419
778 2570 6.48641641 0.00648641641 3.3033419
778 2570 6.48641424 0.00648641424 3.3033419
778 2570 6.48641401 0.00648641401 3.3033419
777 2565 6.46627838 0.00646627838 3.3011583
777 2565 6.46640693 0.00646640693 3.3011583
777 2565 6.46632876 0.00646632876 3.3011583
777 2565 6.46647187 0.00646647187 3.3011583
777 2565 6.46633829 0.00646633829 3.3011583
777 2565 6.46602576 0.00646602576 3.3011583
777 2565 6.46643302 0.00646643302 3.3011583
777 2565 6.46630234 0.00646630234 3.3011583
777 2565 6.46607321 0.00646607321 3.3011583
777 2565 6.46641607 0.00646641607 3.3011583
776 2559 6.44606784 0.00644606784 3.29768041
776 2556 6.44877334 0.00644877334 3.29381443
776 2560 6.44887527 0.00644887527 3.29896907
776 2560 6.44881412 0.00644881412 3.29896907
776 2560 6.44880094 0.00644880094 3.29896907
776 2560 6.44868687 0.00644868687 3.29896907
776 2560 6.44866651 0.00644866651 3.29896907
776 2560 6.4487341 0.0064487341 3.29896907
776 2560 6.44869756 0.00644869756 3.29896907
776 2560 6.44864265 0.00644864265 3.29896907
775 2551 6.4293534 0.0064293534 3.2916129
775 2551 6.42924898 0.00642924898 3.2916129
775 2551 6.4293601 0.0064293601 3.2916129
775 2554 6.42877791 0.00642877791 3.29548387
775 2554 6.42881452 0.00642881452 3.29548387
775 2551 6.42949504 0.00642949504 3.2916129
775 2551 6.42939226 0.00642939226 3.2916129
775 2554 6.42878388 0.00642878388 3.29548387
775 2554 6.42880224 0.00642880224 3.29548387
775 2551 6.42949999 0.00642949999 3.2916129
774 2545 6.4095022 0.0064095022 3.2881137
774 2545 6.40956766 0.00640956766 3.2881137
774 2545 6.40957657 0.00640957657 3.2881137
774 2545 6.4094917 0.0064094917 3.2881137
774 2545 6.40950843 0.00640950843 3.2881137
774 2545 6.40953064 0.00640953064 3.2881137
774 2545 6.40949661 0.00640949661 3.2881137
774 2545 6.40949544 0.00640949544 3.2881137
774 2545 6.40950192 0.00640950192 3.2881137
774 2545 6.4095035 0.0064095035 3.2881137
773 2539 6.38980063 0.00638980063 3.28460543
773 2539 6.38983012 0.00638983012 3.28460543
773 2539 6.38975564 0.00638975564 3.28460543
773 2539 6.38970944 0.00638970944 3.28460543
773 2539 6.3896924 0.0063896924 3.28460543
773 2539 6.3896894 0.0063896894 3.28460543
773 2539 6.38968568 0.00638968568 3.28460543
773 2539 6.38968353 0.00638968353 3.28460543
773 2539 6.38968296 0.00638968296 3.28460543
773 2539 6.38968304 0.00638968304 3.28460543
772 2534 6.36966366 0.00636966366 3.28238342
772 2534 6.36976377 0.00636976377 3.28238342
772 2534 6.36982438 0.00636982438 3.28238342
772 2534 6.36991219 0.00636991219 3.28238342
772 2534 6.36992285 0.00636992285 3.28238342
772 2534 6.36991642 0.00636991642 3.28238342
772 2534 6.36991076 0.00636991076 3.28238342
772 2534 6.36991234 0.00636991234 3.28238342
772 2534 6.36991301 0.00636991301 3.28238342
772 2534 6.36991344 0.00636991344 3.28238342
771 2531 6.34864945 0.00634864945 3.28274968
771 2531 6.34858232 0.00634858232 3.28274968
771 2531 6.34863805 0.00634863805 3.28274968
771 2531 6.34830626 0.00634830626 3.28274968
771 2531 6.34851994 0.00634851994 3.28274968
771 2531 6.34840152 0.00634840152 3.28274968
771 2531 6.34865438 0.00634865438 3.28274968
771 2531 6.34835206 0.00634835206 3.28274968
771 2531 6.34852646 0.00634852646 3.28274968
771 2531 6.34840108 0.00634840108 3.28274968
770 2525 6.32676397 0.00632676397 3.27922078
770 2525 6.32786815 0.00632786815 3.27922078
770 2525 6.32891339 0.00632891339 3.27922078
770 2525 6.32872495 0.00632872495 3.27922078
770 2525 6.32866351 0.00632866351 3.27922078
770 2525 6.32871385 0.00632871385 3.27922078
770 2525 6.32873642 0.00632873642 3.27922078
770 2525 6.32876065 0.00632876065 3.27922078
770 2525 6.32872937 0.00632872937 3.27922078
770 2525 6.32875795 0.00632875795 3.27922078
769 2519 6.30793916 0.00630793916 3.2756827
769 2520 6.30836471 0.00630836471 3.27698309
769 2522 6.30885488 0.00630885488 3.27958388
769 2522 6.30873401 0.00630873401 3.27958388
769 2522 6.30881817 0.00630881817 3.27958388
769 2522 6.30879285 0.00630879285 3.27958388
769 2522 6.30889682 0.00630889682 3.27958388
769 2522 6.30877934 0.00630877934 3.27958388
769 2522 6.30870867 0.00630870867 3.27958388
769 2522 6.30871679 0.00630871679 3.27958388
768 2516 6.28872015 0.00628872015 3.27604167
768 2516 6.28871606 0.00628871606 3.27604167
768 2516 6.28868555 0.00628868555 3.27604167
768 2516 6.28867665 0.00628867665 3.27604167
768 2516 6.28868131 0.00628868131 3.27604167
768 2516 6.28867506 0.00628867506 3.27604167
768 2516 6.28867436 0.00628867436 3.27604167
768 2516 6.28867433 0.00628867433 3.27604167
768 2516 6.28867432 0.00628867432 3.27604167
768 2516 6.28867438 0.00628867438 3.27604167
767 2510 6.26845992 0.00626845992 3.27249022
767 2510 6.26851609 0.00626851609 3.27249022
767 2512 6.26838577 0.00626838577 3.27509778
767 2515 6.2682396 0.0062682396 3.27900913
767 2518 6.26929195 0.00626929195 3.28292047
767 2518 6.26918719 0.00626918719 3.28292047
767 2518 6.2692266 0.0062692266 3.28292047
767 2518 6.26915421 0.00626915421 3.28292047
767 2518 6.26924972 0.00626924972 3.28292047
767 2518 6.26914964 0.00626914964 3.28292047
766 2513 6.24977129 0.00624977129 3.28067885
766 2512 6.24960171 0.00624960171 3.27937337
766 2512 6.24951929 0.00624951929 3.27937337
766 2512 6.24967877 0.00624967877 3.27937337
766 2513 6.24986768 0.00624986768 3.28067885
766 2513 6.24964161 0.00624964161 3.28067885
766 2512 6.24968351 0.00624968351 3.27937337
766 2512 6.24953888 0.00624953888 3.27937337
766 2512 6.24945915 0.00624945915 3.27937337
766 2513 6.24980481 0.00624980481 3.28067885
765 2507 6.23021735 0.00623021735 3.27712418
765 2507 6.22991231 0.00622991231 3.27712418
765 2507 6.23055517 0.00623055517 3.27712418
765 2506 6.23007062 0.00623007062 3.27581699
765 2506 6.23004542 0.00623004542 3.27581699
765 2507 6.23033533 0.00623033533 3.27712418
765 2507 6.23029247 0.00623029247 3.27712418
765 2506 6.23005044 0.00623005044 3.27581699
765 2507 6.23029085 0.00623029085 3.27712418
765 2507 6.2305247 0.0062305247 3.27712418
764 2501 6.21073069 0.00621073069 3.27356021
764 2501 6.21085034 0.00621085034 3.27356021
764 2501 6.21086689 0.00621086689 3.27356021
764 2501 6.210873 0.006210873 3.27356021
764 2501 6.21085579 0.00621085579 3.27356021
764 2501 6.21086956 0.00621086956 3.27356021
764 2501 6.21087733 0.00621087733 3.27356021
764 2501 6.21088269 0.00621088269 3.27356021
764 2501 6.21088205 0.00621088205 3.27356021
764 2501 6.21088241 0.00621088241 3.27356021
763 2492 6.19053309 0.00619053309 3.26605505
763 2492 6.19044311 0.00619044311 3.26605505
763 2492 6.19042225 0.00619042225 3.26605505
763 2492 6.19038241 0.00619038241 3.26605505
763 2492 6.19036872 0.00619036872 3.26605505
763 2492 6.19036502 0.00619036502 3.26605505
763 2492 6.19036602 0.00619036602 3.26605505
763 2492 6.19036472 0.00619036472 3.26605505
763 2492 6.19036398 0.00619036398 3.26605505
763 2492 6.19036412 0.00619036412 3.26605505
762 2487 6.16948106 0.00616948106 3.26377953
762 2484 6.16966239 0.00616966239 3.25984252
762 2484 6.1696231 0.0061696231 3.25984252
762 2487 6.16992356 0.00616992356 3.26377953
762 2487 6.16971603 0.00616971603 3.26377953
762 2487 6.16974338 0.00616974338 3.26377953
762 2487 6.1697789 0.0061697789 3.26377953
762 2487 6.16975967 0.00616975967 3.26377953
762 2487 6.16977683 0.00616977683 3.26377953
762 2487 6.16979155 0.00616979155 3.26377953
761 2478 6.14881662 0.00614881662 3.25624179
761 2480 6.14889859 0.00614889859 3.25886991
761 2478 6.15067415 0.00615067415 3.25624179
761 2480 6.16366519 0.00616366519 3.25886991
761 2480 6.1672205 0.0061672205 3.25886991
761 2480 6.16724764 0.00616724764 3.25886991
761 2480 6.1672288 0.0061672288 3.25886991
761 2480 6.16722989 0.00616722989 3.25886991
761 2480 6.16722875 0.00616722875 3.25886991
761 2480 6.16722863 0.00616722863 3.25886991
760 2477 6.14717799 0.00614717799 3.25921053
760 2477 6.1471472 0.0061471472 3.25921053
760 2477 6.14713027 0.00614713027 3.25921053
760 2477 6.14706941 0.00614706941 3.25921053
760 2477 6.14705252 0.00614705252 3.25921053
760 2477 6.1470472 0.0061470472 3.25921053
760 2477 6.14704339 0.00614704339 3.25921053
760 2477 6.14704219 0.00614704219 3.25921053
760 2477 6.14704124 0.00614704124 3.25921053
760 2477 6.14704125 0.00614704125 3.25921053
759 2472 6.12637821 0.00612637821 3.256917
759 2472 6.12659228 0.00612659228 3.256917
759 2472 6.12677081 0.00612677081 3.256917
759 2472 6.12683804 0.00612683804 3.256917
759 2472 6.12687216 0.00612687216 3.256917
759 2472 6.1268677 0.0061268677 3.256917
759 2472 6.12686573 0.00612686573 3.256917
759 2472 6.12686906 0.00612686906 3.256917
759 2472 6.12686965 0.00612686965 3.256917
759 2472 6.12687045 0.00612687045 3.256917
758 2466 6.10543066 0.00610543066 3.25329815
758 2468 6.10734432 0.00610734432 3.25593668
758 2468 6.10719838 0.00610719838 3.25593668
758 2468 6.10709565 0.00610709565 3.25593668
758 2468 6.1070674 0.0061070674 3.25593668
758 2468 6.10706281 0.00610706281 3.25593668
758 2468 6.10706175 0.00610706175 3.25593668
758 2468 6.1070602 0.0061070602 3.25593668
758 2468 6.10705878 0.00610705878 3.25593668
758 2468 6.10705905 0.00610705905 3.25593668
757 2464 6.08627496 0.00608627496 3.25495376
757 2461 6.08789949 0.00608789949 3.25099075
757 2463 6.08924075 0.00608924075 3.25363276
757 2463 6.08960419 0.00608960419 3.25363276
757 2463 6.08925755 0.00608925755 3.25363276
757 2463 6.08946621 0.00608946621 3.25363276
757 2463 6.08895648 0.00608895648 3.25363276
757 2463 6.08936282 0.00608936282 3.25363276
757 2463 6.08939435 0.00608939435 3.25363276
757 2463 6.08929638 0.00608929638 3.25363276
756 2457 6.06939254 0.00606939254 3.25
756 2458 6.06947487 0.00606947487 3.25132275
756 2458 6.0688758 0.0060688758 3.25132275
756 2455 6.06857418 0.00606857418 3.2473545
756 2458 6.06927184 0.00606927184 3.25132275
756 2458 6.06891218 0.00606891218 3.25132275
756 2455 6.06860212 0.00606860212 3.2473545
756 2458 6.069245 0.006069245 3.25132275
756 2458 6.06891801 0.00606891801 3.25132275
756 2455 6.06860235 0.00606860235 3.2473545
755 2452 6.05024023 0.00605024023 3.24768212
755 2452 6.05000028 0.00605000028 3.24768212
755 2452 6.05013719 0.00605013719 3.24768212
755 2452 6.05003642 0.00605003642 3.24768212
755 2456 6.06724854 0.00606724854 3.25298013
755 2458 6.0676896 0.0060676896 3.25562914
755 2458 6.06760933 0.00606760933 3.25562914
755 2458 6.06757005 0.00606757005 3.25562914
755 2458 6.06750413 0.00606750413 3.25562914
755 2458 6.06765509 0.00606765509 3.25562914
754 2453 6.04873756 0.00604873756 3.25331565
754 2450 6.04850066 0.00604850066 3.24933687
754 2453 6.04868014 0.00604868014 3.25331565
754 2450 6.04857031 0.00604857031 3.24933687
754 2453 6.04870671 0.00604870671 3.25331565
754 2450 6.04856651 0.00604856651 3.24933687
754 2453 6.0487121 0.0060487121 3.25331565
754 2450 6.04856674 0.00604856674 3.24933687
754 2453 6.04871237 0.00604871237 3.25331565
754 2450 6.04856672 0.00604856672 3.24933687
753 2447 6.03019831 0.00603019831 3.24966799
753 2447 6.02998489 0.00602998489 3.24966799
753 2447 6.03003683 0.00603003683 3.24966799
753 2447 6.03007002 0.00603007002 3.24966799
753 2447 6.03007103 0.00603007103 3.24966799
753 2447 6.03006857 0.00603006857 3.24966799
753 2447 6.03006799 0.00603006799 3.24966799
753 2447 6.03006815 0.00603006815 3.24966799
753 2447 6.03006814 0.00603006814 3.24966799
753 2447 6.03006828 0.00603006828 3.24966799
752 2445 6.01097232 0.00601097232 3.25132979
752 2436 6.0104936 0.0060104936 3.2393617
752 2445 6.01091354 0.00601091354 3.25132979
752 2445 6.01099556 0.00601099556 3.25132979
752 2445 6.01097487 0.00601097487 3.25132979
752 2445 6.01096182 0.00601096182 3.25132979
752 2445 6.0109625 0.0060109625 3.25132979
752 2445 6.01096579 0.00601096579 3.25132979
752 2445 6.01096637 0.00601096637 3.25132979
752 2445 6.010967 0.006010967 3.25132979
751 2433 5.99245536 0.00599245536 3.23968043
751 2433 5.99249452 0.00599249452 3.23968043
751 2433 5.99246432 0.00599246432 3.23968043
751 2433 5.99235712 0.00599235712 3.23968043
751 2433 5.99249442 0.00599249442 3.23968043
751 2433 5.99229176 0.00599229176 3.23968043
751 2433 5.99234967 0.00599234967 3.23968043
751 2433 5.99235174 0.00599235174 3.23968043
751 2433 5.99235224 0.00599235224 3.23968043
751 2433 5.99235868 0.00599235868 3.23968043
750 2428 5.97242121 0.00597242121 3.23733333
750 2428 5.97246381 0.00597246381 3.23733333
750 2438 5.99019635 0.00599019635 3.25066667
750 2434 5.99156372 0.00599156372 3.24533333
750 2423 5.99803159 0.00599803159 3.23066667
750 2426 5.9990983 0.0059990983 3.23466667
750 2428 5.99972687 0.00599972687 3.23733333
750 2428 5.99966176 0.00599966176 3.23733333
750 2428 5.99959614 0.00599959614 3.23733333
750 2428 5.99965469 0.00599965469 3.23733333
749 2423 5.98170167 0.00598170167 3.23497997
749 2423 5.98140255 0.00598140255 3.23497997
749 2420 5.98139625 0.00598139625 3.23097463
749 2422 5.98144796 0.00598144796 3.23364486
749 2427 5.98132325 0.00598132325 3.24032043
749 2421 5.98216682 0.00598216682 3.23230975
749 2421 5.98204433 0.00598204433 3.23230975
749 2422 5.98334558 0.00598334558 3.23364486
749 2420 5.98499993 0.00598499993 3.23097463
749 2420 5.98500131 0.00598500131 3.23097463
748 2414 5.96677802 0.00596677802 3.22727273
748 2414 5.96621968 0.00596621968 3.22727273
748 2414 5.96649348 0.00596649348 3.22727273
748 2414 5.96660935 0.00596660935 3.22727273
748 2414 5.96655361 0.00596655361 3.22727273
748 2414 5.96641215 0.00596641215 3.22727273
748 2414 5.96665519 0.00596665519 3.22727273
748 2414 5.96648216 0.00596648216 3.22727273
748 2414 5.96647978 0.00596647978 3.22727273
748 2414 5.96656757 0.00596656757 3.22727273
747 2409 5.94784939 0.00594784939 3.2248996
747 2406 5.9481176 0.0059481176 3.22088353
747 2406 5.94806527 0.00594806527 3.22088353
747 2406 5.94815605 0.00594815605 3.22088353
747 2406 5.94818406 0.00594818406 3.22088353
747 2406 5.94817616 0.00594817616 3.22088353
747 2406 5.9481676 0.0059481676 3.22088353
747 2406 5.9481665 0.0059481665 3.22088353
747 2406 5.94816694 0.00594816694 3.22088353
747 2406 5.94816646 0.00594816646 3.22088353
746 2400 5.92986565 0.00592986565 3.21715818
746 2400 5.92978878 0.00592978878 3.21715818
746 2400 5.92955429 0.00592955429 3.21715818
746 2400 5.92968303 0.00592968303 3.21715818
746 2400 5.92990009 0.00592990009 3.21715818
746 2400 5.92987164 0.00592987164 3.21715818
746 2400 5.92953357 0.00592953357 3.21715818
746 2400 5.92968903 0.00592968903 3.21715818
746 2400 5.9298947 0.0059298947 3.21715818
746 2400 5.92987058 0.00592987058 3.21715818
745 2394 5.91062672 0.00591062672 3.21342282
745 2392 5.91062455 0.00591062455 3.21073826
745 2391 5.91063289 0.00591063289 3.20939597
745 2387 5.9286016 0.0059286016 3.20402685
745 2393 5.92844597 0.00592844597 3.21208054
745 2393 5.93201174 0.00593201174 3.21208054
745 2393 5.93183899 0.00593183899 3.21208054
745 2393 5.93187225 0.00593187225 3.21208054
745 2395 5.9319565 0.0059319565 3.2147651
745 2395 5.93194632 0.00593194632 3.2147651
744 2390 5.91462264 0.00591462264 3.21236559
744 2390 5.91455564 0.00591455564 3.21236559
744 2390 5.91476167 0.00591476167 3.21236559
744 2390 5.91460155 0.00591460155 3.21236559
744 2390 5.91462083 0.00591462083 3.21236559
744 2390 5.91449055 0.00591449055 3.21236559
744 2390 5.91470352 0.00591470352 3.21236559
744 2390 5.91450394 0.00591450394 3.21236559
744 2390 5.9147082 0.0059147082 3.21236559
744 2390 5.91452008 0.00591452008 3.21236559
743 2384 5.89705125 0.00589705125 3.20861373
743 2378 5.89759295 0.00589759295 3.20053836
743 2378 5.89734529 0.00589734529 3.20053836
743 2378 5.89736108 0.00589736108 3.20053836
743 2378 5.89735249 0.00589735249 3.20053836
743 2378 5.89733825 0.00589733825 3.20053836
743 2378 5.89733921 0.00589733921 3.20053836
743 2378 5.8973478 0.0058973478 3.20053836
743 2378 5.8973504 0.0058973504 3.20053836
743 2378 5.89735062 0.00589735062 3.20053836
742 2374 5.8803264 0.0058803264 3.19946092
742 2375 5.88023411 0.00588023411 3.20080863
742 2374 5.88042716 0.00588042716 3.19946092
742 2374 5.88054907 0.00588054907 3.19946092
742 2374 5.88051432 0.00588051432 3.19946092
742 2374 5.88053901 0.00588053901 3.19946092
742 2374 5.88053381 0.00588053381 3.19946092
742 2374 5.880535 0.005880535 3.19946092
742 2374 5.88053463 0.00588053463 3.19946092
742 2374 5.88053416 0.00588053416 3.19946092
741 2371 5.86315231 0.00586315231 3.19973009
741 2371 5.86291246 0.00586291246 3.19973009
741 2371 5.86294893 0.00586294893 3.19973009
741 2371 5.86315585 0.00586315585 3.19973009
741 2371 5.86302974 0.00586302974 3.19973009
741 2371 5.86289601 0.00586289601 3.19973009
741 2371 5.86317568 0.00586317568 3.19973009
741 2371 5.86302945 0.00586302945 3.19973009
741 2371 5.86289292 0.00586289292 3.19973009
741 2371 5.86317724 0.00586317724 3.19973009
740 2365 5.84546317 0.00584546317 3.19594595
740 2365 5.84547737 0.00584547737 3.19594595
740 2365 5.84561408 0.00584561408 3.19594595
740 2365 5.84561906 0.00584561906 3.19594595
740 2365 5.84565124 0.00584565124 3.19594595
740 2365 5.84564168 0.00584564168 3.19594595
740 2365 5.84564222 0.00584564222 3.19594595
740 2365 5.84564132 0.00584564132 3.19594595
740 2365 5.84564193 0.00584564193 3.19594595
740 2365 5.84564156 0.00584564156 3.19594595
739 2359 5.82790042 0.00582790042 3.19215156
739 2359 5.82772506 0.00582772506 3.19215156
739 2359 5.82768027 0.00582768027 3.19215156
739 2359 5.82769988 0.00582769988 3.19215156
739 2359 5.82769198 0.00582769198 3.19215156
739 2359 5.8276939 0.0058276939 3.19215156
739 2359 5.82769106 0.00582769106 3.19215156
739 2359 5.82769044 0.00582769044 3.19215156
739 2359 5.82769057 0.00582769057 3.19215156
739 2359 5.82769097 0.00582769097 3.19215156
738 2353 5.80959538 0.00580959538 3.18834688
738 2353 5.80958722 0.00580958722 3.18834688
738 2353 5.80942428 0.00580942428 3.18834688
738 2353 5.80959489 0.00580959489 3.18834688
738 2353 5.80975272 0.00580975272 3.18834688
738 2353 5.8095733 0.0058095733 3.18834688
738 2351 5.81026767 0.00581026767 3.18563686
738 2350 5.81202529 0.00581202529 3.18428184
738 2350 5.81188164 0.00581188164 3.18428184
738 2350 5.81213527 0.00581213527 3.18428184
737 2344 5.7943071 0.0057943071 3.18046133
737 2344 5.79431344 0.00579431344 3.18046133
737 2344 5.79444557 0.00579444557 3.18046133
737 2344 5.79445687 0.00579445687 3.18046133
737 2344 5.79449173 0.00579449173 3.18046133
737 2344 5.79448252 0.00579448252 3.18046133
737 2344 5.79448226 0.00579448226 3.18046133
737 2344 5.79448182 0.00579448182 3.18046133
737 2344 5.79448232 0.00579448232 3.18046133
737 2344 5.794482 0.005794482 3.18046133
736 2338 5.77671206 0.00577671206 3.17663043
736 2338 5.77654063 0.00577654063 3.17663043
736 2338 5.77648612 0.00577648612 3.17663043
736 2338 5.77649967 0.00577649967 3.17663043
736 2338 5.77649135 0.00577649135 3.17663043
736 2338 5.77649469 0.00577649469 3.17663043
736 2338 5.77649229 0.00577649229 3.17663043
736 2338 5.77649162 0.00577649162 3.17663043
736 2338 5.77649173 0.00577649173 3.17663043
736 2338 5.77649207 0.00577649207 3.17663043
735 2332 5.75840108 0.00575840108 3.17278912
735 2332 5.75840409 0.00575840409 3.17278912
735 2332 5.75822424 0.00575822424 3.17278912
735 2332 5.75821616 0.00575821616 3.17278912
735 2332 5.75826244 0.00575826244 3.17278912
735 2332 5.758289 0.005758289 3.17278912
735 2332 5.75829833 0.00575829833 3.17278912
735 2332 5.75830785 0.00575830785 3.17278912
735 2332 5.75830841 0.00575830841 3.17278912
735 2332 5.75830533 0.00575830533 3.17278912
734 2322 5.74007904 0.00574007904 3.16348774
734 2322 5.74023887 0.00574023887 3.16348774
734 2322 5.74015442 0.00574015442 3.16348774
734 2322 5.74031918 0.00574031918 3.16348774
734 2322 5.74018792 0.00574018792 3.16348774
734 2322 5.74029836 0.00574029836 3.16348774
734 2322 5.74031467 0.00574031467 3.16348774
734 2322 5.74024488 0.00574024488 3.16348774
734 2322 5.74024869 0.00574024869 3.16348774
734 2322 5.74025179 0.00574025179 3.16348774
733 2316 5.72144238 0.00572144238 3.15961801
733 2316 5.72137551 0.00572137551 3.15961801
733 2318 5.72106504 0.00572106504 3.16234652
733 2316 5.72155329 0.00572155329 3.15961801
733 2316 5.72127659 0.00572127659 3.15961801
733 2318 5.72112727 0.00572112727 3.16234652
733 2316 5.72152862 0.00572152862 3.15961801
733 2316 5.72142528 0.00572142528 3.15961801
733 2316 5.72135496 0.00572135496 3.15961801
733 2316 5.72136473 0.00572136473 3.15961801
732 2312 5.70262376 0.00570262376 3.15846995
732 2312 5.70185454 0.00570185454 3.15846995
732 2313 5.70776919 0.00570776919 3.15983607
732 2307 5.70809483 0.00570809483 3.15163934
732 2311 5.70789626 0.00570789626 3.15710383
732 2307 5.70800219 0.00570800219 3.15163934
732 2307 5.70814666 0.00570814666 3.15163934
732 2307 5.70810066 0.00570810066 3.15163934
732 2307 5.70805222 0.00570805222 3.15163934
732 2307 5.70812231 0.00570812231 3.15163934
731 2303 5.68917697 0.00568917697 3.1504788
731 2307 5.68918949 0.00568918949 3.15595075
731 2307 5.689589 0.005689589 3.15595075
731 2306 5.69004235 0.00569004235 3.15458276
731 2304 5.69022942 0.00569022942 3.15184679
731 2302 5.69016847 0.00569016847 3.14911081
731 2304 5.69008082 0.00569008082 3.15184679
731 2302 5.69030887 0.00569030887 3.14911081
731 2304 5.69015916 0.00569015916 3.15184679
731 2304 5.68984619 0.00568984619 3.15184679
730 2296 5.67247294 0.00567247294 3.14520548
730 2300 5.67248507 0.00567248507 3.15068493
730 2300 5.67243135 0.00567243135 3.15068493
730 2298 5.67229256 0.00567229256 3.14794521
730 2300 5.67248557 0.00567248557 3.15068493
730 2300 5.67236657 0.00567236657 3.15068493
730 2295 5.67237771 0.00567237771 3.14383562
730 2296 5.67294545 0.00567294545 3.14520548
730 2296 5.67261973 0.00567261973 3.14520548
730 2300 5.67260658 0.00567260658 3.15068493
729 2292 5.65493355 0.00565493355 3.14403292
729 2292 5.65507764 0.00565507764 3.14403292
729 2292 5.65482398 0.00565482398 3.14403292
729 2292 5.65481466 0.00565481466 3.14403292
729 2292 5.65509091 0.00565509091 3.14403292
729 2292 5.6552267 0.0056552267 3.14403292
729 2292 5.65491695 0.00565491695 3.14403292
729 2292 5.65480593 0.00565480593 3.14403292
729 2292 5.65490781 0.00565490781 3.14403292
729 2292 5.6550673 0.0056550673 3.14403292
728 2282 5.63656208 0.00563656208 3.13461538
728 2282 5.63638121 0.00563638121 3.13461538
728 2282 5.63641072 0.00563641072 3.13461538
728 2282 5.63638371 0.00563638371 3.13461538
728 2282 5.63636605 0.00563636605 3.13461538
728 2282 5.63636845 0.00563636845 3.13461538
728 2282 5.63636548 0.00563636548 3.13461538
728 2282 5.63636603 0.00563636603 3.13461538
728 2282 5.63636553 0.00563636553 3.13461538
728 2282 5.63636562 0.00563636562 3.13461538
727 2276 5.61784854 0.00561784854 3.130674
727 2282 5.63305614 0.00563305614 3.1389271
727 2282 5.63293453 0.00563293453 3.1389271
727 2282 5.6328288 0.0056328288 3.1389271
727 2282 5.6328381 0.0056328381 3.1389271
727 2282 5.63288039 0.00563288039 3.1389271
727 2282 5.63289944 0.00563289944 3.1389271
727 2282 5.63291244 0.00563291244 3.1389271
727 2282 5.63291265 0.00563291265 3.1389271
727 2282 5.63290991 0.00563290991 3.1389271
726 2272 5.61491738 0.00561491738 3.12947658
726 2272 5.61513606 0.00561513606 3.12947658
726 2279 5.63125246 0.00563125246 3.13911846
726 2279 5.63125719 0.00563125719 3.13911846
726 2279 5.63112696 0.00563112696 3.13911846
726 2279 5.63107364 0.00563107364 3.13911846
726 2279 5.63115895 0.00563115895 3.13911846
726 2279 5.63119849 0.00563119849 3.13911846
726 2279 5.63120762 0.00563120762 3.13911846
726 2279 5.63121113 0.00563121113 3.13911846
725 2269 5.61368576 0.00561368576 3.12965517
725 2269 5.61367133 0.00561367133 3.12965517
725 2269 5.61355558 0.00561355558 3.12965517
725 2271 5.61351931 0.00561351931 3.13241379
725 2269 5.61383874 0.00561383874 3.12965517
725 2269 5.61354301 0.00561354301 3.12965517
725 2271 5.61353869 0.00561353869 3.13241379
725 2269 5.61384563 0.00561384563 3.12965517
725 2269 5.6135437 0.0056135437 3.12965517
725 2271 5.61353762 0.00561353762 3.13241379
724 2261 5.59554578 0.00559554578 3.12292818
724 2261 5.59557 0.00559557 3.12292818
724 2261 5.59585829 0.00559585829 3.12292818
724 2261 5.5955495 0.0055955495 3.12292818
724 2261 5.59586509 0.00559586509 3.12292818
724 2261 5.59554213 0.00559554213 3.12292818
724 2261 5.59585907 0.00559585907 3.12292818
724 2261 5.59553617 0.00559553617 3.12292818
724 2261 5.59586049 0.00559586049 3.12292818
724 2261 5.59553607 0.00559553607 3.12292818
723 2258 5.57549469 0.00557549469 3.1230982
723 2262 5.58572197 0.00558572197 3.12863071
723 2262 5.58569399 0.00558569399 3.12863071
723 2262 5.58555613 0.00558555613 3.12863071
723 2262 5.58549818 0.00558549818 3.12863071
723 2262 5.58555315 0.00558555315 3.12863071
723 2262 5.5855911 0.0055855911 3.12863071
723 2262 5.58560286 0.00558560286 3.12863071
723 2262 5.58560212 0.00558560212 3.12863071
723 2262 5.58560259 0.00558560259 3.12863071
722 2252 5.56809055 0.00556809055 3.11911357
722 2252 5.56807712 0.00556807712 3.11911357
722 2252 5.56800358 0.00556800358 3.11911357
722 2252 5.5680906 0.0055680906 3.11911357
722 2252 5.56816377 0.00556816377 3.11911357
722 2252 5.56816964 0.00556816964 3.11911357
722 2252 5.56815739 0.00556815739 3.11911357
722 2252 5.56816477 0.00556816477 3.11911357
722 2252 5.56816414 0.00556816414 3.11911357
722 2252 5.56816228 0.00556816228 3.11911357
721 2247 5.54977909 0.00554977909 3.11650485
721 2247 5.54978049 0.00554978049 3.11650485
721 2247 5.54972898 0.00554972898 3.11650485
721 2247 5.54971931 0.00554971931 3.11650485
721 2247 5.54970026 0.00554970026 3.11650485
721 2247 5.54970682 0.00554970682 3.11650485
721 2247 5.54970773 0.00554970773 3.11650485
721 2247 5.54970603 0.00554970603 3.11650485
721 2247 5.54970632 0.00554970632 3.11650485
721 2247 5.5497068 0.0055497068 3.11650485
720 2238 5.53066926 0.00553066926 3.10833333
720 2242 5.53113181 0.00553113181 3.11388889
720 2245 5.53429604 0.00553429604 3.11805556
720 2241 5.54115753 0.00554115753 3.1125
720 2241 5.54627916 0.00554627916 3.1125
720 2239 5.5463358 0.0055463358 3.10972222
720 2239 5.54652245 0.00554652245 3.10972222
720 2239 5.54640154 0.00554640154 3.10972222
720 2239 5.54624063 0.00554624063 3.10972222
720 2239 5.54644215 0.00554644215 3.10972222
719 2233 5.52896856 0.00552896856 3.10570236
719 2236 5.52908356 0.00552908356 3.10987483
719 2236 5.52884439 0.00552884439 3.10987483
719 2234 5.52887939 0.00552887939 3.10709318
719 2236 5.52908377 0.00552908377 3.10987483
719 2236 5.52888452 0.00552888452 3.10987483
719 2234 5.52890176 0.00552890176 3.10709318
719 2236 5.52908101 0.00552908101 3.10987483
719 2236 5.52888522 0.00552888522 3.10987483
719 2234 5.52890202 0.00552890202 3.10709318
718 2228 5.51162366 0.00551162366 3.10306407
718 2230 5.51151064 0.00551151064 3.10584958
718 2228 5.5115574 0.0055115574 3.10306407
718 2230 5.51162354 0.00551162354 3.10584958
718 2228 5.51173968 0.00551173968 3.10306407
718 2230 5.51158382 0.00551158382 3.10584958
718 2228 5.51173471 0.00551173471 3.10306407
718 2230 5.51157386 0.00551157386 3.10584958
718 2228 5.51158204 0.00551158204 3.10306407
718 2230 5.51162185 0.00551162185 3.10584958
717 2222 5.49433095 0.00549433095 3.09902371
717 2222 5.49459952 0.00549459952 3.09902371
717 2222 5.49451812 0.00549451812 3.09902371
717 2222 5.49454331 0.00549454331 3.09902371
717 2222 5.49454308 0.00549454308 3.09902371
717 2222 5.49454314 0.00549454314 3.09902371
717 2222 5.49454375 0.00549454375 3.09902371
717 2222 5.49454316 0.00549454316 3.09902371
717 2222 5.49454298 0.00549454298 3.09902371
717 2222 5.49454299 0.00549454299 3.09902371
716 2219 5.47644619 0.00547644619 3.09916201
716 2219 5.47617736 0.00547617736 3.09916201
716 2219 5.47624995 0.00547624995 3.09916201
716 2219 5.47620423 0.00547620423 3.09916201
716 2219 5.47620149 0.00547620149 3.09916201
716 2219 5.47620683 0.00547620683 3.09916201
716 2219 5.47620685 0.00547620685 3.09916201
716 2219 5.47620637 0.00547620637 3.09916201
716 2219 5.47620655 0.00547620655 3.09916201
716 2219 5.47620657 0.00547620657 3.09916201
715 2210 5.4580412 0.0054580412 3.09090909
715 2210 5.45812965 0.00545812965 3.09090909
715 2210 5.4580307 0.0054580307 3.09090909
715 2210 5.458072 0.005458072 3.09090909
715 2210 5.4579855 0.0054579855 3.09090909
715 2210 5.45807908 0.00545807908 3.09090909
715 2210 5.45797972 0.00545797972 3.09090909
715 2210 5.45808029 0.00545808029 3.09090909
715 2210 5.4579798 0.0054579798 3.09090909
715 2210 5.45808013 0.00545808013 3.09090909
714 2206 5.43912711 0.00543912711 3.08963585
714 2208 5.44424251 0.00544424251 3.09243697
714 2208 5.44415801 0.00544415801 3.09243697
714 2208 5.44420916 0.00544420916 3.09243697
714 2208 5.44412963 0.00544412963 3.09243697
714 2208 5.4442546 0.0054442546 3.09243697
714 2208 5.44412292 0.00544412292 3.09243697
714 2208 5.44425801 0.00544425801 3.09243697
714 2208 5.44412308 0.00544412308 3.09243697
714 2208 5.44425714 0.00544425714 3.09243697
713 2205 5.42624555 0.00542624555 3.09256662
713 2207 5.44228761 0.00544228761 3.09537167
713 2207 5.45661229 0.00545661229 3.09537167
713 2207 5.45660621 0.00545660621 3.09537167
713 2207 5.45664768 0.00545664768 3.09537167
713 2207 5.45657013 0.00545657013 3.09537167
713 2207 5.45658455 0.00545658455 3.09537167
713 2207 5.4565742 0.0054565742 3.09537167
713 2207 5.45655786 0.00545655786 3.09537167
713 2207 5.45655697 0.00545655697 3.09537167
712 2201 5.43922013 0.00543922013 3.09129213
712 2201 5.43903265 0.00543903265 3.09129213
712 2201 5.43901177 0.00543901177 3.09129213
712 2201 5.43917412 0.00543917412 3.09129213
712 2201 5.43916108 0.00543916108 3.09129213
712 2201 5.43918604 0.00543918604 3.09129213
712 2201 5.43917432 0.00543917432 3.09129213
712 2201 5.43917791 0.00543917791 3.09129213
712 2201 5.43917666 0.00543917666 3.09129213
712 2201 5.43917594 0.00543917594 3.09129213
711 2196 5.42195982 0.00542195982 3.08860759
711 2194 5.42174167 0.00542174167 3.08579466
711 2194 5.42154584 0.00542154584 3.08579466
711 2196 5.42236387 0.00542236387 3.08860759
711 2196 5.42216256 0.00542216256 3.08860759
711 2196 5.42208392 0.00542208392 3.08860759
711 2196 5.4220374 0.0054220374 3.08860759
711 2196 5.4220134 0.0054220134 3.08860759
711 2196 5.4220125 0.0054220125 3.08860759
711 2196 5.42200822 0.00542200822 3.08860759
710 2189 5.40458317 0.00540458317 3.08309859
710 2189 5.40450831 0.00540450831 3.08309859
710 2189 5.40455565 0.00540455565 3.08309859
710 2189 5.40447656 0.00540447656 3.08309859
710 2193 5.41976402 0.00541976402 3.08873239
710 2189 5.41965907 0.00541965907 3.08309859
710 2191 5.42032487 0.00542032487 3.08591549
710 2191 5.42020693 0.00542020693 3.08591549
710 2191 5.42052773 0.00542052773 3.08591549
710 2191 5.42031178 0.00542031178 3.08591549
709 2186 5.4032912 0.0054032912 3.0832158
709 2186 5.40316144 0.00540316144 3.0832158
709 2186 5.40323735 0.00540323735 3.0832158
709 2186 5.40317824 0.00540317824 3.0832158
709 2186 5.40320617 0.00540320617 3.0832158
709 2186 5.40317634 0.00540317634 3.0832158
709 2186 5.40317259 0.00540317259 3.0832158
709 2186 5.40317011 0.00540317011 3.0832158
709 2186 5.40316499 0.00540316499 3.0832158
709 2186 5.40316677 0.00540316677 3.0832158
708 2180 5.38617116 0.00538617116 3.07909605
708 2180 5.38611388 0.00538611388 3.07909605
708 2180 5.3860301 0.0053860301 3.07909605
708 2180 5.38612279 0.00538612279 3.07909605
708 2180 5.38606305 0.00538606305 3.07909605
708 2180 5.3861424 0.0053861424 3.07909605
708 2180 5.38606524 0.00538606524 3.07909605
708 2180 5.38614243 0.00538614243 3.07909605
708 2180 5.38606706 0.00538606706 3.07909605
708 2180 5.38614198 0.00538614198 3.07909605
707 2174 5.36840523 0.00536840523 3.07496464
707 2174 5.36846578 0.00536846578 3.07496464
707 2175 5.36831159 0.00536831159 3.07637907
707 2174 5.36859064 0.00536859064 3.07496464
707 2174 5.36846961 0.00536846961 3.07496464
707 2175 5.36818411 0.00536818411 3.07637907
707 2174 5.36854809 0.00536854809 3.07496464
707 2174 5.3684606 0.0053684606 3.07496464
707 2175 5.3683034 0.0053683034 3.07637907
707 2174 5.36859016 0.00536859016 3.07496464
706 2169 5.35049746 0.00535049746 3.07223796
706 2170 5.35042805 0.00535042805 3.07365439
706 2169 5.35053012 0.00535053012 3.07223796
706 2170 5.35039204 0.00535039204 3.07365439
706 2169 5.3504874 0.0053504874 3.07223796
706 2170 5.35039772 0.00535039772 3.07365439
706 2169 5.35048451 0.00535048451 3.07223796
706 2170 5.35039853 0.00535039853 3.07365439
706 2169 5.35048584 0.00535048584 3.07223796
706 2170 5.35039832 0.00535039832 3.07365439
705 2164 5.33240651 0.00533240651 3.06950355
705 2165 5.33206698 0.00533206698 3.07092199
705 2165 5.33406944 0.00533406944 3.07092199
705 2165 5.33400424 0.00533400424 3.07092199
705 2165 5.33397483 0.00533397483 3.07092199
705 2165 5.33398219 0.00533398219 3.07092199
705 2165 5.33397978 0.00533397978 3.07092199
705 2165 5.33398094 0.00533398094 3.07092199
705 2165 5.33397927 0.00533397927 3.07092199
705 2165 5.33397987 0.00533397987 3.07092199
704 2161 5.31628242 0.00531628242 3.06960227
704 2161 5.31617315 0.00531617315 3.06960227
704 2161 5.3161103 0.0053161103 3.06960227
704 2161 5.31610989 0.00531610989 3.06960227
704 2161 5.31611022 0.00531611022 3.06960227
704 2161 5.3161113 0.0053161113 3.06960227
704 2161 5.3161092 0.0053161092 3.06960227
704 2161 5.31610932 0.00531610932 3.06960227
704 2161 5.31610944 0.00531610944 3.06960227
704 2161 5.31610944 0.00531610944 3.06960227
703 2155 5.29810687 0.00529810687 3.06543385
703 2155 5.29825451 0.00529825451 3.06543385
703 2155 5.29823878 0.00529823878 3.06543385
703 2155 5.29822678 0.00529822678 3.06543385
703 2155 5.29823413 0.00529823413 3.06543385
703 2155 5.29823618 0.00529823618 3.06543385
703 2155 5.29823691 0.00529823691 3.06543385
703 2155 5.29823638 0.00529823638 3.06543385
703 2155 5.29823619 0.00529823619 3.06543385
703 2155 5.29823624 0.00529823624 3.06543385
702 2149 5.28012094 0.00528012094 3.06125356
702 2149 5.29153097 0.00529153097 3.06125356
702 2150 5.29247163 0.00529247163 3.06267806
702 2149 5.30701965 0.00530701965 3.06125356
702 2147 5.30727188 0.00530727188 3.05840456
702 2147 5.30713345 0.00530713345 3.05840456
702 2146 5.30740129 0.00530740129 3.05698006
702 2146 5.307329 0.005307329 3.05698006
702 2146 5.30751943 0.00530751943 3.05698006
702 2146 5.30737559 0.00530737559 3.05698006
701 2140 5.29039414 0.00529039414 3.05278174
701 2140 5.29025944 0.00529025944 3.05278174
701 2140 5.29022664 0.00529022664 3.05278174
701 2140 5.29040684 0.00529040684 3.05278174
701 2140 5.29038896 0.00529038896 3.05278174
701 2140 5.29041975 0.00529041975 3.05278174
701 2140 5.29040549 0.00529040549 3.05278174
701 2140 5.29041 0.00529041 3.05278174
701 2140 5.29040994 0.00529040994 3.05278174
701 2140 5.29040891 0.00529040891 3.05278174
700 2135 5.27320926 0.00527320926 3.05
700 2135 5.27340396 0.00527340396 3.05
700 2135 5.27311259 0.00527311259 3.05
700 2135 5.27310934 0.00527310934 3.05
700 2135 5.27313915 0.00527313915 3.05
700 2135 5.27313025 0.00527313025 3.05
700 2135 5.27313054 0.00527313054 3.05
700 2135 5.27313216 0.00527313216 3.05
700 2135 5.27313222 0.00527313222 3.05
700 2135 5.27313196 0.00527313196 3.05
699 2131 5.25588448 0.00525588448 3.04864092
699 2131 5.25598132 0.00525598132 3.04864092
699 2131 5.25589853 0.00525589853 3.04864092
699 2131 5.25590221 0.00525590221 3.04864092
699 2131 5.25590422 0.00525590422 3.04864092
699 2131 5.25590461 0.00525590461 3.04864092
699 2131 5.25590652 0.00525590652 3.04864092
699 2131 5.25590641 0.00525590641 3.04864092
699 2131 5.2559066 0.0052559066 3.04864092
699 2131 5.25590653 0.00525590653 3.04864092
698 2123 5.23701692 0.00523701692 3.04154728
698 2123 5.23691669 0.00523691669 3.04154728
698 2123 5.23681598 0.00523681598 3.04154728
698 2123 5.23692514 0.00523692514 3.04154728
698 2123 5.23689893 0.00523689893 3.04154728
698 2123 5.23696296 0.00523696296 3.04154728
698 2123 5.23691696 0.00523691696 3.04154728
698 2123 5.23697359 0.00523697359 3.04154728
698 2123 5.23691778 0.00523691778 3.04154728
698 2123 5.23697516 0.00523697516 3.04154728
697 2121 5.21770257 0.00521770257 3.04304161
697 2121 5.21780784 0.00521780784 3.04304161
697 2124 5.2205908 0.0052205908 3.04734577
697 2124 5.22055323 0.00522055323 3.04734577
697 2124 5.22043316 0.00522043316 3.04734577
697 2124 5.22064186 0.00522064186 3.04734577
697 2124 5.22056832 0.00522056832 3.04734577
697 2124 5.22057057 0.00522057057 3.04734577
697 2124 5.22056664 0.00522056664 3.04734577
697 2124 5.2204571 0.0052204571 3.04734577
696 2119 5.20181387 0.00520181387 3.04454023
696 2119 5.20168741 0.00520168741 3.04454023
696 2116 5.20182115 0.00520182115 3.04022989
696 2116 5.2017931 0.0052017931 3.04022989
696 2116 5.2017685 0.0052017685 3.04022989
696 2116 5.20191713 0.00520191713 3.04022989
696 2116 5.2019997 0.0052019997 3.04022989
696 2116 5.20203136 0.00520203136 3.04022989
696 2116 5.20203838 0.00520203838 3.04022989
696 2116 5.20203856 0.00520203856 3.04022989
695 2109 5.18345027 0.00518345027 3.03453237
695 2109 5.18309033 0.00518309033 3.03453237
695 2109 5.18316564 0.00518316564 3.03453237
695 2109 5.18312518 0.00518312518 3.03453237
695 2109 5.18310548 0.00518310548 3.03453237
695 2109 5.18309856 0.00518309856 3.03453237
695 2109 5.18309688 0.00518309688 3.03453237
695 2109 5.18309568 0.00518309568 3.03453237
695 2109 5.18309521 0.00518309521 3.03453237
695 2109 5.18309579 0.00518309579 3.03453237
694 2105 5.16474041 0.00516474041 3.03314121
694 2110 5.16581126 0.00516581126 3.04034582
694 2110 5.16623868 0.00516623868 3.04034582
694 2110 5.16586985 0.00516586985 3.04034582
694 2111 5.16627492 0.00516627492 3.04178674
694 2110 5.16565019 0.00516565019 3.04034582
694 2111 5.16604477 0.00516604477 3.04178674
694 2111 5.16603745 0.00516603745 3.04178674
694 2111 5.16603246 0.00516603246 3.04178674
694 2111 5.1660075 0.0051660075 3.04178674
693 2107 5.14798282 0.00514798282 3.04040404
693 2107 5.14813108 0.00514813108 3.04040404
693 2107 5.14803978 0.00514803978 3.04040404
693 2107 5.14803574 0.00514803574 3.04040404
693 2107 5.14802987 0.00514802987 3.04040404
693 2107 5.14804261 0.00514804261 3.04040404
693 2107 5.1480427 0.0051480427 3.04040404
693 2107 5.14804391 0.00514804391 3.04040404
693 2107 5.1480447 0.0051480447 3.04040404
693 2107 5.14804412 0.00514804412 3.04040404
692 2101 5.13029519 0.00513029519 3.03612717
692 2101 5.13026783 0.00513026783 3.03612717
692 2101 5.1303197 0.0051303197 3.03612717
692 2101 5.13024512 0.00513024512 3.03612717
692 2101 5.13024831 0.00513024831 3.03612717
692 2101 5.13024885 0.00513024885 3.03612717
692 2101 5.13025089 0.00513025089 3.03612717
692 2101 5.13025238 0.00513025238 3.03612717
692 2101 5.13025106 0.00513025106 3.03612717
692 2101 5.13025204 0.00513025204 3.03612717
691 2096 5.11172324 0.00511172324 3.03328509
691 2094 5.11196121 0.00511196121 3.03039074
691 2094 5.11208345 0.00511208345 3.03039074
691 2094 5.11193136 0.00511193136 3.03039074
691 2094 5.11196461 0.00511196461 3.03039074
691 2094 5.11196129 0.00511196129 3.03039074
691 2094 5.11196829 0.00511196829 3.03039074
691 2094 5.11197121 0.00511197121 3.03039074
691 2094 5.11196746 0.00511196746 3.03039074
691 2094 5.11197005 0.00511197005 3.03039074
690 2089 5.09336072 0.00509336072 3.02753623
690 2089 5.09358244 0.00509358244 3.02753623
690 2089 5.09353197 0.00509353197 3.02753623
690 2089 5.09352014 0.00509352014 3.02753623
690 2089 5.09353022 0.00509353022 3.02753623
690 2089 5.09352056 0.00509352056 3.02753623
690 2089 5.0935151 0.0050935151 3.02753623
690 2089 5.09351229 0.00509351229 3.02753623
690 2089 5.09351317 0.00509351317 3.02753623
690 2089 5.09351262 0.00509351262 3.02753623
689 2087 5.07501018 0.00507501018 3.02902758
689 2087 5.07787624 0.00507787624 3.02902758
689 2090 5.08092811 0.00508092811 3.03338171
689 2089 5.08332139 0.00508332139 3.03193033
689 2087 5.09476519 0.00509476519 3.02902758
689 2090 5.09648009 0.00509648009 3.03338171
689 2090 5.09668333 0.00509668333 3.03338171
689 2090 5.09655698 0.00509655698 3.03338171
689 2090 5.09654571 0.00509654571 3.03338171
689 2090 5.09643918 0.00509643918 3.03338171
688 2087 5.07832392 0.00507832392 3.03343023
688 2085 5.07859272 0.00507859272 3.03052326
688 2085 5.07869869 0.00507869869 3.03052326
688 2085 5.07860157 0.00507860157 3.03052326
688 2085 5.07855744 0.00507855744 3.03052326
688 2085 5.07857267 0.00507857267 3.03052326
688 2085 5.07856884 0.00507856884 3.03052326
688 2085 5.07858096 0.00507858096 3.03052326
688 2085 5.07858209 0.00507858209 3.03052326
688 2085 5.07858325 0.00507858325 3.03052326
687 2079 5.06179775 0.00506179775 3.02620087
687 2079 5.06194746 0.00506194746 3.02620087
687 2079 5.06184909 0.00506184909 3.02620087
687 2079 5.06224908 0.00506224908 3.02620087
687 2079 5.06189073 0.00506189073 3.02620087
687 2079 5.06184874 0.00506184874 3.02620087
687 2079 5.06216561 0.00506216561 3.02620087
687 2079 5.06188947 0.00506188947 3.02620087
687 2079 5.0618471 0.0050618471 3.02620087
687 2079 5.0621684 0.0050621684 3.02620087
686 2075 5.04438312 0.00504438312 3.02478134
686 2075 5.04432257 0.00504432257 3.02478134
686 2075 5.04470021 0.00504470021 3.02478134
686 2075 5.04456147 0.00504456147 3.02478134
686 2075 5.04457637 0.00504457637 3.02478134
686 2075 5.04457775 0.00504457775 3.02478134
686 2075 5.04457683 0.00504457683 3.02478134
686 2075 5.0445775 0.0050445775 3.02478134
686 2075 5.04457744 0.00504457744 3.02478134
686 2075 5.04457725 0.00504457725 3.02478134
685 2072 5.02698515 0.00502698515 3.02481752
685 2072 5.02682816 0.00502682816 3.02481752
685 2072 5.02679011 0.00502679011 3.02481752
685 2072 5.02676362 0.00502676362 3.02481752
685 2072 5.02673114 0.00502673114 3.02481752
685 2072 5.02674835 0.00502674835 3.02481752
685 2072 5.02674365 0.00502674365 3.02481752
685 2069 5.02619096 0.00502619096 3.02043796
685 2072 5.02679084 0.00502679084 3.02481752
685 2072 5.02674063 0.00502674063 3.02481752
684 2067 5.00883338 0.00500883338 3.02192982
684 2065 5.00938469 0.00500938469 3.01900585
684 2065 5.00912045 0.00500912045 3.01900585
684 2065 5.00922421 0.00500922421 3.01900585
684 2065 5.00925935 0.00500925935 3.01900585
684 2065 5.00928236 0.00500928236 3.01900585
684 2065 5.00928844 0.00500928844 3.01900585
684 2065 5.00928796 0.00500928796 3.01900585
684 2065 5.00928563 0.00500928563 3.01900585
684 2065 5.00928493 0.00500928493 3.01900585
683 2064 4.9921124 0.0049921124 3.02196193
683 2064 4.99216821 0.00499216821 3.02196193
683 2064 4.99205081 0.00499205081 3.02196193
683 2064 4.99204452 0.00499204452 3.02196193
683 2064 4.99204975 0.00499204975 3.02196193
683 2064 4.9920486 0.0049920486 3.02196193
683 2064 4.99204922 0.00499204922 3.02196193
683 2064 4.99204905 0.00499204905 3.02196193
683 2064 4.99204898 0.00499204898 3.02196193
683 2064 4.99204903 0.00499204903 3.02196193
682 2061 4.97452211 0.00497452211 3.02199413
682 2061 4.9743483 0.0049743483 3.02199413
682 2058 4.9735726 0.0049735726 3.01759531
682 2061 4.9743299 0.0049743299 3.02199413
682 2058 4.97390537 0.00497390537 3.01759531
682 2061 4.9742531 0.0049742531 3.02199413
682 2061 4.97381189 0.00497381189 3.02199413
682 2061 4.97444887 0.00497444887 3.02199413
682 2058 4.97395012 0.00497395012 3.01759531
682 2061 4.97425406 0.00497425406 3.02199413
681 2055 4.95702049 0.00495702049 3.01762115
681 2055 4.95670496 0.00495670496 3.01762115
681 2055 4.95672216 0.00495672216 3.01762115
681 2055 4.95674003 0.00495674003 3.01762115
681 2055 4.95673108 0.00495673108 3.01762115
681 2055 4.9567431 0.0049567431 3.01762115
681 2055 4.95674343 0.00495674343 3.01762115
681 2055 4.95674382 0.00495674382 3.01762115
681 2055 4.95674304 0.00495674304 3.01762115
681 2055 4.95674308 0.00495674308 3.01762115
680 2049 4.93899538 0.00493899538 3.01323529
680 2049 4.938834 0.004938834 3.01323529
680 2052 4.93888903 0.00493888903 3.01764706
680 2051 4.93888013 0.00493888013 3.01617647
680 2051 4.93881827 0.00493881827 3.01617647
680 2052 4.93911744 0.00493911744 3.01764706
680 2050 4.93956521 0.00493956521 3.01470588
680 2047 4.93959896 0.00493959896 3.01029412
680 2046 4.93939034 0.00493939034 3.00882353
680 2044 4.93974277 0.00493974277 3.00588235
679 2038 4.92277297 0.00492277297 3.00147275
679 2038 4.92308364 0.00492308364 3.00147275
679 2038 4.92304219 0.00492304219 3.00147275
679 2038 4.92301625 0.00492301625 3.00147275
679 2038 4.92302031 0.00492302031 3.00147275
679 2038 4.92302055 0.00492302055 3.00147275
679 2038 4.92302093 0.00492302093 3.00147275
679 2038 4.923021 0.004923021 3.00147275
679 2038 4.92302092 0.00492302092 3.00147275
679 2038 4.92302096 0.00492302096 3.00147275
678 2035 4.90583772 0.00490583772 3.00147493
678 2035 4.90570535 0.00490570535 3.00147493
678 2035 4.90560465 0.00490560465 3.00147493
678 2035 4.90558819 0.00490558819 3.00147493
678 2035 4.9055775 0.0049055775 3.00147493
678 2035 4.90558233 0.00490558233 3.00147493
678 2035 4.90558228 0.00490558228 3.00147493
678 2035 4.9055837 0.0049055837 3.00147493
678 2035 4.90558341 0.00490558341 3.00147493
678 2035 4.90558318 0.00490558318 3.00147493
677 2031 4.88796322 0.00488796322 3
677 2031 4.88786561 0.00488786561 3
677 2031 4.88800718 0.00488800718 3
677 2031 4.88804218 0.00488804218 3
677 2031 4.88803131 0.00488803131 3
677 2031 4.88802887 0.00488802887 3
677 2031 4.88803054 0.00488803054 3
677 2031 4.88803087 0.00488803087 3
677 2031 4.88803092 0.00488803092 3
677 2031 4.88803061 0.00488803061 3
676 2026 4.8702691 0.0048702691 2.99704142
676 2025 4.87024714 0.00487024714 2.99556213
676 2025 4.86997479 0.00486997479 2.99556213
676 2026 4.87036084 0.00487036084 2.99704142
676 2026 4.87023406 0.00487023406 2.99704142
676 2026 4.87028527 0.00487028527 2.99704142
676 2025 4.87013161 0.00487013161 2.99556213
676 2026 4.87041492 0.00487041492 2.99704142
676 2026 4.87027014 0.00487027014 2.99704142
676 2026 4.87025409 0.00487025409 2.99704142
675 2021 4.85273913 0.00485273913 2.99407407
675 2021 4.8528053 0.0048528053 2.99407407
675 2021 4.85298679 0.00485298679 2.99407407
675 2021 4.8527903 0.0048527903 2.99407407
675 2021 4.85286675 0.00485286675 2.99407407
675 2021 4.85279688 0.00485279688 2.99407407
675 2021 4.85298886 0.00485298886 2.99407407
675 2021 4.85286737 0.00485286737 2.99407407
675 2021 4.85279789 0.00485279789 2.99407407
675 2021 4.85298364 0.00485298364 2.99407407
674 2016 4.83465971 0.00483465971 2.99109792
674 2018 4.83439591 0.00483439591 2.99406528
674 2016 4.83466481 0.00483466481 2.99109792
674 2014 4.83488989 0.00483488989 2.98813056
674 2016 4.85192885 0.00485192885 2.99109792
674 2013 4.86247829 0.00486247829 2.98664688
674 2013 4.86241343 0.00486241343 2.98664688
674 2013 4.86244203 0.00486244203 2.98664688
674 2013 4.86229127 0.00486229127 2.98664688
674 2013 4.86244457 0.00486244457 2.98664688
673 2008 4.84519322 0.00484519322 2.98365527
673 2008 4.84522135 0.00484522135 2.98365527
673 2008 4.84517052 0.00484517052 2.98365527
673 2008 4.84515209 0.00484515209 2.98365527
673 2008 4.84513308 0.00484513308 2.98365527
673 2008 4.84512535 0.00484512535 2.98365527
673 2008 4.84512526 0.00484512526 2.98365527
673 2008 4.84512603 0.00484512603 2.98365527
673 2008 4.84512631 0.00484512631 2.98365527
673 2008 4.84512626 0.00484512626 2.98365527
672 2004 4.8278897 0.0048278897 2.98214286
672 2004 4.82802122 0.00482802122 2.98214286
672 2004 4.82812326 0.00482812326 2.98214286
672 2004 4.82790919 0.00482790919 2.98214286
672 2004 4.82808052 0.00482808052 2.98214286
672 2004 4.82817453 0.00482817453 2.98214286
672 2004 4.82808114 0.00482808114 2.98214286
672 2004 4.8279215 0.0048279215 2.98214286
672 2004 4.82807562 0.00482807562 2.98214286
672 2004 4.82817468 0.00482817468 2.98214286
671 1999 4.80985199 0.00480985199 2.97913562
671 2001 4.80983733 0.00480983733 2.98211624
671 2001 4.80994359 0.00480994359 2.98211624
671 1999 4.80982615 0.00480982615 2.97913562
671 2001 4.80974136 0.00480974136 2.98211624
671 2001 4.80967687 0.00480967687 2.98211624
671 1999 4.80977876 0.00480977876 2.97913562
671 2001 4.80972969 0.00480972969 2.98211624
671 2001 4.80989745 0.00480989745 2.98211624
671 2001 4.80986966 0.00480986966 2.98211624
670 1996 4.79245889 0.00479245889 2.97910448
670 1996 4.79252177 0.00479252177 2.97910448
670 1996 4.79240563 0.00479240563 2.97910448
670 1996 4.79239079 0.00479239079 2.97910448
670 1996 4.7924467 0.0047924467 2.97910448
670 1996 4.79239374 0.00479239374 2.97910448
670 1996 4.79251995 0.00479251995 2.97910448
670 1996 4.79240893 0.00479240893 2.97910448
670 1996 4.79237229 0.00479237229 2.97910448
670 1996 4.79251438 0.00479251438 2.97910448
669 1990 4.77472103 0.00477472103 2.97458894
669 1991 4.77434692 0.00477434692 2.97608371
669 1991 4.77478572 0.00477478572 2.97608371
669 1990 4.77455926 0.00477455926 2.97458894
669 1990 4.77440466 0.00477440466 2.97458894
669 1991 4.77448473 0.00477448473 2.97608371
669 1990 4.77457248 0.00477457248 2.97458894
669 1991 4.77442274 0.00477442274 2.97608371
669 1990 4.77454944 0.00477454944 2.97458894
669 1991 4.77441524 0.00477441524 2.97608371
668 1984 4.75701919 0.00475701919 2.97005988
668 1984 4.75709972 0.00475709972 2.97005988
668 1984 4.75721237 0.00475721237 2.97005988
668 1984 4.75711418 0.00475711418 2.97005988
668 1984 4.75723087 0.00475723087 2.97005988
668 1984 4.75716371 0.00475716371 2.97005988
668 1984 4.75712931 0.00475712931 2.97005988
668 1984 4.75721822 0.00475721822 2.97005988
668 1984 4.75716272 0.00475716272 2.97005988
668 1984 4.75712963 0.00475712963 2.97005988
667 1976 4.73923835 0.00473923835 2.96251874
667 1977 4.751234 0.004751234 2.96401799
667 1979 4.75147282 0.00475147282 2.96701649
667 1978 4.7514517 0.0047514517 2.96551724
667 1979 4.75168313 0.00475168313 2.96701649
667 1979 4.75159945 0.00475159945 2.96701649
667 1978 4.75150797 0.00475150797 2.96551724
667 1979 4.7516865 0.0047516865 2.96701649
667 1979 4.75159892 0.00475159892 2.96701649
667 1978 4.75150916 0.00475150916 2.96551724
666 1972 4.73461857 0.00473461857 2.96096096
666 1972 4.73450886 0.00473450886 2.96096096
666 1972 4.7345067 0.0047345067 2.96096096
666 1972 4.7344995 0.0047344995 2.96096096
666 1972 4.7344958 0.0047344958 2.96096096
666 1972 4.73449756 0.00473449756 2.96096096
666 1972 4.73449778 0.00473449778 2.96096096
666 1972 4.73449799 0.00473449799 2.96096096
666 1972 4.73449806 0.00473449806 2.96096096
666 1972 4.73449802 0.00473449802 2.96096096
665 1967 4.71597511 0.00471597511 2.95789474
665 1967 4.71610984 0.00471610984 2.95789474
665 1967 4.71605256 0.00471605256 2.95789474
665 1967 4.71616109 0.00471616109 2.95789474
665 1967 4.71619096 0.00471619096 2.95789474
665 1967 4.7158995 0.0047158995 2.95789474
665 1967 4.7161752 0.0047161752 2.95789474
665 1967 4.71620182 0.00471620182 2.95789474
665 1967 4.7158968 0.0047158968 2.95789474
665 1967 4.71617751 0.00471617751 2.95789474
664 1960 4.69759844 0.00469759844 2.95180723
664 1959 4.6975689 0.0046975689 2.9503012
664 1961 4.69727144 0.00469727144 2.95331325
664 1961 4.69738187 0.00469738187 2.95331325
664 1959 4.6975622 0.0046975622 2.9503012
664 1959 4.69742683 0.00469742683 2.9503012
664 1960 4.69789373 0.00469789373 2.95180723
664 1959 4.69752361 0.00469752361 2.9503012
664 1960 4.69783324 0.00469783324 2.95180723
664 1959 4.69751217 0.00469751217 2.9503012
663 1954 4.67969699 0.00467969699 2.94720965
663 1957 4.67999512 0.00467999512 2.95173454
663 1957 4.67981156 0.00467981156 2.95173454
663 1957 4.67981323 0.00467981323 2.95173454
663 1957 4.67976328 0.00467976328 2.95173454
663 1957 4.6798151 0.0046798151 2.95173454
663 1957 4.67977092 0.00467977092 2.95173454
663 1957 4.6798188 0.0046798188 2.95173454
663 1957 4.67977157 0.00467977157 2.95173454
663 1957 4.67982023 0.00467982023 2.95173454
662 1953 4.66184587 0.00466184587 2.95015106
662 1956 4.66477207 0.00466477207 2.95468278
662 1953 4.67799022 0.00467799022 2.95015106
662 1951 4.6797896 0.0046797896 2.94712991
662 1953 4.68699857 0.00468699857 2.95015106
662 1955 4.69236578 0.00469236578 2.95317221
662 1959 4.69939888 0.00469939888 2.9592145
662 1958 4.71189308 0.00471189308 2.95770393
662 1959 4.71248501 0.00471248501 2.9592145
662 1958 4.71391631 0.00471391631 2.95770393
661 1954 4.69917616 0.00469917616 2.95612708
661 1954 4.69902706 0.00469902706 2.95612708
661 1954 4.69915223 0.00469915223 2.95612708
661 1954 4.6990887 0.0046990887 2.95612708
661 1954 4.69908602 0.00469908602 2.95612708
661 1954 4.69909673 0.00469909673 2.95612708
661 1954 4.69908877 0.00469908877 2.95612708
661 1954 4.69909183 0.00469909183 2.95612708
661 1954 4.69908987 0.00469908987 2.95612708
661 1954 4.69909097 0.00469909097 2.95612708
660 1949 4.68443312 0.00468443312 2.9530303
660 1949 4.68422664 0.00468422664 2.9530303
660 1949 4.68440769 0.00468440769 2.9530303
660 1949 4.68432398 0.00468432398 2.9530303
660 1949 4.68448685 0.00468448685 2.9530303
660 1949 4.68434263 0.00468434263 2.9530303
660 1949 4.68449672 0.00468449672 2.9530303
660 1949 4.68434353 0.00468434353 2.9530303
660 1949 4.68449509 0.00468449509 2.9530303
660 1949 4.68434109 0.00468434109 2.9530303
659 1944 4.67000006 0.00467000006 2.94992413
659 1944 4.67009807 0.00467009807 2.94992413
659 1944 4.67004462 0.00467004462 2.94992413
659 1944 4.67024407 0.00467024407 2.94992413
659 1944 4.6701917 0.0046701917 2.94992413
659 1944 4.67017413 0.00467017413 2.94992413
659 1944 4.67017817 0.00467017817 2.94992413
659 1944 4.67018975 0.00467018975 2.94992413
659 1944 4.67019088 0.00467019088 2.94992413
659 1944 4.67018758 0.00467018758 2.94992413
658 1939 4.65400599 0.00465400599 2.94680851
658 1936 4.65378033 0.00465378033 2.94224924
658 1939 4.65384864 0.00465384864 2.94680851
658 1936 4.65385286 0.00465385286 2.94224924
658 1936 4.65393465 0.00465393465 2.94224924
658 1939 4.65382768 0.00465382768 2.94680851
658 1936 4.65380128 0.00465380128 2.94224924
658 1936 4.65397094 0.00465397094 2.94224924
658 1939 4.65382123 0.00465382123 2.94680851
658 1936 4.65380015 0.00465380015 2.94224924
657 1931 4.63782915 0.00463782915 2.9391172
657 1931 4.63772859 0.00463772859 2.9391172
657 1931 4.63797902 0.00463797902 2.9391172
657 1931 4.63771331 0.00463771331 2.9391172
657 1931 4.63803215 0.00463803215 2.9391172
657 1931 4.63774546 0.00463774546 2.9391172
657 1931 4.63802362 0.00463802362 2.9391172
657 1931 4.63773948 0.00463773948 2.9391172
657 1931 4.6380232 0.0046380232 2.9391172
657 1931 4.63773894 0.00463773894 2.9391172
656 1924 4.62087192 0.00462087192 2.93292683
656 1924 4.62113432 0.00462113432 2.93292683
656 1924 4.62078783 0.00462078783 2.93292683
656 1924 4.62085675 0.00462085675 2.93292683
656 1924 4.62084985 0.00462084985 2.93292683
656 1924 4.62114434 0.00462114434 2.93292683
656 1924 4.62075555 0.00462075555 2.93292683
656 1924 4.62084686 0.00462084686 2.93292683
656 1924 4.62084931 0.00462084931 2.93292683
656 1924 4.62114389 0.00462114389 2.93292683
655 1919 4.60447688 0.00460447688 2.92977099
655 1918 4.60455157 0.00460455157 2.92824427
655 1918 4.60439051 0.00460439051 2.92824427
655 1918 4.60442124 0.00460442124 2.92824427
655 1918 4.6044247 0.0046044247 2.92824427
655 1918 4.60441897 0.00460441897 2.92824427
655 1918 4.60441728 0.00460441728 2.92824427
655 1918 4.60441846 0.00460441846 2.92824427
655 1918 4.60441893 0.00460441893 2.92824427
655 1918 4.604419 0.004604419 2.92824427
654 1913 4.58809785 0.00458809785 2.92507645
654 1913 4.58821048 0.00458821048 2.92507645
654 1913 4.58801033 0.00458801033 2.92507645
654 1913 4.58825904 0.00458825904 2.92507645
654 1913 4.58800787 0.00458800787 2.92507645
654 1913 4.58825904 0.00458825904 2.92507645
654 1913 4.58822239 0.00458822239 2.92507645
654 1913 4.58821238 0.00458821238 2.92507645
654 1913 4.58822384 0.00458822384 2.92507645
654 1913 4.58822222 0.00458822222 2.92507645
653 1908 4.57139896 0.00457139896 2.92189893
653 1905 4.57211683 0.00457211683 2.91730475
653 1908 4.57402869 0.00457402869 2.92189893
653 1908 4.57413454 0.00457413454 2.92189893
653 1908 4.57423991 0.00457423991 2.92189893
653 1910 4.57429681 0.00457429681 2.92496172
653 1908 4.5739007 0.0045739007 2.92189893
653 1910 4.57434339 0.00457434339 2.92496172
653 1908 4.57396247 0.00457396247 2.92189893
653 1910 4.57436957 0.00457436957 2.92496172
652 1903 4.55872329 0.00455872329 2.91871166
652 1900 4.55827591 0.00455827591 2.91411043
652 1903 4.55841278 0.00455841278 2.91871166
652 1900 4.55821731 0.00455821731 2.91411043
652 1903 4.55840402 0.00455840402 2.91871166
652 1900 4.55820994 0.00455820994 2.91411043
652 1903 4.55840007 0.00455840007 2.91871166
652 1900 4.55821037 0.00455821037 2.91411043
652 1903 4.55840044 0.00455840044 2.91871166
652 1900 4.55821036 0.00455821036 2.91411043
651 1895 4.54254246 0.00454254246 2.9109063
651 1897 4.54308909 0.00454308909 2.91397849
651 1897 4.54305104 0.00454305104 2.91397849
651 1895 4.54270373 0.00454270373 2.9109063
651 1897 4.54310188 0.00454310188 2.91397849
651 1897 4.54304811 0.00454304811 2.91397849
651 1897 4.54270848 0.00454270848 2.91397849
651 1897 4.54280495 0.00454280495 2.91397849
651 1897 4.54278742 0.00454278742 2.91397849
651 1897 4.54278632 0.00454278632 2.91397849
650 1891 4.52685201 0.00452685201 2.90923077
650 1893 4.52677797 0.00452677797 2.91230769
650 1890 4.53572829 0.00453572829 2.90769231
650 1889 4.5474104 0.0045474104 2.90615385
650 1888 4.54829858 0.00454829858 2.90461538
650 1894 4.55143242 0.00455143242 2.91384615
650 1894 4.55152522 0.00455152522 2.91384615
650 1894 4.55142902 0.00455142902 2.91384615
650 1894 4.5514566 0.0045514566 2.91384615
650 1894 4.55142963 0.00455142963 2.91384615
649 1887 4.53689921 0.00453689921 2.90755008
649 1886 4.53741461 0.00453741461 2.90600924
649 1885 4.54575233 0.00454575233 2.90446841
649 1879 4.54789792 0.00454789792 2.89522342
649 1879 4.54787078 0.00454787078 2.89522342
649 1877 4.54822955 0.00454822955 2.89214176
649 1877 4.54827508 0.00454827508 2.89214176
649 1877 4.54829486 0.00454829486 2.89214176
649 1877 4.54830469 0.00454830469 2.89214176
649 1877 4.54829922 0.00454829922 2.89214176
648 1874 4.53437521 0.00453437521 2.89197531
648 1874 4.53421145 0.00453421145 2.89197531
648 1870 4.54767029 0.00454767029 2.88580247
648 1875 4.54868112 0.00454868112 2.89351852
648 1877 4.54903863 0.00454903863 2.89660494
648 1875 4.54879469 0.00454879469 2.89351852
648 1877 4.54906607 0.00454906607 2.89660494
648 1877 4.54899369 0.00454899369 2.89660494
648 1877 4.54914387 0.00454914387 2.89660494
648 1877 4.54898614 0.00454898614 2.89660494
647 1870 4.53479418 0.00453479418 2.89026275
647 1872 4.5351203 0.0045351203 2.89335394
647 1872 4.53505094 0.00453505094 2.89335394
647 1872 4.53506671 0.00453506671 2.89335394
647 1872 4.53511468 0.00453511468 2.89335394
647 1872 4.53510905 0.00453510905 2.89335394
647 1872 4.53510823 0.00453510823 2.89335394
647 1872 4.53511044 0.00453511044 2.89335394
647 1872 4.53511107 0.00453511107 2.89335394
647 1872 4.53511082 0.00453511082 2.89335394
646 1865 4.52073494 0.00452073494 2.8869969
646 1865 4.52078269 0.00452078269 2.8869969
646 1865 4.52061425 0.00452061425 2.8869969
646 1865 4.5207477 0.0045207477 2.8869969
646 1865 4.52064052 0.00452064052 2.8869969
646 1865 4.52074317 0.00452074317 2.8869969
646 1865 4.52063904 0.00452063904 2.8869969
646 1865 4.52074211 0.00452074211 2.8869969
646 1865 4.5206383 0.0045206383 2.8869969
646 1865 4.52074235 0.00452074235 2.8869969
645 1860 4.50569668 0.00450569668 2.88372093
645 1860 4.50572879 0.00450572879 2.88372093
645 1857 4.50579773 0.00450579773 2.87906977
645 1860 4.50567488 0.00450567488 2.88372093
645 1857 4.50576497 0.00450576497 2.87906977
645 1857 4.50588388 0.00450588388 2.87906977
645 1860 4.50566975 0.00450566975 2.88372093
645 1857 4.50580548 0.00450580548 2.87906977
645 1860 4.50566617 0.00450566617 2.88372093
645 1857 4.50574903 0.00450574903 2.87906977
644 1852 4.49050615 0.00449050615 2.8757764
644 1852 4.49083615 0.00449083615 2.8757764
644 1852 4.49096629 0.00449096629 2.8757764
644 1852 4.49094851 0.00449094851 2.8757764
644 1852 4.49094205 0.00449094205 2.8757764
644 1852 4.49094019 0.00449094019 2.8757764
644 1852 4.49095122 0.00449095122 2.8757764
644 1852 4.49095431 0.00449095431 2.8757764
644 1852 4.49095314 0.00449095314 2.8757764
644 1852 4.49095249 0.00449095249 2.8757764
643 1847 4.47600167 0.00447600167 2.87247278
643 1848 4.47594272 0.00447594272 2.87402799
643 1848 4.47563458 0.00447563458 2.87402799
643 1847 4.47734982 0.00447734982 2.87247278
643 1847 4.47727675 0.00447727675 2.87247278
643 1847 4.47727463 0.00447727463 2.87247278
643 1848 4.47691672 0.00447691672 2.87402799
643 1847 4.47738074 0.00447738074 2.87247278
643 1847 4.47730355 0.00447730355 2.87247278
643 1848 4.47690216 0.00447690216 2.87402799
642 1843 4.46307714 0.00446307714 2.87071651
642 1843 4.46298572 0.00446298572 2.87071651
642 1843 4.46287109 0.00446287109 2.87071651
642 1843 4.46277336 0.00446277336 2.87071651
642 1843 4.4630467 0.0044630467 2.87071651
642 1843 4.46311888 0.00446311888 2.87071651
642 1843 4.46305584 0.00446305584 2.87071651
642 1843 4.46293721 0.00446293721 2.87071651
642 1843 4.46305191 0.00446305191 2.87071651
642 1843 4.46305455 0.00446305455 2.87071651
641 1835 4.44859238 0.00444859238 2.86271451
641 1835 4.44873787 0.00444873787 2.86271451
641 1835 4.44870711 0.00444870711 2.86271451
641 1835 4.44876044 0.00444876044 2.86271451
641 1835 4.44876718 0.00444876718 2.86271451
641 1835 4.44876721 0.00444876721 2.86271451
641 1835 4.44876582 0.00444876582 2.86271451
641 1835 4.44876647 0.00444876647 2.86271451
641 1835 4.44876663 0.00444876663 2.86271451
641 1835 4.44876668 0.00444876668 2.86271451
640 1829 4.43392283 0.00443392283 2.8578125
640 1833 4.43404032 0.00443404032 2.8640625
640 1830 4.43368036 0.00443368036 2.859375
640 1833 4.43410436 0.00443410436 2.8640625
640 1830 4.43371471 0.00443371471 2.859375
640 1833 4.43407225 0.00443407225 2.8640625
640 1833 4.43423158 0.00443423158 2.8640625
640 1833 4.43409623 0.00443409623 2.8640625
640 1833 4.43398097 0.00443398097 2.8640625
640 1833 4.43411784 0.00443411784 2.8640625
639 1825 4.4197384 0.0044197384 2.85602504
639 1825 4.41969193 0.00441969193 2.85602504
639 1825 4.41980344 0.00441980344 2.85602504
639 1825 4.41999286 0.00441999286 2.85602504
639 1825 4.41966619 0.00441966619 2.85602504
639 1826 4.41979212 0.00441979212 2.85758998
639 1826 4.41978123 0.00441978123 2.85758998
639 1826 4.41983589 0.00441983589 2.85758998
639 1826 4.42012575 0.00442012575 2.85758998
639 1826 4.42008801 0.00442008801 2.85758998
638 1820 4.40568971 0.00440568971 2.85266458
638 1820 4.40542284 0.00440542284 2.85266458
638 1820 4.4055789 0.0044055789 2.85266458
638 1820 4.40554619 0.00440554619 2.85266458
638 1820 4.40552418 0.00440552418 2.85266458
638 1820 4.40552051 0.00440552051 2.85266458
638 1820 4.40552785 0.00440552785 2.85266458
638 1820 4.40553134 0.00440553134 2.85266458
638 1820 4.40553038 0.00440553038 2.85266458
638 1820 4.40552969 0.00440552969 2.85266458
637 1815 4.39103456 0.00439103456 2.84929356
637 1812 4.40492487 0.00440492487 2.84458399
637 1812 4.40513486 0.00440513486 2.84458399
637 1812 4.40478309 0.00440478309 2.84458399
637 1812 4.40486907 0.00440486907 2.84458399
637 1812 4.40511734 0.00440511734 2.84458399
637 1812 4.40478036 0.00440478036 2.84458399
637 1812 4.40487387 0.00440487387 2.84458399
637 1812 4.40511006 0.00440511006 2.84458399
637 1812 4.40477583 0.00440477583 2.84458399
636 1807 4.39041788 0.00439041788 2.84119497
636 1806 4.39048183 0.00439048183 2.83962264
636 1806 4.39057947 0.00439057947 2.83962264
636 1806 4.39059585 0.00439059585 2.83962264
636 1806 4.39062556 0.00439062556 2.83962264
636 1806 4.39062451 0.00439062451 2.83962264
636 1806 4.39062356 0.00439062356 2.83962264
636 1806 4.39062685 0.00439062685 2.83962264
636 1806 4.39062675 0.00439062675 2.83962264
636 1806 4.39062721 0.00439062721 2.83962264
635 1801 4.37646231 0.00437646231 2.83622047
635 1801 4.37638579 0.00437638579 2.83622047
635 1801 4.37633302 0.00437633302 2.83622047
635 1801 4.37634815 0.00437634815 2.83622047
635 1801 4.37634743 0.00437634743 2.83622047
635 1801 4.37634667 0.00437634667 2.83622047
635 1801 4.37634668 0.00437634668 2.83622047
635 1801 4.37634673 0.00437634673 2.83622047
635 1801 4.37634671 0.00437634671 2.83622047
635 1801 4.37634671 0.00437634671 2.83622047
634 1798 4.36198442 0.00436198442 2.83596215
634 1800 4.36676163 0.00436676163 2.83911672
634 1800 4.37007916 0.00437007916 2.83911672
634 1796 4.37396318 0.00437396318 2.83280757
634 1795 4.3752879 0.0043752879 2.83123028
634 1796 4.3782171 0.0043782171 2.83280757
634 1795 4.38128566 0.00438128566 2.83123028
634 1795 4.38135252 0.00438135252 2.83123028
634 1795 4.38132194 0.00438132194 2.83123028
634 1795 4.38132359 0.00438132359 2.83123028
633 1789 4.3672717 0.0043672717 2.82622433
633 1789 4.36735392 0.00436735392 2.82622433
633 1789 4.36728054 0.00436728054 2.82622433
633 1789 4.36737103 0.00436737103 2.82622433
633 1789 4.36732955 0.00436732955 2.82622433
633 1789 4.36730836 0.00436730836 2.82622433
633 1789 4.3673529 0.0043673529 2.82622433
633 1789 4.36733455 0.00436733455 2.82622433
633 1789 4.36730531 0.00436730531 2.82622433
633 1789 4.36735511 0.00436735511 2.82622433
632 1785 4.35263309 0.00435263309 2.82436709
632 1786 4.35814021 0.00435814021 2.82594937
632 1786 4.35821126 0.00435821126 2.82594937
632 1786 4.35809129 0.00435809129 2.82594937
632 1786 4.35808853 0.00435808853 2.82594937
632 1786 4.35808621 0.00435808621 2.82594937
632 1786 4.3580866 0.0043580866 2.82594937
632 1786 4.35808664 0.00435808664 2.82594937
632 1786 4.35808662 0.00435808662 2.82594937
632 1786 4.3580866 0.0043580866 2.82594937
631 1780 4.34424596 0.00434424596 2.82091918
631 1780 4.34419868 0.00434419868 2.82091918
631 1780 4.34420304 0.00434420304 2.82091918
631 1780 4.34416638 0.00434416638 2.82091918
631 1780 4.34413022 0.00434413022 2.82091918
631 1780 4.3441243 0.0043441243 2.82091918
631 1780 4.3441192 0.0043441192 2.82091918
631 1780 4.34412093 0.00434412093 2.82091918
631 1780 4.34411938 0.00434411938 2.82091918
631 1780 4.34412027 0.00434412027 2.82091918
630 1775 4.32946248 0.00432946248 2.81746032
630 1778 4.33024201 0.00433024201 2.82222222
630 1780 4.33375132 0.00433375132 2.82539683
630 1776 4.33778356 0.00433778356 2.81904762
630 1776 4.33774357 0.00433774357 2.81904762
630 1776 4.33766983 0.00433766983 2.81904762
630 1776 4.33764095 0.00433764095 2.81904762
630 1776 4.33763191 0.00433763191 2.81904762
630 1776 4.337624 0.004337624 2.81904762
630 1776 4.33762034 0.00433762034 2.81904762
629 1771 4.32453755 0.00432453755 2.81558029
629 1771 4.32469703 0.00432469703 2.81558029
629 1771 4.32463595 0.00432463595 2.81558029
629 1771 4.32463727 0.00432463727 2.81558029
629 1771 4.32463222 0.00432463222 2.81558029
629 1771 4.32463374 0.00432463374 2.81558029
629 1771 4.32463411 0.00432463411 2.81558029
629 1771 4.32463437 0.00432463437 2.81558029
629 1771 4.32463446 0.00432463446 2.81558029
629 1771 4.32463448 0.00432463448 2.81558029
628 1765 4.31089906 0.00431089906 2.81050955
628 1767 4.31115533 0.00431115533 2.81369427
628 1767 4.31100412 0.00431100412 2.81369427
628 1767 4.3110777 0.0043110777 2.81369427
628 1767 4.31103579 0.00431103579 2.81369427
628 1767 4.31103915 0.00431103915 2.81369427
628 1767 4.31103599 0.00431103599 2.81369427
628 1767 4.31103625 0.00431103625 2.81369427
628 1767 4.31103648 0.00431103648 2.81369427
628 1767 4.31103643 0.00431103643 2.81369427
627 1761 4.29724391 0.00429724391 2.80861244
627 1761 4.2973159 0.0042973159 2.80861244
627 1761 4.29733631 0.00429733631 2.80861244
627 1761 4.29717005 0.00429717005 2.80861244
627 1761 4.29746288 0.00429746288 2.80861244
627 1761 4.2971711 0.0042971711 2.80861244
627 1762 4.29704374 0.00429704374 2.81020734
627 1764 4.30025504 0.00430025504 2.81339713
627 1765 4.30454246 0.00430454246 2.81499203
627 1765 4.30453801 0.00430453801 2.81499203
626 1757 4.29164692 0.00429164692 2.80670927
626 1760 4.29177807 0.00429177807 2.8115016
626 1760 4.29195961 0.00429195961 2.8115016
626 1760 4.29184515 0.00429184515 2.8115016
626 1760 4.29189511 0.00429189511 2.8115016
626 1760 4.29188311 0.00429188311 2.8115016
626 1760 4.29188869 0.00429188869 2.8115016
626 1760 4.29188377 0.00429188377 2.8115016
626 1760 4.29188471 0.00429188471 2.8115016
626 1760 4.29188498 0.00429188498 2.8115016
625 1752 4.27889049 0.00427889049 2.8032
625 1752 4.27888904 0.00427888904 2.8032
625 1752 4.27892547 0.00427892547 2.8032
625 1752 4.27877442 0.00427877442 2.8032
625 1752 4.2788478 0.0042788478 2.8032
625 1752 4.2789286 0.0042789286 2.8032
625 1755 4.27855599 0.00427855599 2.808
625 1755 4.27843291 0.00427843291 2.808
625 1752 4.27877353 0.00427877353 2.8032
625 1752 4.27894692 0.00427894692 2.8032
624 1746 4.2652892 0.0042652892 2.79807692
624 1747 4.26532892 0.00426532892 2.79967949
624 1747 4.26530925 0.00426530925 2.79967949
624 1747 4.26528162 0.00426528162 2.79967949
624 1747 4.26528478 0.00426528478 2.79967949
624 1747 4.26527986 0.00426527986 2.79967949
624 1747 4.26528194 0.00426528194 2.79967949
624 1747 4.26528107 0.00426528107 2.79967949
624 1747 4.26528184 0.00426528184 2.79967949
624 1747 4.26528154 0.00426528154 2.79967949
623 1741 4.25200485 0.00425200485 2.79454254
623 1741 4.25197683 0.00425197683 2.79454254
623 1741 4.25178836 0.00425178836 2.79454254
623 1741 4.25185742 0.00425185742 2.79454254
623 1741 4.25203594 0.00425203594 2.79454254
623 1741 4.25186082 0.00425186082 2.79454254
623 1741 4.25209004 0.00425209004 2.79454254
623 1741 4.25199496 0.00425199496 2.79454254
623 1741 4.25181895 0.00425181895 2.79454254
623 1741 4.2519658 0.0042519658 2.79454254
622 1737 4.23796191 0.00423796191 2.7926045
622 1737 4.23795487 0.00423795487 2.7926045
622 1735 4.23785707 0.00423785707 2.78938907
622 1735 4.2377985 0.0042377985 2.78938907
622 1734 4.23818286 0.00423818286 2.78778135
622 1735 4.23848774 0.00423848774 2.78938907
622 1738 4.24018891 0.00424018891 2.79421222
622 1738 4.24001218 0.00424001218 2.79421222
622 1738 4.24023557 0.00424023557 2.79421222
622 1738 4.24011098 0.00424011098 2.79421222
621 1732 4.22732569 0.00422732569 2.78904992
621 1734 4.22729518 0.00422729518 2.79227053
621 1734 4.22726743 0.00422726743 2.79227053
621 1734 4.22723682 0.00422723682 2.79227053
621 1734 4.22717922 0.00422717922 2.79227053
621 1734 4.22715863 0.00422715863 2.79227053
621 1734 4.22715696 0.00422715696 2.79227053
621 1734 4.22715579 0.00422715579 2.79227053
621 1734 4.2271571 0.0042271571 2.79227053
621 1734 4.22715668 0.00422715668 2.79227053
620 1728 4.21413644 0.00421413644 2.78709677
620 1725 4.21447356 0.00421447356 2.78225806
620 1725 4.21420102 0.00421420102 2.78225806
620 1727 4.21399275 0.00421399275 2.78548387
620 1725 4.21432149 0.00421432149 2.78225806
620 1727 4.21391387 0.00421391387 2.78548387
620 1728 4.21414495 0.00421414495 2.78709677
620 1729 4.21385668 0.00421385668 2.78870968
620 1729 4.21378249 0.00421378249 2.78870968
620 1729 4.21377446 0.00421377446 2.78870968
619 1723 4.20091697 0.00420091697 2.78352181
619 1723 4.20087576 0.00420087576 2.78352181
619 1720 4.20118531 0.00420118531 2.77867528
619 1720 4.20092049 0.00420092049 2.77867528
619 1720 4.20109627 0.00420109627 2.77867528
619 1720 4.20098644 0.00420098644 2.77867528
619 1720 4.2011033 0.0042011033 2.77867528
619 1720 4.20100319 0.00420100319 2.77867528
619 1720 4.20089095 0.00420089095 2.77867528
619 1720 4.20104391 0.00420104391 2.77867528
618 1716 4.18756183 0.00418756183 2.77669903
618 1716 4.18757078 0.00418757078 2.77669903
618 1716 4.18745909 0.00418745909 2.77669903
618 1716 4.1875678 0.0041875678 2.77669903
618 1716 4.18753744 0.00418753744 2.77669903
618 1716 4.18747825 0.00418747825 2.77669903
618 1716 4.18755883 0.00418755883 2.77669903
618 1716 4.18753498 0.00418753498 2.77669903
618 1716 4.18747851 0.00418747851 2.77669903
618 1716 4.1875581 0.0041875581 2.77669903
617 1712 4.17391325 0.00417391325 2.77471637
617 1711 4.17437409 0.00417437409 2.77309562
617 1706 4.18618406 0.00418618406 2.7649919
617 1704 4.188487 0.004188487 2.76175041
617 1706 4.19373142 0.00419373142 2.7649919
617 1707 4.20662342 0.00420662342 2.76661264
617 1702 4.21670388 0.00421670388 2.75850891
617 1703 4.22914568 0.00422914568 2.76012966
617 1704 4.2298886 0.0042298886 2.76175041
617 1708 4.23235662 0.00423235662 2.76823339
616 1699 4.22082269 0.00422082269 2.75811688
616 1699 4.22093632 0.00422093632 2.75811688
616 1699 4.22095774 0.00422095774 2.75811688
616 1699 4.22093724 0.00422093724 2.75811688
616 1699 4.22096505 0.00422096505 2.75811688
616 1699 4.22097025 0.00422097025 2.75811688
616 1699 4.22096764 0.00422096764 2.75811688
616 1699 4.22096532 0.00422096532 2.75811688
616 1699 4.22096495 0.00422096495 2.75811688
616 1699 4.22096565 0.00422096565 2.75811688
615 1692 4.20904345 0.00420904345 2.75121951
615 1692 4.20889156 0.00420889156 2.75121951
615 1692 4.20866405 0.00420866405 2.75121951
615 1692 4.20898269 0.00420898269 2.75121951
615 1692 4.20884777 0.00420884777 2.75121951
615 1692 4.20893609 0.00420893609 2.75121951
615 1692 4.20882168 0.00420882168 2.75121951
615 1692 4.20897236 0.00420897236 2.75121951
615 1692 4.20884207 0.00420884207 2.75121951
615 1692 4.20895502 0.00420895502 2.75121951
614 1687 4.19640725 0.00419640725 2.747557
614 1687 4.19671902 0.00419671902 2.747557
614 1687 4.19677409 0.00419677409 2.747557
614 1687 4.19665136 0.00419665136 2.747557
614 1687 4.19665748 0.00419665748 2.747557
614 1687 4.19665878 0.00419665878 2.747557
614 1687 4.19665921 0.00419665921 2.747557
614 1687 4.19665851 0.00419665851 2.747557
614 1687 4.19665846 0.00419665846 2.747557
614 1687 4.19665845 0.00419665845 2.747557
613 1681 4.18386734 0.00418386734 2.74225122
613 1682 4.18447008 0.00418447008 2.74388254
613 1682 4.18466564 0.00418466564 2.74388254
613 1684 4.18465735 0.00418465735 2.74714519
613 1684 4.18470105 0.00418470105 2.74714519
613 1682 4.18473407 0.00418473407 2.74388254
613 1682 4.1847588 0.0041847588 2.74388254
613 1684 4.1846143 0.0041846143 2.74714519
613 1682 4.18476706 0.00418476706 2.74388254
613 1684 4.18464386 0.00418464386 2.74714519
612 1677 4.17262955 0.00417262955 2.74019608
612 1677 4.17248615 0.00417248615 2.74019608
612 1677 4.17260551 0.00417260551 2.74019608
612 1677 4.17255435 0.00417255435 2.74019608
612 1677 4.17253905 0.00417253905 2.74019608
612 1677 4.17249624 0.00417249624 2.74019608
612 1677 4.17247842 0.00417247842 2.74019608
612 1677 4.17247179 0.00417247179 2.74019608
612 1677 4.17246809 0.00417246809 2.74019608
612 1677 4.17246695 0.00417246695 2.74019608
611 1672 4.15915396 0.00415915396 2.73649755
611 1673 4.15920955 0.00415920955 2.73813421
611 1673 4.159225 0.004159225 2.73813421
611 1673 4.15919974 0.00415919974 2.73813421
611 1673 4.15926559 0.00415926559 2.73813421
611 1673 4.1593124 0.0041593124 2.73813421
611 1673 4.15916323 0.00415916323 2.73813421
611 1673 4.15932787 0.00415932787 2.73813421
611 1672 4.15925947 0.00415925947 2.73649755
611 1672 4.15923698 0.00415923698 2.73649755
610 1668 4.14593229 0.00414593229 2.73442623
610 1669 4.14598918 0.00414598918 2.73606557
610 1668 4.14604205 0.00414604205 2.73442623
610 1669 4.14582437 0.00414582437 2.73606557
610 1668 4.14593898 0.00414593898 2.73442623
610 1669 4.14576966 0.00414576966 2.73606557
610 1668 4.14591166 0.00414591166 2.73442623
610 1669 4.14575851 0.00414575851 2.73606557
610 1668 4.14590622 0.00414590622 2.73442623
610 1669 4.14575676 0.00414575676 2.73606557
609 1664 4.13243029 0.00413243029 2.73234811
609 1664 4.13232573 0.00413232573 2.73234811
609 1664 4.1323243 0.0041323243 2.73234811
609 1664 4.13254749 0.00413254749 2.73234811
609 1664 4.13260776 0.00413260776 2.73234811
609 1664 4.13242795 0.00413242795 2.73234811
609 1664 4.13261731 0.00413261731 2.73234811
609 1664 4.13239104 0.00413239104 2.73234811
609 1664 4.13262191 0.00413262191 2.73234811
609 1664 4.13236817 0.00413236817 2.73234811
608 1659 4.11895215 0.00411895215 2.72861842
608 1659 4.11901892 0.00411901892 2.72861842
608 1659 4.11917993 0.00411917993 2.72861842
608 1659 4.11913275 0.00411913275 2.72861842
608 1659 4.11921091 0.00411921091 2.72861842
608 1659 4.11921606 0.00411921606 2.72861842
608 1659 4.1192209 0.0041192209 2.72861842
608 1659 4.11922077 0.00411922077 2.72861842
608 1659 4.11922076 0.00411922076 2.72861842
608 1659 4.11922069 0.00411922069 2.72861842
607 1655 4.10610845 0.00410610845 2.72652389
607 1657 4.10702019 0.00410702019 2.72981878
607 1658 4.11848548 0.00411848548 2.73146623
607 1658 4.11974591 0.00411974591 2.73146623
607 1657 4.12250272 0.00412250272 2.72981878
607 1653 4.12924786 0.00412924786 2.723229
607 1655 4.12952488 0.00412952488 2.72652389
607 1650 4.12933557 0.00412933557 2.71828666
607 1655 4.12956078 0.00412956078 2.72652389
607 1655 4.12953959 0.00412953959 2.72652389
606 1646 4.11750901 0.00411750901 2.71617162
606 1646 4.11746422 0.00411746422 2.71617162
606 1646 4.11735988 0.00411735988 2.71617162
606 1646 4.11742874 0.00411742874 2.71617162
606 1646 4.11746931 0.00411746931 2.71617162
606 1646 4.11737222 0.00411737222 2.71617162
606 1646 4.11743894 0.00411743894 2.71617162
606 1646 4.11747032 0.00411747032 2.71617162
606 1646 4.11737339 0.00411737339 2.71617162
606 1646 4.11743952 0.00411743952 2.71617162
605 1644 4.10492371 0.00410492371 2.71735537
605 1647 4.10466311 0.00410466311 2.72231405
605 1644 4.10490197 0.00410490197 2.71735537
605 1647 4.10453052 0.00410453052 2.72231405
605 1644 4.10488145 0.00410488145 2.71735537
605 1641 4.10481956 0.00410481956 2.71239669
605 1644 4.10486647 0.00410486647 2.71735537
605 1641 4.10482162 0.00410482162 2.71239669
605 1644 4.10486278 0.00410486278 2.71735537
605 1641 4.10482088 0.00410482088 2.71239669
604 1639 4.09279702 0.00409279702 2.71357616
604 1639 4.09264108 0.00409264108 2.71357616
604 1641 4.09233958 0.00409233958 2.71688742
604 1636 4.09275607 0.00409275607 2.70860927
604 1638 4.09497087 0.00409497087 2.71192053
604 1640 4.10316332 0.00410316332 2.71523179
604 1643 4.11338066 0.00411338066 2.72019868
604 1643 4.11329324 0.00411329324 2.72019868
604 1643 4.11336092 0.00411336092 2.72019868
604 1643 4.11344598 0.00411344598 2.72019868
603 1638 4.10174358 0.00410174358 2.71641791
603 1638 4.10169998 0.00410169998 2.71641791
603 1638 4.10182789 0.00410182789 2.71641791
603 1638 4.10180851 0.00410180851 2.71641791
603 1638 4.10182383 0.00410182383 2.71641791
603 1638 4.10182719 0.00410182719 2.71641791
603 1638 4.10182638 0.00410182638 2.71641791
603 1638 4.10182529 0.00410182529 2.71641791
603 1638 4.10182538 0.00410182538 2.71641791
603 1638 4.10182577 0.00410182577 2.71641791
602 1631 4.08987214 0.00408987214 2.70930233
602 1627 4.08996087 0.00408996087 2.70265781
602 1627 4.08994625 0.00408994625 2.70265781
602 1627 4.09003917 0.00409003917 2.70265781
602 1627 4.0900263 0.0040900263 2.70265781
602 1627 4.09003097 0.00409003097 2.70265781
602 1627 4.09002663 0.00409002663 2.70265781
602 1627 4.09002639 0.00409002639 2.70265781
602 1627 4.09002655 0.00409002655 2.70265781
602 1627 4.0900268 0.0040900268 2.70265781
601 1623 4.07807011 0.00407807011 2.70049917
601 1622 4.07894454 0.00407894454 2.69883527
601 1620 4.07938793 0.00407938793 2.69550749
601 1620 4.07904231 0.00407904231 2.69550749
601 1620 4.07906524 0.00407906524 2.69550749
601 1620 4.07895758 0.00407895758 2.69550749
601 1620 4.07914242 0.00407914242 2.69550749
601 1620 4.07908745 0.00407908745 2.69550749
601 1620 4.07911247 0.00407911247 2.69550749
601 1620 4.07910916 0.00407910916 2.69550749
600 1617 4.06761507 0.00406761507 2.695
600 1617 4.06764661 0.00406764661 2.695
600 1617 4.06767191 0.00406767191 2.695
600 1617 4.0676581 0.0040676581 2.695
600 1617 4.06766073 0.00406766073 2.695
600 1617 4.06766247 0.00406766247 2.695
600 1617 4.06765991 0.00406765991 2.695
600 1617 4.06765855 0.00406765855 2.695
600 1617 4.0676584 0.0040676584 2.695
600 1617 4.0676586 0.0040676586 2.695
599 1610 4.05593141 0.00405593141 2.68781302
599 1610 4.05590851 0.00405590851 2.68781302
599 1610 4.05593635 0.00405593635 2.68781302
599 1610 4.0558744 0.0040558744 2.68781302
599 1610 4.05583058 0.00405583058 2.68781302
599 1610 4.05588625 0.00405588625 2.68781302
599 1610 4.05581815 0.00405581815 2.68781302
599 1610 4.05565214 0.00405565214 2.68781302
599 1610 4.05576776 0.00405576776 2.68781302
599 1610 4.05562495 0.00405562495 2.68781302
598 1605 4.04356464 0.00404356464 2.68394649
598 1605 4.04379755 0.00404379755 2.68394649
598 1606 4.04360788 0.00404360788 2.68561873
598 1605 4.04376504 0.00404376504 2.68394649
598 1605 4.04348583 0.00404348583 2.68394649
598 1605 4.04379052 0.00404379052 2.68394649
598 1605 4.04381306 0.00404381306 2.68394649
598 1605 4.04379256 0.00404379256 2.68394649
598 1605 4.04377461 0.00404377461 2.68394649
598 1605 4.04352835 0.00404352835 2.68394649
597 1600 4.0314648 0.0040314648 2.680067
597 1603 4.03176631 0.00403176631 2.68509213
597 1601 4.03177638 0.00403177638 2.68174204
597 1604 4.03201983 0.00403201983 2.68676717
597 1604 4.03184727 0.00403184727 2.68676717
597 1603 4.03207492 0.00403207492 2.68509213
597 1603 4.03201901 0.00403201901 2.68509213
597 1603 4.03202512 0.00403202512 2.68509213
597 1603 4.03198273 0.00403198273 2.68509213
597 1603 4.03201627 0.00403201627 2.68509213
596 1599 4.02029121 0.00402029121 2.68288591
596 1599 4.02028452 0.00402028452 2.68288591
596 1599 4.02020101 0.00402020101 2.68288591
596 1599 4.02020128 0.00402020128 2.68288591
596 1599 4.0201741 0.0040201741 2.68288591
596 1599 4.02020215 0.00402020215 2.68288591
596 1599 4.02017154 0.00402017154 2.68288591
596 1599 4.02020259 0.00402020259 2.68288591
596 1599 4.02017157 0.00402017157 2.68288591
596 1599 4.02020268 0.00402020268 2.68288591
595 1594 4.00828004 0.00400828004 2.6789916
595 1597 4.00823052 0.00400823052 2.68403361
595 1594 4.00826566 0.00400826566 2.6789916
595 1594 4.00819636 0.00400819636 2.6789916
595 1597 4.00824311 0.00400824311 2.68403361
595 1594 4.00826791 0.00400826791 2.6789916
595 1594 4.00819806 0.00400819806 2.6789916
595 1597 4.00824507 0.00400824507 2.68403361
595 1594 4.00826736 0.00400826736 2.6789916
595 1594 4.00819775 0.00400819775 2.6789916
594 1592 3.99640042 0.00399640042 2.68013468
594 1592 3.99650698 0.00399650698 2.68013468
594 1592 3.99652385 0.00399652385 2.68013468
594 1592 3.99650798 0.00399650798 2.68013468
594 1592 3.99652347 0.00399652347 2.68013468
594 1592 3.99653102 0.00399653102 2.68013468
594 1592 3.9965282 0.0039965282 2.68013468
594 1592 3.99652652 0.00399652652 2.68013468
594 1592 3.9965261 0.0039965261 2.68013468
594 1592 3.99652661 0.00399652661 2.68013468
593 1585 3.98419703 0.00398419703 2.67284992
593 1585 3.98415305 0.00398415305 2.67284992
593 1587 3.98415849 0.00398415849 2.6762226
593 1587 3.98419109 0.00398419109 2.6762226
593 1585 3.98406837 0.00398406837 2.67284992
593 1587 3.98428279 0.00398428279 2.6762226
593 1587 3.98427658 0.00398427658 2.6762226
593 1587 3.98424178 0.00398424178 2.6762226
593 1587 3.98424351 0.00398424351 2.6762226
593 1587 3.98424116 0.00398424116 2.6762226
592 1580 3.97185026 0.00397185026 2.66891892
592 1580 3.97179237 0.00397179237 2.66891892
592 1580 3.97169758 0.00397169758 2.66891892
592 1580 3.97177675 0.00397177675 2.66891892
592 1580 3.97177886 0.00397177886 2.66891892
592 1580 3.97177437 0.00397177437 2.66891892
592 1580 3.97177403 0.00397177403 2.66891892
592 1580 3.9717743 0.0039717743 2.66891892
592 1580 3.97177441 0.00397177441 2.66891892
592 1580 3.97177446 0.00397177446 2.66891892
591 1579 3.95930925 0.00395930925 2.67174281
591 1579 3.96562235 0.00396562235 2.67174281
591 1580 3.97126807 0.00397126807 2.67343486
591 1582 3.97852747 0.00397852747 2.67681895
591 1579 3.9856103 0.0039856103 2.67174281
591 1574 3.98643439 0.00398643439 2.66328257
591 1573 3.98662187 0.00398662187 2.66159052
591 1573 3.98651939 0.00398651939 2.66159052
591 1573 3.98654422 0.00398654422 2.66159052
591 1573 3.98661515 0.00398661515 2.66159052
590 1569 3.97512941 0.00397512941 2.65932203
590 1569 3.9750767 0.0039750767 2.65932203
590 1569 3.97506136 0.00397506136 2.65932203
590 1569 3.97502186 0.00397502186 2.65932203
590 1569 3.97499578 0.00397499578 2.65932203
590 1569 3.97500518 0.00397500518 2.65932203
590 1569 3.97508961 0.00397508961 2.65932203
590 1569 3.97503609 0.00397503609 2.65932203
590 1569 3.97504957 0.00397504957 2.65932203
590 1569 3.97502497 0.00397502497 2.65932203
589 1562 3.96330698 0.00396330698 2.65195246
589 1564 3.96335049 0.00396335049 2.65534805
589 1562 3.96327686 0.00396327686 2.65195246
589 1564 3.96342175 0.00396342175 2.65534805
589 1564 3.9632882 0.0039632882 2.65534805
589 1564 3.96329568 0.00396329568 2.65534805
589 1564 3.96332858 0.00396332858 2.65534805
589 1564 3.96332122 0.00396332122 2.65534805
589 1564 3.96331287 0.00396331287 2.65534805
589 1564 3.96331387 0.00396331387 2.65534805
588 1559 3.95165571 0.00395165571 2.65136054
588 1559 3.95167363 0.00395167363 2.65136054
588 1562 3.9514429 0.0039514429 2.65646259
588 1559 3.95172397 0.00395172397 2.65136054
588 1562 3.95144973 0.00395144973 2.65646259
588 1559 3.95173213 0.00395173213 2.65136054
588 1562 3.95145145 0.00395145145 2.65646259
588 1559 3.95173223 0.00395173223 2.65136054
588 1562 3.95145131 0.00395145131 2.65646259
588 1559 3.95173223 0.00395173223 2.65136054
587 1557 3.93987758 0.00393987758 2.65247019
587 1557 3.94002255 0.00394002255 2.65247019
587 1557 3.9400425 0.0039400425 2.65247019
587 1557 3.94002034 0.00394002034 2.65247019
587 1557 3.94002889 0.00394002889 2.65247019
587 1557 3.94003704 0.00394003704 2.65247019
587 1557 3.94003548 0.00394003548 2.65247019
587 1557 3.940034 0.003940034 2.65247019
587 1557 3.94003333 0.00394003333 2.65247019
587 1557 3.94003368 0.00394003368 2.65247019
586 1550 3.92808679 0.00392808679 2.64505119
586 1552 3.92758327 0.00392758327 2.64846416
586 1555 3.93178898 0.00393178898 2.65358362
586 1554 3.93208328 0.00393208328 2.65187713
586 1554 3.93209378 0.00393209378 2.65187713
586 1554 3.93205661 0.00393205661 2.65187713
586 1554 3.93209449 0.00393209449 2.65187713
586 1554 3.93205799 0.00393205799 2.65187713
586 1554 3.93209464 0.00393209464 2.65187713
586 1554 3.93205764 0.00393205764 2.65187713
585 1549 3.92044321 0.00392044321 2.64786325
585 1552 3.92041377 0.00392041377 2.65299145
585 1549 3.92043255 0.00392043255 2.64786325
585 1552 3.92043955 0.00392043955 2.65299145
585 1549 3.92043993 0.00392043993 2.64786325
585 1552 3.92044827 0.00392044827 2.65299145
585 1549 3.92044112 0.00392044112 2.64786325
585 1552 3.92044854 0.00392044854 2.65299145
585 1549 3.92044112 0.00392044112 2.64786325
585 1552 3.92044856 0.00392044856 2.65299145
584 1547 3.90883553 0.00390883553 2.6489726
584 1547 3.90891737 0.00390891737 2.6489726
584 1547 3.90879128 0.00390879128 2.6489726
584 1547 3.90892911 0.00390892911 2.6489726
584 1547 3.90879279 0.00390879279 2.6489726
584 1547 3.90892127 0.00390892127 2.6489726
584 1547 3.90878988 0.00390878988 2.6489726
584 1547 3.90892022 0.00390892022 2.6489726
584 1547 3.90878981 0.00390878981 2.6489726
584 1547 3.90892043 0.00390892043 2.6489726
583 1542 3.89693029 0.00389693029 2.64493997
583 1543 3.89768611 0.00389768611 2.64665523
583 1543 3.89763295 0.00389763295 2.64665523
583 1543 3.89759306 0.00389759306 2.64665523
583 1540 3.89752409 0.00389752409 2.64150943
583 1543 3.89770697 0.00389770697 2.64665523
583 1540 3.8975452 0.0038975452 2.64150943
583 1543 3.89771707 0.00389771707 2.64665523
583 1543 3.89763312 0.00389763312 2.64665523
583 1543 3.8976082 0.0038976082 2.64665523
582 1538 3.88617297 0.00388617297 2.64261168
582 1538 3.88625027 0.00388625027 2.64261168
582 1538 3.88630383 0.00388630383 2.64261168
582 1538 3.88626115 0.00388626115 2.64261168
582 1538 3.88614213 0.00388614213 2.64261168
582 1538 3.88618601 0.00388618601 2.64261168
582 1538 3.88633425 0.00388633425 2.64261168
582 1538 3.88627143 0.00388627143 2.64261168
582 1538 3.88614079 0.00388614079 2.64261168
582 1538 3.88618765 0.00388618765 2.64261168
581 1531 3.87419566 0.00387419566 2.63511188
581 1531 3.87405794 0.00387405794 2.63511188
581 1531 3.87395252 0.00387395252 2.63511188
581 1536 3.87405944 0.00387405944 2.64371773
581 1534 3.88314706 0.00388314706 2.64027539
581 1537 3.88289063 0.00388289063 2.6454389
581 1534 3.88312698 0.00388312698 2.64027539
581 1534 3.88314327 0.00388314327 2.64027539
581 1537 3.88277665 0.00388277665 2.6454389
581 1534 3.88316062 0.00388316062 2.64027539
580 1532 3.87146182 0.00387146182 2.64137931
580 1533 3.87132535 0.00387132535 2.64310345
580 1533 3.87159464 0.00387159464 2.64310345
580 1533 3.8716666 0.0038716666 2.64310345
580 1533 3.8717757 0.0038717757 2.64310345
580 1533 3.87175391 0.00387175391 2.64310345
580 1533 3.87176587 0.00387176587 2.64310345
580 1533 3.87176735 0.00387176735 2.64310345
580 1533 3.87176566 0.00387176566 2.64310345
580 1533 3.87176566 0.00387176566 2.64310345
579 1526 3.85996773 0.00385996773 2.63557858
579 1528 3.86010096 0.00386010096 2.63903282
579 1528 3.86014245 0.00386014245 2.63903282
579 1528 3.86008615 0.00386008615 2.63903282
579 1528 3.86022678 0.00386022678 2.63903282
579 1528 3.86017586 0.00386017586 2.63903282
579 1528 3.86016692 0.00386016692 2.63903282
579 1528 3.86017305 0.00386017305 2.63903282
579 1528 3.86018098 0.00386018098 2.63903282
579 1528 3.86018092 0.00386018092 2.63903282
578 1521 3.84824488 0.00384824488 2.63148789
578 1524 3.84806499 0.00384806499 2.6366782
578 1521 3.84820264 0.00384820264 2.63148789
578 1524 3.84813262 0.00384813262 2.6366782
578 1521 3.8481881 0.0038481881 2.63148789
578 1521 3.84828543 0.00384828543 2.63148789
578 1524 3.84814827 0.00384814827 2.6366782
578 1521 3.84818973 0.00384818973 2.63148789
578 1521 3.8482641 0.0038482641 2.63148789
578 1524 3.84819347 0.00384819347 2.6366782
577 1517 3.83619073 0.00383619073 2.62911612
577 1517 3.83619571 0.00383619571 2.62911612
577 1517 3.83604301 0.00383604301 2.62911612
577 1517 3.83616082 0.00383616082 2.62911612
577 1517 3.83597657 0.00383597657 2.62911612
577 1517 3.83616001 0.00383616001 2.62911612
577 1517 3.83597982 0.00383597982 2.62911612
577 1517 3.83615843 0.00383615843 2.62911612
577 1517 3.83597906 0.00383597906 2.62911612
577 1517 3.83615829 0.00383615829 2.62911612
576 1514 3.82372382 0.00382372382 2.62847222
576 1515 3.82370162 0.00382370162 2.63020833
576 1514 3.82378589 0.00382378589 2.62847222
576 1514 3.82369129 0.00382369129 2.62847222
576 1514 3.82360473 0.00382360473 2.62847222
576 1515 3.83032032 0.00383032032 2.63020833
576 1515 3.83033776 0.00383033776 2.63020833
576 1515 3.83023249 0.00383023249 2.63020833
576 1515 3.83030953 0.00383030953 2.63020833
576 1515 3.83024101 0.00383024101 2.63020833
575 1512 3.81817972 0.00381817972 2.62956522
575 1508 3.81828101 0.00381828101 2.6226087
575 1512 3.81816307 0.00381816307 2.62956522
575 1508 3.81830982 0.00381830982 2.6226087
575 1512 3.81825931 0.00381825931 2.62956522
575 1508 3.81831327 0.00381831327 2.6226087
575 1512 3.81824413 0.00381824413 2.62956522
575 1508 3.81831356 0.00381831356 2.6226087
575 1512 3.81824333 0.00381824333 2.62956522
575 1508 3.81831269 0.00381831269 2.6226087
574 1505 3.80625189 0.00380625189 2.62195122
574 1505 3.80619268 0.00380619268 2.62195122
574 1505 3.80621684 0.00380621684 2.62195122
574 1505 3.80625873 0.00380625873 2.62195122
574 1505 3.806255 0.003806255 2.62195122
574 1505 3.80625218 0.00380625218 2.62195122
574 1505 3.80625396 0.00380625396 2.62195122
574 1505 3.80625505 0.00380625505 2.62195122
574 1505 3.80625503 0.00380625503 2.62195122
574 1505 3.806255 0.003806255 2.62195122
573 1503 3.79374049 0.00379374049 2.62303665
573 1503 3.79373919 0.00379373919 2.62303665
573 1503 3.79369787 0.00379369787 2.62303665
573 1503 3.79369861 0.00379369861 2.62303665
573 1503 3.79370235 0.00379370235 2.62303665
573 1503 3.79370172 0.00379370172 2.62303665
573 1503 3.79370213 0.00379370213 2.62303665
573 1503 3.79370034 0.00379370034 2.62303665
573 1503 3.79370096 0.00379370096 2.62303665
573 1503 3.79370076 0.00379370076 2.62303665
572 1498 3.78068659 0.00378068659 2.61888112
572 1498 3.78081559 0.00378081559 2.61888112
572 1498 3.78077058 0.00378077058 2.61888112
572 1498 3.78083456 0.00378083456 2.61888112
572 1498 3.78084658 0.00378084658 2.61888112
572 1498 3.78084681 0.00378084681 2.61888112
572 1498 3.78084837 0.00378084837 2.61888112
572 1498 3.78084975 0.00378084975 2.61888112
572 1498 3.78085032 0.00378085032 2.61888112
572 1498 3.78085033 0.00378085033 2.61888112
571 1493 3.76726268 0.00376726268 2.61471103
571 1495 3.76721777 0.00376721777 2.61821366
571 1495 3.76792972 0.00376792972 2.61821366
571 1495 3.77472312 0.00377472312 2.61821366
571 1495 3.77480398 0.00377480398 2.61821366
571 1495 3.77471749 0.00377471749 2.61821366
571 1495 3.77472251 0.00377472251 2.61821366
571 1495 3.77472827 0.00377472827 2.61821366
571 1495 3.77473169 0.00377473169 2.61821366
571 1495 3.77473142 0.00377473142 2.61821366
570 1493 3.76220954 0.00376220954 2.61929825
570 1493 3.76220466 0.00376220466 2.61929825
570 1493 3.7621628 0.0037621628 2.61929825
570 1493 3.76216255 0.00376216255 2.61929825
570 1493 3.76216614 0.00376216614 2.61929825
570 1493 3.76216588 0.00376216588 2.61929825
570 1493 3.76216606 0.00376216606 2.61929825
570 1493 3.76216431 0.00376216431 2.61929825
570 1493 3.76216481 0.00376216481 2.61929825
570 1493 3.76216462 0.00376216462 2.61929825
569 1488 3.74941238 0.00374941238 2.61511424
569 1488 3.74955136 0.00374955136 2.61511424
569 1488 3.74950371 0.00374950371 2.61511424
569 1488 3.74956975 0.00374956975 2.61511424
569 1488 3.74958027 0.00374958027 2.61511424
569 1488 3.74958128 0.00374958128 2.61511424
569 1488 3.74958248 0.00374958248 2.61511424
569 1488 3.74958421 0.00374958421 2.61511424
569 1488 3.74958473 0.00374958473 2.61511424
569 1488 3.74958478 0.00374958478 2.61511424
568 1483 3.73618054 0.00373618054 2.61091549
568 1483 3.73606294 0.00373606294 2.61091549
568 1483 3.73602447 0.00373602447 2.61091549
568 1483 3.73602166 0.00373602166 2.61091549
568 1483 3.73602336 0.00373602336 2.61091549
568 1483 3.73602297 0.00373602297 2.61091549
568 1483 3.73602291 0.00373602291 2.61091549
568 1483 3.73602299 0.00373602299 2.61091549
568 1483 3.73602298 0.00373602298 2.61091549
568 1483 3.73602298 0.00373602298 2.61091549
567 1478 3.72209152 0.00372209152 2.60670194
567 1478 3.72204377 0.00372204377 2.60670194
567 1478 3.72216657 0.00372216657 2.60670194
567 1478 3.72229399 0.00372229399 2.60670194
567 1478 3.72227542 0.00372227542 2.60670194
567 1478 3.72205985 0.00372205985 2.60670194
567 1478 3.72192364 0.00372192364 2.60670194
567 1478 3.7220411 0.0037220411 2.60670194
567 1478 3.72209646 0.00372209646 2.60670194
567 1478 3.72226748 0.00372226748 2.60670194
566 1470 3.70786465 0.00370786465 2.59717314
566 1471 3.71651974 0.00371651974 2.59893993
566 1472 3.72959522 0.00372959522 2.60070671
566 1472 3.72954634 0.00372954634 2.60070671
566 1472 3.72963872 0.00372963872 2.60070671
566 1472 3.72974639 0.00372974639 2.60070671
566 1472 3.72976516 0.00372976516 2.60070671
566 1472 3.72975992 0.00372975992 2.60070671
566 1472 3.72976067 0.00372976067 2.60070671
566 1472 3.72976475 0.00372976475 2.60070671
565 1467 3.71633999 0.00371633999 2.59646018
565 1467 3.71622371 0.00371622371 2.59646018
565 1467 3.71618728 0.00371618728 2.59646018
565 1467 3.71618419 0.00371618419 2.59646018
565 1467 3.71618629 0.00371618629 2.59646018
565 1467 3.71618573 0.00371618573 2.59646018
565 1467 3.7161857 0.0037161857 2.59646018
565 1467 3.71618581 0.00371618581 2.59646018
565 1467 3.7161858 0.0037161858 2.59646018
565 1467 3.71618581 0.00371618581 2.59646018
564 1462 3.70217201 0.00370217201 2.59219858
564 1462 3.70213543 0.00370213543 2.59219858
564 1462 3.70208424 0.00370208424 2.59219858
564 1462 3.70204803 0.00370204803 2.59219858
564 1462 3.70205053 0.00370205053 2.59219858
564 1462 3.70205653 0.00370205653 2.59219858
564 1462 3.70205866 0.00370205866 2.59219858
564 1462 3.70205897 0.00370205897 2.59219858
564 1462 3.70205933 0.00370205933 2.59219858
564 1462 3.70206002 0.00370206002 2.59219858
563 1458 3.68790898 0.00368790898 2.58969805
563 1457 3.68946043 0.00368946043 2.58792185
563 1460 3.69018383 0.00369018383 2.59325044
563 1460 3.70291869 0.00370291869 2.59325044
563 1460 3.70287182 0.00370287182 2.59325044
563 1460 3.70287261 0.00370287261 2.59325044
563 1460 3.70291736 0.00370291736 2.59325044
563 1460 3.702801 0.003702801 2.59325044
563 1460 3.70290804 0.00370290804 2.59325044
563 1460 3.70280672 0.00370280672 2.59325044
562 1459 3.69003583 0.00369003583 2.59608541
562 1457 3.69008416 0.00369008416 2.59252669
562 1457 3.69015173 0.00369015173 2.59252669
562 1457 3.69001509 0.00369001509 2.59252669
562 1459 3.69012838 0.00369012838 2.59608541
562 1459 3.69011768 0.00369011768 2.59608541
562 1459 3.69009917 0.00369009917 2.59608541
562 1459 3.69011028 0.00369011028 2.59608541
562 1459 3.69010745 0.00369010745 2.59608541
562 1459 3.69010721 0.00369010721 2.59608541
561 1456 3.677188 0.003677188 2.59536542
561 1456 3.67718642 0.00367718642 2.59536542
561 1456 3.6773035 0.0036773035 2.59536542
561 1456 3.67738643 0.00367738643 2.59536542
561 1456 3.67738364 0.00367738364 2.59536542
561 1456 3.6773824 0.0036773824 2.59536542
561 1456 3.67738553 0.00367738553 2.59536542
561 1456 3.67738994 0.00367738994 2.59536542
561 1456 3.67739121 0.00367739121 2.59536542
561 1456 3.67739115 0.00367739115 2.59536542
560 1451 3.66365478 0.00366365478 2.59107143
560 1451 3.66352508 0.00366352508 2.59107143
560 1451 3.66348715 0.00366348715 2.59107143
560 1451 3.66348388 0.00366348388 2.59107143
560 1451 3.66348654 0.00366348654 2.59107143
560 1451 3.66348613 0.00366348613 2.59107143
560 1451 3.66348609 0.00366348609 2.59107143
560 1451 3.66348622 0.00366348622 2.59107143
560 1451 3.66348619 0.00366348619 2.59107143
560 1451 3.66348619 0.00366348619 2.59107143
559 1446 3.64952616 0.00364952616 2.58676208
559 1446 3.64951141 0.00364951141 2.58676208
559 1446 3.64949467 0.00364949467 2.58676208
559 1446 3.64947185 0.00364947185 2.58676208
559 1446 3.64947827 0.00364947827 2.58676208
559 1446 3.64946435 0.00364946435 2.58676208
559 1446 3.64947787 0.00364947787 2.58676208
559 1446 3.64946396 0.00364946396 2.58676208
559 1446 3.64947771 0.00364947771 2.58676208
559 1446 3.64946387 0.00364946387 2.58676208
558 1438 3.63490406 0.00363490406 2.57706093
558 1438 3.63486435 0.00363486435 2.57706093
558 1445 3.63510152 0.00363510152 2.58960573
558 1445 3.63662234 0.00363662234 2.58960573
558 1447 3.64933234 0.00364933234 2.59318996
558 1445 3.64924218 0.00364924218 2.58960573
558 1445 3.64929154 0.00364929154 2.58960573
558 1445 3.64927586 0.00364927586 2.58960573
558 1445 3.64928383 0.00364928383 2.58960573
558 1445 3.64928043 0.00364928043 2.58960573
557 1442 3.63623833 0.00363623833 2.58886894
557 1442 3.63633234 0.00363633234 2.58886894
557 1442 3.63620251 0.00363620251 2.58886894
557 1442 3.63638339 0.00363638339 2.58886894
557 1442 3.63629058 0.00363629058 2.58886894
557 1442 3.63632497 0.00363632497 2.58886894
557 1442 3.63621612 0.00363621612 2.58886894
557 1442 3.63638195 0.00363638195 2.58886894
557 1442 3.63620873 0.00363620873 2.58886894
557 1442 3.63636526 0.00363636526 2.58886894
556 1437 3.62241225 0.00362241225 2.58453237
556 1437 3.62240886 0.00362240886 2.58453237
556 1435 3.62237067 0.00362237067 2.58093525
556 1435 3.62228346 0.00362228346 2.58093525
556 1436 3.62228256 0.00362228256 2.58273381
556 1436 3.62221002 0.00362221002 2.58273381
556 1435 3.62241677 0.00362241677 2.58093525
556 1435 3.62230891 0.00362230891 2.58093525
556 1435 3.62225873 0.00362225873 2.58093525
556 1436 3.62224685 0.00362224685 2.58273381
555 1428 3.60848686 0.00360848686 2.57297297
555 1433 3.60893024 0.00360893024 2.58198198
555 1433 3.60874905 0.00360874905 2.58198198
555 1433 3.60872187 0.00360872187 2.58198198
555 1433 3.60875076 0.00360875076 2.58198198
555 1433 3.60872307 0.00360872307 2.58198198
555 1433 3.6088211 0.0036088211 2.58198198
555 1433 3.60865533 0.00360865533 2.58198198
555 1433 3.60884829 0.00360884829 2.58198198
555 1433 3.60873472 0.00360873472 2.58198198
554 1425 3.5946644 0.0035946644 2.57220217
554 1425 3.59478868 0.00359478868 2.57220217
554 1425 3.59482968 0.00359482968 2.57220217
554 1425 3.59480663 0.00359480663 2.57220217
554 1425 3.59483803 0.00359483803 2.57220217
554 1428 3.59466167 0.00359466167 2.57761733
554 1425 3.5946624 0.0035946624 2.57220217
554 1425 3.59470072 0.00359470072 2.57220217
554 1425 3.59477428 0.00359477428 2.57220217
554 1425 3.59481017 0.00359481017 2.57220217
553 1420 3.58036926 0.00358036926 2.56781193
553 1420 3.58063816 0.00358063816 2.56781193
553 1420 3.58060174 0.00358060174 2.56781193
553 1418 3.58037094 0.00358037094 2.5641953
553 1420 3.58062896 0.00358062896 2.56781193
553 1420 3.58058328 0.00358058328 2.56781193
553 1420 3.58057595 0.00358057595 2.56781193
553 1420 3.5805814 0.0035805814 2.56781193
553 1418 3.580361 0.003580361 2.5641953
553 1420 3.58062692 0.00358062692 2.56781193
552 1415 3.56601789 0.00356601789 2.5634058
552 1413 3.56618231 0.00356618231 2.55978261
552 1413 3.56625932 0.00356625932 2.55978261
552 1413 3.56623494 0.00356623494 2.55978261
552 1413 3.56623748 0.00356623748 2.55978261
552 1413 3.56623979 0.00356623979 2.55978261
552 1413 3.56623819 0.00356623819 2.55978261
552 1413 3.56623973 0.00356623973 2.55978261
552 1413 3.56623928 0.00356623928 2.55978261
552 1413 3.5662395 0.0035662395 2.55978261
551 1408 3.55178861 0.00355178861 2.5553539
551 1411 3.55149961 0.00355149961 2.56079855
551 1412 3.55402248 0.00355402248 2.56261343
551 1416 3.56563329 0.00356563329 2.56987296
551 1414 3.56603815 0.00356603815 2.56624319
551 1410 3.56605116 0.00356605116 2.55898367
551 1412 3.56590935 0.00356590935 2.56261343
551 1410 3.56593249 0.00356593249 2.55898367
551 1414 3.56617135 0.00356617135 2.56624319
551 1417 3.56603323 0.00356603323 2.57168784
550 1409 3.55191951 0.00355191951 2.56181818
550 1405 3.55205349 0.00355205349 2.55454545
550 1409 3.55211999 0.00355211999 2.56181818
550 1407 3.55202879 0.00355202879 2.55818182
550 1405 3.55204504 0.00355204504 2.55454545
550 1409 3.55211158 0.00355211158 2.56181818
550 1407 3.55204437 0.00355204437 2.55818182
550 1405 3.55205017 0.00355205017 2.55454545
550 1409 3.55211367 0.00355211367 2.56181818
550 1407 3.55204468 0.00355204468 2.55818182
549 1402 3.53811322 0.00353811322 2.55373406
549 1402 3.53802327 0.00353802327 2.55373406
549 1402 3.53814654 0.00353814654 2.55373406
549 1402 3.53806543 0.00353806543 2.55373406
549 1402 3.53813143 0.00353813143 2.55373406
549 1402 3.53803778 0.00353803778 2.55373406
549 1402 3.53812275 0.00353812275 2.55373406
549 1402 3.5380319 0.0035380319 2.55373406
549 1402 3.53811937 0.00353811937 2.55373406
549 1402 3.53803161 0.00353803161 2.55373406
548 1397 3.52329335 0.00352329335 2.54927007
548 1401 3.52327753 0.00352327753 2.55656934
548 1396 3.52335601 0.00352335601 2.54744526
548 1397 3.52332101 0.00352332101 2.54927007
548 1395 3.52338825 0.00352338825 2.54562044
548 1395 3.52332723 0.00352332723 2.54562044
548 1395 3.52337524 0.00352337524 2.54562044
548 1395 3.5233672 0.0035233672 2.54562044
548 1395 3.52337268 0.00352337268 2.54562044
548 1395 3.52337127 0.00352337127 2.54562044
547 1390 3.50909573 0.00350909573 2.54113346
547 1390 3.50893094 0.00350893094 2.54113346
547 1390 3.50889368 0.00350889368 2.54113346
547 1390 3.5088509 0.0035088509 2.54113346
547 1390 3.50882728 0.00350882728 2.54113346
547 1390 3.5088168 0.0035088168 2.54113346
547 1390 3.50881506 0.00350881506 2.54113346
547 1390 3.50881527 0.00350881527 2.54113346
547 1390 3.50881604 0.00350881604 2.54113346
547 1390 3.50881651 0.00350881651 2.54113346
546 1384 3.49426279 0.00349426279 2.53479853
546 1384 3.49437773 0.00349437773 2.53479853
546 1384 3.49439069 0.00349439069 2.53479853
546 1384 3.49438415 0.00349438415 2.53479853
546 1384 3.49429046 0.00349429046 2.53479853
546 1384 3.49428667 0.00349428667 2.53479853
546 1384 3.49427122 0.00349427122 2.53479853
546 1384 3.49427355 0.00349427355 2.53479853
546 1384 3.49427328 0.00349427328 2.53479853
546 1384 3.49427308 0.00349427308 2.53479853
545 1383 3.47947168 0.00347947168 2.53761468
545 1383 3.47935663 0.00347935663 2.53761468
545 1384 3.49266099 0.00349266099 2.53944954
545 1384 3.49736638 0.00349736638 2.53944954
545 1385 3.50507518 0.00350507518 2.5412844
545 1383 3.51260887 0.00351260887 2.53761468
545 1385 3.52225977 0.00352225977 2.5412844
545 1391 3.52913404 0.00352913404 2.55229358
545 1391 3.52907937 0.00352907937 2.55229358
545 1391 3.52913165 0.00352913165 2.55229358
544 1388 3.51556974 0.00351556974 2.55147059
544 1386 3.51557193 0.00351557193 2.54779412
544 1386 3.51553102 0.00351553102 2.54779412
544 1388 3.51549488 0.00351549488 2.55147059
544 1386 3.51557744 0.00351557744 2.54779412
544 1386 3.51551815 0.00351551815 2.54779412
544 1386 3.51556041 0.00351556041 2.54779412
544 1386 3.51551283 0.00351551283 2.54779412
544 1386 3.5155409 0.0035155409 2.54779412
544 1386 3.51567724 0.00351567724 2.54779412
543 1383 3.50225202 0.00350225202 2.54696133
543 1385 3.50209939 0.00350209939 2.55064457
543 1385 3.50192474 0.00350192474 2.55064457
543 1383 3.50223824 0.00350223824 2.54696133
543 1383 3.50230148 0.00350230148 2.54696133
543 1383 3.50230639 0.00350230639 2.54696133
543 1383 3.50230112 0.00350230112 2.54696133
543 1383 3.50230095 0.00350230095 2.54696133
543 1383 3.50230152 0.00350230152 2.54696133
543 1383 3.50230172 0.00350230172 2.54696133
542 1382 3.488771 0.003488771 2.5498155
542 1382 3.48862462 0.00348862462 2.5498155
542 1382 3.48861118 0.00348861118 2.5498155
542 1382 3.48859231 0.00348859231 2.5498155
542 1382 3.48858746 0.00348858746 2.5498155
542 1382 3.48858392 0.00348858392 2.5498155
542 1382 3.48858468 0.00348858468 2.5498155
542 1382 3.48858453 0.00348858453 2.5498155
542 1382 3.48858484 0.00348858484 2.5498155
542 1382 3.48858489 0.00348858489 2.5498155
541 1376 3.47434317 0.00347434317 2.54343808
541 1376 3.47459332 0.00347459332 2.54343808
541 1376 3.47446361 0.00347446361 2.54343808
541 1376 3.47445588 0.00347445588 2.54343808
541 1376 3.47445285 0.00347445285 2.54343808
541 1376 3.47445794 0.00347445794 2.54343808
541 1376 3.47445678 0.00347445678 2.54343808
541 1376 3.4744562 0.0034744562 2.54343808
541 1376 3.47445663 0.00347445663 2.54343808
541 1376 3.47445696 0.00347445696 2.54343808
540 1374 3.45966718 0.00345966718 2.54444444
540 1374 3.45986223 0.00345986223 2.54444444
540 1374 3.45984013 0.00345984013 2.54444444
540 1374 3.45981433 0.00345981433 2.54444444
540 1374 3.45977308 0.00345977308 2.54444444
540 1374 3.45976817 0.00345976817 2.54444444
540 1374 3.45977211 0.00345977211 2.54444444
540 1374 3.45977398 0.00345977398 2.54444444
540 1374 3.45977413 0.00345977413 2.54444444
540 1374 3.45977411 0.00345977411 2.54444444
539 1371 3.44495283 0.00344495283 2.54359926
539 1372 3.45417766 0.00345417766 2.54545455
539 1372 3.45418799 0.00345418799 2.54545455
539 1372 3.45415672 0.00345415672 2.54545455
539 1372 3.45428069 0.00345428069 2.54545455
539 1372 3.45417477 0.00345417477 2.54545455
539 1371 3.45378349 0.00345378349 2.54359926
539 1366 3.45442009 0.00345442009 2.53432282
539 1364 3.45438968 0.00345438968 2.53061224
539 1366 3.45451272 0.00345451272 2.53432282
538 1360 3.4404124 0.0034404124 2.52788104
538 1363 3.4403194 0.0034403194 2.53345725
538 1360 3.44039832 0.00344039832 2.52788104
538 1363 3.4403266 0.0034403266 2.53345725
538 1360 3.44036219 0.00344036219 2.52788104
538 1363 3.44033088 0.00344033088 2.53345725
538 1360 3.44036339 0.00344036339 2.52788104
538 1363 3.44033124 0.00344033124 2.53345725
538 1360 3.44036453 0.00344036453 2.52788104
538 1363 3.44033185 0.00344033185 2.53345725
537 1357 3.42624385 0.00342624385 2.52700186
537 1357 3.42626933 0.00342626933 2.52700186
537 1357 3.4263228 0.0034263228 2.52700186
537 1357 3.42631203 0.00342631203 2.52700186
537 1357 3.42633357 0.00342633357 2.52700186
537 1357 3.42631806 0.00342631806 2.52700186
537 1357 3.42633473 0.00342633473 2.52700186
537 1357 3.42631835 0.00342631835 2.52700186
537 1357 3.42633468 0.00342633468 2.52700186
537 1357 3.42631838 0.00342631838 2.52700186
536 1355 3.41161453 0.00341161453 2.52798507
536 1355 3.41203275 0.00341203275 2.52798507
536 1355 3.41202046 0.00341202046 2.52798507
536 1355 3.4119873 0.0034119873 2.52798507
536 1355 3.41187573 0.00341187573 2.52798507
536 1355 3.41185892 0.00341185892 2.52798507
536 1355 3.41186209 0.00341186209 2.52798507
536 1355 3.41185921 0.00341185921 2.52798507
536 1355 3.41185993 0.00341185993 2.52798507
536 1355 3.41185999 0.00341185999 2.52798507
535 1353 3.39729604 0.00339729604 2.52897196
535 1353 3.39739948 0.00339739948 2.52897196
535 1353 3.39729894 0.00339729894 2.52897196
535 1353 3.39723484 0.00339723484 2.52897196
535 1353 3.39731141 0.00339731141 2.52897196
535 1353 3.39724325 0.00339724325 2.52897196
535 1353 3.39730506 0.00339730506 2.52897196
535 1353 3.39724301 0.00339724301 2.52897196
535 1353 3.39730398 0.00339730398 2.52897196
535 1353 3.39724316 0.00339724316 2.52897196
534 1352 3.38195145 0.00338195145 2.53183521
534 1349 3.38211715 0.00338211715 2.52621723
534 1345 3.38298654 0.00338298654 2.51872659
534 1344 3.38487021 0.00338487021 2.51685393
534 1342 3.38532657 0.00338532657 2.51310861
534 1343 3.38702159 0.00338702159 2.51498127
534 1344 3.39206746 0.00339206746 2.51685393
534 1344 3.39201534 0.00339201534 2.51685393
534 1344 3.39199359 0.00339199359 2.51685393
534 1344 3.39200895 0.00339200895 2.51685393
533 1341 3.37865178 0.00337865178 2.51594747
533 1341 3.38617576 0.00338617576 2.51594747
533 1342 3.38636078 0.00338636078 2.51782364
533 1342 3.38636672 0.00338636672 2.51782364
533 1340 3.38625422 0.00338625422 2.51407129
533 1341 3.38619694 0.00338619694 2.51594747
533 1340 3.38607119 0.00338607119 2.51407129
533 1340 3.38596588 0.00338596588 2.51407129
533 1340 3.38619389 0.00338619389 2.51407129
533 1341 3.38615 0.00338615 2.51594747
532 1334 3.37386897 0.00337386897 2.5075188
532 1334 3.37399349 0.00337399349 2.5075188
532 1334 3.37397762 0.00337397762 2.5075188
532 1335 3.37396585 0.00337396585 2.5093985
532 1335 3.37379137 0.00337379137 2.5093985
532 1335 3.37382671 0.00337382671 2.5093985
532 1335 3.37394782 0.00337394782 2.5093985
532 1334 3.37409772 0.00337409772 2.5075188
532 1334 3.37395417 0.00337395417 2.5075188
532 1335 3.37395168 0.00337395168 2.5093985
531 1329 3.36127103 0.00336127103 2.50282486
531 1331 3.36128741 0.00336128741 2.50659134
531 1329 3.36124647 0.00336124647 2.50282486
531 1332 3.36120023 0.00336120023 2.50847458
531 1329 3.36147048 0.00336147048 2.50282486
531 1329 3.36130575 0.00336130575 2.50282486
531 1329 3.36127721 0.00336127721 2.50282486
531 1329 3.36130509 0.00336130509 2.50282486
531 1329 3.36131576 0.00336131576 2.50282486
531 1329 3.36131138 0.00336131138 2.50282486
530 1326 3.34858001 0.00334858001 2.50188679
530 1326 3.3485171 0.0033485171 2.50188679
530 1326 3.34863223 0.00334863223 2.50188679
530 1326 3.34863696 0.00334863696 2.50188679
530 1326 3.34861481 0.00334861481 2.50188679
530 1326 3.34856764 0.00334856764 2.50188679
530 1326 3.34866202 0.00334866202 2.50188679
530 1326 3.34861394 0.00334861394 2.50188679
530 1326 3.34856157 0.00334856157 2.50188679
530 1326 3.34866351 0.00334866351 2.50188679
529 1324 3.33545062 0.00333545062 2.50283554
529 1324 3.33544801 0.00333544801 2.50283554
529 1324 3.33548168 0.00333548168 2.50283554
529 1324 3.33550205 0.00333550205 2.50283554
529 1324 3.33550069 0.00333550069 2.50283554
529 1324 3.33541726 0.00333541726 2.50283554
529 1324 3.33546781 0.00333546781 2.50283554
529 1324 3.3355054 0.0033355054 2.50283554
529 1325 3.33541048 0.00333541048 2.5047259
529 1325 3.33548115 0.00333548115 2.5047259
528 1323 3.32226172 0.00332226172 2.50568182
528 1323 3.32237607 0.00332237607 2.50568182
528 1323 3.32230381 0.00332230381 2.50568182
528 1323 3.32230869 0.00332230869 2.50568182
528 1323 3.32231389 0.00332231389 2.50568182
528 1323 3.32231523 0.00332231523 2.50568182
528 1323 3.32231686 0.00332231686 2.50568182
528 1323 3.32231645 0.00332231645 2.50568182
528 1323 3.32231646 0.00332231646 2.50568182
528 1323 3.3223164 0.0033223164 2.50568182
527 1320 3.30878367 0.00330878367 2.50474383
527 1321 3.30875342 0.00330875342 2.50664137
527 1321 3.30877348 0.00330877348 2.50664137
527 1320 3.30893508 0.00330893508 2.50474383
527 1318 3.30873565 0.00330873565 2.50094877
527 1316 3.31744143 0.00331744143 2.4971537
527 1316 3.31744842 0.00331744842 2.4971537
527 1316 3.31747209 0.00331747209 2.4971537
527 1316 3.3174265 0.0033174265 2.4971537
527 1316 3.3175467 0.0033175467 2.4971537
526 1313 3.30470956 0.00330470956 2.49619772
526 1315 3.30465135 0.00330465135 2.5
526 1315 3.30452034 0.00330452034 2.5
526 1313 3.30469206 0.00330469206 2.49619772
526 1315 3.30462529 0.00330462529 2.5
526 1313 3.30477024 0.00330477024 2.49619772
526 1315 3.30463794 0.00330463794 2.5
526 1315 3.30452387 0.00330452387 2.5
526 1313 3.30469356 0.00330469356 2.49619772
526 1315 3.30462391 0.00330462391 2.5
525 1312 3.29176607 0.00329176607 2.49904762
525 1312 3.29186556 0.00329186556 2.49904762
525 1312 3.29187205 0.00329187205 2.49904762
525 1312 3.29177809 0.00329177809 2.49904762
525 1312 3.29177029 0.00329177029 2.49904762
525 1312 3.29177297 0.00329177297 2.49904762
525 1312 3.29176882 0.00329176882 2.49904762
525 1312 3.29176998 0.00329176998 2.49904762
525 1312 3.29177037 0.00329177037 2.49904762
525 1312 3.29177066 0.00329177066 2.49904762
524 1310 3.27825971 0.00327825971 2.5
524 1310 3.2783144 0.0032783144 2.5
524 1310 3.27830369 0.00327830369 2.5
524 1310 3.27833625 0.00327833625 2.5
524 1310 3.27833021 0.00327833021 2.5
524 1310 3.27833206 0.00327833206 2.5
524 1310 3.27833366 0.00327833366 2.5
524 1310 3.27833411 0.00327833411 2.5
524 1310 3.27833426 0.00327833426 2.5
524 1310 3.27833444 0.00327833444 2.5
523 1302 3.26449026 0.00326449026 2.48948375
523 1297 3.26477267 0.00326477267 2.47992352
523 1298 3.2648933 0.0032648933 2.48183556
523 1298 3.26483922 0.00326483922 2.48183556
523 1297 3.26492274 0.00326492274 2.47992352
523 1297 3.26472224 0.00326472224 2.47992352
523 1298 3.2649376 0.0032649376 2.48183556
523 1298 3.26482755 0.00326482755 2.48183556
523 1297 3.26492667 0.00326492667 2.47992352
523 1297 3.26472217 0.00326472217 2.47992352
522 1295 3.25173787 0.00325173787 2.48084291
522 1295 3.25170525 0.00325170525 2.48084291
522 1295 3.25173081 0.00325173081 2.48084291
522 1295 3.25175537 0.00325175537 2.48084291
522 1295 3.25174367 0.00325174367 2.48084291
522 1295 3.25174792 0.00325174792 2.48084291
522 1295 3.2517459 0.0032517459 2.48084291
522 1295 3.25174615 0.00325174615 2.48084291
522 1295 3.25174619 0.00325174619 2.48084291
522 1295 3.25174608 0.00325174608 2.48084291
521 1292 3.23674677 0.00323674677 2.47984645
521 1292 3.2366964 0.0032366964 2.47984645
521 1292 3.23683414 0.00323683414 2.47984645
521 1292 3.23663964 0.00323663964 2.47984645
521 1292 3.23691956 0.00323691956 2.47984645
521 1292 3.23665252 0.00323665252 2.47984645
521 1292 3.23691104 0.00323691104 2.47984645
521 1292 3.23665302 0.00323665302 2.47984645
521 1292 3.23691146 0.00323691146 2.47984645
521 1292 3.23665257 0.00323665257 2.47984645
520 1289 3.22190619 0.00322190619 2.47884615
520 1286 3.23590391 0.00323590391 2.47307692
520 1286 3.23586009 0.00323586009 2.47307692
520 1286 3.2358521 0.0032358521 2.47307692
520 1286 3.2358404 0.0032358404 2.47307692
520 1286 3.2358383 0.0032358383 2.47307692
520 1286 3.23583742 0.00323583742 2.47307692
520 1286 3.23583715 0.00323583715 2.47307692
520 1286 3.23583716 0.00323583716 2.47307692
520 1286 3.23583712 0.00323583712 2.47307692
519 1283 3.22178501 0.00322178501 2.47206166
519 1283 3.22188234 0.00322188234 2.47206166
519 1283 3.22184084 0.00322184084 2.47206166
519 1283 3.22184021 0.00322184021 2.47206166
519 1283 3.22184442 0.00322184442 2.47206166
519 1283 3.22184205 0.00322184205 2.47206166
519 1283 3.22184339 0.00322184339 2.47206166
519 1283 3.22184307 0.00322184307 2.47206166
519 1283 3.22184323 0.00322184323 2.47206166
519 1283 3.22184324 0.00322184324 2.47206166
518 1279 3.20720316 0.00320720316 2.46911197
518 1279 3.20714241 0.00320714241 2.46911197
518 1279 3.20719288 0.00320719288 2.46911197
518 1279 3.20725366 0.00320725366 2.46911197
518 1279 3.20726724 0.00320726724 2.46911197
518 1279 3.2072711 0.0032072711 2.46911197
518 1279 3.20727265 0.00320727265 2.46911197
518 1279 3.20727288 0.00320727288 2.46911197
518 1279 3.20727317 0.00320727317 2.46911197
518 1279 3.20727329 0.00320727329 2.46911197
517 1275 3.19241746 0.00319241746 2.46615087
517 1276 3.1972704 0.0031972704 2.46808511
517 1276 3.19737628 0.00319737628 2.46808511
517 1276 3.19735031 0.00319735031 2.46808511
517 1276 3.19734288 0.00319734288 2.46808511
517 1276 3.19734161 0.00319734161 2.46808511
517 1276 3.19734205 0.00319734205 2.46808511
517 1276 3.19734151 0.00319734151 2.46808511
517 1276 3.19734111 0.00319734111 2.46808511
517 1276 3.19734098 0.00319734098 2.46808511
516 1272 3.18295097 0.00318295097 2.46511628
516 1272 3.1828421 0.0031828421 2.46511628
516 1272 3.1827969 0.0031827969 2.46511628
516 1272 3.18280558 0.00318280558 2.46511628
516 1272 3.18281081 0.00318281081 2.46511628
516 1272 3.18281334 0.00318281334 2.46511628
516 1272 3.18281397 0.00318281397 2.46511628
516 1272 3.18281423 0.00318281423 2.46511628
516 1272 3.18281438 0.00318281438 2.46511628
516 1272 3.18281447 0.00318281447 2.46511628
515 1270 3.16694648 0.00316694648 2.46601942
515 1270 3.16699304 0.00316699304 2.46601942
515 1270 3.16693098 0.00316693098 2.46601942
515 1270 3.16693698 0.00316693698 2.46601942
515 1270 3.16693985 0.00316693985 2.46601942
515 1270 3.16693921 0.00316693921 2.46601942
515 1270 3.16693936 0.00316693936 2.46601942
515 1270 3.16693946 0.00316693946 2.46601942
515 1270 3.16693937 0.00316693937 2.46601942
515 1270 3.16693937 0.00316693937 2.46601942
514 1266 3.15103181 0.00315103181 2.46303502
514 1263 3.15440133 0.00315440133 2.45719844
514 1261 3.17346305 0.00317346305 2.45330739
514 1261 3.17341716 0.00317341716 2.45330739
514 1261 3.17333746 0.00317333746 2.45330739
514 1260 3.17305995 0.00317305995 2.45136187
514 1261 3.17338569 0.00317338569 2.45330739
514 1261 3.17341223 0.00317341223 2.45330739
514 1260 3.17302722 0.00317302722 2.45136187
514 1261 3.17337543 0.00317337543 2.45330739
513 1259 3.15977187 0.00315977187 2.45419103
513 1257 3.15960469 0.00315960469 2.4502924
513 1257 3.15967898 0.00315967898 2.4502924
513 1257 3.1596995 0.0031596995 2.4502924
513 1256 3.15935484 0.00315935484 2.44834308
513 1257 3.15969184 0.00315969184 2.4502924
513 1256 3.15933235 0.00315933235 2.44834308
513 1257 3.15964187 0.00315964187 2.4502924
513 1257 3.15966367 0.00315966367 2.4502924
513 1256 3.15936096 0.00315936096 2.44834308
512 1255 3.14603016 0.00314603016 2.45117188
512 1255 3.14590031 0.00314590031 2.45117188
512 1255 3.14591613 0.00314591613 2.45117188
512 1255 3.14591524 0.00314591524 2.45117188
512 1255 3.14592056 0.00314592056 2.45117188
512 1255 3.14592355 0.00314592355 2.45117188
512 1255 3.14592414 0.00314592414 2.45117188
512 1255 3.14592439 0.00314592439 2.45117188
512 1255 3.14592448 0.00314592448 2.45117188
512 1255 3.14592456 0.00314592456 2.45117188
511 1253 3.13072782 0.00313072782 2.45205479
511 1253 3.13081599 0.00313081599 2.45205479
511 1253 3.13083556 0.00313083556 2.45205479
511 1253 3.13082659 0.00313082659 2.45205479
511 1253 3.1308279 0.0031308279 2.45205479
511 1253 3.13082762 0.00313082762 2.45205479
511 1253 3.13082724 0.00313082724 2.45205479
511 1253 3.13082747 0.00313082747 2.45205479
511 1253 3.13082737 0.00313082737 2.45205479
511 1253 3.13082738 0.00313082738 2.45205479
510 1250 3.11539733 0.00311539733 2.45098039
510 1247 3.11957088 0.00311957088 2.44509804
510 1241 3.12680547 0.00312680547 2.43333333
510 1241 3.12677281 0.00312677281 2.43333333
510 1241 3.12660788 0.00312660788 2.43333333
510 1241 3.12677684 0.00312677684 2.43333333
510 1241 3.12663257 0.00312663257 2.43333333
510 1244 3.12678234 0.00312678234 2.43921569
510 1244 3.1268437 0.0031268437 2.43921569
510 1241 3.1267523 0.0031267523 2.43333333
509 1240 3.11310595 0.00311310595 2.43614931
509 1240 3.1130242 0.0031130242 2.43614931
509 1240 3.11318153 0.00311318153 2.43614931
509 1240 3.11318343 0.00311318343 2.43614931
509 1240 3.11318167 0.00311318167 2.43614931
509 1240 3.11318611 0.00311318611 2.43614931
509 1240 3.1131855 0.0031131855 2.43614931
509 1240 3.11318573 0.00311318573 2.43614931
509 1240 3.11318595 0.00311318595 2.43614931
509 1240 3.11318602 0.00311318602 2.43614931
508 1238 3.09898803 0.00309898803 2.43700787
508 1238 3.09892927 0.00309892927 2.43700787
508 1240 3.09938035 0.00309938035 2.44094488
508 1240 3.09940009 0.00309940009 2.44094488
508 1240 3.09936399 0.00309936399 2.44094488
508 1240 3.09936399 0.00309936399 2.44094488
508 1240 3.09936092 0.00309936092 2.44094488
508 1240 3.09936024 0.00309936024 2.44094488
508 1240 3.09935954 0.00309935954 2.44094488
508 1240 3.09935926 0.00309935926 2.44094488
507 1236 3.08491823 0.00308491823 2.43786982
507 1229 3.09737749 0.00309737749 2.42406312
507 1232 3.11059161 0.00311059161 2.42998028
507 1229 3.1110504 0.0031110504 2.42406312
507 1229 3.11099997 0.00311099997 2.42406312
507 1230 3.11107382 0.00311107382 2.4260355
507 1227 3.11159745 0.00311159745 2.42011834
507 1227 3.11155704 0.00311155704 2.42011834
507 1227 3.11148583 0.00311148583 2.42011834
507 1227 3.11151085 0.00311151085 2.42011834
506 1226 3.09757357 0.00309757357 2.4229249
506 1226 3.09758021 0.00309758021 2.4229249
506 1226 3.09772983 0.00309772983 2.4229249
506 1226 3.09767082 0.00309767082 2.4229249
506 1226 3.09763164 0.00309763164 2.4229249
506 1226 3.0976119 0.0030976119 2.4229249
506 1226 3.09760753 0.00309760753 2.4229249
506 1226 3.09760645 0.00309760645 2.4229249
506 1226 3.09760606 0.00309760606 2.4229249
506 1226 3.09760617 0.00309760617 2.4229249
505 1224 3.08346025 0.00308346025 2.42376238
505 1224 3.08328714 0.00308328714 2.42376238
505 1226 3.08373984 0.00308373984 2.42772277
505 1226 3.08378791 0.00308378791 2.42772277
505 1226 3.08374105 0.00308374105 2.42772277
505 1226 3.08373739 0.00308373739 2.42772277
505 1226 3.08373666 0.00308373666 2.42772277
505 1226 3.08373663 0.00308373663 2.42772277
505 1226 3.08373567 0.00308373567 2.42772277
505 1226 3.08373531 0.00308373531 2.42772277
504 1222 3.06957247 0.00306957247 2.42460317
504 1222 3.06947667 0.00306947667 2.42460317
504 1222 3.06953173 0.00306953173 2.42460317
504 1222 3.0695079 0.0030695079 2.42460317
504 1222 3.06950633 0.00306950633 2.42460317
504 1222 3.06950776 0.00306950776 2.42460317
504 1222 3.0695083 0.0030695083 2.42460317
504 1222 3.06950831 0.00306950831 2.42460317
504 1222 3.06950841 0.00306950841 2.42460317
504 1222 3.06950847 0.00306950847 2.42460317
503 1220 3.05421019 0.00305421019 2.42544732
503 1220 3.05450862 0.00305450862 2.42544732
503 1220 3.05432596 0.00305432596 2.42544732
503 1220 3.05433686 0.00305433686 2.42544732
503 1220 3.05424705 0.00305424705 2.42544732
503 1220 3.0542037 0.0030542037 2.42544732
503 1220 3.05430686 0.00305430686 2.42544732
503 1220 3.05424259 0.00305424259 2.42544732
503 1220 3.05420544 0.00305420544 2.42544732
503 1220 3.05430671 0.00305430671 2.42544732
502 1213 3.03756514 0.00303756514 2.41633466
502 1214 3.04119157 0.00304119157 2.41832669
502 1214 3.04124635 0.00304124635 2.41832669
502 1214 3.04120243 0.00304120243 2.41832669
502 1214 3.04119432 0.00304119432 2.41832669
502 1214 3.04119469 0.00304119469 2.41832669
502 1214 3.04119302 0.00304119302 2.41832669
502 1214 3.04119302 0.00304119302 2.41832669
502 1214 3.0411935 0.0030411935 2.41832669
502 1214 3.04119378 0.00304119378 2.41832669
501 1212 3.02694634 0.00302694634 2.41916168
501 1212 3.02686373 0.00302686373 2.41916168
501 1212 3.02689896 0.00302689896 2.41916168
501 1212 3.02688 0.00302688 2.41916168
501 1212 3.02688508 0.00302688508 2.41916168
501 1212 3.02688643 0.00302688643 2.41916168
501 1212 3.0268864 0.0030268864 2.41916168
501 1212 3.02688621 0.00302688621 2.41916168
501 1212 3.02688619 0.00302688619 2.41916168
501 1212 3.02688615 0.00302688615 2.41916168
500 1210 3.01189791 0.00301189791 2.42
500 1208 3.01180839 0.00301180839 2.416
500 1208 3.0117681 0.0030117681 2.416
500 1208 3.01174972 0.00301174972 2.416
500 1208 3.01174481 0.00301174481 2.416
500 1208 3.01174689 0.00301174689 2.416
500 1208 3.01174905 0.00301174905 2.416
500 1208 3.0117497 0.0030117497 2.416
500 1208 3.01175015 0.00301175015 2.416
500 1208 3.01175043 0.00301175043 2.416
499 1206 2.99676509 0.00299676509 2.41683367
499 1206 2.99674899 0.00299674899 2.41683367
499 1206 2.99683157 0.00299683157 2.41683367
499 1206 2.99682696 0.00299682696 2.41683367
499 1206 2.99680857 0.00299680857 2.41683367
499 1206 2.99681495 0.00299681495 2.41683367
499 1206 2.99681514 0.00299681514 2.41683367
499 1206 2.99681545 0.00299681545 2.41683367
499 1206 2.99681497 0.00299681497 2.41683367
499 1206 2.996815 0.002996815 2.41683367
498 1203 2.98142612 0.00298142612 2.41566265
498 1200 2.98199541 0.00298199541 2.40963855
498 1201 2.98701184 0.00298701184 2.41164659
498 1201 2.98699578 0.00298699578 2.41164659
498 1201 2.98696139 0.00298696139 2.41164659
498 1201 2.98694926 0.00298694926 2.41164659
498 1201 2.98695154 0.00298695154 2.41164659
498 1201 2.98695189 0.00298695189 2.41164659
498 1201 2.98695183 0.00298695183 2.41164659
498 1201 2.9869518 0.0029869518 2.41164659
497 1199 2.97231299 0.00297231299 2.41247485
497 1197 2.97211294 0.00297211294 2.4084507
497 1199 2.9723927 0.0029723927 2.41247485
497 1197 2.97219038 0.00297219038 2.4084507
497 1199 2.97237227 0.00297237227 2.41247485
497 1197 2.97220962 0.00297220962 2.4084507
497 1199 2.97237711 0.00297237711 2.41247485
497 1197 2.97220826 0.00297220826 2.4084507
497 1199 2.9723776 0.0029723776 2.41247485
497 1197 2.97220822 0.00297220822 2.4084507
496 1195 2.95769402 0.00295769402 2.40927419
496 1195 2.95752898 0.00295752898 2.40927419
496 1195 2.95752948 0.00295752948 2.40927419
496 1195 2.95751469 0.00295751469 2.40927419
496 1195 2.95751366 0.00295751366 2.40927419
496 1195 2.95751564 0.00295751564 2.40927419
496 1195 2.95751587 0.00295751587 2.40927419
496 1195 2.95751594 0.00295751594 2.40927419
496 1195 2.957516 0.002957516 2.40927419
496 1195 2.95751604 0.00295751604 2.40927419
495 1193 2.94186425 0.00294186425 2.41010101
495 1192 2.95123804 0.00295123804 2.40808081
495 1191 2.96313993 0.00296313993 2.40606061
495 1191 2.963133 0.002963133 2.40606061
495 1191 2.96301103 0.00296301103 2.40606061
495 1190 2.96312661 0.00296312661 2.4040404
495 1191 2.96316975 0.00296316975 2.40606061
495 1191 2.96306714 0.00296306714 2.40606061
495 1191 2.96305997 0.00296305997 2.40606061
495 1191 2.96293492 0.00296293492 2.40606061
494 1189 2.94919719 0.00294919719 2.40688259
494 1187 2.94883624 0.00294883624 2.40283401
494 1184 2.95019875 0.00295019875 2.39676113
494 1184 2.95051049 0.00295051049 2.39676113
494 1184 2.95040095 0.00295040095 2.39676113
494 1184 2.95028147 0.00295028147 2.39676113
494 1184 2.95043558 0.00295043558 2.39676113
494 1184 2.95039566 0.00295039566 2.39676113
494 1184 2.95048064 0.00295048064 2.39676113
494 1184 2.95030598 0.00295030598 2.39676113
493 1182 2.93673805 0.00293673805 2.39756592
493 1183 2.93671011 0.00293671011 2.39959432
493 1183 2.93669476 0.00293669476 2.39959432
493 1182 2.93685777 0.00293685777 2.39756592
493 1182 2.93679859 0.00293679859 2.39756592
493 1183 2.93669304 0.00293669304 2.39959432
493 1182 2.93684118 0.00293684118 2.39756592
493 1182 2.93679482 0.00293679482 2.39756592
493 1182 2.93684009 0.00293684009 2.39756592
493 1182 2.93672424 0.00293672424 2.39756592
492 1181 2.92276769 0.00292276769 2.4004065
492 1181 2.92284515 0.00292284515 2.4004065
492 1181 2.92285171 0.00292285171 2.4004065
492 1181 2.92283355 0.00292283355 2.4004065
492 1181 2.92282669 0.00292282669 2.4004065
492 1181 2.92282441 0.00292282441 2.4004065
492 1181 2.92282443 0.00292282443 2.4004065
492 1181 2.92282429 0.00292282429 2.4004065
492 1181 2.9228242 0.0029228242 2.4004065
492 1181 2.92282422 0.00292282422 2.4004065
491 1179 2.9080612 0.0029080612 2.401222
491 1176 2.9207196 0.0029207196 2.39511202
491 1177 2.92419008 0.00292419008 2.39714868
491 1171 2.92906591 0.00292906591 2.38492872
491 1171 2.92900987 0.00292900987 2.38492872
491 1171 2.92898257 0.00292898257 2.38492872
491 1171 2.92901034 0.00292901034 2.38492872
491 1171 2.92900334 0.00292900334 2.38492872
491 1171 2.92900074 0.00292900074 2.38492872
491 1171 2.92899702 0.00292899702 2.38492872
490 1168 2.91547238 0.00291547238 2.38367347
490 1168 2.91547447 0.00291547447 2.38367347
490 1168 2.91543162 0.00291543162 2.38367347
490 1168 2.91546065 0.00291546065 2.38367347
490 1168 2.91560993 0.00291560993 2.38367347
490 1168 2.91542228 0.00291542228 2.38367347
490 1168 2.91542534 0.00291542534 2.38367347
490 1168 2.91545386 0.00291545386 2.38367347
490 1168 2.91560547 0.00291560547 2.38367347
490 1168 2.9154228 0.0029154228 2.38367347
489 1166 2.90186836 0.00290186836 2.38445808
489 1166 2.901749 0.002901749 2.38445808
489 1166 2.90207606 0.00290207606 2.38445808
489 1166 2.90180603 0.00290180603 2.38445808
489 1166 2.90200885 0.00290200885 2.38445808
489 1166 2.90188289 0.00290188289 2.38445808
489 1166 2.90195695 0.00290195695 2.38445808
489 1166 2.90181975 0.00290181975 2.38445808
489 1166 2.90201007 0.00290201007 2.38445808
489 1166 2.90188737 0.00290188737 2.38445808
488 1165 2.8879238 0.0028879238 2.38729508
488 1165 2.88802216 0.00288802216 2.38729508
488 1165 2.88802246 0.00288802246 2.38729508
488 1165 2.88800812 0.00288800812 2.38729508
488 1165 2.88800247 0.00288800247 2.38729508
488 1165 2.88800004 0.00288800004 2.38729508
488 1165 2.88800002 0.00288800002 2.38729508
488 1165 2.88799988 0.00288799988 2.38729508
488 1165 2.88799985 0.00288799985 2.38729508
488 1165 2.88799988 0.00288799988 2.38729508
487 1163 2.87369207 0.00287369207 2.38809035
487 1163 2.87360346 0.00287360346 2.38809035
487 1160 2.87337671 0.00287337671 2.38193018
487 1158 2.87518024 0.00287518024 2.37782341
487 1159 2.88073816 0.00288073816 2.3798768
487 1159 2.88088176 0.00288088176 2.3798768
487 1159 2.88072241 0.00288072241 2.3798768
487 1159 2.88071419 0.00288071419 2.3798768
487 1159 2.88071432 0.00288071432 2.3798768
487 1159 2.88071245 0.00288071245 2.3798768
486 1156 2.86754079 0.00286754079 2.37860082
486 1156 2.86741845 0.00286741845 2.37860082
486 1156 2.86753358 0.00286753358 2.37860082
486 1156 2.86765362 0.00286765362 2.37860082
486 1156 2.86753191 0.00286753191 2.37860082
486 1156 2.86765806 0.00286765806 2.37860082
486 1156 2.86753121 0.00286753121 2.37860082
486 1156 2.86766084 0.00286766084 2.37860082
486 1156 2.86753025 0.00286753025 2.37860082
486 1156 2.8676605 0.0028676605 2.37860082
485 1155 2.85401993 0.00285401993 2.3814433
485 1155 2.85408302 0.00285408302 2.3814433
485 1155 2.85398747 0.00285398747 2.3814433
485 1155 2.85398565 0.00285398565 2.3814433
485 1155 2.85400852 0.00285400852 2.3814433
485 1155 2.85400786 0.00285400786 2.3814433
485 1155 2.8540073 0.0028540073 2.3814433
485 1155 2.85400753 0.00285400753 2.3814433
485 1155 2.85400768 0.00285400768 2.3814433
485 1155 2.85400782 0.00285400782 2.3814433
484 1153 2.83962182 0.00283962182 2.3822314
484 1153 2.83965654 0.00283965654 2.3822314
484 1153 2.83964767 0.00283964767 2.3822314
484 1153 2.839648 0.002839648 2.3822314
484 1153 2.83964839 0.00283964839 2.3822314
484 1153 2.83964832 0.00283964832 2.3822314
484 1153 2.83964828 0.00283964828 2.3822314
484 1153 2.83964828 0.00283964828 2.3822314
484 1153 2.83964827 0.00283964827 2.3822314
484 1153 2.83964827 0.00283964827 2.3822314
483 1149 2.82434803 0.00282434803 2.37888199
483 1149 2.82424764 0.00282424764 2.37888199
483 1149 2.82422788 0.00282422788 2.37888199
483 1149 2.82424253 0.00282424253 2.37888199
483 1149 2.82424513 0.00282424513 2.37888199
483 1149 2.82424442 0.00282424442 2.37888199
483 1149 2.82424422 0.00282424422 2.37888199
483 1149 2.82424427 0.00282424427 2.37888199
483 1149 2.82424433 0.00282424433 2.37888199
483 1149 2.82424436 0.00282424436 2.37888199
482 1146 2.80859133 0.00280859133 2.37759336
482 1147 2.83191824 0.00283191824 2.37966805
482 1147 2.83192895 0.00283192895 2.37966805
482 1147 2.83203333 0.00283203333 2.37966805
482 1147 2.8320076 0.0028320076 2.37966805
482 1147 2.83193553 0.00283193553 2.37966805
482 1147 2.83193826 0.00283193826 2.37966805
482 1147 2.83193637 0.00283193637 2.37966805
482 1147 2.83193434 0.00283193434 2.37966805
482 1147 2.83193466 0.00283193466 2.37966805
481 1145 2.81743732 0.00281743732 2.38045738
481 1145 2.81743431 0.00281743431 2.38045738
481 1145 2.81742191 0.00281742191 2.38045738
481 1145 2.81742129 0.00281742129 2.38045738
481 1145 2.81742188 0.00281742188 2.38045738
481 1145 2.81742197 0.00281742197 2.38045738
481 1145 2.81742196 0.00281742196 2.38045738
481 1145 2.81742194 0.00281742194 2.38045738
481 1145 2.81742193 0.00281742193 2.38045738
481 1145 2.81742193 0.00281742193 2.38045738
480 1141 2.80240228 0.00280240228 2.37708333
480 1141 2.80234187 0.00280234187 2.37708333
480 1141 2.80236641 0.00280236641 2.37708333
480 1140 2.8271792 0.0028271792 2.375
480 1140 2.82717764 0.00282717764 2.375
480 1140 2.82719467 0.00282719467 2.375
480 1140 2.82719728 0.00282719728 2.375
480 1140 2.82719446 0.00282719446 2.375
480 1140 2.82719103 0.00282719103 2.375
480 1140 2.8271901 0.0028271901 2.375
479 1137 2.8140439 0.0028140439 2.3736952
479 1137 2.81408756 0.00281408756 2.3736952
479 1137 2.81414191 0.00281414191 2.3736952
479 1137 2.81416377 0.00281416377 2.3736952
479 1137 2.81417272 0.00281417272 2.3736952
479 1137 2.81418191 0.00281418191 2.3736952
479 1137 2.81418426 0.00281418426 2.3736952
479 1137 2.81418387 0.00281418387 2.3736952
479 1137 2.81418335 0.00281418335 2.3736952
479 1137 2.81418324 0.00281418324 2.3736952
478 1136 2.80091633 0.00280091633 2.37656904
478 1136 2.80073323 0.00280073323 2.37656904
478 1136 2.80085989 0.00280085989 2.37656904
478 1136 2.80084244 0.00280084244 2.37656904
478 1136 2.80072181 0.00280072181 2.37656904
478 1136 2.8007148 0.0028007148 2.37656904
478 1136 2.8007143 0.0028007143 2.37656904
478 1136 2.80071105 0.00280071105 2.37656904
478 1136 2.80071095 0.00280071095 2.37656904
478 1136 2.80071152 0.00280071152 2.37656904
477 1134 2.78581839 0.00278581839 2.37735849
477 1134 2.78582447 0.00278582447 2.37735849
477 1134 2.78586416 0.00278586416 2.37735849
477 1134 2.78588327 0.00278588327 2.37735849
477 1134 2.78588233 0.00278588233 2.37735849
477 1134 2.785884 0.002785884 2.37735849
477 1134 2.78588453 0.00278588453 2.37735849
477 1134 2.78588444 0.00278588444 2.37735849
477 1134 2.78588468 0.00278588468 2.37735849
477 1134 2.78588487 0.00278588487 2.37735849
476 1129 2.76995989 0.00276995989 2.37184874
476 1129 2.77000577 0.00277000577 2.37184874
476 1129 2.77006434 0.00277006434 2.37184874
476 1129 2.77001023 0.00277001023 2.37184874
476 1129 2.77000551 0.00277000551 2.37184874
476 1129 2.77004383 0.00277004383 2.37184874
476 1129 2.77000347 0.00277000347 2.37184874
476 1129 2.77000527 0.00277000527 2.37184874
476 1129 2.77004428 0.00277004428 2.37184874
476 1129 2.77000344 0.00277000344 2.37184874
475 1127 2.75443491 0.00275443491 2.37263158
475 1124 2.75828493 0.00275828493 2.36631579
475 1125 2.76930623 0.00276930623 2.36842105
475 1124 2.76928371 0.00276928371 2.36631579
475 1121 2.76917755 0.00276917755 2.36
475 1124 2.76910639 0.00276910639 2.36631579
475 1125 2.76935613 0.00276935613 2.36842105
475 1125 2.76925787 0.00276925787 2.36842105
475 1124 2.76926394 0.00276926394 2.36631579
475 1121 2.7691652 0.0027691652 2.36
474 1119 2.75502798 0.00275502798 2.36075949
474 1119 2.75504455 0.00275504455 2.36075949
474 1119 2.75524516 0.00275524516 2.36075949
474 1119 2.75501854 0.00275501854 2.36075949
474 1119 2.75492289 0.00275492289 2.36075949
474 1119 2.75526715 0.00275526715 2.36075949
474 1119 2.75497631 0.00275497631 2.36075949
474 1123 2.7546948 0.0027546948 2.36919831
474 1119 2.75498419 0.00275498419 2.36075949
474 1119 2.75513182 0.00275513182 2.36075949
473 1118 2.74065531 0.00274065531 2.36363636
473 1118 2.74028122 0.00274028122 2.36363636
473 1118 2.74019212 0.00274019212 2.36363636
473 1118 2.7402395 0.0027402395 2.36363636
473 1118 2.74025249 0.00274025249 2.36363636
473 1118 2.74024985 0.00274024985 2.36363636
473 1118 2.74024751 0.00274024751 2.36363636
473 1118 2.7402474 0.0027402474 2.36363636
473 1118 2.7402478 0.0027402478 2.36363636
473 1118 2.74024795 0.00274024795 2.36363636
472 1114 2.72474073 0.00272474073 2.36016949
472 1111 2.72963541 0.00272963541 2.35381356
472 1111 2.72978121 0.00272978121 2.35381356
472 1111 2.72970256 0.00272970256 2.35381356
472 1111 2.72968258 0.00272968258 2.35381356
472 1111 2.72981789 0.00272981789 2.35381356
472 1111 2.7296887 0.0027296887 2.35381356
472 1111 2.72979473 0.00272979473 2.35381356
472 1111 2.72967693 0.00272967693 2.35381356
472 1111 2.72968067 0.00272968067 2.35381356
471 1110 2.71498731 0.00271498731 2.3566879
471 1110 2.7149792 0.0027149792 2.3566879
471 1110 2.71506221 0.00271506221 2.3566879
471 1110 2.71497572 0.00271497572 2.3566879
471 1110 2.7150054 0.0027150054 2.3566879
471 1110 2.71505909 0.00271505909 2.3566879
471 1110 2.71498742 0.00271498742 2.3566879
471 1110 2.71500567 0.00271500567 2.3566879
471 1110 2.7150612 0.0027150612 2.3566879
471 1110 2.71498731 0.00271498731 2.3566879
470 1106 2.69917215 0.00269917215 2.35319149
470 1106 2.69918224 0.00269918224 2.35319149
470 1106 2.69923796 0.00269923796 2.35319149
470 1106 2.69925953 0.00269925953 2.35319149
470 1104 2.71291096 0.00271291096 2.34893617
470 1104 2.71289123 0.00271289123 2.34893617
470 1104 2.71284078 0.00271284078 2.34893617
470 1104 2.71282247 0.00271282247 2.34893617
470 1104 2.71282543 0.00271282543 2.34893617
470 1104 2.71282534 0.00271282534 2.34893617
469 1100 2.69873346 0.00269873346 2.34541578
469 1100 2.6988395 0.0026988395 2.34541578
469 1100 2.69875093 0.00269875093 2.34541578
469 1100 2.69864504 0.00269864504 2.34541578
469 1100 2.6986952 0.0026986952 2.34541578
469 1100 2.69872676 0.00269872676 2.34541578
469 1100 2.6986346 0.0026986346 2.34541578
469 1100 2.69869612 0.00269869612 2.34541578
469 1100 2.69872548 0.00269872548 2.34541578
469 1100 2.69863418 0.00269863418 2.34541578
468 1095 2.68386489 0.00268386489 2.33974359
468 1099 2.68401026 0.00268401026 2.3482906
468 1099 2.68397895 0.00268397895 2.3482906
468 1099 2.68398285 0.00268398285 2.3482906
468 1099 2.68398452 0.00268398452 2.3482906
468 1099 2.68398393 0.00268398393 2.3482906
468 1099 2.68398324 0.00268398324 2.3482906
468 1099 2.68398283 0.00268398283 2.3482906
468 1099 2.6839828 0.0026839828 2.3482906
468 1099 2.68398287 0.00268398287 2.3482906
467 1094 2.66922562 0.00266922562 2.34261242
467 1094 2.6692775 0.0026692775 2.34261242
467 1094 2.66931478 0.00266931478 2.34261242
467 1094 2.66932194 0.00266932194 2.34261242
467 1094 2.66933269 0.00266933269 2.34261242
467 1094 2.66933888 0.00266933888 2.34261242
467 1094 2.66933947 0.00266933947 2.34261242
467 1094 2.66934052 0.00266934052 2.34261242
467 1094 2.66934057 0.00266934057 2.34261242
467 1094 2.66934079 0.00266934079 2.34261242
466 1091 2.65230555 0.00265230555 2.34120172
466 1091 2.65213391 0.00265213391 2.34120172
466 1091 2.65220634 0.00265220634 2.34120172
466 1091 2.65221763 0.00265221763 2.34120172
466 1091 2.65221215 0.00265221215 2.34120172
466 1091 2.65221185 0.00265221185 2.34120172
466 1091 2.65221185 0.00265221185 2.34120172
466 1091 2.65221208 0.00265221208 2.34120172
466 1091 2.65221221 0.00265221221 2.34120172
466 1091 2.65221227 0.00265221227 2.34120172
465 1088 2.63398551 0.00263398551 2.33978495
465 1088 2.63420887 0.00263420887 2.33978495
465 1088 2.63388382 0.00263388382 2.33978495
465 1088 2.63406678 0.00263406678 2.33978495
465 1088 2.63393714 0.00263393714 2.33978495
465 1088 2.63395341 0.00263395341 2.33978495
465 1088 2.63382738 0.00263382738 2.33978495
465 1088 2.63407836 0.00263407836 2.33978495
465 1088 2.63393945 0.00263393945 2.33978495
465 1088 2.63395352 0.00263395352 2.33978495
464 1084 2.61492107 0.00261492107 2.3362069
464 1085 2.61531447 0.00261531447 2.33836207
464 1085 2.61538851 0.00261538851 2.33836207
464 1085 2.61557169 0.00261557169 2.33836207
464 1083 2.6321322 0.0026321322 2.33405172
464 1085 2.64689053 0.00264689053 2.33836207
464 1085 2.64690598 0.00264690598 2.33836207
464 1085 2.64688782 0.00264688782 2.33836207
464 1085 2.64689058 0.00264689058 2.33836207
464 1085 2.64689413 0.00264689413 2.33836207
463 1080 2.63200454 0.00263200454 2.33261339
463 1080 2.63204018 0.00263204018 2.33261339
463 1080 2.63207718 0.00263207718 2.33261339
463 1080 2.63208573 0.00263208573 2.33261339
463 1080 2.6320954 0.0026320954 2.33261339
463 1080 2.63210047 0.00263210047 2.33261339
463 1080 2.63210028 0.00263210028 2.33261339
463 1080 2.63210114 0.00263210114 2.33261339
463 1080 2.6321009 0.0026321009 2.33261339
463 1080 2.63210098 0.00263210098 2.33261339
462 1077 2.61497322 0.00261497322 2.33116883
462 1077 2.61481322 0.00261481322 2.33116883
462 1077 2.61487641 0.00261487641 2.33116883
462 1077 2.61488519 0.00261488519 2.33116883
462 1077 2.61488012 0.00261488012 2.33116883
462 1077 2.61487969 0.00261487969 2.33116883
462 1077 2.61487965 0.00261487965 2.33116883
462 1077 2.61487975 0.00261487975 2.33116883
462 1077 2.61487988 0.00261487988 2.33116883
462 1077 2.61487993 0.00261487993 2.33116883
461 1074 2.5969684 0.0025969684 2.329718
461 1074 2.59689741 0.00259689741 2.329718
461 1074 2.59702004 0.00259702004 2.329718
461 1074 2.59690302 0.00259690302 2.329718
461 1074 2.5970321 0.0025970321 2.329718
461 1074 2.59690015 0.00259690015 2.329718
461 1074 2.5970374 0.0025970374 2.329718
461 1074 2.59690115 0.00259690115 2.329718
461 1074 2.59703747 0.00259703747 2.329718
461 1074 2.59690129 0.00259690129 2.329718
460 1071 2.5776829 0.0025776829 2.32826087
460 1070 2.57717693 0.00257717693 2.32608696
460 1071 2.57745313 0.00257745313 2.32826087
460 1070 2.57805245 0.00257805245 2.32608696
460 1070 2.57782864 0.00257782864 2.32608696
460 1071 2.57743485 0.00257743485 2.32826087
460 1070 2.57807868 0.00257807868 2.32608696
460 1070 2.57782859 0.00257782859 2.32608696
460 1071 2.57743461 0.00257743461 2.32826087
460 1070 2.5780762 0.0025780762 2.32608696
459 1067 2.55883746 0.00255883746 2.32461874
459 1068 2.55781478 0.00255781478 2.32679739
459 1067 2.55845871 0.00255845871 2.32461874
459 1068 2.55785628 0.00255785628 2.32679739
459 1067 2.55851722 0.00255851722 2.32461874
459 1069 2.55775761 0.00255775761 2.32897603
459 1068 2.55777453 0.00255777453 2.32679739
459 1067 2.55837781 0.00255837781 2.32461874
459 1068 2.55784369 0.00255784369 2.32679739
459 1067 2.55852746 0.00255852746 2.32461874
458 1065 2.53894764 0.00253894764 2.32532751
458 1066 2.5560778 0.0025560778 2.32751092
458 1063 2.55769627 0.00255769627 2.3209607
458 1065 2.56458374 0.00256458374 2.32532751
458 1065 2.56548514 0.00256548514 2.32532751
458 1065 2.56544106 0.00256544106 2.32532751
458 1065 2.56543796 0.00256543796 2.32532751
458 1065 2.56543399 0.00256543399 2.32532751
458 1065 2.56543702 0.00256543702 2.32532751
458 1065 2.5654408 0.0025654408 2.32532751
457 1062 2.54855675 0.00254855675 2.3238512
457 1062 2.54835585 0.00254835585 2.3238512
457 1062 2.54850848 0.00254850848 2.3238512
457 1062 2.54840569 0.00254840569 2.3238512
457 1062 2.54851787 0.00254851787 2.3238512
457 1062 2.54839162 0.00254839162 2.3238512
457 1062 2.54852112 0.00254852112 2.3238512
457 1062 2.54839253 0.00254839253 2.3238512
457 1062 2.54852132 0.00254852132 2.3238512
457 1062 2.54839278 0.00254839278 2.3238512
456 1059 2.52987949 0.00252987949 2.32236842
456 1059 2.52955681 0.00252955681 2.32236842
456 1058 2.53012269 0.00253012269 2.32017544
456 1059 2.52962623 0.00252962623 2.32236842
456 1058 2.53015169 0.00253015169 2.32017544
456 1058 2.52992282 0.00252992282 2.32017544
456 1059 2.52963446 0.00252963446 2.32236842
456 1058 2.53018263 0.00253018263 2.32017544
456 1058 2.52991976 0.00252991976 2.32017544
456 1059 2.52963622 0.00252963622 2.32236842
455 1055 2.51144294 0.00251144294 2.31868132
455 1057 2.51103845 0.00251103845 2.32307692
455 1056 2.51114479 0.00251114479 2.32087912
455 1057 2.51102193 0.00251102193 2.32307692
455 1057 2.51105271 0.00251105271 2.32307692
455 1056 2.51120455 0.00251120455 2.32087912
455 1057 2.51101664 0.00251101664 2.32307692
455 1057 2.5110475 0.0025110475 2.32307692
455 1056 2.51120712 0.00251120712 2.32087912
455 1057 2.51101724 0.00251101724 2.32307692
454 1053 2.49306216 0.00249306216 2.31938326
454 1053 2.49308453 0.00249308453 2.31938326
454 1053 2.49282931 0.00249282931 2.31938326
454 1053 2.49212413 0.00249212413 2.31938326
454 1053 2.49320067 0.00249320067 2.31938326
454 1053 2.49293767 0.00249293767 2.31938326
454 1051 2.49221288 0.00249221288 2.31497797
454 1053 2.49332549 0.00249332549 2.31938326
454 1053 2.49301481 0.00249301481 2.31938326
454 1053 2.49321702 0.00249321702 2.31938326
453 1049 2.47278649 0.00247278649 2.31567329
453 1051 2.48032581 0.00248032581 2.3200883
453 1051 2.48959349 0.00248959349 2.3200883
453 1052 2.50783346 0.00250783346 2.32229581
453 1049 2.51514371 0.00251514371 2.31567329
453 1051 2.516767 0.002516767 2.3200883
453 1051 2.516596 0.002516596 2.3200883
453 1051 2.51652389 0.00251652389 2.3200883
453 1051 2.51654601 0.00251654601 2.3200883
453 1051 2.51652408 0.00251652408 2.3200883
452 1048 2.49949303 0.00249949303 2.31858407
452 1047 2.49992431 0.00249992431 2.31637168
452 1045 2.50108226 0.00250108226 2.3119469
452 1046 2.50166977 0.00250166977 2.31415929
452 1046 2.50160885 0.00250160885 2.31415929
452 1046 2.50160007 0.00250160007 2.31415929
452 1046 2.50160351 0.00250160351 2.31415929
452 1046 2.50160306 0.00250160306 2.31415929
452 1046 2.50160155 0.00250160155 2.31415929
452 1046 2.50160005 0.00250160005 2.31415929
451 1041 2.48651614 0.00248651614 2.30820399
451 1041 2.48651893 0.00248651893 2.30820399
451 1041 2.48643778 0.00248643778 2.30820399
451 1041 2.48641864 0.00248641864 2.30820399
451 1041 2.48655596 0.00248655596 2.30820399
451 1041 2.48646306 0.00248646306 2.30820399
451 1041 2.48647133 0.00248647133 2.30820399
451 1041 2.48655137 0.00248655137 2.30820399
451 1041 2.48643918 0.00248643918 2.30820399
451 1041 2.4864178 0.0024864178 2.30820399
450 1040 2.47091246 0.00247091246 2.31111111
450 1038 2.4707384 0.0024707384 2.30666667
450 1040 2.4709229 0.0024709229 2.31111111
450 1040 2.4707308 0.0024707308 2.31111111
450 1040 2.47084912 0.00247084912 2.31111111
450 1040 2.47075465 0.00247075465 2.31111111
450 1038 2.47075837 0.00247075837 2.30666667
450 1038 2.47073238 0.00247073238 2.30666667
450 1040 2.47097501 0.00247097501 2.31111111
450 1040 2.4707459 0.0024707459 2.31111111
449 1037 2.45527261 0.00245527261 2.30957684
449 1037 2.45539552 0.00245539552 2.30957684
449 1037 2.45540465 0.00245540465 2.30957684
449 1037 2.45541283 0.00245541283 2.30957684
449 1037 2.45541316 0.00245541316 2.30957684
449 1037 2.45541031 0.00245541031 2.30957684
449 1037 2.45541004 0.00245541004 2.30957684
449 1037 2.45541007 0.00245541007 2.30957684
449 1037 2.45541013 0.00245541013 2.30957684
449 1037 2.45541012 0.00245541012 2.30957684
448 1034 2.43927039 0.00243927039 2.30803571
448 1029 2.45132127 0.00245132127 2.296875
448 1029 2.45128791 0.00245128791 2.296875
448 1029 2.45128703 0.00245128703 2.296875
448 1029 2.4512866 0.0024512866 2.296875
448 1029 2.45128656 0.00245128656 2.296875
448 1029 2.45128669 0.00245128669 2.296875
448 1029 2.45128665 0.00245128665 2.296875
448 1029 2.45128663 0.00245128663 2.296875
448 1029 2.45128663 0.00245128663 2.296875
447 1028 2.43618047 0.00243618047 2.29977629
447 1028 2.43602767 0.00243602767 2.29977629
447 1028 2.4361387 0.0024361387 2.29977629
447 1028 2.43607505 0.00243607505 2.29977629
447 1028 2.43612446 0.00243612446 2.29977629
447 1028 2.43607873 0.00243607873 2.29977629
447 1028 2.43612482 0.00243612482 2.29977629
447 1028 2.43607875 0.00243607875 2.29977629
447 1028 2.4361248 0.0024361248 2.29977629
447 1028 2.43607873 0.00243607873 2.29977629
446 1025 2.41803702 0.00241803702 2.29820628
446 1024 2.41820373 0.00241820373 2.29596413
446 1024 2.41820963 0.00241820963 2.29596413
446 1026 2.41804458 0.00241804458 2.30044843
446 1026 2.41802027 0.00241802027 2.30044843
446 1026 2.41796899 0.00241796899 2.30044843
446 1026 2.41802033 0.00241802033 2.30044843
446 1026 2.41796069 0.00241796069 2.30044843
446 1026 2.41801921 0.00241801921 2.30044843
446 1026 2.41796126 0.00241796126 2.30044843
445 1023 2.39992312 0.00239992312 2.2988764
445 1022 2.40032555 0.00240032555 2.29662921
445 1022 2.40033098 0.00240033098 2.29662921
445 1022 2.40034949 0.00240034949 2.29662921
445 1022 2.40034314 0.00240034314 2.29662921
445 1022 2.4003414 0.0024003414 2.29662921
445 1022 2.40034159 0.00240034159 2.29662921
445 1022 2.40034189 0.00240034189 2.29662921
445 1022 2.40034183 0.00240034183 2.29662921
445 1022 2.40034183 0.00240034183 2.29662921
444 1019 2.3821209 0.0023821209 2.29504505
444 1019 2.38204318 0.00238204318 2.29504505
444 1019 2.38205074 0.00238205074 2.29504505
444 1019 2.38205421 0.00238205421 2.29504505
444 1019 2.38205307 0.00238205307 2.29504505
444 1019 2.38205281 0.00238205281 2.29504505
444 1019 2.382053 0.002382053 2.29504505
444 1019 2.38205321 0.00238205321 2.29504505
444 1019 2.38205333 0.00238205333 2.29504505
444 1019 2.38205343 0.00238205343 2.29504505
443 1017 2.36330218 0.00236330218 2.29571106
443 1017 2.38013976 0.00238013976 2.29571106
443 1016 2.38070727 0.00238070727 2.29345372
443 1016 2.38070103 0.00238070103 2.29345372
443 1016 2.38072272 0.00238072272 2.29345372
443 1016 2.38071399 0.00238071399 2.29345372
443 1016 2.38071323 0.00238071323 2.29345372
443 1016 2.38071417 0.00238071417 2.29345372
443 1016 2.38071406 0.00238071406 2.29345372
443 1016 2.38071393 0.00238071393 2.29345372
442 1013 2.36232058 0.00236232058 2.2918552
442 1013 2.36225248 0.00236225248 2.2918552
442 1013 2.36224309 0.00236224309 2.2918552
442 1013 2.36224118 0.00236224118 2.2918552
442 1013 2.3622589 0.0023622589 2.2918552
442 1013 2.36224018 0.00236224018 2.2918552
442 1013 2.36226181 0.00236226181 2.2918552
442 1013 2.36224073 0.00236224073 2.2918552
442 1013 2.3622623 0.0023622623 2.2918552
442 1013 2.36224096 0.00236224096 2.2918552
441 1011 2.34387438 0.00234387438 2.29251701
441 1012 2.34298833 0.00234298833 2.29478458
441 1011 2.34396867 0.00234396867 2.29251701
441 1011 2.34391497 0.00234391497 2.29251701
441 1011 2.3437844 0.0023437844 2.29251701
441 1011 2.34393623 0.00234393623 2.29251701
441 1011 2.34386406 0.00234386406 2.29251701
441 1011 2.34383812 0.00234383812 2.29251701
441 1011 2.34383485 0.00234383485 2.29251701
441 1011 2.34383137 0.00234383137 2.29251701
440 1008 2.32490047 0.00232490047 2.29090909
440 1007 2.33788621 0.00233788621 2.28863636
440 1006 2.34999013 0.00234999013 2.28636364
440 1006 2.35011264 0.00235011264 2.28636364
440 1006 2.35008608 0.00235008608 2.28636364
440 1006 2.35009361 0.00235009361 2.28636364
440 1006 2.35009309 0.00235009309 2.28636364
440 1006 2.35009177 0.00235009177 2.28636364
440 1006 2.35009094 0.00235009094 2.28636364
440 1006 2.35009061 0.00235009061 2.28636364
439 1004 2.33298967 0.00233298967 2.28701595
439 1004 2.33279123 0.00233279123 2.28701595
439 1004 2.33282157 0.00233282157 2.28701595
439 1004 2.33284208 0.00233284208 2.28701595
439 1004 2.33284606 0.00233284606 2.28701595
439 1004 2.33284011 0.00233284011 2.28701595
439 1004 2.33283898 0.00233283898 2.28701595
439 1004 2.33283906 0.00233283906 2.28701595
439 1004 2.33283936 0.00233283936 2.28701595
439 1004 2.33283952 0.00233283952 2.28701595
438 1000 2.3155501 0.0023155501 2.28310502
438 1000 2.31558704 0.00231558704 2.28310502
438 1000 2.31552766 0.00231552766 2.28310502
438 1000 2.31552341 0.00231552341 2.28310502
438 1000 2.31552281 0.00231552281 2.28310502
438 1000 2.31552236 0.00231552236 2.28310502
438 1000 2.3155229 0.0023155229 2.28310502
438 1000 2.31552275 0.00231552275 2.28310502
438 1000 2.31552271 0.00231552271 2.28310502
438 1000 2.31552277 0.00231552277 2.28310502
437 995 2.29649261 0.00229649261 2.27688787
437 995 2.29660774 0.00229660774 2.27688787
437 995 2.29671654 0.00229671654 2.27688787
437 995 2.29674319 0.00229674319 2.27688787
437 995 2.29674437 0.00229674437 2.27688787
437 995 2.29674503 0.00229674503 2.27688787
437 995 2.29674368 0.00229674368 2.27688787
437 995 2.29674314 0.00229674314 2.27688787
437 995 2.29674294 0.00229674294 2.27688787
437 995 2.29674292 0.00229674292 2.27688787
436 992 2.27768356 0.00227768356 2.27522936
436 996 2.29518655 0.00229518655 2.28440367
436 996 2.29542732 0.00229542732 2.28440367
436 996 2.29539021 0.00229539021 2.28440367
436 996 2.29537329 0.00229537329 2.28440367
436 996 2.29538016 0.00229538016 2.28440367
436 996 2.29537915 0.00229537915 2.28440367
436 996 2.29537848 0.00229537848 2.28440367
436 996 2.29537908 0.00229537908 2.28440367
436 996 2.29537915 0.00229537915 2.28440367
435 993 2.27750912 0.00227750912 2.28275862
435 993 2.27744883 0.00227744883 2.28275862
435 993 2.27745642 0.00227745642 2.28275862
435 993 2.277327 0.002277327 2.28275862
435 993 2.27738805 0.00227738805 2.28275862
435 993 2.27749365 0.00227749365 2.28275862
435 993 2.27733292 0.00227733292 2.28275862
435 993 2.27738608 0.00227738608 2.28275862
435 993 2.27749248 0.00227749248 2.28275862
435 993 2.27733328 0.00227733328 2.28275862
434 988 2.25888143 0.00225888143 2.2764977
434 988 2.2590119 0.0022590119 2.2764977
434 989 2.25771917 0.00225771917 2.27880184
434 990 2.2571292 0.0022571292 2.28110599
434 988 2.25914332 0.00225914332 2.2764977
434 989 2.25768959 0.00225768959 2.27880184
434 988 2.25902454 0.00225902454 2.2764977
434 988 2.25892394 0.00225892394 2.2764977
434 988 2.25903178 0.00225903178 2.2764977
434 988 2.25902854 0.00225902854 2.2764977
433 984 2.2394982 0.0022394982 2.27251732
433 985 2.23908174 0.00223908174 2.27482679
433 986 2.23927559 0.00223927559 2.27713626
433 984 2.23948572 0.00223948572 2.27251732
433 986 2.23928593 0.00223928593 2.27713626
433 984 2.23945967 0.00223945967 2.27251732
433 984 2.2397008 0.0022397008 2.27251732
433 984 2.23970948 0.00223970948 2.27251732
433 985 2.23909236 0.00223909236 2.27482679
433 986 2.2392882 0.0022392882 2.27713626
432 981 2.22140468 0.00222140468 2.27083333
432 981 2.22145888 0.00222145888 2.27083333
432 981 2.22143989 0.00222143989 2.27083333
432 981 2.22148202 0.00222148202 2.27083333
432 981 2.22147379 0.00222147379 2.27083333
432 981 2.22147264 0.00222147264 2.27083333
432 981 2.22147125 0.00222147125 2.27083333
432 981 2.22147153 0.00222147153 2.27083333
432 981 2.22147174 0.00222147174 2.27083333
432 981 2.22147182 0.00222147182 2.27083333
431 979 2.20309005 0.00220309005 2.27146172
431 979 2.2029987 0.0022029987 2.27146172
431 982 2.20230805 0.00220230805 2.27842227
431 979 2.20280242 0.00220280242 2.27146172
431 982 2.20226913 0.00220226913 2.27842227
431 979 2.2028474 0.0022028474 2.27146172
431 982 2.20232073 0.00220232073 2.27842227
431 979 2.20288343 0.00220288343 2.27146172
431 982 2.20227379 0.00220227379 2.27842227
431 979 2.20284459 0.00220284459 2.27146172
430 977 2.18406127 0.00218406127 2.27209302
430 979 2.18268034 0.00218268034 2.27674419
430 977 2.18404729 0.00218404729 2.27209302
430 977 2.18404252 0.00218404252 2.27209302
430 977 2.18420555 0.00218420555 2.27209302
430 977 2.18428404 0.00218428404 2.27209302
430 977 2.18429088 0.00218429088 2.27209302
430 977 2.18428998 0.00218428998 2.27209302
430 977 2.18428974 0.00218428974 2.27209302
430 977 2.18428815 0.00218428815 2.27209302
429 975 2.16400961 0.00216400961 2.27272727
429 974 2.16318662 0.00216318662 2.27039627
429 975 2.16386206 0.00216386206 2.27272727
429 974 2.16317544 0.00216317544 2.27039627
429 971 2.16396471 0.00216396471 2.26340326
429 971 2.1641852 0.0021641852 2.26340326
429 971 2.16417332 0.00216417332 2.26340326
429 971 2.16409088 0.00216409088 2.26340326
429 971 2.16422166 0.00216422166 2.26340326
429 971 2.1641858 0.0021641858 2.26340326
428 969 2.14570552 0.00214570552 2.26401869
428 969 2.14553601 0.00214553601 2.26401869
428 969 2.1456092 0.0021456092 2.26401869
428 969 2.14555783 0.00214555783 2.26401869
428 966 2.14555534 0.00214555534 2.25700935
428 966 2.14907032 0.00214907032 2.25700935
428 963 2.16532555 0.00216532555 2.25
428 963 2.16486804 0.00216486804 2.25
428 963 2.16526693 0.00216526693 2.25
428 963 2.16486967 0.00216486967 2.25
427 961 2.14779184 0.00214779184 2.25058548
427 961 2.14776676 0.00214776676 2.25058548
427 961 2.14786573 0.00214786573 2.25058548
427 961 2.14788028 0.00214788028 2.25058548
427 961 2.14788235 0.00214788235 2.25058548
427 961 2.14788307 0.00214788307 2.25058548
427 961 2.14788242 0.00214788242 2.25058548
427 961 2.14788218 0.00214788218 2.25058548
427 961 2.14788209 0.00214788209 2.25058548
427 961 2.14788211 0.00214788211 2.25058548
426 959 2.13006235 0.00213006235 2.25117371
426 959 2.12994411 0.00212994411 2.25117371
426 959 2.1300018 0.0021300018 2.25117371
426 959 2.12998659 0.00212998659 2.25117371
426 959 2.12948033 0.00212948033 2.25117371
426 959 2.13014454 0.00213014454 2.25117371
426 959 2.13002171 0.00213002171 2.25117371
426 959 2.12947306 0.00212947306 2.25117371
426 959 2.13021752 0.00213021752 2.25117371
426 959 2.1300163 0.0021300163 2.25117371
425 957 2.11189058 0.00211189058 2.25176471
425 956 2.11130446 0.00211130446 2.24941176
425 956 2.11187995 0.00211187995 2.24941176
425 956 2.11138374 0.00211138374 2.24941176
425 956 2.11169135 0.00211169135 2.24941176
425 956 2.11138878 0.00211138878 2.24941176
425 956 2.11170011 0.00211170011 2.24941176
425 956 2.11138812 0.00211138812 2.24941176
425 956 2.11169971 0.00211169971 2.24941176
425 956 2.11138721 0.00211138721 2.24941176
424 954 2.09377845 0.00209377845 2.25
424 954 2.09355546 0.00209355546 2.25
424 954 2.09360339 0.00209360339 2.25
424 954 2.09359867 0.00209359867 2.25
424 954 2.09360001 0.00209360001 2.25
424 954 2.09360034 0.00209360034 2.25
424 954 2.09360042 0.00209360042 2.25
424 954 2.09360054 0.00209360054 2.25
424 954 2.09360059 0.00209360059 2.25
424 954 2.09360062 0.00209360062 2.25
423 952 2.07510399 0.00207510399 2.25059102
423 951 2.08667463 0.00208667463 2.24822695
423 950 2.10062658 0.00210062658 2.24586288
423 952 2.10547817 0.00210547817 2.25059102
423 948 2.12465711 0.00212465711 2.24113475
423 949 2.12807989 0.00212807989 2.24349882
423 949 2.12785571 0.00212785571 2.24349882
423 953 2.14265161 0.00214265161 2.25295508
423 952 2.14834342 0.00214834342 2.25059102
423 949 2.1688014 0.0021688014 2.24349882
422 944 2.16867818 0.00216867818 2.23696682
422 944 2.16862855 0.00216862855 2.23696682
422 944 2.16878907 0.00216878907 2.23696682
422 944 2.16859427 0.00216859427 2.23696682
422 944 2.16860196 0.00216860196 2.23696682
422 944 2.16867078 0.00216867078 2.23696682
422 944 2.16864092 0.00216864092 2.23696682
422 944 2.16860875 0.00216860875 2.23696682
422 944 2.16854546 0.00216854546 2.23696682
422 944 2.1686306 0.0021686306 2.23696682
421 941 2.15425982 0.00215425982 2.23515439
421 943 2.15396084 0.00215396084 2.23990499
421 941 2.15429472 0.00215429472 2.23515439
421 941 2.15438888 0.00215438888 2.23515439
421 943 2.15406823 0.00215406823 2.23990499
421 941 2.15402332 0.00215402332 2.23515439
421 940 2.15643429 0.00215643429 2.2327791
421 939 2.1615943 0.0021615943 2.2304038
421 941 2.17371332 0.00217371332 2.23515439
421 942 2.18151098 0.00218151098 2.23752969
420 938 2.16970619 0.00216970619 2.23333333
420 937 2.17957208 0.00217957208 2.23095238
420 937 2.1794504 0.0021794504 2.23095238
420 937 2.17947026 0.00217947026 2.23095238
420 937 2.17945463 0.00217945463 2.23095238
420 937 2.17944699 0.00217944699 2.23095238
420 937 2.17944323 0.00217944323 2.23095238
420 937 2.17944185 0.00217944185 2.23095238
420 937 2.17944106 0.00217944106 2.23095238
420 937 2.17944063 0.00217944063 2.23095238
419 933 2.1672227 0.0021672227 2.22673031
419 933 2.16731081 0.00216731081 2.22673031
419 933 2.16724931 0.00216724931 2.22673031
419 933 2.16724299 0.00216724299 2.22673031
419 933 2.16723484 0.00216723484 2.22673031
419 933 2.16722582 0.00216722582 2.22673031
419 933 2.16722698 0.00216722698 2.22673031
419 933 2.16722787 0.00216722787 2.22673031
419 933 2.16722808 0.00216722808 2.22673031
419 933 2.16722815 0.00216722815 2.22673031
418 931 2.15454979 0.00215454979 2.22727273
418 931 2.15458295 0.00215458295 2.22727273
418 931 2.15479449 0.00215479449 2.22727273
418 931 2.15475234 0.00215475234 2.22727273
418 931 2.1547685 0.0021547685 2.22727273
418 931 2.15477993 0.00215477993 2.22727273
418 931 2.15477709 0.00215477709 2.22727273
418 931 2.15477438 0.00215477438 2.22727273
418 931 2.15477428 0.00215477428 2.22727273
418 931 2.15477472 0.00215477472 2.22727273
417 930 2.14153139 0.00214153139 2.23021583
417 930 2.14140014 0.00214140014 2.23021583
417 930 2.14132039 0.00214132039 2.23021583
417 930 2.14137826 0.00214137826 2.23021583
417 930 2.1412975 0.0021412975 2.23021583
417 930 2.14136857 0.00214136857 2.23021583
417 930 2.14145543 0.00214145543 2.23021583
417 930 2.14141658 0.00214141658 2.23021583
417 930 2.14132231 0.00214132231 2.23021583
417 930 2.14135818 0.00214135818 2.23021583
416 927 2.12746363 0.00212746363 2.22836538
416 925 2.12758607 0.00212758607 2.22355769
416 925 2.12763238 0.00212763238 2.22355769
416 925 2.12766528 0.00212766528 2.22355769
416 925 2.12753677 0.00212753677 2.22355769
416 925 2.12763438 0.00212763438 2.22355769
416 925 2.12762197 0.00212762197 2.22355769
416 925 2.12759187 0.00212759187 2.22355769
416 925 2.12760169 0.00212760169 2.22355769
416 925 2.12760658 0.00212760658 2.22355769
415 922 2.11360508 0.00211360508 2.22168675
415 923 2.11373657 0.00211373657 2.22409639
415 923 2.11358067 0.00211358067 2.22409639
415 923 2.11352369 0.00211352369 2.22409639
415 923 2.11353423 0.00211353423 2.22409639
415 923 2.11353524 0.00211353524 2.22409639
415 923 2.11353178 0.00211353178 2.22409639
415 923 2.11353036 0.00211353036 2.22409639
415 923 2.1135296 0.0021135296 2.22409639
415 923 2.11352904 0.00211352904 2.22409639
414 920 2.09943714 0.00209943714 2.22222222
414 920 2.09950253 0.00209950253 2.22222222
414 921 2.09970477 0.00209970477 2.22463768
414 921 2.09955168 0.00209955168 2.22463768
414 921 2.09969109 0.00209969109 2.22463768
414 921 2.09966965 0.00209966965 2.22463768
414 921 2.09954408 0.00209954408 2.22463768
414 921 2.0996299 0.0020996299 2.22463768
414 921 2.09955011 0.00209955011 2.22463768
414 921 2.09968215 0.00209968215 2.22463768
413 918 2.08592969 0.00208592969 2.22276029
413 918 2.08590418 0.00208590418 2.22276029
413 918 2.08595626 0.00208595626 2.22276029
413 918 2.085853 0.002085853 2.22276029
413 918 2.08584485 0.00208584485 2.22276029
413 918 2.08585294 0.00208585294 2.22276029
413 918 2.08585429 0.00208585429 2.22276029
413 918 2.08585345 0.00208585345 2.22276029
413 918 2.08585316 0.00208585316 2.22276029
413 918 2.0858531 0.0020858531 2.22276029
412 913 2.07148974 0.00207148974 2.21601942
412 916 2.07150405 0.00207150405 2.22330097
412 916 2.07157973 0.00207157973 2.22330097
412 916 2.07151753 0.00207151753 2.22330097
412 916 2.07151281 0.00207151281 2.22330097
412 916 2.07151542 0.00207151542 2.22330097
412 916 2.07151474 0.00207151474 2.22330097
412 916 2.0715138 0.0020715138 2.22330097
412 916 2.07151316 0.00207151316 2.22330097
412 916 2.07151287 0.00207151287 2.22330097
411 911 2.05696966 0.00205696966 2.21654501
411 911 2.05704942 0.00205704942 2.21654501
411 911 2.0570583 0.0020570583 2.21654501
411 911 2.05705693 0.00205705693 2.21654501
411 911 2.05705801 0.00205705801 2.21654501
411 911 2.05705937 0.00205705937 2.21654501
411 911 2.05706022 0.00205706022 2.21654501
411 911 2.05706075 0.00205706075 2.21654501
411 911 2.0570611 0.0020570611 2.21654501
411 911 2.05706132 0.00205706132 2.21654501
410 905 2.04115555 0.00204115555 2.20731707
410 908 2.04359783 0.00204359783 2.21463415
410 908 2.04354369 0.00204354369 2.21463415
410 908 2.04352312 0.00204352312 2.21463415
410 908 2.04351827 0.00204351827 2.21463415
410 908 2.04351956 0.00204351956 2.21463415
410 908 2.04351997 0.00204351997 2.21463415
410 908 2.04351979 0.00204351979 2.21463415
410 908 2.04351967 0.00204351967 2.21463415
410 908 2.04351961 0.00204351961 2.21463415
409 903 2.02911846 0.00202911846 2.20782396
409 903 2.02900576 0.00202900576 2.20782396
409 903 2.02907699 0.00202907699 2.20782396
409 903 2.02905166 0.00202905166 2.20782396
409 903 2.02904924 0.00202904924 2.20782396
409 903 2.02905221 0.00202905221 2.20782396
409 903 2.02905291 0.00202905291 2.20782396
409 903 2.02905314 0.00202905314 2.20782396
409 903 2.02905348 0.00202905348 2.20782396
409 903 2.0290537 0.0020290537 2.20782396
408 900 2.01194569 0.00201194569 2.20588235
408 899 2.04585291 0.00204585291 2.20343137
408 896 2.0654297 0.0020654297 2.19607843
408 900 2.06590601 0.00206590601 2.20588235
408 900 2.06607453 0.00206607453 2.20588235
408 900 2.06602606 0.00206602606 2.20588235
408 900 2.06588043 0.00206588043 2.20588235
408 900 2.06604451 0.00206604451 2.20588235
408 900 2.06602602 0.00206602602 2.20588235
408 900 2.06588278 0.00206588278 2.20588235
407 894 2.05411649 0.00205411649 2.1965602
407 894 2.05405933 0.00205405933 2.1965602
407 894 2.05397101 0.00205397101 2.1965602
407 894 2.05386569 0.00205386569 2.1965602
407 894 2.05392854 0.00205392854 2.1965602
407 894 2.05403092 0.00205403092 2.1965602
407 894 2.05390319 0.00205390319 2.1965602
407 894 2.05387302 0.00205387302 2.1965602
407 894 2.05392969 0.00205392969 2.1965602
407 894 2.05408962 0.00205408962 2.1965602
406 891 2.04032042 0.00204032042 2.19458128
406 892 2.04046692 0.00204046692 2.19704433
406 891 2.04033683 0.00204033683 2.19458128
406 891 2.04041824 0.00204041824 2.19458128
406 895 2.04878653 0.00204878653 2.2044335
406 891 2.04855651 0.00204855651 2.19458128
406 891 2.04864153 0.00204864153 2.19458128
406 891 2.04861378 0.00204861378 2.19458128
406 891 2.04860402 0.00204860402 2.19458128
406 891 2.04860392 0.00204860392 2.19458128
405 889 2.03635186 0.00203635186 2.19506173
405 889 2.03621897 0.00203621897 2.19506173
405 889 2.03629178 0.00203629178 2.19506173
405 889 2.03625329 0.00203625329 2.19506173
405 889 2.03629148 0.00203629148 2.19506173
405 889 2.03625113 0.00203625113 2.19506173
405 889 2.03629203 0.00203629203 2.19506173
405 889 2.03625082 0.00203625082 2.19506173
405 889 2.03629186 0.00203629186 2.19506173
405 889 2.03625073 0.00203625073 2.19506173
404 886 2.02282381 0.00202282381 2.19306931
404 887 2.02303931 0.00202303931 2.19554455
404 887 2.02288916 0.00202288916 2.19554455
404 886 2.02269579 0.00202269579 2.19306931
404 887 2.02297738 0.00202297738 2.19554455
404 887 2.02288221 0.00202288221 2.19554455
404 886 2.02268327 0.00202268327 2.19306931
404 887 2.02297576 0.00202297576 2.19554455
404 887 2.02288329 0.00202288329 2.19554455
404 886 2.02268359 0.00202268359 2.19306931
403 884 2.0096669 0.0020096669 2.19354839
403 884 2.00968378 0.00200968378 2.19354839
403 884 2.00963804 0.00200963804 2.19354839
403 884 2.00963777 0.00200963777 2.19354839
403 884 2.00964187 0.00200964187 2.19354839
403 884 2.00964155 0.00200964155 2.19354839
403 884 2.00964109 0.00200964109 2.19354839
403 884 2.00964104 0.00200964104 2.19354839
403 884 2.00964099 0.00200964099 2.19354839
403 884 2.00964098 0.00200964098 2.19354839
402 879 1.99547301 0.00199547301 2.18656716
402 882 1.99507491 0.00199507491 2.19402985
402 879 1.99556023 0.00199556023 2.18656716
402 882 1.99510588 0.00199510588 2.19402985
402 879 1.99553341 0.00199553341 2.18656716
402 882 1.99509442 0.00199509442 2.19402985
402 879 1.99556105 0.00199556105 2.18656716
402 882 1.99509719 0.00199509719 2.19402985
402 879 1.99556514 0.00199556514 2.18656716
402 882 1.99509417 0.00199509417 2.19402985
401 877 1.98078808 0.00198078808 2.18703242
401 877 1.9808097 0.0019808097 2.18703242
401 877 1.99322348 0.00199322348 2.18703242
401 877 1.99327259 0.00199327259 2.18703242
401 877 1.99338588 0.00199338588 2.18703242
401 877 1.99335153 0.00199335153 2.18703242
401 877 1.9931941 0.0019931941 2.18703242
401 877 1.99326848 0.00199326848 2.18703242
401 877 1.99319896 0.00199319896 2.18703242
401 877 1.99317982 0.00199317982 2.18703242
400 872 1.97904335 0.00197904335 2.18
400 875 1.97893262 0.00197893262 2.1875
400 875 1.97899257 0.00197899257 2.1875
400 875 1.97894905 0.00197894905 2.1875
400 875 1.9789498 0.0019789498 2.1875
400 875 1.97895033 0.00197895033 2.1875
400 875 1.97894881 0.00197894881 2.1875
400 875 1.97894763 0.00197894763 2.1875
400 875 1.9789469 0.0019789469 2.1875
400 875 1.97894659 0.00197894659 2.1875
399 870 1.96461542 0.00196461542 2.18045113
399 870 1.96475944 0.00196475944 2.18045113
399 870 1.96482817 0.00196482817 2.18045113
399 870 1.9646869 0.0019646869 2.18045113
399 870 1.96495047 0.00196495047 2.18045113
399 870 1.96481678 0.00196481678 2.18045113
399 870 1.96485493 0.00196485493 2.18045113
399 870 1.96488866 0.00196488866 2.18045113
399 870 1.96485086 0.00196485086 2.18045113
399 870 1.96494559 0.00196494559 2.18045113
398 865 1.94879521 0.00194879521 2.17336683
398 869 1.96284666 0.00196284666 2.18341709
398 869 1.96293947 0.00196293947 2.18341709
398 869 1.96298108 0.00196298108 2.18341709
398 869 1.96283928 0.00196283928 2.18341709
398 869 1.96289795 0.00196289795 2.18341709
398 869 1.96297362 0.00196297362 2.18341709
398 869 1.96283135 0.00196283135 2.18341709
398 869 1.96291178 0.00196291178 2.18341709
398 869 1.96283475 0.00196283475 2.18341709
397 864 1.94841941 0.00194841941 2.17632242
397 864 1.94851025 0.00194851025 2.17632242
397 864 1.94857397 0.00194857397 2.17632242
397 864 1.94862678 0.00194862678 2.17632242
397 864 1.94863401 0.00194863401 2.17632242
397 864 1.94863725 0.00194863725 2.17632242
397 864 1.9486355 0.0019486355 2.17632242
397 864 1.94863619 0.00194863619 2.17632242
397 864 1.94863703 0.00194863703 2.17632242
397 864 1.94863729 0.00194863729 2.17632242
396 859 1.93355177 0.00193355177 2.16919192
396 862 1.94700552 0.00194700552 2.17676768
396 862 1.95957547 0.00195957547 2.17676768
396 861 1.98592198 0.00198592198 2.17424242
396 861 1.98602288 0.00198602288 2.17424242
396 861 1.98601372 0.00198601372 2.17424242
396 861 1.98600948 0.00198600948 2.17424242
396 861 1.98600533 0.00198600533 2.17424242
396 861 1.98600394 0.00198600394 2.17424242
396 861 1.98600392 0.00198600392 2.17424242
395 859 1.97295893 0.00197295893 2.17468354
395 859 1.97261605 0.00197261605 2.17468354
395 859 1.97278561 0.00197278561 2.17468354
395 859 1.97279636 0.00197279636 2.17468354
395 859 1.97278732 0.00197278732 2.17468354
395 859 1.97278002 0.00197278002 2.17468354
395 859 1.9727776 0.0019727776 2.17468354
395 859 1.97277662 0.00197277662 2.17468354
395 859 1.97277596 0.00197277596 2.17468354
395 859 1.97277558 0.00197277558 2.17468354
394 857 1.95959656 0.00195959656 2.1751269
394 857 1.95966127 0.00195966127 2.1751269
394 857 1.95950731 0.00195950731 2.1751269
394 857 1.95950247 0.00195950247 2.1751269
394 857 1.95950504 0.00195950504 2.1751269
394 857 1.95950693 0.00195950693 2.1751269
394 857 1.95950648 0.00195950648 2.1751269
394 857 1.95950636 0.00195950636 2.1751269
394 857 1.95950647 0.00195950647 2.1751269
394 857 1.95950668 0.00195950668 2.1751269
393 854 1.94569601 0.00194569601 2.17302799
393 854 1.94570307 0.00194570307 2.17302799
393 854 1.94567208 0.00194567208 2.17302799
393 854 1.94565393 0.00194565393 2.17302799
393 854 1.94565492 0.00194565492 2.17302799
393 854 1.94565628 0.00194565628 2.17302799
393 854 1.94565578 0.00194565578 2.17302799
393 854 1.94565542 0.00194565542 2.17302799
393 854 1.94565524 0.00194565524 2.17302799
393 854 1.94565523 0.00194565523 2.17302799
392 849 1.93093149 0.00193093149 2.16581633
392 849 1.93057072 0.00193057072 2.16581633
392 849 1.93106487 0.00193106487 2.16581633
392 849 1.93064578 0.00193064578 2.16581633
392 849 1.93113506 0.00193113506 2.16581633
392 849 1.93064614 0.00193064614 2.16581633
392 849 1.93113375 0.00193113375 2.16581633
392 849 1.93064287 0.00193064287 2.16581633
392 849 1.93113573 0.00193113573 2.16581633
392 849 1.93064198 0.00193064198 2.16581633
391 844 1.91621235 0.00191621235 2.15856777
391 844 1.91624062 0.00191624062 2.15856777
391 844 1.91630462 0.00191630462 2.15856777
391 844 1.91641329 0.00191641329 2.15856777
391 844 1.91637395 0.00191637395 2.15856777
391 844 1.91639611 0.00191639611 2.15856777
391 844 1.91642193 0.00191642193 2.15856777
391 844 1.91642766 0.00191642766 2.15856777
391 844 1.91642855 0.00191642855 2.15856777
391 844 1.91642881 0.00191642881 2.15856777
390 840 1.89924732 0.00189924732 2.15384615
390 843 1.90167739 0.00190167739 2.16153846
390 844 1.91171647 0.00191171647 2.16410256
390 844 1.91168004 0.00191168004 2.16410256
390 844 1.91165417 0.00191165417 2.16410256
390 844 1.91164556 0.00191164556 2.16410256
390 844 1.91164088 0.00191164088 2.16410256
390 841 1.91200495 0.00191200495 2.15641026
390 841 1.91199475 0.00191199475 2.15641026
390 841 1.91209349 0.00191209349 2.15641026
389 836 1.89756714 0.00189756714 2.14910026
389 839 1.89772949 0.00189772949 2.15681234
389 839 1.89769668 0.00189769668 2.15681234
389 839 1.89778516 0.00189778516 2.15681234
389 839 1.89781528 0.00189781528 2.15681234
389 839 1.89781576 0.00189781576 2.15681234
389 839 1.89780584 0.00189780584 2.15681234
389 839 1.89780377 0.00189780377 2.15681234
389 839 1.89780209 0.00189780209 2.15681234
389 839 1.89780158 0.00189780158 2.15681234
388 834 1.88317382 0.00188317382 2.14948454
388 834 1.88324778 0.00188324778 2.14948454
388 834 1.88307767 0.00188307767 2.14948454
388 834 1.88307154 0.00188307154 2.14948454
388 834 1.88307233 0.00188307233 2.14948454
388 834 1.88307246 0.00188307246 2.14948454
388 834 1.88307237 0.00188307237 2.14948454
388 834 1.88307234 0.00188307234 2.14948454
388 834 1.88307232 0.00188307232 2.14948454
388 834 1.88307231 0.00188307231 2.14948454
387 830 1.86696756 0.00186696756 2.14470284
387 828 1.86593413 0.00186593413 2.13953488
387 830 1.86676357 0.00186676357 2.14470284
387 830 1.86689921 0.00186689921 2.14470284
387 830 1.86629999 0.00186629999 2.14470284
387 830 1.86704158 0.00186704158 2.14470284
387 830 1.8664791 0.0018664791 2.14470284
387 830 1.86678841 0.00186678841 2.14470284
387 830 1.86642823 0.00186642823 2.14470284
387 828 1.86589606 0.00186589606 2.13953488
386 826 1.85111416 0.00185111416 2.13989637
386 826 1.8512397 0.0018512397 2.13989637
386 826 1.8512386 0.0018512386 2.13989637
386 826 1.85125464 0.00185125464 2.13989637
386 826 1.85126189 0.00185126189 2.13989637
386 826 1.85126378 0.00185126378 2.13989637
386 826 1.85126654 0.00185126654 2.13989637
386 826 1.85126843 0.00185126843 2.13989637
386 826 1.85126963 0.00185126963 2.13989637
386 826 1.85127057 0.00185127057 2.13989637
385 820 1.83446381 0.00183446381 2.12987013
385 821 1.84145961 0.00184145961 2.13246753
385 824 1.84345496 0.00184345496 2.14025974
385 824 1.84369303 0.00184369303 2.14025974
385 824 1.84361379 0.00184361379 2.14025974
385 824 1.8436566 0.0018436566 2.14025974
385 824 1.84366038 0.00184366038 2.14025974
385 824 1.84365846 0.00184365846 2.14025974
385 824 1.84365826 0.00184365826 2.14025974
385 824 1.84365828 0.00184365828 2.14025974
384 820 1.8284986 0.0018284986 2.13541667
384 821 1.82723601 0.00182723601 2.13802083
384 820 1.82851548 0.00182851548 2.13541667
384 820 1.82806799 0.00182806799 2.13541667
384 820 1.82841639 0.00182841639 2.13541667
384 820 1.82814639 0.00182814639 2.13541667
384 820 1.82797674 0.00182797674 2.13541667
384 821 1.82719584 0.00182719584 2.13802083
384 820 1.82847393 0.00182847393 2.13541667
384 820 1.82806604 0.00182806604 2.13541667
383 816 1.81348696 0.00181348696 2.1305483
383 816 1.81330477 0.00181330477 2.1305483
383 816 1.81308189 0.00181308189 2.1305483
383 816 1.81313463 0.00181313463 2.1305483
383 816 1.81310065 0.00181310065 2.1305483
383 816 1.81315098 0.00181315098 2.1305483
383 816 1.81310813 0.00181310813 2.1305483
383 816 1.81315071 0.00181315071 2.1305483
383 816 1.8131086 0.0018131086 2.1305483
383 816 1.81315096 0.00181315096 2.1305483
382 813 1.7966667 0.0017966667 2.12827225
382 814 1.79704511 0.00179704511 2.13089005
382 814 1.79675103 0.00179675103 2.13089005
382 814 1.79696649 0.00179696649 2.13089005
382 814 1.79678638 0.00179678638 2.13089005
382 814 1.79696181 0.00179696181 2.13089005
382 814 1.7967889 0.0017967889 2.13089005
382 814 1.79696709 0.00179696709 2.13089005
382 814 1.7967908 0.0017967908 2.13089005
382 814 1.79696728 0.00179696728 2.13089005
381 811 1.78055812 0.00178055812 2.12860892
381 811 1.78067949 0.00178067949 2.12860892
381 816 1.80138712 0.00180138712 2.14173228
381 818 1.80171707 0.00180171707 2.14698163
381 818 1.80153793 0.00180153793 2.14698163
381 818 1.80160843 0.00180160843 2.14698163
381 818 1.80162608 0.00180162608 2.14698163
381 818 1.80162566 0.00180162566 2.14698163
381 818 1.80161687 0.00180161687 2.14698163
381 818 1.80161452 0.00180161452 2.14698163
380 813 1.78823988 0.00178823988 2.13947368
380 813 1.78831032 0.00178831032 2.13947368
380 813 1.78826271 0.00178826271 2.13947368
380 813 1.78825615 0.00178825615 2.13947368
380 813 1.78825656 0.00178825656 2.13947368
380 813 1.7882567 0.0017882567 2.13947368
380 813 1.78825662 0.00178825662 2.13947368
380 813 1.78825659 0.00178825659 2.13947368
380 813 1.78825658 0.00178825658 2.13947368
380 813 1.78825658 0.00178825658 2.13947368
379 809 1.77347937 0.00177347937 2.13456464
379 808 1.7729 0.0017729 2.13192612
379 809 1.77321504 0.00177321504 2.13456464
379 808 1.77278457 0.00177278457 2.13192612
379 809 1.7732057 0.0017732057 2.13456464
379 808 1.77277885 0.00177277885 2.13192612
379 809 1.77320485 0.00177320485 2.13456464
379 808 1.77277673 0.00177277673 2.13192612
379 809 1.77320444 0.00177320444 2.13456464
379 808 1.77277691 0.00177277691 2.13192612
378 805 1.75933622 0.00175933622 2.12962963
378 805 1.7593797 0.0017593797 2.12962963
378 805 1.77140936 0.00177140936 2.12962963
378 805 1.77124956 0.00177124956 2.12962963
378 805 1.77136118 0.00177136118 2.12962963
378 805 1.77136641 0.00177136641 2.12962963
378 805 1.77136517 0.00177136517 2.12962963
378 805 1.771365 0.001771365 2.12962963
378 805 1.77136501 0.00177136501 2.12962963
378 805 1.77136499 0.00177136499 2.12962963
377 801 1.7565411 0.0017565411 2.12466844
377 800 1.75539027 0.00175539027 2.12201592
377 801 1.75595289 0.00175595289 2.12466844
377 801 1.75658292 0.00175658292 2.12466844
377 801 1.75585928 0.00175585928 2.12466844
377 800 1.75558122 0.00175558122 2.12201592
377 801 1.75592068 0.00175592068 2.12466844
377 801 1.75658653 0.00175658653 2.12466844
377 801 1.75585616 0.00175585616 2.12466844
377 800 1.75558121 0.00175558121 2.12201592
376 797 1.74216324 0.00174216324 2.11968085
376 797 1.74216506 0.00174216506 2.11968085
376 797 1.74230263 0.00174230263 2.11968085
376 797 1.74204374 0.00174204374 2.11968085
376 797 1.74200557 0.00174200557 2.11968085
376 797 1.74227679 0.00174227679 2.11968085
376 797 1.74203194 0.00174203194 2.11968085
376 797 1.7420066 0.0017420066 2.11968085
376 797 1.74227775 0.00174227775 2.11968085
376 797 1.74203244 0.00174203244 2.11968085
375 794 1.7260507 0.0017260507 2.11733333
375 794 1.72620567 0.00172620567 2.11733333
375 794 1.72617773 0.00172617773 2.11733333
375 794 1.72618066 0.00172618066 2.11733333
375 794 1.7261822 0.0017261822 2.11733333
375 794 1.72618195 0.00172618195 2.11733333
375 794 1.72618217 0.00172618217 2.11733333
375 794 1.7261823 0.0017261823 2.11733333
375 794 1.72618239 0.00172618239 2.11733333
375 794 1.72618246 0.00172618246 2.11733333
374 789 1.71129482 0.00171129482 2.10962567
374 788 1.71988021 0.00171988021 2.10695187
374 790 1.7352792 0.0017352792 2.11229947
374 787 1.74398852 0.00174398852 2.10427807
374 788 1.75615757 0.00175615757 2.10695187
374 786 1.76305741 0.00176305741 2.10160428
374 786 1.76294017 0.00176294017 2.10160428
374 786 1.76283259 0.00176283259 2.10160428
374 786 1.76277732 0.00176277732 2.10160428
374 786 1.7627463 0.0017627463 2.10160428
373 782 1.751459 0.001751459 2.09651475
373 782 1.75155561 0.00175155561 2.09651475
373 782 1.75151344 0.00175151344 2.09651475
373 782 1.75152122 0.00175152122 2.09651475
373 782 1.75152308 0.00175152308 2.09651475
373 782 1.75152526 0.00175152526 2.09651475
373 782 1.75152674 0.00175152674 2.09651475
373 782 1.75152776 0.00175152776 2.09651475
373 782 1.75152851 0.00175152851 2.09651475
373 782 1.75152907 0.00175152907 2.09651475
372 780 1.73931871 0.00173931871 2.09677419
372 780 1.73915922 0.00173915922 2.09677419
372 780 1.73912647 0.00173912647 2.09677419
372 780 1.73920421 0.00173920421 2.09677419
372 780 1.73911177 0.00173911177 2.09677419
372 780 1.7391476 0.0017391476 2.09677419
372 780 1.73909967 0.00173909967 2.09677419
372 780 1.73911274 0.00173911274 2.09677419
372 780 1.73919369 0.00173919369 2.09677419
372 780 1.73911031 0.00173911031 2.09677419
371 779 1.72578747 0.00172578747 2.09973046
371 775 1.72598937 0.00172598937 2.08894879
371 779 1.72582156 0.00172582156 2.09973046
371 775 1.72618923 0.00172618923 2.08894879
371 775 1.72597364 0.00172597364 2.08894879
371 779 1.72586517 0.00172586517 2.09973046
371 775 1.72610471 0.00172610471 2.08894879
371 775 1.72612785 0.00172612785 2.08894879
371 775 1.72611694 0.00172611694 2.08894879
371 775 1.72609956 0.00172609956 2.08894879
370 774 1.71305081 0.00171305081 2.09189189
370 774 1.71313133 0.00171313133 2.09189189
370 774 1.7129367 0.0017129367 2.09189189
370 774 1.7128453 0.0017128453 2.09189189
370 774 1.71310465 0.00171310465 2.09189189
370 774 1.71294886 0.00171294886 2.09189189
370 774 1.71294323 0.00171294323 2.09189189
370 774 1.71294106 0.00171294106 2.09189189
370 774 1.71293895 0.00171293895 2.09189189
370 774 1.71293958 0.00171293958 2.09189189
369 771 1.69990068 0.00169990068 2.08943089
369 771 1.70007379 0.00170007379 2.08943089
369 771 1.6999666 0.0016999666 2.08943089
369 771 1.69992193 0.00169992193 2.08943089
369 771 1.69996171 0.00169996171 2.08943089
369 771 1.69967614 0.00169967614 2.08943089
369 771 1.70016507 0.00170016507 2.08943089
369 771 1.69997568 0.00169997568 2.08943089
369 771 1.69970289 0.00169970289 2.08943089
369 771 1.69998439 0.00169998439 2.08943089
368 768 1.68678571 0.00168678571 2.08695652
368 768 1.68672905 0.00168672905 2.08695652
368 768 1.68669783 0.00168669783 2.08695652
368 768 1.68667366 0.00168667366 2.08695652
368 768 1.6866389 0.0016866389 2.08695652
368 768 1.68671577 0.00168671577 2.08695652
368 768 1.6867034 0.0016867034 2.08695652
368 768 1.68666338 0.00168666338 2.08695652
368 768 1.68664267 0.00168664267 2.08695652
368 768 1.68671634 0.00168671634 2.08695652
367 765 1.67298048 0.00167298048 2.08446866
367 765 1.6731 0.0016731 2.08446866
367 765 1.67293807 0.00167293807 2.08446866
367 766 1.67303833 0.00167303833 2.08719346
367 766 1.67304661 0.00167304661 2.08719346
367 766 1.67308361 0.00167308361 2.08719346
367 765 1.67291339 0.00167291339 2.08446866
367 765 1.67294074 0.00167294074 2.08446866
367 765 1.67296603 0.00167296603 2.08446866
367 766 1.67299682 0.00167299682 2.08719346
366 763 1.65938069 0.00165938069 2.08469945
366 763 1.65965362 0.00165965362 2.08469945
366 763 1.65947426 0.00165947426 2.08469945
366 763 1.6594653 0.0016594653 2.08469945
366 763 1.65946372 0.00165946372 2.08469945
366 763 1.65947086 0.00165947086 2.08469945
366 763 1.65947006 0.00165947006 2.08469945
366 763 1.65946874 0.00165946874 2.08469945
366 763 1.65946985 0.00165946985 2.08469945
366 763 1.65946989 0.00165946989 2.08469945
365 760 1.64563659 0.00164563659 2.08219178
365 760 1.64549965 0.00164549965 2.08219178
365 760 1.64568556 0.00164568556 2.08219178
365 760 1.64570957 0.00164570957 2.08219178
365 760 1.64568009 0.00164568009 2.08219178
365 760 1.64567425 0.00164567425 2.08219178
365 760 1.64567697 0.00164567697 2.08219178
365 760 1.64567909 0.00164567909 2.08219178
365 760 1.64568011 0.00164568011 2.08219178
365 760 1.6456803 0.0016456803 2.08219178
364 757 1.6304175 0.0016304175 2.07967033
364 756 1.63452088 0.00163452088 2.07692308
364 757 1.63690769 0.00163690769 2.07967033
364 754 1.63969636 0.00163969636 2.07142857
364 756 1.64067582 0.00164067582 2.07692308
364 756 1.6422332 0.0016422332 2.07692308
364 757 1.64250982 0.00164250982 2.07967033
364 757 1.65357278 0.00165357278 2.07967033
364 757 1.65371394 0.00165371394 2.07967033
364 757 1.65337723 0.00165337723 2.07967033
363 754 1.63982819 0.00163982819 2.07713499
363 754 1.63986832 0.00163986832 2.07713499
363 754 1.63980351 0.00163980351 2.07713499
363 754 1.63978309 0.00163978309 2.07713499
363 754 1.63977343 0.00163977343 2.07713499
363 754 1.63977132 0.00163977132 2.07713499
363 754 1.63977248 0.00163977248 2.07713499
363 754 1.63977477 0.00163977477 2.07713499
363 754 1.6397774 0.0016397774 2.07713499
363 754 1.63977989 0.00163977989 2.07713499
362 753 1.62529223 0.00162529223 2.0801105
362 754 1.63412905 0.00163412905 2.08287293
362 754 1.63398684 0.00163398684 2.08287293
362 754 1.63398715 0.00163398715 2.08287293
362 754 1.63399003 0.00163399003 2.08287293
362 754 1.63398939 0.00163398939 2.08287293
362 754 1.63398776 0.00163398776 2.08287293
362 754 1.63398654 0.00163398654 2.08287293
362 754 1.63398584 0.00163398584 2.08287293
362 754 1.63398502 0.00163398502 2.08287293
361 751 1.62069656 0.00162069656 2.08033241
361 751 1.62077993 0.00162077993 2.08033241
361 751 1.62084812 0.00162084812 2.08033241
361 751 1.62088254 0.00162088254 2.08033241
361 751 1.62087963 0.00162087963 2.08033241
361 751 1.62088032 0.00162088032 2.08033241
361 751 1.62087978 0.00162087978 2.08033241
361 751 1.62087975 0.00162087975 2.08033241
361 751 1.62087976 0.00162087976 2.08033241
361 751 1.62087975 0.00162087975 2.08033241
360 746 1.60597764 0.00160597764 2.07222222
360 749 1.60515271 0.00160515271 2.08055556
360 746 1.60602308 0.00160602308 2.07222222
360 746 1.60570087 0.00160570087 2.07222222
360 749 1.60488121 0.00160488121 2.08055556
360 746 1.60590823 0.00160590823 2.07222222
360 746 1.60575613 0.00160575613 2.07222222
360 746 1.60597802 0.00160597802 2.07222222
360 746 1.60585405 0.00160585405 2.07222222
360 746 1.60587333 0.00160587333 2.07222222
359 744 1.59043175 0.00159043175 2.0724234
359 744 1.59031464 0.00159031464 2.0724234
359 744 1.59026636 0.00159026636 2.0724234
359 744 1.59026602 0.00159026602 2.0724234
359 744 1.59030642 0.00159030642 2.0724234
359 744 1.59054858 0.00159054858 2.0724234
359 744 1.60466906 0.00160466906 2.0724234
359 745 1.6130087 0.0016130087 2.07520891
359 743 1.61344298 0.00161344298 2.06963788
359 743 1.62548591 0.00162548591 2.06963788
358 741 1.61342534 0.00161342534 2.0698324
358 740 1.61342372 0.00161342372 2.06703911
358 740 1.6133756 0.0016133756 2.06703911
358 740 1.61337998 0.00161337998 2.06703911
358 740 1.61337498 0.00161337498 2.06703911
358 740 1.61337534 0.00161337534 2.06703911
358 740 1.61337559 0.00161337559 2.06703911
358 740 1.61337599 0.00161337599 2.06703911
358 740 1.61337657 0.00161337657 2.06703911
358 740 1.61337669 0.00161337669 2.06703911
357 738 1.60177362 0.00160177362 2.06722689
357 738 1.60188596 0.00160188596 2.06722689
357 738 1.60191214 0.00160191214 2.06722689
357 738 1.60180697 0.00160180697 2.06722689
357 738 1.60193791 0.00160193791 2.06722689
357 738 1.60198177 0.00160198177 2.06722689
357 738 1.60199075 0.00160199075 2.06722689
357 738 1.60198907 0.00160198907 2.06722689
357 738 1.60198184 0.00160198184 2.06722689
357 738 1.60198048 0.00160198048 2.06722689
356 735 1.5892362 0.0015892362 2.06460674
356 735 1.58918769 0.00158918769 2.06460674
356 733 1.5886731 0.0015886731 2.05898876
356 735 1.5892146 0.0015892146 2.06460674
356 733 1.58866807 0.00158866807 2.05898876
356 735 1.58921445 0.00158921445 2.06460674
356 733 1.58867023 0.00158867023 2.05898876
356 735 1.58921412 0.00158921412 2.06460674
356 733 1.58867045 0.00158867045 2.05898876
356 735 1.58921416 0.00158921416 2.06460674
355 730 1.57638711 0.00157638711 2.05633803
355 730 1.5762205 0.0015762205 2.05633803
355 730 1.57626803 0.00157626803 2.05633803
355 730 1.57625054 0.00157625054 2.05633803
355 730 1.57624733 0.00157624733 2.05633803
355 730 1.57624806 0.00157624806 2.05633803
355 730 1.57624813 0.00157624813 2.05633803
355 730 1.57624811 0.00157624811 2.05633803
355 730 1.57624811 0.00157624811 2.05633803
355 730 1.57624811 0.00157624811 2.05633803
354 728 1.56245939 0.00156245939 2.05649718
354 728 1.56262796 0.00156262796 2.05649718
354 728 1.56260242 0.00156260242 2.05649718
354 728 1.56253006 0.00156253006 2.05649718
354 728 1.56255232 0.00156255232 2.05649718
354 728 1.56252992 0.00156252992 2.05649718
354 728 1.56253254 0.00156253254 2.05649718
354 728 1.56266157 0.00156266157 2.05649718
354 728 1.56251285 0.00156251285 2.05649718
354 728 1.56266971 0.00156266971 2.05649718
353 723 1.54664654 0.00154664654 2.04815864
353 726 1.54730454 0.00154730454 2.05665722
353 726 1.5472257 0.0015472257 2.05665722
353 726 1.54729597 0.00154729597 2.05665722
353 726 1.54729684 0.00154729684 2.05665722
353 726 1.54730412 0.00154730412 2.05665722
353 726 1.54730639 0.00154730639 2.05665722
353 726 1.54730609 0.00154730609 2.05665722
353 726 1.54730574 0.00154730574 2.05665722
353 726 1.54730545 0.00154730545 2.05665722
352 725 1.53246031 0.00153246031 2.05965909
352 720 1.54023003 0.00154023003 2.04545455
352 720 1.54754645 0.00154754645 2.04545455
352 720 1.54761039 0.00154761039 2.04545455
352 720 1.54762566 0.00154762566 2.04545455
352 720 1.54761382 0.00154761382 2.04545455
352 720 1.54758967 0.00154758967 2.04545455
352 720 1.54758432 0.00154758432 2.04545455
352 720 1.54757803 0.00154757803 2.04545455
352 720 1.54757637 0.00154757637 2.04545455
351 717 1.53491925 0.00153491925 2.04273504
351 718 1.53451552 0.00153451552 2.04558405
351 718 1.53466126 0.00153466126 2.04558405
351 718 1.53467718 0.00153467718 2.04558405
351 718 1.53469707 0.00153469707 2.04558405
351 717 1.5349457 0.0015349457 2.04273504
351 717 1.53485925 0.00153485925 2.04273504
351 718 1.53456127 0.00153456127 2.04558405
351 718 1.53469671 0.00153469671 2.04558405
351 717 1.53491347 0.00153491347 2.04273504
350 712 1.51949339 0.00151949339 2.03428571
350 715 1.52113739 0.00152113739 2.04285714
350 715 1.5210972 0.0015210972 2.04285714
350 715 1.52116629 0.00152116629 2.04285714
350 715 1.52114343 0.00152114343 2.04285714
350 715 1.52110192 0.00152110192 2.04285714
350 715 1.52110423 0.00152110423 2.04285714
350 715 1.52110764 0.00152110764 2.04285714
350 715 1.52111307 0.00152111307 2.04285714
350 715 1.5211124 0.0015211124 2.04285714
349 713 1.50552156 0.00150552156 2.04297994
349 711 1.50541822 0.00150541822 2.03724928
349 711 1.51843931 0.00151843931 2.03724928
349 711 1.51847173 0.00151847173 2.03724928
349 711 1.51830108 0.00151830108 2.03724928
349 711 1.51830489 0.00151830489 2.03724928
349 711 1.51829013 0.00151829013 2.03724928
349 711 1.51824948 0.00151824948 2.03724928
349 711 1.51823803 0.00151823803 2.03724928
349 711 1.51822728 0.00151822728 2.03724928
348 708 1.5055771 0.0015055771 2.03448276
348 709 1.50541407 0.00150541407 2.03735632
348 709 1.50545377 0.00150545377 2.03735632
348 709 1.50546353 0.00150546353 2.03735632
348 709 1.50549298 0.00150549298 2.03735632
348 709 1.50546401 0.00150546401 2.03735632
348 709 1.505431 0.001505431 2.03735632
348 709 1.50542223 0.00150542223 2.03735632
348 709 1.50540915 0.00150540915 2.03735632
348 709 1.50540617 0.00150540617 2.03735632
347 706 1.49218775 0.00149218775 2.03458213
347 706 1.49209288 0.00149209288 2.03458213
347 706 1.49209588 0.00149209588 2.03458213
347 706 1.49209286 0.00149209286 2.03458213
347 706 1.49208512 0.00149208512 2.03458213
347 706 1.49208191 0.00149208191 2.03458213
347 706 1.49208105 0.00149208105 2.03458213
347 706 1.49208076 0.00149208076 2.03458213
347 706 1.49208073 0.00149208073 2.03458213
347 706 1.49208081 0.00149208081 2.03458213
346 702 1.4775064 0.0014775064 2.02890173
346 703 1.5034997 0.0015034997 2.03179191
346 703 1.50337334 0.00150337334 2.03179191
346 703 1.5032922 0.0015032922 2.03179191
346 703 1.50330235 0.00150330235 2.03179191
346 703 1.50349632 0.00150349632 2.03179191
346 703 1.50341428 0.00150341428 2.03179191
346 703 1.50321536 0.00150321536 2.03179191
346 703 1.50325778 0.00150325778 2.03179191
346 703 1.50327793 0.00150327793 2.03179191
345 700 1.49086814 0.00149086814 2.02898551
345 701 1.49050617 0.00149050617 2.03188406
345 701 1.49072088 0.00149072088 2.03188406
345 701 1.49077498 0.00149077498 2.03188406
345 700 1.49110665 0.00149110665 2.02898551
345 700 1.49105409 0.00149105409 2.02898551
345 701 1.49052052 0.00149052052 2.03188406
345 701 1.49069642 0.00149069642 2.03188406
345 700 1.49113788 0.00149113788 2.02898551
345 700 1.49106785 0.00149106785 2.02898551
344 698 1.47768942 0.00147768942 2.02906977
344 694 1.48882126 0.00148882126 2.01744186
344 698 1.48807313 0.00148807313 2.02906977
344 694 1.4883808 0.0014883808 2.01744186
344 698 1.48800348 0.00148800348 2.02906977
344 694 1.48831532 0.00148831532 2.01744186
344 698 1.48794616 0.00148794616 2.02906977
344 694 1.48824466 0.00148824466 2.01744186
344 698 1.48795021 0.00148795021 2.02906977
344 694 1.48823115 0.00148823115 2.01744186
343 693 1.47638315 0.00147638315 2.02040816
343 693 1.47640658 0.00147640658 2.02040816
343 693 1.47644333 0.00147644333 2.02040816
343 693 1.47637124 0.00147637124 2.02040816
343 693 1.47632827 0.00147632827 2.02040816
343 693 1.47638609 0.00147638609 2.02040816
343 693 1.47634273 0.00147634273 2.02040816
343 693 1.47635543 0.00147635543 2.02040816
343 693 1.47635625 0.00147635625 2.02040816
343 693 1.47634846 0.00147634846 2.02040816
342 692 1.4633872 0.0014633872 2.02339181
342 691 1.46345453 0.00146345453 2.02046784
342 691 1.46348027 0.00146348027 2.02046784
342 691 1.46333595 0.00146333595 2.02046784
342 691 1.4633259 0.0014633259 2.02046784
342 691 1.46329229 0.00146329229 2.02046784
342 691 1.46328789 0.00146328789 2.02046784
342 691 1.46328282 0.00146328282 2.02046784
342 691 1.46332795 0.00146332795 2.02046784
342 691 1.46336039 0.00146336039 2.02046784
341 690 1.44977262 0.00144977262 2.02346041
341 690 1.44975379 0.00144975379 2.02346041
341 690 1.44985966 0.00144985966 2.02346041
341 690 1.4498667 0.0014498667 2.02346041
341 690 1.44986268 0.00144986268 2.02346041
341 690 1.44985877 0.00144985877 2.02346041
341 690 1.449856 0.001449856 2.02346041
341 690 1.44985472 0.00144985472 2.02346041
341 690 1.44985403 0.00144985403 2.02346041
341 690 1.44985363 0.00144985363 2.02346041
340 685 1.43528957 0.00143528957 2.01470588
340 685 1.4350577 0.0014350577 2.01470588
340 686 1.43497948 0.00143497948 2.01764706
340 684 1.43559043 0.00143559043 2.01176471
340 684 1.43575141 0.00143575141 2.01176471
340 684 1.43581101 0.00143581101 2.01176471
340 684 1.43578463 0.00143578463 2.01176471
340 684 1.43573886 0.00143573886 2.01176471
340 684 1.43570434 0.00143570434 2.01176471
340 684 1.43567364 0.00143567364 2.01176471
339 681 1.42280105 0.00142280105 2.00884956
339 681 1.42282553 0.00142282553 2.00884956
339 681 1.42257279 0.00142257279 2.00884956
339 681 1.42246187 0.00142246187 2.00884956
339 677 1.43216856 0.00143216856 1.99705015
339 677 1.44443672 0.00144443672 1.99705015
339 680 1.45702829 0.00145702829 2.00589971
339 683 1.45987557 0.00145987557 2.01474926
339 683 1.45992874 0.00145992874 2.01474926
339 683 1.45982714 0.00145982714 2.01474926
338 682 1.44673723 0.00144673723 2.01775148
338 681 1.44689572 0.00144689572 2.0147929
338 681 1.44674064 0.00144674064 2.0147929
338 681 1.44671144 0.00144671144 2.0147929
338 681 1.44665175 0.00144665175 2.0147929
338 681 1.44666865 0.00144666865 2.0147929
338 681 1.44667455 0.00144667455 2.0147929
338 681 1.44673959 0.00144673959 2.0147929
338 681 1.44667778 0.00144667778 2.0147929
338 681 1.44668099 0.00144668099 2.0147929
337 680 1.43321865 0.00143321865 2.01780415
337 680 1.43322347 0.00143322347 2.01780415
337 680 1.43322479 0.00143322479 2.01780415
337 680 1.43318749 0.00143318749 2.01780415
337 680 1.43328354 0.00143328354 2.01780415
337 680 1.43317503 0.00143317503 2.01780415
337 680 1.43325625 0.00143325625 2.01780415
337 680 1.43311667 0.00143311667 2.01780415
337 680 1.43310149 0.00143310149 2.01780415
337 680 1.43331584 0.00143331584 2.01780415
336 677 1.41856741 0.00141856741 2.01488095
336 677 1.41860307 0.00141860307 2.01488095
336 676 1.41884775 0.00141884775 2.01190476
336 674 1.42000162 0.00142000162 2.00595238
336 674 1.42021194 0.00142021194 2.00595238
336 674 1.42021138 0.00142021138 2.00595238
336 674 1.42017993 0.00142017993 2.00595238
336 674 1.42012227 0.00142012227 2.00595238
336 674 1.42007755 0.00142007755 2.00595238
336 674 1.42004201 0.00142004201 2.00595238
335 671 1.40699544 0.00140699544 2.00298507
335 671 1.407108 0.001407108 2.00298507
335 671 1.40681726 0.00140681726 2.00298507
335 671 1.4067112 0.0014067112 2.00298507
335 671 1.40655457 0.00140655457 2.00298507
335 671 1.4069354 0.0014069354 2.00298507
335 671 1.40659657 0.00140659657 2.00298507
335 671 1.40696637 0.00140696637 2.00298507
335 671 1.40659141 0.00140659141 2.00298507
335 671 1.40696783 0.00140696783 2.00298507
334 668 1.39229993 0.00139229993 2
334 668 1.39252759 0.00139252759 2
334 668 1.39215073 0.00139215073 2
334 668 1.39243263 0.00139243263 2
334 668 1.39207757 0.00139207757 2
334 668 1.39243141 0.00139243141 2
334 669 1.40260744 0.00140260744 2.00299401
334 671 1.40720268 0.00140720268 2.00898204
334 668 1.41546072 0.00141546072 2
334 670 1.42694187 0.00142694187 2.00598802
333 668 1.4237684 0.0014237684 2.00600601
333 667 1.42746678 0.00142746678 2.003003
333 667 1.42745406 0.00142745406 2.003003
333 667 1.4274408 0.0014274408 2.003003
333 667 1.42747025 0.00142747025 2.003003
333 667 1.42748245 0.00142748245 2.003003
333 667 1.42747044 0.00142747044 2.003003
333 667 1.42746091 0.00142746091 2.003003
333 667 1.42745494 0.00142745494 2.003003
333 667 1.42745012 0.00142745012 2.003003
332 666 1.41665993 0.00141665993 2.0060241
332 666 1.41658781 0.00141658781 2.0060241
332 666 1.4164577 0.0014164577 2.0060241
332 666 1.41648999 0.00141648999 2.0060241
332 666 1.41666537 0.00141666537 2.0060241
332 666 1.41649374 0.00141649374 2.0060241
332 666 1.4165076 0.0014165076 2.0060241
332 666 1.416674 0.001416674 2.0060241
332 666 1.41649983 0.00141649983 2.0060241
332 666 1.41651194 0.00141651194 2.0060241
331 663 1.40476591 0.00140476591 2.00302115
331 663 1.4047964 0.0014047964 2.00302115
331 663 1.40478235 0.00140478235 2.00302115
331 663 1.40477191 0.00140477191 2.00302115
331 663 1.40477012 0.00140477012 2.00302115
331 663 1.40477003 0.00140477003 2.00302115
331 663 1.40476964 0.00140476964 2.00302115
331 663 1.40476925 0.00140476925 2.00302115
331 663 1.40476899 0.00140476899 2.00302115
331 663 1.40476878 0.00140476878 2.00302115
330 658 1.39229808 0.00139229808 1.99393939
330 658 1.39241898 0.00139241898 1.99393939
330 658 1.39242257 0.00139242257 1.99393939
330 658 1.39245249 0.00139245249 1.99393939
330 658 1.39245448 0.00139245448 1.99393939
330 658 1.39245683 0.00139245683 1.99393939
330 658 1.3924579 0.0013924579 1.99393939
330 658 1.39245906 0.00139245906 1.99393939
330 658 1.3924598 0.0013924598 1.99393939
330 658 1.39246056 0.00139246056 1.99393939
329 655 1.37944679 0.00137944679 1.99088146
329 655 1.3794295 0.0013794295 1.99088146
329 655 1.37952528 0.00137952528 1.99088146
329 655 1.37945213 0.00137945213 1.99088146
329 655 1.37939296 0.00137939296 1.99088146
329 655 1.37935583 0.00137935583 1.99088146
329 655 1.3793301 0.0013793301 1.99088146
329 655 1.379321 0.001379321 1.99088146
329 655 1.37932087 0.00137932087 1.99088146
329 655 1.37932143 0.00137932143 1.99088146
328 652 1.36520215 0.00136520215 1.98780488
328 655 1.3911359 0.0013911359 1.99695122
328 651 1.41084261 0.00141084261 1.9847561
328 651 1.41124758 0.00141124758 1.9847561
328 651 1.41125117 0.00141125117 1.9847561
328 651 1.41124445 0.00141124445 1.9847561
328 651 1.41120814 0.00141120814 1.9847561
328 651 1.41118625 0.00141118625 1.9847561
328 651 1.41116634 0.00141116634 1.9847561
328 651 1.41114987 0.00141114987 1.9847561
327 650 1.40074695 0.00140074695 1.98776758
327 650 1.40067794 0.00140067794 1.98776758
327 650 1.40053391 0.00140053391 1.98776758
327 650 1.40064487 0.00140064487 1.98776758
327 650 1.40059761 0.00140059761 1.98776758
327 650 1.40073844 0.00140073844 1.98776758
327 650 1.40067473 0.00140067473 1.98776758
327 650 1.40051677 0.00140051677 1.98776758
327 650 1.40063777 0.00140063777 1.98776758
327 650 1.40059384 0.00140059384 1.98776758
326 647 1.38892789 0.00138892789 1.98466258
326 647 1.38903272 0.00138903272 1.98466258
326 647 1.38915808 0.00138915808 1.98466258
326 647 1.38914359 0.00138914359 1.98466258
326 647 1.38893807 0.00138893807 1.98466258
326 647 1.38920294 0.00138920294 1.98466258
326 647 1.38909332 0.00138909332 1.98466258
326 647 1.38915806 0.00138915806 1.98466258
326 647 1.38893033 0.00138893033 1.98466258
326 647 1.38919551 0.00138919551 1.98466258
325 644 1.37665185 0.00137665185 1.98153846
325 642 1.38701227 0.00138701227 1.97538462
325 642 1.38730084 0.00138730084 1.97538462
325 642 1.38731749 0.00138731749 1.97538462
325 642 1.38718729 0.00138718729 1.97538462
325 642 1.38718778 0.00138718778 1.97538462
325 642 1.38718683 0.00138718683 1.97538462
325 642 1.38718136 0.00138718136 1.97538462
325 642 1.38717433 0.00138717433 1.97538462
325 642 1.38716847 0.00138716847 1.97538462
324 641 1.3773127 0.0013773127 1.97839506
324 641 1.37733798 0.00137733798 1.97839506
324 641 1.37745188 0.00137745188 1.97839506
324 638 1.38440904 0.00138440904 1.9691358
324 637 1.40367463 0.00140367463 1.96604938
324 637 1.40361439 0.00140361439 1.96604938
324 637 1.40361972 0.00140361972 1.96604938
324 637 1.40341071 0.00140341071 1.96604938
324 637 1.40359157 0.00140359157 1.96604938
324 637 1.40356377 0.00140356377 1.96604938
323 635 1.39623048 0.00139623048 1.96594427
323 635 1.39619504 0.00139619504 1.96594427
323 635 1.39609265 0.00139609265 1.96594427
323 635 1.39608733 0.00139608733 1.96594427
323 635 1.39608905 0.00139608905 1.96594427
323 635 1.39604983 0.00139604983 1.96594427
323 635 1.39607213 0.00139607213 1.96594427
323 635 1.3960298 0.0013960298 1.96594427
323 635 1.39605117 0.00139605117 1.96594427
323 635 1.3960107 0.0013960107 1.96594427
322 631 1.38797525 0.00138797525 1.95962733
322 630 1.38790282 0.00138790282 1.95652174
322 631 1.38791656 0.00138791656 1.95962733
322 630 1.38790596 0.00138790596 1.95652174
322 631 1.38790355 0.00138790355 1.95962733
322 630 1.3879072 0.0013879072 1.95652174
322 631 1.38788943 0.00138788943 1.95962733
322 630 1.38790729 0.00138790729 1.95652174
322 631 1.38787684 0.00138787684 1.95962733
322 630 1.38790781 0.00138790781 1.95652174
321 626 1.37987286 0.00137987286 1.95015576
321 630 1.37971413 0.00137971413 1.96261682
321 626 1.37984033 0.00137984033 1.95015576
321 626 1.37987094 0.00137987094 1.95015576
321 626 1.37978261 0.00137978261 1.95015576
321 629 1.37962328 0.00137962328 1.95950156
321 626 1.37993556 0.00137993556 1.95015576
321 626 1.37991105 0.00137991105 1.95015576
321 626 1.37982244 0.00137982244 1.95015576
321 626 1.37982736 0.00137982736 1.95015576
320 625 1.37151409 0.00137151409 1.953125
320 625 1.37151224 0.00137151224 1.953125
320 625 1.37159228 0.00137159228 1.953125
320 625 1.37151627 0.00137151627 1.953125
320 625 1.37150672 0.00137150672 1.953125
320 625 1.37150559 0.00137150559 1.953125
320 625 1.3715071 0.0013715071 1.953125
320 625 1.37150686 0.00137150686 1.953125
320 625 1.37150717 0.00137150717 1.953125
320 625 1.37150763 0.00137150763 1.953125
319 624 1.36236819 0.00136236819 1.95611285
319 624 1.36234852 0.00136234852 1.95611285
319 624 1.36233588 0.00136233588 1.95611285
319 624 1.36232201 0.00136232201 1.95611285
319 624 1.36231144 0.00136231144 1.95611285
319 624 1.36230293 0.00136230293 1.95611285
319 624 1.36229579 0.00136229579 1.95611285
319 624 1.36228998 0.00136228998 1.95611285
319 624 1.36228541 0.00136228541 1.95611285
319 624 1.36228182 0.00136228182 1.95611285
318 619 1.35152847 0.00135152847 1.94654088
318 619 1.35155903 0.00135155903 1.94654088
318 619 1.35144066 0.00135144066 1.94654088
318 619 1.35145659 0.00135145659 1.94654088
318 619 1.35164849 0.00135164849 1.94654088
318 619 1.35147618 0.00135147618 1.94654088
318 619 1.35146882 0.00135146882 1.94654088
318 619 1.35164797 0.00135164797 1.94654088
318 619 1.35147902 0.00135147902 1.94654088
318 619 1.35146902 0.00135146902 1.94654088
317 616 1.34050984 0.00134050984 1.94321767
317 616 1.34054216 0.00134054216 1.94321767
317 616 1.34063904 0.00134063904 1.94321767
317 616 1.34086963 0.00134086963 1.94321767
317 616 1.34077965 0.00134077965 1.94321767
317 616 1.34067378 0.00134067378 1.94321767
317 616 1.34059875 0.00134059875 1.94321767
317 616 1.34057564 0.00134057564 1.94321767
317 616 1.34089889 0.00134089889 1.94321767
317 616 1.34075178 0.00134075178 1.94321767
316 613 1.32973063 0.00132973063 1.93987342
316 613 1.32973565 0.00132973565 1.93987342
316 613 1.32969123 0.00132969123 1.93987342
316 613 1.3297426 0.0013297426 1.93987342
316 613 1.32974632 0.00132974632 1.93987342
316 613 1.32975104 0.00132975104 1.93987342
316 613 1.32975319 0.00132975319 1.93987342
316 613 1.32975443 0.00132975443 1.93987342
316 613 1.32975562 0.00132975562 1.93987342
316 613 1.32975672 0.00132975672 1.93987342
315 610 1.3172824 0.0013172824 1.93650794
315 610 1.31709068 0.00131709068 1.93650794
315 610 1.31718042 0.00131718042 1.93650794
315 610 1.317151 0.001317151 1.93650794
315 610 1.31696783 0.00131696783 1.93650794
315 610 1.31711386 0.00131711386 1.93650794
315 610 1.31704694 0.00131704694 1.93650794
315 610 1.31708517 0.00131708517 1.93650794
315 610 1.31714686 0.00131714686 1.93650794
315 610 1.31706887 0.00131706887 1.93650794
314 608 1.30195307 0.00130195307 1.93630573
314 608 1.30211003 0.00130211003 1.93630573
314 608 1.30213891 0.00130213891 1.93630573
314 608 1.30212212 0.00130212212 1.93630573
314 608 1.30211574 0.00130211574 1.93630573
314 608 1.30211814 0.00130211814 1.93630573
314 608 1.3021218 0.0013021218 1.93630573
314 608 1.30212467 0.00130212467 1.93630573
314 608 1.30212689 0.00130212689 1.93630573
314 608 1.30212883 0.00130212883 1.93630573
313 604 1.2882718 0.0012882718 1.92971246
313 607 1.32222636 0.00132222636 1.93929712
313 608 1.33047962 0.00133047962 1.94249201
313 609 1.33046865 0.00133046865 1.9456869
313 609 1.33070349 0.00133070349 1.9456869
313 609 1.33052635 0.00133052635 1.9456869
313 609 1.33051767 0.00133051767 1.9456869
313 609 1.33056029 0.00133056029 1.9456869
313 609 1.33047066 0.00133047066 1.9456869
313 609 1.33051476 0.00133051476 1.9456869
312 606 1.31933066 0.00131933066 1.94230769
312 606 1.31934551 0.00131934551 1.94230769
312 606 1.31932429 0.00131932429 1.94230769
312 606 1.3193165 0.0013193165 1.94230769
312 606 1.31930497 0.00131930497 1.94230769
312 606 1.31929381 0.00131929381 1.94230769
312 606 1.31928416 0.00131928416 1.94230769
312 606 1.31927607 0.00131927607 1.94230769
312 606 1.31926931 0.00131926931 1.94230769
312 604 1.31916474 0.00131916474 1.93589744
311 601 1.30816391 0.00130816391 1.93247588
311 601 1.30758206 0.00130758206 1.93247588
311 601 1.30828256 0.00130828256 1.93247588
311 601 1.30830457 0.00130830457 1.93247588
311 601 1.3082305 0.0013082305 1.93247588
311 601 1.30818783 0.00130818783 1.93247588
311 601 1.30816597 0.00130816597 1.93247588
311 601 1.30815616 0.00130815616 1.93247588
311 601 1.30815319 0.00130815319 1.93247588
311 601 1.30815308 0.00130815308 1.93247588
310 598 1.29714598 0.00129714598 1.92903226
310 598 1.29721146 0.00129721146 1.92903226
310 598 1.2972315 0.0012972315 1.92903226
310 598 1.29727757 0.00129727757 1.92903226
310 598 1.29728588 0.00129728588 1.92903226
310 598 1.29729111 0.00129729111 1.92903226
310 598 1.29729394 0.00129729394 1.92903226
310 598 1.29729531 0.00129729531 1.92903226
310 598 1.29729653 0.00129729653 1.92903226
310 598 1.29729762 0.00129729762 1.92903226
309 595 1.28521712 0.00128521712 1.92556634
309 595 1.28502596 0.00128502596 1.92556634
309 595 1.28508559 0.00128508559 1.92556634
309 595 1.28506508 0.00128506508 1.92556634
309 595 1.28496068 0.00128496068 1.92556634
309 595 1.28500994 0.00128500994 1.92556634
309 595 1.28505373 0.00128505373 1.92556634
309 595 1.28495289 0.00128495289 1.92556634
309 595 1.28500376 0.00128500376 1.92556634
309 595 1.28505405 0.00128505405 1.92556634
308 593 1.27036017 0.00127036017 1.92532468
308 593 1.27051603 0.00127051603 1.92532468
308 593 1.27054608 0.00127054608 1.92532468
308 593 1.27045321 0.00127045321 1.92532468
308 593 1.27039094 0.00127039094 1.92532468
308 593 1.27047551 0.00127047551 1.92532468
308 593 1.27047108 0.00127047108 1.92532468
308 593 1.27041201 0.00127041201 1.92532468
308 593 1.2704924 0.0012704924 1.92532468
308 593 1.27047781 0.00127047781 1.92532468
307 591 1.25561993 0.00125561993 1.92508143
307 591 1.25525103 0.00125525103 1.92508143
307 591 1.25562629 0.00125562629 1.92508143
307 591 1.2552285 0.0012552285 1.92508143
307 591 1.25561636 0.00125561636 1.92508143
307 591 1.25522846 0.00125522846 1.92508143
307 591 1.25561504 0.00125561504 1.92508143
307 591 1.25523488 0.00125523488 1.92508143
307 591 1.25561489 0.00125561489 1.92508143
307 591 1.25524244 0.00125524244 1.92508143
306 589 1.24036705 0.00124036705 1.9248366
306 589 1.24047692 0.00124047692 1.9248366
306 589 1.24044183 0.00124044183 1.9248366
306 589 1.24042311 0.00124042311 1.9248366
306 589 1.24041671 0.00124041671 1.9248366
306 589 1.24041994 0.00124041994 1.9248366
306 589 1.24042221 0.00124042221 1.9248366
306 589 1.2404253 0.0012404253 1.9248366
306 589 1.24042867 0.00124042867 1.9248366
306 589 1.24043196 0.00124043196 1.9248366
305 586 1.22538872 0.00122538872 1.92131148
305 587 1.23380712 0.00123380712 1.92459016
305 587 1.23379019 0.00123379019 1.92459016
305 587 1.23376245 0.00123376245 1.92459016
305 587 1.23373826 0.00123373826 1.92459016
305 587 1.23379723 0.00123379723 1.92459016
305 587 1.23383014 0.00123383014 1.92459016
305 587 1.2338353 0.0012338353 1.92459016
305 587 1.23384031 0.00123384031 1.92459016
305 587 1.23384096 0.00123384096 1.92459016
304 585 1.2180114 0.0012180114 1.92434211
304 585 1.21817708 0.00121817708 1.92434211
304 585 1.21814521 0.00121814521 1.92434211
304 585 1.21829552 0.00121829552 1.92434211
304 585 1.21814799 0.00121814799 1.92434211
304 585 1.21834294 0.00121834294 1.92434211
304 585 1.21815779 0.00121815779 1.92434211
304 585 1.21835336 0.00121835336 1.92434211
304 585 1.21816261 0.00121816261 1.92434211
304 585 1.21835939 0.00121835939 1.92434211
303 580 1.19935686 0.00119935686 1.91419142
303 580 1.21350663 0.00121350663 1.91419142
303 579 1.22934916 0.00122934916 1.91089109
303 579 1.24197875 0.00124197875 1.91089109
303 579 1.24192499 0.00124192499 1.91089109
303 579 1.24194881 0.00124194881 1.91089109
303 579 1.24189822 0.00124189822 1.91089109
303 579 1.24183495 0.00124183495 1.91089109
303 579 1.24179779 0.00124179779 1.91089109
303 579 1.24180025 0.00124180025 1.91089109
302 578 1.22918699 0.00122918699 1.91390728
302 578 1.22909194 0.00122909194 1.91390728
302 578 1.22919229 0.00122919229 1.91390728
302 578 1.2291971 0.0012291971 1.91390728
302 578 1.22919118 0.00122919118 1.91390728
302 578 1.22919359 0.00122919359 1.91390728
302 578 1.22919446 0.00122919446 1.91390728
302 578 1.22919448 0.00122919448 1.91390728
302 578 1.22919493 0.00122919493 1.91390728
302 578 1.22919517 0.00122919517 1.91390728
301 576 1.21452655 0.00121452655 1.91362126
301 576 1.21428365 0.00121428365 1.91362126
301 576 1.21425317 0.00121425317 1.91362126
301 576 1.21422257 0.00121422257 1.91362126
301 576 1.21426922 0.00121426922 1.91362126
301 576 1.21432825 0.00121432825 1.91362126
301 576 1.21434181 0.00121434181 1.91362126
301 576 1.21434487 0.00121434487 1.91362126
301 576 1.21434699 0.00121434699 1.91362126
301 576 1.21434616 0.00121434616 1.91362126
300 574 1.19862419 0.00119862419 1.91333333
300 574 1.19859126 0.00119859126 1.91333333
300 574 1.19868349 0.00119868349 1.91333333
300 574 1.19862947 0.00119862947 1.91333333
300 574 1.19863487 0.00119863487 1.91333333
300 574 1.19862017 0.00119862017 1.91333333
300 574 1.19862259 0.00119862259 1.91333333
300 574 1.19862293 0.00119862293 1.91333333
300 574 1.19862128 0.00119862128 1.91333333
300 574 1.19862049 0.00119862049 1.91333333
299 572 1.18088037 0.00118088037 1.91304348
299 569 1.1866906 0.0011866906 1.90301003
299 567 1.19342672 0.00119342672 1.89632107
299 567 1.20265759 0.00120265759 1.89632107
299 570 1.21244353 0.00121244353 1.90635452
299 567 1.2219553 0.0012219553 1.89632107
299 568 1.22851626 0.00122851626 1.89966555
299 568 1.23719995 0.00123719995 1.89966555
299 568 1.23709 0.00123709 1.89966555
299 568 1.23708005 0.00123708005 1.89966555
298 564 1.22745996 0.00122745996 1.89261745
298 564 1.22752198 0.00122752198 1.89261745
298 564 1.22750662 0.00122750662 1.89261745
298 564 1.22752136 0.00122752136 1.89261745
298 564 1.22727222 0.00122727222 1.89261745
298 564 1.22713998 0.00122713998 1.89261745
298 564 1.22717334 0.00122717334 1.89261745
298 564 1.22720884 0.00122720884 1.89261745
298 564 1.22722368 0.00122722368 1.89261745
298 564 1.22722148 0.00122722148 1.89261745
297 561 1.21744915 0.00121744915 1.88888889
297 561 1.21749836 0.00121749836 1.88888889
297 561 1.21759371 0.00121759371 1.88888889
297 561 1.21747967 0.00121747967 1.88888889
297 561 1.21748774 0.00121748774 1.88888889
297 561 1.21758901 0.00121758901 1.88888889
297 561 1.21747756 0.00121747756 1.88888889
297 561 1.21748653 0.00121748653 1.88888889
297 561 1.21758927 0.00121758927 1.88888889
297 561 1.21747797 0.00121747797 1.88888889
296 559 1.20729792 0.00120729792 1.88851351
296 559 1.20733714 0.00120733714 1.88851351
296 559 1.20733239 0.00120733239 1.88851351
296 559 1.20734087 0.00120734087 1.88851351
296 559 1.20734432 0.00120734432 1.88851351
296 559 1.20734463 0.00120734463 1.88851351
296 559 1.2073438 0.0012073438 1.88851351
296 559 1.20734327 0.00120734327 1.88851351
296 559 1.20734306 0.00120734306 1.88851351
296 559 1.20734298 0.00120734298 1.88851351
295 554 1.19669647 0.00119669647 1.8779661
295 554 1.19665016 0.00119665016 1.8779661
295 554 1.19665151 0.00119665151 1.8779661
295 554 1.19665515 0.00119665515 1.8779661
295 554 1.19666521 0.00119666521 1.8779661
295 554 1.19666564 0.00119666564 1.8779661
295 554 1.19666447 0.00119666447 1.8779661
295 554 1.19666498 0.00119666498 1.8779661
295 554 1.19666579 0.00119666579 1.8779661
295 554 1.19666671 0.00119666671 1.8779661
294 553 1.18541386 0.00118541386 1.88095238
294 553 1.18554493 0.00118554493 1.88095238
294 553 1.18545667 0.00118545667 1.88095238
294 553 1.18539768 0.00118539768 1.88095238
294 553 1.18539875 0.00118539875 1.88095238
294 553 1.18540136 0.00118540136 1.88095238
294 553 1.1854024 0.0011854024 1.88095238
294 553 1.18540319 0.00118540319 1.88095238
294 553 1.18540405 0.00118540405 1.88095238
294 553 1.18540489 0.00118540489 1.88095238
293 551 1.1719974 0.0011719974 1.88054608
293 551 1.17188885 0.00117188885 1.88054608
293 551 1.1717998 0.0011717998 1.88054608
293 551 1.17179446 0.00117179446 1.88054608
293 551 1.17183205 0.00117183205 1.88054608
293 551 1.17188049 0.00117188049 1.88054608
293 551 1.17188852 0.00117188852 1.88054608
293 551 1.17189266 0.00117189266 1.88054608
293 551 1.17189458 0.00117189458 1.88054608
293 551 1.17189367 0.00117189367 1.88054608
292 550 1.15653115 0.00115653115 1.88356164
292 550 1.15654306 0.00115654306 1.88356164
292 550 1.15654078 0.00115654078 1.88356164
292 550 1.15655596 0.00115655596 1.88356164
292 550 1.15655512 0.00115655512 1.88356164
292 550 1.15655644 0.00115655644 1.88356164
292 550 1.15655918 0.00115655918 1.88356164
292 550 1.15656195 0.00115656195 1.88356164
292 550 1.15656407 0.00115656407 1.88356164
292 550 1.15656579 0.00115656579 1.88356164
291 549 1.14053709 0.00114053709 1.88659794
291 549 1.14029488 0.00114029488 1.88659794
291 549 1.14040537 0.00114040537 1.88659794
291 549 1.14034982 0.00114034982 1.88659794
291 549 1.14034483 0.00114034483 1.88659794
291 549 1.14034467 0.00114034467 1.88659794
291 549 1.14034439 0.00114034439 1.88659794
291 549 1.14034377 0.00114034377 1.88659794
291 549 1.14034331 0.00114034331 1.88659794
291 549 1.14034291 0.00114034291 1.88659794
290 548 1.12384893 0.00112384893 1.88965517
290 547 1.12462705 0.00112462705 1.8862069
290 545 1.13901498 0.00113901498 1.87931034
290 545 1.13880793 0.00113880793 1.87931034
290 545 1.13888785 0.00113888785 1.87931034
290 545 1.13886775 0.00113886775 1.87931034
290 545 1.13886412 0.00113886412 1.87931034
290 545 1.13873545 0.00113873545 1.87931034
290 545 1.13881271 0.00113881271 1.87931034
290 545 1.1388287 0.0011388287 1.87931034
289 544 1.12459469 0.00112459469 1.88235294
289 544 1.12444559 0.00112444559 1.88235294
289 544 1.12445255 0.00112445255 1.88235294
289 544 1.12433519 0.00112433519 1.88235294
289 544 1.12436602 0.00112436602 1.88235294
289 544 1.12443548 0.00112443548 1.88235294
289 544 1.12445359 0.00112445359 1.88235294
289 544 1.12446178 0.00112446178 1.88235294
289 544 1.1244679 0.0011244679 1.88235294
289 544 1.12446574 0.00112446574 1.88235294
288 543 1.10852721 0.00110852721 1.88541667
288 542 1.10795918 0.00110795918 1.88194444
288 541 1.12024885 0.00112024885 1.87847222
288 541 1.12019156 0.00112019156 1.87847222
288 541 1.1202377 0.0011202377 1.87847222
288 541 1.1201288 0.0011201288 1.87847222
288 541 1.12018145 0.00112018145 1.87847222
288 541 1.1202105 0.0011202105 1.87847222
288 541 1.12011631 0.00112011631 1.87847222
288 541 1.12017075 0.00112017075 1.87847222
287 540 1.10794959 0.00110794959 1.8815331
287 540 1.10777286 0.00110777286 1.8815331
287 540 1.10788885 0.00110788885 1.8815331
287 540 1.1079457 0.0011079457 1.8815331
287 535 1.11568528 0.00111568528 1.8641115
287 535 1.11545916 0.00111545916 1.8641115
287 535 1.11545963 0.00111545963 1.8641115
287 535 1.11543734 0.00111543734 1.8641115
287 535 1.11542677 0.00111542677 1.8641115
287 535 1.11541946 0.00111541946 1.8641115
286 533 1.10383601 0.00110383601 1.86363636
286 533 1.1038759 0.0011038759 1.86363636
286 533 1.10393915 0.00110393915 1.86363636
286 533 1.10393574 0.00110393574 1.86363636
286 533 1.10393677 0.00110393677 1.86363636
286 533 1.10393763 0.00110393763 1.86363636
286 533 1.10393895 0.00110393895 1.86363636
286 533 1.10393977 0.00110393977 1.86363636
286 533 1.10394057 0.00110394057 1.86363636
286 533 1.10394116 0.00110394116 1.86363636
285 532 1.09222222 0.00109222222 1.86666667
285 532 1.09215642 0.00109215642 1.86666667
285 532 1.09234967 0.00109234967 1.86666667
285 532 1.09241128 0.00109241128 1.86666667
285 532 1.09241529 0.00109241529 1.86666667
285 532 1.09240086 0.00109240086 1.86666667
285 532 1.09239327 0.00109239327 1.86666667
285 532 1.09238725 0.00109238725 1.86666667
285 532 1.09238349 0.00109238349 1.86666667
285 532 1.09238187 0.00109238187 1.86666667
284 528 1.079025 0.001079025 1.85915493
284 528 1.078967 0.001078967 1.85915493
284 528 1.07906746 0.00107906746 1.85915493
284 528 1.07883263 0.00107883263 1.85915493
284 528 1.0787979 0.0010787979 1.85915493
284 528 1.07883562 0.00107883562 1.85915493
284 528 1.07883954 0.00107883954 1.85915493
284 528 1.07885117 0.00107885117 1.85915493
284 528 1.0788582 0.0010788582 1.85915493
284 528 1.0788564 0.0010788564 1.85915493
283 527 1.06342911 0.00106342911 1.86219081
283 527 1.06403968 0.00106403968 1.86219081
283 527 1.06398672 0.00106398672 1.86219081
283 527 1.06393448 0.00106393448 1.86219081
283 527 1.0639118 0.0010639118 1.86219081
283 527 1.0638926 0.0010638926 1.86219081
283 527 1.06388285 0.00106388285 1.86219081
283 527 1.06388194 0.00106388194 1.86219081
283 527 1.06388181 0.00106388181 1.86219081
283 527 1.06388114 0.00106388114 1.86219081
282 525 1.04498361 0.00104498361 1.86170213
282 525 1.04596474 0.00104596474 1.86170213
282 525 1.04637729 0.00104637729 1.86170213
282 522 1.04639343 0.00104639343 1.85106383
282 525 1.0464596 0.0010464596 1.86170213
282 525 1.04639903 0.00104639903 1.86170213
282 525 1.04638266 0.00104638266 1.86170213
282 525 1.04624627 0.00104624627 1.86170213
282 525 1.04621425 0.00104621425 1.86170213
282 525 1.04631579 0.00104631579 1.86170213
281 521 1.03478926 0.00103478926 1.85409253
281 521 1.03518101 0.00103518101 1.85409253
281 521 1.0351939 0.0010351939 1.85409253
281 521 1.03520349 0.00103520349 1.85409253
281 521 1.03520478 0.00103520478 1.85409253
281 521 1.03520305 0.00103520305 1.85409253
281 521 1.03520148 0.00103520148 1.85409253
281 521 1.03520057 0.00103520057 1.85409253
281 521 1.03520009 0.00103520009 1.85409253
281 521 1.03519982 0.00103519982 1.85409253
280 518 1.02360039 0.00102360039 1.85
280 518 1.02354368 0.00102354368 1.85
280 519 1.02375764 0.00102375764 1.85357143
280 519 1.02374388 0.00102374388 1.85357143
280 519 1.02374161 0.00102374161 1.85357143
280 519 1.02374572 0.00102374572 1.85357143
280 519 1.02374758 0.00102374758 1.85357143
280 519 1.02374811 0.00102374811 1.85357143
280 519 1.02374844 0.00102374844 1.85357143
280 519 1.02374882 0.00102374882 1.85357143
279 516 1.01228673 0.00101228673 1.84946237
279 516 1.01219611 0.00101219611 1.84946237
279 516 1.01219415 0.00101219415 1.84946237
279 516 1.01192914 0.00101192914 1.84946237
279 516 1.01192945 0.00101192945 1.84946237
279 516 1.01194532 0.00101194532 1.84946237
279 516 1.01196956 0.00101196956 1.84946237
279 516 1.01196896 0.00101196896 1.84946237
279 516 1.01196371 0.00101196371 1.84946237
279 516 1.01196245 0.00101196245 1.84946237
278 514 1.00046908 0.00100046908 1.84892086
278 514 1.00041998 0.00100041998 1.84892086
278 514 1.00040418 0.00100040418 1.84892086
278 514 1.00039594 0.00100039594 1.84892086
278 514 1.00039462 0.00100039462 1.84892086
278 514 1.000394 0.001000394 1.84892086
278 514 1.00039385 0.00100039385 1.84892086
278 514 1.00039378 0.00100039378 1.84892086
278 514 1.00039373 0.00100039373 1.84892086
278 514 1.0003937 0.0010003937 1.84892086
277 510 0.985231789 0.000985231789 1.84115523
277 506 1.01506423 0.00101506423 1.8267148
277 508 1.02558183 0.00102558183 1.83393502
277 508 1.02541056 0.00102541056 1.83393502
277 508 1.02521495 0.00102521495 1.83393502
277 508 1.02511733 0.00102511733 1.83393502
277 508 1.02515173 0.00102515173 1.83393502
277 508 1.0250425 0.0010250425 1.83393502
277 508 1.02499543 0.00102499543 1.83393502
277 508 1.02506083 0.00102506083 1.83393502
276 507 1.01476019 0.00101476019 1.83695652
276 507 1.01469665 0.00101469665 1.83695652
276 507 1.01478186 0.00101478186 1.83695652
276 507 1.01489915 0.00101489915 1.83695652
276 507 1.01490893 0.00101490893 1.83695652
276 507 1.01490368 0.00101490368 1.83695652
276 507 1.014904 0.001014904 1.83695652
276 507 1.01490232 0.00101490232 1.83695652
276 507 1.0149012 0.0010149012 1.83695652
276 507 1.01490229 0.00101490229 1.83695652
275 505 1.00396342 0.00100396342 1.83636364
275 506 1.00411242 0.00100411242 1.84
275 506 1.00415936 0.00100415936 1.84
275 502 1.00403318 0.00100403318 1.82545455
275 506 1.0040248 0.0010040248 1.84
275 506 1.00411253 0.00100411253 1.84
275 502 1.00404801 0.00100404801 1.82545455
275 506 1.0040096 0.0010040096 1.84
275 506 1.00410079 0.00100410079 1.84
275 502 1.00406431 0.00100406431 1.82545455
274 501 0.99296388 0.00099296388 1.82846715
274 504 0.993025588 0.000993025588 1.83941606
274 501 0.993202387 0.000993202387 1.82846715
274 501 0.993291364 0.000993291364 1.82846715
274 501 0.99324473 0.00099324473 1.82846715
274 501 0.993254061 0.000993254061 1.82846715
274 501 0.993251923 0.000993251923 1.82846715
274 501 0.993250188 0.000993250188 1.82846715
274 501 0.993252426 0.000993252426 1.82846715
274 501 0.993252131 0.000993252131 1.82846715
273 499 0.982247805 0.000982247805 1.82783883
273 499 0.982214871 0.000982214871 1.82783883
273 499 0.98219985 0.00098219985 1.82783883
273 499 0.982295841 0.000982295841 1.82783883
273 499 0.982195774 0.000982195774 1.82783883
273 499 0.982184187 0.000982184187 1.82783883
273 499 0.982306938 0.000982306938 1.82783883
273 499 0.982198312 0.000982198312 1.82783883
273 499 0.982186494 0.000982186494 1.82783883
273 499 0.982310519 0.000982310519 1.82783883
272 497 0.969716224 0.000969716224 1.82720588
272 497 0.96973888 0.00096973888 1.82720588
272 497 0.969691231 0.000969691231 1.82720588
272 497 0.969688468 0.000969688468 1.82720588
272 497 0.969688958 0.000969688958 1.82720588
272 497 0.9696901 0.0009696901 1.82720588
272 497 0.969692885 0.000969692885 1.82720588
272 497 0.969695081 0.000969695081 1.82720588
272 497 0.969696785 0.000969696785 1.82720588
272 497 0.969698081 0.000969698081 1.82720588
271 493 0.957654204 0.000957654204 1.81918819
271 493 0.957760652 0.000957760652 1.81918819
271 493 0.957657159 0.000957657159 1.81918819
271 493 0.957695802 0.000957695802 1.81918819
271 493 0.957705024 0.000957705024 1.81918819
271 493 0.957712209 0.000957712209 1.81918819
271 493 0.957718677 0.000957718677 1.81918819
271 493 0.957722651 0.000957722651 1.81918819
271 493 0.957725765 0.000957725765 1.81918819
271 493 0.957729556 0.000957729556 1.81918819
270 492 0.94219135 0.00094219135 1.82222222
270 492 0.942187285 0.000942187285 1.82222222
270 492 0.942233375 0.000942233375 1.82222222
270 492 0.941833928 0.000941833928 1.82222222
270 492 0.942125958 0.000942125958 1.82222222
270 492 0.942215054 0.000942215054 1.82222222
270 492 0.942065595 0.000942065595 1.82222222
270 492 0.942226736 0.000942226736 1.82222222
270 492 0.942065753 0.000942065753 1.82222222
270 492 0.942227294 0.000942227294 1.82222222
269 490 0.924963385 0.000924963385 1.82156134
269 489 0.926537288 0.000926537288 1.81784387
269 489 0.926460346 0.000926460346 1.81784387
269 489 0.926494267 0.000926494267 1.81784387
269 489 0.926461863 0.000926461863 1.81784387
269 489 0.926457614 0.000926457614 1.81784387
269 489 0.926448395 0.000926448395 1.81784387
269 489 0.926434298 0.000926434298 1.81784387
269 489 0.926427316 0.000926427316 1.81784387
269 489 0.926419999 0.000926419999 1.81784387
268 488 0.911528695 0.000911528695 1.82089552
268 489 0.938072161 0.000938072161 1.82462687
268 490 0.948595207 0.000948595207 1.82835821
268 488 0.959129994 0.000959129994 1.82089552
268 489 0.959002247 0.000959002247 1.82462687
268 489 0.958816267 0.000958816267 1.82462687
268 489 0.95883093 0.00095883093 1.82462687
268 489 0.958800449 0.000958800449 1.82462687
268 489 0.958812191 0.000958812191 1.82462687
268 489 0.958803358 0.000958803358 1.82462687
267 487 0.948515723 0.000948515723 1.82397004
267 487 0.948540467 0.000948540467 1.82397004
267 487 0.948510214 0.000948510214 1.82397004
267 487 0.948533211 0.000948533211 1.82397004
267 487 0.948528429 0.000948528429 1.82397004
267 487 0.948526524 0.000948526524 1.82397004
267 487 0.94852674 0.00094852674 1.82397004
267 487 0.948527478 0.000948527478 1.82397004
267 487 0.948528564 0.000948528564 1.82397004
267 487 0.948529423 0.000948529423 1.82397004
266 483 0.937899167 0.000937899167 1.81578947
266 483 0.93795521 0.00093795521 1.81578947
266 483 0.937691016 0.000937691016 1.81578947
266 483 0.937831851 0.000937831851 1.81578947
266 483 0.937942301 0.000937942301 1.81578947
266 483 0.937827114 0.000937827114 1.81578947
266 483 0.937841753 0.000937841753 1.81578947
266 483 0.937841455 0.000937841455 1.81578947
266 483 0.937898833 0.000937898833 1.81578947
266 483 0.937837582 0.000937837582 1.81578947
265 481 0.922400663 0.000922400663 1.81509434
265 481 0.921803376 0.000921803376 1.81509434
265 480 0.921570698 0.000921570698 1.81132075
265 480 0.922864681 0.000922864681 1.81132075
265 480 0.922725955 0.000922725955 1.81132075
265 480 0.922659539 0.000922659539 1.81132075
265 480 0.922926044 0.000922926044 1.81132075
265 480 0.922636236 0.000922636236 1.81132075
265 480 0.922869071 0.000922869071 1.81132075
265 480 0.922622371 0.000922622371 1.81132075
264 478 0.911582682 0.000911582682 1.81060606
264 478 0.911743586 0.000911743586 1.81060606
264 478 0.912034211 0.000912034211 1.81060606
264 478 0.912217798 0.000912217798 1.81060606
264 478 0.912292627 0.000912292627 1.81060606
264 478 0.912247505 0.000912247505 1.81060606
264 478 0.912197709 0.000912197709 1.81060606
264 478 0.912178258 0.000912178258 1.81060606
264 478 0.912181767 0.000912181767 1.81060606
264 478 0.912191602 0.000912191602 1.81060606
263 476 0.897877224 0.000897877224 1.80988593
263 476 0.897289701 0.000897289701 1.80988593
263 474 0.907193595 0.000907193595 1.80228137
263 474 0.917530704 0.000917530704 1.80228137
263 472 0.921763618 0.000921763618 1.79467681
263 472 0.921592361 0.000921592361 1.79467681
263 473 0.921218296 0.000921218296 1.79847909
263 473 0.921226509 0.000921226509 1.79847909
263 472 0.92154825 0.00092154825 1.79467681
263 472 0.921707109 0.000921707109 1.79467681
262 471 0.91144946 0.00091144946 1.79770992
262 471 0.911481108 0.000911481108 1.79770992
262 471 0.911458433 0.000911458433 1.79770992
262 471 0.911448009 0.000911448009 1.79770992
262 471 0.911443831 0.000911443831 1.79770992
262 471 0.911444157 0.000911444157 1.79770992
262 471 0.911442725 0.000911442725 1.79770992
262 471 0.911441669 0.000911441669 1.79770992
262 471 0.911440555 0.000911440555 1.79770992
262 471 0.911439793 0.000911439793 1.79770992
261 469 0.897119381 0.000897119381 1.79693487
261 469 0.896981003 0.000896981003 1.79693487
261 468 0.896209474 0.000896209474 1.79310345
261 468 0.898145406 0.000898145406 1.79310345
261 468 0.898106541 0.000898106541 1.79310345
261 468 0.898651708 0.000898651708 1.79310345
261 468 0.898351611 0.000898351611 1.79310345
261 468 0.898510183 0.000898510183 1.79310345
261 468 0.898300897 0.000898300897 1.79310345
261 468 0.89852415 0.00089852415 1.79310345
260 466 0.887476919 0.000887476919 1.79230769
260 466 0.887555556 0.000887555556 1.79230769
260 466 0.887820924 0.000887820924 1.79230769
260 466 0.887957812 0.000887957812 1.79230769
260 466 0.888031779 0.000888031779 1.79230769
260 466 0.888011887 0.000888011887 1.79230769
260 466 0.887971063 0.000887971063 1.79230769
260 466 0.887946045 0.000887946045 1.79230769
260 466 0.88794463 0.00088794463 1.79230769
260 466 0.887952768 0.000887952768 1.79230769
259 464 0.874502496 0.000874502496 1.79150579
259 464 0.874039146 0.000874039146 1.79150579
259 464 0.874042504 0.000874042504 1.79150579
259 464 0.873935808 0.000873935808 1.79150579
259 464 0.873966836 0.000873966836 1.79150579
259 464 0.87397258 0.00087397258 1.79150579
259 464 0.87397109 0.00087397109 1.79150579
259 464 0.873973158 0.000873973158 1.79150579
259 464 0.873974991 0.000873974991 1.79150579
259 464 0.873975825 0.000873975825 1.79150579
258 463 0.858382746 0.000858382746 1.79457364
258 458 0.870210009 0.000870210009 1.7751938
258 459 0.881440764 0.000881440764 1.77906977
258 459 0.881069183 0.000881069183 1.77906977
258 459 0.881243207 0.000881243207 1.77906977
258 459 0.88087943 0.00088087943 1.77906977
258 459 0.881058664 0.000881058664 1.77906977
258 459 0.880842979 0.000880842979 1.77906977
258 459 0.881060609 0.000881060609 1.77906977
258 459 0.880846698 0.000880846698 1.77906977
257 457 0.869286466 0.000869286466 1.77821012
257 457 0.869970066 0.000869970066 1.77821012
257 457 0.870252529 0.000870252529 1.77821012
257 457 0.870688219 0.000870688219 1.77821012
257 457 0.870719713 0.000870719713 1.77821012
257 457 0.870584661 0.000870584661 1.77821012
257 457 0.870019319 0.000870019319 1.77821012
257 457 0.869708352 0.000869708352 1.77821012
257 457 0.870363757 0.000870363757 1.77821012
257 457 0.870652388 0.000870652388 1.77821012
256 455 0.8584149 0.0008584149 1.77734375
256 455 0.857680324 0.000857680324 1.77734375
256 455 0.857691549 0.000857691549 1.77734375
256 455 0.857772735 0.000857772735 1.77734375
256 455 0.857817494 0.000857817494 1.77734375
256 455 0.857791856 0.000857791856 1.77734375
256 455 0.857810841 0.000857810841 1.77734375
256 455 0.857792965 0.000857792965 1.77734375
256 455 0.857814526 0.000857814526 1.77734375
256 455 0.857795673 0.000857795673 1.77734375
255 454 0.842290633 0.000842290633 1.78039216
255 452 0.854724306 0.000854724306 1.77254902
255 452 0.855122368 0.000855122368 1.77254902
255 452 0.855521829 0.000855521829 1.77254902
255 452 0.855507866 0.000855507866 1.77254902
255 452 0.854730069 0.000854730069 1.77254902
255 452 0.854371981 0.000854371981 1.77254902
255 452 0.855134038 0.000855134038 1.77254902
255 452 0.855489763 0.000855489763 1.77254902
255 452 0.855540992 0.000855540992 1.77254902
254 450 0.842930491 0.000842930491 1.77165354
254 450 0.842372164 0.000842372164 1.77165354
254 450 0.842177762 0.000842177762 1.77165354
254 450 0.842214087 0.000842214087 1.77165354
254 450 0.842207408 0.000842207408 1.77165354
254 450 0.842214485 0.000842214485 1.77165354
254 450 0.842213924 0.000842213924 1.77165354
254 450 0.842216973 0.000842216973 1.77165354
254 450 0.842218269 0.000842218269 1.77165354
254 450 0.842219047 0.000842219047 1.77165354
253 449 0.826873456 0.000826873456 1.77470356
253 449 0.826839467 0.000826839467 1.77470356
253 449 0.826832534 0.000826832534 1.77470356
253 449 0.826858514 0.000826858514 1.77470356
253 449 0.82686449 0.00082686449 1.77470356
253 449 0.826869325 0.000826869325 1.77470356
253 449 0.826976873 0.000826976873 1.77470356
253 449 0.826715738 0.000826715738 1.77470356
253 449 0.826829616 0.000826829616 1.77470356
253 449 0.826833983 0.000826833983 1.77470356
252 447 0.810666165 0.000810666165 1.77380952
252 447 0.810742276 0.000810742276 1.77380952
252 447 0.810784443 0.000810784443 1.77380952
252 447 0.810655731 0.000810655731 1.77380952
252 447 0.810804318 0.000810804318 1.77380952
252 447 0.810798369 0.000810798369 1.77380952
252 447 0.81080743 0.00081080743 1.77380952
252 447 0.810812805 0.000810812805 1.77380952
252 447 0.810811215 0.000810811215 1.77380952
252 447 0.8108093 0.0008108093 1.77380952
251 445 0.796641487 0.000796641487 1.77290837
251 445 0.79675092 0.00079675092 1.77290837
251 445 0.796570876 0.000796570876 1.77290837
251 445 0.79664418 0.00079664418 1.77290837
251 445 0.796668698 0.000796668698 1.77290837
251 445 0.796644101 0.000796644101 1.77290837
251 445 0.796639303 0.000796639303 1.77290837
251 445 0.79664383 0.00079664383 1.77290837
251 445 0.796644033 0.000796644033 1.77290837
251 445 0.796644043 0.000796644043 1.77290837
250 444 0.780521505 0.000780521505 1.776
250 444 0.780604955 0.000780604955 1.776
250 440 0.780081963 0.000780081963 1.76
250 444 0.780164693 0.000780164693 1.776
250 444 0.780309941 0.000780309941 1.776
250 444 0.780299958 0.000780299958 1.776
250 440 0.779903823 0.000779903823 1.76
250 444 0.780289795 0.000780289795 1.776
250 444 0.780317597 0.000780317597 1.776
250 444 0.780287996 0.000780287996 1.776
249 439 0.764204836 0.000764204836 1.76305221
249 439 0.778595277 0.000778595277 1.76305221
249 439 0.794506959 0.000794506959 1.76305221
249 439 0.795060084 0.000795060084 1.76305221
249 439 0.794355568 0.000794355568 1.76305221
249 439 0.794390405 0.000794390405 1.76305221
249 439 0.794298222 0.000794298222 1.76305221
249 439 0.794535526 0.000794535526 1.76305221
249 439 0.794318448 0.000794318448 1.76305221
249 439 0.79438979 0.00079438979 1.76305221
248 438 0.778665011 0.000778665011 1.76612903
248 438 0.778869509 0.000778869509 1.76612903
248 438 0.778975612 0.000778975612 1.76612903
248 437 0.792010343 0.000792010343 1.76209677
248 435 0.803818082 0.000803818082 1.75403226
248 436 0.812474248 0.000812474248 1.75806452
248 433 0.82099485 0.00082099485 1.74596774
248 432 0.828610689 0.000828610689 1.74193548
248 433 0.843809879 0.000843809879 1.74596774
248 434 0.850478908 0.000850478908 1.75
247 432 0.843256712 0.000843256712 1.74898785
247 432 0.843222273 0.000843222273 1.74898785
247 432 0.843034867 0.000843034867 1.74898785
247 432 0.842917007 0.000842917007 1.74898785
247 432 0.842820858 0.000842820858 1.74898785
247 432 0.842741827 0.000842741827 1.74898785
247 432 0.842683525 0.000842683525 1.74898785
247 432 0.8426388 0.0008426388 1.74898785
247 432 0.84260425 0.00084260425 1.74898785
247 432 0.842577801 0.000842577801 1.74898785
246 428 0.83556597 0.00083556597 1.7398374
246 428 0.835433757 0.000835433757 1.7398374
246 428 0.835678361 0.000835678361 1.7398374
246 431 0.835084222 0.000835084222 1.75203252
246 428 0.835544844 0.000835544844 1.7398374
246 428 0.835463013 0.000835463013 1.7398374
246 428 0.835512725 0.000835512725 1.7398374
246 428 0.83557655 0.00083557655 1.7398374
246 428 0.835534558 0.000835534558 1.7398374
246 428 0.83554324 0.00083554324 1.7398374
245 427 0.828341533 0.000828341533 1.74285714
245 426 0.828256668 0.000828256668 1.73877551
245 427 0.82841385 0.00082841385 1.74285714
245 427 0.82835888 0.00082835888 1.74285714
245 426 0.828343755 0.000828343755 1.73877551
245 427 0.828370515 0.000828370515 1.74285714
245 426 0.828260111 0.000828260111 1.73877551
245 427 0.828474651 0.000828474651 1.74285714
245 426 0.828289517 0.000828289517 1.73877551
245 427 0.828397677 0.000828397677 1.74285714
244 425 0.821156772 0.000821156772 1.74180328
244 425 0.821110044 0.000821110044 1.74180328
244 425 0.821174018 0.000821174018 1.74180328
244 425 0.821237111 0.000821237111 1.74180328
244 425 0.821169634 0.000821169634 1.74180328
244 425 0.821156139 0.000821156139 1.74180328
244 425 0.821162124 0.000821162124 1.74180328
244 425 0.821168138 0.000821168138 1.74180328
244 425 0.821168435 0.000821168435 1.74180328
244 425 0.821166785 0.000821166785 1.74180328
243 424 0.81334819 0.00081334819 1.74485597
243 424 0.814776331 0.000814776331 1.74485597
243 427 0.825267477 0.000825267477 1.75720165
243 427 0.825241317 0.000825241317 1.75720165
243 427 0.825153941 0.000825153941 1.75720165
243 427 0.825208241 0.000825208241 1.75720165
243 427 0.825175397 0.000825175397 1.75720165
243 427 0.825169407 0.000825169407 1.75720165
243 427 0.825137468 0.000825137468 1.75720165
243 427 0.825155247 0.000825155247 1.75720165
242 423 0.818222118 0.000818222118 1.74793388
242 425 0.818125592 0.000818125592 1.75619835
242 423 0.818270312 0.000818270312 1.74793388
242 423 0.818254077 0.000818254077 1.74793388
242 423 0.818132204 0.000818132204 1.74793388
242 423 0.818058065 0.000818058065 1.74793388
242 423 0.818224333 0.000818224333 1.74793388
242 425 0.818149967 0.000818149967 1.75619835
242 423 0.818284146 0.000818284146 1.74793388
242 423 0.818158175 0.000818158175 1.74793388
241 421 0.811327637 0.000811327637 1.74688797
241 421 0.811289228 0.000811289228 1.74688797
241 421 0.81135807 0.00081135807 1.74688797
241 421 0.811290432 0.000811290432 1.74688797
241 421 0.811276207 0.000811276207 1.74688797
241 421 0.811282868 0.000811282868 1.74688797
241 421 0.811283275 0.000811283275 1.74688797
241 421 0.811292272 0.000811292272 1.74688797
241 421 0.811323708 0.000811323708 1.74688797
241 422 0.811096748 0.000811096748 1.75103734
240 420 0.804255476 0.000804255476 1.75
240 420 0.804286595 0.000804286595 1.75
240 420 0.804347578 0.000804347578 1.75
240 420 0.804401954 0.000804401954 1.75
240 420 0.804472966 0.000804472966 1.75
240 420 0.804459617 0.000804459617 1.75
240 420 0.804443902 0.000804443902 1.75
240 420 0.804439194 0.000804439194 1.75
240 420 0.804436526 0.000804436526 1.75
240 420 0.8044406 0.0008044406 1.75
239 419 0.796148426 0.000796148426 1.75313808
239 419 0.796095222 0.000796095222 1.75313808
239 419 0.796094597 0.000796094597 1.75313808
239 419 0.79613254 0.00079613254 1.75313808
239 419 0.796164036 0.000796164036 1.75313808
239 419 0.796174193 0.000796174193 1.75313808
239 419 0.796173159 0.000796173159 1.75313808
239 419 0.796172385 0.000796172385 1.75313808
239 419 0.796172015 0.000796172015 1.75313808
239 419 0.796171185 0.000796171185 1.75313808
238 417 0.787506856 0.000787506856 1.75210084
238 417 0.787590635 0.000787590635 1.75210084
238 417 0.787586129 0.000787586129 1.75210084
238 416 0.794652639 0.000794652639 1.74789916
238 416 0.794697862 0.000794697862 1.74789916
238 416 0.794774128 0.000794774128 1.74789916
238 416 0.794819124 0.000794819124 1.74789916
238 416 0.794849274 0.000794849274 1.74789916
238 416 0.794838935 0.000794838935 1.74789916
238 416 0.794830484 0.000794830484 1.74789916
237 415 0.786522155 0.000786522155 1.75105485
237 415 0.786464258 0.000786464258 1.75105485
237 415 0.786448051 0.000786448051 1.75105485
237 415 0.786488356 0.000786488356 1.75105485
237 415 0.786523714 0.000786523714 1.75105485
237 415 0.786534778 0.000786534778 1.75105485
237 415 0.786533692 0.000786533692 1.75105485
237 415 0.786533314 0.000786533314 1.75105485
237 415 0.786533522 0.000786533522 1.75105485
237 415 0.786532982 0.000786532982 1.75105485
236 413 0.7776897 0.0007776897 1.75
236 411 0.782557566 0.000782557566 1.74152542
236 411 0.782704016 0.000782704016 1.74152542
236 411 0.782757761 0.000782757761 1.74152542
236 411 0.782960362 0.000782960362 1.74152542
236 411 0.782989051 0.000782989051 1.74152542
236 411 0.783011421 0.000783011421 1.74152542
236 411 0.782992088 0.000782992088 1.74152542
236 411 0.782979527 0.000782979527 1.74152542
236 411 0.782979018 0.000782979018 1.74152542
235 410 0.774344097 0.000774344097 1.74468085
235 410 0.774280242 0.000774280242 1.74468085
235 410 0.774281207 0.000774281207 1.74468085
235 410 0.774329977 0.000774329977 1.74468085
235 410 0.774363359 0.000774363359 1.74468085
235 410 0.774370644 0.000774370644 1.74468085
235 410 0.774365058 0.000774365058 1.74468085
235 410 0.774362121 0.000774362121 1.74468085
235 410 0.774361617 0.000774361617 1.74468085
235 410 0.774360749 0.000774360749 1.74468085
234 408 0.76555578 0.00076555578 1.74358974
234 408 0.765514792 0.000765514792 1.74358974
234 408 0.766218324 0.000766218324 1.74358974
234 408 0.766503578 0.000766503578 1.74358974
234 408 0.766376204 0.000766376204 1.74358974
234 408 0.766230387 0.000766230387 1.74358974
234 408 0.766183899 0.000766183899 1.74358974
234 408 0.766188968 0.000766188968 1.74358974
234 408 0.766207607 0.000766207607 1.74358974
234 408 0.766220862 0.000766220862 1.74358974
233 406 0.754960159 0.000754960159 1.74248927
233 406 0.754301419 0.000754301419 1.74248927
233 406 0.754485172 0.000754485172 1.74248927
233 406 0.754252113 0.000754252113 1.74248927
233 406 0.754258084 0.000754258084 1.74248927
233 406 0.754318682 0.000754318682 1.74248927
233 406 0.754322368 0.000754322368 1.74248927
233 406 0.754249696 0.000754249696 1.74248927
233 406 0.754334617 0.000754334617 1.74248927
233 406 0.754326751 0.000754326751 1.74248927
232 404 0.741234232 0.000741234232 1.74137931
232 404 0.741214435 0.000741214435 1.74137931
232 404 0.741243029 0.000741243029 1.74137931
232 404 0.741231289 0.000741231289 1.74137931
232 404 0.741241174 0.000741241174 1.74137931
232 404 0.741241041 0.000741241041 1.74137931
232 404 0.74124331 0.00074124331 1.74137931
232 404 0.741245853 0.000741245853 1.74137931
232 404 0.741247069 0.000741247069 1.74137931
232 404 0.74124841 0.00074124841 1.74137931
231 403 0.727444864 0.000727444864 1.74458874
231 403 0.727715179 0.000727715179 1.74458874
231 403 0.727253064 0.000727253064 1.74458874
231 403 0.727318305 0.000727318305 1.74458874
231 403 0.727378126 0.000727378126 1.74458874
231 403 0.727368409 0.000727368409 1.74458874
231 403 0.727373098 0.000727373098 1.74458874
231 403 0.727355266 0.000727355266 1.74458874
231 403 0.727379119 0.000727379119 1.74458874
231 403 0.727357332 0.000727357332 1.74458874
230 402 0.712612646 0.000712612646 1.74782609
230 398 0.712728812 0.000712728812 1.73043478
230 402 0.71253118 0.00071253118 1.74782609
230 398 0.712375829 0.000712375829 1.73043478
230 402 0.712634102 0.000712634102 1.74782609
230 398 0.712380257 0.000712380257 1.73043478
230 402 0.712662087 0.000712662087 1.74782609
230 398 0.712457785 0.000712457785 1.73043478
230 402 0.712601038 0.000712601038 1.74782609
230 398 0.712610684 0.000712610684 1.73043478
229 397 0.698321608 0.000698321608 1.73362445
229 397 0.698935369 0.000698935369 1.73362445
229 398 0.724784472 0.000724784472 1.73799127
229 398 0.725469865 0.000725469865 1.73799127
229 398 0.725360014 0.000725360014 1.73799127
229 398 0.725431095 0.000725431095 1.73799127
229 398 0.725422001 0.000725422001 1.73799127
229 398 0.725423245 0.000725423245 1.73799127
229 398 0.725424143 0.000725424143 1.73799127
229 398 0.725424447 0.000725424447 1.73799127
228 397 0.71184502 0.00071184502 1.74122807
228 397 0.711850736 0.000711850736 1.74122807
228 397 0.711675109 0.000711675109 1.74122807
228 397 0.711744184 0.000711744184 1.74122807
228 397 0.711830644 0.000711830644 1.74122807
228 397 0.711674464 0.000711674464 1.74122807
228 397 0.71176158 0.00071176158 1.74122807
228 397 0.71172576 0.00071172576 1.74122807
228 397 0.711844569 0.000711844569 1.74122807
228 397 0.711679481 0.000711679481 1.74122807
227 396 0.69700555 0.00069700555 1.74449339
227 392 0.697405866 0.000697405866 1.72687225
227 396 0.697177113 0.000697177113 1.74449339
227 392 0.69713072 0.00069713072 1.72687225
227 392 0.697132668 0.000697132668 1.72687225
227 392 0.697153007 0.000697153007 1.72687225
227 392 0.697112637 0.000697112637 1.72687225
227 392 0.69711419 0.00069711419 1.72687225
227 392 0.697104807 0.000697104807 1.72687225
227 392 0.697103024 0.000697103024 1.72687225
226 391 0.682890406 0.000682890406 1.7300885
226 391 0.682827623 0.000682827623 1.7300885
226 391 0.682834323 0.000682834323 1.7300885
226 391 0.682850744 0.000682850744 1.7300885
226 391 0.682857148 0.000682857148 1.7300885
226 391 0.682861661 0.000682861661 1.7300885
226 391 0.682864831 0.000682864831 1.7300885
226 391 0.682866681 0.000682866681 1.7300885
226 391 0.682867722 0.000682867722 1.7300885
226 391 0.682868354 0.000682868354 1.7300885
225 390 0.667565138 0.000667565138 1.73333333
225 390 0.667522064 0.000667522064 1.73333333
225 393 0.679835612 0.000679835612 1.74666667
225 393 0.679901132 0.000679901132 1.74666667
225 393 0.679991952 0.000679991952 1.74666667
225 393 0.680048609 0.000680048609 1.74666667
225 393 0.680018465 0.000680018465 1.74666667
225 393 0.679986212 0.000679986212 1.74666667
225 393 0.679977154 0.000679977154 1.74666667
225 393 0.679980382 0.000679980382 1.74666667
224 388 0.6656355 0.0006656355 1.73214286
224 388 0.665828949 0.000665828949 1.73214286
224 388 0.665675722 0.000665675722 1.73214286
224 388 0.665681758 0.000665681758 1.73214286
224 388 0.665688591 0.000665688591 1.73214286
224 388 0.665697917 0.000665697917 1.73214286
224 388 0.665702396 0.000665702396 1.73214286
224 388 0.665704771 0.000665704771 1.73214286
224 388 0.665706154 0.000665706154 1.73214286
224 388 0.665707008 0.000665707008 1.73214286
223 387 0.650064438 0.000650064438 1.73542601
223 387 0.650052629 0.000650052629 1.73542601
223 387 0.650065749 0.000650065749 1.73542601
223 387 0.650128385 0.000650128385 1.73542601
223 387 0.650139578 0.000650139578 1.73542601
223 387 0.650134761 0.000650134761 1.73542601
223 387 0.650136438 0.000650136438 1.73542601
223 387 0.650142601 0.000650142601 1.73542601
223 387 0.650143406 0.000650143406 1.73542601
223 387 0.650144634 0.000650144634 1.73542601
222 386 0.633534803 0.000633534803 1.73873874
222 383 0.634421084 0.000634421084 1.72522523
222 383 0.634426774 0.000634426774 1.72522523
222 383 0.634406862 0.000634406862 1.72522523
222 383 0.634426705 0.000634426705 1.72522523
222 383 0.634439223 0.000634439223 1.72522523
222 383 0.634442563 0.000634442563 1.72522523
222 383 0.634442426 0.000634442426 1.72522523
222 383 0.634441633 0.000634441633 1.72522523
222 383 0.634441055 0.000634441055 1.72522523
221 382 0.618595562 0.000618595562 1.72850679
221 382 0.618892263 0.000618892263 1.72850679
221 382 0.632639494 0.000632639494 1.72850679
221 385 0.674584772 0.000674584772 1.74208145
221 386 0.681305283 0.000681305283 1.74660633
221 383 0.683248677 0.000683248677 1.73303167
221 383 0.682774615 0.000682774615 1.73303167
221 383 0.682595259 0.000682595259 1.73303167
221 383 0.682583069 0.000682583069 1.73303167
221 383 0.682565713 0.000682565713 1.73303167
220 381 0.677248971 0.000677248971 1.73181818
220 381 0.677109235 0.000677109235 1.73181818
220 381 0.677085521 0.000677085521 1.73181818
220 381 0.677046445 0.000677046445 1.73181818
220 381 0.677055574 0.000677055574 1.73181818
220 381 0.677034944 0.000677034944 1.73181818
220 381 0.677012018 0.000677012018 1.73181818
220 381 0.677033963 0.000677033963 1.73181818
220 381 0.677020996 0.000677020996 1.73181818
220 381 0.677002625 0.000677002625 1.73181818
219 379 0.670730539 0.000670730539 1.73059361
219 379 0.670798002 0.000670798002 1.73059361
219 379 0.670787181 0.000670787181 1.73059361
219 379 0.670781787 0.000670781787 1.73059361
219 379 0.670746075 0.000670746075 1.73059361
219 379 0.670745439 0.000670745439 1.73059361
219 379 0.670760708 0.000670760708 1.73059361
219 379 0.670762821 0.000670762821 1.73059361
219 379 0.670768519 0.000670768519 1.73059361
219 379 0.670770894 0.000670770894 1.73059361
218 378 0.663940731 0.000663940731 1.73394495
218 375 0.663962944 0.000663962944 1.72018349
218 378 0.664090748 0.000664090748 1.73394495
218 375 0.663975666 0.000663975666 1.72018349
218 378 0.664073633 0.000664073633 1.73394495
218 375 0.66408582 0.00066408582 1.72018349
218 378 0.664156593 0.000664156593 1.73394495
218 375 0.664035513 0.000664035513 1.72018349
218 378 0.664121791 0.000664121791 1.73394495
218 375 0.663982903 0.000663982903 1.72018349
217 374 0.656947481 0.000656947481 1.7235023
217 374 0.657179212 0.000657179212 1.7235023
217 374 0.656909562 0.000656909562 1.7235023
217 374 0.657145531 0.000657145531 1.7235023
217 374 0.65718476 0.00065718476 1.7235023
217 374 0.65710473 0.00065710473 1.7235023
217 374 0.657177041 0.000657177041 1.7235023
217 374 0.657118774 0.000657118774 1.7235023
217 374 0.657184893 0.000657184893 1.7235023
217 374 0.657116293 0.000657116293 1.7235023
216 372 0.649998483 0.000649998483 1.72222222
216 372 0.649813718 0.000649813718 1.72222222
216 372 0.649825141 0.000649825141 1.72222222
216 372 0.649822366 0.000649822366 1.72222222
216 372 0.649822466 0.000649822466 1.72222222
216 372 0.649823304 0.000649823304 1.72222222
216 372 0.649824451 0.000649824451 1.72222222
216 372 0.649825183 0.000649825183 1.72222222
216 372 0.649825675 0.000649825675 1.72222222
216 372 0.649826078 0.000649826078 1.72222222
215 371 0.639578651 0.000639578651 1.7255814
215 371 0.639819376 0.000639819376 1.7255814
215 371 0.640291432 0.000640291432 1.7255814
215 371 0.640476495 0.000640476495 1.7255814
215 371 0.640385061 0.000640385061 1.7255814
215 371 0.640297865 0.000640297865 1.7255814
215 371 0.640279187 0.000640279187 1.7255814
215 371 0.640287363 0.000640287363 1.7255814
215 371 0.640298893 0.000640298893 1.7255814
215 371 0.640303103 0.000640303103 1.7255814
214 369 0.629431649 0.000629431649 1.72429907
214 369 0.635699737 0.000635699737 1.72429907
214 370 0.643412806 0.000643412806 1.72897196
214 368 0.646148556 0.000646148556 1.71962617
214 368 0.646005851 0.000646005851 1.71962617
214 368 0.646075596 0.000646075596 1.71962617
214 368 0.645943241 0.000645943241 1.71962617
214 368 0.646068698 0.000646068698 1.71962617
214 368 0.645937067 0.000645937067 1.71962617
214 368 0.646063915 0.000646063915 1.71962617
213 364 0.638592276 0.000638592276 1.70892019
213 366 0.638595624 0.000638595624 1.71830986
213 364 0.638566276 0.000638566276 1.70892019
213 366 0.638499951 0.000638499951 1.71830986
213 364 0.638490474 0.000638490474 1.70892019
213 366 0.638480835 0.000638480835 1.71830986
213 364 0.638483396 0.000638483396 1.70892019
213 366 0.638480044 0.000638480044 1.71830986
213 364 0.638481761 0.000638481761 1.70892019
213 366 0.638482314 0.000638482314 1.71830986
212 362 0.631180933 0.000631180933 1.70754717
212 362 0.631182673 0.000631182673 1.70754717
212 362 0.631253736 0.000631253736 1.70754717
212 362 0.631221063 0.000631221063 1.70754717
212 362 0.631225516 0.000631225516 1.70754717
212 362 0.631225838 0.000631225838 1.70754717
212 362 0.631226938 0.000631226938 1.70754717
212 362 0.631227919 0.000631227919 1.70754717
212 362 0.631228468 0.000631228468 1.70754717
212 362 0.631228976 0.000631228976 1.70754717
211 361 0.6211166 0.0006211166 1.71090047
211 361 0.621419394 0.000621419394 1.71090047
211 361 0.62107977 0.00062107977 1.71090047
211 361 0.622114336 0.000622114336 1.71090047
211 361 0.622516351 0.000622516351 1.71090047
211 361 0.622362923 0.000622362923 1.71090047
211 361 0.622236293 0.000622236293 1.71090047
211 361 0.622193192 0.000622193192 1.71090047
211 361 0.622204973 0.000622204973 1.71090047
211 361 0.622220748 0.000622220748 1.71090047
210 359 0.610682892 0.000610682892 1.70952381
210 359 0.609803606 0.000609803606 1.70952381
210 359 0.609526783 0.000609526783 1.70952381
210 359 0.609460043 0.000609460043 1.70952381
210 359 0.609510356 0.000609510356 1.70952381
210 359 0.609521986 0.000609521986 1.70952381
210 359 0.609521552 0.000609521552 1.70952381
210 359 0.609524021 0.000609524021 1.70952381
210 359 0.609525334 0.000609525334 1.70952381
210 359 0.609525945 0.000609525945 1.70952381
209 358 0.594985955 0.000594985955 1.71291866
209 358 0.594901701 0.000594901701 1.71291866
209 358 0.594685623 0.000594685623 1.71291866
209 358 0.594740894 0.000594740894 1.71291866
209 358 0.59475375 0.00059475375 1.71291866
209 358 0.594766086 0.000594766086 1.71291866
209 358 0.594769082 0.000594769082 1.71291866
209 358 0.594771477 0.000594771477 1.71291866
209 358 0.594773373 0.000594773373 1.71291866
209 358 0.594774699 0.000594774699 1.71291866
208 357 0.578930204 0.000578930204 1.71634615
208 354 0.580014277 0.000580014277 1.70192308
208 354 0.580074781 0.000580074781 1.70192308
208 354 0.580024893 0.000580024893 1.70192308
208 354 0.580038602 0.000580038602 1.70192308
208 354 0.580051167 0.000580051167 1.70192308
208 354 0.580055652 0.000580055652 1.70192308
208 354 0.580056758 0.000580056758 1.70192308
208 354 0.580056788 0.000580056788 1.70192308
208 354 0.580056622 0.000580056622 1.70192308
207 353 0.565171625 0.000565171625 1.70531401
207 353 0.564920628 0.000564920628 1.70531401
207 353 0.565214689 0.000565214689 1.70531401
207 353 0.565092068 0.000565092068 1.70531401
207 353 0.56533388 0.00056533388 1.70531401
207 353 0.565028056 0.000565028056 1.70531401
207 353 0.565332614 0.000565332614 1.70531401
207 353 0.565077298 0.000565077298 1.70531401
207 353 0.565326714 0.000565326714 1.70531401
207 353 0.565080537 0.000565080537 1.70531401
206 350 0.54806774 0.00054806774 1.69902913
206 351 0.54755901 0.00054755901 1.7038835
206 350 0.547899776 0.000547899776 1.69902913
206 351 0.547735349 0.000547735349 1.7038835
206 350 0.547580793 0.000547580793 1.69902913
206 351 0.547507413 0.000547507413 1.7038835
206 350 0.547859705 0.000547859705 1.69902913
206 351 0.547736667 0.000547736667 1.7038835
206 350 0.547582042 0.000547582042 1.69902913
206 351 0.54750948 0.00054750948 1.7038835
205 348 0.530510096 0.000530510096 1.69756098
205 348 0.530827117 0.000530827117 1.69756098
205 348 0.530926571 0.000530926571 1.69756098
205 348 0.530919761 0.000530919761 1.69756098
205 348 0.530905309 0.000530905309 1.69756098
205 348 0.530921116 0.000530921116 1.69756098
205 348 0.530918985 0.000530918985 1.69756098
205 348 0.530917763 0.000530917763 1.69756098
205 348 0.530920615 0.000530920615 1.69756098
205 348 0.530918027 0.000530918027 1.69756098
204 346 0.512227029 0.000512227029 1.69607843
204 348 0.523324652 0.000523324652 1.70588235
204 347 0.522619012 0.000522619012 1.70098039
204 348 0.523379344 0.000523379344 1.70588235
204 348 0.523462977 0.000523462977 1.70588235
204 348 0.52338262 0.00052338262 1.70588235
204 348 0.523438758 0.000523438758 1.70588235
204 347 0.522719827 0.000522719827 1.70098039
204 348 0.523614994 0.000523614994 1.70588235
204 348 0.523485983 0.000523485983 1.70588235
203 345 0.506706114 0.000506706114 1.69950739
203 346 0.505947206 0.000505947206 1.7044335
203 345 0.506835375 0.000506835375 1.69950739
203 345 0.507007414 0.000507007414 1.69950739
203 346 0.506142826 0.000506142826 1.7044335
203 346 0.506073122 0.000506073122 1.7044335
203 345 0.507044979 0.000507044979 1.69950739
203 345 0.50702878 0.00050702878 1.69950739
203 346 0.505773669 0.000505773669 1.7044335
203 345 0.507066488 0.000507066488 1.69950739
202 343 0.48995631 0.00048995631 1.6980198
202 343 0.490196485 0.000490196485 1.6980198
202 343 0.490097583 0.000490097583 1.6980198
202 343 0.489872329 0.000489872329 1.6980198
202 343 0.489869295 0.000489869295 1.6980198
202 343 0.490057902 0.000490057902 1.6980198
202 343 0.490123197 0.000490123197 1.6980198
202 343 0.490126241 0.000490126241 1.6980198
202 343 0.490115263 0.000490115263 1.6980198
202 343 0.490110409 0.000490110409 1.6980198
201 339 0.471052469 0.000471052469 1.68656716
201 339 0.474425151 0.000474425151 1.68656716
201 338 0.476182292 0.000476182292 1.68159204
201 337 0.477923672 0.000477923672 1.67661692
201 337 0.478899633 0.000478899633 1.67661692
201 337 0.479081765 0.000479081765 1.67661692
201 337 0.478989514 0.000478989514 1.67661692
201 337 0.479000187 0.000479000187 1.67661692
201 337 0.479130325 0.000479130325 1.67661692
201 337 0.479085826 0.000479085826 1.67661692
200 335 0.464790128 0.000464790128 1.675
200 335 0.464977148 0.000464977148 1.675
200 335 0.464760598 0.000464760598 1.675
200 335 0.465012443 0.000465012443 1.675
200 335 0.464927892 0.000464927892 1.675
200 335 0.464926401 0.000464926401 1.675
200 335 0.464989652 0.000464989652 1.675
200 335 0.464937488 0.000464937488 1.675
200 335 0.464961721 0.000464961721 1.675
200 335 0.464955193 0.000464955193 1.675
199 331 0.44863668 0.00044863668 1.66331658
199 331 0.448617414 0.000448617414 1.66331658
199 331 0.448045788 0.000448045788 1.66331658
199 333 0.448191653 0.000448191653 1.67336683
199 333 0.448251587 0.000448251587 1.67336683
199 331 0.448479851 0.000448479851 1.66331658
199 331 0.448159303 0.000448159303 1.66331658
199 333 0.44812548 0.00044812548 1.67336683
199 331 0.448718955 0.000448718955 1.66331658
199 331 0.448591631 0.000448591631 1.66331658
198 328 0.430327532 0.000430327532 1.65656566
198 329 0.431471955 0.000431471955 1.66161616
198 329 0.431140754 0.000431140754 1.66161616
198 329 0.431252774 0.000431252774 1.66161616
198 329 0.431179898 0.000431179898 1.66161616
198 329 0.431355201 0.000431355201 1.66161616
198 328 0.430198565 0.000430198565 1.65656566
198 329 0.431275411 0.000431275411 1.66161616
198 329 0.431817924 0.000431817924 1.66161616
198 329 0.431410607 0.000431410607 1.66161616
197 325 0.412833572 0.000412833572 1.64974619
197 325 0.412250875 0.000412250875 1.64974619
197 326 0.413550589 0.000413550589 1.65482234
197 326 0.413708407 0.000413708407 1.65482234
197 326 0.41323141 0.00041323141 1.65482234
197 326 0.413337359 0.000413337359 1.65482234
197 326 0.413267715 0.000413267715 1.65482234
197 325 0.412492434 0.000412492434 1.64974619
197 326 0.413388809 0.000413388809 1.65482234
197 326 0.413376111 0.000413376111 1.65482234
196 322 0.395783816 0.000395783816 1.64285714
196 322 0.394125651 0.000394125651 1.64285714
196 324 0.400694574 0.000400694574 1.65306122
196 329 0.495557411 0.000495557411 1.67857143
196 329 0.513406992 0.000513406992 1.67857143
196 332 0.535461589 0.000535461589 1.69387755
196 333 0.543504275 0.000543504275 1.69897959
196 333 0.543854111 0.000543854111 1.69897959
196 333 0.543886087 0.000543886087 1.69897959
196 333 0.543619512 0.000543619512 1.69897959
195 332 0.537473245 0.000537473245 1.7025641
195 332 0.537703095 0.000537703095 1.7025641
195 332 0.537619273 0.000537619273 1.7025641
195 332 0.537673456 0.000537673456 1.7025641
195 332 0.53775022 0.00053775022 1.7025641
195 332 0.537708889 0.000537708889 1.7025641
195 332 0.537772749 0.000537772749 1.7025641
195 332 0.537743137 0.000537743137 1.7025641
195 332 0.537741555 0.000537741555 1.7025641
195 332 0.537751401 0.000537751401 1.7025641
194 328 0.529751601 0.000529751601 1.69072165
194 328 0.529682633 0.000529682633 1.69072165
194 328 0.529296344 0.000529296344 1.69072165
194 328 0.530127161 0.000530127161 1.69072165
194 328 0.529623585 0.000529623585 1.69072165
194 328 0.52898802 0.00052898802 1.69072165
194 330 0.529124391 0.000529124391 1.70103093
194 328 0.529651461 0.000529651461 1.69072165
194 328 0.530320418 0.000530320418 1.69072165
194 328 0.53068456 0.00053068456 1.69072165
193 326 0.520624024 0.000520624024 1.68911917
193 326 0.5204676 0.0005204676 1.68911917
193 326 0.520579978 0.000520579978 1.68911917
193 326 0.520470687 0.000520470687 1.68911917
193 326 0.520462385 0.000520462385 1.68911917
193 326 0.520474136 0.000520474136 1.68911917
193 326 0.520479811 0.000520479811 1.68911917
193 326 0.520476032 0.000520476032 1.68911917
193 326 0.520475407 0.000520475407 1.68911917
193 326 0.52047574 0.00052047574 1.68911917
192 322 0.507968697 0.000507968697 1.67708333
192 322 0.508030917 0.000508030917 1.67708333
192 322 0.507863325 0.000507863325 1.67708333
192 322 0.507895858 0.000507895858 1.67708333
192 322 0.507878344 0.000507878344 1.67708333
192 322 0.50788529 0.00050788529 1.67708333
192 322 0.507887427 0.000507887427 1.67708333
192 322 0.507886767 0.000507886767 1.67708333
192 322 0.507887977 0.000507887977 1.67708333
192 322 0.507888364 0.000507888364 1.67708333
191 321 0.495340167 0.000495340167 1.68062827
191 321 0.495633404 0.000495633404 1.68062827
191 321 0.495632883 0.000495632883 1.68062827
191 321 0.495085202 0.000495085202 1.68062827
191 321 0.495248723 0.000495248723 1.68062827
191 321 0.495148302 0.000495148302 1.68062827
191 321 0.495358519 0.000495358519 1.68062827
191 321 0.495535209 0.000495535209 1.68062827
191 321 0.495414697 0.000495414697 1.68062827
191 321 0.495231019 0.000495231019 1.68062827
190 318 0.478166152 0.000478166152 1.67368421
190 320 0.478437421 0.000478437421 1.68421053
190 319 0.478398327 0.000478398327 1.67894737
190 320 0.478658175 0.000478658175 1.68421053
190 320 0.478474636 0.000478474636 1.68421053
190 320 0.478662693 0.000478662693 1.68421053
190 320 0.478782664 0.000478782664 1.68421053
190 319 0.478256488 0.000478256488 1.67894737
190 320 0.478744905 0.000478744905 1.68421053
190 318 0.477648003 0.000477648003 1.67368421
189 317 0.462200415 0.000462200415 1.67724868
189 318 0.462667568 0.000462667568 1.68253968
189 317 0.462081042 0.000462081042 1.67724868
189 318 0.46256905 0.00046256905 1.68253968
189 318 0.462759461 0.000462759461 1.68253968
189 318 0.462766314 0.000462766314 1.68253968
189 318 0.462859079 0.000462859079 1.68253968
189 318 0.462786187 0.000462786187 1.68253968
189 318 0.462940478 0.000462940478 1.68253968
189 317 0.462197895 0.000462197895 1.67724868
188 316 0.447868566 0.000447868566 1.68085106
188 315 0.446528832 0.000446528832 1.67553191
188 316 0.447597926 0.000447597926 1.68085106
188 316 0.447904189 0.000447904189 1.68085106
188 316 0.447963687 0.000447963687 1.68085106
188 316 0.447966321 0.000447966321 1.68085106
188 316 0.447764665 0.000447764665 1.68085106
188 316 0.447665894 0.000447665894 1.68085106
188 316 0.447952627 0.000447952627 1.68085106
188 315 0.446543363 0.000446543363 1.67553191
187 313 0.431815349 0.000431815349 1.67379679
187 313 0.432087948 0.000432087948 1.67379679
187 313 0.432181634 0.000432181634 1.67379679
187 313 0.432205235 0.000432205235 1.67379679
187 313 0.43220965 0.00043220965 1.67379679
187 313 0.432216211 0.000432216211 1.67379679
187 313 0.432219405 0.000432219405 1.67379679
187 313 0.432127252 0.000432127252 1.67379679
187 313 0.432109193 0.000432109193 1.67379679
187 313 0.432115035 0.000432115035 1.67379679
186 309 0.413894754 0.000413894754 1.66129032
186 309 0.41383661 0.00041383661 1.66129032
186 310 0.41936594 0.00041936594 1.66666667
186 310 0.419401714 0.000419401714 1.66666667
186 310 0.419357395 0.000419357395 1.66666667
186 310 0.419098357 0.000419098357 1.66666667
186 310 0.419318197 0.000419318197 1.66666667
186 310 0.419048785 0.000419048785 1.66666667
186 310 0.418709876 0.000418709876 1.66666667
186 307 0.421621567 0.000421621567 1.65053763
185 305 0.40752973 0.00040752973 1.64864865
185 305 0.407878433 0.000407878433 1.64864865
185 305 0.407989728 0.000407989728 1.64864865
185 305 0.407796563 0.000407796563 1.64864865
185 305 0.407887866 0.000407887866 1.64864865
185 305 0.408044528 0.000408044528 1.64864865
185 305 0.407789591 0.000407789591 1.64864865
185 305 0.407869617 0.000407869617 1.64864865
185 305 0.407753969 0.000407753969 1.64864865
185 305 0.407817372 0.000407817372 1.64864865
184 303 0.393807858 0.000393807858 1.64673913
184 305 0.404386259 0.000404386259 1.6576087
184 304 0.404140467 0.000404140467 1.65217391
184 304 0.404004396 0.000404004396 1.65217391
184 304 0.404004825 0.000404004825 1.65217391
184 304 0.404048147 0.000404048147 1.65217391
184 304 0.404102117 0.000404102117 1.65217391
184 304 0.404074345 0.000404074345 1.65217391
184 304 0.404074393 0.000404074393 1.65217391
184 304 0.404080024 0.000404080024 1.65217391
183 302 0.39174049 0.00039174049 1.65027322
183 302 0.392274638 0.000392274638 1.65027322
183 302 0.391720843 0.000391720843 1.65027322
183 302 0.391323001 0.000391323001 1.65027322
183 302 0.391466426 0.000391466426 1.65027322
183 302 0.391440525 0.000391440525 1.65027322
183 302 0.391444968 0.000391444968 1.65027322
183 302 0.391462527 0.000391462527 1.65027322
183 302 0.391452829 0.000391452829 1.65027322
183 302 0.391456403 0.000391456403 1.65027322
182 301 0.378709506 0.000378709506 1.65384615
182 301 0.379349214 0.000379349214 1.65384615
182 301 0.379219109 0.000379219109 1.65384615
182 301 0.379185811 0.000379185811 1.65384615
182 301 0.379153848 0.000379153848 1.65384615
182 301 0.379156678 0.000379156678 1.65384615
182 301 0.37933644 0.00037933644 1.65384615
182 301 0.379229233 0.000379229233 1.65384615
182 301 0.379263131 0.000379263131 1.65384615
182 301 0.379167566 0.000379167566 1.65384615
181 299 0.36593597 0.00036593597 1.6519337
181 299 0.365683616 0.000365683616 1.6519337
181 299 0.365696809 0.000365696809 1.6519337
181 299 0.365743491 0.000365743491 1.6519337
181 299 0.365831228 0.000365831228 1.6519337
181 299 0.365617487 0.000365617487 1.6519337
181 299 0.365883412 0.000365883412 1.6519337
181 299 0.365827391 0.000365827391 1.6519337
181 299 0.365561795 0.000365561795 1.6519337
181 299 0.365901188 0.000365901188 1.6519337
180 296 0.348022861 0.000348022861 1.64444444
180 296 0.34830025 0.00034830025 1.64444444
180 296 0.348222043 0.000348222043 1.64444444
180 296 0.348126796 0.000348126796 1.64444444
180 296 0.348039271 0.000348039271 1.64444444
180 296 0.347963408 0.000347963408 1.64444444
180 296 0.348079696 0.000348079696 1.64444444
180 296 0.348210492 0.000348210492 1.64444444
180 296 0.348254587 0.000348254587 1.64444444
180 296 0.348241819 0.000348241819 1.64444444
179 293 0.32910568 0.00032910568 1.63687151
179 295 0.328455285 0.000328455285 1.64804469
179 297 0.387337746 0.000387337746 1.65921788
179 297 0.399969444 0.000399969444 1.65921788
179 297 0.399787635 0.000399787635 1.65921788
179 297 0.399278253 0.000399278253 1.65921788
179 297 0.399801786 0.000399801786 1.65921788
179 297 0.39962744 0.00039962744 1.65921788
179 297 0.399874256 0.000399874256 1.65921788
179 297 0.399366995 0.000399366995 1.65921788
178 296 0.388007039 0.000388007039 1.66292135
178 295 0.387492067 0.000387492067 1.65730337
178 295 0.388023316 0.000388023316 1.65730337
178 295 0.388030086 0.000388030086 1.65730337
178 299 0.39530682 0.00039530682 1.67977528
178 299 0.395273905 0.000395273905 1.67977528
178 299 0.395180272 0.000395180272 1.67977528
178 299 0.395163325 0.000395163325 1.67977528
178 299 0.395144439 0.000395144439 1.67977528
178 299 0.395068865 0.000395068865 1.67977528
177 295 0.387248386 0.000387248386 1.66666667
177 295 0.387290419 0.000387290419 1.66666667
177 295 0.38731499 0.00038731499 1.66666667
177 295 0.387198948 0.000387198948 1.66666667
177 295 0.386957925 0.000386957925 1.66666667
177 295 0.387464722 0.000387464722 1.66666667
177 295 0.387120327 0.000387120327 1.66666667
177 295 0.387533353 0.000387533353 1.66666667
177 295 0.387174336 0.000387174336 1.66666667
177 295 0.387574811 0.000387574811 1.66666667
176 291 0.378451037 0.000378451037 1.65340909
176 291 0.377766694 0.000377766694 1.65340909
176 291 0.377864196 0.000377864196 1.65340909
176 291 0.378228574 0.000378228574 1.65340909
176 291 0.378055935 0.000378055935 1.65340909
176 291 0.377821464 0.000377821464 1.65340909
176 291 0.377838763 0.000377838763 1.65340909
176 291 0.377535936 0.000377535936 1.65340909
176 291 0.378094286 0.000378094286 1.65340909
176 291 0.377924043 0.000377924043 1.65340909
175 290 0.367081971 0.000367081971 1.65714286
175 290 0.366606765 0.000366606765 1.65714286
175 290 0.367175322 0.000367175322 1.65714286
175 290 0.366409755 0.000366409755 1.65714286
175 290 0.3665761 0.0003665761 1.65714286
175 290 0.366316357 0.000366316357 1.65714286
175 290 0.366290325 0.000366290325 1.65714286
175 290 0.366272928 0.000366272928 1.65714286
175 290 0.366257097 0.000366257097 1.65714286
175 290 0.366259566 0.000366259566 1.65714286
174 289 0.354641355 0.000354641355 1.66091954
174 289 0.354648932 0.000354648932 1.66091954
174 288 0.354884449 0.000354884449 1.65517241
174 289 0.355409596 0.000355409596 1.66091954
174 289 0.354595875 0.000354595875 1.66091954
174 288 0.354893719 0.000354893719 1.65517241
174 289 0.355125775 0.000355125775 1.66091954
174 289 0.354632921 0.000354632921 1.66091954
174 288 0.354940551 0.000354940551 1.65517241
174 289 0.355152284 0.000355152284 1.66091954
173 287 0.343337955 0.000343337955 1.65895954
173 287 0.343196094 0.000343196094 1.65895954
173 287 0.343488511 0.000343488511 1.65895954
173 287 0.343257038 0.000343257038 1.65895954
173 287 0.343251166 0.000343251166 1.65895954
173 287 0.343340245 0.000343340245 1.65895954
173 287 0.343234901 0.000343234901 1.65895954
173 287 0.343345452 0.000343345452 1.65895954
173 287 0.343233403 0.000343233403 1.65895954
173 287 0.343344609 0.000343344609 1.65895954
172 285 0.326827733 0.000326827733 1.65697674
172 285 0.327022521 0.000327022521 1.65697674
172 285 0.326972292 0.000326972292 1.65697674
172 285 0.326853606 0.000326853606 1.65697674
172 285 0.326826611 0.000326826611 1.65697674
172 285 0.326828942 0.000326828942 1.65697674
172 285 0.326831379 0.000326831379 1.65697674
172 285 0.326832012 0.000326832012 1.65697674
172 285 0.326831301 0.000326831301 1.65697674
172 285 0.32683113 0.00032683113 1.65697674
171 282 0.306836008 0.000306836008 1.64912281
171 282 0.306490966 0.000306490966 1.64912281
171 282 0.306866692 0.000306866692 1.64912281
171 282 0.307451645 0.000307451645 1.64912281
171 282 0.307190734 0.000307190734 1.64912281
171 282 0.30715624 0.00030715624 1.64912281
171 282 0.307194069 0.000307194069 1.64912281
171 282 0.306733768 0.000306733768 1.64912281
171 282 0.306775825 0.000306775825 1.64912281
171 282 0.306951429 0.000306951429 1.64912281
170 279 0.284436812 0.000284436812 1.64117647
170 278 0.28395016 0.00028395016 1.63529412
170 280 0.304217545 0.000304217545 1.64705882
170 280 0.321059716 0.000321059716 1.64705882
170 280 0.321834374 0.000321834374 1.64705882
170 280 0.32040381 0.00032040381 1.64705882
170 280 0.320547982 0.000320547982 1.64705882
170 280 0.320475763 0.000320475763 1.64705882
170 280 0.320655833 0.000320655833 1.64705882
170 280 0.320996657 0.000320996657 1.64705882
169 277 0.30407364 0.00030407364 1.63905325
169 277 0.304286484 0.000304286484 1.63905325
169 277 0.304697183 0.000304697183 1.63905325
169 277 0.304600814 0.000304600814 1.63905325
169 277 0.304251181 0.000304251181 1.63905325
169 277 0.304481592 0.000304481592 1.63905325
169 277 0.304338857 0.000304338857 1.63905325
169 277 0.305186548 0.000305186548 1.63905325
169 277 0.304708383 0.000304708383 1.63905325
169 277 0.304371715 0.000304371715 1.63905325
168 275 0.286577818 0.000286577818 1.63690476
168 275 0.287990797 0.000287990797 1.63690476
168 273 0.299768228 0.000299768228 1.625
168 273 0.308096511 0.000308096511 1.625
168 273 0.308579588 0.000308579588 1.625
168 273 0.308345136 0.000308345136 1.625
168 273 0.308821802 0.000308821802 1.625
168 273 0.308273523 0.000308273523 1.625
168 273 0.30797912 0.00030797912 1.625
168 273 0.308349787 0.000308349787 1.625
167 269 0.298751144 0.000298751144 1.61077844
167 269 0.298852418 0.000298852418 1.61077844
167 269 0.298578911 0.000298578911 1.61077844
167 269 0.298703859 0.000298703859 1.61077844
167 269 0.2989661 0.0002989661 1.61077844
167 269 0.298932265 0.000298932265 1.61077844
167 269 0.298828104 0.000298828104 1.61077844
167 269 0.298825151 0.000298825151 1.61077844
167 269 0.298839934 0.000298839934 1.61077844
167 269 0.298820459 0.000298820459 1.61077844
166 267 0.286605194 0.000286605194 1.60843373
166 267 0.286975735 0.000286975735 1.60843373
166 267 0.287002149 0.000287002149 1.60843373
166 267 0.286439614 0.000286439614 1.60843373
166 267 0.28654633 0.00028654633 1.60843373
166 267 0.286463455 0.000286463455 1.60843373
166 267 0.286498351 0.000286498351 1.60843373
166 267 0.286472926 0.000286472926 1.60843373
166 267 0.286713279 0.000286713279 1.60843373
166 267 0.286236094 0.000286236094 1.60843373
165 266 0.273509863 0.000273509863 1.61212121
165 266 0.273663467 0.000273663467 1.61212121
165 266 0.273563962 0.000273563962 1.61212121
165 266 0.273123075 0.000273123075 1.61212121
165 266 0.27320582 0.00027320582 1.61212121
165 266 0.273965615 0.000273965615 1.61212121
165 266 0.273704644 0.000273704644 1.61212121
165 266 0.273621367 0.000273621367 1.61212121
165 266 0.273835825 0.000273835825 1.61212121
165 266 0.273798165 0.000273798165 1.61212121
164 264 0.253079597 0.000253079597 1.6097561
164 264 0.253128097 0.000253128097 1.6097561
164 264 0.253280663 0.000253280663 1.6097561
164 264 0.253106444 0.000253106444 1.6097561
164 264 0.25313651 0.00025313651 1.6097561
164 264 0.252766966 0.000252766966 1.6097561
164 264 0.25365538 0.00025365538 1.6097561
164 264 0.253436241 0.000253436241 1.6097561
164 264 0.25327822 0.00025327822 1.6097561
164 264 0.25334047 0.00025334047 1.6097561
163 261 0.231382548 0.000231382548 1.60122699
163 261 0.23214087 0.00023214087 1.60122699
163 261 0.232307909 0.000232307909 1.60122699
163 261 0.231771462 0.000231771462 1.60122699
163 261 0.232114241 0.000232114241 1.60122699
163 261 0.231630479 0.000231630479 1.60122699
163 261 0.231350426 0.000231350426 1.60122699
163 261 0.231957749 0.000231957749 1.60122699
163 261 0.231826232 0.000231826232 1.60122699
163 261 0.231417803 0.000231417803 1.60122699
162 258 0.210018339 0.000210018339 1.59259259
162 258 0.209374065 0.000209374065 1.59259259
162 258 0.209686467 0.000209686467 1.59259259
162 258 0.210768037 0.000210768037 1.59259259
162 258 0.20997253 0.00020997253 1.59259259
162 258 0.210239809 0.000210239809 1.59259259
162 258 0.210211685 0.000210211685 1.59259259
162 258 0.209741063 0.000209741063 1.59259259
162 258 0.209597456 0.000209597456 1.59259259
162 258 0.210136065 0.000210136065 1.59259259
161 257 0.185567207 0.000185567207 1.59627329
161 258 0.192817083 0.000192817083 1.60248447
161 253 0.238723379 0.000238723379 1.57142857
161 254 0.248732496 0.000248732496 1.57763975
161 256 0.249070508 0.000249070508 1.59006211
161 254 0.248895388 0.000248895388 1.57763975
161 256 0.249033737 0.000249033737 1.59006211
161 254 0.248664303 0.000248664303 1.57763975
161 256 0.249391776 0.000249391776 1.59006211
161 254 0.249088679 0.000249088679 1.57763975
160 252 0.239414868 0.000239414868 1.575
160 252 0.239050451 0.000239050451 1.575
160 252 0.239707972 0.000239707972 1.575
160 252 0.239345289 0.000239345289 1.575
160 252 0.239288351 0.000239288351 1.575
160 252 0.239093815 0.000239093815 1.575
160 252 0.239103878 0.000239103878 1.575
160 252 0.239657061 0.000239657061 1.575
160 252 0.238938194 0.000238938194 1.575
160 252 0.238777758 0.000238777758 1.575
159 251 0.226176058 0.000226176058 1.57861635
159 251 0.226761746 0.000226761746 1.57861635
159 251 0.226820241 0.000226820241 1.57861635
159 251 0.226539893 0.000226539893 1.57861635
159 251 0.22659416 0.00022659416 1.57861635
159 251 0.226405608 0.000226405608 1.57861635
159 251 0.226305099 0.000226305099 1.57861635
159 251 0.226288605 0.000226288605 1.57861635
159 251 0.226688921 0.000226688921 1.57861635
159 251 0.226744426 0.000226744426 1.57861635
158 249 0.205790825 0.000205790825 1.57594937
158 249 0.205979954 0.000205979954 1.57594937
158 249 0.205987851 0.000205987851 1.57594937
158 249 0.205845671 0.000205845671 1.57594937
158 249 0.206400459 0.000206400459 1.57594937
158 249 0.206115857 0.000206115857 1.57594937
158 249 0.205788004 0.000205788004 1.57594937
158 249 0.20598654 0.00020598654 1.57594937
158 249 0.206568226 0.000206568226 1.57594937
158 249 0.206741 0.000206741 1.57594937
157 247 0.183372316 0.000183372316 1.57324841
157 247 0.182307862 0.000182307862 1.57324841
157 246 0.182057391 0.000182057391 1.56687898
157 246 0.182216292 0.000182216292 1.56687898
157 246 0.182252481 0.000182252481 1.56687898
157 246 0.182188112 0.000182188112 1.56687898
157 246 0.182433344 0.000182433344 1.56687898
157 247 0.183173822 0.000183173822 1.57324841
157 246 0.18181125 0.00018181125 1.56687898
157 247 0.183546049 0.000183546049 1.57324841
156 244 0.159391724 0.000159391724 1.56410256
156 244 0.160098809 0.000160098809 1.56410256
156 244 0.160988063 0.000160988063 1.56410256
156 244 0.161000083 0.000161000083 1.56410256
156 244 0.160725103 0.000160725103 1.56410256
156 244 0.160027813 0.000160027813 1.56410256
156 244 0.160490475 0.000160490475 1.56410256
156 244 0.158651981 0.000158651981 1.56410256
156 244 0.16041421 0.00016041421 1.56410256
156 244 0.161793197 0.000161793197 1.56410256
155 243 0.134883373 0.000134883373 1.56774194
SP does not find any fixed points -> SP does not converge.
I am sorry I quit :(
