START ALGORITHM:
I am going to build an instance with N: 1000 variables and 4150 clauses with a clause density equal to 4.15
START BSP WITH r=0.9:
Decimation scorer: cert
END UNIT PROPAGATION
1000 4150 16.7064784 0.0167064784 4.15
1000 4150 16.7064674 0.0167064674 4.15
1000 4150 16.7064714 0.0167064714 4.15
1000 4150 16.706447 0.016706447 4.15
1000 4150 16.7064598 0.0167064598 4.15
1000 4150 16.7064592 0.0167064592 4.15
1000 4150 16.7064786 0.0167064786 4.15
1000 4150 16.7064882 0.0167064882 4.15
1000 4150 16.7064948 0.0167064948 4.15
999 4144 16.7064975 0.0167064975 4.14814815
999 4144 16.7065008 0.0167065008 4.14814815
999 4144 16.7065031 0.0167065031 4.14814815
999 4144 16.706505 0.016706505 4.14814815
999 4144 16.7065063 0.0167065063 4.14814815
999 4144 16.7065071 0.0167065071 4.14814815
999 4144 16.7065076 0.0167065076 4.14814815
999 4144 16.7065079 0.0167065079 4.14814815
999 4144 16.7065081 0.0167065081 4.14814815
999 4144 16.7065082 0.0167065082 4.14814815
998 4137 16.7065082 0.0167065082 4.14529058
998 4137 16.7065081 0.0167065081 4.14529058
998 4137 16.7065081 0.0167065081 4.14529058
998 4137 16.706508 0.016706508 4.14529058
998 4137 16.706508 0.016706508 4.14529058
998 4137 16.706508 0.016706508 4.14529058
998 4137 16.706508 0.016706508 4.14529058
998 4137 16.706508 0.016706508 4.14529058
998 4137 16.706508 0.016706508 4.14529058
998 4137 16.706508 0.016706508 4.14529058
997 4125 16.7058349 0.0167058349 4.13741224
997 4125 16.7058351 0.0167058351 4.13741224
997 4125 16.7058365 0.0167058365 4.13741224
997 4125 16.7058385 0.0167058385 4.13741224
997 4125 16.7058388 0.0167058388 4.13741224
997 4125 16.7058388 0.0167058388 4.13741224
997 4125 16.7058387 0.0167058387 4.13741224
997 4125 16.7058388 0.0167058388 4.13741224
997 4125 16.7058387 0.0167058387 4.13741224
997 4125 16.7058387 0.0167058387 4.13741224
996 4119 16.7036453 0.0167036453 4.13554217
996 4119 16.7036451 0.0167036451 4.13554217
996 4119 16.7036436 0.0167036436 4.13554217
996 4119 16.7036424 0.0167036424 4.13554217
996 4119 16.7036427 0.0167036427 4.13554217
996 4119 16.7036434 0.0167036434 4.13554217
996 4119 16.7036432 0.0167036432 4.13554217
996 4119 16.7036437 0.0167036437 4.13554217
996 4119 16.7036431 0.0167036431 4.13554217
996 4119 16.7036435 0.0167036435 4.13554217
995 4107 16.7004269 0.0167004269 4.12763819
995 4107 16.7004346 0.0167004346 4.12763819
995 4107 16.7004301 0.0167004301 4.12763819
995 4107 16.7004302 0.0167004302 4.12763819
995 4107 16.7004297 0.0167004297 4.12763819
995 4107 16.7004288 0.0167004288 4.12763819
995 4107 16.7004283 0.0167004283 4.12763819
995 4107 16.700428 0.016700428 4.12763819
995 4107 16.700428 0.016700428 4.12763819
995 4107 16.700428 0.016700428 4.12763819
994 4099 16.6964194 0.0166964194 4.12374245
994 4099 16.6964165 0.0166964165 4.12374245
994 4099 16.6964115 0.0166964115 4.12374245
994 4099 16.6964114 0.0166964114 4.12374245
994 4099 16.6964102 0.0166964102 4.12374245
994 4099 16.69641 0.01669641 4.12374245
994 4099 16.6964092 0.0166964092 4.12374245
994 4099 16.6964088 0.0166964088 4.12374245
994 4099 16.6964088 0.0166964088 4.12374245
994 4099 16.6964088 0.0166964088 4.12374245
993 4090 16.6922897 0.0166922897 4.11883182
993 4090 16.6922984 0.0166922984 4.11883182
993 4090 16.6922943 0.0166922943 4.11883182
993 4090 16.6922955 0.0166922955 4.11883182
993 4090 16.6922954 0.0166922954 4.11883182
993 4090 16.6922955 0.0166922955 4.11883182
993 4090 16.6922955 0.0166922955 4.11883182
993 4090 16.6922957 0.0166922957 4.11883182
993 4090 16.6922957 0.0166922957 4.11883182
993 4090 16.6922958 0.0166922958 4.11883182
992 4083 16.6878895 0.0166878895 4.11592742
992 4083 16.6878896 0.0166878896 4.11592742
992 4083 16.6878937 0.0166878937 4.11592742
992 4083 16.6878935 0.0166878935 4.11592742
992 4083 16.6878932 0.0166878932 4.11592742
992 4083 16.6878925 0.0166878925 4.11592742
992 4083 16.687892 0.016687892 4.11592742
992 4083 16.6878919 0.0166878919 4.11592742
992 4083 16.6878917 0.0166878917 4.11592742
992 4083 16.6878917 0.0166878917 4.11592742
991 4073 16.6827923 0.0166827923 4.10998991
991 4073 16.6827983 0.0166827983 4.10998991
991 4073 16.682805 0.016682805 4.10998991
991 4073 16.6828034 0.0166828034 4.10998991
991 4073 16.6828027 0.0166828027 4.10998991
991 4073 16.6828024 0.0166828024 4.10998991
991 4073 16.6828022 0.0166828022 4.10998991
991 4073 16.6828022 0.0166828022 4.10998991
991 4073 16.6828021 0.0166828021 4.10998991
991 4073 16.6828021 0.0166828021 4.10998991
990 4065 16.6776063 0.0166776063 4.10606061
990 4065 16.6776049 0.0166776049 4.10606061
990 4065 16.6776252 0.0166776252 4.10606061
990 4065 16.6776213 0.0166776213 4.10606061
990 4065 16.6776248 0.0166776248 4.10606061
990 4065 16.677628 0.016677628 4.10606061
990 4065 16.6776277 0.0166776277 4.10606061
990 4065 16.677628 0.016677628 4.10606061
990 4065 16.6776282 0.0166776282 4.10606061
990 4065 16.6776282 0.0166776282 4.10606061
989 4060 16.6717952 0.0166717952 4.10515672
989 4060 16.6717622 0.0166717622 4.10515672
989 4060 16.6717625 0.0166717625 4.10515672
989 4060 16.6717596 0.0166717596 4.10515672
989 4060 16.6717591 0.0166717591 4.10515672
989 4060 16.6717592 0.0166717592 4.10515672
989 4060 16.6717593 0.0166717593 4.10515672
989 4060 16.6717593 0.0166717593 4.10515672
989 4060 16.6717594 0.0166717594 4.10515672
989 4060 16.6717594 0.0166717594 4.10515672
988 4054 16.6659108 0.0166659108 4.10323887
988 4054 16.6659091 0.0166659091 4.10323887
988 4054 16.6658972 0.0166658972 4.10323887
988 4054 16.6658965 0.0166658965 4.10323887
988 4054 16.6658952 0.0166658952 4.10323887
988 4054 16.6658951 0.0166658951 4.10323887
988 4054 16.6658952 0.0166658952 4.10323887
988 4054 16.6658952 0.0166658952 4.10323887
988 4054 16.6658953 0.0166658953 4.10323887
988 4054 16.6658955 0.0166658955 4.10323887
987 4045 16.6595755 0.0166595755 4.09827761
987 4045 16.6595916 0.0166595916 4.09827761
987 4045 16.6595855 0.0166595855 4.09827761
987 4045 16.6595845 0.0166595845 4.09827761
987 4045 16.6595844 0.0166595844 4.09827761
987 4045 16.6595843 0.0166595843 4.09827761
987 4045 16.6595843 0.0166595843 4.09827761
987 4045 16.6595843 0.0166595843 4.09827761
987 4045 16.6595843 0.0166595843 4.09827761
987 4045 16.6595843 0.0166595843 4.09827761
986 4039 16.6531543 0.0166531543 4.09634888
986 4039 16.6531487 0.0166531487 4.09634888
986 4039 16.6531454 0.0166531454 4.09634888
986 4039 16.6531486 0.0166531486 4.09634888
986 4039 16.6531489 0.0166531489 4.09634888
986 4039 16.6531491 0.0166531491 4.09634888
986 4039 16.6531493 0.0166531493 4.09634888
986 4039 16.6531493 0.0166531493 4.09634888
986 4039 16.6531494 0.0166531494 4.09634888
986 4039 16.6531494 0.0166531494 4.09634888
985 4032 16.6465508 0.0166465508 4.09340102
985 4032 16.6465752 0.0166465752 4.09340102
985 4032 16.6465679 0.0166465679 4.09340102
985 4032 16.6465636 0.0166465636 4.09340102
985 4032 16.6465627 0.0166465627 4.09340102
985 4032 16.6465629 0.0166465629 4.09340102
985 4032 16.6465628 0.0166465628 4.09340102
985 4032 16.6465626 0.0166465626 4.09340102
985 4032 16.6465626 0.0166465626 4.09340102
985 4032 16.6465625 0.0166465625 4.09340102
984 4024 16.6396915 0.0166396915 4.08943089
984 4024 16.6396841 0.0166396841 4.08943089
984 4024 16.6397011 0.0166397011 4.08943089
984 4024 16.6397013 0.0166397013 4.08943089
984 4024 16.6396997 0.0166396997 4.08943089
984 4024 16.6396998 0.0166396998 4.08943089
984 4024 16.6397002 0.0166397002 4.08943089
984 4024 16.6397004 0.0166397004 4.08943089
984 4024 16.6397008 0.0166397008 4.08943089
984 4024 16.6397009 0.0166397009 4.08943089
983 4018 16.6324303 0.0166324303 4.08748728
983 4018 16.6324234 0.0166324234 4.08748728
983 4018 16.6324298 0.0166324298 4.08748728
983 4018 16.6324237 0.0166324237 4.08748728
983 4018 16.6324146 0.0166324146 4.08748728
983 4018 16.632411 0.016632411 4.08748728
983 4018 16.6324089 0.0166324089 4.08748728
983 4018 16.6324085 0.0166324085 4.08748728
983 4018 16.6324084 0.0166324084 4.08748728
983 4018 16.6324083 0.0166324083 4.08748728
982 4008 16.6250191 0.0166250191 4.0814664
982 4008 16.6250365 0.0166250365 4.0814664
982 4008 16.6250292 0.0166250292 4.0814664
982 4008 16.6250273 0.0166250273 4.0814664
982 4008 16.6250262 0.0166250262 4.0814664
982 4008 16.6250255 0.0166250255 4.0814664
982 4008 16.6250254 0.0166250254 4.0814664
982 4008 16.6250253 0.0166250253 4.0814664
982 4008 16.6250253 0.0166250253 4.0814664
982 4008 16.6250253 0.0166250253 4.0814664
981 4003 16.6162687 0.0166162687 4.08053007
981 4003 16.6162578 0.0166162578 4.08053007
981 4003 16.6162641 0.0166162641 4.08053007
981 4003 16.6162434 0.0166162434 4.08053007
981 4003 16.6162374 0.0166162374 4.08053007
981 4003 16.6162393 0.0166162393 4.08053007
981 4003 16.616239 0.016616239 4.08053007
981 4003 16.6162392 0.0166162392 4.08053007
981 4003 16.6162394 0.0166162394 4.08053007
981 4003 16.6162395 0.0166162395 4.08053007
980 3994 16.6073055 0.0166073055 4.0755102
980 3994 16.6073437 0.0166073437 4.0755102
980 3994 16.6073429 0.0166073429 4.0755102
980 3994 16.6073419 0.0166073419 4.0755102
980 3994 16.6073417 0.0166073417 4.0755102
980 3994 16.6073417 0.0166073417 4.0755102
980 3994 16.6073416 0.0166073416 4.0755102
980 3994 16.6073416 0.0166073416 4.0755102
980 3994 16.6073416 0.0166073416 4.0755102
980 3994 16.6073416 0.0166073416 4.0755102
979 3989 16.5982775 0.0165982775 4.07456588
979 3989 16.598278 0.016598278 4.07456588
979 3989 16.5982704 0.0165982704 4.07456588
979 3989 16.5982712 0.0165982712 4.07456588
979 3989 16.5982721 0.0165982721 4.07456588
979 3989 16.5982721 0.0165982721 4.07456588
979 3989 16.5982723 0.0165982723 4.07456588
979 3989 16.5982724 0.0165982724 4.07456588
979 3989 16.5982725 0.0165982725 4.07456588
979 3989 16.5982725 0.0165982725 4.07456588
978 3980 16.5884794 0.0165884794 4.06952965
978 3980 16.5884607 0.0165884607 4.06952965
978 3980 16.588522 0.016588522 4.06952965
978 3980 16.5884478 0.0165884478 4.06952965
978 3980 16.5884614 0.0165884614 4.06952965
978 3980 16.5885198 0.0165885198 4.06952965
978 3980 16.5884487 0.0165884487 4.06952965
978 3980 16.5884615 0.0165884615 4.06952965
978 3980 16.5885199 0.0165885199 4.06952965
978 3980 16.5884488 0.0165884488 4.06952965
977 3973 16.5779619 0.0165779619 4.06653019
977 3976 16.5778995 0.0165778995 4.06960082
977 3969 16.5687055 0.0165687055 4.06243603
977 3975 16.5778231 0.0165778231 4.06857728
977 3975 16.5778158 0.0165778158 4.06857728
977 3975 16.5778165 0.0165778165 4.06857728
977 3975 16.5778164 0.0165778164 4.06857728
977 3975 16.5778162 0.0165778162 4.06857728
977 3975 16.5778162 0.0165778162 4.06857728
977 3975 16.5778162 0.0165778162 4.06857728
976 3966 16.5680795 0.0165680795 4.06352459
976 3966 16.5680634 0.0165680634 4.06352459
976 3966 16.5680623 0.0165680623 4.06352459
976 3966 16.5680626 0.0165680626 4.06352459
976 3966 16.5680611 0.0165680611 4.06352459
976 3966 16.5680617 0.0165680617 4.06352459
976 3966 16.5680621 0.0165680621 4.06352459
976 3966 16.5680622 0.0165680622 4.06352459
976 3966 16.5680622 0.0165680622 4.06352459
976 3966 16.5680622 0.0165680622 4.06352459
975 3959 16.5582269 0.0165582269 4.06051282
975 3959 16.5582243 0.0165582243 4.06051282
975 3959 16.5582466 0.0165582466 4.06051282
975 3959 16.5582393 0.0165582393 4.06051282
975 3959 16.5582404 0.0165582404 4.06051282
975 3959 16.5582411 0.0165582411 4.06051282
975 3959 16.5582404 0.0165582404 4.06051282
975 3959 16.5582408 0.0165582408 4.06051282
975 3959 16.5582407 0.0165582407 4.06051282
975 3959 16.5582408 0.0165582408 4.06051282
974 3954 16.5476616 0.0165476616 4.05954825
974 3954 16.5476592 0.0165476592 4.05954825
974 3954 16.5476688 0.0165476688 4.05954825
974 3954 16.5476752 0.0165476752 4.05954825
974 3954 16.5476785 0.0165476785 4.05954825
974 3954 16.5476795 0.0165476795 4.05954825
974 3954 16.5476801 0.0165476801 4.05954825
974 3954 16.5476803 0.0165476803 4.05954825
974 3954 16.5476803 0.0165476803 4.05954825
974 3954 16.5476804 0.0165476804 4.05954825
973 3945 16.5367842 0.0165367842 4.05447071
973 3945 16.5367903 0.0165367903 4.05447071
973 3945 16.5368135 0.0165368135 4.05447071
973 3945 16.5368086 0.0165368086 4.05447071
973 3945 16.5368083 0.0165368083 4.05447071
973 3945 16.5368087 0.0165368087 4.05447071
973 3945 16.5368087 0.0165368087 4.05447071
973 3945 16.5368087 0.0165368087 4.05447071
973 3945 16.5368087 0.0165368087 4.05447071
973 3945 16.5368087 0.0165368087 4.05447071
972 3938 16.5251868 0.0165251868 4.05144033
972 3938 16.5251268 0.0165251268 4.05144033
972 3938 16.5251331 0.0165251331 4.05144033
972 3938 16.5251184 0.0165251184 4.05144033
972 3938 16.5251156 0.0165251156 4.05144033
972 3938 16.5251163 0.0165251163 4.05144033
972 3938 16.5251151 0.0165251151 4.05144033
972 3938 16.5251159 0.0165251159 4.05144033
972 3938 16.525115 0.016525115 4.05144033
972 3938 16.5251159 0.0165251159 4.05144033
971 3930 16.5132594 0.0165132594 4.04737384
971 3929 16.5131595 0.0165131595 4.04634398
971 3930 16.5132852 0.0165132852 4.04737384
971 3930 16.5132374 0.0165132374 4.04737384
971 3930 16.5132477 0.0165132477 4.04737384
971 3930 16.5132458 0.0165132458 4.04737384
971 3930 16.5132474 0.0165132474 4.04737384
971 3930 16.5132469 0.0165132469 4.04737384
971 3930 16.5132471 0.0165132471 4.04737384
971 3930 16.5132471 0.0165132471 4.04737384
970 3921 16.5012355 0.0165012355 4.04226804
970 3921 16.5012659 0.0165012659 4.04226804
970 3921 16.5012534 0.0165012534 4.04226804
970 3921 16.501255 0.016501255 4.04226804
970 3921 16.5012567 0.0165012567 4.04226804
970 3921 16.5012578 0.0165012578 4.04226804
970 3921 16.5012588 0.0165012588 4.04226804
970 3921 16.5012588 0.0165012588 4.04226804
970 3921 16.5012589 0.0165012589 4.04226804
970 3921 16.5012589 0.0165012589 4.04226804
969 3915 16.4886017 0.0164886017 4.04024768
969 3915 16.4886032 0.0164886032 4.04024768
969 3915 16.4885845 0.0164885845 4.04024768
969 3915 16.4885858 0.0164885858 4.04024768
969 3915 16.4885867 0.0164885867 4.04024768
969 3915 16.4885868 0.0164885868 4.04024768
969 3915 16.4885868 0.0164885868 4.04024768
969 3915 16.4885868 0.0164885868 4.04024768
969 3915 16.4885868 0.0164885868 4.04024768
969 3915 16.4885868 0.0164885868 4.04024768
968 3909 16.4755239 0.0164755239 4.03822314
968 3909 16.4755268 0.0164755268 4.03822314
968 3909 16.4755266 0.0164755266 4.03822314
968 3909 16.475519 0.016475519 4.03822314
968 3909 16.4755186 0.0164755186 4.03822314
968 3909 16.4755173 0.0164755173 4.03822314
968 3909 16.4755164 0.0164755164 4.03822314
968 3909 16.4755159 0.0164755159 4.03822314
968 3909 16.4755158 0.0164755158 4.03822314
968 3909 16.4755157 0.0164755157 4.03822314
967 3900 16.4620356 0.0164620356 4.03309204
967 3900 16.4620385 0.0164620385 4.03309204
967 3900 16.4620519 0.0164620519 4.03309204
967 3900 16.4620576 0.0164620576 4.03309204
967 3900 16.4620541 0.0164620541 4.03309204
967 3900 16.4620535 0.0164620535 4.03309204
967 3900 16.4620535 0.0164620535 4.03309204
967 3900 16.4620534 0.0164620534 4.03309204
967 3900 16.4620534 0.0164620534 4.03309204
967 3900 16.4620534 0.0164620534 4.03309204
966 3892 16.4481642 0.0164481642 4.02898551
966 3892 16.4481268 0.0164481268 4.02898551
966 3892 16.4481588 0.0164481588 4.02898551
966 3892 16.448196 0.016448196 4.02898551
966 3892 16.4481711 0.0164481711 4.02898551
966 3892 16.4482043 0.0164482043 4.02898551
966 3892 16.4481721 0.0164481721 4.02898551
966 3892 16.4482053 0.0164482053 4.02898551
966 3892 16.4481722 0.0164481722 4.02898551
966 3892 16.4482053 0.0164482053 4.02898551
965 3886 16.4334381 0.0164334381 4.02694301
965 3888 16.432451 0.016432451 4.02901554
965 3886 16.4335128 0.0164335128 4.02694301
965 3886 16.4334975 0.0164334975 4.02694301
965 3886 16.4334859 0.0164334859 4.02694301
965 3886 16.4334913 0.0164334913 4.02694301
965 3886 16.4334903 0.0164334903 4.02694301
965 3886 16.4334903 0.0164334903 4.02694301
965 3886 16.4334903 0.0164334903 4.02694301
965 3886 16.4334903 0.0164334903 4.02694301
964 3882 16.4191166 0.0164191166 4.02697095
964 3882 16.4191439 0.0164191439 4.02697095
964 3882 16.4191411 0.0164191411 4.02697095
964 3879 16.4189108 0.0164189108 4.02385892
964 3879 16.4188602 0.0164188602 4.02385892
964 3882 16.4191269 0.0164191269 4.02697095
964 3882 16.4191342 0.0164191342 4.02697095
964 3882 16.4191351 0.0164191351 4.02697095
964 3882 16.4191428 0.0164191428 4.02697095
964 3882 16.4191459 0.0164191459 4.02697095
963 3870 16.4044545 0.0164044545 4.01869159
963 3870 16.404531 0.016404531 4.01869159
963 3875 16.4045658 0.0164045658 4.0238837
963 3875 16.4045824 0.0164045824 4.0238837
963 3875 16.4045869 0.0164045869 4.0238837
963 3875 16.4045815 0.0164045815 4.0238837
963 3875 16.4045811 0.0164045811 4.0238837
963 3875 16.4045813 0.0164045813 4.0238837
963 3875 16.4045814 0.0164045814 4.0238837
963 3875 16.4045814 0.0164045814 4.0238837
962 3863 16.3899728 0.0163899728 4.01559252
962 3863 16.3899828 0.0163899828 4.01559252
962 3863 16.3899278 0.0163899278 4.01559252
962 3863 16.3899214 0.0163899214 4.01559252
962 3863 16.3899159 0.0163899159 4.01559252
962 3863 16.3899148 0.0163899148 4.01559252
962 3863 16.3899159 0.0163899159 4.01559252
962 3863 16.3899158 0.0163899158 4.01559252
962 3863 16.3899158 0.0163899158 4.01559252
962 3863 16.3899157 0.0163899157 4.01559252
961 3856 16.3750327 0.0163750327 4.01248699
961 3856 16.3750995 0.0163750995 4.01248699
961 3856 16.3750965 0.0163750965 4.01248699
961 3856 16.3751096 0.0163751096 4.01248699
961 3856 16.3751033 0.0163751033 4.01248699
961 3856 16.3751089 0.0163751089 4.01248699
961 3856 16.375109 0.016375109 4.01248699
961 3856 16.3751092 0.0163751092 4.01248699
961 3856 16.3751093 0.0163751093 4.01248699
961 3856 16.3751094 0.0163751094 4.01248699
960 3850 16.3600877 0.0163600877 4.01041667
960 3848 16.3601121 0.0163601121 4.00833333
960 3849 16.3527059 0.0163527059 4.009375
960 3850 16.3600575 0.0163600575 4.01041667
960 3854 16.3600051 0.0163600051 4.01458333
960 3849 16.3600192 0.0163600192 4.009375
960 3849 16.3600737 0.0163600737 4.009375
960 3849 16.3600716 0.0163600716 4.009375
960 3849 16.360075 0.016360075 4.009375
960 3849 16.3600748 0.0163600748 4.009375
959 3842 16.3455416 0.0163455416 4.00625652
959 3842 16.3455275 0.0163455275 4.00625652
959 3842 16.345526 0.016345526 4.00625652
959 3842 16.3455106 0.0163455106 4.00625652
959 3842 16.3455283 0.0163455283 4.00625652
959 3842 16.3455378 0.0163455378 4.00625652
959 3842 16.3455432 0.0163455432 4.00625652
959 3842 16.3455436 0.0163455436 4.00625652
959 3842 16.3455438 0.0163455438 4.00625652
959 3842 16.3455438 0.0163455438 4.00625652
958 3826 16.3304157 0.0163304157 3.99373695
958 3832 16.3301574 0.0163301574 4
958 3823 16.3364647 0.0163364647 3.99060543
958 3820 16.3377254 0.0163377254 3.9874739
958 3828 16.3443639 0.0163443639 3.99582463
958 3827 16.3447747 0.0163447747 3.99478079
958 3827 16.3447792 0.0163447792 3.99478079
958 3827 16.3447641 0.0163447641 3.99478079
958 3827 16.3447622 0.0163447622 3.99478079
958 3827 16.3447604 0.0163447604 3.99478079
957 3815 16.3301213 0.0163301213 3.98641588
957 3815 16.3301201 0.0163301201 3.98641588
957 3815 16.3301458 0.0163301458 3.98641588
957 3815 16.3301392 0.0163301392 3.98641588
957 3815 16.3301409 0.0163301409 3.98641588
957 3815 16.3301415 0.0163301415 3.98641588
957 3815 16.3301416 0.0163301416 3.98641588
957 3815 16.3301417 0.0163301417 3.98641588
957 3815 16.3301418 0.0163301418 3.98641588
957 3815 16.3301419 0.0163301419 3.98641588
956 3809 16.3153816 0.0163153816 3.98430962
956 3809 16.3153702 0.0163153702 3.98430962
956 3809 16.31536 0.01631536 3.98430962
956 3809 16.3153639 0.0163153639 3.98430962
956 3809 16.3153651 0.0163153651 3.98430962
956 3809 16.3153653 0.0163153653 3.98430962
956 3809 16.3153655 0.0163153655 3.98430962
956 3809 16.3153655 0.0163153655 3.98430962
956 3809 16.3153656 0.0163153656 3.98430962
956 3809 16.3153656 0.0163153656 3.98430962
955 3801 16.3005554 0.0163005554 3.98010471
955 3801 16.3005977 0.0163005977 3.98010471
955 3801 16.300586 0.016300586 3.98010471
955 3801 16.3005826 0.0163005826 3.98010471
955 3801 16.3005828 0.0163005828 3.98010471
955 3801 16.3005829 0.0163005829 3.98010471
955 3801 16.3005828 0.0163005828 3.98010471
955 3801 16.3005828 0.0163005828 3.98010471
955 3801 16.3005828 0.0163005828 3.98010471
955 3801 16.3005828 0.0163005828 3.98010471
954 3797 16.2844067 0.0162844067 3.98008386
954 3797 16.2843047 0.0162843047 3.98008386
954 3792 16.2840697 0.0162840697 3.97484277
954 3794 16.2837615 0.0162837615 3.9769392
954 3793 16.285579 0.016285579 3.97589099
954 3791 16.2854211 0.0162854211 3.97379455
954 3797 16.2857077 0.0162857077 3.98008386
954 3797 16.285679 0.016285679 3.98008386
954 3797 16.2856739 0.0162856739 3.98008386
954 3797 16.285671 0.016285671 3.98008386
953 3785 16.2710297 0.0162710297 3.97166842
953 3785 16.2710565 0.0162710565 3.97166842
953 3785 16.2710871 0.0162710871 3.97166842
953 3785 16.2710747 0.0162710747 3.97166842
953 3785 16.2710723 0.0162710723 3.97166842
953 3785 16.2710716 0.0162710716 3.97166842
953 3785 16.2710711 0.0162710711 3.97166842
953 3785 16.2710709 0.0162710709 3.97166842
953 3785 16.2710707 0.0162710707 3.97166842
953 3785 16.2710707 0.0162710707 3.97166842
952 3777 16.2571345 0.0162571345 3.96743697
952 3776 16.2534523 0.0162534523 3.96638655
952 3780 16.2567848 0.0162567848 3.97058824
952 3779 16.257062 0.016257062 3.96953782
952 3778 16.2616619 0.0162616619 3.96848739
952 3772 16.2620196 0.0162620196 3.96218487
952 3772 16.2620138 0.0162620138 3.96218487
952 3772 16.2620124 0.0162620124 3.96218487
952 3772 16.2620122 0.0162620122 3.96218487
952 3772 16.2620114 0.0162620114 3.96218487
951 3766 16.2472938 0.0162472938 3.96004206
951 3764 16.2469943 0.0162469943 3.95793901
951 3766 16.2472584 0.0162472584 3.96004206
951 3766 16.2472678 0.0162472678 3.96004206
951 3766 16.2472739 0.0162472739 3.96004206
951 3766 16.2472775 0.0162472775 3.96004206
951 3766 16.2472774 0.0162472774 3.96004206
951 3766 16.2472774 0.0162472774 3.96004206
951 3766 16.2472774 0.0162472774 3.96004206
951 3766 16.2472774 0.0162472774 3.96004206
950 3758 16.2327091 0.0162327091 3.95578947
950 3758 16.2326661 0.0162326661 3.95578947
950 3758 16.2327557 0.0162327557 3.95578947
950 3758 16.2327431 0.0162327431 3.95578947
950 3758 16.2327365 0.0162327365 3.95578947
950 3758 16.2327399 0.0162327399 3.95578947
950 3758 16.2327417 0.0162327417 3.95578947
950 3758 16.2327412 0.0162327412 3.95578947
950 3758 16.2327397 0.0162327397 3.95578947
950 3758 16.2327393 0.0162327393 3.95578947
949 3748 16.2180464 0.0162180464 3.94942044
949 3748 16.2180609 0.0162180609 3.94942044
949 3748 16.2180484 0.0162180484 3.94942044
949 3748 16.218046 0.016218046 3.94942044
949 3748 16.2180451 0.0162180451 3.94942044
949 3748 16.218045 0.016218045 3.94942044
949 3748 16.218045 0.016218045 3.94942044
949 3748 16.218045 0.016218045 3.94942044
949 3748 16.218045 0.016218045 3.94942044
949 3748 16.218045 0.016218045 3.94942044
948 3744 16.2030442 0.0162030442 3.94936709
948 3744 16.2030671 0.0162030671 3.94936709
948 3744 16.2030041 0.0162030041 3.94936709
948 3744 16.2030229 0.0162030229 3.94936709
948 3744 16.2030183 0.0162030183 3.94936709
948 3744 16.2030203 0.0162030203 3.94936709
948 3744 16.20302 0.01620302 3.94936709
948 3744 16.2030201 0.0162030201 3.94936709
948 3744 16.2030201 0.0162030201 3.94936709
948 3744 16.2030201 0.0162030201 3.94936709
947 3738 16.1870769 0.0161870769 3.94720169
947 3740 16.180456 0.016180456 3.94931362
947 3738 16.1882752 0.0161882752 3.94720169
947 3738 16.1883183 0.0161883183 3.94720169
947 3738 16.1882876 0.0161882876 3.94720169
947 3738 16.1882809 0.0161882809 3.94720169
947 3738 16.1882811 0.0161882811 3.94720169
947 3738 16.1882804 0.0161882804 3.94720169
947 3738 16.1882799 0.0161882799 3.94720169
947 3738 16.18828 0.01618828 3.94720169
946 3734 16.1735796 0.0161735796 3.94714588
946 3734 16.1735774 0.0161735774 3.94714588
946 3734 16.1735927 0.0161735927 3.94714588
946 3734 16.1735926 0.0161735926 3.94714588
946 3734 16.1735936 0.0161735936 3.94714588
946 3734 16.1735936 0.0161735936 3.94714588
946 3734 16.1735936 0.0161735936 3.94714588
946 3734 16.1735936 0.0161735936 3.94714588
946 3734 16.1735936 0.0161735936 3.94714588
946 3734 16.1735936 0.0161735936 3.94714588
945 3725 16.1566478 0.0161566478 3.94179894
945 3725 16.1566409 0.0161566409 3.94179894
945 3725 16.156637 0.016156637 3.94179894
945 3725 16.1566312 0.0161566312 3.94179894
945 3725 16.1566295 0.0161566295 3.94179894
945 3725 16.1566293 0.0161566293 3.94179894
945 3725 16.156629 0.016156629 3.94179894
945 3725 16.1566293 0.0161566293 3.94179894
945 3725 16.1566295 0.0161566295 3.94179894
945 3725 16.1566296 0.0161566296 3.94179894
944 3718 16.1395367 0.0161395367 3.93855932
944 3718 16.1395812 0.0161395812 3.93855932
944 3718 16.1395165 0.0161395165 3.93855932
944 3718 16.1395543 0.0161395543 3.93855932
944 3718 16.1395103 0.0161395103 3.93855932
944 3718 16.1395506 0.0161395506 3.93855932
944 3718 16.1395093 0.0161395093 3.93855932
944 3718 16.13955 0.01613955 3.93855932
944 3718 16.1395092 0.0161395092 3.93855932
944 3718 16.1395499 0.0161395499 3.93855932
943 3710 16.1220915 0.0161220915 3.93425239
943 3710 16.1220571 0.0161220571 3.93425239
943 3710 16.1220629 0.0161220629 3.93425239
943 3710 16.1220702 0.0161220702 3.93425239
943 3709 16.1220669 0.0161220669 3.93319194
943 3709 16.1221148 0.0161221148 3.93319194
943 3710 16.1219719 0.0161219719 3.93425239
943 3709 16.1221054 0.0161221054 3.93319194
943 3709 16.1221137 0.0161221137 3.93319194
943 3709 16.1221009 0.0161221009 3.93319194
942 3701 16.104632 0.016104632 3.92887473
942 3701 16.1045931 0.0161045931 3.92887473
942 3701 16.104601 0.016104601 3.92887473
942 3701 16.1045959 0.0161045959 3.92887473
942 3701 16.1045951 0.0161045951 3.92887473
942 3701 16.1045933 0.0161045933 3.92887473
942 3701 16.1045929 0.0161045929 3.92887473
942 3701 16.1045927 0.0161045927 3.92887473
942 3701 16.1045927 0.0161045927 3.92887473
942 3701 16.1045926 0.0161045926 3.92887473
941 3691 16.0867571 0.0160867571 3.92242295
941 3691 16.086802 0.016086802 3.92242295
941 3691 16.086768 0.016086768 3.92242295
941 3691 16.0867788 0.0160867788 3.92242295
941 3691 16.0867755 0.0160867755 3.92242295
941 3691 16.0867745 0.0160867745 3.92242295
941 3691 16.086774 0.016086774 3.92242295
941 3691 16.0867738 0.0160867738 3.92242295
941 3691 16.0867737 0.0160867737 3.92242295
941 3691 16.0867737 0.0160867737 3.92242295
940 3678 16.0687202 0.0160687202 3.91276596
940 3678 16.068798 0.016068798 3.91276596
940 3678 16.0687987 0.0160687987 3.91276596
940 3678 16.0687913 0.0160687913 3.91276596
940 3678 16.0687918 0.0160687918 3.91276596
940 3678 16.0687911 0.0160687911 3.91276596
940 3678 16.0687909 0.0160687909 3.91276596
940 3678 16.0687909 0.0160687909 3.91276596
940 3678 16.0687909 0.0160687909 3.91276596
940 3678 16.0687909 0.0160687909 3.91276596
939 3669 16.0496576 0.0160496576 3.90734824
939 3669 16.0495783 0.0160495783 3.90734824
939 3675 16.0495841 0.0160495841 3.91373802
939 3675 16.0496198 0.0160496198 3.91373802
939 3669 16.0495516 0.0160495516 3.90734824
939 3669 16.0496064 0.0160496064 3.90734824
939 3669 16.0496007 0.0160496007 3.90734824
939 3669 16.0495925 0.0160495925 3.90734824
939 3669 16.0495935 0.0160495935 3.90734824
939 3669 16.0495925 0.0160495925 3.90734824
938 3666 16.0304948 0.0160304948 3.90831557
938 3666 16.0305263 0.0160305263 3.90831557
938 3666 16.0305114 0.0160305114 3.90831557
938 3666 16.0304959 0.0160304959 3.90831557
938 3666 16.0304868 0.0160304868 3.90831557
938 3666 16.0304826 0.0160304826 3.90831557
938 3666 16.0304815 0.0160304815 3.90831557
938 3666 16.030481 0.016030481 3.90831557
938 3666 16.0304808 0.0160304808 3.90831557
938 3666 16.0304807 0.0160304807 3.90831557
937 3657 16.0112091 0.0160112091 3.90288154
937 3661 16.0077747 0.0160077747 3.90715048
937 3655 16.0131919 0.0160131919 3.90074707
937 3661 16.0139573 0.0160139573 3.90715048
937 3661 16.0139339 0.0160139339 3.90715048
937 3661 16.0139464 0.0160139464 3.90715048
937 3661 16.0139421 0.0160139421 3.90715048
937 3661 16.013944 0.016013944 3.90715048
937 3661 16.013945 0.016013945 3.90715048
937 3661 16.0139449 0.0160139449 3.90715048
936 3652 15.995616 0.015995616 3.9017094
936 3652 15.9956638 0.0159956638 3.9017094
936 3652 15.9956714 0.0159956714 3.9017094
936 3652 15.9956646 0.0159956646 3.9017094
936 3652 15.9956646 0.0159956646 3.9017094
936 3652 15.9956642 0.0159956642 3.9017094
936 3652 15.9956641 0.0159956641 3.9017094
936 3652 15.995664 0.015995664 3.9017094
936 3652 15.995664 0.015995664 3.9017094
936 3652 15.995664 0.015995664 3.9017094
935 3643 15.9765304 0.0159765304 3.89625668
935 3643 15.9764973 0.0159764973 3.89625668
935 3643 15.9764994 0.0159764994 3.89625668
935 3643 15.9764955 0.0159764955 3.89625668
935 3643 15.9764907 0.0159764907 3.89625668
935 3643 15.9764898 0.0159764898 3.89625668
935 3643 15.9764898 0.0159764898 3.89625668
935 3643 15.9764894 0.0159764894 3.89625668
935 3643 15.9764894 0.0159764894 3.89625668
935 3643 15.9764893 0.0159764893 3.89625668
934 3637 15.9571889 0.0159571889 3.89400428
934 3637 15.957188 0.015957188 3.89400428
934 3637 15.9571859 0.0159571859 3.89400428
934 3637 15.9571821 0.0159571821 3.89400428
934 3637 15.9571832 0.0159571832 3.89400428
934 3637 15.9571837 0.0159571837 3.89400428
934 3637 15.9571834 0.0159571834 3.89400428
934 3637 15.9571836 0.0159571836 3.89400428
934 3637 15.9571836 0.0159571836 3.89400428
934 3637 15.9571837 0.0159571837 3.89400428
933 3627 15.9376592 0.0159376592 3.88745981
933 3627 15.9376246 0.0159376246 3.88745981
933 3627 15.9376016 0.0159376016 3.88745981
933 3627 15.9376027 0.0159376027 3.88745981
933 3627 15.9376022 0.0159376022 3.88745981
933 3627 15.9376032 0.0159376032 3.88745981
933 3627 15.9376044 0.0159376044 3.88745981
933 3627 15.9376051 0.0159376051 3.88745981
933 3627 15.9376053 0.0159376053 3.88745981
933 3627 15.9376055 0.0159376055 3.88745981
932 3622 15.9177394 0.0159177394 3.88626609
932 3622 15.9178458 0.0159178458 3.88626609
932 3622 15.9178344 0.0159178344 3.88626609
932 3622 15.9178106 0.0159178106 3.88626609
932 3622 15.9178301 0.0159178301 3.88626609
932 3622 15.9178115 0.0159178115 3.88626609
932 3622 15.9178305 0.0159178305 3.88626609
932 3622 15.9178121 0.0159178121 3.88626609
932 3622 15.9178305 0.0159178305 3.88626609
932 3622 15.9178121 0.0159178121 3.88626609
931 3618 15.8968956 0.0158968956 3.88614393
931 3618 15.8969247 0.0158969247 3.88614393
931 3614 15.8972111 0.0158972111 3.88184748
931 3614 15.8972058 0.0158972058 3.88184748
931 3614 15.897197 0.015897197 3.88184748
931 3614 15.897198 0.015897198 3.88184748
931 3614 15.8971978 0.0158971978 3.88184748
931 3614 15.8971978 0.0158971978 3.88184748
931 3614 15.8971978 0.0158971978 3.88184748
931 3614 15.8971978 0.0158971978 3.88184748
930 3610 15.8765966 0.0158765966 3.88172043
930 3610 15.8765885 0.0158765885 3.88172043
930 3610 15.8765413 0.0158765413 3.88172043
930 3610 15.8765278 0.0158765278 3.88172043
930 3610 15.876531 0.015876531 3.88172043
930 3610 15.8765333 0.0158765333 3.88172043
930 3610 15.8765341 0.0158765341 3.88172043
930 3610 15.8765343 0.0158765343 3.88172043
930 3610 15.8765344 0.0158765344 3.88172043
930 3610 15.8765344 0.0158765344 3.88172043
929 3601 15.8554836 0.0158554836 3.87621098
929 3601 15.8555513 0.0158555513 3.87621098
929 3601 15.8555117 0.0158555117 3.87621098
929 3601 15.8555891 0.0158555891 3.87621098
929 3601 15.8555372 0.0158555372 3.87621098
929 3601 15.8554958 0.0158554958 3.87621098
929 3601 15.8555909 0.0158555909 3.87621098
929 3601 15.8555572 0.0158555572 3.87621098
929 3601 15.8556309 0.0158556309 3.87621098
929 3601 15.8555563 0.0158555563 3.87621098
928 3597 15.8342266 0.0158342266 3.87607759
928 3602 15.8427986 0.0158427986 3.88146552
928 3597 15.8338841 0.0158338841 3.87607759
928 3597 15.8427048 0.0158427048 3.87607759
928 3597 15.8427119 0.0158427119 3.87607759
928 3602 15.8427593 0.0158427593 3.88146552
928 3602 15.8427887 0.0158427887 3.88146552
928 3602 15.8427681 0.0158427681 3.88146552
928 3602 15.8427707 0.0158427707 3.88146552
928 3602 15.8427736 0.0158427736 3.88146552
927 3593 15.82212 0.01582212 3.87594391
927 3593 15.8221843 0.0158221843 3.87594391
927 3593 15.8221573 0.0158221573 3.87594391
927 3593 15.8221558 0.0158221558 3.87594391
927 3593 15.8221544 0.0158221544 3.87594391
927 3593 15.8221542 0.0158221542 3.87594391
927 3593 15.8221542 0.0158221542 3.87594391
927 3593 15.8221541 0.0158221541 3.87594391
927 3593 15.8221541 0.0158221541 3.87594391
927 3593 15.8221541 0.0158221541 3.87594391
926 3591 15.8004855 0.0158004855 3.87796976
926 3591 15.8005878 0.0158005878 3.87796976
926 3591 15.8005861 0.0158005861 3.87796976
926 3591 15.8005887 0.0158005887 3.87796976
926 3591 15.8005873 0.0158005873 3.87796976
926 3591 15.8005874 0.0158005874 3.87796976
926 3591 15.8005879 0.0158005879 3.87796976
926 3591 15.8005878 0.0158005878 3.87796976
926 3591 15.8005879 0.0158005879 3.87796976
926 3591 15.8005879 0.0158005879 3.87796976
925 3582 15.7784156 0.0157784156 3.87243243
925 3582 15.7783256 0.0157783256 3.87243243
925 3582 15.778336 0.015778336 3.87243243
925 3582 15.7783324 0.0157783324 3.87243243
925 3582 15.7783335 0.0157783335 3.87243243
925 3582 15.778334 0.015778334 3.87243243
925 3582 15.7783342 0.0157783342 3.87243243
925 3582 15.7783343 0.0157783343 3.87243243
925 3582 15.7783344 0.0157783344 3.87243243
925 3582 15.7783344 0.0157783344 3.87243243
924 3572 15.7560071 0.0157560071 3.86580087
924 3572 15.7560823 0.0157560823 3.86580087
924 3572 15.756013 0.015756013 3.86580087
924 3572 15.7560775 0.0157560775 3.86580087
924 3572 15.7560225 0.0157560225 3.86580087
924 3572 15.7560776 0.0157560776 3.86580087
924 3572 15.7560262 0.0157560262 3.86580087
924 3572 15.7560774 0.0157560774 3.86580087
924 3572 15.7560264 0.0157560264 3.86580087
924 3572 15.7560774 0.0157560774 3.86580087
923 3565 15.7327203 0.0157327203 3.8624052
923 3560 15.7329415 0.0157329415 3.85698808
923 3563 15.732743 0.015732743 3.86023835
923 3563 15.7327843 0.0157327843 3.86023835
923 3560 15.7329701 0.0157329701 3.85698808
923 3560 15.7329993 0.0157329993 3.85698808
923 3560 15.7330314 0.0157330314 3.85698808
923 3560 15.7330276 0.0157330276 3.85698808
923 3560 15.733034 0.015733034 3.85698808
923 3563 15.7327405 0.0157327405 3.86023835
922 3553 15.7108682 0.0157108682 3.85357918
922 3553 15.7108048 0.0157108048 3.85357918
922 3553 15.7107396 0.0157107396 3.85357918
922 3553 15.7107476 0.0157107476 3.85357918
922 3553 15.710758 0.015710758 3.85357918
922 3553 15.7107589 0.0157107589 3.85357918
922 3553 15.7107583 0.0157107583 3.85357918
922 3553 15.7107577 0.0157107577 3.85357918
922 3553 15.7107576 0.0157107576 3.85357918
922 3553 15.7107575 0.0157107575 3.85357918
921 3544 15.6881745 0.0156881745 3.84799131
921 3548 15.683009 0.015683009 3.85233442
921 3549 15.6946581 0.0156946581 3.8534202
921 3546 15.6959234 0.0156959234 3.85016287
921 3546 15.6960321 0.0156960321 3.85016287
921 3546 15.6960283 0.0156960283 3.85016287
921 3546 15.6960234 0.0156960234 3.85016287
921 3546 15.696023 0.015696023 3.85016287
921 3546 15.6960231 0.0156960231 3.85016287
921 3546 15.6960231 0.0156960231 3.85016287
920 3538 15.6736345 0.0156736345 3.84565217
920 3538 15.6736822 0.0156736822 3.84565217
920 3537 15.6733605 0.0156733605 3.84456522
920 3538 15.6736143 0.0156736143 3.84565217
920 3538 15.6736741 0.0156736741 3.84565217
920 3538 15.6736134 0.0156736134 3.84565217
920 3538 15.6736777 0.0156736777 3.84565217
920 3538 15.6736128 0.0156736128 3.84565217
920 3538 15.6736777 0.0156736777 3.84565217
920 3538 15.6736128 0.0156736128 3.84565217
919 3529 15.6510985 0.0156510985 3.84004353
919 3529 15.6510606 0.0156510606 3.84004353
919 3529 15.6510416 0.0156510416 3.84004353
919 3531 15.6509753 0.0156509753 3.8422198
919 3529 15.6510246 0.0156510246 3.84004353
919 3529 15.6509988 0.0156509988 3.84004353
919 3529 15.6510414 0.0156510414 3.84004353
919 3529 15.6510541 0.0156510541 3.84004353
919 3529 15.6510601 0.0156510601 3.84004353
919 3529 15.6510585 0.0156510585 3.84004353
918 3522 15.6285496 0.0156285496 3.83660131
918 3522 15.6285056 0.0156285056 3.83660131
918 3522 15.6284945 0.0156284945 3.83660131
918 3522 15.6284936 0.0156284936 3.83660131
918 3522 15.6284927 0.0156284927 3.83660131
918 3522 15.6284931 0.0156284931 3.83660131
918 3522 15.6284933 0.0156284933 3.83660131
918 3522 15.6284935 0.0156284935 3.83660131
918 3522 15.6284936 0.0156284936 3.83660131
918 3522 15.6284937 0.0156284937 3.83660131
917 3513 15.6064354 0.0156064354 3.83097056
917 3513 15.6065919 0.0156065919 3.83097056
917 3513 15.6065376 0.0156065376 3.83097056
917 3513 15.606535 0.015606535 3.83097056
917 3513 15.6065324 0.0156065324 3.83097056
917 3513 15.6065327 0.0156065327 3.83097056
917 3513 15.6065334 0.0156065334 3.83097056
917 3513 15.606534 0.015606534 3.83097056
917 3513 15.6065344 0.0156065344 3.83097056
917 3513 15.6065345 0.0156065345 3.83097056
916 3505 15.5826485 0.0155826485 3.82641921
916 3506 15.5814139 0.0155814139 3.82751092
916 3505 15.582565 0.015582565 3.82641921
916 3505 15.5825201 0.0155825201 3.82641921
916 3505 15.5825181 0.0155825181 3.82641921
916 3505 15.5825294 0.0155825294 3.82641921
916 3505 15.5825271 0.0155825271 3.82641921
916 3505 15.5825276 0.0155825276 3.82641921
916 3505 15.5825287 0.0155825287 3.82641921
916 3505 15.5825289 0.0155825289 3.82641921
915 3498 15.5591089 0.0155591089 3.82295082
915 3498 15.5591191 0.0155591191 3.82295082
915 3498 15.5590682 0.0155590682 3.82295082
915 3498 15.5590642 0.0155590642 3.82295082
915 3498 15.5590659 0.0155590659 3.82295082
915 3498 15.5590674 0.0155590674 3.82295082
915 3498 15.5590682 0.0155590682 3.82295082
915 3498 15.5590685 0.0155590685 3.82295082
915 3498 15.5590686 0.0155590686 3.82295082
915 3498 15.5590687 0.0155590687 3.82295082
914 3489 15.5355583 0.0155355583 3.81728665
914 3489 15.5356485 0.0155356485 3.81728665
914 3489 15.5351961 0.0155351961 3.81728665
914 3489 15.5355321 0.0155355321 3.81728665
914 3487 15.5346024 0.0155346024 3.81509847
914 3489 15.5352572 0.0155352572 3.81728665
914 3489 15.5355103 0.0155355103 3.81728665
914 3489 15.5351829 0.0155351829 3.81728665
914 3489 15.5352267 0.0155352267 3.81728665
914 3489 15.5352288 0.0155352288 3.81728665
913 3480 15.5120095 0.0155120095 3.81161008
913 3480 15.5121146 0.0155121146 3.81161008
913 3480 15.5121326 0.0155121326 3.81161008
913 3480 15.5121289 0.0155121289 3.81161008
913 3480 15.5121327 0.0155121327 3.81161008
913 3480 15.5121233 0.0155121233 3.81161008
913 3480 15.5121204 0.0155121204 3.81161008
913 3480 15.5121203 0.0155121203 3.81161008
913 3480 15.5121206 0.0155121206 3.81161008
913 3480 15.512121 0.015512121 3.81161008
912 3473 15.4872072 0.0154872072 3.80811404
912 3473 15.4871803 0.0154871803 3.80811404
912 3473 15.4871954 0.0154871954 3.80811404
912 3473 15.4871987 0.0154871987 3.80811404
912 3473 15.4871974 0.0154871974 3.80811404
912 3473 15.4871979 0.0154871979 3.80811404
912 3473 15.487198 0.015487198 3.80811404
912 3473 15.4871979 0.0154871979 3.80811404
912 3473 15.4871979 0.0154871979 3.80811404
912 3473 15.4871979 0.0154871979 3.80811404
911 3467 15.4621777 0.0154621777 3.80570801
911 3467 15.4621655 0.0154621655 3.80570801
911 3467 15.4621828 0.0154621828 3.80570801
911 3467 15.4621773 0.0154621773 3.80570801
911 3467 15.4621788 0.0154621788 3.80570801
911 3467 15.4621792 0.0154621792 3.80570801
911 3467 15.4621793 0.0154621793 3.80570801
911 3467 15.4621794 0.0154621794 3.80570801
911 3467 15.4621794 0.0154621794 3.80570801
911 3467 15.4621794 0.0154621794 3.80570801
910 3463 15.4367527 0.0154367527 3.80549451
910 3459 15.4370266 0.0154370266 3.8010989
910 3462 15.4365883 0.0154365883 3.8043956
910 3460 15.4372347 0.0154372347 3.8021978
910 3460 15.4372642 0.0154372642 3.8021978
910 3461 15.4361098 0.0154361098 3.8032967
910 3460 15.437236 0.015437236 3.8021978
910 3461 15.4365616 0.0154365616 3.8032967
910 3461 15.4374969 0.0154374969 3.8032967
910 3458 15.4153273 0.0154153273 3.8
909 3454 15.4153391 0.0154153391 3.79977998
909 3451 15.4269987 0.0154269987 3.79647965
909 3449 15.4271058 0.0154271058 3.79427943
909 3451 15.4269778 0.0154269778 3.79647965
909 3451 15.4270103 0.0154270103 3.79647965
909 3451 15.4269984 0.0154269984 3.79647965
909 3451 15.4269965 0.0154269965 3.79647965
909 3451 15.4269976 0.0154269976 3.79647965
909 3451 15.4269977 0.0154269977 3.79647965
909 3451 15.4269978 0.0154269978 3.79647965
908 3442 15.4036167 0.0154036167 3.7907489
908 3442 15.4035857 0.0154035857 3.7907489
908 3442 15.4035876 0.0154035876 3.7907489
908 3442 15.4035727 0.0154035727 3.7907489
908 3442 15.4035759 0.0154035759 3.7907489
908 3442 15.4035767 0.0154035767 3.7907489
908 3442 15.4035773 0.0154035773 3.7907489
908 3442 15.4035776 0.0154035776 3.7907489
908 3442 15.4035777 0.0154035777 3.7907489
908 3442 15.4035777 0.0154035777 3.7907489
907 3434 15.3793801 0.0153793801 3.78610805
907 3434 15.3794115 0.0153794115 3.78610805
907 3434 15.3794176 0.0153794176 3.78610805
907 3434 15.37941 0.01537941 3.78610805
907 3434 15.3794112 0.0153794112 3.78610805
907 3434 15.3794122 0.0153794122 3.78610805
907 3434 15.3794126 0.0153794126 3.78610805
907 3434 15.3794127 0.0153794127 3.78610805
907 3434 15.3794128 0.0153794128 3.78610805
907 3434 15.3794129 0.0153794129 3.78610805
906 3430 15.3548608 0.0153548608 3.78587196
906 3427 15.3550991 0.0153550991 3.78256071
906 3430 15.3548562 0.0153548562 3.78587196
906 3427 15.3550912 0.0153550912 3.78256071
906 3427 15.3550984 0.0153550984 3.78256071
906 3427 15.3550886 0.0153550886 3.78256071
906 3427 15.3550897 0.0153550897 3.78256071
906 3427 15.3550906 0.0153550906 3.78256071
906 3427 15.3550906 0.0153550906 3.78256071
906 3427 15.3550907 0.0153550907 3.78256071
905 3423 15.3306896 0.0153306896 3.78232044
905 3423 15.3304953 0.0153304953 3.78232044
905 3420 15.331005 0.015331005 3.77900552
905 3420 15.3309819 0.0153309819 3.77900552
905 3424 15.3303276 0.0153303276 3.78342541
905 3420 15.3309488 0.0153309488 3.77900552
905 3420 15.3309903 0.0153309903 3.77900552
905 3420 15.3309629 0.0153309629 3.77900552
905 3420 15.3309656 0.0153309656 3.77900552
905 3420 15.3309661 0.0153309661 3.77900552
904 3416 15.3066882 0.0153066882 3.77876106
904 3416 15.3066873 0.0153066873 3.77876106
904 3418 15.3059726 0.0153059726 3.78097345
904 3418 15.3150824 0.0153150824 3.78097345
904 3421 15.3045544 0.0153045544 3.78429204
904 3422 15.3163953 0.0153163953 3.78539823
904 3416 15.2926514 0.0152926514 3.77876106
904 3422 15.316378 0.015316378 3.78539823
904 3422 15.3163814 0.0153163814 3.78539823
904 3422 15.3163637 0.0153163637 3.78539823
903 3414 15.2926296 0.0152926296 3.7807309
903 3414 15.2924602 0.0152924602 3.7807309
903 3414 15.2925421 0.0152925421 3.7807309
903 3414 15.2925188 0.0152925188 3.7807309
903 3414 15.2925191 0.0152925191 3.7807309
903 3414 15.2925238 0.0152925238 3.7807309
903 3414 15.2925279 0.0152925279 3.7807309
903 3414 15.2925302 0.0152925302 3.7807309
903 3414 15.2925315 0.0152925315 3.7807309
903 3414 15.2925323 0.0152925323 3.7807309
902 3407 15.2688176 0.0152688176 3.77716186
902 3407 15.2690226 0.0152690226 3.77716186
902 3407 15.2690556 0.0152690556 3.77716186
902 3407 15.2690286 0.0152690286 3.77716186
902 3407 15.2690401 0.0152690401 3.77716186
902 3407 15.2690434 0.0152690434 3.77716186
902 3407 15.2690453 0.0152690453 3.77716186
902 3407 15.2690454 0.0152690454 3.77716186
902 3407 15.2690457 0.0152690457 3.77716186
902 3407 15.2690458 0.0152690458 3.77716186
901 3400 15.2442481 0.0152442481 3.77358491
900 3392 15.2201329 0.0152201329 3.76888889
900 3392 15.2201157 0.0152201157 3.76888889
900 3392 15.2200918 0.0152200918 3.76888889
900 3392 15.220091 0.015220091 3.76888889
900 3392 15.22009 0.01522009 3.76888889
900 3392 15.2200899 0.0152200899 3.76888889
900 3392 15.22009 0.01522009 3.76888889
900 3392 15.22009 0.01522009 3.76888889
900 3392 15.22009 0.01522009 3.76888889
899 3387 15.1947101 0.0151947101 3.76751947
899 3387 15.1947471 0.0151947471 3.76751947
899 3387 15.1947779 0.0151947779 3.76751947
899 3387 15.1947872 0.0151947872 3.76751947
899 3387 15.1947877 0.0151947877 3.76751947
899 3387 15.1947877 0.0151947877 3.76751947
899 3387 15.1947878 0.0151947878 3.76751947
899 3387 15.1947878 0.0151947878 3.76751947
899 3387 15.1947878 0.0151947878 3.76751947
899 3387 15.1947878 0.0151947878 3.76751947
898 3379 15.1687541 0.0151687541 3.76280624
898 3383 15.1679367 0.0151679367 3.76726058
898 3379 15.1685823 0.0151685823 3.76280624
898 3379 15.1686546 0.0151686546 3.76280624
898 3379 15.1687219 0.0151687219 3.76280624
898 3379 15.1687175 0.0151687175 3.76280624
898 3379 15.1687164 0.0151687164 3.76280624
898 3379 15.1687162 0.0151687162 3.76280624
898 3379 15.1687156 0.0151687156 3.76280624
898 3379 15.1687149 0.0151687149 3.76280624
897 3375 15.1427061 0.0151427061 3.76254181
897 3375 15.1428396 0.0151428396 3.76254181
897 3375 15.1428243 0.0151428243 3.76254181
897 3375 15.1428232 0.0151428232 3.76254181
897 3375 15.1428209 0.0151428209 3.76254181
897 3375 15.1428205 0.0151428205 3.76254181
897 3375 15.1428202 0.0151428202 3.76254181
897 3375 15.1428201 0.0151428201 3.76254181
897 3375 15.1428201 0.0151428201 3.76254181
897 3375 15.1428201 0.0151428201 3.76254181
896 3369 15.1161113 0.0151161113 3.76004464
896 3369 15.1160018 0.0151160018 3.76004464
896 3369 15.116007 0.015116007 3.76004464
896 3369 15.1160028 0.0151160028 3.76004464
896 3369 15.1160092 0.0151160092 3.76004464
896 3369 15.1160121 0.0151160121 3.76004464
896 3369 15.1160135 0.0151160135 3.76004464
896 3369 15.1160142 0.0151160142 3.76004464
896 3369 15.1160145 0.0151160145 3.76004464
896 3369 15.1160146 0.0151160146 3.76004464
895 3368 15.0895262 0.0150895262 3.76312849
895 3368 15.089543 0.015089543 3.76312849
895 3368 15.0895305 0.0150895305 3.76312849
895 3368 15.0895368 0.0150895368 3.76312849
895 3368 15.0895302 0.0150895302 3.76312849
895 3368 15.0895355 0.0150895355 3.76312849
895 3368 15.0895314 0.0150895314 3.76312849
895 3368 15.0895351 0.0150895351 3.76312849
895 3368 15.0895317 0.0150895317 3.76312849
895 3368 15.089535 0.015089535 3.76312849
894 3361 15.061585 0.015061585 3.75950783
894 3362 15.0609915 0.0150609915 3.7606264
894 3356 15.0630392 0.0150630392 3.75391499
894 3349 15.06279 0.01506279 3.74608501
894 3356 15.0630917 0.0150630917 3.75391499
894 3356 15.0630647 0.0150630647 3.75391499
894 3356 15.0630764 0.0150630764 3.75391499
894 3356 15.0632026 0.0150632026 3.75391499
894 3356 15.0631708 0.0150631708 3.75391499
894 3356 15.0631838 0.0150631838 3.75391499
893 3343 15.0376208 0.0150376208 3.74356103
893 3343 15.0374674 0.0150374674 3.74356103
893 3355 15.0370387 0.0150370387 3.75699888
893 3346 15.0385709 0.0150385709 3.74692049
893 3346 15.038573 0.015038573 3.74692049
893 3340 15.0383563 0.0150383563 3.74020157
893 3352 15.0385188 0.0150385188 3.75363942
893 3352 15.0385051 0.0150385051 3.75363942
893 3348 15.0379733 0.0150379733 3.74916013
893 3349 15.0396762 0.0150396762 3.75027996
892 3342 15.0133342 0.0150133342 3.74663677
892 3341 15.0132466 0.0150132466 3.7455157
892 3341 15.0210044 0.0150210044 3.7455157
892 3336 15.0296162 0.0150296162 3.73991031
892 3331 15.0347882 0.0150347882 3.73430493
892 3333 15.0364087 0.0150364087 3.73654709
892 3333 15.0365188 0.0150365188 3.73654709
892 3332 15.0388799 0.0150388799 3.73542601
892 3332 15.0389119 0.0150389119 3.73542601
892 3332 15.0388099 0.0150388099 3.73542601
891 3331 15.0143276 0.0150143276 3.73849607
891 3334 15.0140261 0.0150140261 3.74186308
891 3326 15.0139928 0.0150139928 3.7328844
891 3329 15.0143204 0.0150143204 3.7362514
891 3326 15.0139825 0.0150139825 3.7328844
891 3326 15.0138704 0.0150138704 3.7328844
891 3326 15.0138618 0.0150138618 3.7328844
891 3326 15.0138623 0.0150138623 3.7328844
891 3326 15.0138615 0.0150138615 3.7328844
891 3326 15.0138609 0.0150138609 3.7328844
890 3325 14.9898332 0.0149898332 3.73595506
890 3325 14.9898411 0.0149898411 3.73595506
890 3325 14.9897571 0.0149897571 3.73595506
890 3325 14.9897438 0.0149897438 3.73595506
890 3325 14.989748 0.014989748 3.73595506
890 3325 14.9897559 0.0149897559 3.73595506
890 3325 14.9897614 0.0149897614 3.73595506
890 3325 14.9897643 0.0149897643 3.73595506
890 3325 14.9897658 0.0149897658 3.73595506
890 3325 14.9897664 0.0149897664 3.73595506
889 3319 14.9653924 0.0149653924 3.73340832
889 3319 14.965465 0.014965465 3.73340832
889 3319 14.9655083 0.0149655083 3.73340832
889 3319 14.9654933 0.0149654933 3.73340832
889 3319 14.9654935 0.0149654935 3.73340832
889 3319 14.9654954 0.0149654954 3.73340832
889 3319 14.9654964 0.0149654964 3.73340832
889 3319 14.9654967 0.0149654967 3.73340832
889 3319 14.965497 0.014965497 3.73340832
889 3319 14.9654971 0.0149654971 3.73340832
888 3310 14.9395629 0.0149395629 3.72747748
888 3314 14.9236369 0.0149236369 3.73198198
888 3311 14.9423771 0.0149423771 3.7286036
888 3306 14.9419498 0.0149419498 3.72297297
888 3309 14.9428187 0.0149428187 3.72635135
888 3311 14.9415073 0.0149415073 3.7286036
888 3309 14.9427851 0.0149427851 3.72635135
888 3309 14.9427828 0.0149427828 3.72635135
888 3309 14.9427928 0.0149427928 3.72635135
888 3309 14.9427931 0.0149427931 3.72635135
887 3305 14.9186614 0.0149186614 3.72604284
887 3305 14.9187308 0.0149187308 3.72604284
887 3305 14.9187929 0.0149187929 3.72604284
887 3305 14.9187815 0.0149187815 3.72604284
887 3305 14.918783 0.014918783 3.72604284
887 3305 14.9187835 0.0149187835 3.72604284
887 3305 14.9187846 0.0149187846 3.72604284
887 3305 14.9187849 0.0149187849 3.72604284
887 3305 14.918785 0.014918785 3.72604284
887 3305 14.9187851 0.0149187851 3.72604284
886 3300 14.8934572 0.0148934572 3.72460497
886 3300 14.8933821 0.0148933821 3.72460497
886 3300 14.893493 0.014893493 3.72460497
886 3301 14.8932465 0.0148932465 3.72573363
886 3300 14.893406 0.014893406 3.72460497
886 3300 14.8934903 0.0148934903 3.72460497
886 3300 14.8933749 0.0148933749 3.72460497
886 3300 14.8934848 0.0148934848 3.72460497
886 3300 14.8933769 0.0148933769 3.72460497
886 3300 14.8934901 0.0148934901 3.72460497
885 3296 14.8679062 0.0148679062 3.72429379
885 3296 14.8679448 0.0148679448 3.72429379
885 3296 14.8680685 0.0148680685 3.72429379
885 3296 14.8680091 0.0148680091 3.72429379
885 3296 14.8680035 0.0148680035 3.72429379
885 3296 14.8680079 0.0148680079 3.72429379
885 3296 14.8680104 0.0148680104 3.72429379
885 3296 14.8680112 0.0148680112 3.72429379
885 3296 14.8680118 0.0148680118 3.72429379
885 3296 14.8680121 0.0148680121 3.72429379
884 3289 14.8434109 0.0148434109 3.72058824
883 3281 14.8237513 0.0148237513 3.71574179
883 3280 14.8273079 0.0148273079 3.71460929
883 3276 14.8271261 0.0148271261 3.71007928
883 3280 14.8270594 0.0148270594 3.71460929
883 3275 14.8270327 0.0148270327 3.70894677
883 3280 14.8243178 0.0148243178 3.71460929
883 3278 14.8226364 0.0148226364 3.71234428
883 3278 14.821273 0.014821273 3.71234428
883 3275 14.827 0.014827 3.70894677
882 3271 14.8030842 0.0148030842 3.70861678
882 3271 14.8031386 0.0148031386 3.70861678
882 3271 14.8031181 0.0148031181 3.70861678
882 3271 14.8031196 0.0148031196 3.70861678
882 3271 14.8031201 0.0148031201 3.70861678
882 3271 14.8031171 0.0148031171 3.70861678
882 3271 14.8031157 0.0148031157 3.70861678
882 3271 14.8031156 0.0148031156 3.70861678
882 3271 14.8031156 0.0148031156 3.70861678
882 3271 14.8031156 0.0148031156 3.70861678
881 3267 14.7779248 0.0147779248 3.70828604
881 3267 14.7779464 0.0147779464 3.70828604
881 3267 14.777952 0.014777952 3.70828604
881 3267 14.7779496 0.0147779496 3.70828604
881 3267 14.7779517 0.0147779517 3.70828604
881 3267 14.7779526 0.0147779526 3.70828604
881 3267 14.7779531 0.0147779531 3.70828604
881 3267 14.7779533 0.0147779533 3.70828604
881 3267 14.7779534 0.0147779534 3.70828604
881 3267 14.7779535 0.0147779535 3.70828604
880 3249 14.7519413 0.0147519413 3.69204545
880 3249 14.751947 0.014751947 3.69204545
880 3249 14.751961 0.014751961 3.69204545
880 3249 14.7519657 0.0147519657 3.69204545
880 3249 14.7519691 0.0147519691 3.69204545
880 3249 14.7519702 0.0147519702 3.69204545
880 3249 14.7519708 0.0147519708 3.69204545
880 3249 14.751971 0.014751971 3.69204545
880 3249 14.7519711 0.0147519711 3.69204545
880 3249 14.7519712 0.0147519712 3.69204545
879 3244 14.7249692 0.0147249692 3.69055745
879 3244 14.7249375 0.0147249375 3.69055745
879 3244 14.7249155 0.0147249155 3.69055745
879 3244 14.7249215 0.0147249215 3.69055745
879 3244 14.7249227 0.0147249227 3.69055745
879 3244 14.7249231 0.0147249231 3.69055745
879 3244 14.7249233 0.0147249233 3.69055745
879 3244 14.7249234 0.0147249234 3.69055745
879 3244 14.7249235 0.0147249235 3.69055745
879 3244 14.7249235 0.0147249235 3.69055745
878 3239 14.6974748 0.0146974748 3.68906606
878 3239 14.6975176 0.0146975176 3.68906606
878 3240 14.6974611 0.0146974611 3.69020501
878 3239 14.6970858 0.0146970858 3.68906606
878 3238 14.6843294 0.0146843294 3.68792711
878 3252 14.698216 0.014698216 3.70387244
878 3252 14.6981826 0.0146981826 3.70387244
878 3252 14.698199 0.014698199 3.70387244
878 3252 14.6981772 0.0146981772 3.70387244
878 3252 14.6982025 0.0146982025 3.70387244
877 3242 14.6724769 0.0146724769 3.69669327
877 3247 14.6692953 0.0146692953 3.70239453
877 3241 14.6717452 0.0146717452 3.69555302
877 3242 14.6724023 0.0146724023 3.69669327
877 3242 14.6724645 0.0146724645 3.69669327
877 3242 14.67244 0.01467244 3.69669327
877 3242 14.6724056 0.0146724056 3.69669327
877 3242 14.6724078 0.0146724078 3.69669327
877 3242 14.672469 0.014672469 3.69669327
877 3242 14.6724406 0.0146724406 3.69669327
876 3237 14.6470481 0.0146470481 3.69520548
876 3237 14.6471119 0.0146471119 3.69520548
876 3238 14.6468484 0.0146468484 3.69634703
876 3238 14.6468701 0.0146468701 3.69634703
876 3238 14.6468783 0.0146468783 3.69634703
876 3238 14.6468838 0.0146468838 3.69634703
876 3238 14.6468845 0.0146468845 3.69634703
876 3238 14.6468846 0.0146468846 3.69634703
876 3238 14.6468848 0.0146468848 3.69634703
876 3238 14.6468849 0.0146468849 3.69634703
875 3233 14.6217629 0.0146217629 3.69485714
875 3233 14.621831 0.014621831 3.69485714
875 3233 14.6218005 0.0146218005 3.69485714
875 3233 14.6217985 0.0146217985 3.69485714
875 3233 14.6218008 0.0146218008 3.69485714
875 3233 14.6218016 0.0146218016 3.69485714
875 3233 14.621802 0.014621802 3.69485714
875 3233 14.6218022 0.0146218022 3.69485714
875 3233 14.6218023 0.0146218023 3.69485714
875 3233 14.6218024 0.0146218024 3.69485714
874 3227 14.5958904 0.0145958904 3.69221968
874 3227 14.5958187 0.0145958187 3.69221968
874 3227 14.5958062 0.0145958062 3.69221968
874 3227 14.5958259 0.0145958259 3.69221968
874 3227 14.5958088 0.0145958088 3.69221968
874 3227 14.5958281 0.0145958281 3.69221968
874 3227 14.5958094 0.0145958094 3.69221968
874 3227 14.5958284 0.0145958284 3.69221968
874 3227 14.5958095 0.0145958095 3.69221968
874 3227 14.5958285 0.0145958285 3.69221968
873 3219 14.569637 0.014569637 3.68728522
873 3219 14.5696639 0.0145696639 3.68728522
873 3219 14.5696486 0.0145696486 3.68728522
873 3219 14.569648 0.014569648 3.68728522
873 3219 14.5696485 0.0145696485 3.68728522
873 3219 14.5696488 0.0145696488 3.68728522
873 3219 14.569649 0.014569649 3.68728522
873 3219 14.5696491 0.0145696491 3.68728522
873 3219 14.5696492 0.0145696492 3.68728522
873 3219 14.5696492 0.0145696492 3.68728522
872 3214 14.543197 0.014543197 3.68577982
872 3216 14.5426065 0.0145426065 3.68807339
872 3216 14.5527259 0.0145527259 3.68807339
872 3217 14.5551868 0.0145551868 3.68922018
872 3216 14.5548128 0.0145548128 3.68807339
872 3216 14.5560791 0.0145560791 3.68807339
872 3216 14.5559818 0.0145559818 3.68807339
872 3216 14.5559763 0.0145559763 3.68807339
872 3216 14.5559805 0.0145559805 3.68807339
872 3216 14.5559805 0.0145559805 3.68807339
871 3211 14.5303537 0.0145303537 3.68656716
871 3211 14.5303275 0.0145303275 3.68656716
871 3211 14.5303089 0.0145303089 3.68656716
871 3211 14.5303148 0.0145303148 3.68656716
871 3211 14.5303151 0.0145303151 3.68656716
871 3211 14.5303153 0.0145303153 3.68656716
871 3211 14.5303153 0.0145303153 3.68656716
871 3211 14.5303154 0.0145303154 3.68656716
871 3211 14.5303154 0.0145303154 3.68656716
871 3211 14.5303154 0.0145303154 3.68656716
870 3203 14.5037612 0.0145037612 3.6816092
870 3203 14.5038593 0.0145038593 3.6816092
870 3203 14.5038859 0.0145038859 3.6816092
870 3203 14.5038763 0.0145038763 3.6816092
870 3203 14.5038776 0.0145038776 3.6816092
870 3203 14.5038765 0.0145038765 3.6816092
870 3203 14.5038768 0.0145038768 3.6816092
870 3203 14.5038768 0.0145038768 3.6816092
870 3203 14.5038768 0.0145038768 3.6816092
870 3203 14.5038769 0.0145038769 3.6816092
869 3190 14.4776179 0.0144776179 3.67088608
869 3190 14.4774724 0.0144774724 3.67088608
869 3190 14.4775385 0.0144775385 3.67088608
869 3190 14.4775809 0.0144775809 3.67088608
869 3190 14.477581 0.014477581 3.67088608
869 3190 14.4775813 0.0144775813 3.67088608
869 3190 14.4775817 0.0144775817 3.67088608
869 3190 14.4775818 0.0144775818 3.67088608
869 3190 14.4775819 0.0144775819 3.67088608
869 3190 14.477582 0.014477582 3.67088608
868 3184 14.4505712 0.0144505712 3.66820276
868 3183 14.4500255 0.0144500255 3.66705069
868 3190 14.4490731 0.0144490731 3.67511521
868 3190 14.4520853 0.0144520853 3.67511521
868 3184 14.4343146 0.0144343146 3.66820276
868 3182 14.4550654 0.0144550654 3.66589862
868 3180 14.4545746 0.0144545746 3.66359447
868 3180 14.4543665 0.0144543665 3.66359447
868 3179 14.4412366 0.0144412366 3.6624424
868 3182 14.4549495 0.0144549495 3.66589862
867 3172 14.4318456 0.0144318456 3.65859285
867 3173 14.4280312 0.0144280312 3.65974625
867 3172 14.4319442 0.0144319442 3.65859285
867 3172 14.4309755 0.0144309755 3.65859285
867 3172 14.4319635 0.0144319635 3.65859285
867 3172 14.4319722 0.0144319722 3.65859285
867 3172 14.4319731 0.0144319731 3.65859285
867 3172 14.4319735 0.0144319735 3.65859285
867 3172 14.431974 0.014431974 3.65859285
867 3172 14.4319744 0.0144319744 3.65859285
866 3167 14.4073556 0.0144073556 3.65704388
866 3167 14.40736 0.01440736 3.65704388
866 3167 14.407324 0.014407324 3.65704388
866 3167 14.4073329 0.0144073329 3.65704388
866 3167 14.4073314 0.0144073314 3.65704388
866 3167 14.4073525 0.0144073525 3.65704388
866 3167 14.4073302 0.0144073302 3.65704388
866 3167 14.4073311 0.0144073311 3.65704388
866 3167 14.4073325 0.0144073325 3.65704388
866 3167 14.4073528 0.0144073528 3.65704388
865 3162 14.3809304 0.0143809304 3.65549133
865 3162 14.3809588 0.0143809588 3.65549133
865 3160 14.367659 0.014367659 3.65317919
865 3160 14.3803635 0.0143803635 3.65317919
865 3162 14.3808011 0.0143808011 3.65549133
865 3162 14.3807789 0.0143807789 3.65549133
865 3162 14.3807721 0.0143807721 3.65549133
865 3162 14.3807699 0.0143807699 3.65549133
865 3162 14.3807703 0.0143807703 3.65549133
865 3162 14.3807705 0.0143807705 3.65549133
864 3155 14.3560344 0.0143560344 3.65162037
864 3155 14.3561115 0.0143561115 3.65162037
864 3155 14.3560414 0.0143560414 3.65162037
864 3155 14.3561019 0.0143561019 3.65162037
864 3155 14.3561331 0.0143561331 3.65162037
864 3155 14.356135 0.014356135 3.65162037
864 3155 14.3561347 0.0143561347 3.65162037
864 3155 14.3561346 0.0143561346 3.65162037
864 3155 14.3561347 0.0143561347 3.65162037
864 3155 14.3561346 0.0143561346 3.65162037
863 3146 14.3308384 0.0143308384 3.64542294
863 3146 14.3307679 0.0143307679 3.64542294
863 3150 14.3302565 0.0143302565 3.65005794
863 3146 14.3308019 0.0143308019 3.64542294
863 3146 14.3307669 0.0143307669 3.64542294
863 3146 14.3307789 0.0143307789 3.64542294
863 3146 14.3307774 0.0143307774 3.64542294
863 3146 14.3307776 0.0143307776 3.64542294
863 3146 14.3307776 0.0143307776 3.64542294
863 3146 14.3307775 0.0143307775 3.64542294
862 3141 14.3052541 0.0143052541 3.64385151
862 3141 14.3051772 0.0143051772 3.64385151
862 3141 14.3052282 0.0143052282 3.64385151
862 3141 14.3051652 0.0143051652 3.64385151
862 3141 14.3052332 0.0143052332 3.64385151
862 3141 14.3052203 0.0143052203 3.64385151
862 3141 14.3051728 0.0143051728 3.64385151
862 3141 14.3052344 0.0143052344 3.64385151
862 3141 14.3052207 0.0143052207 3.64385151
862 3141 14.305173 0.014305173 3.64385151
861 3133 14.279048 0.014279048 3.6387921
861 3133 14.2790456 0.0142790456 3.6387921
861 3133 14.2790264 0.0142790264 3.6387921
861 3133 14.2790379 0.0142790379 3.6387921
861 3133 14.2790334 0.0142790334 3.6387921
861 3133 14.2790462 0.0142790462 3.6387921
861 3133 14.2790481 0.0142790481 3.6387921
861 3133 14.2790485 0.0142790485 3.6387921
861 3133 14.2790487 0.0142790487 3.6387921
861 3133 14.2790488 0.0142790488 3.6387921
860 3125 14.253051 0.014253051 3.63372093
860 3125 14.2531388 0.0142531388 3.63372093
860 3125 14.2530861 0.0142530861 3.63372093
860 3125 14.2531007 0.0142531007 3.63372093
860 3125 14.2531036 0.0142531036 3.63372093
860 3125 14.2531009 0.0142531009 3.63372093
860 3125 14.2531011 0.0142531011 3.63372093
860 3125 14.2531012 0.0142531012 3.63372093
860 3125 14.2531012 0.0142531012 3.63372093
860 3125 14.2531013 0.0142531013 3.63372093
859 3120 14.2265064 0.0142265064 3.63213038
859 3120 14.2264902 0.0142264902 3.63213038
859 3120 14.2264878 0.0142264878 3.63213038
859 3120 14.2264929 0.0142264929 3.63213038
859 3120 14.2264932 0.0142264932 3.63213038
859 3120 14.226493 0.014226493 3.63213038
859 3120 14.2264929 0.0142264929 3.63213038
859 3120 14.2264929 0.0142264929 3.63213038
859 3120 14.2264929 0.0142264929 3.63213038
859 3120 14.2264929 0.0142264929 3.63213038
858 3115 14.1995894 0.0141995894 3.63053613
858 3115 14.1996793 0.0141996793 3.63053613
858 3115 14.1996598 0.0141996598 3.63053613
858 3115 14.1996534 0.0141996534 3.63053613
858 3115 14.1996526 0.0141996526 3.63053613
858 3115 14.1996531 0.0141996531 3.63053613
858 3115 14.199653 0.014199653 3.63053613
858 3115 14.199653 0.014199653 3.63053613
858 3115 14.199653 0.014199653 3.63053613
858 3115 14.199653 0.014199653 3.63053613
857 3107 14.171714 0.014171714 3.62543757
856 3098 14.1482497 0.0141482497 3.61915888
856 3098 14.1483004 0.0141483004 3.61915888
856 3098 14.1482955 0.0141482955 3.61915888
856 3098 14.1483016 0.0141483016 3.61915888
856 3098 14.148302 0.014148302 3.61915888
856 3098 14.1483024 0.0141483024 3.61915888
856 3098 14.1483024 0.0141483024 3.61915888
856 3098 14.1483024 0.0141483024 3.61915888
856 3098 14.1483024 0.0141483024 3.61915888
855 3089 14.1203365 0.0141203365 3.6128655
855 3094 14.1202966 0.0141202966 3.61871345
855 3090 14.1211524 0.0141211524 3.61403509
855 3090 14.1235094 0.0141235094 3.61403509
855 3090 14.1234622 0.0141234622 3.61403509
855 3090 14.1224868 0.0141224868 3.61403509
855 3094 14.1283484 0.0141283484 3.61871345
855 3099 14.1317896 0.0141317896 3.6245614
855 3099 14.1406334 0.0141406334 3.6245614
855 3100 14.1464014 0.0141464014 3.62573099
854 3096 14.1247992 0.0141247992 3.62529274
854 3096 14.1216553 0.0141216553 3.62529274
854 3094 14.1243144 0.0141243144 3.62295082
854 3102 14.1237496 0.0141237496 3.6323185
854 3094 14.1297648 0.0141297648 3.62295082
854 3089 14.1308993 0.0141308993 3.61709602
854 3089 14.1308924 0.0141308924 3.61709602
854 3089 14.1309014 0.0141309014 3.61709602
854 3089 14.1309024 0.0141309024 3.61709602
854 3089 14.1309024 0.0141309024 3.61709602
853 3085 14.10681 0.01410681 3.61664713
853 3085 14.1068867 0.0141068867 3.61664713
853 3085 14.1068387 0.0141068387 3.61664713
853 3085 14.1068562 0.0141068562 3.61664713
853 3085 14.1068376 0.0141068376 3.61664713
853 3085 14.1068576 0.0141068576 3.61664713
853 3085 14.1068382 0.0141068382 3.61664713
853 3085 14.1068578 0.0141068578 3.61664713
853 3085 14.1068383 0.0141068383 3.61664713
853 3085 14.1068579 0.0141068579 3.61664713
852 3077 14.0813629 0.0140813629 3.61150235
852 3080 14.0817518 0.0140817518 3.61502347
852 3080 14.0817121 0.0140817121 3.61502347
852 3080 14.0816809 0.0140816809 3.61502347
852 3080 14.0817244 0.0140817244 3.61502347
852 3080 14.0817273 0.0140817273 3.61502347
852 3080 14.081728 0.014081728 3.61502347
852 3080 14.0817283 0.0140817283 3.61502347
852 3080 14.0817285 0.0140817285 3.61502347
852 3080 14.0817285 0.0140817285 3.61502347
851 3072 14.0566603 0.0140566603 3.60987074
851 3072 14.0566648 0.0140566648 3.60987074
851 3072 14.0566495 0.0140566495 3.60987074
851 3072 14.0566528 0.0140566528 3.60987074
851 3072 14.056654 0.014056654 3.60987074
851 3072 14.0566543 0.0140566543 3.60987074
851 3072 14.0566545 0.0140566545 3.60987074
851 3072 14.0566546 0.0140566546 3.60987074
851 3072 14.0566546 0.0140566546 3.60987074
851 3072 14.0566546 0.0140566546 3.60987074
850 3064 14.0316162 0.0140316162 3.60470588
850 3064 14.0317087 0.0140317087 3.60470588
850 3065 14.0311276 0.0140311276 3.60588235
850 3065 14.0314772 0.0140314772 3.60588235
850 3065 14.031468 0.014031468 3.60588235
850 3065 14.0314798 0.0140314798 3.60588235
850 3065 14.0314817 0.0140314817 3.60588235
850 3065 14.0314826 0.0140314826 3.60588235
850 3065 14.0314832 0.0140314832 3.60588235
850 3065 14.0314835 0.0140314835 3.60588235
849 3057 14.0064789 0.0140064789 3.60070671
849 3057 14.0064698 0.0140064698 3.60070671
849 3057 14.0064975 0.0140064975 3.60070671
849 3057 14.0065007 0.0140065007 3.60070671
849 3057 14.006504 0.014006504 3.60070671
849 3057 14.0065056 0.0140065056 3.60070671
849 3057 14.0065064 0.0140065064 3.60070671
849 3057 14.0065069 0.0140065069 3.60070671
849 3057 14.0065072 0.0140065072 3.60070671
849 3057 14.0065074 0.0140065074 3.60070671
848 3052 13.9803479 0.0139803479 3.5990566
848 3052 13.9788986 0.0139788986 3.5990566
848 3052 13.9803416 0.0139803416 3.5990566
848 3052 13.9803581 0.0139803581 3.5990566
848 3052 13.9803622 0.0139803622 3.5990566
848 3052 13.9803624 0.0139803624 3.5990566
848 3052 13.9803628 0.0139803628 3.5990566
848 3052 13.9803627 0.0139803627 3.5990566
848 3052 13.9803628 0.0139803628 3.5990566
848 3052 13.9803629 0.0139803629 3.5990566
847 3047 13.9546309 0.0139546309 3.5974026
847 3047 13.9546455 0.0139546455 3.5974026
847 3047 13.9545453 0.0139545453 3.5974026
847 3047 13.9546597 0.0139546597 3.5974026
847 3047 13.9545375 0.0139545375 3.5974026
847 3047 13.9546593 0.0139546593 3.5974026
847 3047 13.9545368 0.0139545368 3.5974026
847 3047 13.9546593 0.0139546593 3.5974026
847 3047 13.9545368 0.0139545368 3.5974026
847 3047 13.9546593 0.0139546593 3.5974026
846 3044 13.9275261 0.0139275261 3.59810875
846 3042 13.9211369 0.0139211369 3.59574468
846 3044 13.9469164 0.0139469164 3.59810875
846 3044 13.9469259 0.0139469259 3.59810875
846 3044 13.9469384 0.0139469384 3.59810875
846 3044 13.9469468 0.0139469468 3.59810875
846 3044 13.9469493 0.0139469493 3.59810875
846 3044 13.9469502 0.0139469502 3.59810875
846 3044 13.9469515 0.0139469515 3.59810875
846 3044 13.9469523 0.0139469523 3.59810875
845 3034 13.9215683 0.0139215683 3.59053254
845 3032 13.9194317 0.0139194317 3.58816568
845 3030 13.9192233 0.0139192233 3.58579882
845 3028 13.9186945 0.0139186945 3.58343195
845 3027 13.9211991 0.0139211991 3.58224852
845 3027 13.9211438 0.0139211438 3.58224852
845 3027 13.9211565 0.0139211565 3.58224852
845 3027 13.921156 0.013921156 3.58224852
845 3027 13.9211573 0.0139211573 3.58224852
845 3027 13.9211567 0.0139211567 3.58224852
844 3022 13.8963944 0.0138963944 3.58056872
844 3022 13.8963834 0.0138963834 3.58056872
844 3022 13.8963859 0.0138963859 3.58056872
844 3022 13.8963897 0.0138963897 3.58056872
844 3022 13.8963901 0.0138963901 3.58056872
844 3022 13.89639 0.01389639 3.58056872
844 3022 13.89639 0.01389639 3.58056872
844 3022 13.89639 0.01389639 3.58056872
844 3022 13.89639 0.01389639 3.58056872
844 3022 13.89639 0.01389639 3.58056872
843 3017 13.8702759 0.0138702759 3.57888493
843 3017 13.8703583 0.0138703583 3.57888493
843 3017 13.8703527 0.0138703527 3.57888493
843 3017 13.8703484 0.0138703484 3.57888493
843 3017 13.8702959 0.0138702959 3.57888493
843 3017 13.870245 0.013870245 3.57888493
843 3017 13.8703048 0.0138703048 3.57888493
843 3017 13.8702495 0.0138702495 3.57888493
843 3017 13.8703083 0.0138703083 3.57888493
843 3017 13.8702509 0.0138702509 3.57888493
842 3010 13.842158 0.013842158 3.57482185
842 3012 13.8377464 0.0138377464 3.57719715
842 3010 13.8471674 0.0138471674 3.57482185
842 3005 13.8559123 0.0138559123 3.56888361
842 3007 13.8622291 0.0138622291 3.57125891
842 3008 13.8649601 0.0138649601 3.57244656
842 3004 13.8698195 0.0138698195 3.56769596
842 3004 13.869596 0.013869596 3.56769596
842 3005 13.8681995 0.0138681995 3.56888361
842 3008 13.8670507 0.0138670507 3.57244656
841 2999 13.8463629 0.0138463629 3.56599287
841 2999 13.8463446 0.0138463446 3.56599287
841 2999 13.8463315 0.0138463315 3.56599287
841 2999 13.8463141 0.0138463141 3.56599287
841 2999 13.8463285 0.0138463285 3.56599287
841 2999 13.8463147 0.0138463147 3.56599287
841 2999 13.8463298 0.0138463298 3.56599287
841 2999 13.8463153 0.0138463153 3.56599287
841 2999 13.8463303 0.0138463303 3.56599287
841 2999 13.8463155 0.0138463155 3.56599287
840 2991 13.8219502 0.0138219502 3.56071429
840 2991 13.8219848 0.0138219848 3.56071429
840 2991 13.8219597 0.0138219597 3.56071429
840 2991 13.8219516 0.0138219516 3.56071429
840 2991 13.8219522 0.0138219522 3.56071429
840 2991 13.8219509 0.0138219509 3.56071429
840 2991 13.821951 0.013821951 3.56071429
840 2991 13.8219511 0.0138219511 3.56071429
840 2991 13.8219511 0.0138219511 3.56071429
840 2991 13.8219511 0.0138219511 3.56071429
839 2986 13.7977664 0.0137977664 3.55899881
839 2986 13.7978287 0.0137978287 3.55899881
839 2986 13.7978281 0.0137978281 3.55899881
839 2986 13.7978084 0.0137978084 3.55899881
839 2986 13.7978277 0.0137978277 3.55899881
839 2986 13.7978092 0.0137978092 3.55899881
839 2986 13.7978277 0.0137978277 3.55899881
839 2986 13.7978096 0.0137978096 3.55899881
839 2986 13.7978279 0.0137978279 3.55899881
839 2986 13.7978098 0.0137978098 3.55899881
838 2981 13.773222 0.013773222 3.55727924
838 2982 13.7622974 0.0137622974 3.55847255
838 2982 13.7799441 0.0137799441 3.55847255
838 2983 13.787948 0.013787948 3.55966587
838 2984 13.775627 0.013775627 3.56085919
838 2982 13.7907704 0.0137907704 3.55847255
838 2985 13.7799274 0.0137799274 3.56205251
838 2986 13.7810425 0.0137810425 3.56324582
838 2983 13.7849684 0.0137849684 3.55966587
838 2983 13.7885131 0.0137885131 3.55966587
837 2978 13.7690099 0.0137690099 3.55794504
837 2978 13.7690154 0.0137690154 3.55794504
837 2978 13.7689991 0.0137689991 3.55794504
837 2978 13.769007 0.013769007 3.55794504
837 2978 13.769012 0.013769012 3.55794504
837 2978 13.7690158 0.0137690158 3.55794504
837 2978 13.7690186 0.0137690186 3.55794504
837 2978 13.7690204 0.0137690204 3.55794504
837 2978 13.7690215 0.0137690215 3.55794504
837 2978 13.7690223 0.0137690223 3.55794504
836 2970 13.7449269 0.0137449269 3.55263158
836 2970 13.7448972 0.0137448972 3.55263158
836 2970 13.7448813 0.0137448813 3.55263158
836 2970 13.7448835 0.0137448835 3.55263158
836 2970 13.7448848 0.0137448848 3.55263158
836 2970 13.7448857 0.0137448857 3.55263158
836 2970 13.7448863 0.0137448863 3.55263158
836 2970 13.7448867 0.0137448867 3.55263158
836 2970 13.7448869 0.0137448869 3.55263158
836 2970 13.744887 0.013744887 3.55263158
835 2962 13.7206713 0.0137206713 3.54730539
835 2962 13.7207322 0.0137207322 3.54730539
835 2962 13.7206977 0.0137206977 3.54730539
835 2962 13.7206911 0.0137206911 3.54730539
835 2962 13.720692 0.013720692 3.54730539
835 2962 13.7206915 0.0137206915 3.54730539
835 2962 13.7206917 0.0137206917 3.54730539
835 2962 13.7206918 0.0137206918 3.54730539
835 2962 13.7206918 0.0137206918 3.54730539
835 2962 13.7206919 0.0137206919 3.54730539
834 2957 13.6962418 0.0136962418 3.54556355
834 2957 13.6962997 0.0136962997 3.54556355
834 2957 13.6962893 0.0136962893 3.54556355
834 2957 13.6962875 0.0136962875 3.54556355
834 2957 13.6962874 0.0136962874 3.54556355
834 2957 13.6962885 0.0136962885 3.54556355
834 2957 13.6962891 0.0136962891 3.54556355
834 2957 13.6962895 0.0136962895 3.54556355
834 2957 13.6962898 0.0136962898 3.54556355
834 2957 13.6962899 0.0136962899 3.54556355
833 2951 13.6705492 0.0136705492 3.54261705
833 2951 13.6705794 0.0136705794 3.54261705
833 2951 13.6706452 0.0136706452 3.54261705
833 2951 13.6706409 0.0136706409 3.54261705
833 2951 13.6706413 0.0136706413 3.54261705
833 2951 13.6706416 0.0136706416 3.54261705
833 2951 13.670642 0.013670642 3.54261705
833 2951 13.6706425 0.0136706425 3.54261705
833 2951 13.6706429 0.0136706429 3.54261705
833 2951 13.6706431 0.0136706431 3.54261705
832 2945 13.6440861 0.0136440861 3.53966346
832 2947 13.643659 0.013643659 3.54206731
832 2947 13.6438095 0.0136438095 3.54206731
832 2945 13.6439485 0.0136439485 3.53966346
832 2945 13.6439842 0.0136439842 3.53966346
832 2945 13.6439726 0.0136439726 3.53966346
832 2945 13.643977 0.013643977 3.53966346
832 2945 13.6439731 0.0136439731 3.53966346
832 2945 13.643977 0.013643977 3.53966346
832 2945 13.6439733 0.0136439733 3.53966346
831 2937 13.6171876 0.0136171876 3.53429603
831 2941 13.6175511 0.0136175511 3.53910951
831 2941 13.6175138 0.0136175138 3.53910951
831 2941 13.6174147 0.0136174147 3.53910951
831 2941 13.6173768 0.0136173768 3.53910951
831 2944 13.61721 0.01361721 3.54271961
831 2940 13.6048398 0.0136048398 3.53790614
831 2941 13.626276 0.013626276 3.53910951
831 2941 13.626407 0.013626407 3.53910951
831 2941 13.626335 0.013626335 3.53910951
830 2937 13.6003586 0.0136003586 3.53855422
830 2935 13.5998559 0.0135998559 3.53614458
830 2935 13.5998562 0.0135998562 3.53614458
830 2935 13.5998654 0.0135998654 3.53614458
830 2935 13.5998672 0.0135998672 3.53614458
830 2935 13.599867 0.013599867 3.53614458
830 2935 13.5998673 0.0135998673 3.53614458
830 2935 13.5998676 0.0135998676 3.53614458
830 2935 13.5998677 0.0135998677 3.53614458
830 2935 13.5998678 0.0135998678 3.53614458
829 2931 13.5742725 0.0135742725 3.53558504
829 2931 13.5742683 0.0135742683 3.53558504
829 2931 13.5742682 0.0135742682 3.53558504
829 2931 13.5742689 0.0135742689 3.53558504
829 2931 13.5742689 0.0135742689 3.53558504
829 2931 13.574269 0.013574269 3.53558504
829 2931 13.574269 0.013574269 3.53558504
829 2931 13.5742691 0.0135742691 3.53558504
829 2931 13.5742691 0.0135742691 3.53558504
829 2931 13.5742691 0.0135742691 3.53558504
828 2923 13.547947 0.013547947 3.53019324
828 2923 13.5479261 0.0135479261 3.53019324
828 2923 13.5479094 0.0135479094 3.53019324
828 2923 13.5479093 0.0135479093 3.53019324
828 2923 13.5479093 0.0135479093 3.53019324
828 2923 13.5479093 0.0135479093 3.53019324
828 2923 13.5479093 0.0135479093 3.53019324
828 2923 13.5479093 0.0135479093 3.53019324
828 2923 13.5479094 0.0135479094 3.53019324
828 2923 13.5479094 0.0135479094 3.53019324
827 2920 13.5205313 0.0135205313 3.53083434
827 2920 13.520519 0.013520519 3.53083434
827 2920 13.5205107 0.0135205107 3.53083434
827 2920 13.5206636 0.0135206636 3.53083434
827 2920 13.5205534 0.0135205534 3.53083434
827 2918 13.519908 0.013519908 3.52841596
827 2921 13.5194859 0.0135194859 3.53204353
827 2924 13.5203251 0.0135203251 3.5356711
827 2924 13.520305 0.013520305 3.5356711
827 2924 13.5203135 0.0135203135 3.5356711
826 2916 13.4944409 0.0134944409 3.53026634
826 2916 13.4944594 0.0134944594 3.53026634
826 2916 13.4944196 0.0134944196 3.53026634
826 2916 13.4944636 0.0134944636 3.53026634
826 2916 13.494419 0.013494419 3.53026634
826 2916 13.4944637 0.0134944637 3.53026634
826 2916 13.4944191 0.0134944191 3.53026634
826 2916 13.4944637 0.0134944637 3.53026634
826 2916 13.4944191 0.0134944191 3.53026634
826 2916 13.4944637 0.0134944637 3.53026634
825 2913 13.4667804 0.0134667804 3.53090909
825 2913 13.4667808 0.0134667808 3.53090909
825 2913 13.4668877 0.0134668877 3.53090909
825 2913 13.4668729 0.0134668729 3.53090909
825 2913 13.4668735 0.0134668735 3.53090909
825 2913 13.4668732 0.0134668732 3.53090909
825 2913 13.4668733 0.0134668733 3.53090909
825 2913 13.4668733 0.0134668733 3.53090909
825 2913 13.4668733 0.0134668733 3.53090909
825 2913 13.4668733 0.0134668733 3.53090909
824 2907 13.4391208 0.0134391208 3.52791262
824 2907 13.4390943 0.0134390943 3.52791262
824 2905 13.4384115 0.0134384115 3.52548544
824 2909 13.4326503 0.0134326503 3.53033981
824 2904 13.446297 0.013446297 3.52427184
824 2904 13.4463631 0.0134463631 3.52427184
824 2904 13.4463575 0.0134463575 3.52427184
824 2904 13.4463636 0.0134463636 3.52427184
824 2904 13.4463558 0.0134463558 3.52427184
824 2904 13.4463629 0.0134463629 3.52427184
823 2898 13.4189848 0.0134189848 3.52126367
823 2898 13.4189348 0.0134189348 3.52126367
823 2898 13.4189113 0.0134189113 3.52126367
823 2898 13.4189105 0.0134189105 3.52126367
823 2898 13.4189104 0.0134189104 3.52126367
823 2898 13.4189105 0.0134189105 3.52126367
823 2898 13.4189105 0.0134189105 3.52126367
823 2898 13.4189105 0.0134189105 3.52126367
823 2898 13.4189105 0.0134189105 3.52126367
823 2898 13.4189105 0.0134189105 3.52126367
822 2895 13.391036 0.013391036 3.52189781
822 2892 13.389957 0.013389957 3.51824818
822 2895 13.3909762 0.0133909762 3.52189781
822 2895 13.3910512 0.0133910512 3.52189781
822 2895 13.3910521 0.0133910521 3.52189781
822 2895 13.3910607 0.0133910607 3.52189781
822 2895 13.3910616 0.0133910616 3.52189781
822 2895 13.3910616 0.0133910616 3.52189781
822 2895 13.3910616 0.0133910616 3.52189781
822 2895 13.3910617 0.0133910617 3.52189781
821 2889 13.3627835 0.0133627835 3.51887942
821 2889 13.3627533 0.0133627533 3.51887942
821 2889 13.362808 0.013362808 3.51887942
821 2889 13.3628244 0.0133628244 3.51887942
821 2889 13.3628242 0.0133628242 3.51887942
821 2889 13.3628247 0.0133628247 3.51887942
821 2889 13.3628248 0.0133628248 3.51887942
821 2889 13.3628249 0.0133628249 3.51887942
821 2889 13.362825 0.013362825 3.51887942
821 2889 13.362825 0.013362825 3.51887942
820 2887 13.3337508 0.0133337508 3.52073171
820 2881 13.3282811 0.0133282811 3.51341463
820 2885 13.3353969 0.0133353969 3.51829268
820 2883 13.33599 0.01333599 3.51585366
820 2883 13.3359747 0.0133359747 3.51585366
820 2883 13.3359576 0.0133359576 3.51585366
820 2883 13.3359549 0.0133359549 3.51585366
820 2883 13.3359533 0.0133359533 3.51585366
820 2883 13.3359533 0.0133359533 3.51585366
820 2883 13.3359533 0.0133359533 3.51585366
819 2877 13.3089065 0.0133089065 3.51282051
819 2877 13.3089705 0.0133089705 3.51282051
819 2877 13.3089195 0.0133089195 3.51282051
819 2877 13.3089752 0.0133089752 3.51282051
819 2877 13.3089516 0.0133089516 3.51282051
819 2877 13.3089437 0.0133089437 3.51282051
819 2877 13.3089443 0.0133089443 3.51282051
819 2877 13.3089447 0.0133089447 3.51282051
819 2877 13.3089448 0.0133089448 3.51282051
819 2877 13.3089449 0.0133089449 3.51282051
818 2871 13.2803865 0.0132803865 3.50977995
818 2871 13.28046 0.01328046 3.50977995
818 2874 13.2801964 0.0132801964 3.51344743
818 2874 13.2802166 0.0132802166 3.51344743
818 2871 13.2803394 0.0132803394 3.50977995
818 2871 13.280493 0.013280493 3.50977995
818 2871 13.2805285 0.0132805285 3.50977995
818 2874 13.2801876 0.0132801876 3.51344743
818 2874 13.2802168 0.0132802168 3.51344743
818 2871 13.2803391 0.0132803391 3.50977995
817 2868 13.252231 0.013252231 3.51040392
817 2868 13.2522266 0.0132522266 3.51040392
817 2868 13.2521228 0.0132521228 3.51040392
817 2868 13.252167 0.013252167 3.51040392
817 2868 13.2521672 0.0132521672 3.51040392
817 2868 13.2521681 0.0132521681 3.51040392
817 2868 13.252168 0.013252168 3.51040392
817 2868 13.2521681 0.0132521681 3.51040392
817 2868 13.2521682 0.0132521682 3.51040392
817 2868 13.2521682 0.0132521682 3.51040392
816 2856 13.2232865 0.0132232865 3.5
816 2862 13.2128815 0.0132128815 3.50735294
816 2853 13.2348008 0.0132348008 3.49632353
816 2854 13.2480265 0.0132480265 3.49754902
816 2854 13.2586571 0.0132586571 3.49754902
816 2854 13.2670323 0.0132670323 3.49754902
816 2856 13.271265 0.013271265 3.5
816 2856 13.2711254 0.0132711254 3.5
816 2856 13.2711576 0.0132711576 3.5
816 2856 13.2711538 0.0132711538 3.5
815 2848 13.2444146 0.0132444146 3.49447853
815 2848 13.2444718 0.0132444718 3.49447853
815 2848 13.2445678 0.0132445678 3.49447853
815 2848 13.2445594 0.0132445594 3.49447853
815 2848 13.2445602 0.0132445602 3.49447853
815 2848 13.2445592 0.0132445592 3.49447853
815 2848 13.244559 0.013244559 3.49447853
815 2848 13.244559 0.013244559 3.49447853
815 2848 13.2445589 0.0132445589 3.49447853
815 2848 13.2445589 0.0132445589 3.49447853
814 2845 13.2165386 0.0132165386 3.495086
814 2845 13.2163739 0.0132163739 3.495086
814 2845 13.2163613 0.0132163613 3.495086
814 2845 13.2163611 0.0132163611 3.495086
814 2845 13.216361 0.013216361 3.495086
814 2845 13.216361 0.013216361 3.495086
814 2845 13.216361 0.013216361 3.495086
814 2845 13.2163611 0.0132163611 3.495086
814 2845 13.2163611 0.0132163611 3.495086
814 2845 13.2163611 0.0132163611 3.495086
813 2843 13.1882282 0.0131882282 3.49692497
813 2839 13.1875981 0.0131875981 3.49200492
813 2843 13.1881641 0.0131881641 3.49692497
813 2843 13.1882578 0.0131882578 3.49692497
813 2843 13.1882643 0.0131882643 3.49692497
813 2843 13.1882732 0.0131882732 3.49692497
813 2843 13.1882744 0.0131882744 3.49692497
813 2843 13.1882746 0.0131882746 3.49692497
813 2843 13.1882747 0.0131882747 3.49692497
813 2843 13.1882747 0.0131882747 3.49692497
812 2837 13.1601293 0.0131601293 3.49384236
812 2837 13.1600156 0.0131600156 3.49384236
812 2837 13.1600537 0.0131600537 3.49384236
812 2837 13.1600829 0.0131600829 3.49384236
812 2837 13.1600409 0.0131600409 3.49384236
812 2837 13.1600546 0.0131600546 3.49384236
812 2837 13.1600838 0.0131600838 3.49384236
812 2837 13.1600414 0.0131600414 3.49384236
812 2837 13.160055 0.013160055 3.49384236
812 2837 13.160084 0.013160084 3.49384236
811 2831 13.1307619 0.0131307619 3.49075216
811 2831 13.1307367 0.0131307367 3.49075216
811 2835 13.1298524 0.0131298524 3.49568434
811 2831 13.128419 0.013128419 3.49075216
811 2833 13.1318752 0.0131318752 3.49321825
811 2829 13.1357713 0.0131357713 3.48828607
811 2826 13.1381979 0.0131381979 3.48458693
811 2830 13.1353757 0.0131353757 3.48951911
811 2831 13.1422376 0.0131422376 3.49075216
811 2837 13.1336662 0.0131336662 3.49815043
810 2829 13.1172025 0.0131172025 3.49259259
810 2829 13.1172141 0.0131172141 3.49259259
810 2834 13.1167234 0.0131167234 3.49876543
810 2830 13.1163893 0.0131163893 3.49382716
810 2829 13.1172866 0.0131172866 3.49259259
810 2825 13.1131973 0.0131131973 3.48765432
810 2829 13.1171483 0.0131171483 3.49259259
810 2829 13.1172482 0.0131172482 3.49259259
810 2829 13.1172135 0.0131172135 3.49259259
810 2829 13.1172451 0.0131172451 3.49259259
809 2823 13.090894 0.013090894 3.4894932
809 2823 13.0909741 0.0130909741 3.4894932
809 2826 13.0908283 0.0130908283 3.49320148
809 2826 13.0908588 0.0130908588 3.49320148
809 2826 13.092324 0.013092324 3.49320148
809 2826 13.0924413 0.0130924413 3.49320148
809 2826 13.0924348 0.0130924348 3.49320148
809 2826 13.0924356 0.0130924356 3.49320148
809 2826 13.0924365 0.0130924365 3.49320148
809 2826 13.0924364 0.0130924364 3.49320148
808 2820 13.0650972 0.0130650972 3.49009901
808 2820 13.0649738 0.0130649738 3.49009901
808 2820 13.0649578 0.0130649578 3.49009901
808 2820 13.0649602 0.0130649602 3.49009901
808 2820 13.0649607 0.0130649607 3.49009901
808 2820 13.0649611 0.0130649611 3.49009901
808 2820 13.0649613 0.0130649613 3.49009901
808 2820 13.0649615 0.0130649615 3.49009901
808 2820 13.0649616 0.0130649616 3.49009901
808 2820 13.0649616 0.0130649616 3.49009901
807 2814 13.0365096 0.0130365096 3.48698885
807 2814 13.0366679 0.0130366679 3.48698885
807 2814 13.0364754 0.0130364754 3.48698885
807 2814 13.0366889 0.0130366889 3.48698885
807 2814 13.0364821 0.0130364821 3.48698885
807 2814 13.0366946 0.0130366946 3.48698885
807 2814 13.0364854 0.0130364854 3.48698885
807 2814 13.0366972 0.0130366972 3.48698885
807 2814 13.0364868 0.0130364868 3.48698885
807 2814 13.0366983 0.0130366983 3.48698885
806 2809 13.0057445 0.0130057445 3.48511166
806 2808 13.0048959 0.0130048959 3.48387097
806 2809 13.0095035 0.0130095035 3.48511166
806 2809 13.0094853 0.0130094853 3.48511166
806 2809 13.0094837 0.0130094837 3.48511166
806 2809 13.0094844 0.0130094844 3.48511166
806 2809 13.0094849 0.0130094849 3.48511166
806 2809 13.0094853 0.0130094853 3.48511166
806 2809 13.0094855 0.0130094855 3.48511166
806 2809 13.0094857 0.0130094857 3.48511166
805 2803 12.9813425 0.0129813425 3.48198758
805 2803 12.9812465 0.0129812465 3.48198758
805 2803 12.9812911 0.0129812911 3.48198758
805 2803 12.9812583 0.0129812583 3.48198758
805 2803 12.9813032 0.0129813032 3.48198758
805 2803 12.9812639 0.0129812639 3.48198758
805 2803 12.9813063 0.0129813063 3.48198758
805 2803 12.9812663 0.0129812663 3.48198758
805 2803 12.9813077 0.0129813077 3.48198758
805 2803 12.9812673 0.0129812673 3.48198758
804 2794 12.9510197 0.0129510197 3.47512438
804 2796 12.9469758 0.0129469758 3.47761194
804 2794 12.9510278 0.0129510278 3.47512438
804 2794 12.9510022 0.0129510022 3.47512438
804 2794 12.9510361 0.0129510361 3.47512438
804 2794 12.9510116 0.0129510116 3.47512438
804 2794 12.9510392 0.0129510392 3.47512438
804 2794 12.951015 0.012951015 3.47512438
804 2794 12.951042 0.012951042 3.47512438
804 2794 12.9510168 0.0129510168 3.47512438
803 2787 12.9218148 0.0129218148 3.47073474
803 2789 12.9221352 0.0129221352 3.4732254
803 2788 12.9233502 0.0129233502 3.47198007
803 2790 12.92109 0.01292109 3.47447073
803 2788 12.92332 0.01292332 3.47198007
803 2788 12.9233005 0.0129233005 3.47198007
803 2788 12.9233016 0.0129233016 3.47198007
803 2788 12.9233028 0.0129233028 3.47198007
803 2788 12.9233047 0.0129233047 3.47198007
803 2788 12.9233065 0.0129233065 3.47198007
802 2783 12.8953559 0.0128953559 3.47007481
802 2780 12.8891637 0.0128891637 3.46633416
802 2780 12.8959852 0.0128959852 3.46633416
802 2776 12.9038571 0.0129038571 3.46134663
802 2779 12.8823324 0.0128823324 3.46508728
802 2778 12.9087449 0.0129087449 3.4638404
802 2771 12.9078455 0.0129078455 3.45511222
802 2774 12.9068703 0.0129068703 3.45885287
802 2773 12.9034352 0.0129034352 3.45760599
802 2772 12.9099045 0.0129099045 3.4563591
801 2765 12.8843506 0.0128843506 3.45193508
801 2763 12.8809898 0.0128809898 3.4494382
801 2767 12.8940258 0.0128940258 3.45443196
801 2765 12.8769907 0.0128769907 3.45193508
801 2768 12.8978918 0.0128978918 3.4556804
801 2768 12.8979176 0.0128979176 3.4556804
801 2768 12.8979238 0.0128979238 3.4556804
801 2768 12.8979321 0.0128979321 3.4556804
801 2768 12.8979346 0.0128979346 3.4556804
801 2768 12.8979367 0.0128979367 3.4556804
800 2761 12.8719131 0.0128719131 3.45125
799 2755 12.8495227 0.0128495227 3.44806008
798 2746 12.8269603 0.0128269603 3.44110276
798 2746 12.8268119 0.0128268119 3.44110276
798 2744 12.8276596 0.0128276596 3.43859649
798 2744 12.8276052 0.0128276052 3.43859649
798 2744 12.8275974 0.0128275974 3.43859649
798 2744 12.8276247 0.0128276247 3.43859649
798 2744 12.8276097 0.0128276097 3.43859649
798 2744 12.8276029 0.0128276029 3.43859649
797 2739 12.8025214 0.0128025214 3.43663739
797 2739 12.8024992 0.0128024992 3.43663739
797 2739 12.8024869 0.0128024869 3.43663739
797 2739 12.8024846 0.0128024846 3.43663739
797 2739 12.802484 0.012802484 3.43663739
797 2739 12.8024838 0.0128024838 3.43663739
797 2739 12.8024837 0.0128024837 3.43663739
797 2739 12.8024836 0.0128024836 3.43663739
797 2739 12.8024836 0.0128024836 3.43663739
797 2739 12.8024835 0.0128024835 3.43663739
796 2734 12.7773445 0.0127773445 3.43467337
796 2734 12.7773657 0.0127773657 3.43467337
796 2734 12.7773562 0.0127773562 3.43467337
796 2734 12.7773554 0.0127773554 3.43467337
796 2734 12.7773545 0.0127773545 3.43467337
796 2734 12.7773541 0.0127773541 3.43467337
796 2734 12.7773538 0.0127773538 3.43467337
796 2734 12.7773537 0.0127773537 3.43467337
796 2734 12.7773536 0.0127773536 3.43467337
796 2734 12.7773536 0.0127773536 3.43467337
795 2732 12.7513846 0.0127513846 3.43647799
795 2732 12.7514536 0.0127514536 3.43647799
795 2732 12.7514733 0.0127514733 3.43647799
795 2732 12.7514556 0.0127514556 3.43647799
795 2732 12.7514771 0.0127514771 3.43647799
795 2732 12.751456 0.012751456 3.43647799
795 2732 12.7514779 0.0127514779 3.43647799
795 2732 12.7514565 0.0127514565 3.43647799
795 2732 12.7514783 0.0127514783 3.43647799
795 2732 12.7514567 0.0127514567 3.43647799
794 2726 12.7231056 0.0127231056 3.43324937
794 2728 12.7235111 0.0127235111 3.43576826
794 2728 12.7235875 0.0127235875 3.43576826
794 2728 12.723622 0.012723622 3.43576826
794 2728 12.7236109 0.0127236109 3.43576826
794 2728 12.7236123 0.0127236123 3.43576826
794 2728 12.7236148 0.0127236148 3.43576826
794 2728 12.7236166 0.0127236166 3.43576826
794 2728 12.7236181 0.0127236181 3.43576826
794 2728 12.7236192 0.0127236192 3.43576826
793 2718 12.6957732 0.0126957732 3.42749054
793 2718 12.6957221 0.0126957221 3.42749054
793 2718 12.6956967 0.0126956967 3.42749054
793 2718 12.6956928 0.0126956928 3.42749054
793 2718 12.6956911 0.0126956911 3.42749054
793 2718 12.6956902 0.0126956902 3.42749054
793 2718 12.6956896 0.0126956896 3.42749054
793 2718 12.6956893 0.0126956893 3.42749054
793 2718 12.6956891 0.0126956891 3.42749054
793 2718 12.6956889 0.0126956889 3.42749054
792 2710 12.6675747 0.0126675747 3.42171717
792 2710 12.6676568 0.0126676568 3.42171717
792 2710 12.6675637 0.0126675637 3.42171717
792 2710 12.6676823 0.0126676823 3.42171717
792 2710 12.6675627 0.0126675627 3.42171717
792 2710 12.6676832 0.0126676832 3.42171717
792 2710 12.6675634 0.0126675634 3.42171717
792 2710 12.6676836 0.0126676836 3.42171717
792 2710 12.6675637 0.0126675637 3.42171717
792 2710 12.6676839 0.0126676839 3.42171717
791 2704 12.6378606 0.0126378606 3.41845765
791 2704 12.6379485 0.0126379485 3.41845765
791 2704 12.6379244 0.0126379244 3.41845765
791 2704 12.6379282 0.0126379282 3.41845765
791 2704 12.6379292 0.0126379292 3.41845765
791 2704 12.6379304 0.0126379304 3.41845765
791 2704 12.6379315 0.0126379315 3.41845765
791 2704 12.6379323 0.0126379323 3.41845765
791 2704 12.637933 0.012637933 3.41845765
791 2704 12.6379335 0.0126379335 3.41845765
790 2698 12.6085698 0.0126085698 3.41518987
790 2698 12.6085622 0.0126085622 3.41518987
790 2698 12.6085566 0.0126085566 3.41518987
790 2698 12.6085563 0.0126085563 3.41518987
790 2698 12.608556 0.012608556 3.41518987
790 2698 12.6085559 0.0126085559 3.41518987
790 2698 12.6085558 0.0126085558 3.41518987
790 2698 12.6085557 0.0126085557 3.41518987
790 2698 12.6085557 0.0126085557 3.41518987
790 2698 12.6085557 0.0126085557 3.41518987
789 2695 12.579135 0.012579135 3.4157161
789 2695 12.5791415 0.0125791415 3.4157161
789 2692 12.5787039 0.0125787039 3.41191381
789 2695 12.5791592 0.0125791592 3.4157161
789 2695 12.5791371 0.0125791371 3.4157161
789 2695 12.5791338 0.0125791338 3.4157161
789 2695 12.5791334 0.0125791334 3.4157161
789 2695 12.5791329 0.0125791329 3.4157161
789 2695 12.5791325 0.0125791325 3.4157161
789 2695 12.5791323 0.0125791323 3.4157161
788 2689 12.5497475 0.0125497475 3.41243655
788 2689 12.5497663 0.0125497663 3.41243655
788 2689 12.5497296 0.0125497296 3.41243655
788 2689 12.5497288 0.0125497288 3.41243655
788 2689 12.5497309 0.0125497309 3.41243655
788 2689 12.5497333 0.0125497333 3.41243655
788 2689 12.5497353 0.0125497353 3.41243655
788 2689 12.5497369 0.0125497369 3.41243655
788 2689 12.5497382 0.0125497382 3.41243655
788 2689 12.5497391 0.0125497391 3.41243655
787 2682 12.5191848 0.0125191848 3.40787802
786 2675 12.5055371 0.0125055371 3.40330789
786 2674 12.5128516 0.0125128516 3.40203562
786 2672 12.5156072 0.0125156072 3.39949109
786 2671 12.5259231 0.0125259231 3.39821883
786 2671 12.5259635 0.0125259635 3.39821883
786 2676 12.5110275 0.0125110275 3.40458015
786 2674 12.5278267 0.0125278267 3.40203562
786 2674 12.5279116 0.0125279116 3.40203562
786 2674 12.5278676 0.0125278676 3.40203562
785 2668 12.4989967 0.0124989967 3.39872611
785 2668 12.4989934 0.0124989934 3.39872611
785 2668 12.4989227 0.0124989227 3.39872611
785 2668 12.4989895 0.0124989895 3.39872611
785 2668 12.4989219 0.0124989219 3.39872611
785 2668 12.4989892 0.0124989892 3.39872611
785 2668 12.4989215 0.0124989215 3.39872611
785 2668 12.4989891 0.0124989891 3.39872611
785 2668 12.4989213 0.0124989213 3.39872611
785 2668 12.4989891 0.0124989891 3.39872611
784 2664 12.4688255 0.0124688255 3.39795918
784 2656 12.4395175 0.0124395175 3.3877551
784 2664 12.4688973 0.0124688973 3.39795918
784 2664 12.4689311 0.0124689311 3.39795918
784 2664 12.4689274 0.0124689274 3.39795918
784 2664 12.4689276 0.0124689276 3.39795918
784 2664 12.4689271 0.0124689271 3.39795918
784 2664 12.4689265 0.0124689265 3.39795918
784 2664 12.468926 0.012468926 3.39795918
784 2664 12.4689256 0.0124689256 3.39795918
783 2652 12.4395904 0.0124395904 3.38697318
783 2657 12.4314769 0.0124314769 3.39335888
783 2658 12.4374589 0.0124374589 3.39463602
783 2649 12.4476359 0.0124476359 3.38314176
783 2651 12.4534676 0.0124534676 3.38569604
783 2652 12.455657 0.012455657 3.38697318
783 2647 12.4560515 0.0124560515 3.38058748
783 2647 12.4559842 0.0124559842 3.38058748
783 2647 12.4560063 0.0124560063 3.38058748
783 2647 12.455998 0.012455998 3.38058748
782 2640 12.4284923 0.0124284923 3.37595908
782 2643 12.428529 0.012428529 3.3797954
782 2645 12.4281967 0.0124281967 3.38235294
782 2646 12.4276376 0.0124276376 3.38363171
782 2641 12.4279284 0.0124279284 3.37723785
782 2640 12.4285237 0.0124285237 3.37595908
782 2640 12.4285537 0.0124285537 3.37595908
782 2640 12.4285642 0.0124285642 3.37595908
782 2640 12.4285401 0.0124285401 3.37595908
782 2640 12.4285611 0.0124285611 3.37595908
781 2636 12.4012199 0.0124012199 3.37516005
781 2634 12.4011162 0.0124011162 3.37259923
781 2634 12.4011485 0.0124011485 3.37259923
781 2634 12.401157 0.012401157 3.37259923
781 2634 12.4011571 0.0124011571 3.37259923
781 2634 12.4011574 0.0124011574 3.37259923
781 2634 12.4011578 0.0124011578 3.37259923
781 2634 12.401158 0.012401158 3.37259923
781 2634 12.4011583 0.0124011583 3.37259923
781 2634 12.4011585 0.0124011585 3.37259923
780 2630 12.3742473 0.0123742473 3.37179487
780 2630 12.3742274 0.0123742274 3.37179487
780 2630 12.3742334 0.0123742334 3.37179487
780 2630 12.3742346 0.0123742346 3.37179487
780 2630 12.374235 0.012374235 3.37179487
780 2630 12.3742353 0.0123742353 3.37179487
780 2630 12.3742355 0.0123742355 3.37179487
780 2630 12.3742356 0.0123742356 3.37179487
780 2630 12.3742357 0.0123742357 3.37179487
780 2630 12.3742358 0.0123742358 3.37179487
779 2627 12.3461596 0.0123461596 3.37227214
779 2627 12.3461754 0.0123461754 3.37227214
779 2627 12.346164 0.012346164 3.37227214
779 2627 12.3461648 0.0123461648 3.37227214
779 2627 12.3461646 0.0123461646 3.37227214
779 2627 12.3461645 0.0123461645 3.37227214
779 2627 12.3461644 0.0123461644 3.37227214
779 2627 12.3461643 0.0123461643 3.37227214
779 2627 12.3461643 0.0123461643 3.37227214
779 2627 12.3461643 0.0123461643 3.37227214
778 2621 12.3166741 0.0123166741 3.3688946
778 2620 12.3159212 0.0123159212 3.36760925
778 2621 12.3166463 0.0123166463 3.3688946
778 2621 12.3167051 0.0123167051 3.3688946
778 2621 12.3167179 0.0123167179 3.3688946
778 2621 12.3167205 0.0123167205 3.3688946
778 2621 12.3167206 0.0123167206 3.3688946
778 2621 12.3167209 0.0123167209 3.3688946
778 2621 12.316721 0.012316721 3.3688946
778 2621 12.3167211 0.0123167211 3.3688946
777 2614 12.286463 0.012286463 3.36422136
777 2614 12.2834042 0.0122834042 3.36422136
777 2614 12.2864598 0.0122864598 3.36422136
777 2614 12.2864395 0.0122864395 3.36422136
777 2614 12.2864476 0.0122864476 3.36422136
777 2614 12.2864505 0.0122864505 3.36422136
777 2614 12.2864522 0.0122864522 3.36422136
777 2614 12.2864534 0.0122864534 3.36422136
777 2614 12.2864543 0.0122864543 3.36422136
777 2614 12.2864549 0.0122864549 3.36422136
776 2607 12.2561281 0.0122561281 3.35953608
776 2607 12.2560731 0.0122560731 3.35953608
776 2607 12.2560565 0.0122560565 3.35953608
776 2607 12.2560837 0.0122560837 3.35953608
776 2607 12.256052 0.012256052 3.35953608
776 2607 12.256083 0.012256083 3.35953608
776 2607 12.2560512 0.0122560512 3.35953608
776 2607 12.2560825 0.0122560825 3.35953608
776 2607 12.2560508 0.0122560508 3.35953608
776 2607 12.2560823 0.0122560823 3.35953608
775 2601 12.2258805 0.0122258805 3.35612903
775 2599 12.225133 0.012225133 3.35354839
775 2601 12.2259038 0.0122259038 3.35612903
775 2601 12.2258888 0.0122258888 3.35612903
775 2601 12.2258829 0.0122258829 3.35612903
775 2601 12.2258813 0.0122258813 3.35612903
775 2601 12.2258827 0.0122258827 3.35612903
775 2601 12.2258849 0.0122258849 3.35612903
775 2601 12.2258871 0.0122258871 3.35612903
775 2601 12.225889 0.012225889 3.35612903
774 2593 12.195209 0.012195209 3.3501292
774 2593 12.1952416 0.0121952416 3.3501292
774 2593 12.1952521 0.0121952521 3.3501292
774 2593 12.1952504 0.0121952504 3.3501292
774 2593 12.195249 0.012195249 3.3501292
774 2593 12.1952483 0.0121952483 3.3501292
774 2593 12.195248 0.012195248 3.3501292
774 2593 12.1952479 0.0121952479 3.3501292
774 2593 12.1952479 0.0121952479 3.3501292
774 2593 12.1952479 0.0121952479 3.3501292
773 2589 12.164063 0.012164063 3.34928849
773 2590 12.1638166 0.0121638166 3.35058215
773 2594 12.1638735 0.0121638735 3.35575679
773 2590 12.1638705 0.0121638705 3.35058215
773 2589 12.164057 0.012164057 3.34928849
773 2589 12.1640362 0.0121640362 3.34928849
773 2589 12.1640418 0.0121640418 3.34928849
773 2589 12.1640423 0.0121640423 3.34928849
773 2589 12.1640423 0.0121640423 3.34928849
773 2589 12.1640424 0.0121640424 3.34928849
772 2586 12.1334737 0.0121334737 3.34974093
772 2586 12.1334956 0.0121334956 3.34974093
772 2586 12.1334008 0.0121334008 3.34974093
772 2586 12.1334117 0.0121334117 3.34974093
772 2586 12.1334142 0.0121334142 3.34974093
772 2586 12.1334138 0.0121334138 3.34974093
772 2586 12.1334136 0.0121334136 3.34974093
772 2586 12.1334134 0.0121334134 3.34974093
772 2586 12.1334134 0.0121334134 3.34974093
772 2586 12.1334133 0.0121334133 3.34974093
771 2583 12.1016776 0.0121016776 3.35019455
771 2583 12.1017244 0.0121017244 3.35019455
771 2583 12.101738 0.012101738 3.35019455
771 2583 12.1017122 0.0121017122 3.35019455
771 2583 12.101726 0.012101726 3.35019455
771 2583 12.1017683 0.0121017683 3.35019455
771 2583 12.1017392 0.0121017392 3.35019455
771 2583 12.10175 0.01210175 3.35019455
771 2583 12.1017874 0.0121017874 3.35019455
771 2583 12.1017538 0.0121017538 3.35019455
770 2575 12.069959 0.012069959 3.34415584
770 2575 12.0699322 0.0120699322 3.34415584
770 2575 12.0698862 0.0120698862 3.34415584
770 2575 12.0698786 0.0120698786 3.34415584
770 2575 12.0698691 0.0120698691 3.34415584
770 2575 12.0698639 0.0120698639 3.34415584
770 2575 12.0698611 0.0120698611 3.34415584
770 2575 12.0698595 0.0120698595 3.34415584
770 2575 12.0698587 0.0120698587 3.34415584
770 2575 12.0698583 0.0120698583 3.34415584
769 2574 12.0376878 0.0120376878 3.34720416
769 2567 12.0361768 0.0120361768 3.33810143
769 2574 12.0383173 0.0120383173 3.34720416
769 2574 12.0383212 0.0120383212 3.34720416
769 2574 12.0383198 0.0120383198 3.34720416
769 2574 12.0383437 0.0120383437 3.34720416
769 2569 12.0362868 0.0120362868 3.34070221
769 2574 12.0383912 0.0120383912 3.34720416
769 2574 12.0383321 0.0120383321 3.34720416
769 2574 12.0383311 0.0120383311 3.34720416
768 2566 12.0067764 0.0120067764 3.34114583
768 2566 12.0067701 0.0120067701 3.34114583
768 2566 12.0067096 0.0120067096 3.34114583
768 2566 12.0067386 0.0120067386 3.34114583
768 2566 12.0067001 0.0120067001 3.34114583
768 2566 12.0067364 0.0120067364 3.34114583
768 2566 12.0067036 0.0120067036 3.34114583
768 2566 12.0067399 0.0120067399 3.34114583
768 2566 12.0067087 0.0120067087 3.34114583
768 2566 12.0067437 0.0120067437 3.34114583
767 2556 11.9736567 0.0119736567 3.33246415
767 2563 11.9720374 0.0119720374 3.34159061
767 2561 11.9893237 0.0119893237 3.33898305
767 2566 11.9797357 0.0119797357 3.34550196
767 2565 11.9907122 0.0119907122 3.34419817
767 2561 12.0012399 0.0120012399 3.33898305
767 2564 12.0000822 0.0120000822 3.34289439
767 2563 11.9866445 0.0119866445 3.34159061
767 2559 11.9917644 0.0119917644 3.33637549
767 2562 12.0057716 0.0120057716 3.34028683
766 2554 11.9792922 0.0119792922 3.33420366
766 2554 11.9815304 0.0119815304 3.33420366
766 2553 11.9672314 0.0119672314 3.33289817
766 2554 11.9817104 0.0119817104 3.33420366
766 2554 11.9817195 0.0119817195 3.33420366
766 2554 11.9817083 0.0119817083 3.33420366
766 2554 11.9817002 0.0119817002 3.33420366
766 2554 11.9816939 0.0119816939 3.33420366
766 2554 11.9816894 0.0119816894 3.33420366
766 2554 11.9816863 0.0119816863 3.33420366
765 2552 11.9516484 0.0119516484 3.33594771
765 2551 11.9401388 0.0119401388 3.33464052
765 2552 11.9536091 0.0119536091 3.33594771
765 2552 11.9573968 0.0119573968 3.33594771
765 2548 11.9684592 0.0119684592 3.33071895
765 2552 11.9679834 0.0119679834 3.33594771
765 2549 11.9674916 0.0119674916 3.33202614
765 2548 11.9680117 0.0119680117 3.33071895
765 2548 11.9679281 0.0119679281 3.33071895
765 2548 11.9678614 0.0119678614 3.33071895
764 2545 11.9413036 0.0119413036 3.33115183
764 2545 11.9412648 0.0119412648 3.33115183
764 2545 11.9412547 0.0119412547 3.33115183
764 2545 11.9412503 0.0119412503 3.33115183
764 2545 11.9412458 0.0119412458 3.33115183
764 2545 11.9412425 0.0119412425 3.33115183
764 2545 11.9412401 0.0119412401 3.33115183
764 2545 11.9412383 0.0119412383 3.33115183
764 2545 11.9412369 0.0119412369 3.33115183
764 2545 11.9412359 0.0119412359 3.33115183
763 2542 11.9129661 0.0119129661 3.33158585
763 2542 11.9130119 0.0119130119 3.33158585
763 2542 11.9130179 0.0119130179 3.33158585
763 2542 11.9130177 0.0119130177 3.33158585
763 2542 11.9130178 0.0119130178 3.33158585
763 2542 11.9130178 0.0119130178 3.33158585
763 2542 11.9130179 0.0119130179 3.33158585
763 2542 11.9130179 0.0119130179 3.33158585
763 2542 11.9130179 0.0119130179 3.33158585
763 2542 11.9130179 0.0119130179 3.33158585
762 2538 11.8833837 0.0118833837 3.33070866
762 2538 11.8833911 0.0118833911 3.33070866
762 2538 11.8833637 0.0118833637 3.33070866
762 2538 11.8833707 0.0118833707 3.33070866
762 2538 11.8833706 0.0118833706 3.33070866
762 2538 11.8833712 0.0118833712 3.33070866
762 2538 11.8833718 0.0118833718 3.33070866
762 2538 11.8833724 0.0118833724 3.33070866
762 2538 11.8833729 0.0118833729 3.33070866
762 2538 11.8833734 0.0118833734 3.33070866
761 2534 11.8531514 0.0118531514 3.32982917
761 2534 11.8531573 0.0118531573 3.32982917
761 2534 11.8530921 0.0118530921 3.32982917
761 2534 11.8531542 0.0118531542 3.32982917
761 2534 11.8530878 0.0118530878 3.32982917
761 2534 11.8531549 0.0118531549 3.32982917
761 2534 11.8530902 0.0118530902 3.32982917
761 2534 11.8531577 0.0118531577 3.32982917
761 2534 11.8530937 0.0118530937 3.32982917
761 2534 11.8531609 0.0118531609 3.32982917
760 2527 11.8222667 0.0118222667 3.325
760 2527 11.8223503 0.0118223503 3.325
760 2527 11.8223202 0.0118223202 3.325
760 2527 11.8223073 0.0118223073 3.325
760 2527 11.8222987 0.0118222987 3.325
760 2527 11.8222937 0.0118222937 3.325
760 2527 11.8222909 0.0118222909 3.325
760 2527 11.8222897 0.0118222897 3.325
760 2527 11.8222895 0.0118222895 3.325
760 2527 11.8222899 0.0118222899 3.325
759 2521 11.7917122 0.0117917122 3.32147563
759 2523 11.7911613 0.0117911613 3.32411067
759 2521 11.7916974 0.0117916974 3.32147563
759 2521 11.7917215 0.0117917215 3.32147563
759 2521 11.7917166 0.0117917166 3.32147563
759 2521 11.7917121 0.0117917121 3.32147563
759 2521 11.7917082 0.0117917082 3.32147563
759 2521 11.7917051 0.0117917051 3.32147563
759 2521 11.7917025 0.0117917025 3.32147563
759 2521 11.7917004 0.0117917004 3.32147563
758 2517 11.7607656 0.0117607656 3.32058047
758 2517 11.7607399 0.0117607399 3.32058047
758 2517 11.7607356 0.0117607356 3.32058047
758 2517 11.7607353 0.0117607353 3.32058047
758 2517 11.7607283 0.0117607283 3.32058047
758 2517 11.7607308 0.0117607308 3.32058047
758 2517 11.7607285 0.0117607285 3.32058047
758 2517 11.7607306 0.0117607306 3.32058047
758 2517 11.7607287 0.0117607287 3.32058047
758 2517 11.7607305 0.0117607305 3.32058047
757 2516 11.7288653 0.0117288653 3.32364597
757 2507 11.7286974 0.0117286974 3.31175694
757 2510 11.727739 0.011727739 3.31571995
757 2516 11.7288242 0.0117288242 3.32364597
757 2513 11.7291439 0.0117291439 3.31968296
757 2513 11.7292067 0.0117292067 3.31968296
757 2513 11.7292061 0.0117292061 3.31968296
757 2513 11.7291948 0.0117291948 3.31968296
757 2513 11.7291844 0.0117291844 3.31968296
757 2513 11.729175 0.011729175 3.31968296
756 2506 11.6982544 0.0116982544 3.31481481
756 2506 11.6982919 0.0116982919 3.31481481
756 2506 11.6983545 0.0116983545 3.31481481
756 2506 11.6983303 0.0116983303 3.31481481
756 2506 11.6983291 0.0116983291 3.31481481
756 2506 11.698329 0.011698329 3.31481481
756 2506 11.6983291 0.0116983291 3.31481481
756 2506 11.6983297 0.0116983297 3.31481481
756 2506 11.6983306 0.0116983306 3.31481481
756 2506 11.6983318 0.0116983318 3.31481481
755 2498 11.6667625 0.0116667625 3.30860927
755 2498 11.6667916 0.0116667916 3.30860927
755 2503 11.6653064 0.0116653064 3.31523179
755 2498 11.6667315 0.0116667315 3.30860927
755 2498 11.6667582 0.0116667582 3.30860927
755 2498 11.6667505 0.0116667505 3.30860927
755 2498 11.6667445 0.0116667445 3.30860927
755 2498 11.6667393 0.0116667393 3.30860927
755 2498 11.666735 0.011666735 3.30860927
755 2498 11.6667316 0.0116667316 3.30860927
754 2495 11.6354516 0.0116354516 3.30901857
754 2482 11.6315757 0.0116315757 3.29177719
754 2486 11.6344947 0.0116344947 3.29708223
754 2495 11.6353326 0.0116353326 3.30901857
754 2495 11.6352969 0.0116352969 3.30901857
754 2495 11.6352996 0.0116352996 3.30901857
754 2495 11.6353035 0.0116353035 3.30901857
754 2495 11.6353073 0.0116353073 3.30901857
754 2495 11.6353112 0.0116353112 3.30901857
754 2495 11.6353153 0.0116353153 3.30901857
753 2479 11.6037356 0.0116037356 3.29216467
753 2479 11.6037926 0.0116037926 3.29216467
753 2479 11.6037435 0.0116037435 3.29216467
753 2479 11.6037057 0.0116037057 3.29216467
753 2479 11.603672 0.011603672 3.29216467
753 2479 11.6036424 0.0116036424 3.29216467
753 2479 11.6036162 0.0116036162 3.29216467
753 2479 11.6035928 0.0116035928 3.29216467
753 2479 11.6035716 0.0116035716 3.29216467
753 2479 11.6035525 0.0116035525 3.29216467
752 2474 11.5724806 0.0115724806 3.28989362
752 2473 11.5671726 0.0115671726 3.28856383
752 2482 11.5736952 0.0115736952 3.30053191
752 2483 11.5864629 0.0115864629 3.3018617
752 2485 11.5848654 0.0115848654 3.30452128
752 2491 11.5865692 0.0115865692 3.3125
752 2487 11.5853134 0.0115853134 3.30718085
751 2479 11.5649661 0.0115649661 3.30093209
751 2480 11.5436998 0.0115436998 3.30226365
751 2486 11.5559185 0.0115559185 3.310253
750 2478 11.5368507 0.0115368507 3.304
750 2476 11.5365122 0.0115365122 3.30133333
750 2476 11.5362072 0.0115362072 3.30133333
750 2476 11.5359172 0.0115359172 3.30133333
750 2476 11.5355936 0.0115355936 3.30133333
750 2476 11.5352312 0.0115352312 3.30133333
750 2476 11.5348155 0.0115348155 3.30133333
750 2476 11.5343251 0.0115343251 3.30133333
750 2476 11.5337287 0.0115337287 3.30133333
750 2476 11.5329788 0.0115329788 3.30133333
749 2472 11.502808 0.011502808 3.30040053
749 2472 11.5015979 0.0115015979 3.30040053
749 2472 11.4999005 0.0114999005 3.30040053
749 2472 11.4973864 0.0114973864 3.30040053
749 2472 11.4934831 0.0114934831 3.30040053
749 2472 11.4852733 0.0114852733 3.30040053
749 2472 11.471233 0.011471233 3.30040053
749 2472 11.4387667 0.0114387667 3.30040053
749 2472 11.3462252 0.0113462252 3.30040053
749 2474 5.40345546e-13 5.40345546e-16 3.30307076
746 2454 0 0 3.28954424
allocating memory...
allocating memory...
allocating memory...
allocating memory...
allocating memory...
allocating memory...
allocating memory...
allocating memory...
allocating memory...
allocating memory...
allocating memory...
allocating memory...
allocating memory...
allocating memory...
allocating memory...
allocating memory...
allocating memory...
allocating memory...
allocating memory...
allocating memory...
allocating memory...
walksat version 35
command line = test -solcnf -cutoff 100000000 -best -seed 1234567 -numsol 10 ./residualformula_seed2.cnf
seed = 1234567
cutoff = 100000000
tries = 10
heuristic = best, noise 50 / 100
tail starts after flip = 3000
numatom = 1000, numclause = 2454, numliterals = 6928
wff read in

    lowest     final       avg     noise     noise     total                 avg        mean        mean
    #unsat    #unsat     noise   std dev     ratio     flips              length       flips       flips
      this      this      this      this      this      this   success   success       until         std
       try       try       try       try       try       try      rate     tries      assign         dev

         0         0      3.44      2.46      1.40     17735       100     17735    17735.00
         0         0      7.96      4.71      1.69     52355       100     35045    35045.00    24480.04
         0         0      6.51      4.41      1.48     20150       100     30080    30080.00    19328.47
         0         0      6.43      5.84      1.10     16453       100     26673    26673.25    17189.64
         0         0      6.01      3.13      1.92     15166       100     24371    24371.80    15751.07
         0         0      8.47      3.16      2.68      9811       100     21945    21945.00    15290.95
         0         0     10.23      5.50      1.86     24491       100     22308    22308.71    13991.79
         0         0      5.07      2.82      1.80     10940       100     20887    20887.62    13563.15
         0         0      8.30      4.45      1.86     31682       100     22087    22087.00    13187.52
         0         0      7.83      4.14      1.89     14592       100     21337    21337.50    12657.20

total elapsed seconds = 0.000000
average flips per second = -9223372036854775808
number solutions found = 10
final success rate = 100.000000
average length successful tries = 21337
mean flips until assign = 21337.500000
  variance = 160204715.833333
  standard deviation = 12657.200158
  standard error of mean = 4002.558130
mean seconds until assign = 0.000000
  variance = 0.000000
  standard deviation = 0.000000
  standard error of mean = 0.000000
mean restarts until assign = 1.000000
  variance = 0.000000
  standard deviation = 0.000000
  standard error of mean = 0.000000
final noise level statistics
    statistics over all runs:
      overall mean average noise level = 7.022892
      overall mean noise std deviation = 4.061593
      overall ratio mean noise to mean std dev = 1.729098
    statistics on successful runs:
      successful mean average noise level = 7.022892
      successful mean noise std deviation = 4.061593
      successful ratio mean noise to mean std dev = 1.729098
    statistics on nonsuccessful runs:
      nonsuccessful mean average noise level = 0.000000
      nonsuccessful mean noise std deviation = 0.000000
      nonsuccessful ratio mean noise to mean std dev = 0.000000
ASSIGNMENT FOUND
Check and white a solution
time of whitening    freezing probability
7	 	 	 	1
8	 	 	 	1
8	 	 	 	1
9	 	 	 	1
8	 	 	 	1
8	 	 	 	1
9	 	 	 	1
10	 	 	 	1
9	 	 	 	1
9	 	 	 	1
