START ALGORITHM:
I am going to build an instance with N: 1000 variables and 4200 clauses with a clause density equal to 4.2
START BSP WITH r=0.9:
Decimation scorer: cert
END UNIT PROPAGATION
1000 4200 4.99995019 0.00499995019 4.2
1000 4200 5.0015137 0.0050015137 4.2
1000 4200 5.00029675 0.00500029675 4.2
1000 4200 5.00060932 0.00500060932 4.2
1000 4200 5.00079449 0.00500079449 4.2
1000 4200 5.00058405 0.00500058405 4.2
1000 4200 5.00074496 0.00500074496 4.2
1000 4200 5.00064582 0.00500064582 4.2
1000 4200 5.00060683 0.00500060683 4.2
999 4195 5.0006981 0.0050006981 4.1991992
999 4195 5.00061441 0.00500061441 4.1991992
999 4195 5.00067944 0.00500067944 4.1991992
999 4195 5.00067299 0.00500067299 4.1991992
999 4195 5.00064982 0.00500064982 4.1991992
999 4195 5.00066177 0.00500066177 4.1991992
999 4195 5.00066084 0.00500066084 4.1991992
999 4195 5.00066571 0.00500066571 4.1991992
999 4195 5.00066468 0.00500066468 4.1991992
999 4195 5.00065792 0.00500065792 4.1991992
998 4184 5.00066144 0.00500066144 4.19238477
998 4184 5.00066123 0.00500066123 4.19238477
998 4184 5.0006626 0.0050006626 4.19238477
998 4184 5.00066168 0.00500066168 4.19238477
998 4184 5.00066271 0.00500066271 4.19238477
998 4184 5.00066125 0.00500066125 4.19238477
998 4184 5.00066135 0.00500066135 4.19238477
998 4184 5.00066235 0.00500066235 4.19238477
998 4184 5.00066165 0.00500066165 4.19238477
998 4184 5.00066192 0.00500066192 4.19238477
997 4172 5.0006619 0.0050006619 4.18455366
997 4172 5.00066156 0.00500066156 4.18455366
997 4172 5.00066206 0.00500066206 4.18455366
997 4172 5.00066172 0.00500066172 4.18455366
997 4172 5.00066189 0.00500066189 4.18455366
997 4172 5.00066195 0.00500066195 4.18455366
997 4172 5.00066171 0.00500066171 4.18455366
997 4172 5.00066195 0.00500066195 4.18455366
997 4172 5.00066186 0.00500066186 4.18455366
997 4172 5.00066181 0.00500066181 4.18455366
996 4165 5.00066188 0.00500066188 4.18172691
996 4165 5.00066186 0.00500066186 4.18172691
996 4165 5.00066183 0.00500066183 4.18172691
996 4165 5.00066187 0.00500066187 4.18172691
996 4165 5.00066185 0.00500066185 4.18172691
996 4165 5.00066185 0.00500066185 4.18172691
996 4165 5.00066186 0.00500066186 4.18172691
996 4165 5.00066185 0.00500066185 4.18172691
996 4165 5.00066186 0.00500066186 4.18172691
996 4165 5.00066186 0.00500066186 4.18172691
995 4158 5.00066185 0.00500066185 4.17889447
995 4158 5.00066186 0.00500066186 4.17889447
995 4158 5.00066186 0.00500066186 4.17889447
995 4158 5.00066185 0.00500066185 4.17889447
995 4158 5.00066186 0.00500066186 4.17889447
995 4158 5.00066186 0.00500066186 4.17889447
995 4158 5.00066185 0.00500066185 4.17889447
995 4158 5.00066186 0.00500066186 4.17889447
995 4158 5.00066185 0.00500066185 4.17889447
995 4158 5.00066186 0.00500066186 4.17889447
994 4153 5.00066186 0.00500066186 4.17806841
994 4153 5.00066194 0.00500066194 4.17806841
994 4153 5.00066182 0.00500066182 4.17806841
994 4153 5.00066173 0.00500066173 4.17806841
994 4153 5.00066178 0.00500066178 4.17806841
994 4153 5.0006618 0.0050006618 4.17806841
994 4153 5.00066175 0.00500066175 4.17806841
994 4153 5.00066169 0.00500066169 4.17806841
994 4153 5.00066164 0.00500066164 4.17806841
994 4153 5.00066161 0.00500066161 4.17806841
993 4144 5.00036648 0.00500036648 4.17321249
993 4144 5.00036543 0.00500036543 4.17321249
993 4144 5.00036736 0.00500036736 4.17321249
993 4144 5.00036716 0.00500036716 4.17321249
993 4144 5.0003671 0.0050003671 4.17321249
993 4144 5.00036766 0.00500036766 4.17321249
993 4144 5.0003678 0.0050003678 4.17321249
993 4144 5.00036758 0.00500036758 4.17321249
993 4144 5.00036729 0.00500036729 4.17321249
993 4144 5.00036701 0.00500036701 4.17321249
992 4139 4.99927415 0.00499927415 4.17237903
992 4139 4.99927326 0.00499927326 4.17237903
992 4139 4.99927357 0.00499927357 4.17237903
992 4139 4.99927307 0.00499927307 4.17237903
992 4139 4.99927379 0.00499927379 4.17237903
992 4139 4.99927485 0.00499927485 4.17237903
992 4139 4.99927548 0.00499927548 4.17237903
992 4139 4.99927565 0.00499927565 4.17237903
992 4139 4.99927551 0.00499927551 4.17237903
992 4139 4.99927542 0.00499927542 4.17237903
991 4132 4.99800288 0.00499800288 4.16952573
991 4132 4.99800211 0.00499800211 4.16952573
991 4132 4.99800037 0.00499800037 4.16952573
991 4132 4.99800281 0.00499800281 4.16952573
991 4132 4.99800405 0.00499800405 4.16952573
991 4132 4.9980042 0.0049980042 4.16952573
991 4132 4.99800341 0.00499800341 4.16952573
991 4132 4.99800313 0.00499800313 4.16952573
991 4132 4.99800327 0.00499800327 4.16952573
991 4132 4.99800278 0.00499800278 4.16952573
990 4121 4.99650692 0.00499650692 4.16262626
990 4121 4.99650809 0.00499650809 4.16262626
990 4121 4.99650458 0.00499650458 4.16262626
990 4121 4.99649925 0.00499649925 4.16262626
990 4121 4.99649742 0.00499649742 4.16262626
990 4121 4.99649627 0.00499649627 4.16262626
990 4121 4.99649541 0.00499649541 4.16262626
990 4121 4.99649561 0.00499649561 4.16262626
990 4121 4.9964953 0.0049964953 4.16262626
990 4121 4.9964949 0.0049964949 4.16262626
989 4113 4.99469819 0.00499469819 4.15874621
989 4113 4.99470199 0.00499470199 4.15874621
989 4113 4.99470454 0.00499470454 4.15874621
989 4113 4.99470785 0.00499470785 4.15874621
989 4113 4.99470821 0.00499470821 4.15874621
989 4113 4.99470789 0.00499470789 4.15874621
989 4113 4.99470826 0.00499470826 4.15874621
989 4113 4.99470896 0.00499470896 4.15874621
989 4113 4.99470941 0.00499470941 4.15874621
989 4113 4.99470983 0.00499470983 4.15874621
988 4101 4.99274387 0.00499274387 4.15080972
988 4101 4.99274087 0.00499274087 4.15080972
988 4101 4.9927386 0.0049927386 4.15080972
988 4101 4.99274074 0.00499274074 4.15080972
988 4101 4.99274489 0.00499274489 4.15080972
988 4101 4.992743 0.004992743 4.15080972
988 4101 4.99274327 0.00499274327 4.15080972
988 4101 4.99274243 0.00499274243 4.15080972
988 4101 4.9927416 0.0049927416 4.15080972
988 4101 4.99274175 0.00499274175 4.15080972
987 4096 4.99045343 0.00499045343 4.14994934
987 4096 4.99045568 0.00499045568 4.14994934
987 4096 4.99045253 0.00499045253 4.14994934
987 4096 4.99045186 0.00499045186 4.14994934
987 4096 4.99045132 0.00499045132 4.14994934
987 4096 4.99045119 0.00499045119 4.14994934
987 4096 4.99045065 0.00499045065 4.14994934
987 4096 4.99045003 0.00499045003 4.14994934
987 4096 4.99044978 0.00499044978 4.14994934
987 4096 4.99044976 0.00499044976 4.14994934
986 4083 4.98805175 0.00498805175 4.14097363
986 4083 4.98805465 0.00498805465 4.14097363
986 4083 4.9880405 0.0049880405 4.14097363
986 4083 4.98804546 0.00498804546 4.14097363
986 4083 4.98804924 0.00498804924 4.14097363
986 4083 4.98805151 0.00498805151 4.14097363
986 4083 4.98805335 0.00498805335 4.14097363
986 4083 4.98805469 0.00498805469 4.14097363
986 4083 4.98805436 0.00498805436 4.14097363
986 4083 4.98805468 0.00498805468 4.14097363
985 4074 4.98521301 0.00498521301 4.13604061
985 4074 4.98522117 0.00498522117 4.13604061
985 4074 4.98519469 0.00498519469 4.13604061
985 4074 4.98517198 0.00498517198 4.13604061
985 4074 4.98516815 0.00498516815 4.13604061
985 4074 4.98517761 0.00498517761 4.13604061
985 4074 4.98518836 0.00498518836 4.13604061
985 4074 4.98519691 0.00498519691 4.13604061
985 4074 4.98520229 0.00498520229 4.13604061
985 4074 4.98520443 0.00498520443 4.13604061
984 4069 4.98145691 0.00498145691 4.1351626
984 4069 4.98147883 0.00498147883 4.1351626
984 4069 4.98148499 0.00498148499 4.1351626
984 4069 4.98148165 0.00498148165 4.1351626
984 4069 4.98147936 0.00498147936 4.1351626
984 4069 4.98147883 0.00498147883 4.1351626
984 4069 4.98147728 0.00498147728 4.1351626
984 4069 4.98147722 0.00498147722 4.1351626
984 4069 4.98147723 0.00498147723 4.1351626
984 4069 4.9814771 0.0049814771 4.1351626
983 4064 4.97758457 0.00497758457 4.13428281
983 4064 4.97756931 0.00497756931 4.13428281
983 4064 4.97757636 0.00497757636 4.13428281
983 4064 4.97756219 0.00497756219 4.13428281
983 4064 4.97755238 0.00497755238 4.13428281
983 4064 4.97753723 0.00497753723 4.13428281
983 4064 4.97752731 0.00497752731 4.13428281
983 4064 4.97751845 0.00497751845 4.13428281
983 4064 4.97751378 0.00497751378 4.13428281
983 4064 4.97751153 0.00497751153 4.13428281
982 4059 4.97319833 0.00497319833 4.13340122
982 4059 4.97322891 0.00497322891 4.13340122
982 4059 4.9732262 0.0049732262 4.13340122
982 4059 4.97322562 0.00497322562 4.13340122
982 4059 4.97323148 0.00497323148 4.13340122
982 4059 4.97323876 0.00497323876 4.13340122
982 4059 4.97324257 0.00497324257 4.13340122
982 4059 4.97324245 0.00497324245 4.13340122
982 4059 4.97324278 0.00497324278 4.13340122
982 4059 4.97324344 0.00497324344 4.13340122
981 4054 4.96840126 0.00496840126 4.13251784
981 4054 4.96841774 0.00496841774 4.13251784
981 4054 4.96841115 0.00496841115 4.13251784
981 4054 4.96839988 0.00496839988 4.13251784
981 4054 4.9683979 0.0049683979 4.13251784
981 4054 4.96840271 0.00496840271 4.13251784
981 4054 4.96841207 0.00496841207 4.13251784
981 4054 4.96841704 0.00496841704 4.13251784
981 4054 4.96841744 0.00496841744 4.13251784
981 4054 4.96841585 0.00496841585 4.13251784
980 4045 4.96319225 0.00496319225 4.12755102
980 4045 4.96319636 0.00496319636 4.12755102
980 4045 4.96319462 0.00496319462 4.12755102
980 4045 4.9631814 0.0049631814 4.12755102
980 4045 4.96318779 0.00496318779 4.12755102
980 4045 4.96319359 0.00496319359 4.12755102
980 4045 4.96319546 0.00496319546 4.12755102
980 4045 4.96319481 0.00496319481 4.12755102
980 4045 4.96319446 0.00496319446 4.12755102
980 4045 4.96319432 0.00496319432 4.12755102
979 4040 4.95793226 0.00495793226 4.12665986
979 4040 4.95790603 0.00495790603 4.12665986
979 4040 4.9579626 0.0049579626 4.12665986
979 4040 4.95795434 0.00495795434 4.12665986
979 4040 4.95792014 0.00495792014 4.12665986
979 4040 4.95791611 0.00495791611 4.12665986
979 4040 4.95794554 0.00495794554 4.12665986
979 4040 4.95793871 0.00495793871 4.12665986
979 4040 4.9579526 0.0049579526 4.12665986
979 4040 4.9579411 0.0049579411 4.12665986
978 4033 4.95253347 0.00495253347 4.12372188
978 4033 4.95258346 0.00495258346 4.12372188
978 4033 4.95255136 0.00495255136 4.12372188
978 4033 4.95252931 0.00495252931 4.12372188
978 4033 4.95254228 0.00495254228 4.12372188
978 4037 4.95256066 0.00495256066 4.12781186
978 4033 4.95175163 0.00495175163 4.12372188
978 4035 4.95255845 0.00495255845 4.12576687
978 4039 4.95288962 0.00495288962 4.12985685
978 4039 4.95287566 0.00495287566 4.12985685
977 4030 4.94766634 0.00494766634 4.12487206
977 4030 4.94770427 0.00494770427 4.12487206
977 4030 4.94767431 0.00494767431 4.12487206
977 4030 4.94770245 0.00494770245 4.12487206
977 4030 4.94766462 0.00494766462 4.12487206
977 4030 4.94770482 0.00494770482 4.12487206
977 4030 4.94767534 0.00494767534 4.12487206
977 4030 4.94770339 0.00494770339 4.12487206
977 4030 4.94767962 0.00494767962 4.12487206
977 4030 4.947703 0.004947703 4.12487206
976 4022 4.94235354 0.00494235354 4.12090164
976 4021 4.94005294 0.00494005294 4.11987705
976 4022 4.94323378 0.00494323378 4.12090164
976 4022 4.94315387 0.00494315387 4.12090164
976 4022 4.94319166 0.00494319166 4.12090164
976 4022 4.94318076 0.00494318076 4.12090164
976 4022 4.94317708 0.00494317708 4.12090164
976 4022 4.94317777 0.00494317777 4.12090164
976 4022 4.94318502 0.00494318502 4.12090164
976 4022 4.94318814 0.00494318814 4.12090164
975 4013 4.93799303 0.00493799303 4.11589744
975 4013 4.93800239 0.00493800239 4.11589744
975 4013 4.93799743 0.00493799743 4.11589744
975 4013 4.93798139 0.00493798139 4.11589744
975 4013 4.93797958 0.00493797958 4.11589744
975 4013 4.93797941 0.00493797941 4.11589744
975 4013 4.93798203 0.00493798203 4.11589744
975 4013 4.93798285 0.00493798285 4.11589744
975 4013 4.93798144 0.00493798144 4.11589744
975 4013 4.93798151 0.00493798151 4.11589744
974 4006 4.93270843 0.00493270843 4.11293634
974 4006 4.93273615 0.00493273615 4.11293634
974 4006 4.93273706 0.00493273706 4.11293634
974 4006 4.93269688 0.00493269688 4.11293634
974 4006 4.9326685 0.0049326685 4.11293634
974 4006 4.93264565 0.00493264565 4.11293634
974 4006 4.93262726 0.00493262726 4.11293634
974 4006 4.93261269 0.00493261269 4.11293634
974 4006 4.93261114 0.00493261114 4.11293634
974 4006 4.93260692 0.00493260692 4.11293634
973 4000 4.92707368 0.00492707368 4.11099692
973 3997 4.9271217 0.0049271217 4.10791367
973 3997 4.92727532 0.00492727532 4.10791367
973 3997 4.92727164 0.00492727164 4.10791367
973 3997 4.92723659 0.00492723659 4.10791367
973 3997 4.92717599 0.00492717599 4.10791367
973 3997 4.92713359 0.00492713359 4.10791367
973 3997 4.92710668 0.00492710668 4.10791367
973 3997 4.92709222 0.00492709222 4.10791367
973 3997 4.92708406 0.00492708406 4.10791367
972 3991 4.92152656 0.00492152656 4.10596708
972 3991 4.92160171 0.00492160171 4.10596708
972 3991 4.92163132 0.00492163132 4.10596708
972 3991 4.92165378 0.00492165378 4.10596708
972 3991 4.9216607 0.0049216607 4.10596708
972 3991 4.92165757 0.00492165757 4.10596708
972 3991 4.92165761 0.00492165761 4.10596708
972 3991 4.92165726 0.00492165726 4.10596708
972 3991 4.92165839 0.00492165839 4.10596708
972 3991 4.9216584 0.0049216584 4.10596708
971 3987 4.91580787 0.00491580787 4.10607621
971 3987 4.91578086 0.00491578086 4.10607621
971 3987 4.91579842 0.00491579842 4.10607621
971 3987 4.91579122 0.00491579122 4.10607621
971 3987 4.91575944 0.00491575944 4.10607621
971 3987 4.91575242 0.00491575242 4.10607621
971 3987 4.91574824 0.00491574824 4.10607621
971 3987 4.91575141 0.00491575141 4.10607621
971 3987 4.91575872 0.00491575872 4.10607621
971 3987 4.91576252 0.00491576252 4.10607621
970 3978 4.90977813 0.00490977813 4.10103093
970 3982 4.90936264 0.00490936264 4.10515464
970 3980 4.90775736 0.00490775736 4.10309278
970 3979 4.91352767 0.00491352767 4.10206186
970 3976 4.91347591 0.00491347591 4.09896907
970 3979 4.9135897 0.0049135897 4.10206186
970 3979 4.91357614 0.00491357614 4.10206186
970 3979 4.91358618 0.00491358618 4.10206186
970 3979 4.91359731 0.00491359731 4.10206186
970 3979 4.91357569 0.00491357569 4.10206186
969 3970 4.90806813 0.00490806813 4.09700722
969 3970 4.90809308 0.00490809308 4.09700722
969 3970 4.90809326 0.00490809326 4.09700722
969 3970 4.9080877 0.0049080877 4.09700722
969 3970 4.90809591 0.00490809591 4.09700722
969 3970 4.90809594 0.00490809594 4.09700722
969 3970 4.90809352 0.00490809352 4.09700722
969 3970 4.90809413 0.00490809413 4.09700722
969 3970 4.90809504 0.00490809504 4.09700722
969 3970 4.90809498 0.00490809498 4.09700722
968 3966 4.90236236 0.00490236236 4.09710744
968 3966 4.90234605 0.00490234605 4.09710744
968 3966 4.90234583 0.00490234583 4.09710744
968 3966 4.90233437 0.00490233437 4.09710744
968 3966 4.90233721 0.00490233721 4.09710744
968 3966 4.90234205 0.00490234205 4.09710744
968 3966 4.9023357 0.0049023357 4.09710744
968 3966 4.90233605 0.00490233605 4.09710744
968 3966 4.90233334 0.00490233334 4.09710744
968 3966 4.9023304 0.0049023304 4.09710744
967 3959 4.89624803 0.00489624803 4.09410548
967 3959 4.89625535 0.00489625535 4.09410548
967 3959 4.89625655 0.00489625655 4.09410548
967 3959 4.89628469 0.00489628469 4.09410548
967 3959 4.89635003 0.00489635003 4.09410548
967 3959 4.89640821 0.00489640821 4.09410548
967 3959 4.89642092 0.00489642092 4.09410548
967 3959 4.89641475 0.00489641475 4.09410548
967 3959 4.89640538 0.00489640538 4.09410548
967 3959 4.89639718 0.00489639718 4.09410548
966 3950 4.89025971 0.00489025971 4.08902692
965 3944 4.88784275 0.00488784275 4.08704663
965 3944 4.88789042 0.00488789042 4.08704663
965 3944 4.88783575 0.00488783575 4.08704663
965 3944 4.88782737 0.00488782737 4.08704663
965 3944 4.88782515 0.00488782515 4.08704663
965 3944 4.88782038 0.00488782038 4.08704663
965 3944 4.88781481 0.00488781481 4.08704663
965 3944 4.8878075 0.0048878075 4.08704663
965 3944 4.88780496 0.00488780496 4.08704663
964 3940 4.88132866 0.00488132866 4.08713693
964 3941 4.88043815 0.00488043815 4.08817427
964 3944 4.88317539 0.00488317539 4.09128631
964 3944 4.88319611 0.00488319611 4.09128631
964 3944 4.88313228 0.00488313228 4.09128631
964 3944 4.88313278 0.00488313278 4.09128631
964 3944 4.88314047 0.00488314047 4.09128631
964 3944 4.88314642 0.00488314642 4.09128631
964 3944 4.8831425 0.0048831425 4.09128631
964 3944 4.8831363 0.0048831363 4.09128631
963 3937 4.87700756 0.00487700756 4.08826584
963 3937 4.87702111 0.00487702111 4.08826584
963 3937 4.87702758 0.00487702758 4.08826584
963 3937 4.87707969 0.00487707969 4.08826584
963 3937 4.87712534 0.00487712534 4.08826584
963 3937 4.87715983 0.00487715983 4.08826584
963 3937 4.87717779 0.00487717779 4.08826584
963 3937 4.87718671 0.00487718671 4.08826584
963 3937 4.87718176 0.00487718176 4.08826584
963 3937 4.87717977 0.00487717977 4.08826584
962 3923 4.87057144 0.00487057144 4.07796258
962 3923 4.87047251 0.00487047251 4.07796258
962 3923 4.87041799 0.00487041799 4.07796258
962 3923 4.87041686 0.00487041686 4.07796258
962 3923 4.87040811 0.00487040811 4.07796258
962 3923 4.87040892 0.00487040892 4.07796258
962 3923 4.87040902 0.00487040902 4.07796258
962 3923 4.87040586 0.00487040586 4.07796258
962 3923 4.87040732 0.00487040732 4.07796258
962 3923 4.8704032 0.0048704032 4.07796258
961 3915 4.86363744 0.00486363744 4.07388137
961 3915 4.86367403 0.00486367403 4.07388137
961 3915 4.86361421 0.00486361421 4.07388137
961 3915 4.86361506 0.00486361506 4.07388137
961 3915 4.86361861 0.00486361861 4.07388137
961 3915 4.86361797 0.00486361797 4.07388137
961 3915 4.86361705 0.00486361705 4.07388137
961 3915 4.86361701 0.00486361701 4.07388137
961 3915 4.8636153 0.0048636153 4.07388137
961 3915 4.86361537 0.00486361537 4.07388137
960 3908 4.85664239 0.00485664239 4.07083333
960 3906 4.85563342 0.00485563342 4.06875
960 3907 4.86151648 0.00486151648 4.06979167
960 3907 4.86146157 0.00486146157 4.06979167
960 3907 4.86147369 0.00486147369 4.06979167
960 3907 4.86148113 0.00486148113 4.06979167
960 3907 4.86144221 0.00486144221 4.06979167
960 3907 4.8614394 0.0048614394 4.06979167
960 3907 4.86144672 0.00486144672 4.06979167
960 3907 4.86144799 0.00486144799 4.06979167
959 3899 4.85462576 0.00485462576 4.06569343
959 3899 4.85464106 0.00485464106 4.06569343
959 3899 4.85461869 0.00485461869 4.06569343
959 3899 4.85460323 0.00485460323 4.06569343
959 3899 4.85459912 0.00485459912 4.06569343
959 3899 4.85458585 0.00485458585 4.06569343
959 3899 4.85458068 0.00485458068 4.06569343
959 3899 4.85457855 0.00485457855 4.06569343
959 3899 4.85457512 0.00485457512 4.06569343
959 3899 4.85457451 0.00485457451 4.06569343
958 3888 4.84749298 0.00484749298 4.05845511
958 3890 4.84725386 0.00484725386 4.0605428
958 3894 4.85407688 0.00485407688 4.06471816
958 3894 4.85400385 0.00485400385 4.06471816
958 3894 4.85399794 0.00485399794 4.06471816
958 3894 4.85400562 0.00485400562 4.06471816
958 3894 4.85397393 0.00485397393 4.06471816
958 3894 4.85396841 0.00485396841 4.06471816
958 3894 4.85397149 0.00485397149 4.06471816
958 3894 4.85397993 0.00485397993 4.06471816
957 3886 4.84716756 0.00484716756 4.06060606
957 3886 4.84717923 0.00484717923 4.06060606
957 3886 4.84715591 0.00484715591 4.06060606
957 3886 4.84713814 0.00484713814 4.06060606
957 3886 4.84713488 0.00484713488 4.06060606
957 3886 4.84712133 0.00484712133 4.06060606
957 3886 4.84711601 0.00484711601 4.06060606
957 3886 4.84711387 0.00484711387 4.06060606
957 3886 4.84711031 0.00484711031 4.06060606
957 3886 4.84710964 0.00484710964 4.06060606
956 3875 4.83998412 0.00483998412 4.05334728
956 3875 4.84009907 0.00484009907 4.05334728
956 3875 4.84008662 0.00484008662 4.05334728
956 3875 4.84004203 0.00484004203 4.05334728
956 3875 4.84005203 0.00484005203 4.05334728
956 3875 4.84004975 0.00484004975 4.05334728
956 3875 4.84005145 0.00484005145 4.05334728
956 3875 4.84006496 0.00484006496 4.05334728
956 3875 4.84006024 0.00484006024 4.05334728
956 3875 4.84006527 0.00484006527 4.05334728
955 3862 4.83234237 0.00483234237 4.04397906
955 3862 4.83229802 0.00483229802 4.04397906
955 3862 4.83226047 0.00483226047 4.04397906
955 3862 4.83232418 0.00483232418 4.04397906
955 3862 4.83233755 0.00483233755 4.04397906
955 3862 4.83233055 0.00483233055 4.04397906
955 3862 4.832315 0.004832315 4.04397906
955 3862 4.83229267 0.00483229267 4.04397906
955 3862 4.83228952 0.00483228952 4.04397906
955 3862 4.83229305 0.00483229305 4.04397906
954 3854 4.82438653 0.00482438653 4.03983229
954 3854 4.82439687 0.00482439687 4.03983229
954 3854 4.8243476 0.0048243476 4.03983229
954 3854 4.82434038 0.00482434038 4.03983229
954 3854 4.82435714 0.00482435714 4.03983229
954 3854 4.82435586 0.00482435586 4.03983229
954 3854 4.82435951 0.00482435951 4.03983229
954 3854 4.82436507 0.00482436507 4.03983229
954 3854 4.82437255 0.00482437255 4.03983229
954 3854 4.82437722 0.00482437722 4.03983229
953 3844 4.81616503 0.00481616503 4.03357817
953 3844 4.81616459 0.00481616459 4.03357817
953 3844 4.81620849 0.00481620849 4.03357817
953 3844 4.81620252 0.00481620252 4.03357817
953 3844 4.81619114 0.00481619114 4.03357817
953 3844 4.81617355 0.00481617355 4.03357817
953 3844 4.8161636 0.0048161636 4.03357817
953 3844 4.81617184 0.00481617184 4.03357817
953 3844 4.81618043 0.00481618043 4.03357817
953 3844 4.8161863 0.0048161863 4.03357817
952 3833 4.80764819 0.00480764819 4.0262605
952 3833 4.80763329 0.00480763329 4.0262605
952 3836 4.80760455 0.00480760455 4.02941176
952 3833 4.80766378 0.00480766378 4.0262605
952 3833 4.80765673 0.00480765673 4.0262605
952 3833 4.80766257 0.00480766257 4.0262605
952 3833 4.80766005 0.00480766005 4.0262605
952 3833 4.80764656 0.00480764656 4.0262605
952 3833 4.80765245 0.00480765245 4.0262605
952 3833 4.80764177 0.00480764177 4.0262605
951 3830 4.79911769 0.00479911769 4.02733964
951 3825 4.79907529 0.00479907529 4.02208202
951 3830 4.79913723 0.00479913723 4.02733964
951 3830 4.79911795 0.00479911795 4.02733964
951 3830 4.79913887 0.00479913887 4.02733964
951 3830 4.79912825 0.00479912825 4.02733964
951 3830 4.79913139 0.00479913139 4.02733964
951 3830 4.79913547 0.00479913547 4.02733964
951 3830 4.79913491 0.00479913491 4.02733964
951 3830 4.79913621 0.00479913621 4.02733964
950 3822 4.7906354 0.0047906354 4.02315789
950 3822 4.79064403 0.00479064403 4.02315789
950 3822 4.79062746 0.00479062746 4.02315789
950 3822 4.79065059 0.00479065059 4.02315789
950 3822 4.79063195 0.00479063195 4.02315789
950 3822 4.790607 0.004790607 4.02315789
950 3822 4.79061595 0.00479061595 4.02315789
950 3822 4.79060979 0.00479060979 4.02315789
950 3822 4.79062026 0.00479062026 4.02315789
950 3822 4.79061871 0.00479061871 4.02315789
949 3812 4.78183962 0.00478183962 4.01685985
949 3812 4.78192651 0.00478192651 4.01685985
949 3808 4.78186887 0.00478186887 4.01264489
949 3812 4.78195826 0.00478195826 4.01685985
949 3812 4.78195263 0.00478195263 4.01685985
949 3808 4.7818152 0.0047818152 4.01264489
949 3812 4.78187895 0.00478187895 4.01685985
949 3812 4.78194551 0.00478194551 4.01685985
949 3806 4.78167889 0.00478167889 4.01053741
949 3808 4.7818241 0.0047818241 4.01264489
948 3798 4.77327159 0.00477327159 4.00632911
948 3798 4.7732799 0.0047732799 4.00632911
948 3798 4.77323949 0.00477323949 4.00632911
948 3798 4.77323063 0.00477323063 4.00632911
948 3798 4.77328489 0.00477328489 4.00632911
948 3798 4.77323962 0.00477323962 4.00632911
948 3798 4.77323656 0.00477323656 4.00632911
948 3798 4.77328567 0.00477328567 4.00632911
948 3798 4.77324376 0.00477324376 4.00632911
948 3798 4.77323464 0.00477323464 4.00632911
947 3791 4.76442944 0.00476442944 4.0031679
947 3789 4.76431485 0.00476431485 4.00105597
947 3796 4.76521042 0.00476521042 4.00844773
947 3792 4.76521136 0.00476521136 4.00422386
947 3793 4.76452647 0.00476452647 4.00527983
947 3785 4.76508429 0.00476508429 3.9968321
947 3796 4.76522155 0.00476522155 4.00844773
947 3790 4.7652436 0.0047652436 4.00211193
947 3790 4.76525215 0.00476525215 4.00211193
947 3790 4.76526481 0.00476526481 4.00211193
946 3782 4.7567486 0.0047567486 3.99788584
946 3782 4.75682584 0.00475682584 3.99788584
946 3782 4.75678672 0.00475678672 3.99788584
946 3782 4.75675715 0.00475675715 3.99788584
946 3782 4.75682981 0.00475682981 3.99788584
946 3782 4.75676148 0.00475676148 3.99788584
946 3782 4.75680209 0.00475680209 3.99788584
946 3782 4.7567626 0.0047567626 3.99788584
946 3782 4.7568465 0.0047568465 3.99788584
946 3782 4.75676876 0.00475676876 3.99788584
945 3776 4.74801996 0.00474801996 3.9957672
945 3776 4.7479667 0.0047479667 3.9957672
945 3776 4.74792358 0.00474792358 3.9957672
945 3776 4.74789571 0.00474789571 3.9957672
945 3772 4.74778268 0.00474778268 3.99153439
945 3776 4.74792485 0.00474792485 3.9957672
945 3776 4.74797991 0.00474797991 3.9957672
945 3776 4.74794651 0.00474794651 3.9957672
945 3776 4.74794867 0.00474794867 3.9957672
945 3776 4.74793789 0.00474793789 3.9957672
944 3766 4.73914996 0.00473914996 3.98940678
944 3766 4.73920655 0.00473920655 3.98940678
944 3766 4.73910998 0.00473910998 3.98940678
944 3766 4.73912213 0.00473912213 3.98940678
944 3766 4.73914011 0.00473914011 3.98940678
944 3766 4.73913279 0.00473913279 3.98940678
944 3766 4.73913381 0.00473913381 3.98940678
944 3766 4.73912957 0.00473912957 3.98940678
944 3766 4.7391352 0.0047391352 3.98940678
944 3766 4.73914023 0.00473914023 3.98940678
943 3758 4.73007115 0.00473007115 3.98515376
943 3758 4.73012943 0.00473012943 3.98515376
943 3758 4.73019403 0.00473019403 3.98515376
943 3758 4.73018897 0.00473018897 3.98515376
943 3758 4.73017366 0.00473017366 3.98515376
943 3758 4.73018773 0.00473018773 3.98515376
943 3758 4.73018875 0.00473018875 3.98515376
943 3758 4.73018398 0.00473018398 3.98515376
943 3758 4.73018319 0.00473018319 3.98515376
943 3758 4.73018386 0.00473018386 3.98515376
942 3750 4.72074396 0.00472074396 3.98089172
942 3750 4.7206072 0.0047206072 3.98089172
942 3750 4.72065647 0.00472065647 3.98089172
942 3750 4.72068796 0.00472068796 3.98089172
942 3750 4.72067798 0.00472067798 3.98089172
942 3750 4.7206916 0.0047206916 3.98089172
942 3750 4.72070559 0.00472070559 3.98089172
942 3750 4.72071143 0.00472071143 3.98089172
942 3750 4.72071064 0.00472071064 3.98089172
942 3750 4.72070874 0.00472070874 3.98089172
941 3742 4.71121325 0.00471121325 3.97662062
941 3742 4.71122919 0.00471122919 3.97662062
941 3742 4.71113026 0.00471113026 3.97662062
941 3742 4.71113863 0.00471113863 3.97662062
941 3742 4.71117439 0.00471117439 3.97662062
941 3742 4.7111874 0.0047111874 3.97662062
941 3742 4.71118989 0.00471118989 3.97662062
941 3742 4.71118484 0.00471118484 3.97662062
941 3742 4.71118877 0.00471118877 3.97662062
941 3742 4.71118646 0.00471118646 3.97662062
940 3733 4.70137109 0.00470137109 3.9712766
940 3733 4.70138811 0.00470138811 3.9712766
940 3735 4.7010446 0.0047010446 3.97340426
940 3733 4.70122812 0.00470122812 3.9712766
940 3734 4.70123014 0.00470123014 3.97234043
940 3734 4.70128384 0.00470128384 3.97234043
940 3734 4.70125616 0.00470125616 3.97234043
940 3734 4.70124034 0.00470124034 3.97234043
940 3734 4.70125604 0.00470125604 3.97234043
940 3734 4.70125964 0.00470125964 3.97234043
939 3726 4.69168431 0.00469168431 3.96805112
939 3726 4.69152833 0.00469152833 3.96805112
939 3726 4.69161433 0.00469161433 3.96805112
939 3726 4.69161584 0.00469161584 3.96805112
939 3726 4.6916654 0.0046916654 3.96805112
939 3726 4.69157546 0.00469157546 3.96805112
939 3726 4.69170303 0.00469170303 3.96805112
939 3726 4.69155475 0.00469155475 3.96805112
939 3726 4.69164727 0.00469164727 3.96805112
939 3726 4.69159814 0.00469159814 3.96805112
938 3720 4.68144667 0.00468144667 3.96588486
938 3716 4.68106424 0.00468106424 3.96162047
938 3720 4.68132392 0.00468132392 3.96588486
938 3720 4.68149861 0.00468149861 3.96588486
938 3720 4.68156696 0.00468156696 3.96588486
938 3720 4.6815701 0.0046815701 3.96588486
938 3720 4.68162146 0.00468162146 3.96588486
938 3720 4.68169128 0.00468169128 3.96588486
938 3720 4.68167538 0.00468167538 3.96588486
938 3720 4.68170504 0.00468170504 3.96588486
937 3710 4.67185122 0.00467185122 3.95944504
937 3710 4.67165813 0.00467165813 3.95944504
937 3710 4.67156828 0.00467156828 3.95944504
937 3715 4.67127195 0.00467127195 3.96478122
937 3710 4.67144918 0.00467144918 3.95944504
937 3710 4.67150664 0.00467150664 3.95944504
937 3710 4.67165658 0.00467165658 3.95944504
937 3710 4.67165722 0.00467165722 3.95944504
937 3710 4.6715418 0.0046715418 3.95944504
937 3710 4.6716319 0.0046716319 3.95944504
936 3705 4.66164263 0.00466164263 3.95833333
936 3705 4.66156097 0.00466156097 3.95833333
936 3705 4.66150377 0.00466150377 3.95833333
936 3705 4.66148647 0.00466148647 3.95833333
936 3705 4.66147384 0.00466147384 3.95833333
936 3705 4.66145815 0.00466145815 3.95833333
936 3705 4.66146993 0.00466146993 3.95833333
936 3705 4.6614848 0.0046614848 3.95833333
936 3705 4.66149465 0.00466149465 3.95833333
936 3705 4.66149175 0.00466149175 3.95833333
935 3698 4.65137046 0.00465137046 3.95508021
935 3698 4.65141695 0.00465141695 3.95508021
935 3698 4.65142972 0.00465142972 3.95508021
935 3698 4.65142285 0.00465142285 3.95508021
935 3698 4.65142289 0.00465142289 3.95508021
935 3698 4.65142279 0.00465142279 3.95508021
935 3698 4.65142234 0.00465142234 3.95508021
935 3698 4.6514214 0.0046514214 3.95508021
935 3698 4.65142217 0.00465142217 3.95508021
935 3698 4.65142115 0.00465142115 3.95508021
934 3694 4.64101798 0.00464101798 3.95503212
934 3694 4.64098119 0.00464098119 3.95503212
934 3694 4.64097848 0.00464097848 3.95503212
934 3694 4.64093631 0.00464093631 3.95503212
934 3694 4.64098351 0.00464098351 3.95503212
934 3694 4.64097812 0.00464097812 3.95503212
934 3694 4.64098126 0.00464098126 3.95503212
934 3694 4.64100197 0.00464100197 3.95503212
934 3694 4.64100373 0.00464100373 3.95503212
934 3694 4.64100553 0.00464100553 3.95503212
933 3690 4.63063748 0.00463063748 3.95498392
933 3690 4.63072855 0.00463072855 3.95498392
933 3690 4.63064237 0.00463064237 3.95498392
933 3690 4.6306311 0.0046306311 3.95498392
933 3690 4.63063086 0.00463063086 3.95498392
933 3690 4.63062497 0.00463062497 3.95498392
933 3690 4.6306339 0.0046306339 3.95498392
933 3690 4.63063638 0.00463063638 3.95498392
933 3690 4.6306477 0.0046306477 3.95498392
933 3690 4.63065293 0.00463065293 3.95498392
932 3682 4.61972377 0.00461972377 3.95064378
932 3679 4.61486826 0.00461486826 3.94742489
932 3682 4.61971974 0.00461971974 3.95064378
932 3675 4.61968257 0.00461968257 3.94313305
932 3675 4.61968844 0.00461968844 3.94313305
932 3675 4.6196809 0.0046196809 3.94313305
932 3675 4.61969646 0.00461969646 3.94313305
932 3675 4.61970242 0.00461970242 3.94313305
932 3675 4.61970156 0.00461970156 3.94313305
932 3675 4.61970326 0.00461970326 3.94313305
931 3671 4.60925168 0.00460925168 3.94307197
931 3671 4.6092639 0.0046092639 3.94307197
931 3671 4.60908978 0.00460908978 3.94307197
931 3671 4.60911198 0.00460911198 3.94307197
931 3671 4.60912751 0.00460912751 3.94307197
931 3671 4.60909964 0.00460909964 3.94307197
931 3671 4.60906301 0.00460906301 3.94307197
931 3671 4.60903576 0.00460903576 3.94307197
931 3671 4.60902559 0.00460902559 3.94307197
931 3671 4.60902189 0.00460902189 3.94307197
930 3660 4.59803454 0.00459803454 3.93548387
930 3660 4.59831761 0.00459831761 3.93548387
930 3660 4.59819817 0.00459819817 3.93548387
930 3660 4.59828023 0.00459828023 3.93548387
930 3660 4.59842001 0.00459842001 3.93548387
930 3660 4.59832873 0.00459832873 3.93548387
930 3660 4.59838277 0.00459838277 3.93548387
930 3660 4.59834228 0.00459834228 3.93548387
930 3660 4.59808309 0.00459808309 3.93548387
930 3660 4.59843206 0.00459843206 3.93548387
929 3651 4.58698383 0.00458698383 3.93003229
929 3651 4.58687276 0.00458687276 3.93003229
929 3651 4.58687547 0.00458687547 3.93003229
929 3651 4.58687122 0.00458687122 3.93003229
929 3651 4.58686174 0.00458686174 3.93003229
929 3651 4.58685645 0.00458685645 3.93003229
929 3651 4.58685218 0.00458685218 3.93003229
929 3651 4.58685279 0.00458685279 3.93003229
929 3651 4.58685182 0.00458685182 3.93003229
929 3651 4.58685162 0.00458685162 3.93003229
928 3644 4.5752204 0.0045752204 3.92672414
928 3644 4.57525471 0.00457525471 3.92672414
928 3644 4.57519106 0.00457519106 3.92672414
928 3644 4.57519291 0.00457519291 3.92672414
928 3644 4.57523028 0.00457523028 3.92672414
928 3644 4.57516312 0.00457516312 3.92672414
928 3644 4.57526598 0.00457526598 3.92672414
928 3644 4.5751375 0.0045751375 3.92672414
928 3644 4.57527416 0.00457527416 3.92672414
928 3644 4.57513949 0.00457513949 3.92672414
927 3638 4.56344246 0.00456344246 3.92448759
927 3638 4.5634203 0.0045634203 3.92448759
927 3638 4.56333235 0.00456333235 3.92448759
927 3638 4.56335504 0.00456335504 3.92448759
927 3638 4.56337244 0.00456337244 3.92448759
927 3638 4.5633573 0.0045633573 3.92448759
927 3638 4.5633603 0.0045633603 3.92448759
927 3638 4.56333395 0.00456333395 3.92448759
927 3638 4.56345412 0.00456345412 3.92448759
927 3634 4.56307975 0.00456307975 3.9201726
926 3628 4.55159582 0.00455159582 3.91792657
926 3628 4.55156332 0.00455156332 3.91792657
926 3628 4.55138343 0.00455138343 3.91792657
926 3632 4.55149012 0.00455149012 3.92224622
926 3628 4.55168936 0.00455168936 3.91792657
926 3628 4.55162953 0.00455162953 3.91792657
926 3628 4.55158741 0.00455158741 3.91792657
926 3628 4.551649 0.004551649 3.91792657
926 3628 4.55170145 0.00455170145 3.91792657
926 3628 4.55172334 0.00455172334 3.91792657
925 3622 4.54002819 0.00454002819 3.91567568
925 3622 4.53999895 0.00453999895 3.91567568
925 3622 4.53992446 0.00453992446 3.91567568
925 3622 4.53986517 0.00453986517 3.91567568
925 3622 4.54005385 0.00454005385 3.91567568
925 3622 4.54007332 0.00454007332 3.91567568
925 3622 4.53999564 0.00453999564 3.91567568
925 3622 4.54002748 0.00454002748 3.91567568
925 3622 4.54000823 0.00454000823 3.91567568
925 3622 4.53999498 0.00453999498 3.91567568
924 3615 4.52786926 0.00452786926 3.91233766
924 3611 4.52753054 0.00452753054 3.90800866
924 3615 4.52768912 0.00452768912 3.91233766
924 3615 4.52762847 0.00452762847 3.91233766
924 3615 4.52768292 0.00452768292 3.91233766
924 3615 4.52788941 0.00452788941 3.91233766
924 3615 4.52791684 0.00452791684 3.91233766
924 3615 4.52799622 0.00452799622 3.91233766
924 3615 4.52799697 0.00452799697 3.91233766
924 3615 4.52799223 0.00452799223 3.91233766
923 3604 4.51613289 0.00451613289 3.90465872
923 3604 4.51593909 0.00451593909 3.90465872
923 3604 4.51598395 0.00451598395 3.90465872
923 3604 4.51598448 0.00451598448 3.90465872
923 3604 4.51595261 0.00451595261 3.90465872
923 3604 4.51592695 0.00451592695 3.90465872
923 3604 4.51589361 0.00451589361 3.90465872
923 3604 4.51590463 0.00451590463 3.90465872
923 3604 4.51590803 0.00451590803 3.90465872
923 3604 4.51592003 0.00451592003 3.90465872
922 3599 4.50348652 0.00450348652 3.90347072
922 3599 4.50349714 0.00450349714 3.90347072
922 3599 4.50352376 0.00450352376 3.90347072
922 3599 4.50337671 0.00450337671 3.90347072
922 3599 4.50349184 0.00450349184 3.90347072
922 3599 4.50348547 0.00450348547 3.90347072
922 3599 4.50340268 0.00450340268 3.90347072
922 3599 4.50356475 0.00450356475 3.90347072
922 3599 4.50343601 0.00450343601 3.90347072
922 3599 4.50348398 0.00450348398 3.90347072
921 3591 4.49027777 0.00449027777 3.8990228
921 3589 4.49034834 0.00449034834 3.89685125
921 3589 4.49034714 0.00449034714 3.89685125
921 3588 4.49031768 0.00449031768 3.89576547
921 3588 4.49039773 0.00449039773 3.89576547
921 3588 4.49026387 0.00449026387 3.89576547
921 3588 4.49050895 0.00449050895 3.89576547
921 3588 4.49022849 0.00449022849 3.89576547
921 3588 4.49039598 0.00449039598 3.89576547
921 3588 4.49039823 0.00449039823 3.89576547
920 3578 4.47739556 0.00447739556 3.88913043
920 3578 4.4772832 0.0044772832 3.88913043
920 3581 4.47728995 0.00447728995 3.8923913
920 3582 4.47709291 0.00447709291 3.89347826
920 3578 4.47758776 0.00447758776 3.88913043
920 3578 4.47744857 0.00447744857 3.88913043
920 3578 4.4774437 0.0044774437 3.88913043
920 3578 4.47743986 0.00447743986 3.88913043
920 3578 4.47747026 0.00447747026 3.88913043
920 3578 4.47736496 0.00447736496 3.88913043
919 3571 4.46465805 0.00446465805 3.88574538
919 3571 4.46460443 0.00446460443 3.88574538
919 3571 4.46456793 0.00446456793 3.88574538
919 3571 4.46457225 0.00446457225 3.88574538
919 3571 4.46457247 0.00446457247 3.88574538
919 3571 4.46451263 0.00446451263 3.88574538
919 3571 4.46458474 0.00446458474 3.88574538
919 3571 4.46451835 0.00446451835 3.88574538
919 3571 4.46458303 0.00446458303 3.88574538
919 3571 4.46452272 0.00446452272 3.88574538
918 3566 4.45141901 0.00445141901 3.88453159
918 3566 4.45160853 0.00445160853 3.88453159
918 3566 4.45151305 0.00445151305 3.88453159
918 3566 4.45157963 0.00445157963 3.88453159
918 3563 4.45141533 0.00445141533 3.88126362
918 3566 4.4514115 0.0044514115 3.88453159
918 3566 4.45166525 0.00445166525 3.88453159
918 3566 4.45150595 0.00445150595 3.88453159
918 3566 4.45159368 0.00445159368 3.88453159
918 3566 4.45150442 0.00445150442 3.88453159
917 3563 4.43846192 0.00443846192 3.88549618
917 3556 4.43459836 0.00443459836 3.8778626
917 3560 4.4473521 0.0044473521 3.88222465
917 3558 4.44707891 0.00444707891 3.88004362
917 3563 4.44742998 0.00444742998 3.88549618
917 3563 4.44719234 0.00444719234 3.88549618
917 3563 4.44719594 0.00444719594 3.88549618
917 3563 4.44723462 0.00444723462 3.88549618
917 3564 4.44665067 0.00444665067 3.8865867
917 3563 4.44731931 0.00444731931 3.88549618
916 3553 4.43458426 0.00443458426 3.87882096
916 3553 4.43463819 0.00443463819 3.87882096
916 3553 4.43460247 0.00443460247 3.87882096
916 3553 4.43460033 0.00443460033 3.87882096
916 3553 4.43461537 0.00443461537 3.87882096
916 3553 4.43464287 0.00443464287 3.87882096
916 3553 4.43466173 0.00443466173 3.87882096
916 3553 4.43466471 0.00443466471 3.87882096
916 3553 4.43466737 0.00443466737 3.87882096
916 3553 4.43466946 0.00443466946 3.87882096
915 3545 4.42168565 0.00442168565 3.87431694
915 3545 4.42170328 0.00442170328 3.87431694
915 3545 4.42164302 0.00442164302 3.87431694
915 3545 4.42178526 0.00442178526 3.87431694
915 3545 4.42172418 0.00442172418 3.87431694
915 3545 4.42167745 0.00442167745 3.87431694
915 3545 4.42168002 0.00442168002 3.87431694
915 3545 4.42170102 0.00442170102 3.87431694
915 3545 4.4217227 0.0044217227 3.87431694
915 3545 4.42170291 0.00442170291 3.87431694
914 3544 4.40812851 0.00440812851 3.87746171
914 3544 4.40812355 0.00440812355 3.87746171
914 3544 4.40816354 0.00440816354 3.87746171
914 3544 4.4082387 0.0044082387 3.87746171
914 3544 4.40828583 0.00440828583 3.87746171
914 3544 4.40829726 0.00440829726 3.87746171
914 3544 4.40830596 0.00440830596 3.87746171
914 3544 4.40831134 0.00440831134 3.87746171
914 3544 4.40831299 0.00440831299 3.87746171
914 3544 4.40831966 0.00440831966 3.87746171
913 3534 4.3946378 0.0043946378 3.87075575
913 3534 4.39435452 0.00439435452 3.87075575
913 3537 4.39463699 0.00439463699 3.87404162
913 3537 4.39427335 0.00439427335 3.87404162
913 3531 4.39450537 0.00439450537 3.86746988
913 3537 4.39449687 0.00439449687 3.87404162
913 3531 4.3945196 0.0043945196 3.86746988
913 3531 4.39449585 0.00439449585 3.86746988
913 3537 4.39451663 0.00439451663 3.87404162
913 3537 4.39427644 0.00439427644 3.87404162
912 3530 4.38095557 0.00438095557 3.87061404
912 3530 4.3810591 0.0043810591 3.87061404
912 3530 4.38112911 0.00438112911 3.87061404
912 3530 4.38120853 0.00438120853 3.87061404
912 3530 4.38123301 0.00438123301 3.87061404
912 3530 4.38125585 0.00438125585 3.87061404
912 3530 4.38127036 0.00438127036 3.87061404
912 3530 4.38128325 0.00438128325 3.87061404
912 3530 4.38128815 0.00438128815 3.87061404
912 3530 4.3812941 0.0043812941 3.87061404
911 3520 4.36764971 0.00436764971 3.86388584
911 3520 4.36754151 0.00436754151 3.86388584
911 3520 4.36751366 0.00436751366 3.86388584
911 3523 4.3670263 0.0043670263 3.86717892
911 3521 4.36063754 0.00436063754 3.86498353
911 3521 4.3681013 0.0043681013 3.86498353
911 3515 4.37560234 0.00437560234 3.85839737
911 3512 4.37627452 0.00437627452 3.85510428
911 3516 4.37750406 0.00437750406 3.85949506
911 3519 4.37718457 0.00437718457 3.86278814
910 3509 4.3660886 0.0043660886 3.85604396
910 3509 4.3659321 0.0043659321 3.85604396
910 3509 4.36594087 0.00436594087 3.85604396
910 3509 4.36594209 0.00436594209 3.85604396
910 3509 4.36595669 0.00436595669 3.85604396
910 3509 4.36597592 0.00436597592 3.85604396
910 3509 4.36598057 0.00436598057 3.85604396
910 3509 4.36598513 0.00436598513 3.85604396
910 3509 4.36599127 0.00436599127 3.85604396
910 3509 4.36599303 0.00436599303 3.85604396
909 3501 4.35329108 0.00435329108 3.85148515
909 3501 4.35326598 0.00435326598 3.85148515
909 3501 4.35362933 0.00435362933 3.85148515
909 3501 4.35361726 0.00435361726 3.85148515
909 3501 4.35357506 0.00435357506 3.85148515
909 3501 4.3535655 0.0043535655 3.85148515
909 3501 4.35322091 0.00435322091 3.85148515
909 3501 4.35352819 0.00435352819 3.85148515
909 3501 4.35363282 0.00435363282 3.85148515
909 3501 4.35357875 0.00435357875 3.85148515
908 3493 4.34092761 0.00434092761 3.8469163
908 3493 4.34103519 0.00434103519 3.8469163
908 3493 4.3408407 0.0043408407 3.8469163
908 3494 4.34089496 0.00434089496 3.84801762
908 3494 4.34084412 0.00434084412 3.84801762
908 3494 4.34081938 0.00434081938 3.84801762
908 3494 4.34085008 0.00434085008 3.84801762
908 3494 4.3408691 0.0043408691 3.84801762
908 3494 4.34089195 0.00434089195 3.84801762
908 3494 4.34089673 0.00434089673 3.84801762
907 3486 4.32831012 0.00432831012 3.84343991
907 3486 4.32835612 0.00432835612 3.84343991
907 3486 4.32831112 0.00432831112 3.84343991
907 3486 4.32832238 0.00432832238 3.84343991
907 3486 4.32832687 0.00432832687 3.84343991
907 3486 4.32832575 0.00432832575 3.84343991
907 3486 4.32832791 0.00432832791 3.84343991
907 3486 4.32832872 0.00432832872 3.84343991
907 3486 4.32833128 0.00432833128 3.84343991
907 3486 4.32833159 0.00432833159 3.84343991
906 3485 4.31569196 0.00431569196 3.84657837
906 3485 4.31550491 0.00431550491 3.84657837
906 3485 4.31557517 0.00431557517 3.84657837
906 3485 4.31546533 0.00431546533 3.84657837
906 3485 4.31566503 0.00431566503 3.84657837
906 3485 4.31555408 0.00431555408 3.84657837
906 3485 4.31565452 0.00431565452 3.84657837
906 3485 4.31558137 0.00431558137 3.84657837
906 3485 4.31564945 0.00431564945 3.84657837
906 3485 4.31556304 0.00431556304 3.84657837
905 3477 4.30207415 0.00430207415 3.84198895
905 3479 4.30190056 0.00430190056 3.8441989
904 3473 4.29781423 0.00429781423 3.84181416
904 3473 4.29780276 0.00429780276 3.84181416
904 3473 4.29784101 0.00429784101 3.84181416
904 3473 4.29791569 0.00429791569 3.84181416
904 3473 4.29794027 0.00429794027 3.84181416
904 3473 4.2979522 0.0042979522 3.84181416
904 3473 4.29797024 0.00429797024 3.84181416
904 3473 4.29797893 0.00429797893 3.84181416
903 3465 4.28454562 0.00428454562 3.8372093
903 3465 4.28453483 0.00428453483 3.8372093
903 3465 4.28456421 0.00428456421 3.8372093
903 3465 4.2845602 0.0042845602 3.8372093
903 3465 4.28454375 0.00428454375 3.8372093
903 3465 4.28453924 0.00428453924 3.8372093
903 3465 4.28453503 0.00428453503 3.8372093
903 3465 4.28453055 0.00428453055 3.8372093
903 3465 4.28452607 0.00428452607 3.8372093
903 3465 4.28452395 0.00428452395 3.8372093
902 3461 4.27078588 0.00427078588 3.83702882
902 3459 4.27084281 0.00427084281 3.83481153
902 3459 4.27082082 0.00427082082 3.83481153
902 3461 4.2705614 0.0042705614 3.83702882
902 3461 4.27056469 0.00427056469 3.83702882
902 3459 4.27081326 0.00427081326 3.83481153
902 3459 4.27090512 0.00427090512 3.83481153
902 3459 4.27099449 0.00427099449 3.83481153
902 3459 4.27098139 0.00427098139 3.83481153
902 3459 4.27098992 0.00427098992 3.83481153
901 3455 4.25741664 0.00425741664 3.83462819
901 3455 4.25732271 0.00425732271 3.83462819
901 3455 4.25719503 0.00425719503 3.83462819
901 3455 4.25726766 0.00425726766 3.83462819
901 3455 4.2572953 0.0042572953 3.83462819
901 3455 4.25729504 0.00425729504 3.83462819
901 3455 4.25729956 0.00425729956 3.83462819
901 3455 4.25731013 0.00425731013 3.83462819
901 3455 4.25731679 0.00425731679 3.83462819
901 3455 4.25731812 0.00425731812 3.83462819
900 3445 4.24350067 0.00424350067 3.82777778
900 3441 4.23781752 0.00423781752 3.82333333
900 3435 4.24364499 0.00424364499 3.81666667
900 3439 4.24385953 0.00424385953 3.82111111
900 3437 4.24371725 0.00424371725 3.81888889
900 3439 4.24393397 0.00424393397 3.82111111
900 3437 4.2437389 0.0042437389 3.81888889
900 3439 4.24389606 0.00424389606 3.82111111
900 3439 4.24389328 0.00424389328 3.82111111
900 3439 4.24392427 0.00424392427 3.82111111
899 3431 4.23082491 0.00423082491 3.81646274
899 3431 4.23085275 0.00423085275 3.81646274
899 3431 4.2306035 0.0042306035 3.81646274
899 3431 4.23075882 0.00423075882 3.81646274
899 3431 4.23059276 0.00423059276 3.81646274
899 3431 4.23077641 0.00423077641 3.81646274
899 3431 4.23058321 0.00423058321 3.81646274
899 3431 4.23076788 0.00423076788 3.81646274
899 3431 4.23057878 0.00423057878 3.81646274
899 3431 4.23076715 0.00423076715 3.81646274
898 3421 4.21726204 0.00421726204 3.80957684
898 3426 4.21691109 0.00421691109 3.81514477
898 3423 4.21636919 0.00421636919 3.81180401
898 3426 4.22261763 0.00422261763 3.81514477
898 3426 4.22266072 0.00422266072 3.81514477
898 3426 4.22259514 0.00422259514 3.81514477
898 3424 4.22253756 0.00422253756 3.81291759
898 3424 4.22261201 0.00422261201 3.81291759
898 3424 4.22260181 0.00422260181 3.81291759
898 3424 4.22258418 0.00422258418 3.81291759
897 3416 4.20963381 0.00420963381 3.80824972
897 3416 4.20962245 0.00420962245 3.80824972
897 3416 4.20953406 0.00420953406 3.80824972
897 3416 4.20962066 0.00420962066 3.80824972
897 3416 4.20950089 0.00420950089 3.80824972
897 3416 4.20962145 0.00420962145 3.80824972
897 3416 4.20949069 0.00420949069 3.80824972
897 3416 4.20961875 0.00420961875 3.80824972
897 3416 4.20949033 0.00420949033 3.80824972
897 3416 4.20962093 0.00420962093 3.80824972
896 3410 4.19628564 0.00419628564 3.80580357
896 3406 4.19614225 0.00419614225 3.80133929
896 3408 4.19636712 0.00419636712 3.80357143
896 3407 4.19631625 0.00419631625 3.80245536
896 3407 4.19644951 0.00419644951 3.80245536
896 3407 4.19693916 0.00419693916 3.80245536
896 3403 4.19659136 0.00419659136 3.79799107
896 3401 4.19625417 0.00419625417 3.79575893
896 3407 4.19695854 0.00419695854 3.80245536
896 3406 4.19715463 0.00419715463 3.80133929
895 3398 4.18419091 0.00418419091 3.79664804
895 3397 4.18437436 0.00418437436 3.79553073
895 3397 4.18428913 0.00418428913 3.79553073
895 3397 4.18440497 0.00418440497 3.79553073
895 3397 4.18442104 0.00418442104 3.79553073
895 3397 4.18442884 0.00418442884 3.79553073
895 3397 4.18443707 0.00418443707 3.79553073
895 3397 4.18445063 0.00418445063 3.79553073
895 3397 4.18445895 0.00418445895 3.79553073
895 3397 4.1844668 0.0041844668 3.79553073
894 3389 4.1714098 0.0041714098 3.79082774
894 3389 4.17139677 0.00417139677 3.79082774
894 3388 4.17119396 0.00417119396 3.78970917
894 3389 4.1715675 0.0041715675 3.79082774
894 3389 4.17138192 0.00417138192 3.79082774
894 3388 4.17108346 0.00417108346 3.78970917
894 3389 4.1714986 0.0041714986 3.79082774
894 3389 4.17135295 0.00417135295 3.79082774
894 3389 4.17131692 0.00417131692 3.79082774
894 3389 4.17130686 0.00417130686 3.79082774
893 3380 4.1586907 0.0041586907 3.7849944
893 3380 4.15865785 0.00415865785 3.7849944
893 3380 4.1586437 0.0041586437 3.7849944
893 3380 4.15875719 0.00415875719 3.7849944
893 3380 4.15878303 0.00415878303 3.7849944
893 3380 4.15878398 0.00415878398 3.7849944
893 3380 4.15879633 0.00415879633 3.7849944
893 3380 4.15879892 0.00415879892 3.7849944
893 3380 4.15880651 0.00415880651 3.7849944
893 3380 4.15880796 0.00415880796 3.7849944
892 3372 4.14562016 0.00414562016 3.78026906
892 3372 4.14542707 0.00414542707 3.78026906
892 3372 4.14545111 0.00414545111 3.78026906
892 3372 4.14550102 0.00414550102 3.78026906
892 3372 4.14549084 0.00414549084 3.78026906
892 3372 4.14550026 0.00414550026 3.78026906
892 3372 4.14550126 0.00414550126 3.78026906
892 3372 4.14550271 0.00414550271 3.78026906
892 3372 4.14550621 0.00414550621 3.78026906
892 3372 4.14550681 0.00414550681 3.78026906
891 3365 4.13186783 0.00413186783 3.77665544
891 3365 4.13182268 0.00413182268 3.77665544
891 3368 4.13145089 0.00413145089 3.78002245
890 3358 4.12993563 0.00412993563 3.77303371
890 3358 4.12992677 0.00412992677 3.77303371
890 3358 4.12990226 0.00412990226 3.77303371
890 3358 4.12997088 0.00412997088 3.77303371
890 3358 4.1299833 0.0041299833 3.77303371
890 3358 4.12998998 0.00412998998 3.77303371
890 3358 4.12999131 0.00412999131 3.77303371
889 3351 4.11649131 0.00411649131 3.76940382
889 3351 4.11637376 0.00411637376 3.76940382
889 3352 4.11632348 0.00411632348 3.77052868
889 3355 4.11628393 0.00411628393 3.77390326
889 3357 4.1163908 0.0041163908 3.77615298
889 3357 4.11661741 0.00411661741 3.77615298
889 3357 4.11664968 0.00411664968 3.77615298
889 3358 4.11621236 0.00411621236 3.77727784
889 3357 4.11661701 0.00411661701 3.77615298
889 3357 4.1166482 0.0041166482 3.77615298
888 3349 4.10374766 0.00410374766 3.7713964
888 3349 4.10367385 0.00410367385 3.7713964
888 3349 4.10366651 0.00410366651 3.7713964
888 3349 4.10371301 0.00410371301 3.7713964
888 3349 4.10371595 0.00410371595 3.7713964
888 3349 4.10371958 0.00410371958 3.7713964
888 3349 4.10372012 0.00410372012 3.7713964
888 3349 4.10372245 0.00410372245 3.7713964
888 3349 4.10372537 0.00410372537 3.7713964
888 3349 4.10372505 0.00410372505 3.7713964
887 3342 4.09069365 0.00409069365 3.76775648
887 3342 4.09056833 0.00409056833 3.76775648
887 3342 4.09053924 0.00409053924 3.76775648
887 3343 4.09042351 0.00409042351 3.76888388
887 3344 4.09039373 0.00409039373 3.77001127
887 3342 4.09057949 0.00409057949 3.76775648
887 3342 4.09059167 0.00409059167 3.76775648
887 3342 4.0905363 0.0040905363 3.76775648
887 3342 4.09054983 0.00409054983 3.76775648
887 3343 4.09044214 0.00409044214 3.76888388
886 3336 4.07769882 0.00407769882 3.76523702
886 3336 4.07758049 0.00407758049 3.76523702
886 3340 4.07792512 0.00407792512 3.76975169
886 3343 4.07781345 0.00407781345 3.7731377
886 3339 4.07646564 0.00407646564 3.76862302
886 3339 4.0778146 0.0040778146 3.76862302
886 3343 4.07560333 0.00407560333 3.7731377
886 3334 4.0757876 0.0040757876 3.76297968
886 3342 4.07689804 0.00407689804 3.77200903
886 3342 4.0772457 0.0040772457 3.77200903
885 3333 4.06565791 0.00406565791 3.76610169
885 3338 4.06631041 0.00406631041 3.77175141
885 3337 4.06566992 0.00406566992 3.77062147
885 3339 4.06446215 0.00406446215 3.77288136
885 3341 4.06206019 0.00406206019 3.77514124
885 3345 4.05727255 0.00405727255 3.77966102
885 3339 4.06409696 0.00406409696 3.77288136
885 3338 4.06270692 0.00406270692 3.77175141
884 3331 4.05443405 0.00405443405 3.76809955
884 3330 4.04555798 0.00404555798 3.76696833
883 3323 4.04246683 0.00404246683 3.76330691
883 3319 4.0410148 0.0040410148 3.7587769
883 3323 4.03833736 0.00403833736 3.76330691
883 3321 4.04318632 0.00404318632 3.7610419
883 3316 4.03986471 0.00403986471 3.75537939
883 3314 4.0312553 0.0040312553 3.75311438
883 3321 4.04339399 0.00404339399 3.7610419
883 3318 4.04270004 0.00404270004 3.75764439
883 3315 4.04190055 0.00404190055 3.75424689
883 3318 4.04332165 0.00404332165 3.75764439
882 3311 4.03190135 0.00403190135 3.75396825
882 3317 4.02652422 0.00402652422 3.76077098
882 3312 4.03180017 0.00403180017 3.75510204
882 3309 4.03857926 0.00403857926 3.75170068
882 3311 4.02946365 0.00402946365 3.75396825
882 3314 4.03100111 0.00403100111 3.75736961
882 3309 4.03594255 0.00403594255 3.75170068
882 3310 4.03408128 0.00403408128 3.75283447
882 3310 4.03909689 0.00403909689 3.75283447
882 3309 4.03790365 0.00403790365 3.75170068
881 3300 4.02749531 0.00402749531 3.74574347
881 3300 4.02088234 0.00402088234 3.74574347
881 3299 4.02272149 0.00402272149 3.7446084
881 3302 4.02602686 0.00402602686 3.74801362
881 3300 4.0274333 0.0040274333 3.74574347
881 3300 4.02739589 0.00402739589 3.74574347
881 3300 4.0274527 0.0040274527 3.74574347
881 3300 4.02055066 0.00402055066 3.74574347
881 3300 4.02741278 0.00402741278 3.74574347
881 3300 4.02742587 0.00402742587 3.74574347
880 3293 4.01587009 0.00401587009 3.74204545
880 3293 4.0158931 0.0040158931 3.74204545
880 3293 4.01597703 0.00401597703 3.74204545
880 3293 4.01597887 0.00401597887 3.74204545
880 3293 4.01598367 0.00401598367 3.74204545
880 3293 4.01598895 0.00401598895 3.74204545
880 3293 4.01598906 0.00401598906 3.74204545
880 3293 4.01598809 0.00401598809 3.74204545
880 3293 4.01598322 0.00401598322 3.74204545
880 3293 4.01598054 0.00401598054 3.74204545
879 3289 4.00417561 0.00400417561 3.74175199
879 3289 4.00413215 0.00400413215 3.74175199
879 3284 4.0034643 0.0040034643 3.73606371
879 3289 4.00399553 0.00400399553 3.74175199
879 3287 4.00394962 0.00400394962 3.73947668
879 3290 4.00377087 0.00400377087 3.74288965
878 3280 3.99261002 0.00399261002 3.7357631
878 3280 3.99267294 0.00399267294 3.7357631
878 3280 3.99269232 0.00399269232 3.7357631
878 3281 3.99235404 0.00399235404 3.73690205
877 3274 3.98113267 0.00398113267 3.7331813
877 3274 3.98116616 0.00398116616 3.7331813
877 3274 3.98110891 0.00398110891 3.7331813
877 3280 3.97517307 0.00397517307 3.74002281
877 3276 3.97976423 0.00397976423 3.7354618
877 3280 3.97574019 0.00397574019 3.74002281
877 3279 3.98046119 0.00398046119 3.73888255
877 3274 3.97478893 0.00397478893 3.7331813
877 3274 3.98108048 0.00398108048 3.7331813
877 3274 3.98122571 0.00398122571 3.7331813
876 3270 3.96980331 0.00396980331 3.73287671
876 3270 3.96962155 0.00396962155 3.73287671
876 3266 3.9696021 0.0039696021 3.7283105
876 3269 3.96948913 0.00396948913 3.73173516
876 3269 3.96912814 0.00396912814 3.73173516
876 3272 3.96880348 0.00396880348 3.73515982
876 3270 3.96968605 0.00396968605 3.73287671
876 3271 3.9662322 0.0039662322 3.73401826
876 3272 3.96516475 0.00396516475 3.73515982
876 3271 3.96794919 0.00396794919 3.73401826
875 3262 3.95841432 0.00395841432 3.728
875 3262 3.95828599 0.00395828599 3.728
875 3262 3.9584935 0.0039584935 3.728
875 3266 3.95814382 0.00395814382 3.73257143
875 3266 3.95831406 0.00395831406 3.73257143
875 3267 3.95142541 0.00395142541 3.73371429
875 3264 3.95638085 0.00395638085 3.73028571
875 3262 3.95839591 0.00395839591 3.728
875 3262 3.95848482 0.00395848482 3.728
875 3262 3.95849197 0.00395849197 3.728
874 3258 3.94732055 0.00394732055 3.72768879
874 3258 3.94723681 0.00394723681 3.72768879
874 3259 3.94757991 0.00394757991 3.72883295
874 3257 3.94364725 0.00394364725 3.72654462
874 3261 3.94995331 0.00394995331 3.73112128
874 3257 3.95183123 0.00395183123 3.72654462
874 3256 3.95045004 0.00395045004 3.72540046
874 3254 3.95282904 0.00395282904 3.72311213
874 3257 3.95369667 0.00395369667 3.72654462
874 3258 3.95544556 0.00395544556 3.72768879
873 3251 3.94523334 0.00394523334 3.72394044
873 3256 3.94431579 0.00394431579 3.72966781
873 3250 3.94090628 0.00394090628 3.72279496
873 3256 3.94519833 0.00394519833 3.72966781
873 3254 3.94272195 0.00394272195 3.72737686
873 3257 3.94549269 0.00394549269 3.73081329
873 3257 3.9455504 0.0039455504 3.73081329
873 3257 3.94550736 0.00394550736 3.73081329
873 3257 3.94557837 0.00394557837 3.73081329
873 3257 3.94561176 0.00394561176 3.73081329
872 3247 3.93505685 0.00393505685 3.72362385
872 3247 3.93480424 0.00393480424 3.72362385
872 3247 3.93487496 0.00393487496 3.72362385
872 3247 3.93491176 0.00393491176 3.72362385
872 3247 3.93488921 0.00393488921 3.72362385
872 3247 3.93488387 0.00393488387 3.72362385
872 3247 3.93487042 0.00393487042 3.72362385
872 3247 3.93487336 0.00393487336 3.72362385
872 3247 3.93488073 0.00393488073 3.72362385
872 3247 3.93488553 0.00393488553 3.72362385
871 3239 3.92386608 0.00392386608 3.71871412
871 3239 3.92393026 0.00392393026 3.71871412
871 3244 3.92241431 0.00392241431 3.72445465
871 3239 3.9240229 0.0039240229 3.71871412
871 3239 3.92373807 0.00392373807 3.71871412
871 3239 3.92385023 0.00392385023 3.71871412
871 3239 3.92398694 0.00392398694 3.71871412
871 3239 3.92373796 0.00392373796 3.71871412
871 3239 3.923836 0.003923836 3.71871412
871 3239 3.92399897 0.00392399897 3.71871412
870 3236 3.91296737 0.00391296737 3.71954023
870 3236 3.91306501 0.00391306501 3.71954023
870 3236 3.91307228 0.00391307228 3.71954023
870 3236 3.91286425 0.00391286425 3.71954023
870 3236 3.91290755 0.00391290755 3.71954023
870 3236 3.912897 0.003912897 3.71954023
870 3236 3.91291723 0.00391291723 3.71954023
870 3236 3.91289544 0.00391289544 3.71954023
870 3236 3.9129144 0.0039129144 3.71954023
870 3236 3.91291735 0.00391291735 3.71954023
869 3233 3.90217293 0.00390217293 3.72036824
869 3233 3.90228338 0.00390228338 3.72036824
869 3227 3.90212759 0.00390212759 3.71346375
869 3233 3.90229253 0.00390229253 3.72036824
869 3227 3.90061422 0.00390061422 3.71346375
869 3227 3.90217189 0.00390217189 3.71346375
869 3227 3.90187345 0.00390187345 3.71346375
869 3233 3.90232912 0.00390232912 3.72036824
869 3233 3.90220615 0.00390220615 3.72036824
869 3233 3.90213611 0.00390213611 3.72036824
868 3224 3.89145814 0.00389145814 3.71428571
868 3224 3.89163599 0.00389163599 3.71428571
868 3224 3.89142415 0.00389142415 3.71428571
868 3224 3.89133783 0.00389133783 3.71428571
868 3224 3.89154609 0.00389154609 3.71428571
868 3224 3.89156036 0.00389156036 3.71428571
868 3223 3.89113077 0.00389113077 3.71313364
868 3224 3.89150959 0.00389150959 3.71428571
868 3224 3.89149553 0.00389149553 3.71428571
868 3224 3.89137642 0.00389137642 3.71428571
867 3221 3.88023417 0.00388023417 3.71510957
867 3214 3.88075913 0.00388075913 3.70703576
867 3214 3.88079728 0.00388079728 3.70703576
867 3214 3.88079392 0.00388079392 3.70703576
867 3215 3.88052398 0.00388052398 3.70818916
867 3214 3.88056737 0.00388056737 3.70703576
867 3214 3.88059124 0.00388059124 3.70703576
867 3214 3.88064359 0.00388064359 3.70703576
867 3214 3.88082605 0.00388082605 3.70703576
867 3214 3.88068537 0.00388068537 3.70703576
866 3205 3.86964542 0.00386964542 3.70092379
866 3211 3.86963309 0.00386963309 3.70785219
866 3210 3.86974867 0.00386974867 3.70669746
866 3211 3.86949451 0.00386949451 3.70785219
866 3217 3.87576178 0.00387576178 3.7147806
866 3220 3.87528681 0.00387528681 3.7182448
866 3219 3.87581328 0.00387581328 3.71709007
866 3212 3.86558896 0.00386558896 3.70900693
866 3213 3.87554207 0.00387554207 3.71016166
865 3210 3.8656723 0.0038656723 3.71098266
864 3200 3.85552874 0.00385552874 3.7037037
864 3200 3.85562808 0.00385562808 3.7037037
864 3200 3.85546845 0.00385546845 3.7037037
864 3200 3.85543893 0.00385543893 3.7037037
864 3200 3.85039041 0.00385039041 3.7037037
864 3200 3.85552424 0.00385552424 3.7037037
864 3200 3.85544415 0.00385544415 3.7037037
864 3201 3.84871882 0.00384871882 3.70486111
864 3200 3.85545521 0.00385545521 3.7037037
864 3200 3.85420963 0.00385420963 3.7037037
863 3197 3.84517447 0.00384517447 3.70451912
863 3197 3.8453359 0.0038453359 3.70451912
863 3197 3.84529958 0.00384529958 3.70451912
863 3197 3.8452017 0.0038452017 3.70451912
863 3197 3.8452945 0.0038452945 3.70451912
863 3193 3.83495368 0.00383495368 3.69988413
863 3197 3.84341796 0.00384341796 3.70451912
863 3189 3.8440654 0.0038440654 3.69524913
863 3191 3.84500152 0.00384500152 3.69756663
863 3190 3.8443815 0.0038443815 3.69640788
862 3180 3.83484337 0.00383484337 3.68909513
862 3181 3.8340301 0.0038340301 3.69025522
862 3184 3.82997524 0.00382997524 3.6937355
862 3186 3.8331832 0.0038331832 3.69605568
862 3185 3.83514968 0.00383514968 3.69489559
862 3187 3.83528063 0.00383528063 3.69721578
862 3189 3.83589459 0.00383589459 3.69953596
862 3193 3.82660277 0.00382660277 3.70417633
862 3195 3.83683256 0.00383683256 3.70649652
862 3195 3.8370587 0.0038370587 3.70649652
861 3184 3.82721203 0.00382721203 3.69802555
861 3184 3.82712167 0.00382712167 3.69802555
861 3179 3.81957494 0.00381957494 3.69221835
861 3182 3.82619751 0.00382619751 3.69570267
861 3179 3.82333793 0.00382333793 3.69221835
861 3182 3.82652105 0.00382652105 3.69570267
861 3184 3.82706735 0.00382706735 3.69802555
861 3178 3.82688884 0.00382688884 3.69105691
861 3185 3.81885989 0.00381885989 3.69918699
861 3181 3.8235552 0.0038235552 3.69454123
860 3175 3.81742348 0.00381742348 3.69186047
860 3175 3.81749795 0.00381749795 3.69186047
860 3175 3.81722034 0.00381722034 3.69186047
860 3175 3.81723599 0.00381723599 3.69186047
860 3175 3.81725586 0.00381725586 3.69186047
860 3175 3.81726042 0.00381726042 3.69186047
860 3175 3.81755919 0.00381755919 3.69186047
860 3175 3.81738552 0.00381738552 3.69186047
860 3175 3.81735483 0.00381735483 3.69186047
860 3175 3.81735212 0.00381735212 3.69186047
859 3166 3.80751223 0.00380751223 3.68568102
859 3166 3.80752094 0.00380752094 3.68568102
859 3166 3.80759756 0.00380759756 3.68568102
859 3166 3.8074547 0.0038074547 3.68568102
859 3166 3.80749538 0.00380749538 3.68568102
859 3167 3.80693549 0.00380693549 3.68684517
859 3164 3.80615017 0.00380615017 3.68335274
859 3170 3.80832316 0.00380832316 3.6903376
859 3165 3.80665113 0.00380665113 3.68451688
858 3159 3.79886561 0.00379886561 3.68181818
857 3150 3.78922847 0.00378922847 3.6756126
857 3150 3.78925243 0.00378925243 3.6756126
857 3150 3.78926192 0.00378926192 3.6756126
857 3150 3.78924379 0.00378924379 3.6756126
857 3150 3.78928343 0.00378928343 3.6756126
857 3150 3.78923574 0.00378923574 3.6756126
857 3150 3.78927393 0.00378927393 3.6756126
857 3150 3.78928663 0.00378928663 3.6756126
857 3150 3.78889932 0.00378889932 3.6756126
857 3152 3.788531 0.003788531 3.67794632
856 3143 3.77929805 0.00377929805 3.67172897
856 3143 3.77897927 0.00377897927 3.67172897
856 3143 3.77929002 0.00377929002 3.67172897
856 3143 3.77923614 0.00377923614 3.67172897
856 3143 3.77916068 0.00377916068 3.67172897
856 3143 3.77921761 0.00377921761 3.67172897
856 3143 3.77923514 0.00377923514 3.67172897
856 3143 3.77919024 0.00377919024 3.67172897
856 3143 3.77918227 0.00377918227 3.67172897
856 3143 3.7791732 0.0037791732 3.67172897
855 3139 3.76887614 0.00376887614 3.67134503
855 3139 3.76890367 0.00376890367 3.67134503
855 3139 3.76885947 0.00376885947 3.67134503
855 3139 3.76886144 0.00376886144 3.67134503
855 3139 3.76878743 0.00376878743 3.67134503
855 3139 3.76881893 0.00376881893 3.67134503
855 3139 3.76881093 0.00376881093 3.67134503
855 3139 3.76880429 0.00376880429 3.67134503
855 3139 3.76878942 0.00376878942 3.67134503
855 3139 3.76879862 0.00376879862 3.67134503
854 3134 3.75842633 0.00375842633 3.66978923
854 3134 3.7583625 0.0037583625 3.66978923
854 3134 3.7584712 0.0037584712 3.66978923
854 3134 3.75840535 0.00375840535 3.66978923
854 3134 3.75839613 0.00375839613 3.66978923
854 3134 3.75831374 0.00375831374 3.66978923
854 3134 3.75832703 0.00375832703 3.66978923
854 3134 3.75841858 0.00375841858 3.66978923
854 3133 3.75810208 0.00375810208 3.66861827
854 3133 3.75629127 0.00375629127 3.66861827
853 3127 3.75309061 0.00375309061 3.66588511
853 3127 3.7565706 0.0037565706 3.66588511
853 3133 3.75655808 0.00375655808 3.67291911
853 3133 3.76267929 0.00376267929 3.67291911
853 3132 3.76599069 0.00376599069 3.67174678
853 3138 3.76429921 0.00376429921 3.67878077
853 3138 3.76454123 0.00376454123 3.67878077
853 3134 3.75967904 0.00375967904 3.67409144
853 3137 3.76151409 0.00376151409 3.67760844
853 3131 3.76504597 0.00376504597 3.67057444
852 3128 3.756401 0.003756401 3.6713615
852 3126 3.75324696 0.00375324696 3.66901408
852 3128 3.75644354 0.00375644354 3.6713615
852 3128 3.75642305 0.00375642305 3.6713615
852 3128 3.75629889 0.00375629889 3.6713615
852 3128 3.75633498 0.00375633498 3.6713615
852 3129 3.75308159 0.00375308159 3.67253521
852 3129 3.75354078 0.00375354078 3.67253521
852 3127 3.74893447 0.00374893447 3.67018779
852 3128 3.75643319 0.00375643319 3.6713615
851 3120 3.7469378 0.0037469378 3.66627497
851 3120 3.74688643 0.00374688643 3.66627497
851 3120 3.74696797 0.00374696797 3.66627497
851 3120 3.7469607 0.0037469607 3.66627497
851 3120 3.74695723 0.00374695723 3.66627497
851 3120 3.74697749 0.00374697749 3.66627497
851 3120 3.74704881 0.00374704881 3.66627497
851 3120 3.74707562 0.00374707562 3.66627497
851 3120 3.74706306 0.00374706306 3.66627497
851 3120 3.74707329 0.00374707329 3.66627497
850 3114 3.73705503 0.00373705503 3.66352941
850 3114 3.73683707 0.00373683707 3.66352941
850 3114 3.73679719 0.00373679719 3.66352941
850 3113 3.73652449 0.00373652449 3.66235294
850 3113 3.73678875 0.00373678875 3.66235294
850 3114 3.73674361 0.00373674361 3.66352941
850 3113 3.73650503 0.00373650503 3.66235294
850 3113 3.73671983 0.00373671983 3.66235294
850 3113 3.73672268 0.00373672268 3.66235294
850 3113 3.7366083 0.0037366083 3.66235294
849 3107 3.72672757 0.00372672757 3.65959953
849 3107 3.7266927 0.0037266927 3.65959953
849 3107 3.72678027 0.00372678027 3.65959953
849 3107 3.72671406 0.00372671406 3.65959953
849 3107 3.72687657 0.00372687657 3.65959953
849 3107 3.72656816 0.00372656816 3.65959953
849 3107 3.72677619 0.00372677619 3.65959953
849 3107 3.72671315 0.00372671315 3.65959953
849 3109 3.72634131 0.00372634131 3.66195524
849 3107 3.72685021 0.00372685021 3.65959953
848 3102 3.71638933 0.00371638933 3.65801887
848 3102 3.71636753 0.00371636753 3.65801887
848 3103 3.71641984 0.00371641984 3.65919811
848 3098 3.71649295 0.00371649295 3.65330189
848 3096 3.71667985 0.00371667985 3.6509434
848 3093 3.71698101 0.00371698101 3.64740566
848 3092 3.71645602 0.00371645602 3.64622642
848 3093 3.71745987 0.00371745987 3.64740566
848 3091 3.71804814 0.00371804814 3.64504717
848 3092 3.72240563 0.00372240563 3.64622642
847 3083 3.71410968 0.00371410968 3.63990555
847 3084 3.7116401 0.0037116401 3.64108619
847 3087 3.71181196 0.00371181196 3.6446281
847 3082 3.71276808 0.00371276808 3.63872491
847 3088 3.71405843 0.00371405843 3.64580874
847 3091 3.70762538 0.00370762538 3.64935065
847 3087 3.71088894 0.00371088894 3.6446281
847 3092 3.70663516 0.00370663516 3.65053129
847 3082 3.71358926 0.00371358926 3.63872491
847 3086 3.71418914 0.00371418914 3.64344746
846 3076 3.70590314 0.00370590314 3.63593381
846 3079 3.70459598 0.00370459598 3.63947991
846 3080 3.6977752 0.0036977752 3.64066194
846 3078 3.70016978 0.00370016978 3.63829787
846 3077 3.70709551 0.00370709551 3.63711584
846 3079 3.7070817 0.0037070817 3.63947991
846 3075 3.70466087 0.00370466087 3.63475177
846 3075 3.70528838 0.00370528838 3.63475177
846 3082 3.70666315 0.00370666315 3.643026
846 3078 3.70302731 0.00370302731 3.63829787
845 3072 3.69848283 0.00369848283 3.63550296
845 3068 3.6980725 0.0036980725 3.63076923
845 3065 3.70446375 0.00370446375 3.62721893
845 3066 3.7006365 0.0037006365 3.62840237
845 3064 3.70461972 0.00370461972 3.6260355
845 3063 3.69888759 0.00369888759 3.62485207
845 3061 3.70897926 0.00370897926 3.62248521
844 3057 3.70110448 0.00370110448 3.62203791
844 3054 3.70104356 0.00370104356 3.61848341
844 3056 3.70290815 0.00370290815 3.62085308
843 3048 3.69361285 0.00369361285 3.61565836
843 3045 3.68973319 0.00368973319 3.61209964
843 3048 3.69380965 0.00369380965 3.61565836
843 3040 3.69130964 0.00369130964 3.60616845
843 3038 3.6935782 0.0036935782 3.60379597
843 3042 3.69494377 0.00369494377 3.60854093
842 3035 3.6874369 0.0036874369 3.60451306
842 3037 3.68673222 0.00368673222 3.60688836
842 3033 3.68717087 0.00368717087 3.60213777
842 3040 3.68073609 0.00368073609 3.61045131
841 3028 3.67939157 0.00367939157 3.60047562
841 3028 3.6795252 0.0036795252 3.60047562
841 3028 3.67941303 0.00367941303 3.60047562
841 3028 3.6793245 0.0036793245 3.60047562
841 3028 3.6793574 0.0036793574 3.60047562
841 3028 3.679294 0.003679294 3.60047562
841 3028 3.67930781 0.00367930781 3.60047562
841 3028 3.67923168 0.00367923168 3.60047562
841 3028 3.67925489 0.00367925489 3.60047562
841 3028 3.67920058 0.00367920058 3.60047562
840 3025 3.67052876 0.00367052876 3.60119048
840 3022 3.67030626 0.00367030626 3.59761905
840 3027 3.66846597 0.00366846597 3.60357143
840 3025 3.67172559 0.00367172559 3.60119048
840 3028 3.66942712 0.00366942712 3.6047619
840 3028 3.6760724 0.0036760724 3.6047619
840 3028 3.67620902 0.00367620902 3.6047619
840 3024 3.67547647 0.00367547647 3.6
840 3030 3.67457118 0.00367457118 3.60714286
840 3026 3.67013068 0.00367013068 3.60238095
839 3020 3.66846605 0.00366846605 3.59952324
838 3016 3.6610796 0.0036610796 3.59904535
838 3016 3.65918425 0.00365918425 3.59904535
838 3017 3.66036061 0.00366036061 3.60023866
838 3015 3.65923804 0.00365923804 3.59785203
838 3013 3.66005654 0.00366005654 3.59546539
838 3016 3.65747677 0.00365747677 3.59904535
838 3010 3.66134252 0.00366134252 3.59188544
838 3019 3.65623328 0.00365623328 3.6026253
838 3016 3.66107552 0.00366107552 3.59904535
837 3009 3.65386135 0.00365386135 3.59498208
837 3020 3.65617581 0.00365617581 3.60812425
837 3017 3.66069113 0.00366069113 3.60454002
836 3007 3.6542673 0.0036542673 3.59688995
836 3007 3.6500339 0.0036500339 3.59688995
836 3007 3.64775118 0.00364775118 3.59688995
836 3009 3.65055233 0.00365055233 3.5992823
836 3003 3.65305884 0.00365305884 3.59210526
836 3005 3.64758092 0.00364758092 3.59449761
836 3006 3.64866685 0.00364866685 3.59569378
835 2999 3.64760858 0.00364760858 3.59161677
835 3006 3.64215457 0.00364215457 3.6
835 3001 3.64398245 0.00364398245 3.59401198
835 3000 3.64918228 0.00364918228 3.59281437
835 3003 3.64940573 0.00364940573 3.59640719
835 2997 3.65079756 0.00365079756 3.58922156
835 2994 3.64974638 0.00364974638 3.58562874
835 2993 3.64774772 0.00364774772 3.58443114
835 2993 3.65001962 0.00365001962 3.58443114
835 2992 3.6524966 0.0036524966 3.58323353
834 2985 3.65087693 0.00365087693 3.57913669
834 2986 3.65001122 0.00365001122 3.58033573
833 2980 3.65246179 0.00365246179 3.57743097
833 2981 3.65971707 0.00365971707 3.57863145
833 2980 3.6787629 0.0036787629 3.57743097
833 2978 3.73096358 0.00373096358 3.57503001
833 2977 3.70846607 0.00370846607 3.57382953
833 2972 3.75444486 0.00375444486 3.56782713
833 2972 3.72835656 0.00372835656 3.56782713
833 2969 3.72555395 0.00372555395 3.56422569
832 2966 3.7269721 0.0037269721 3.56490385
832 2970 3.75622906 0.00375622906 3.56971154
832 2968 3.75650415 0.00375650415 3.56730769
832 2971 3.75538585 0.00375538585 3.57091346
832 2967 3.78548128 0.00378548128 3.56610577
832 2968 3.76969143 0.00376969143 3.56730769
832 2972 3.75794514 0.00375794514 3.57211538
832 2973 3.75249006 0.00375249006 3.57331731
832 2970 3.7556279 0.0037556279 3.56971154
832 2971 3.76641994 0.00376641994 3.57091346
831 2963 3.76908836 0.00376908836 3.56558363
831 2962 3.78271989 0.00378271989 3.56438026
831 2959 3.78693246 0.00378693246 3.56077016
831 2966 3.78417462 0.00378417462 3.56919374
831 2974 3.77408719 0.00377408719 3.5788207
831 2970 3.76716556 0.00376716556 3.57400722
831 2972 3.77129689 0.00377129689 3.57641396
831 2972 3.78260469 0.00378260469 3.57641396
831 2975 3.78659928 0.00378659928 3.58002407
831 2970 3.78609323 0.00378609323 3.57400722
830 2962 3.78409947 0.00378409947 3.5686747
830 2968 3.77975519 0.00377975519 3.57590361
829 2961 3.77538823 0.00377538823 3.57177322
829 2964 3.77087829 0.00377087829 3.57539204
829 2967 3.77939277 0.00377939277 3.57901086
829 2972 3.78644244 0.00378644244 3.58504222
829 2969 3.78943103 0.00378943103 3.5814234
829 2972 3.78424793 0.00378424793 3.58504222
829 2969 3.78150456 0.00378150456 3.5814234
829 2965 3.77936104 0.00377936104 3.57659831
828 2959 3.77929983 0.00377929983 3.5736715
827 2955 3.77994104 0.00377994104 3.57315599
827 2949 3.78197921 0.00378197921 3.56590085
827 2952 3.78554402 0.00378554402 3.56952842
826 2948 3.7839057 0.0037839057 3.56900726
826 2949 3.78127536 0.00378127536 3.57021792
826 2945 3.77944061 0.00377944061 3.5653753
826 2951 3.77838586 0.00377838586 3.57263923
826 2944 3.77984797 0.00377984797 3.56416465
826 2948 3.78171226 0.00378171226 3.56900726
825 2942 3.78115147 0.00378115147 3.56606061
825 2939 3.7859513 0.0037859513 3.56242424
825 2940 3.78994122 0.00378994122 3.56363636
825 2944 3.78844681 0.00378844681 3.56848485
824 2934 3.78683831 0.00378683831 3.56067961
824 2931 3.78504732 0.00378504732 3.55703883
824 2937 3.78534282 0.00378534282 3.56432039
824 2936 3.78595959 0.00378595959 3.5631068
823 2929 3.78607169 0.00378607169 3.55893074
823 2929 3.78488827 0.00378488827 3.55893074
822 2926 3.78462581 0.00378462581 3.55961071
822 2929 3.78322236 0.00378322236 3.56326034
821 2921 3.78231513 0.00378231513 3.55785627
820 2918 3.78056077 0.00378056077 3.55853659
820 2921 3.7795196 0.0037795196 3.56219512
819 2911 3.77959342 0.00377959342 3.55433455
818 2908 3.77881376 0.00377881376 3.55501222
818 2913 3.77811818 0.00377811818 3.56112469
818 2909 3.77729233 0.00377729233 3.55623472
818 2907 3.77703159 0.00377703159 3.55378973
817 2902 3.77685975 0.00377685975 3.55201958
817 2908 3.7753268 0.0037753268 3.55936353
817 2906 3.77575769 0.00377575769 3.55691554
817 2905 3.77590846 0.00377590846 3.55569155
816 2900 3.77528533 0.00377528533 3.55392157
816 2902 3.77519873 0.00377519873 3.55637255
816 2904 3.77357447 0.00377357447 3.55882353
816 2902 3.7734616 0.0037734616 3.55637255
815 2896 3.77343078 0.00377343078 3.55337423
815 2894 3.77176535 0.00377176535 3.55092025
814 2890 3.77178204 0.00377178204 3.55036855
813 2885 3.77015252 0.00377015252 3.54858549
813 2886 3.76885096 0.00376885096 3.5498155
813 2883 3.76887126 0.00376887126 3.54612546
813 2888 3.76919515 0.00376919515 3.55227552
812 2879 3.76859059 0.00376859059 3.5455665
812 2880 3.76820536 0.00376820536 3.54679803
812 2874 3.76671426 0.00376671426 3.53940887
812 2878 3.77068584 0.00377068584 3.54433498
812 2884 3.76956799 0.00376956799 3.55172414
811 2876 3.76914585 0.00376914585 3.54623921
811 2870 3.76858394 0.00376858394 3.53884094
810 2867 3.76808837 0.00376808837 3.53950617
809 2863 3.76634254 0.00376634254 3.53893696
809 2858 3.76607229 0.00376607229 3.53275649
808 2854 3.76516095 0.00376516095 3.53217822
808 2861 3.76339669 0.00376339669 3.54084158
808 2861 3.76575097 0.00376575097 3.54084158
808 2859 3.763843 0.003763843 3.53836634
808 2862 3.76459976 0.00376459976 3.54207921
807 2853 3.76374084 0.00376374084 3.53531599
807 2852 3.76244386 0.00376244386 3.53407683
807 2852 3.76210216 0.00376210216 3.53407683
807 2858 3.76577254 0.00376577254 3.54151177
806 2851 3.76394141 0.00376394141 3.53722084
805 2844 3.76199814 0.00376199814 3.53291925
805 2842 3.76010907 0.00376010907 3.53043478
805 2844 3.76031358 0.00376031358 3.53291925
805 2841 3.7610937 0.0037610937 3.52919255
805 2848 3.760088 0.003760088 3.5378882
804 2838 3.7600888 0.0037600888 3.52985075
804 2837 3.75840566 0.00375840566 3.52860697
803 2831 3.75813085 0.00375813085 3.52552927
803 2832 3.75639697 0.00375639697 3.5267746
803 2830 3.75635621 0.00375635621 3.52428394
802 2824 3.75617286 0.00375617286 3.52119701
801 2818 3.75423976 0.00375423976 3.51810237
801 2823 3.75236732 0.00375236732 3.52434457
801 2827 3.75245199 0.00375245199 3.52933833
801 2821 3.75892893 0.00375892893 3.52184769
800 2816 3.75690521 0.00375690521 3.52
800 2818 3.75694395 0.00375694395 3.5225
800 2817 3.75789414 0.00375789414 3.52125
800 2814 3.75659489 0.00375659489 3.5175
799 2809 3.75584963 0.00375584963 3.51564456
799 2814 3.75416989 0.00375416989 3.52190238
798 2804 3.75364106 0.00375364106 3.51378446
798 2799 3.75179531 0.00375179531 3.5075188
798 2800 3.75266122 0.00375266122 3.50877193
798 2806 3.75154427 0.00375154427 3.51629073
797 2798 3.75141482 0.00375141482 3.51066499
797 2798 3.75062856 0.00375062856 3.51066499
797 2800 3.75053754 0.00375053754 3.5131744
797 2800 3.75010331 0.00375010331 3.5131744
797 2799 3.75224413 0.00375224413 3.5119197
796 2795 3.75078317 0.00375078317 3.51130653
796 2798 3.75257015 0.00375257015 3.51507538
796 2790 3.7515089 0.0037515089 3.50502513
795 2785 3.75109047 0.00375109047 3.50314465
795 2781 3.74999232 0.00374999232 3.49811321
794 2774 3.74995521 0.00374995521 3.49370277
794 2774 3.74996228 0.00374996228 3.49370277
794 2774 3.7499653 0.0037499653 3.49370277
794 2774 3.74996642 0.00374996642 3.49370277
794 2774 3.7499639 0.0037499639 3.49370277
794 2774 3.74995611 0.00374995611 3.49370277
794 2774 3.74994819 0.00374994819 3.49370277
794 2774 3.74994071 0.00374994071 3.49370277
794 2774 3.74993552 0.00374993552 3.49370277
794 2774 3.74993237 0.00374993237 3.49370277
793 2766 3.74788947 0.00374788947 3.48802018
793 2768 3.74778057 0.00374778057 3.49054224
793 2770 3.74890037 0.00374890037 3.49306431
793 2772 3.74813467 0.00374813467 3.49558638
793 2775 3.74798805 0.00374798805 3.49936948
793 2770 3.74975127 0.00374975127 3.49306431
793 2771 3.74972508 0.00374972508 3.49432535
793 2770 3.74973389 0.00374973389 3.49306431
793 2770 3.749724 0.003749724 3.49306431
793 2770 3.74973003 0.00374973003 3.49306431
792 2765 3.74780424 0.00374780424 3.49116162
792 2765 3.74780663 0.00374780663 3.49116162
792 2765 3.74781889 0.00374781889 3.49116162
792 2765 3.74781613 0.00374781613 3.49116162
792 2765 3.74780883 0.00374780883 3.49116162
792 2765 3.74779837 0.00374779837 3.49116162
792 2765 3.74778648 0.00374778648 3.49116162
792 2765 3.74777726 0.00374777726 3.49116162
792 2765 3.74777131 0.00374777131 3.49116162
792 2765 3.74776844 0.00374776844 3.49116162
791 2757 3.74574201 0.00374574201 3.48546144
791 2757 3.74573067 0.00374573067 3.48546144
791 2757 3.74571281 0.00374571281 3.48546144
791 2757 3.74571495 0.00374571495 3.48546144
791 2757 3.7457205 0.0037457205 3.48546144
791 2757 3.74572546 0.00374572546 3.48546144
791 2757 3.74572896 0.00374572896 3.48546144
791 2757 3.74572944 0.00374572944 3.48546144
791 2757 3.74572752 0.00374572752 3.48546144
791 2757 3.7457255 0.0037457255 3.48546144
790 2752 3.74356247 0.00374356247 3.4835443
790 2752 3.74358639 0.00374358639 3.4835443
790 2752 3.74359105 0.00374359105 3.4835443
790 2752 3.74357877 0.00374357877 3.4835443
790 2752 3.74356469 0.00374356469 3.4835443
789 2748 3.74201315 0.00374201315 3.48288973
789 2748 3.74200166 0.00374200166 3.48288973
789 2748 3.74196394 0.00374196394 3.48288973
789 2748 3.74195519 0.00374195519 3.48288973
789 2748 3.74195865 0.00374195865 3.48288973
788 2743 3.73982455 0.00373982455 3.48096447
788 2743 3.73984275 0.00373984275 3.48096447
788 2743 3.73984365 0.00373984365 3.48096447
788 2743 3.73984517 0.00373984517 3.48096447
788 2743 3.73984403 0.00373984403 3.48096447
788 2743 3.73984338 0.00373984338 3.48096447
788 2743 3.7398432 0.0037398432 3.48096447
788 2743 3.73984276 0.00373984276 3.48096447
788 2743 3.7398421 0.0037398421 3.48096447
788 2743 3.73984194 0.00373984194 3.48096447
787 2739 3.7375896 0.0037375896 3.48030496
787 2739 3.73759251 0.00373759251 3.48030496
787 2739 3.73759485 0.00373759485 3.48030496
787 2739 3.73759504 0.00373759504 3.48030496
787 2739 3.73759873 0.00373759873 3.48030496
787 2739 3.73760263 0.00373760263 3.48030496
787 2739 3.73760362 0.00373760362 3.48030496
787 2739 3.73760288 0.00373760288 3.48030496
787 2739 3.73760198 0.00373760198 3.48030496
787 2739 3.73760146 0.00373760146 3.48030496
786 2733 3.7352328 0.0037352328 3.47709924
786 2733 3.73521869 0.00373521869 3.47709924
786 2733 3.7352161 0.0037352161 3.47709924
786 2736 3.73518863 0.00373518863 3.48091603
785 2733 3.73466063 0.00373466063 3.48152866
785 2733 3.73465915 0.00373465915 3.48152866
785 2733 3.73466739 0.00373466739 3.48152866
785 2733 3.73467213 0.00373467213 3.48152866
785 2733 3.73466727 0.00373466727 3.48152866
785 2733 3.73465989 0.00373465989 3.48152866
784 2726 3.73230626 0.00373230626 3.47704082
784 2726 3.73229971 0.00373229971 3.47704082
784 2726 3.73229727 0.00373229727 3.47704082
784 2726 3.73232169 0.00373232169 3.47704082
784 2726 3.73230575 0.00373230575 3.47704082
784 2726 3.73229821 0.00373229821 3.47704082
784 2726 3.73229242 0.00373229242 3.47704082
784 2726 3.73230611 0.00373230611 3.47704082
784 2726 3.73230393 0.00373230393 3.47704082
784 2726 3.73230881 0.00373230881 3.47704082
783 2719 3.72994238 0.00372994238 3.47254151
783 2719 3.7299399 0.0037299399 3.47254151
783 2719 3.72995217 0.00372995217 3.47254151
783 2719 3.72994294 0.00372994294 3.47254151
783 2719 3.72994282 0.00372994282 3.47254151
783 2719 3.72994501 0.00372994501 3.47254151
783 2719 3.7299543 0.0037299543 3.47254151
783 2719 3.72994543 0.00372994543 3.47254151
783 2719 3.72994535 0.00372994535 3.47254151
783 2719 3.72994655 0.00372994655 3.47254151
782 2713 3.72754368 0.00372754368 3.46930946
782 2713 3.72754556 0.00372754556 3.46930946
782 2713 3.7275327 0.0037275327 3.46930946
782 2713 3.72752981 0.00372752981 3.46930946
782 2713 3.72753337 0.00372753337 3.46930946
782 2713 3.72753771 0.00372753771 3.46930946
782 2713 3.72753834 0.00372753834 3.46930946
782 2713 3.72753677 0.00372753677 3.46930946
782 2713 3.72753579 0.00372753579 3.46930946
782 2713 3.72753568 0.00372753568 3.46930946
781 2703 3.72510766 0.00372510766 3.4609475
781 2703 3.72512111 0.00372512111 3.4609475
781 2703 3.72511738 0.00372511738 3.4609475
781 2703 3.72511712 0.00372511712 3.4609475
781 2703 3.72511125 0.00372511125 3.4609475
781 2703 3.72511175 0.00372511175 3.4609475
781 2703 3.72511625 0.00372511625 3.4609475
781 2703 3.72512084 0.00372512084 3.4609475
781 2703 3.72512451 0.00372512451 3.4609475
781 2703 3.72512584 0.00372512584 3.4609475
780 2695 3.72262056 0.00372262056 3.45512821
780 2695 3.72261202 0.00372261202 3.45512821
780 2695 3.72261409 0.00372261409 3.45512821
780 2695 3.72261275 0.00372261275 3.45512821
780 2695 3.722603 0.003722603 3.45512821
780 2695 3.72258597 0.00372258597 3.45512821
780 2695 3.72258752 0.00372258752 3.45512821
780 2700 3.72255196 0.00372255196 3.46153846
780 2695 3.72260064 0.00372260064 3.45512821
780 2695 3.72261168 0.00372261168 3.45512821
779 2692 3.72007671 0.00372007671 3.45571245
779 2692 3.72008125 0.00372008125 3.45571245
779 2692 3.72007979 0.00372007979 3.45571245
779 2692 3.72007871 0.00372007871 3.45571245
779 2692 3.72005728 0.00372005728 3.45571245
779 2684 3.71999973 0.00371999973 3.44544288
779 2692 3.72003997 0.00372003997 3.45571245
779 2689 3.72001757 0.00372001757 3.45186136
779 2689 3.72003361 0.00372003361 3.45186136
779 2689 3.72004292 0.00372004292 3.45186136
778 2681 3.71757159 0.00371757159 3.44601542
778 2681 3.71755883 0.00371755883 3.44601542
778 2681 3.71756618 0.00371756618 3.44601542
778 2681 3.71756216 0.00371756216 3.44601542
778 2681 3.71755957 0.00371755957 3.44601542
778 2681 3.71755612 0.00371755612 3.44601542
778 2681 3.71755678 0.00371755678 3.44601542
778 2681 3.71755974 0.00371755974 3.44601542
778 2681 3.717564 0.003717564 3.44601542
778 2681 3.71756767 0.00371756767 3.44601542
777 2678 3.71506365 0.00371506365 3.44658945
777 2678 3.7150547 0.0037150547 3.44658945
777 2678 3.71505938 0.00371505938 3.44658945
777 2678 3.71505623 0.00371505623 3.44658945
777 2678 3.71504809 0.00371504809 3.44658945
777 2678 3.71504169 0.00371504169 3.44658945
777 2678 3.71504223 0.00371504223 3.44658945
777 2678 3.71504942 0.00371504942 3.44658945
777 2678 3.71505864 0.00371505864 3.44658945
777 2678 3.7150653 0.0037150653 3.44658945
776 2674 3.71246029 0.00371246029 3.44587629
776 2670 3.71238732 0.00371238732 3.44072165
776 2669 3.7125435 0.0037125435 3.43943299
776 2669 3.71253999 0.00371253999 3.43943299
776 2669 3.71253206 0.00371253206 3.43943299
776 2669 3.71252706 0.00371252706 3.43943299
776 2669 3.71252964 0.00371252964 3.43943299
776 2669 3.71254038 0.00371254038 3.43943299
776 2669 3.71255128 0.00371255128 3.43943299
776 2669 3.71255731 0.00371255731 3.43943299
775 2666 3.71002987 0.00371002987 3.44
775 2666 3.71002831 0.00371002831 3.44
775 2666 3.71002231 0.00371002231 3.44
775 2666 3.71001714 0.00371001714 3.44
775 2666 3.71001814 0.00371001814 3.44
775 2666 3.71002426 0.00371002426 3.44
775 2666 3.71002884 0.00371002884 3.44
775 2666 3.71002792 0.00371002792 3.44
775 2666 3.71002477 0.00371002477 3.44
775 2666 3.71002294 0.00371002294 3.44
774 2661 3.707468 0.003707468 3.4379845
774 2661 3.70747611 0.00370747611 3.4379845
774 2661 3.70746096 0.00370746096 3.4379845
774 2661 3.70746423 0.00370746423 3.4379845
774 2661 3.70747313 0.00370747313 3.4379845
774 2661 3.70747623 0.00370747623 3.4379845
774 2661 3.70747274 0.00370747274 3.4379845
774 2661 3.70746933 0.00370746933 3.4379845
774 2661 3.70746876 0.00370746876 3.4379845
774 2661 3.70746899 0.00370746899 3.4379845
773 2656 3.70485453 0.00370485453 3.43596378
773 2656 3.70486248 0.00370486248 3.43596378
773 2656 3.70483304 0.00370483304 3.43596378
773 2656 3.70483024 0.00370483024 3.43596378
773 2656 3.70485577 0.00370485577 3.43596378
773 2656 3.7048779 0.0037048779 3.43596378
773 2656 3.70488199 0.00370488199 3.43596378
773 2656 3.70487649 0.00370487649 3.43596378
773 2656 3.70487092 0.00370487092 3.43596378
773 2656 3.70486586 0.00370486586 3.43596378
772 2652 3.70211142 0.00370211142 3.43523316
772 2652 3.70211522 0.00370211522 3.43523316
772 2652 3.70208241 0.00370208241 3.43523316
772 2652 3.70206421 0.00370206421 3.43523316
772 2652 3.70207801 0.00370207801 3.43523316
772 2652 3.70209568 0.00370209568 3.43523316
772 2652 3.70209652 0.00370209652 3.43523316
772 2652 3.70208925 0.00370208925 3.43523316
772 2652 3.70208651 0.00370208651 3.43523316
772 2652 3.70208682 0.00370208682 3.43523316
771 2643 3.69928926 0.00369928926 3.42801556
771 2643 3.69928877 0.00369928877 3.42801556
771 2643 3.69926318 0.00369926318 3.42801556
771 2643 3.69926178 0.00369926178 3.42801556
771 2643 3.69927444 0.00369927444 3.42801556
771 2643 3.6992861 0.0036992861 3.42801556
771 2643 3.69928798 0.00369928798 3.42801556
771 2643 3.69928559 0.00369928559 3.42801556
771 2643 3.6992842 0.0036992842 3.42801556
771 2643 3.69928337 0.00369928337 3.42801556
770 2641 3.69645914 0.00369645914 3.42987013
770 2641 3.69647497 0.00369647497 3.42987013
770 2641 3.69644499 0.00369644499 3.42987013
770 2641 3.69645972 0.00369645972 3.42987013
770 2641 3.69645804 0.00369645804 3.42987013
770 2641 3.69645819 0.00369645819 3.42987013
770 2641 3.69646485 0.00369646485 3.42987013
770 2641 3.69647241 0.00369647241 3.42987013
770 2641 3.69647469 0.00369647469 3.42987013
770 2641 3.69647429 0.00369647429 3.42987013
769 2632 3.69355646 0.00369355646 3.42262679
769 2632 3.6935558 0.0036935558 3.42262679
769 2632 3.69355565 0.00369355565 3.42262679
769 2632 3.69355109 0.00369355109 3.42262679
769 2632 3.69354317 0.00369354317 3.42262679
769 2632 3.69353983 0.00369353983 3.42262679
769 2632 3.69354232 0.00369354232 3.42262679
769 2632 3.69354851 0.00369354851 3.42262679
769 2632 3.69355418 0.00369355418 3.42262679
769 2632 3.69355739 0.00369355739 3.42262679
768 2626 3.69058207 0.00369058207 3.41927083
768 2626 3.69058765 0.00369058765 3.41927083
768 2628 3.69055671 0.00369055671 3.421875
768 2626 3.69055813 0.00369055813 3.41927083
768 2628 3.69056228 0.00369056228 3.421875
768 2628 3.69056229 0.00369056229 3.421875
768 2628 3.69055985 0.00369055985 3.421875
768 2628 3.69055848 0.00369055848 3.421875
768 2628 3.69055734 0.00369055734 3.421875
768 2628 3.69055756 0.00369055756 3.421875
767 2622 3.68759678 0.00368759678 3.41851369
767 2622 3.6876031 0.0036876031 3.41851369
767 2622 3.6875859 0.0036875859 3.41851369
767 2622 3.68757451 0.00368757451 3.41851369
767 2622 3.68758767 0.00368758767 3.41851369
767 2622 3.68760287 0.00368760287 3.41851369
767 2622 3.68760463 0.00368760463 3.41851369
767 2622 3.68759925 0.00368759925 3.41851369
767 2622 3.68759555 0.00368759555 3.41851369
767 2622 3.68759369 0.00368759369 3.41851369
766 2617 3.68458756 0.00368458756 3.41644909
766 2617 3.68459503 0.00368459503 3.41644909
766 2617 3.68458593 0.00368458593 3.41644909
766 2617 3.68455844 0.00368455844 3.41644909
766 2617 3.68455537 0.00368455537 3.41644909
766 2617 3.68456939 0.00368456939 3.41644909
766 2617 3.6845889 0.0036845889 3.41644909
766 2617 3.68460538 0.00368460538 3.41644909
766 2617 3.68461018 0.00368461018 3.41644909
766 2617 3.6846069 0.0036846069 3.41644909
765 2610 3.68151335 0.00368151335 3.41176471
765 2611 3.68098828 0.00368098828 3.4130719
765 2609 3.68316804 0.00368316804 3.41045752
765 2612 3.68380459 0.00368380459 3.41437908
765 2612 3.6837982 0.0036837982 3.41437908
765 2612 3.68381213 0.00368381213 3.41437908
765 2612 3.68381901 0.00368381901 3.41437908
765 2612 3.68382534 0.00368382534 3.41437908
765 2612 3.68381837 0.00368381837 3.41437908
765 2612 3.68381372 0.00368381372 3.41437908
764 2606 3.68082881 0.00368082881 3.41099476
764 2607 3.68085604 0.00368085604 3.41230366
764 2606 3.68082553 0.00368082553 3.41099476
764 2607 3.68081979 0.00368081979 3.41230366
764 2607 3.68080504 0.00368080504 3.41230366
764 2607 3.68080576 0.00368080576 3.41230366
764 2607 3.68081706 0.00368081706 3.41230366
764 2607 3.68082808 0.00368082808 3.41230366
764 2607 3.68083296 0.00368083296 3.41230366
764 2607 3.68083237 0.00368083237 3.41230366
763 2601 3.67783275 0.00367783275 3.40891219
763 2601 3.67783048 0.00367783048 3.40891219
763 2601 3.67781529 0.00367781529 3.40891219
763 2601 3.67780546 0.00367780546 3.40891219
763 2601 3.67780853 0.00367780853 3.40891219
763 2601 3.67781296 0.00367781296 3.40891219
763 2601 3.67783578 0.00367783578 3.40891219
763 2601 3.67784332 0.00367784332 3.40891219
763 2601 3.6778457 0.0036778457 3.40891219
763 2601 3.67784727 0.00367784727 3.40891219
762 2594 3.67474072 0.00367474072 3.40419948
762 2594 3.67471958 0.00367471958 3.40419948
762 2594 3.67471024 0.00367471024 3.40419948
762 2594 3.67469527 0.00367469527 3.40419948
762 2595 3.67470614 0.00367470614 3.40551181
762 2594 3.67474051 0.00367474051 3.40419948
762 2594 3.67472462 0.00367472462 3.40419948
762 2594 3.67471141 0.00367471141 3.40419948
762 2594 3.67471179 0.00367471179 3.40419948
762 2594 3.67471146 0.00367471146 3.40419948
761 2588 3.67159135 0.00367159135 3.40078844
761 2588 3.6716245 0.0036716245 3.40078844
761 2588 3.67160394 0.00367160394 3.40078844
761 2588 3.6716019 0.0036716019 3.40078844
761 2588 3.67160703 0.00367160703 3.40078844
761 2588 3.67161383 0.00367161383 3.40078844
761 2588 3.6716213 0.0036716213 3.40078844
761 2588 3.67162643 0.00367162643 3.40078844
761 2588 3.67162553 0.00367162553 3.40078844
761 2588 3.67162176 0.00367162176 3.40078844
760 2579 3.66847032 0.00366847032 3.39342105
760 2579 3.66847191 0.00366847191 3.39342105
760 2579 3.66847416 0.00366847416 3.39342105
760 2579 3.66846652 0.00366846652 3.39342105
760 2579 3.66846164 0.00366846164 3.39342105
760 2579 3.66846077 0.00366846077 3.39342105
760 2579 3.66846568 0.00366846568 3.39342105
760 2579 3.6684725 0.0036684725 3.39342105
760 2579 3.66847779 0.00366847779 3.39342105
760 2579 3.66847965 0.00366847965 3.39342105
759 2572 3.66526675 0.00366526675 3.3886693
759 2576 3.6647875 0.0036647875 3.39393939
759 2578 3.66564216 0.00366564216 3.39657444
759 2575 3.66575683 0.00366575683 3.39262187
759 2578 3.66587873 0.00366587873 3.39657444
759 2577 3.66597165 0.00366597165 3.39525692
759 2571 3.66663049 0.00366663049 3.38735178
759 2576 3.6673271 0.0036673271 3.39393939
759 2575 3.66719359 0.00366719359 3.39262187
759 2574 3.66741574 0.00366741574 3.39130435
758 2565 3.66448565 0.00366448565 3.38390501
758 2565 3.66445226 0.00366445226 3.38390501
758 2569 3.66393233 0.00366393233 3.38918206
758 2570 3.6644733 0.0036644733 3.39050132
758 2570 3.66445597 0.00366445597 3.39050132
758 2570 3.66445787 0.00366445787 3.39050132
758 2570 3.66445809 0.00366445809 3.39050132
758 2570 3.66446065 0.00366446065 3.39050132
758 2570 3.6644599 0.0036644599 3.39050132
758 2570 3.66445877 0.00366445877 3.39050132
757 2561 3.66150657 0.00366150657 3.38309115
757 2561 3.66151535 0.00366151535 3.38309115
757 2561 3.66149765 0.00366149765 3.38309115
757 2561 3.66149386 0.00366149386 3.38309115
757 2561 3.66150717 0.00366150717 3.38309115
757 2561 3.66152063 0.00366152063 3.38309115
757 2561 3.66152379 0.00366152379 3.38309115
757 2561 3.66152064 0.00366152064 3.38309115
757 2561 3.66151732 0.00366151732 3.38309115
757 2561 3.66151459 0.00366151459 3.38309115
756 2554 3.65843567 0.00365843567 3.37830688
756 2554 3.65841386 0.00365841386 3.37830688
756 2554 3.65840104 0.00365840104 3.37830688
756 2554 3.65838367 0.00365838367 3.37830688
756 2554 3.6583879 0.0036583879 3.37830688
756 2554 3.65839965 0.00365839965 3.37830688
756 2554 3.65840881 0.00365840881 3.37830688
756 2554 3.65841366 0.00365841366 3.37830688
756 2554 3.65841137 0.00365841137 3.37830688
756 2554 3.65840589 0.00365840589 3.37830688
755 2548 3.65527991 0.00365527991 3.37483444
755 2548 3.65530403 0.00365530403 3.37483444
755 2548 3.65527532 0.00365527532 3.37483444
755 2551 3.65522943 0.00365522943 3.37880795
755 2548 3.65525648 0.00365525648 3.37483444
755 2548 3.65527862 0.00365527862 3.37483444
755 2548 3.65531616 0.00365531616 3.37483444
755 2548 3.65532112 0.00365532112 3.37483444
755 2548 3.65531103 0.00365531103 3.37483444
755 2548 3.65530323 0.00365530323 3.37483444
754 2545 3.65213231 0.00365213231 3.37533156
754 2545 3.65217232 0.00365217232 3.37533156
754 2545 3.65215088 0.00365215088 3.37533156
754 2539 3.65196927 0.00365196927 3.36737401
754 2545 3.65212546 0.00365212546 3.37533156
754 2545 3.65212818 0.00365212818 3.37533156
754 2545 3.65213245 0.00365213245 3.37533156
754 2545 3.65214678 0.00365214678 3.37533156
754 2545 3.65214865 0.00365214865 3.37533156
754 2545 3.65214339 0.00365214339 3.37533156
753 2536 3.64893813 0.00364893813 3.36786189
753 2536 3.64895993 0.00364895993 3.36786189
753 2536 3.64895687 0.00364895687 3.36786189
753 2536 3.64895496 0.00364895496 3.36786189
753 2536 3.64893958 0.00364893958 3.36786189
753 2536 3.64893097 0.00364893097 3.36786189
753 2536 3.64893355 0.00364893355 3.36786189
753 2536 3.64894249 0.00364894249 3.36786189
753 2536 3.64895056 0.00364895056 3.36786189
753 2536 3.64895523 0.00364895523 3.36786189
752 2532 3.64570406 0.00364570406 3.36702128
752 2532 3.64572383 0.00364572383 3.36702128
752 2532 3.64571797 0.00364571797 3.36702128
752 2532 3.64571632 0.00364571632 3.36702128
752 2532 3.64571658 0.00364571658 3.36702128
752 2532 3.64571345 0.00364571345 3.36702128
752 2532 3.64571193 0.00364571193 3.36702128
752 2532 3.64571256 0.00364571256 3.36702128
752 2532 3.64571473 0.00364571473 3.36702128
752 2532 3.6457164 0.0036457164 3.36702128
751 2525 3.64239533 0.00364239533 3.36218375
751 2525 3.64239268 0.00364239268 3.36218375
751 2525 3.64239083 0.00364239083 3.36218375
751 2525 3.64239536 0.00364239536 3.36218375
751 2525 3.6423969 0.0036423969 3.36218375
751 2525 3.64239705 0.00364239705 3.36218375
751 2525 3.64239667 0.00364239667 3.36218375
751 2525 3.64239598 0.00364239598 3.36218375
751 2525 3.64239564 0.00364239564 3.36218375
751 2525 3.6423956 0.0036423956 3.36218375
750 2521 3.63882555 0.00363882555 3.36133333
750 2517 3.63536959 0.00363536959 3.356
750 2521 3.63882259 0.00363882259 3.36133333
750 2521 3.63878775 0.00363878775 3.36133333
750 2521 3.63880913 0.00363880913 3.36133333
750 2521 3.63882796 0.00363882796 3.36133333
750 2521 3.63882911 0.00363882911 3.36133333
750 2521 3.63882381 0.00363882381 3.36133333
750 2521 3.63881994 0.00363881994 3.36133333
750 2521 3.63881697 0.00363881697 3.36133333
749 2513 3.63533223 0.00363533223 3.35514019
749 2513 3.63534904 0.00363534904 3.35514019
749 2513 3.63532567 0.00363532567 3.35514019
749 2513 3.63531872 0.00363531872 3.35514019
749 2513 3.63533148 0.00363533148 3.35514019
749 2513 3.63534473 0.00363534473 3.35514019
749 2513 3.63534572 0.00363534572 3.35514019
749 2513 3.63534179 0.00363534179 3.35514019
749 2513 3.63533946 0.00363533946 3.35514019
749 2513 3.63533749 0.00363533749 3.35514019
748 2506 3.63180055 0.00363180055 3.35026738
748 2506 3.6317875 0.0036317875 3.35026738
748 2506 3.63178905 0.00363178905 3.35026738
748 2506 3.6318019 0.0036318019 3.35026738
748 2506 3.63179813 0.00363179813 3.35026738
748 2506 3.63179578 0.00363179578 3.35026738
748 2506 3.63179463 0.00363179463 3.35026738
748 2506 3.63179566 0.00363179566 3.35026738
748 2506 3.63179716 0.00363179716 3.35026738
748 2506 3.63179684 0.00363179684 3.35026738
747 2498 3.62821908 0.00362821908 3.34404284
747 2497 3.62794757 0.00362794757 3.34270415
747 2495 3.63035789 0.00363035789 3.34002677
747 2495 3.63326471 0.00363326471 3.34002677
747 2497 3.63540868 0.00363540868 3.34270415
747 2495 3.63604952 0.00363604952 3.34002677
747 2495 3.63605056 0.00363605056 3.34002677
747 2495 3.6360269 0.0036360269 3.34002677
747 2495 3.63600905 0.00363600905 3.34002677
747 2495 3.63600544 0.00363600544 3.34002677
746 2488 3.63272762 0.00363272762 3.33512064
746 2488 3.63274577 0.00363274577 3.33512064
746 2488 3.6327354 0.0036327354 3.33512064
746 2488 3.63272871 0.00363272871 3.33512064
746 2491 3.63271253 0.00363271253 3.33914209
746 2491 3.6326994 0.0036326994 3.33914209
746 2491 3.63269395 0.00363269395 3.33914209
746 2488 3.63271738 0.00363271738 3.33512064
746 2488 3.6327276 0.0036327276 3.33512064
746 2488 3.63273852 0.00363273852 3.33512064
745 2484 3.62942234 0.00362942234 3.33422819
745 2484 3.62942798 0.00362942798 3.33422819
745 2484 3.62942462 0.00362942462 3.33422819
745 2484 3.62941248 0.00362941248 3.33422819
745 2484 3.62941032 0.00362941032 3.33422819
745 2484 3.62942065 0.00362942065 3.33422819
745 2484 3.62942961 0.00362942961 3.33422819
745 2484 3.62943154 0.00362943154 3.33422819
745 2484 3.6294294 0.0036294294 3.33422819
745 2484 3.62942684 0.00362942684 3.33422819
744 2476 3.62603547 0.00362603547 3.32795699
744 2476 3.62605637 0.00362605637 3.32795699
744 2476 3.62603594 0.00362603594 3.32795699
744 2476 3.62602626 0.00362602626 3.32795699
744 2476 3.62603656 0.00362603656 3.32795699
744 2476 3.6260503 0.0036260503 3.32795699
744 2476 3.62605261 0.00362605261 3.32795699
744 2476 3.62604906 0.00362604906 3.32795699
744 2476 3.62604661 0.00362604661 3.32795699
744 2476 3.62604469 0.00362604469 3.32795699
743 2469 3.62251239 0.00362251239 3.3230148
743 2469 3.62252301 0.00362252301 3.3230148
743 2469 3.62250553 0.00362250553 3.3230148
743 2474 3.6223834 0.0036223834 3.32974428
743 2469 3.6224421 0.0036224421 3.3230148
743 2469 3.62248155 0.00362248155 3.3230148
743 2469 3.6225153 0.0036225153 3.3230148
743 2469 3.62253684 0.00362253684 3.3230148
743 2469 3.62253847 0.00362253847 3.3230148
743 2469 3.62253598 0.00362253598 3.3230148
742 2467 3.61894168 0.00361894168 3.32479784
742 2467 3.61896499 0.00361896499 3.32479784
742 2467 3.61893753 0.00361893753 3.32479784
742 2467 3.61890991 0.00361890991 3.32479784
742 2467 3.61891268 0.00361891268 3.32479784
742 2467 3.618932 0.003618932 3.32479784
742 2467 3.61894086 0.00361894086 3.32479784
742 2467 3.61893813 0.00361893813 3.32479784
742 2467 3.61893461 0.00361893461 3.32479784
742 2467 3.61893264 0.00361893264 3.32479784
741 2463 3.61527089 0.00361527089 3.32388664
741 2462 3.61239844 0.00361239844 3.32253711
741 2460 3.61591289 0.00361591289 3.31983806
741 2460 3.61588942 0.00361588942 3.31983806
741 2460 3.61589818 0.00361589818 3.31983806
741 2460 3.61591015 0.00361591015 3.31983806
741 2460 3.61591866 0.00361591866 3.31983806
741 2460 3.61592727 0.00361592727 3.31983806
741 2460 3.61593014 0.00361593014 3.31983806
741 2460 3.61593039 0.00361593039 3.31983806
740 2458 3.61238672 0.00361238672 3.32162162
740 2458 3.61238585 0.00361238585 3.32162162
740 2458 3.61238894 0.00361238894 3.32162162
740 2458 3.61238326 0.00361238326 3.32162162
740 2458 3.61239454 0.00361239454 3.32162162
740 2458 3.61240389 0.00361240389 3.32162162
740 2458 3.61240216 0.00361240216 3.32162162
740 2458 3.61239678 0.00361239678 3.32162162
740 2458 3.61239389 0.00361239389 3.32162162
740 2458 3.61239306 0.00361239306 3.32162162
739 2451 3.60863488 0.00360863488 3.31664411
739 2451 3.60862822 0.00360862822 3.31664411
739 2451 3.60860665 0.00360860665 3.31664411
739 2451 3.60861026 0.00360861026 3.31664411
739 2451 3.60862141 0.00360862141 3.31664411
739 2451 3.60862747 0.00360862747 3.31664411
739 2451 3.60862634 0.00360862634 3.31664411
739 2451 3.60862475 0.00360862475 3.31664411
739 2451 3.60862375 0.00360862375 3.31664411
739 2451 3.60862263 0.00360862263 3.31664411
738 2446 3.60482691 0.00360482691 3.31436314
738 2446 3.6048167 0.0036048167 3.31436314
738 2446 3.60480807 0.00360480807 3.31436314
738 2446 3.60480946 0.00360480946 3.31436314
738 2446 3.6048164 0.0036048164 3.31436314
738 2446 3.60481795 0.00360481795 3.31436314
738 2446 3.60481732 0.00360481732 3.31436314
738 2446 3.60481604 0.00360481604 3.31436314
738 2446 3.60481458 0.00360481458 3.31436314
738 2446 3.60481454 0.00360481454 3.31436314
737 2444 3.60099264 0.00360099264 3.31614654
737 2444 3.60100398 0.00360100398 3.31614654
737 2442 3.6008992 0.0036008992 3.31343284
737 2441 3.60008254 0.00360008254 3.31207598
737 2442 3.60364323 0.00360364323 3.31343284
737 2447 3.60372017 0.00360372017 3.3202171
737 2447 3.60370707 0.00360370707 3.3202171
737 2447 3.60370323 0.00360370323 3.3202171
737 2447 3.60370111 0.00360370111 3.3202171
737 2447 3.60371954 0.00360371954 3.3202171
736 2439 3.59988873 0.00359988873 3.3138587
736 2434 3.60185233 0.00360185233 3.30706522
736 2434 3.59969204 0.00359969204 3.30706522
736 2434 3.60182454 0.00360182454 3.30706522
736 2434 3.60188273 0.00360188273 3.30706522
736 2434 3.60187332 0.00360187332 3.30706522
736 2434 3.60186035 0.00360186035 3.30706522
736 2434 3.60185934 0.00360185934 3.30706522
736 2434 3.60185952 0.00360185952 3.30706522
736 2434 3.60185705 0.00360185705 3.30706522
735 2426 3.59824337 0.00359824337 3.30068027
735 2424 3.59624332 0.00359624332 3.29795918
735 2418 3.59949479 0.00359949479 3.28979592
735 2421 3.60015318 0.00360015318 3.29387755
735 2427 3.59999079 0.00359999079 3.30204082
735 2423 3.60024172 0.00360024172 3.29659864
735 2423 3.60025089 0.00360025089 3.29659864
735 2423 3.60025317 0.00360025317 3.29659864
735 2423 3.6002568 0.0036002568 3.29659864
735 2423 3.60025494 0.00360025494 3.29659864
734 2416 3.59695156 0.00359695156 3.29155313
734 2416 3.59694913 0.00359694913 3.29155313
734 2416 3.59693883 0.00359693883 3.29155313
734 2416 3.59693796 0.00359693796 3.29155313
734 2416 3.59692569 0.00359692569 3.29155313
734 2416 3.59692268 0.00359692268 3.29155313
734 2416 3.59692857 0.00359692857 3.29155313
734 2416 3.59693558 0.00359693558 3.29155313
734 2416 3.59694021 0.00359694021 3.29155313
734 2416 3.59694318 0.00359694318 3.29155313
733 2412 3.59351215 0.00359351215 3.29058663
733 2412 3.5935203 0.0035935203 3.29058663
733 2412 3.59352663 0.00359352663 3.29058663
733 2412 3.5935172 0.0035935172 3.29058663
733 2412 3.59352612 0.00359352612 3.29058663
733 2412 3.59352284 0.00359352284 3.29058663
733 2412 3.59352757 0.00359352757 3.29058663
733 2412 3.59353115 0.00359353115 3.29058663
733 2412 3.59352241 0.00359352241 3.29058663
733 2412 3.59352361 0.00359352361 3.29058663
732 2410 3.58974179 0.00358974179 3.29234973
732 2410 3.58972785 0.00358972785 3.29234973
732 2410 3.58974881 0.00358974881 3.29234973
732 2410 3.58974789 0.00358974789 3.29234973
732 2410 3.58975568 0.00358975568 3.29234973
732 2410 3.58975889 0.00358975889 3.29234973
732 2410 3.5897584 0.0035897584 3.29234973
732 2410 3.589756 0.003589756 3.29234973
732 2410 3.5897543 0.0035897543 3.29234973
732 2410 3.58975351 0.00358975351 3.29234973
731 2403 3.58594851 0.00358594851 3.2872777
731 2408 3.58593418 0.00358593418 3.29411765
731 2403 3.58589807 0.00358589807 3.2872777
731 2408 3.58593077 0.00358593077 3.29411765
731 2403 3.58587905 0.00358587905 3.2872777
731 2405 3.58575582 0.00358575582 3.29001368
731 2400 3.58949267 0.00358949267 3.28317373
731 2400 3.5895055 0.0035895055 3.28317373
731 2400 3.58950588 0.00358950588 3.28317373
731 2400 3.58950308 0.00358950308 3.28317373
730 2398 3.58574399 0.00358574399 3.28493151
730 2398 3.58575838 0.00358575838 3.28493151
730 2398 3.58574716 0.00358574716 3.28493151
730 2398 3.58572595 0.00358572595 3.28493151
730 2398 3.58574303 0.00358574303 3.28493151
730 2398 3.58575419 0.00358575419 3.28493151
730 2398 3.58575083 0.00358575083 3.28493151
730 2398 3.58574876 0.00358574876 3.28493151
730 2398 3.58574768 0.00358574768 3.28493151
730 2398 3.58574777 0.00358574777 3.28493151
729 2396 3.58202038 0.00358202038 3.2866941
729 2396 3.58202526 0.00358202526 3.2866941
729 2396 3.58203136 0.00358203136 3.2866941
729 2396 3.58203325 0.00358203325 3.2866941
729 2396 3.5820408 0.0035820408 3.2866941
729 2396 3.58204353 0.00358204353 3.2866941
729 2396 3.58204218 0.00358204218 3.2866941
729 2396 3.58203982 0.00358203982 3.2866941
729 2396 3.58203841 0.00358203841 3.2866941
729 2396 3.58203781 0.00358203781 3.2866941
728 2389 3.57824271 0.00357824271 3.28159341
728 2389 3.57823626 0.00357823626 3.28159341
728 2389 3.57821645 0.00357821645 3.28159341
728 2389 3.57821979 0.00357821979 3.28159341
728 2389 3.57822953 0.00357822953 3.28159341
728 2389 3.57823507 0.00357823507 3.28159341
728 2389 3.57823439 0.00357823439 3.28159341
728 2389 3.57823318 0.00357823318 3.28159341
728 2389 3.57823218 0.00357823218 3.28159341
728 2389 3.5782311 0.0035782311 3.28159341
727 2384 3.5743996 0.0035743996 3.27922971
727 2386 3.57441061 0.00357441061 3.28198074
726 2373 3.57338087 0.00357338087 3.26859504
726 2375 3.57341954 0.00357341954 3.27134986
726 2375 3.573423 0.003573423 3.27134986
726 2373 3.57335755 0.00357335755 3.26859504
726 2375 3.57344445 0.00357344445 3.27134986
726 2375 3.57341231 0.00357341231 3.27134986
726 2375 3.57341677 0.00357341677 3.27134986
726 2375 3.57342721 0.00357342721 3.27134986
725 2368 3.56964773 0.00356964773 3.2662069
725 2368 3.56963544 0.00356963544 3.2662069
725 2368 3.56960234 0.00356960234 3.2662069
725 2369 3.56956796 0.00356956796 3.26758621
725 2368 3.56964145 0.00356964145 3.2662069
725 2368 3.56961974 0.00356961974 3.2662069
725 2368 3.56961656 0.00356961656 3.2662069
725 2368 3.5696099 0.0035696099 3.2662069
725 2368 3.56960631 0.00356960631 3.2662069
725 2368 3.56960422 0.00356960422 3.2662069
724 2362 3.56578899 0.00356578899 3.26243094
724 2362 3.5658166 0.0035658166 3.26243094
724 2362 3.56578822 0.00356578822 3.26243094
724 2362 3.56581774 0.00356581774 3.26243094
724 2362 3.5658241 0.0035658241 3.26243094
724 2362 3.56581534 0.00356581534 3.26243094
724 2362 3.56581941 0.00356581941 3.26243094
724 2362 3.5658109 0.0035658109 3.26243094
724 2362 3.56580661 0.00356580661 3.26243094
724 2362 3.56580425 0.00356580425 3.26243094
723 2356 3.56200524 0.00356200524 3.25864454
723 2357 3.56161814 0.00356161814 3.26002766
723 2357 3.56191958 0.00356191958 3.26002766
723 2358 3.5614486 0.0035614486 3.26141079
723 2356 3.56198713 0.00356198713 3.25864454
723 2356 3.56198975 0.00356198975 3.25864454
723 2356 3.56198098 0.00356198098 3.25864454
723 2356 3.56197673 0.00356197673 3.25864454
723 2356 3.56197586 0.00356197586 3.25864454
723 2356 3.56197636 0.00356197636 3.25864454
722 2351 3.5582375 0.0035582375 3.25623269
722 2351 3.55824772 0.00355824772 3.25623269
722 2351 3.5582446 0.0035582446 3.25623269
722 2351 3.55827159 0.00355827159 3.25623269
722 2351 3.55828191 0.00355828191 3.25623269
722 2351 3.55827543 0.00355827543 3.25623269
722 2351 3.55825474 0.00355825474 3.25623269
722 2351 3.55826665 0.00355826665 3.25623269
722 2351 3.55825736 0.00355825736 3.25623269
722 2351 3.55825071 0.00355825071 3.25623269
721 2347 3.55436915 0.00355436915 3.25520111
721 2347 3.55436623 0.00355436623 3.25520111
721 2347 3.55436602 0.00355436602 3.25520111
721 2346 3.55430439 0.00355430439 3.25381415
721 2346 3.55432393 0.00355432393 3.25381415
721 2346 3.55463729 0.00355463729 3.25381415
721 2346 3.55462364 0.00355462364 3.25381415
721 2346 3.55461783 0.00355461783 3.25381415
721 2346 3.55462281 0.00355462281 3.25381415
721 2346 3.55462917 0.00355462917 3.25381415
720 2341 3.55085453 0.00355085453 3.25138889
720 2341 3.55086703 0.00355086703 3.25138889
720 2341 3.55088538 0.00355088538 3.25138889
720 2341 3.55086549 0.00355086549 3.25138889
720 2341 3.55086779 0.00355086779 3.25138889
720 2341 3.55088839 0.00355088839 3.25138889
720 2341 3.55087412 0.00355087412 3.25138889
720 2341 3.55087992 0.00355087992 3.25138889
720 2341 3.55087135 0.00355087135 3.25138889
720 2341 3.55089161 0.00355089161 3.25138889
719 2337 3.54697972 0.00354697972 3.25034771
719 2336 3.546914 0.003546914 3.24895688
719 2336 3.55061778 0.00355061778 3.24895688
719 2335 3.55085832 0.00355085832 3.24756606
719 2334 3.55117065 0.00355117065 3.24617524
719 2331 3.55120203 0.00355120203 3.24200278
719 2335 3.55109812 0.00355109812 3.24756606
719 2334 3.55120605 0.00355120605 3.24617524
719 2334 3.55120516 0.00355120516 3.24617524
719 2334 3.55120506 0.00355120506 3.24617524
718 2329 3.54755446 0.00354755446 3.24373259
718 2329 3.54754732 0.00354754732 3.24373259
718 2329 3.54753279 0.00354753279 3.24373259
718 2329 3.54753846 0.00354753846 3.24373259
718 2329 3.54754573 0.00354754573 3.24373259
718 2329 3.54754624 0.00354754624 3.24373259
718 2329 3.54754546 0.00354754546 3.24373259
718 2329 3.54754392 0.00354754392 3.24373259
718 2329 3.54754282 0.00354754282 3.24373259
718 2329 3.54754321 0.00354754321 3.24373259
717 2327 3.54386069 0.00354386069 3.24546722
717 2327 3.54385633 0.00354385633 3.24546722
717 2327 3.54387698 0.00354387698 3.24546722
717 2327 3.54387496 0.00354387496 3.24546722
717 2327 3.54387043 0.00354387043 3.24546722
717 2327 3.54387377 0.00354387377 3.24546722
717 2327 3.54387529 0.00354387529 3.24546722
717 2327 3.54387513 0.00354387513 3.24546722
717 2327 3.54387463 0.00354387463 3.24546722
717 2327 3.54387402 0.00354387402 3.24546722
716 2323 3.54007484 0.00354007484 3.24441341
716 2322 3.54006776 0.00354006776 3.24301676
716 2323 3.540051 0.003540051 3.24441341
716 2322 3.54007057 0.00354007057 3.24301676
716 2322 3.54004559 0.00354004559 3.24301676
716 2322 3.54009085 0.00354009085 3.24301676
716 2322 3.54007692 0.00354007692 3.24301676
716 2322 3.54007101 0.00354007101 3.24301676
716 2322 3.54007482 0.00354007482 3.24301676
716 2322 3.54007403 0.00354007403 3.24301676
715 2318 3.53627711 0.00353627711 3.24195804
715 2318 3.53625414 0.00353625414 3.24195804
715 2318 3.53625195 0.00353625195 3.24195804
715 2318 3.53625844 0.00353625844 3.24195804
715 2318 3.53625787 0.00353625787 3.24195804
715 2318 3.53625666 0.00353625666 3.24195804
715 2318 3.53625633 0.00353625633 3.24195804
715 2318 3.53625685 0.00353625685 3.24195804
715 2318 3.5362571 0.0035362571 3.24195804
715 2318 3.53625696 0.00353625696 3.24195804
714 2311 3.53222168 0.00353222168 3.23669468
714 2311 3.53223828 0.00353223828 3.23669468
714 2311 3.5322282 0.0035322282 3.23669468
714 2311 3.53222658 0.00353222658 3.23669468
714 2311 3.5322294 0.0035322294 3.23669468
714 2311 3.53223158 0.00353223158 3.23669468
714 2311 3.53223169 0.00353223169 3.23669468
714 2311 3.53223131 0.00353223131 3.23669468
714 2311 3.53223112 0.00353223112 3.23669468
714 2311 3.532231 0.003532231 3.23669468
713 2305 3.52813076 0.00352813076 3.23281907
713 2305 3.52812264 0.00352812264 3.23281907
713 2306 3.52806749 0.00352806749 3.2342216
713 2306 3.52806632 0.00352806632 3.2342216
713 2305 3.52815072 0.00352815072 3.23281907
713 2305 3.52816033 0.00352816033 3.23281907
713 2305 3.52814691 0.00352814691 3.23281907
713 2305 3.52813684 0.00352813684 3.23281907
713 2305 3.5281337 0.0035281337 3.23281907
713 2305 3.52813164 0.00352813164 3.23281907
712 2300 3.52402654 0.00352402654 3.23033708
712 2300 3.52404572 0.00352404572 3.23033708
712 2300 3.52401708 0.00352401708 3.23033708
712 2299 3.52398243 0.00352398243 3.22893258
712 2300 3.52399991 0.00352399991 3.23033708
712 2300 3.52402917 0.00352402917 3.23033708
712 2300 3.52402563 0.00352402563 3.23033708
712 2300 3.52401842 0.00352401842 3.23033708
712 2300 3.52401988 0.00352401988 3.23033708
712 2300 3.52402062 0.00352402062 3.23033708
711 2294 3.51990304 0.00351990304 3.22644163
711 2294 3.51988447 0.00351988447 3.22644163
711 2294 3.51988955 0.00351988955 3.22644163
711 2294 3.51989487 0.00351989487 3.22644163
711 2294 3.51989734 0.00351989734 3.22644163
711 2294 3.51990163 0.00351990163 3.22644163
711 2294 3.51990433 0.00351990433 3.22644163
711 2294 3.5199058 0.0035199058 3.22644163
711 2294 3.51990517 0.00351990517 3.22644163
711 2294 3.51990367 0.00351990367 3.22644163
710 2288 3.51563028 0.00351563028 3.22253521
710 2288 3.51563099 0.00351563099 3.22253521
710 2288 3.51563509 0.00351563509 3.22253521
710 2288 3.51564328 0.00351564328 3.22253521
710 2288 3.51564248 0.00351564248 3.22253521
710 2288 3.51563995 0.00351563995 3.22253521
710 2288 3.51563858 0.00351563858 3.22253521
710 2288 3.51563926 0.00351563926 3.22253521
710 2288 3.5156402 0.0035156402 3.22253521
710 2288 3.51564018 0.00351564018 3.22253521
709 2277 3.51130114 0.00351130114 3.21156559
709 2285 3.50956728 0.00350956728 3.22284908
709 2280 3.51274849 0.00351274849 3.2157969
709 2280 3.5127478 0.0035127478 3.2157969
709 2280 3.51275636 0.00351275636 3.2157969
709 2280 3.51276296 0.00351276296 3.2157969
709 2280 3.51276676 0.00351276676 3.2157969
709 2280 3.51276633 0.00351276633 3.2157969
709 2280 3.51276326 0.00351276326 3.2157969
709 2280 3.51276017 0.00351276017 3.2157969
708 2274 3.50848945 0.00350848945 3.21186441
708 2273 3.50844035 0.00350844035 3.21045198
708 2274 3.51250943 0.00351250943 3.21186441
708 2274 3.51617425 0.00351617425 3.21186441
708 2274 3.51617915 0.00351617915 3.21186441
708 2274 3.51618015 0.00351618015 3.21186441
708 2274 3.51617882 0.00351617882 3.21186441
708 2274 3.51617887 0.00351617887 3.21186441
708 2274 3.51617919 0.00351617919 3.21186441
708 2274 3.51617901 0.00351617901 3.21186441
707 2268 3.51206158 0.00351206158 3.20792079
707 2268 3.51206214 0.00351206214 3.20792079
707 2268 3.51204094 0.00351204094 3.20792079
707 2268 3.51206422 0.00351206422 3.20792079
707 2268 3.51206024 0.00351206024 3.20792079
707 2268 3.51206568 0.00351206568 3.20792079
707 2268 3.51206785 0.00351206785 3.20792079
707 2268 3.5120677 0.0035120677 3.20792079
707 2268 3.51206702 0.00351206702 3.20792079
707 2268 3.51206693 0.00351206693 3.20792079
706 2262 3.50797028 0.00350797028 3.20396601
706 2262 3.5079779 0.0035079779 3.20396601
706 2262 3.50796413 0.00350796413 3.20396601
706 2262 3.5079663 0.0035079663 3.20396601
706 2262 3.50796819 0.00350796819 3.20396601
706 2262 3.50797072 0.00350797072 3.20396601
706 2262 3.50797183 0.00350797183 3.20396601
706 2262 3.50797056 0.00350797056 3.20396601
706 2262 3.50796951 0.00350796951 3.20396601
706 2262 3.50796901 0.00350796901 3.20396601
705 2256 3.50363911 0.00350363911 3.2
705 2256 3.5036487 0.0035036487 3.2
705 2258 3.50351519 0.00350351519 3.20283688
704 2252 3.5025665 0.0035025665 3.19886364
704 2252 3.50257218 0.00350257218 3.19886364
704 2252 3.50256846 0.00350256846 3.19886364
704 2252 3.50257249 0.00350257249 3.19886364
704 2252 3.50257105 0.00350257105 3.19886364
704 2252 3.50256883 0.00350256883 3.19886364
704 2252 3.50256691 0.00350256691 3.19886364
703 2246 3.49831285 0.00349831285 3.19487909
703 2246 3.49832035 0.00349832035 3.19487909
703 2246 3.49832662 0.00349832662 3.19487909
703 2246 3.49834572 0.00349834572 3.19487909
703 2246 3.49835615 0.00349835615 3.19487909
703 2246 3.49835624 0.00349835624 3.19487909
703 2246 3.49835063 0.00349835063 3.19487909
703 2246 3.49834641 0.00349834641 3.19487909
703 2246 3.4983444 0.0034983444 3.19487909
703 2246 3.49834405 0.00349834405 3.19487909
702 2239 3.49387807 0.00349387807 3.18945869
702 2239 3.49389656 0.00349389656 3.18945869
702 2238 3.49388508 0.00349388508 3.18803419
702 2238 3.49386621 0.00349386621 3.18803419
702 2238 3.49388906 0.00349388906 3.18803419
702 2238 3.49390814 0.00349390814 3.18803419
702 2238 3.49391184 0.00349391184 3.18803419
702 2238 3.49390528 0.00349390528 3.18803419
702 2238 3.49389922 0.00349389922 3.18803419
702 2238 3.4938961 0.0034938961 3.18803419
701 2231 3.48945284 0.00348945284 3.18259629
701 2231 3.48946242 0.00348946242 3.18259629
701 2231 3.48942531 0.00348942531 3.18259629
701 2233 3.48944233 0.00348944233 3.18544936
701 2231 3.48934686 0.00348934686 3.18259629
701 2233 3.4894285 0.0034894285 3.18544936
701 2233 3.48944446 0.00348944446 3.18544936
701 2233 3.48946572 0.00348946572 3.18544936
701 2233 3.48946256 0.00348946256 3.18544936
701 2233 3.48946113 0.00348946113 3.18544936
700 2226 3.4849968 0.0034849968 3.18
700 2226 3.48495941 0.00348495941 3.18
700 2226 3.48495238 0.00348495238 3.18
700 2226 3.48494376 0.00348494376 3.18
700 2226 3.48496791 0.00348496791 3.18
700 2226 3.48497304 0.00348497304 3.18
700 2226 3.48496131 0.00348496131 3.18
700 2226 3.48495532 0.00348495532 3.18
700 2226 3.48495828 0.00348495828 3.18
700 2226 3.48495897 0.00348495897 3.18
699 2217 3.48037349 0.00348037349 3.17167382
699 2217 3.48038059 0.00348038059 3.17167382
699 2217 3.48036038 0.00348036038 3.17167382
699 2217 3.480379 0.003480379 3.17167382
699 2217 3.48038666 0.00348038666 3.17167382
699 2217 3.48040734 0.00348040734 3.17167382
699 2217 3.48039327 0.00348039327 3.17167382
699 2217 3.4803911 0.0034803911 3.17167382
699 2217 3.48040417 0.00348040417 3.17167382
699 2217 3.48038357 0.00348038357 3.17167382
698 2213 3.47573846 0.00347573846 3.17048711
698 2213 3.47576005 0.00347576005 3.17048711
698 2210 3.47561328 0.00347561328 3.16618911
698 2213 3.47570491 0.00347570491 3.17048711
698 2213 3.47572983 0.00347572983 3.17048711
698 2213 3.47570616 0.00347570616 3.17048711
698 2213 3.47570591 0.00347570591 3.17048711
698 2213 3.47570289 0.00347570289 3.17048711
698 2213 3.4757029 0.0034757029 3.17048711
698 2213 3.47570254 0.00347570254 3.17048711
697 2206 3.47104823 0.00347104823 3.16499283
697 2206 3.47103538 0.00347103538 3.16499283
697 2206 3.47105954 0.00347105954 3.16499283
697 2206 3.47104823 0.00347104823 3.16499283
697 2206 3.47105258 0.00347105258 3.16499283
697 2206 3.47106754 0.00347106754 3.16499283
697 2206 3.47104961 0.00347104961 3.16499283
697 2206 3.47105214 0.00347105214 3.16499283
697 2206 3.47106844 0.00347106844 3.16499283
697 2206 3.47104957 0.00347104957 3.16499283
696 2200 3.46619366 0.00346619366 3.16091954
696 2198 3.46619776 0.00346619776 3.15804598
695 2192 3.46293085 0.00346293085 3.15395683
695 2192 3.46291547 0.00346291547 3.15395683
695 2192 3.46292853 0.00346292853 3.15395683
695 2192 3.46293821 0.00346293821 3.15395683
695 2192 3.46294352 0.00346294352 3.15395683
695 2192 3.46294578 0.00346294578 3.15395683
695 2192 3.46294632 0.00346294632 3.15395683
695 2192 3.46294634 0.00346294634 3.15395683
694 2186 3.45814406 0.00345814406 3.14985591
694 2186 3.45812911 0.00345812911 3.14985591
694 2186 3.45808145 0.00345808145 3.14985591
694 2186 3.45809986 0.00345809986 3.14985591
694 2186 3.45812123 0.00345812123 3.14985591
694 2186 3.45813856 0.00345813856 3.14985591
694 2186 3.45811141 0.00345811141 3.14985591
694 2186 3.45812415 0.00345812415 3.14985591
694 2186 3.45814764 0.00345814764 3.14985591
694 2186 3.45813193 0.00345813193 3.14985591
693 2179 3.45324939 0.00345324939 3.14430014
693 2181 3.45311392 0.00345311392 3.14718615
693 2181 3.45308476 0.00345308476 3.14718615
693 2179 3.45319294 0.00345319294 3.14430014
693 2179 3.4531752 0.0034531752 3.14430014
693 2179 3.45318973 0.00345318973 3.14430014
693 2179 3.45320723 0.00345320723 3.14430014
693 2179 3.45316214 0.00345316214 3.14430014
693 2179 3.45319058 0.00345319058 3.14430014
693 2179 3.45320669 0.00345320669 3.14430014
692 2175 3.44820608 0.00344820608 3.14306358
692 2175 3.44819291 0.00344819291 3.14306358
692 2174 3.44817352 0.00344817352 3.1416185
692 2174 3.4481775 0.0034481775 3.1416185
692 2174 3.44816064 0.00344816064 3.1416185
692 2174 3.44820525 0.00344820525 3.1416185
692 2174 3.44819777 0.00344819777 3.1416185
692 2174 3.44817443 0.00344817443 3.1416185
692 2174 3.44820638 0.00344820638 3.1416185
692 2174 3.44819402 0.00344819402 3.1416185
691 2170 3.44322872 0.00344322872 3.14037627
691 2170 3.44318237 0.00344318237 3.14037627
691 2170 3.44317929 0.00344317929 3.14037627
691 2170 3.44320104 0.00344320104 3.14037627
691 2170 3.44321442 0.00344321442 3.14037627
691 2170 3.44321057 0.00344321057 3.14037627
691 2170 3.4432076 0.0034432076 3.14037627
691 2170 3.44320868 0.00344320868 3.14037627
691 2170 3.4432109 0.0034432109 3.14037627
691 2170 3.44321112 0.00344321112 3.14037627
690 2167 3.43834314 0.00343834314 3.14057971
690 2167 3.43828382 0.00343828382 3.14057971
690 2167 3.43831169 0.00343831169 3.14057971
690 2167 3.4383132 0.0034383132 3.14057971
690 2167 3.4383305 0.0034383305 3.14057971
690 2167 3.43830634 0.00343830634 3.14057971
690 2167 3.43832701 0.00343832701 3.14057971
690 2167 3.43830441 0.00343830441 3.14057971
690 2167 3.4383258 0.0034383258 3.14057971
690 2167 3.43830647 0.00343830647 3.14057971
689 2159 3.43306791 0.00343306791 3.13352685
689 2159 3.43305648 0.00343305648 3.13352685
689 2162 3.43303083 0.00343303083 3.13788099
689 2160 3.43098125 0.00343098125 3.13497823
689 2158 3.43344452 0.00343344452 3.13207547
689 2159 3.43443315 0.00343443315 3.13352685
689 2159 3.43444449 0.00343444449 3.13352685
689 2159 3.43441528 0.00343441528 3.13352685
689 2159 3.43445718 0.00343445718 3.13352685
689 2159 3.43445284 0.00343445284 3.13352685
688 2155 3.42943601 0.00342943601 3.13226744
688 2155 3.42940847 0.00342940847 3.13226744
688 2155 3.42938483 0.00342938483 3.13226744
688 2155 3.4293773 0.0034293773 3.13226744
688 2155 3.42938519 0.00342938519 3.13226744
688 2155 3.42939138 0.00342939138 3.13226744
688 2155 3.42939427 0.00342939427 3.13226744
688 2155 3.42939339 0.00342939339 3.13226744
688 2155 3.42939146 0.00342939146 3.13226744
688 2155 3.4293898 0.0034293898 3.13226744
687 2147 3.42424617 0.00342424617 3.12518195
687 2147 3.42423236 0.00342423236 3.12518195
687 2147 3.42422126 0.00342422126 3.12518195
687 2147 3.42425422 0.00342425422 3.12518195
687 2147 3.42425143 0.00342425143 3.12518195
687 2147 3.42424397 0.00342424397 3.12518195
687 2147 3.42424061 0.00342424061 3.12518195
687 2147 3.42424249 0.00342424249 3.12518195
687 2147 3.4242447 0.0034242447 3.12518195
687 2147 3.42424462 0.00342424462 3.12518195
686 2145 3.41887641 0.00341887641 3.12682216
686 2142 3.41851703 0.00341851703 3.12244898
686 2146 3.42362207 0.00342362207 3.12827988
686 2148 3.42462505 0.00342462505 3.13119534
686 2147 3.4251712 0.0034251712 3.12973761
686 2151 3.42762047 0.00342762047 3.13556851
686 2154 3.42806509 0.00342806509 3.13994169
686 2155 3.42819971 0.00342819971 3.14139942
686 2161 3.43055578 0.00343055578 3.15014577
686 2156 3.43071016 0.00343071016 3.14285714
685 2149 3.42624654 0.00342624654 3.13722628
685 2152 3.42648574 0.00342648574 3.14160584
685 2152 3.42648279 0.00342648279 3.14160584
685 2152 3.42648256 0.00342648256 3.14160584
685 2152 3.42649936 0.00342649936 3.14160584
685 2152 3.42648618 0.00342648618 3.14160584
685 2152 3.42647173 0.00342647173 3.14160584
685 2152 3.42648934 0.00342648934 3.14160584
685 2152 3.42648773 0.00342648773 3.14160584
685 2152 3.42647132 0.00342647132 3.14160584
684 2145 3.42192887 0.00342192887 3.13596491
684 2145 3.42187418 0.00342187418 3.13596491
684 2151 3.42171562 0.00342171562 3.14473684
684 2146 3.41853968 0.00341853968 3.1374269
684 2150 3.42286747 0.00342286747 3.14327485
684 2150 3.42731449 0.00342731449 3.14327485
683 2148 3.42731051 0.00342731051 3.14494876
683 2147 3.43000084 0.00343000084 3.14348463
682 2140 3.42608325 0.00342608325 3.13782991
682 2140 3.42606701 0.00342606701 3.13782991
681 2136 3.42176543 0.00342176543 3.13656388
681 2136 3.42175414 0.00342175414 3.13656388
681 2136 3.42172629 0.00342172629 3.13656388
681 2136 3.42170741 0.00342170741 3.13656388
681 2136 3.42173668 0.00342173668 3.13656388
681 2136 3.42172277 0.00342172277 3.13656388
681 2136 3.4217341 0.0034217341 3.13656388
681 2136 3.42175668 0.00342175668 3.13656388
681 2136 3.42175958 0.00342175958 3.13656388
681 2136 3.42176001 0.00342176001 3.13656388
680 2131 3.41728275 0.00341728275 3.13382353
680 2129 3.4172423 0.0034172423 3.13088235
680 2129 3.41732205 0.00341732205 3.13088235
680 2131 3.41725676 0.00341725676 3.13382353
680 2131 3.41728118 0.00341728118 3.13382353
680 2131 3.41725628 0.00341725628 3.13382353
680 2131 3.41729362 0.00341729362 3.13382353
680 2131 3.41725852 0.00341725852 3.13382353
680 2131 3.41732027 0.00341732027 3.13382353
680 2131 3.41730755 0.00341730755 3.13382353
679 2124 3.4128028 0.0034128028 3.1281296
679 2124 3.41282073 0.00341282073 3.1281296
679 2124 3.41274391 0.00341274391 3.1281296
679 2124 3.4127925 0.0034127925 3.1281296
679 2124 3.41280584 0.00341280584 3.1281296
679 2124 3.41279752 0.00341279752 3.1281296
679 2124 3.41279083 0.00341279083 3.1281296
679 2124 3.41278785 0.00341278785 3.1281296
679 2124 3.41278629 0.00341278629 3.1281296
679 2124 3.41278567 0.00341278567 3.1281296
678 2117 3.40824844 0.00340824844 3.12241888
678 2117 3.40826725 0.00340826725 3.12241888
678 2117 3.40826068 0.00340826068 3.12241888
678 2117 3.40827249 0.00340827249 3.12241888
678 2117 3.40827219 0.00340827219 3.12241888
678 2117 3.40827709 0.00340827709 3.12241888
678 2117 3.40826831 0.00340826831 3.12241888
678 2117 3.40826581 0.00340826581 3.12241888
678 2117 3.40827553 0.00340827553 3.12241888
678 2117 3.40826948 0.00340826948 3.12241888
677 2113 3.40361511 0.00340361511 3.1211226
677 2112 3.40273191 0.00340273191 3.11964549
677 2115 3.40651126 0.00340651126 3.12407681
677 2115 3.40652374 0.00340652374 3.12407681
677 2115 3.40651773 0.00340651773 3.12407681
677 2115 3.40651205 0.00340651205 3.12407681
677 2115 3.40650834 0.00340650834 3.12407681
677 2115 3.40650591 0.00340650591 3.12407681
677 2115 3.4065053 0.0034065053 3.12407681
677 2115 3.40650609 0.00340650609 3.12407681
676 2108 3.40193508 0.00340193508 3.1183432
676 2108 3.40192134 0.00340192134 3.1183432
676 2108 3.40195701 0.00340195701 3.1183432
676 2108 3.40192856 0.00340192856 3.1183432
676 2108 3.40194813 0.00340194813 3.1183432
676 2108 3.4019664 0.0034019664 3.1183432
676 2108 3.40193351 0.00340193351 3.1183432
676 2108 3.40197313 0.00340197313 3.1183432
676 2108 3.40196303 0.00340196303 3.1183432
676 2108 3.40194244 0.00340194244 3.1183432
675 2104 3.39724462 0.00339724462 3.11703704
675 2104 3.3972023 0.0033972023 3.11703704
675 2106 3.39718532 0.00339718532 3.12
675 2104 3.39723103 0.00339723103 3.11703704
675 2104 3.39721551 0.00339721551 3.11703704
675 2104 3.39722393 0.00339722393 3.11703704
675 2104 3.39721535 0.00339721535 3.11703704
675 2104 3.39721176 0.00339721176 3.11703704
675 2104 3.39721874 0.00339721874 3.11703704
675 2104 3.3972171 0.0033972171 3.11703704
674 2102 3.39244292 0.00339244292 3.11869436
674 2102 3.39244397 0.00339244397 3.11869436
674 2102 3.39243717 0.00339243717 3.11869436
674 2102 3.3924466 0.0033924466 3.11869436
674 2102 3.39244987 0.00339244987 3.11869436
674 2102 3.39246285 0.00339246285 3.11869436
674 2102 3.39247108 0.00339247108 3.11869436
674 2102 3.39244875 0.00339244875 3.11869436
674 2102 3.39245738 0.00339245738 3.11869436
674 2102 3.39246474 0.00339246474 3.11869436
673 2096 3.38761662 0.00338761662 3.11441308
673 2096 3.3876223 0.0033876223 3.11441308
673 2096 3.38758074 0.00338758074 3.11441308
673 2096 3.38756619 0.00338756619 3.11441308
673 2094 3.38756854 0.00338756854 3.11144131
673 2096 3.38759624 0.00338759624 3.11441308
673 2096 3.38759952 0.00338759952 3.11441308
673 2096 3.38760228 0.00338760228 3.11441308
673 2096 3.38760128 0.00338760128 3.11441308
673 2096 3.38760109 0.00338760109 3.11441308
672 2088 3.38276097 0.00338276097 3.10714286
672 2088 3.3827956 0.0033827956 3.10714286
672 2088 3.38277603 0.00338277603 3.10714286
672 2088 3.38274909 0.00338274909 3.10714286
672 2088 3.38277395 0.00338277395 3.10714286
672 2088 3.38279385 0.00338279385 3.10714286
672 2088 3.38280001 0.00338280001 3.10714286
672 2088 3.38279863 0.00338279863 3.10714286
672 2088 3.38279702 0.00338279702 3.10714286
672 2088 3.38279619 0.00338279619 3.10714286
671 2083 3.37787437 0.00337787437 3.10432191
671 2083 3.37784327 0.00337784327 3.10432191
671 2083 3.37784595 0.00337784595 3.10432191
671 2083 3.37785163 0.00337785163 3.10432191
671 2083 3.37785039 0.00337785039 3.10432191
671 2083 3.37785074 0.00337785074 3.10432191
671 2083 3.3778512 0.0033778512 3.10432191
671 2083 3.3778515 0.0033778515 3.10432191
671 2083 3.37785136 0.00337785136 3.10432191
671 2083 3.37785121 0.00337785121 3.10432191
670 2076 3.37290426 0.00337290426 3.09850746
670 2076 3.372911 0.003372911 3.09850746
670 2076 3.37292244 0.00337292244 3.09850746
670 2076 3.37295052 0.00337295052 3.09850746
670 2076 3.37296452 0.00337296452 3.09850746
670 2076 3.3729693 0.0033729693 3.09850746
670 2076 3.37296809 0.00337296809 3.09850746
670 2076 3.37296598 0.00337296598 3.09850746
670 2076 3.37296449 0.00337296449 3.09850746
670 2076 3.37296375 0.00337296375 3.09850746
669 2070 3.36767951 0.00336767951 3.0941704
668 2061 3.36375079 0.00336375079 3.08532934
668 2061 3.36373505 0.00336373505 3.08532934
668 2061 3.36373687 0.00336373687 3.08532934
668 2061 3.36373934 0.00336373934 3.08532934
668 2061 3.36373248 0.00336373248 3.08532934
668 2061 3.36373709 0.00336373709 3.08532934
668 2061 3.36373373 0.00336373373 3.08532934
668 2061 3.36373268 0.00336373268 3.08532934
668 2061 3.36373916 0.00336373916 3.08532934
667 2056 3.35828658 0.00335828658 3.08245877
666 2049 3.35761776 0.00335761776 3.07657658
666 2049 3.35760507 0.00335760507 3.07657658
666 2049 3.35762917 0.00335762917 3.07657658
666 2049 3.35759164 0.00335759164 3.07657658
666 2049 3.35760992 0.00335760992 3.07657658
666 2049 3.35765438 0.00335765438 3.07657658
666 2049 3.35761446 0.00335761446 3.07657658
666 2049 3.35761669 0.00335761669 3.07657658
666 2049 3.35763118 0.00335763118 3.07657658
665 2038 3.35203277 0.00335203277 3.06466165
665 2038 3.35205345 0.00335205345 3.06466165
665 2044 3.35148463 0.00335148463 3.07368421
665 2043 3.35197479 0.00335197479 3.07218045
665 2043 3.35199544 0.00335199544 3.07218045
665 2043 3.35200685 0.00335200685 3.07218045
665 2043 3.35200771 0.00335200771 3.07218045
665 2043 3.35200523 0.00335200523 3.07218045
665 2043 3.35200393 0.00335200393 3.07218045
665 2043 3.35200429 0.00335200429 3.07218045
664 2038 3.34645768 0.00334645768 3.06927711
664 2038 3.34644979 0.00334644979 3.06927711
664 2038 3.3464561 0.0033464561 3.06927711
664 2038 3.3464618 0.0033464618 3.06927711
664 2038 3.3464778 0.0033464778 3.06927711
664 2038 3.34648622 0.00334648622 3.06927711
664 2038 3.34648511 0.00334648511 3.06927711
664 2038 3.34648156 0.00334648156 3.06927711
664 2038 3.34647886 0.00334647886 3.06927711
664 2038 3.34647748 0.00334647748 3.06927711
663 2027 3.34081013 0.00334081013 3.05731523
663 2027 3.3407577 0.0033407577 3.05731523
663 2032 3.34071366 0.00334071366 3.06485671
663 2027 3.3407804 0.0033407804 3.05731523
663 2031 3.34079603 0.00334079603 3.06334842
663 2030 3.34632405 0.00334632405 3.06184012
663 2030 3.34631508 0.00334631508 3.06184012
663 2030 3.34629859 0.00334629859 3.06184012
663 2030 3.34629965 0.00334629965 3.06184012
663 2030 3.34630063 0.00334630063 3.06184012
662 2025 3.34124146 0.00334124146 3.05891239
662 2025 3.34124276 0.00334124276 3.05891239
662 2025 3.3412315 0.0033412315 3.05891239
662 2025 3.34125408 0.00334125408 3.05891239
662 2025 3.34125591 0.00334125591 3.05891239
662 2025 3.34125203 0.00334125203 3.05891239
662 2025 3.34124967 0.00334124967 3.05891239
662 2025 3.34125011 0.00334125011 3.05891239
662 2025 3.34125117 0.00334125117 3.05891239
662 2025 3.34125134 0.00334125134 3.05891239
661 2020 3.33572652 0.00333572652 3.05597579
661 2020 3.33573593 0.00333573593 3.05597579
661 2020 3.3357228 0.0033357228 3.05597579
661 2020 3.33573385 0.00333573385 3.05597579
661 2020 3.33574979 0.00333574979 3.05597579
661 2020 3.3357054 0.0033357054 3.05597579
661 2020 3.3357417 0.0033357417 3.05597579
661 2020 3.33572556 0.00333572556 3.05597579
661 2020 3.33574033 0.00333574033 3.05597579
661 2020 3.33570599 0.00333570599 3.05597579
660 2014 3.33001767 0.00333001767 3.05151515
660 2014 3.32998618 0.00332998618 3.05151515
660 2009 3.32994994 0.00332994994 3.04393939
660 2009 3.3299706 0.0033299706 3.04393939
660 2009 3.32993578 0.00332993578 3.04393939
660 2014 3.33006319 0.00333006319 3.05151515
660 2014 3.33001616 0.00333001616 3.05151515
660 2014 3.33001594 0.00333001594 3.05151515
660 2014 3.3300143 0.0033300143 3.05151515
660 2014 3.33002515 0.00333002515 3.05151515
659 2003 3.32433728 0.00332433728 3.03945372
659 2003 3.32427652 0.00332427652 3.03945372
659 2009 3.32431539 0.00332431539 3.04855842
659 2009 3.32433233 0.00332433233 3.04855842
659 2009 3.32433376 0.00332433376 3.04855842
659 2009 3.3243261 0.0033243261 3.04855842
659 2009 3.32432475 0.00332432475 3.04855842
659 2009 3.32432382 0.00332432382 3.04855842
659 2009 3.32432468 0.00332432468 3.04855842
659 2009 3.32432618 0.00332432618 3.04855842
658 1998 3.31860999 0.00331860999 3.03647416
658 1998 3.31855907 0.00331855907 3.03647416
658 1998 3.31858884 0.00331858884 3.03647416
658 1998 3.31860457 0.00331860457 3.03647416
658 1998 3.31859876 0.00331859876 3.03647416
658 1998 3.31859525 0.00331859525 3.03647416
658 1998 3.31859523 0.00331859523 3.03647416
658 1998 3.31859662 0.00331859662 3.03647416
658 1998 3.31859708 0.00331859708 3.03647416
658 1998 3.31859677 0.00331859677 3.03647416
657 1993 3.31278431 0.00331278431 3.03348554
657 1993 3.31042828 0.00331042828 3.03348554
657 1999 3.31362041 0.00331362041 3.04261796
657 1999 3.31363036 0.00331363036 3.04261796
657 1999 3.31364985 0.00331364985 3.04261796
657 1999 3.31364506 0.00331364506 3.04261796
657 1999 3.31364339 0.00331364339 3.04261796
657 1999 3.31364191 0.00331364191 3.04261796
657 1999 3.31364111 0.00331364111 3.04261796
657 1999 3.31364103 0.00331364103 3.04261796
656 1988 3.30789607 0.00330789607 3.0304878
656 1988 3.30785553 0.00330785553 3.0304878
656 1991 3.30779568 0.00330779568 3.03506098
655 1986 3.30360523 0.00330360523 3.03206107
655 1986 3.30360393 0.00330360393 3.03206107
655 1980 3.30361791 0.00330361791 3.02290076
655 1980 3.30362354 0.00330362354 3.02290076
655 1980 3.30362545 0.00330362545 3.02290076
655 1980 3.30362678 0.00330362678 3.02290076
655 1980 3.30362636 0.00330362636 3.02290076
654 1975 3.29792579 0.00329792579 3.01987768
654 1975 3.2979401 0.0032979401 3.01987768
654 1975 3.29791641 0.00329791641 3.01987768
654 1975 3.29793767 0.00329793767 3.01987768
654 1975 3.29792533 0.00329792533 3.01987768
654 1975 3.29794757 0.00329794757 3.01987768
654 1975 3.29792543 0.00329792543 3.01987768
654 1975 3.29794552 0.00329794552 3.01987768
654 1975 3.29792431 0.00329792431 3.01987768
654 1975 3.29794505 0.00329794505 3.01987768
653 1970 3.29203478 0.00329203478 3.01684533
653 1970 3.29204248 0.00329204248 3.01684533
653 1970 3.29205291 0.00329205291 3.01684533
653 1970 3.29204077 0.00329204077 3.01684533
653 1970 3.29204919 0.00329204919 3.01684533
653 1970 3.29205648 0.00329205648 3.01684533
653 1970 3.29205688 0.00329205688 3.01684533
653 1970 3.29205559 0.00329205559 3.01684533
653 1970 3.29205396 0.00329205396 3.01684533
653 1970 3.29205291 0.00329205291 3.01684533
652 1960 3.28611873 0.00328611873 3.00613497
652 1960 3.28611879 0.00328611879 3.00613497
652 1960 3.28611247 0.00328611247 3.00613497
652 1960 3.28611499 0.00328611499 3.00613497
652 1960 3.28610563 0.00328610563 3.00613497
652 1960 3.28611303 0.00328611303 3.00613497
652 1960 3.28611202 0.00328611202 3.00613497
652 1960 3.28611164 0.00328611164 3.00613497
652 1960 3.28611218 0.00328611218 3.00613497
652 1960 3.28611281 0.00328611281 3.00613497
651 1957 3.28001945 0.00328001945 3.00614439
651 1957 3.28001914 0.00328001914 3.00614439
651 1957 3.28002674 0.00328002674 3.00614439
651 1957 3.28003855 0.00328003855 3.00614439
651 1957 3.28004217 0.00328004217 3.00614439
651 1957 3.28004095 0.00328004095 3.00614439
651 1957 3.28003971 0.00328003971 3.00614439
651 1957 3.28003895 0.00328003895 3.00614439
651 1957 3.28003902 0.00328003902 3.00614439
651 1957 3.28003942 0.00328003942 3.00614439
650 1951 3.27388348 0.00327388348 3.00153846
649 1947 3.27099377 0.00327099377 3
649 1943 3.27334246 0.00327334246 2.99383667
649 1950 3.27627477 0.00327627477 3.0046225
649 1952 3.27644202 0.00327644202 3.00770416
649 1951 3.27625083 0.00327625083 3.00616333
649 1957 3.2756535 0.0032756535 3.01540832
648 1946 3.27084682 0.00327084682 3.00308642
648 1946 3.27084358 0.00327084358 3.00308642
648 1946 3.27085726 0.00327085726 3.00308642
647 1936 3.26510131 0.00326510131 2.99227202
647 1936 3.26507004 0.00326507004 2.99227202
647 1936 3.26506388 0.00326506388 2.99227202
647 1936 3.26507226 0.00326507226 2.99227202
647 1936 3.2650726 0.0032650726 2.99227202
647 1936 3.26507167 0.00326507167 2.99227202
647 1936 3.26507098 0.00326507098 2.99227202
647 1936 3.26507109 0.00326507109 2.99227202
647 1936 3.26507134 0.00326507134 2.99227202
647 1936 3.26507139 0.00326507139 2.99227202
646 1931 3.2591038 0.0032591038 2.98916409
646 1931 3.25911012 0.00325911012 2.98916409
646 1933 3.2588957 0.0032588957 2.99226006
646 1931 3.25907058 0.00325907058 2.98916409
646 1931 3.25910645 0.00325910645 2.98916409
646 1931 3.25911828 0.00325911828 2.98916409
646 1931 3.25911946 0.00325911946 2.98916409
646 1931 3.2591198 0.0032591198 2.98916409
646 1931 3.25912051 0.00325912051 2.98916409
646 1931 3.25912086 0.00325912086 2.98916409
645 1928 3.25307919 0.00325307919 2.98914729
645 1928 3.25309755 0.00325309755 2.98914729
645 1928 3.25307847 0.00325307847 2.98914729
645 1928 3.25308828 0.00325308828 2.98914729
645 1928 3.25308349 0.00325308349 2.98914729
645 1928 3.25307798 0.00325307798 2.98914729
645 1928 3.25307642 0.00325307642 2.98914729
645 1928 3.25307699 0.00325307699 2.98914729
645 1928 3.25307798 0.00325307798 2.98914729
645 1928 3.25307842 0.00325307842 2.98914729
644 1920 3.24689172 0.00324689172 2.98136646
644 1924 3.24412266 0.00324412266 2.98757764
644 1919 3.24747892 0.00324747892 2.97981366
644 1921 3.24771142 0.00324771142 2.98291925
644 1921 3.24775597 0.00324775597 2.98291925
644 1921 3.24775276 0.00324775276 2.98291925
644 1921 3.24774235 0.00324774235 2.98291925
644 1921 3.24774028 0.00324774028 2.98291925
644 1921 3.24774026 0.00324774026 2.98291925
644 1921 3.24774135 0.00324774135 2.98291925
643 1916 3.2419719 0.0032419719 2.97978227
643 1916 3.24195644 0.00324195644 2.97978227
643 1916 3.2419454 0.0032419454 2.97978227
643 1916 3.24195489 0.00324195489 2.97978227
643 1916 3.24195527 0.00324195527 2.97978227
643 1916 3.24195416 0.00324195416 2.97978227
643 1916 3.24195325 0.00324195325 2.97978227
643 1916 3.24195329 0.00324195329 2.97978227
643 1916 3.24195358 0.00324195358 2.97978227
643 1916 3.24195367 0.00324195367 2.97978227
642 1911 3.23603428 0.00323603428 2.97663551
642 1911 3.23601894 0.00323601894 2.97663551
642 1911 3.23600059 0.00323600059 2.97663551
642 1911 3.23598403 0.00323598403 2.97663551
642 1911 3.23600899 0.00323600899 2.97663551
642 1911 3.2360352 0.0032360352 2.97663551
642 1911 3.23604554 0.00323604554 2.97663551
642 1911 3.23604498 0.00323604498 2.97663551
642 1911 3.2360409 0.0032360409 2.97663551
642 1911 3.23603679 0.00323603679 2.97663551
641 1904 3.22985044 0.00322985044 2.97035881
641 1904 3.22988919 0.00322988919 2.97035881
641 1904 3.22986486 0.00322986486 2.97035881
641 1904 3.22983989 0.00322983989 2.97035881
641 1904 3.22988499 0.00322988499 2.97035881
641 1904 3.22987057 0.00322987057 2.97035881
641 1904 3.22989406 0.00322989406 2.97035881
641 1904 3.22989598 0.00322989598 2.97035881
641 1904 3.2298957 0.0032298957 2.97035881
641 1904 3.22986484 0.00322986484 2.97035881
640 1901 3.22335053 0.00322335053 2.9703125
640 1900 3.22219675 0.00322219675 2.96875
640 1904 3.22330463 0.00322330463 2.975
640 1899 3.22025461 0.00322025461 2.9671875
640 1900 3.22510736 0.00322510736 2.96875
640 1900 3.22507808 0.00322507808 2.96875
640 1900 3.22505275 0.00322505275 2.96875
640 1900 3.22512198 0.00322512198 2.96875
640 1900 3.22515042 0.00322515042 2.96875
640 1900 3.22512458 0.00322512458 2.96875
639 1894 3.2192818 0.0032192818 2.96400626
639 1897 3.21923757 0.00321923757 2.9687011
639 1896 3.221607 0.003221607 2.96713615
639 1901 3.22455047 0.00322455047 2.97496088
639 1894 3.22463548 0.00322463548 2.96400626
639 1894 3.22461306 0.00322461306 2.96400626
639 1894 3.22462013 0.00322462013 2.96400626
639 1894 3.22461782 0.00322461782 2.96400626
639 1894 3.22461833 0.00322461833 2.96400626
639 1894 3.22462094 0.00322462094 2.96400626
638 1891 3.21892015 0.00321892015 2.96394984
638 1891 3.21891641 0.00321891641 2.96394984
638 1891 3.21887993 0.00321887993 2.96394984
638 1889 3.21895982 0.00321895982 2.96081505
638 1889 3.21896497 0.00321896497 2.96081505
638 1889 3.21897709 0.00321897709 2.96081505
638 1889 3.2189817 0.0032189817 2.96081505
638 1889 3.21898217 0.00321898217 2.96081505
638 1889 3.2189818 0.0032189818 2.96081505
638 1889 3.21898149 0.00321898149 2.96081505
637 1886 3.21318306 0.00321318306 2.96075353
637 1886 3.21317391 0.00321317391 2.96075353
637 1886 3.21317761 0.00321317761 2.96075353
637 1886 3.21318386 0.00321318386 2.96075353
637 1886 3.21318533 0.00321318533 2.96075353
637 1886 3.21318362 0.00321318362 2.96075353
637 1886 3.2131826 0.0032131826 2.96075353
637 1886 3.21318241 0.00321318241 2.96075353
637 1886 3.21318265 0.00321318265 2.96075353
637 1886 3.21318292 0.00321318292 2.96075353
636 1881 3.2073077 0.0032073077 2.95754717
636 1881 3.20729346 0.00320729346 2.95754717
636 1881 3.20728084 0.00320728084 2.95754717
636 1881 3.2072911 0.0032072911 2.95754717
636 1881 3.20729168 0.00320729168 2.95754717
636 1881 3.20729043 0.00320729043 2.95754717
636 1881 3.20728941 0.00320728941 2.95754717
636 1881 3.20728939 0.00320728939 2.95754717
636 1881 3.20728971 0.00320728971 2.95754717
636 1881 3.20728984 0.00320728984 2.95754717
635 1876 3.20121043 0.00320121043 2.95433071
635 1876 3.20123645 0.00320123645 2.95433071
635 1878 3.20118065 0.00320118065 2.95748031
635 1876 3.19847948 0.00319847948 2.95433071
635 1878 3.20145443 0.00320145443 2.95748031
635 1873 3.20219993 0.00320219993 2.9496063
635 1875 3.20268891 0.00320268891 2.95275591
635 1875 3.19759913 0.00319759913 2.95275591
635 1879 3.20305685 0.00320305685 2.95905512
635 1879 3.20304534 0.00320304534 2.95905512
634 1870 3.19723447 0.00319723447 2.94952681
634 1874 3.19711358 0.00319711358 2.95583596
634 1870 3.19606147 0.00319606147 2.94952681
634 1870 3.19722781 0.00319722781 2.94952681
634 1870 3.1972301 0.0031972301 2.94952681
634 1870 3.19722912 0.00319722912 2.94952681
634 1870 3.19722658 0.00319722658 2.94952681
634 1870 3.19722561 0.00319722561 2.94952681
634 1870 3.19722592 0.00319722592 2.94952681
634 1870 3.19722644 0.00319722644 2.94952681
633 1865 3.19162558 0.00319162558 2.94628752
633 1865 3.19159072 0.00319159072 2.94628752
633 1865 3.19159451 0.00319159451 2.94628752
633 1865 3.19160657 0.00319160657 2.94628752
633 1865 3.19161484 0.00319161484 2.94628752
633 1865 3.19161681 0.00319161681 2.94628752
633 1865 3.19161614 0.00319161614 2.94628752
633 1865 3.19161471 0.00319161471 2.94628752
633 1865 3.1916136 0.0031916136 2.94628752
633 1865 3.19161308 0.00319161308 2.94628752
632 1857 3.18575342 0.00318575342 2.93829114
631 1853 3.18043164 0.00318043164 2.93660856
631 1857 3.18076156 0.00318076156 2.9429477
631 1858 3.18321921 0.00318321921 2.94453249
631 1858 3.17854946 0.00317854946 2.94453249
631 1858 3.18240229 0.00318240229 2.94453249
631 1862 3.18338598 0.00318338598 2.95087163
631 1862 3.18337615 0.00318337615 2.95087163
631 1862 3.18336531 0.00318336531 2.95087163
631 1862 3.18336324 0.00318336324 2.95087163
630 1853 3.1777944 0.0031777944 2.94126984
630 1853 3.17777878 0.00317777878 2.94126984
630 1856 3.17769555 0.00317769555 2.94603175
630 1853 3.17771747 0.00317771747 2.94126984
630 1853 3.17774278 0.00317774278 2.94126984
630 1853 3.17780494 0.00317780494 2.94126984
630 1853 3.17782178 0.00317782178 2.94126984
630 1853 3.17782118 0.00317782118 2.94126984
630 1853 3.17781774 0.00317781774 2.94126984
630 1853 3.17781274 0.00317781274 2.94126984
629 1847 3.17219438 0.00317219438 2.936407
629 1847 3.17220957 0.00317220957 2.936407
629 1847 3.17210233 0.00317210233 2.936407
629 1847 3.17210911 0.00317210911 2.936407
629 1847 3.17215952 0.00317215952 2.936407
629 1847 3.17217551 0.00317217551 2.936407
629 1847 3.17217033 0.00317217033 2.936407
629 1847 3.1721731 0.0031721731 2.936407
629 1847 3.17217032 0.00317217032 2.936407
629 1847 3.17215935 0.00317215935 2.936407
628 1842 3.1660619 0.0031660619 2.93312102
628 1842 3.16605958 0.00316605958 2.93312102
628 1842 3.16601729 0.00316601729 2.93312102
628 1842 3.1660349 0.0031660349 2.93312102
628 1842 3.16604088 0.00316604088 2.93312102
628 1842 3.16604019 0.00316604019 2.93312102
628 1842 3.1660386 0.0031660386 2.93312102
628 1842 3.16603796 0.00316603796 2.93312102
628 1842 3.1660382 0.0031660382 2.93312102
628 1842 3.16603846 0.00316603846 2.93312102
627 1837 3.15977591 0.00315977591 2.92982456
627 1837 3.15971388 0.00315971388 2.92982456
627 1837 3.15973262 0.00315973262 2.92982456
627 1837 3.15976492 0.00315976492 2.92982456
627 1837 3.1597785 0.0031597785 2.92982456
627 1837 3.15980623 0.00315980623 2.92982456
627 1837 3.15981566 0.00315981566 2.92982456
627 1837 3.15980967 0.00315980967 2.92982456
627 1837 3.1598073 0.0031598073 2.92982456
627 1837 3.15980869 0.00315980869 2.92982456
626 1832 3.15323374 0.00315323374 2.92651757
626 1832 3.15190415 0.00315190415 2.92651757
626 1832 3.1538831 0.0031538831 2.92651757
626 1834 3.15370833 0.00315370833 2.92971246
626 1832 3.1537574 0.0031537574 2.92651757
626 1835 3.1516942 0.0031516942 2.9313099
626 1834 3.15402173 0.00315402173 2.92971246
626 1834 3.15403282 0.00315403282 2.92971246
626 1834 3.15403662 0.00315403662 2.92971246
626 1834 3.15403872 0.00315403872 2.92971246
625 1829 3.14853184 0.00314853184 2.9264
625 1829 3.14850991 0.00314850991 2.9264
625 1829 3.14850646 0.00314850646 2.9264
625 1829 3.14851805 0.00314851805 2.9264
625 1829 3.1485311 0.0031485311 2.9264
625 1829 3.14853489 0.00314853489 2.9264
625 1829 3.14853365 0.00314853365 2.9264
625 1829 3.14853156 0.00314853156 2.9264
625 1829 3.14853055 0.00314853055 2.9264
625 1829 3.14853059 0.00314853059 2.9264
624 1824 3.14275556 0.00314275556 2.92307692
624 1824 3.14271684 0.00314271684 2.92307692
624 1824 3.14268203 0.00314268203 2.92307692
624 1824 3.14267935 0.00314267935 2.92307692
624 1824 3.14271061 0.00314271061 2.92307692
624 1824 3.14273187 0.00314273187 2.92307692
624 1824 3.14273694 0.00314273694 2.92307692
624 1824 3.14273471 0.00314273471 2.92307692
624 1824 3.14273103 0.00314273103 2.92307692
624 1824 3.14272833 0.00314272833 2.92307692
623 1817 3.13671103 0.00313671103 2.91653291
622 1814 3.13383207 0.00313383207 2.91639871
622 1814 3.13373794 0.00313373794 2.91639871
622 1814 3.13374215 0.00313374215 2.91639871
622 1814 3.13374375 0.00313374375 2.91639871
622 1814 3.13376517 0.00313376517 2.91639871
622 1814 3.13373706 0.00313373706 2.91639871
622 1814 3.13375676 0.00313375676 2.91639871
622 1814 3.13373414 0.00313373414 2.91639871
622 1814 3.13375535 0.00313375535 2.91639871
621 1810 3.12711411 0.00312711411 2.91465378
621 1810 3.12449877 0.00312449877 2.91465378
621 1811 3.12989757 0.00312989757 2.91626409
621 1811 3.13262892 0.00313262892 2.91626409
621 1815 3.13361401 0.00313361401 2.92270531
621 1815 3.1335949 0.0031335949 2.92270531
621 1815 3.13360257 0.00313360257 2.92270531
621 1815 3.1336027 0.0031336027 2.92270531
621 1815 3.13360291 0.00313360291 2.92270531
621 1815 3.1336029 0.0031336029 2.92270531
620 1810 3.12775965 0.00312775965 2.91935484
620 1810 3.12777238 0.00312777238 2.91935484
620 1810 3.12776626 0.00312776626 2.91935484
620 1810 3.1277583 0.0031277583 2.91935484
620 1810 3.12776641 0.00312776641 2.91935484
620 1810 3.1277717 0.0031277717 2.91935484
620 1810 3.12777203 0.00312777203 2.91935484
620 1810 3.12777149 0.00312777149 2.91935484
620 1810 3.1277708 0.0031277708 2.91935484
620 1810 3.12777039 0.00312777039 2.91935484
619 1801 3.12180421 0.00312180421 2.9095315
619 1801 3.12176544 0.00312176544 2.9095315
619 1801 3.12176848 0.00312176848 2.9095315
619 1801 3.1217942 0.0031217942 2.9095315
619 1801 3.12180504 0.00312180504 2.9095315
619 1801 3.12180531 0.00312180531 2.9095315
619 1801 3.12180332 0.00312180332 2.9095315
619 1801 3.12180219 0.00312180219 2.9095315
619 1801 3.12180217 0.00312180217 2.9095315
619 1801 3.12180259 0.00312180259 2.9095315
618 1796 3.11508918 0.00311508918 2.90614887
618 1797 3.11161929 0.00311161929 2.90776699
618 1801 3.11758078 0.00311758078 2.91423948
618 1801 3.1175838 0.0031175838 2.91423948
618 1801 3.11758561 0.00311758561 2.91423948
618 1801 3.11759329 0.00311759329 2.91423948
618 1801 3.11759374 0.00311759374 2.91423948
618 1801 3.11759359 0.00311759359 2.91423948
618 1801 3.11759253 0.00311759253 2.91423948
618 1801 3.11759162 0.00311759162 2.91423948
617 1792 3.11156657 0.00311156657 2.90437601
617 1792 3.11154938 0.00311154938 2.90437601
617 1792 3.11151728 0.00311151728 2.90437601
617 1792 3.11151483 0.00311151483 2.90437601
617 1792 3.11151762 0.00311151762 2.90437601
617 1792 3.11152094 0.00311152094 2.90437601
617 1792 3.11152221 0.00311152221 2.90437601
617 1792 3.11152219 0.00311152219 2.90437601
617 1792 3.1115218 0.0031115218 2.90437601
617 1792 3.11152158 0.00311152158 2.90437601
616 1786 3.10473424 0.00310473424 2.89935065
616 1789 3.10440431 0.00310440431 2.90422078
615 1781 3.10162091 0.00310162091 2.89593496
615 1784 3.10187224 0.00310187224 2.90081301
615 1784 3.10182932 0.00310182932 2.90081301
615 1784 3.1018504 0.0031018504 2.90081301
615 1784 3.10183808 0.00310183808 2.90081301
615 1784 3.10183593 0.00310183593 2.90081301
615 1784 3.10183921 0.00310183921 2.90081301
615 1784 3.10184109 0.00310184109 2.90081301
614 1775 3.09572755 0.00309572755 2.89087948
614 1775 3.0957176 0.0030957176 2.89087948
614 1775 3.09568363 0.00309568363 2.89087948
614 1775 3.09568532 0.00309568532 2.89087948
614 1775 3.09569762 0.00309569762 2.89087948
614 1775 3.09570295 0.00309570295 2.89087948
614 1775 3.09570335 0.00309570335 2.89087948
614 1775 3.09570224 0.00309570224 2.89087948
614 1775 3.09570148 0.00309570148 2.89087948
614 1775 3.09570138 0.00309570138 2.89087948
613 1771 3.08895154 0.00308895154 2.88907015
613 1771 3.08894522 0.00308894522 2.88907015
613 1771 3.08894567 0.00308894567 2.88907015
613 1771 3.08896389 0.00308896389 2.88907015
613 1771 3.08896656 0.00308896656 2.88907015
613 1771 3.08896421 0.00308896421 2.88907015
613 1771 3.08896298 0.00308896298 2.88907015
613 1771 3.08896318 0.00308896318 2.88907015
613 1771 3.08896357 0.00308896357 2.88907015
613 1771 3.08896366 0.00308896366 2.88907015
612 1769 3.08203606 0.00308203606 2.89052288
612 1764 3.08184008 0.00308184008 2.88235294
612 1766 3.08371243 0.00308371243 2.88562092
612 1768 3.0850147 0.0030850147 2.88888889
612 1768 3.08498457 0.00308498457 2.88888889
612 1768 3.0849909 0.0030849909 2.88888889
612 1768 3.08500913 0.00308500913 2.88888889
612 1768 3.08501881 0.00308501881 2.88888889
612 1768 3.08501818 0.00308501818 2.88888889
612 1768 3.08501817 0.00308501817 2.88888889
611 1759 3.07863359 0.00307863359 2.87888707
611 1759 3.07860216 0.00307860216 2.87888707
611 1759 3.07856852 0.00307856852 2.87888707
611 1759 3.07859505 0.00307859505 2.87888707
611 1759 3.07857359 0.00307857359 2.87888707
611 1759 3.07859878 0.00307859878 2.87888707
611 1759 3.07857346 0.00307857346 2.87888707
611 1759 3.0785983 0.0030785983 2.87888707
611 1759 3.07857343 0.00307857343 2.87888707
611 1759 3.07859843 0.00307859843 2.87888707
610 1752 3.07198108 0.00307198108 2.87213115
610 1752 3.07200309 0.00307200309 2.87213115
610 1752 3.07200583 0.00307200583 2.87213115
610 1752 3.07200746 0.00307200746 2.87213115
610 1752 3.07201058 0.00307201058 2.87213115
610 1752 3.07201189 0.00307201189 2.87213115
610 1752 3.07201203 0.00307201203 2.87213115
610 1752 3.07201178 0.00307201178 2.87213115
610 1752 3.07201163 0.00307201163 2.87213115
610 1752 3.07201161 0.00307201161 2.87213115
609 1750 3.06549042 0.00306549042 2.87356322
609 1750 3.0654819 0.0030654819 2.87356322
609 1750 3.06544658 0.00306544658 2.87356322
609 1750 3.06544905 0.00306544905 2.87356322
609 1750 3.06545989 0.00306545989 2.87356322
609 1750 3.06546501 0.00306546501 2.87356322
609 1750 3.06546594 0.00306546594 2.87356322
609 1750 3.06546525 0.00306546525 2.87356322
609 1750 3.06546468 0.00306546468 2.87356322
609 1750 3.06546455 0.00306546455 2.87356322
608 1746 3.05863068 0.00305863068 2.87171053
608 1746 3.05867243 0.00305867243 2.87171053
608 1746 3.05866691 0.00305866691 2.87171053
608 1746 3.05867328 0.00305867328 2.87171053
608 1746 3.05868203 0.00305868203 2.87171053
608 1746 3.05868771 0.00305868771 2.87171053
608 1746 3.0586874 0.0030586874 2.87171053
608 1746 3.05868567 0.00305868567 2.87171053
608 1746 3.05868533 0.00305868533 2.87171053
608 1746 3.05868512 0.00305868512 2.87171053
607 1741 3.05136931 0.00305136931 2.86820428
606 1736 3.04913279 0.00304913279 2.86468647
606 1733 3.05320608 0.00305320608 2.85973597
606 1728 3.05531373 0.00305531373 2.85148515
606 1728 3.05537696 0.00305537696 2.85148515
606 1733 3.05504013 0.00305504013 2.85973597
606 1728 3.05536131 0.00305536131 2.85148515
606 1728 3.05538382 0.00305538382 2.85148515
606 1728 3.05537964 0.00305537964 2.85148515
606 1728 3.05537853 0.00305537853 2.85148515
605 1726 3.04886301 0.00304886301 2.85289256
605 1726 3.04885258 0.00304885258 2.85289256
605 1726 3.04881906 0.00304881906 2.85289256
605 1726 3.04882088 0.00304882088 2.85289256
605 1726 3.0488313 0.0030488313 2.85289256
605 1726 3.04883668 0.00304883668 2.85289256
605 1726 3.048838 0.003048838 2.85289256
605 1726 3.04883755 0.00304883755 2.85289256
605 1726 3.04883703 0.00304883703 2.85289256
605 1726 3.04883685 0.00304883685 2.85289256
604 1722 3.04202343 0.00304202343 2.85099338
604 1722 3.04200939 0.00304200939 2.85099338
604 1722 3.04197005 0.00304197005 2.85099338
604 1722 3.0419448 0.0030419448 2.85099338
604 1722 3.0419707 0.0030419707 2.85099338
604 1722 3.04200432 0.00304200432 2.85099338
604 1722 3.04202347 0.00304202347 2.85099338
604 1722 3.04202978 0.00304202978 2.85099338
604 1722 3.04203003 0.00304203003 2.85099338
604 1722 3.04202831 0.00304202831 2.85099338
603 1717 3.03457679 0.00303457679 2.84742952
603 1718 3.03454001 0.00303454001 2.84908789
603 1717 3.03458409 0.00303458409 2.84742952
603 1717 3.03449206 0.00303449206 2.84742952
603 1718 3.03448938 0.00303448938 2.84908789
603 1718 3.03455588 0.00303455588 2.84908789
603 1718 3.03459212 0.00303459212 2.84908789
603 1718 3.03458446 0.00303458446 2.84908789
603 1718 3.03457615 0.00303457615 2.84908789
603 1718 3.03457022 0.00303457022 2.84908789
602 1713 3.02729071 0.00302729071 2.84551495
602 1713 3.02726246 0.00302726246 2.84551495
602 1715 3.02721887 0.00302721887 2.84883721
602 1713 3.03108043 0.00303108043 2.84551495
602 1713 3.03107196 0.00303107196 2.84551495
602 1713 3.03099466 0.00303099466 2.84551495
602 1713 3.03098543 0.00303098543 2.84551495
602 1713 3.03096428 0.00303096428 2.84551495
602 1713 3.03092891 0.00303092891 2.84551495
602 1713 3.03096313 0.00303096313 2.84551495
601 1709 3.02365919 0.00302365919 2.84359401
601 1709 3.02364864 0.00302364864 2.84359401
601 1708 3.02349003 0.00302349003 2.84193012
601 1709 3.02354254 0.00302354254 2.84359401
601 1708 3.02344601 0.00302344601 2.84193012
601 1708 3.02339465 0.00302339465 2.84193012
601 1709 3.02362631 0.00302362631 2.84359401
601 1709 3.02367025 0.00302367025 2.84359401
601 1709 3.02369415 0.00302369415 2.84359401
601 1709 3.02368252 0.00302368252 2.84359401
600 1704 3.01627604 0.00301627604 2.84
600 1704 3.01630764 0.00301630764 2.84
600 1704 3.01627051 0.00301627051 2.84
600 1704 3.01622239 0.00301622239 2.84
600 1704 3.01625965 0.00301625965 2.84
600 1704 3.01630069 0.00301630069 2.84
600 1704 3.01630979 0.00301630979 2.84
600 1704 3.01630935 0.00301630935 2.84
600 1704 3.01630943 0.00301630943 2.84
600 1704 3.01631029 0.00301631029 2.84
599 1700 3.00862188 0.00300862188 2.83806344
598 1697 3.00537031 0.00300537031 2.83779264
598 1699 3.00485275 0.00300485275 2.84113712
598 1701 3.00693036 0.00300693036 2.84448161
598 1698 3.00205116 0.00300205116 2.83946488
598 1698 3.00156742 0.00300156742 2.83946488
598 1699 3.00771787 0.00300771787 2.84113712
598 1699 3.00772919 0.00300772919 2.84113712
598 1699 3.00774491 0.00300774491 2.84113712
598 1699 3.00774283 0.00300774283 2.84113712
597 1695 3.00119787 0.00300119787 2.83919598
597 1695 3.00118377 0.00300118377 2.83919598
597 1695 3.00115293 0.00300115293 2.83919598
597 1695 3.00113604 0.00300113604 2.83919598
597 1695 3.00115685 0.00300115685 2.83919598
597 1695 3.0011793 0.0030011793 2.83919598
597 1695 3.00119136 0.00300119136 2.83919598
597 1695 3.0011961 0.0030011961 2.83919598
597 1695 3.00119774 0.00300119774 2.83919598
597 1695 3.00119836 0.00300119836 2.83919598
596 1690 2.99437236 0.00299437236 2.83557047
596 1690 2.99441791 0.00299441791 2.83557047
596 1690 2.99430226 0.00299430226 2.83557047
596 1690 2.99429998 0.00299429998 2.83557047
596 1690 2.9943402 0.0029943402 2.83557047
596 1690 2.99436316 0.00299436316 2.83557047
596 1690 2.99432241 0.00299432241 2.83557047
596 1690 2.99433324 0.00299433324 2.83557047
596 1690 2.99433654 0.00299433654 2.83557047
596 1690 2.99435005 0.00299435005 2.83557047
595 1686 2.98717242 0.00298717242 2.83361345
595 1685 2.98666843 0.00298666843 2.83193277
595 1687 2.99352023 0.00299352023 2.83529412
595 1687 2.99358994 0.00299358994 2.83529412
595 1687 2.99359195 0.00299359195 2.83529412
595 1687 2.99357587 0.00299357587 2.83529412
595 1687 2.99356028 0.00299356028 2.83529412
595 1687 2.99355071 0.00299355071 2.83529412
595 1687 2.99354598 0.00299354598 2.83529412
595 1687 2.99354452 0.00299354452 2.83529412
594 1682 2.98664468 0.00298664468 2.83164983
594 1682 2.98669401 0.00298669401 2.83164983
594 1682 2.98658132 0.00298658132 2.83164983
594 1682 2.98657994 0.00298657994 2.83164983
594 1682 2.98661853 0.00298661853 2.83164983
594 1682 2.98664066 0.00298664066 2.83164983
594 1682 2.98660056 0.00298660056 2.83164983
594 1682 2.98661148 0.00298661148 2.83164983
594 1682 2.98661475 0.00298661475 2.83164983
594 1682 2.98662778 0.00298662778 2.83164983
593 1678 2.97949923 0.00297949923 2.8296796
593 1678 2.97951671 0.00297951671 2.8296796
593 1678 2.97955091 0.00297955091 2.8296796
593 1678 2.97955138 0.00297955138 2.8296796
593 1678 2.97955269 0.00297955269 2.8296796
593 1678 2.97955384 0.00297955384 2.8296796
593 1678 2.9795542 0.0029795542 2.8296796
593 1678 2.97955432 0.00297955432 2.8296796
593 1678 2.97955438 0.00297955438 2.8296796
593 1678 2.9795544 0.0029795544 2.8296796
592 1674 2.97186264 0.00297186264 2.8277027
592 1674 2.97183172 0.00297183172 2.8277027
592 1674 2.97186773 0.00297186773 2.8277027
592 1674 2.97186997 0.00297186997 2.8277027
592 1674 2.97187217 0.00297187217 2.8277027
592 1674 2.97187437 0.00297187437 2.8277027
592 1674 2.97187546 0.00297187546 2.8277027
592 1674 2.97187588 0.00297187588 2.8277027
592 1674 2.97187607 0.00297187607 2.8277027
592 1674 2.97187618 0.00297187618 2.8277027
591 1667 2.96390879 0.00296390879 2.82064298
591 1669 2.96385969 0.00296385969 2.82402707
591 1667 2.96383238 0.00296383238 2.82064298
591 1667 2.96388662 0.00296388662 2.82064298
591 1667 2.96389524 0.00296389524 2.82064298
591 1667 2.96388056 0.00296388056 2.82064298
591 1667 2.96388025 0.00296388025 2.82064298
591 1667 2.96388348 0.00296388348 2.82064298
591 1667 2.96389338 0.00296389338 2.82064298
591 1667 2.963881 0.002963881 2.82064298
590 1662 2.9557413 0.0029557413 2.81694915
590 1663 2.95571272 0.00295571272 2.81864407
590 1664 2.96363433 0.00296363433 2.82033898
590 1664 2.96431954 0.00296431954 2.82033898
590 1664 2.96421646 0.00296421646 2.82033898
590 1664 2.96420191 0.00296420191 2.82033898
590 1664 2.96419874 0.00296419874 2.82033898
590 1664 2.96419629 0.00296419629 2.82033898
590 1664 2.96419381 0.00296419381 2.82033898
590 1664 2.96419275 0.00296419275 2.82033898
589 1657 2.95648818 0.00295648818 2.81324278
589 1660 2.95638103 0.00295638103 2.81833616
589 1657 2.95649052 0.00295649052 2.81324278
589 1657 2.95650818 0.00295650818 2.81324278
589 1657 2.95650857 0.00295650857 2.81324278
589 1657 2.95651029 0.00295651029 2.81324278
589 1657 2.95651105 0.00295651105 2.81324278
589 1657 2.95651132 0.00295651132 2.81324278
589 1657 2.95651144 0.00295651144 2.81324278
589 1657 2.95651149 0.00295651149 2.81324278
588 1653 2.94865254 0.00294865254 2.81122449
588 1653 2.94861463 0.00294861463 2.81122449
588 1653 2.94860634 0.00294860634 2.81122449
588 1653 2.94863188 0.00294863188 2.81122449
588 1653 2.94864469 0.00294864469 2.81122449
588 1653 2.9486497 0.0029486497 2.81122449
588 1653 2.94865266 0.00294865266 2.81122449
588 1653 2.94865501 0.00294865501 2.81122449
588 1653 2.94865678 0.00294865678 2.81122449
588 1653 2.94865794 0.00294865794 2.81122449
587 1648 2.94045502 0.00294045502 2.80749574
587 1648 2.94047091 0.00294047091 2.80749574
587 1648 2.94041715 0.00294041715 2.80749574
587 1650 2.94046791 0.00294046791 2.8109029
587 1645 2.93477393 0.00293477393 2.80238501
587 1646 2.94264273 0.00294264273 2.80408859
587 1646 2.94261564 0.00294261564 2.80408859
587 1646 2.94261376 0.00294261376 2.80408859
587 1646 2.9426116 0.0029426116 2.80408859
587 1646 2.94261044 0.00294261044 2.80408859
586 1642 2.93482003 0.00293482003 2.80204778
586 1642 2.93478318 0.00293478318 2.80204778
586 1641 2.93457161 0.00293457161 2.8003413
586 1642 2.9347939 0.0029347939 2.80204778
586 1642 2.93482386 0.00293482386 2.80204778
586 1642 2.93482371 0.00293482371 2.80204778
586 1642 2.93482434 0.00293482434 2.80204778
586 1642 2.9348246 0.0029348246 2.80204778
586 1642 2.93482515 0.00293482515 2.80204778
586 1642 2.93482569 0.00293482569 2.80204778
585 1637 2.92674939 0.00292674939 2.7982906
585 1637 2.92676385 0.00292676385 2.7982906
585 1637 2.92675804 0.00292675804 2.7982906
585 1637 2.92673484 0.00292673484 2.7982906
585 1637 2.92674677 0.00292674677 2.7982906
585 1637 2.92674872 0.00292674872 2.7982906
585 1637 2.92674791 0.00292674791 2.7982906
585 1637 2.92674809 0.00292674809 2.7982906
585 1637 2.92674844 0.00292674844 2.7982906
585 1637 2.92674864 0.00292674864 2.7982906
584 1635 2.91879037 0.00291879037 2.79965753
584 1635 2.91876227 0.00291876227 2.79965753
584 1630 2.9186209 0.0029186209 2.79109589
584 1628 2.92669293 0.00292669293 2.78767123
583 1626 2.91888297 0.00291888297 2.7890223
583 1626 2.91888316 0.00291888316 2.7890223
583 1626 2.91886424 0.00291886424 2.7890223
583 1626 2.91887303 0.00291887303 2.7890223
583 1626 2.91888127 0.00291888127 2.7890223
583 1626 2.91888466 0.00291888466 2.7890223
582 1622 2.91083564 0.00291083564 2.78694158
582 1622 2.91084751 0.00291084751 2.78694158
582 1622 2.9107896 0.0029107896 2.78694158
582 1622 2.91077951 0.00291077951 2.78694158
582 1622 2.91079294 0.00291079294 2.78694158
582 1622 2.91078202 0.00291078202 2.78694158
582 1622 2.91079678 0.00291079678 2.78694158
582 1622 2.91078495 0.00291078495 2.78694158
582 1622 2.9107988 0.0029107988 2.78694158
582 1622 2.9107861 0.0029107861 2.78694158
581 1615 2.90251578 0.00290251578 2.77969019
581 1615 2.90246583 0.00290246583 2.77969019
581 1619 2.90254877 0.00290254877 2.78657487
580 1617 2.89566423 0.00289566423 2.78793103
580 1616 2.90102524 0.00290102524 2.7862069
580 1616 2.90259904 0.00290259904 2.7862069
580 1617 2.90328219 0.00290328219 2.78793103
580 1617 2.90326193 0.00290326193 2.78793103
580 1617 2.9032597 0.0029032597 2.78793103
580 1617 2.90327195 0.00290327195 2.78793103
579 1614 2.8955009 0.0028955009 2.78756477
579 1614 2.89455741 0.00289455741 2.78756477
579 1618 2.89905864 0.00289905864 2.79447323
578 1615 2.89239417 0.00289239417 2.79411765
578 1612 2.89349665 0.00289349665 2.78892734
578 1613 2.89774723 0.00289774723 2.79065744
578 1611 2.89890604 0.00289890604 2.78719723
578 1611 2.89268878 0.00289268878 2.78719723
577 1607 2.89267293 0.00289267293 2.78509532
577 1609 2.89294321 0.00289294321 2.78856153
576 1607 2.88607295 0.00288607295 2.78993056
576 1607 2.88602762 0.00288602762 2.78993056
576 1607 2.88603427 0.00288603427 2.78993056
576 1607 2.88603121 0.00288603121 2.78993056
576 1607 2.88603852 0.00288603852 2.78993056
576 1607 2.88604708 0.00288604708 2.78993056
576 1607 2.88605207 0.00288605207 2.78993056
576 1607 2.88605587 0.00288605587 2.78993056
576 1607 2.88605865 0.00288605865 2.78993056
576 1607 2.88606087 0.00288606087 2.78993056
575 1602 2.87852426 0.00287852426 2.78608696
575 1605 2.87659931 0.00287659931 2.79130435
575 1602 2.8787633 0.0028787633 2.78608696
575 1601 2.8761222 0.0028761222 2.78434783
575 1602 2.87925868 0.00287925868 2.78608696
575 1601 2.87280481 0.00287280481 2.78434783
575 1602 2.87881803 0.00287881803 2.78608696
574 1598 2.87276621 0.00287276621 2.78397213
574 1598 2.87268972 0.00287268972 2.78397213
574 1598 2.8726714 0.0028726714 2.78397213
573 1595 2.86567176 0.00286567176 2.78359511
573 1595 2.86567566 0.00286567566 2.78359511
573 1595 2.86564737 0.00286564737 2.78359511
573 1595 2.86564386 0.00286564386 2.78359511
573 1595 2.86563948 0.00286563948 2.78359511
573 1595 2.86563605 0.00286563605 2.78359511
573 1595 2.86563405 0.00286563405 2.78359511
573 1595 2.86563301 0.00286563301 2.78359511
573 1595 2.8656325 0.0028656325 2.78359511
573 1595 2.86563228 0.00286563228 2.78359511
572 1593 2.85852925 0.00285852925 2.78496503
572 1593 2.85851499 0.00285851499 2.78496503
572 1593 2.85851068 0.00285851068 2.78496503
572 1593 2.8585107 0.0028585107 2.78496503
572 1593 2.85851074 0.00285851074 2.78496503
572 1593 2.85851083 0.00285851083 2.78496503
572 1593 2.85851087 0.00285851087 2.78496503
572 1593 2.8585109 0.0028585109 2.78496503
572 1593 2.85851093 0.00285851093 2.78496503
572 1593 2.85851095 0.00285851095 2.78496503
571 1588 2.85104796 0.00285104796 2.78108581
571 1588 2.85104946 0.00285104946 2.78108581
571 1588 2.85107101 0.00285107101 2.78108581
571 1588 2.85107016 0.00285107016 2.78108581
571 1588 2.85106998 0.00285106998 2.78108581
571 1588 2.85107062 0.00285107062 2.78108581
571 1588 2.85107122 0.00285107122 2.78108581
571 1588 2.85107188 0.00285107188 2.78108581
571 1588 2.85107256 0.00285107256 2.78108581
571 1588 2.85107321 0.00285107321 2.78108581
570 1583 2.84295872 0.00284295872 2.77719298
570 1583 2.84291646 0.00284291646 2.77719298
570 1583 2.84291779 0.00284291779 2.77719298
570 1583 2.84291807 0.00284291807 2.77719298
570 1583 2.84291906 0.00284291906 2.77719298
570 1583 2.84291984 0.00284291984 2.77719298
570 1583 2.84292043 0.00284292043 2.77719298
570 1583 2.84292087 0.00284292087 2.77719298
570 1583 2.84292122 0.00284292122 2.77719298
570 1583 2.84292149 0.00284292149 2.77719298
569 1576 2.83438601 0.00283438601 2.76977153
569 1581 2.83383766 0.00283383766 2.77855888
569 1576 2.83438774 0.00283438774 2.76977153
569 1576 2.83439105 0.00283439105 2.76977153
569 1576 2.83437744 0.00283437744 2.76977153
569 1576 2.83437413 0.00283437413 2.76977153
569 1576 2.83437157 0.00283437157 2.76977153
569 1576 2.83436973 0.00283436973 2.76977153
569 1576 2.83436838 0.00283436838 2.76977153
569 1576 2.83436737 0.00283436737 2.76977153
568 1574 2.82601541 0.00282601541 2.77112676
568 1574 2.82598348 0.00282598348 2.77112676
568 1574 2.82604774 0.00282604774 2.77112676
568 1574 2.82603603 0.00282603603 2.77112676
568 1574 2.82604705 0.00282604705 2.77112676
568 1574 2.82603253 0.00282603253 2.77112676
568 1574 2.82603224 0.00282603224 2.77112676
568 1574 2.8260316 0.0028260316 2.77112676
568 1574 2.82603054 0.00282603054 2.77112676
568 1574 2.82602979 0.00282602979 2.77112676
567 1569 2.81739789 0.00281739789 2.76719577
566 1562 2.81699822 0.00281699822 2.75971731
566 1562 2.81697731 0.00281697731 2.75971731
566 1562 2.81698094 0.00281698094 2.75971731
566 1562 2.81698158 0.00281698158 2.75971731
566 1562 2.81698285 0.00281698285 2.75971731
566 1562 2.81698448 0.00281698448 2.75971731
566 1562 2.81698592 0.00281698592 2.75971731
566 1562 2.81698713 0.00281698713 2.75971731
566 1562 2.8169881 0.0028169881 2.75971731
565 1558 2.80848417 0.00280848417 2.75752212
565 1558 2.80528691 0.00280528691 2.75752212
565 1556 2.80938659 0.00280938659 2.7539823
565 1560 2.80956754 0.00280956754 2.76106195
565 1564 2.81172034 0.00281172034 2.76814159
565 1564 2.8151204 0.0028151204 2.76814159
564 1559 2.80851319 0.00280851319 2.7641844
564 1558 2.80835958 0.00280835958 2.76241135
564 1555 2.80845436 0.00280845436 2.7570922
563 1552 2.80267813 0.00280267813 2.75666075
562 1548 2.79580067 0.00279580067 2.7544484
561 1546 2.78892976 0.00278892976 2.75579323
561 1546 2.78894559 0.00278894559 2.75579323
561 1546 2.78893814 0.00278893814 2.75579323
561 1546 2.7889101 0.0027889101 2.75579323
561 1546 2.78888615 0.00278888615 2.75579323
561 1546 2.78886696 0.00278886696 2.75579323
561 1546 2.78885147 0.00278885147 2.75579323
561 1546 2.78883875 0.00278883875 2.75579323
561 1546 2.78882798 0.00278882798 2.75579323
560 1541 2.78109804 0.00278109804 2.75178571
560 1541 2.78104261 0.00278104261 2.75178571
560 1541 2.78104367 0.00278104367 2.75178571
560 1541 2.78104277 0.00278104277 2.75178571
560 1541 2.78104439 0.00278104439 2.75178571
560 1541 2.78104556 0.00278104556 2.75178571
560 1541 2.78104655 0.00278104655 2.75178571
560 1541 2.78104744 0.00278104744 2.75178571
560 1541 2.78104822 0.00278104822 2.75178571
560 1541 2.78104889 0.00278104889 2.75178571
559 1539 2.77254827 0.00277254827 2.75313059
559 1539 2.77255539 0.00277255539 2.75313059
559 1534 2.77186158 0.00277186158 2.74418605
559 1539 2.77257998 0.00277257998 2.75313059
559 1539 2.77258459 0.00277258459 2.75313059
559 1539 2.77258095 0.00277258095 2.75313059
559 1539 2.77258041 0.00277258041 2.75313059
559 1539 2.77257986 0.00277257986 2.75313059
559 1539 2.77257933 0.00277257933 2.75313059
559 1539 2.77257888 0.00277257888 2.75313059
558 1532 2.76408267 0.00276408267 2.74551971
558 1532 2.76406014 0.00276406014 2.74551971
558 1532 2.76403394 0.00276403394 2.74551971
558 1532 2.76402952 0.00276402952 2.74551971
558 1532 2.7640619 0.0027640619 2.74551971
558 1532 2.76402007 0.00276402007 2.74551971
558 1532 2.76401895 0.00276401895 2.74551971
558 1532 2.76405349 0.00276405349 2.74551971
558 1532 2.76401415 0.00276401415 2.74551971
558 1532 2.76401476 0.00276401476 2.74551971
557 1529 2.75499614 0.00275499614 2.74506284
557 1529 2.75503152 0.00275503152 2.74506284
557 1529 2.75503471 0.00275503471 2.74506284
557 1529 2.75503558 0.00275503558 2.74506284
557 1529 2.75500877 0.00275500877 2.74506284
557 1529 2.75502707 0.00275502707 2.74506284
557 1529 2.75500871 0.00275500871 2.74506284
557 1529 2.75502765 0.00275502765 2.74506284
557 1529 2.7550089 0.0027550089 2.74506284
557 1529 2.75502821 0.00275502821 2.74506284
556 1525 2.74562579 0.00274562579 2.74280576
556 1525 2.74560996 0.00274560996 2.74280576
556 1525 2.74561059 0.00274561059 2.74280576
556 1525 2.74560964 0.00274560964 2.74280576
556 1525 2.74560819 0.00274560819 2.74280576
556 1525 2.7456072 0.0027456072 2.74280576
556 1525 2.74560647 0.00274560647 2.74280576
556 1525 2.74560592 0.00274560592 2.74280576
556 1525 2.74560552 0.00274560552 2.74280576
556 1525 2.74560521 0.00274560521 2.74280576
555 1519 2.7360869 0.0027360869 2.73693694
555 1522 2.73593221 0.00273593221 2.74234234
555 1520 2.74379551 0.00274379551 2.73873874
555 1517 2.74394911 0.00274394911 2.73333333
554 1514 2.73499423 0.00273499423 2.73285199
554 1514 2.73493808 0.00273493808 2.73285199
554 1514 2.73488672 0.00273488672 2.73285199
554 1514 2.73485461 0.00273485461 2.73285199
554 1514 2.73482601 0.00273482601 2.73285199
554 1514 2.73481704 0.00273481704 2.73285199
553 1510 2.72520876 0.00272520876 2.73056058
553 1510 2.72519866 0.00272519866 2.73056058
553 1509 2.72488452 0.00272488452 2.72875226
552 1503 2.71583699 0.00271583699 2.72282609
552 1503 2.71567343 0.00271567343 2.72282609
552 1503 2.71553294 0.00271553294 2.72282609
552 1503 2.71540556 0.00271540556 2.72282609
552 1503 2.71528188 0.00271528188 2.72282609
552 1503 2.71515645 0.00271515645 2.72282609
552 1503 2.71502349 0.00271502349 2.72282609
551 1499 2.70574635 0.00270574635 2.72050817
551 1499 2.70569381 0.00270569381 2.72050817
551 1499 2.70563295 0.00270563295 2.72050817
551 1499 2.70556888 0.00270556888 2.72050817
551 1499 2.70549518 0.00270549518 2.72050817
551 1499 2.70541061 0.00270541061 2.72050817
551 1499 2.70531217 0.00270531217 2.72050817
551 1499 2.70519517 0.00270519517 2.72050817
551 1499 2.70505289 0.00270505289 2.72050817
551 1499 2.70487546 0.00270487546 2.72050817
550 1493 2.69485213 0.00269485213 2.71454545
550 1496 2.69121037 0.00269121037 2.72
550 1494 2.69783282 0.00269783282 2.71636364
550 1496 2.69778494 0.00269778494 2.72
550 1496 2.69684581 0.00269684581 2.72
550 1496 2.6950508 0.0026950508 2.72
550 1496 2.69154077 0.00269154077 2.72
550 1496 2.68345443 0.00268345443 2.72
550 1496 2.65999855 0.00265999855 2.72
550 1494 2.44780307e-10 2.44780307e-13 2.71636364
549 1491 9.99200722e-13 9.99200722e-16 2.71584699
549 1492 0 0 2.71766849
allocating memory...
allocating memory...
allocating memory...
allocating memory...
allocating memory...
allocating memory...
allocating memory...
allocating memory...
allocating memory...
allocating memory...
allocating memory...
allocating memory...
walksat version 35
command line = test -solcnf -cutoff 100000000 -best -seed 1234567 -numsol 10 ./residualformula_seed20.cnf
seed = 1234567
cutoff = 100000000
tries = 10
heuristic = best, noise 50 / 100
tail starts after flip = 3000
numatom = 1000, numclause = 1492, numliterals = 3845
wff read in

    lowest     final       avg     noise     noise     total                 avg        mean        mean
    #unsat    #unsat     noise   std dev     ratio     flips              length       flips       flips
      this      this      this      this      this      this   success   success       until         std
       try       try       try       try       try       try      rate     tries      assign         dev

         0         0      1.77      1.20      1.48      5056       100      5056     5056.00
         0         0      1.81      1.27      1.42     11540       100      8298     8298.00     4584.88
         0         0      2.56      1.77      1.44     24586       100     13727    13727.33     9947.04
         0         0      2.63      1.96      1.34      8583       100     12441    12441.25     8519.30
         0         0      0.00      0.00      0.00      2949       100     10542    10542.80     8512.01
         0         0      1.60      1.03      1.56      7623       100     10056    10056.17     7706.13
         0         0      3.09      1.65      1.88      3373       100      9101     9101.43     7474.47
         0         0      1.91      1.36      1.41     12732       100      9555     9555.25     7038.05
         0         0      2.57      1.70      1.51      7213       100      9295     9295.00     6629.63
         0         0      2.04      1.46      1.40     21664       100     10531    10531.90     7373.44

total elapsed seconds = 0.000000
average flips per second = -9223372036854775808
number solutions found = 10
final success rate = 100.000000
average length successful tries = 10531
mean flips until assign = 10531.900000
  variance = 54367643.655556
  standard deviation = 7373.441778
  standard error of mean = 2331.687021
mean seconds until assign = 0.000000
  variance = 0.000000
  standard deviation = 0.000000
  standard error of mean = 0.000000
mean restarts until assign = 1.000000
  variance = 0.000000
  standard deviation = 0.000000
  standard error of mean = 0.000000
final noise level statistics
    statistics over all runs:
      overall mean average noise level = 2.220919
      overall mean noise std deviation = 1.487924
      overall ratio mean noise to mean std dev = 1.492629
    statistics on successful runs:
      successful mean average noise level = 2.220919
      successful mean noise std deviation = 1.487924
      successful ratio mean noise to mean std dev = 1.492629
    statistics on nonsuccessful runs:
      nonsuccessful mean average noise level = 0.000000
      nonsuccessful mean noise std deviation = 0.000000
      nonsuccessful ratio mean noise to mean std dev = 0.000000
ASSIGNMENT FOUND
Check and white a solution
time of whitening    freezing probability
10	 	 	 	1
10	 	 	 	1
10	 	 	 	1
13	 	 	 	1
10	 	 	 	1
14	 	 	 	1
17	 	 	 	1
9	 	 	 	1
16	 	 	 	1
10	 	 	 	1
