START ALGORITHM:
I am going to build an instance with N: 1000 variables and 4200 clauses with a clause density equal to 4.2
START BSP WITH r=0.9:
Decimation scorer: cert
END UNIT PROPAGATION
1000 4200 2.87550251 0.00287550251 4.2
1000 4200 2.87492149 0.00287492149 4.2
1000 4200 2.87586506 0.00287586506 4.2
1000 4200 2.87575391 0.00287575391 4.2
1000 4200 2.87535766 0.00287535766 4.2
1000 4200 2.87571356 0.00287571356 4.2
1000 4200 2.87576474 0.00287576474 4.2
1000 4200 2.87570089 0.00287570089 4.2
1000 4200 2.87557658 0.00287557658 4.2
999 4198 2.87471667 0.00287471667 4.2022022
999 4198 2.87466796 0.00287466796 4.2022022
999 4198 2.87462905 0.00287462905 4.2022022
999 4198 2.87462082 0.00287462082 4.2022022
999 4198 2.8746368 0.0028746368 4.2022022
999 4198 2.87461728 0.00287461728 4.2022022
999 4198 2.87463319 0.00287463319 4.2022022
999 4195 2.87563476 0.00287563476 4.1991992
999 4195 2.87563715 0.00287563715 4.1991992
999 4195 2.87563805 0.00287563805 4.1991992
998 4190 2.87030424 0.00287030424 4.19839679
998 4190 2.87426676 0.00287426676 4.19839679
998 4190 2.87427393 0.00287427393 4.19839679
998 4190 2.8742855 0.0028742855 4.19839679
998 4190 2.87427479 0.00287427479 4.19839679
998 4190 2.87427056 0.00287427056 4.19839679
998 4193 2.87464457 0.00287464457 4.20140281
998 4193 2.87463709 0.00287463709 4.20140281
998 4193 2.87463726 0.00287463726 4.20140281
998 4193 2.87464195 0.00287464195 4.20140281
997 4183 2.87036011 0.00287036011 4.19558676
997 4183 2.87035634 0.00287035634 4.19558676
997 4183 2.87036333 0.00287036333 4.19558676
997 4183 2.87041671 0.00287041671 4.19558676
997 4188 2.87326127 0.00287326127 4.20060181
997 4188 2.87326624 0.00287326624 4.20060181
997 4188 2.87325101 0.00287325101 4.20060181
997 4188 2.87326138 0.00287326138 4.20060181
997 4188 2.87325727 0.00287325727 4.20060181
997 4188 2.87329717 0.00287329717 4.20060181
996 4177 2.86814221 0.00286814221 4.1937751
996 4177 2.86815406 0.00286815406 4.1937751
996 4177 2.86811743 0.00286811743 4.1937751
996 4177 2.86814331 0.00286814331 4.1937751
996 4177 2.86818471 0.00286818471 4.1937751
996 4178 2.86898232 0.00286898232 4.19477912
996 4178 2.8689787 0.0028689787 4.19477912
996 4178 2.86898126 0.00286898126 4.19477912
996 4178 2.8689669 0.0028689669 4.19477912
996 4178 2.86899107 0.00286899107 4.19477912
995 4169 2.8635711 0.0028635711 4.18994975
995 4169 2.86356986 0.00286356986 4.18994975
995 4173 2.86368446 0.00286368446 4.19396985
995 4170 2.86320198 0.00286320198 4.19095477
995 4170 2.86318422 0.00286318422 4.19095477
995 4168 2.86473795 0.00286473795 4.18894472
995 4168 2.86468237 0.00286468237 4.18894472
995 4168 2.86482648 0.00286482648 4.18894472
995 4168 2.86474472 0.00286474472 4.18894472
995 4168 2.86476941 0.00286476941 4.18894472
994 4157 2.85963752 0.00285963752 4.18209256
994 4157 2.85963084 0.00285963084 4.18209256
994 4157 2.85962519 0.00285962519 4.18209256
994 4157 2.85968789 0.00285968789 4.18209256
994 4157 2.85965174 0.00285965174 4.18209256
994 4157 2.85964711 0.00285964711 4.18209256
994 4157 2.85961696 0.00285961696 4.18209256
994 4157 2.85954941 0.00285954941 4.18209256
994 4157 2.85967897 0.00285967897 4.18209256
994 4157 2.85967525 0.00285967525 4.18209256
993 4150 2.85444718 0.00285444718 4.17925478
993 4150 2.85441371 0.00285441371 4.17925478
993 4150 2.85440231 0.00285440231 4.17925478
993 4152 2.8567731 0.0028567731 4.18126888
993 4152 2.85678694 0.00285678694 4.18126888
993 4152 2.85678488 0.00285678488 4.18126888
993 4152 2.85677226 0.00285677226 4.18126888
993 4152 2.8567896 0.0028567896 4.18126888
993 4152 2.8567923 0.0028567923 4.18126888
993 4152 2.85678518 0.00285678518 4.18126888
992 4144 2.84961788 0.00284961788 4.17741935
992 4144 2.84964647 0.00284964647 4.17741935
992 4147 2.85151755 0.00285151755 4.18044355
992 4142 2.85254301 0.00285254301 4.17540323
992 4142 2.8525483 0.0028525483 4.17540323
992 4142 2.85255854 0.00285255854 4.17540323
992 4142 2.85254996 0.00285254996 4.17540323
992 4142 2.85256044 0.00285256044 4.17540323
992 4142 2.85255194 0.00285255194 4.17540323
992 4142 2.85256575 0.00285256575 4.17540323
991 4137 2.84727713 0.00284727713 4.17457114
991 4137 2.847316 0.002847316 4.17457114
991 4137 2.84731272 0.00284731272 4.17457114
991 4137 2.8472399 0.0028472399 4.17457114
991 4137 2.84726529 0.00284726529 4.17457114
991 4137 2.84726199 0.00284726199 4.17457114
991 4137 2.84730534 0.00284730534 4.17457114
991 4137 2.84728219 0.00284728219 4.17457114
991 4137 2.84729559 0.00284729559 4.17457114
991 4137 2.84728855 0.00284728855 4.17457114
990 4130 2.84103661 0.00284103661 4.17171717
990 4128 2.84195962 0.00284195962 4.16969697
990 4128 2.84203386 0.00284203386 4.16969697
990 4131 2.84214522 0.00284214522 4.17272727
990 4131 2.84211183 0.00284211183 4.17272727
990 4131 2.84219761 0.00284219761 4.17272727
990 4131 2.84214715 0.00284214715 4.17272727
990 4131 2.84221695 0.00284221695 4.17272727
990 4129 2.84217732 0.00284217732 4.17070707
990 4129 2.84213834 0.00284213834 4.17070707
989 4124 2.83694935 0.00283694935 4.16986855
989 4124 2.83702632 0.00283702632 4.16986855
989 4124 2.83701996 0.00283701996 4.16986855
989 4124 2.83703566 0.00283703566 4.16986855
989 4124 2.8370347 0.0028370347 4.16986855
989 4124 2.83704346 0.00283704346 4.16986855
989 4124 2.83698019 0.00283698019 4.16986855
989 4124 2.83701366 0.00283701366 4.16986855
989 4124 2.83694692 0.00283694692 4.16986855
989 4124 2.83695884 0.00283695884 4.16986855
988 4117 2.83064732 0.00283064732 4.16700405
988 4117 2.83072687 0.00283072687 4.16700405
988 4115 2.83177805 0.00283177805 4.16497976
988 4115 2.83176677 0.00283176677 4.16497976
988 4115 2.83175278 0.00283175278 4.16497976
988 4115 2.83175357 0.00283175357 4.16497976
988 4115 2.83175459 0.00283175459 4.16497976
988 4115 2.83178562 0.00283178562 4.16497976
988 4115 2.83181638 0.00283181638 4.16497976
988 4115 2.83176684 0.00283176684 4.16497976
987 4106 2.82302166 0.00282302166 4.16008105
987 4106 2.82303611 0.00282303611 4.16008105
987 4100 2.82416997 0.00282416997 4.15400203
987 4108 2.82553756 0.00282553756 4.1621074
987 4108 2.82902246 0.00282902246 4.1621074
987 4108 2.8289467 0.0028289467 4.1621074
987 4108 2.8289454 0.0028289454 4.1621074
987 4108 2.8289426 0.0028289426 4.1621074
987 4108 2.82901606 0.00282901606 4.1621074
987 4108 2.82900278 0.00282900278 4.1621074
986 4101 2.82276914 0.00282276914 4.15922921
986 4101 2.82273442 0.00282273442 4.15922921
986 4101 2.82278836 0.00282278836 4.15922921
986 4101 2.82273927 0.00282273927 4.15922921
986 4101 2.8226931 0.0028226931 4.15922921
986 4101 2.82278638 0.00282278638 4.15922921
986 4101 2.82282439 0.00282282439 4.15922921
986 4101 2.82274917 0.00282274917 4.15922921
986 4101 2.82277682 0.00282277682 4.15922921
986 4101 2.82278573 0.00282278573 4.15922921
985 4092 2.81674599 0.00281674599 4.15431472
985 4092 2.81681201 0.00281681201 4.15431472
985 4092 2.81674466 0.00281674466 4.15431472
985 4092 2.81675671 0.00281675671 4.15431472
985 4092 2.81677661 0.00281677661 4.15431472
985 4092 2.81670935 0.00281670935 4.15431472
985 4092 2.81679354 0.00281679354 4.15431472
985 4092 2.81680619 0.00281680619 4.15431472
985 4092 2.81670323 0.00281670323 4.15431472
985 4092 2.81677176 0.00281677176 4.15431472
984 4084 2.80972236 0.00280972236 4.1504065
984 4084 2.80972006 0.00280972006 4.1504065
984 4084 2.80974987 0.00280974987 4.1504065
984 4084 2.80978522 0.00280978522 4.1504065
984 4084 2.80979341 0.00280979341 4.1504065
984 4084 2.80982574 0.00280982574 4.1504065
984 4084 2.80984181 0.00280984181 4.1504065
984 4084 2.80973231 0.00280973231 4.1504065
984 4084 2.80973609 0.00280973609 4.1504065
984 4084 2.80966316 0.00280966316 4.1504065
983 4069 2.80213398 0.00280213398 4.13936928
983 4069 2.80207109 0.00280207109 4.13936928
983 4069 2.80211535 0.00280211535 4.13936928
983 4069 2.80216893 0.00280216893 4.13936928
983 4069 2.80204364 0.00280204364 4.13936928
983 4068 2.80251353 0.00280251353 4.13835198
983 4068 2.80258887 0.00280258887 4.13835198
983 4068 2.8024614 0.0028024614 4.13835198
983 4068 2.80260404 0.00280260404 4.13835198
983 4068 2.80248015 0.00280248015 4.13835198
982 4056 2.7935264 0.0027935264 4.13034623
982 4056 2.79347993 0.00279347993 4.13034623
982 4053 2.79491815 0.00279491815 4.12729124
982 4053 2.79496467 0.00279496467 4.12729124
982 4053 2.79489768 0.00279489768 4.12729124
982 4053 2.79486215 0.00279486215 4.12729124
982 4053 2.79489555 0.00279489555 4.12729124
982 4053 2.79496061 0.00279496061 4.12729124
982 4053 2.79486151 0.00279486151 4.12729124
982 4053 2.79496198 0.00279496198 4.12729124
981 4043 2.78438167 0.00278438167 4.12130479
981 4045 2.78664365 0.00278664365 4.12334353
981 4045 2.78678038 0.00278678038 4.12334353
981 4045 2.78664301 0.00278664301 4.12334353
981 4045 2.78668164 0.00278668164 4.12334353
981 4045 2.78669866 0.00278669866 4.12334353
981 4045 2.78668921 0.00278668921 4.12334353
981 4045 2.78669276 0.00278669276 4.12334353
981 4045 2.7865642 0.0027865642 4.12334353
981 4045 2.78676176 0.00278676176 4.12334353
980 4032 2.77755943 0.00277755943 4.11428571
980 4032 2.77758283 0.00277758283 4.11428571
980 4031 2.77437216 0.00277437216 4.11326531
980 4038 2.77867202 0.00277867202 4.12040816
980 4038 2.77861414 0.00277861414 4.12040816
980 4038 2.7786084 0.0027786084 4.12040816
980 4038 2.77864199 0.00277864199 4.12040816
980 4038 2.77859937 0.00277859937 4.12040816
980 4038 2.77864584 0.00277864584 4.12040816
980 4038 2.77869486 0.00277869486 4.12040816
979 4029 2.7697868 0.0027697868 4.1154239
979 4029 2.76981041 0.00276981041 4.1154239
979 4029 2.76976536 0.00276976536 4.1154239
979 4029 2.76984741 0.00276984741 4.1154239
979 4029 2.76976266 0.00276976266 4.1154239
979 4029 2.76975685 0.00276975685 4.1154239
979 4029 2.76969971 0.00276969971 4.1154239
979 4029 2.76978498 0.00276978498 4.1154239
979 4029 2.76976643 0.00276976643 4.1154239
979 4029 2.76978426 0.00276978426 4.1154239
978 4021 2.75862227 0.00275862227 4.11145194
978 4016 2.76057649 0.00276057649 4.10633947
978 4016 2.76055048 0.00276055048 4.10633947
978 4016 2.76068136 0.00276068136 4.10633947
978 4016 2.76077745 0.00276077745 4.10633947
978 4016 2.76089192 0.00276089192 4.10633947
978 4016 2.76073632 0.00276073632 4.10633947
978 4016 2.76083284 0.00276083284 4.10633947
978 4016 2.76065475 0.00276065475 4.10633947
978 4017 2.7606865 0.0027606865 4.10736196
977 4009 2.75078162 0.00275078162 4.10337769
977 4009 2.75069435 0.00275069435 4.10337769
977 4004 2.75179944 0.00275179944 4.09825998
977 4004 2.75158016 0.00275158016 4.09825998
977 4002 2.75230471 0.00275230471 4.0962129
977 4002 2.75215913 0.00275215913 4.0962129
977 4002 2.75223151 0.00275223151 4.0962129
977 4002 2.75224334 0.00275224334 4.0962129
977 4002 2.75216664 0.00275216664 4.0962129
977 4002 2.75220958 0.00275220958 4.0962129
976 3992 2.74204159 0.00274204159 4.09016393
976 3992 2.74177777 0.00274177777 4.09016393
976 3990 2.74330553 0.00274330553 4.08811475
976 3990 2.74327452 0.00274327452 4.08811475
976 3990 2.74318281 0.00274318281 4.08811475
976 3990 2.74316791 0.00274316791 4.08811475
976 3990 2.74308025 0.00274308025 4.08811475
976 3992 2.74392888 0.00274392888 4.09016393
976 3992 2.74404028 0.00274404028 4.09016393
976 3992 2.74397507 0.00274397507 4.09016393
975 3980 2.73324303 0.00273324303 4.08205128
975 3980 2.73504717 0.00273504717 4.08205128
975 3980 2.73493272 0.00273493272 4.08205128
975 3980 2.73491284 0.00273491284 4.08205128
975 3980 2.73498658 0.00273498658 4.08205128
975 3980 2.73491931 0.00273491931 4.08205128
975 3980 2.73501457 0.00273501457 4.08205128
975 3980 2.73504139 0.00273504139 4.08205128
975 3983 2.73872865 0.00273872865 4.08512821
975 3983 2.73872968 0.00273872968 4.08512821
974 3973 2.72853951 0.00272853951 4.07905544
974 3973 2.72852862 0.00272852862 4.07905544
974 3973 2.72848684 0.00272848684 4.07905544
974 3973 2.72846615 0.00272846615 4.07905544
974 3973 2.72842465 0.00272842465 4.07905544
974 3973 2.72856298 0.00272856298 4.07905544
974 3971 2.72979843 0.00272979843 4.07700205
974 3971 2.72953661 0.00272953661 4.07700205
974 3971 2.72944856 0.00272944856 4.07700205
974 3971 2.72983419 0.00272983419 4.07700205
973 3963 2.71699647 0.00271699647 4.0729702
973 3965 2.71859763 0.00271859763 4.07502569
973 3965 2.71881821 0.00271881821 4.07502569
973 3965 2.72032162 0.00272032162 4.07502569
973 3965 2.72024195 0.00272024195 4.07502569
973 3965 2.72022418 0.00272022418 4.07502569
973 3965 2.72033619 0.00272033619 4.07502569
973 3965 2.72015684 0.00272015684 4.07502569
973 3965 2.72032891 0.00272032891 4.07502569
973 3965 2.72043178 0.00272043178 4.07502569
972 3957 2.71045782 0.00271045782 4.07098765
972 3957 2.71033457 0.00271033457 4.07098765
972 3957 2.71039128 0.00271039128 4.07098765
972 3957 2.71040431 0.00271040431 4.07098765
972 3957 2.71035421 0.00271035421 4.07098765
972 3957 2.71029679 0.00271029679 4.07098765
972 3957 2.71037866 0.00271037866 4.07098765
972 3957 2.71028955 0.00271028955 4.07098765
972 3957 2.71036293 0.00271036293 4.07098765
972 3957 2.71037591 0.00271037591 4.07098765
971 3947 2.6986204 0.0026986204 4.06488157
971 3951 2.69943888 0.00269943888 4.06900103
971 3951 2.699421 0.002699421 4.06900103
971 3951 2.69952201 0.00269952201 4.06900103
971 3951 2.69957944 0.00269957944 4.06900103
971 3951 2.69940126 0.00269940126 4.06900103
971 3951 2.69956148 0.00269956148 4.06900103
971 3951 2.69957979 0.00269957979 4.06900103
971 3951 2.69940928 0.00269940928 4.06900103
971 3951 2.69945274 0.00269945274 4.06900103
970 3939 2.68853049 0.00268853049 4.06082474
970 3939 2.68860103 0.00268860103 4.06082474
970 3939 2.68851665 0.00268851665 4.06082474
970 3946 2.68860489 0.00268860489 4.06804124
970 3946 2.68848824 0.00268848824 4.06804124
970 3946 2.68849301 0.00268849301 4.06804124
970 3946 2.68853801 0.00268853801 4.06804124
970 3946 2.68853907 0.00268853907 4.06804124
970 3946 2.68849851 0.00268849851 4.06804124
970 3946 2.68858381 0.00268858381 4.06804124
969 3938 2.67716816 0.00267716816 4.06398349
969 3938 2.67748104 0.00267748104 4.06398349
969 3938 2.67717563 0.00267717563 4.06398349
969 3934 2.67733531 0.00267733531 4.05985552
969 3934 2.67753442 0.00267753442 4.05985552
969 3934 2.67754018 0.00267754018 4.05985552
969 3934 2.67759422 0.00267759422 4.05985552
969 3936 2.67861219 0.00267861219 4.0619195
969 3936 2.67847264 0.00267847264 4.0619195
969 3936 2.67859203 0.00267859203 4.0619195
968 3928 2.66724446 0.00266724446 4.05785124
968 3926 2.66812544 0.00266812544 4.05578512
968 3926 2.66812846 0.00266812846 4.05578512
968 3926 2.66798399 0.00266798399 4.05578512
968 3926 2.66809169 0.00266809169 4.05578512
968 3926 2.66806073 0.00266806073 4.05578512
968 3926 2.66804663 0.00266804663 4.05578512
968 3926 2.6679554 0.0026679554 4.05578512
968 3926 2.66814354 0.00266814354 4.05578512
968 3926 2.66799942 0.00266799942 4.05578512
967 3914 2.65712087 0.00265712087 4.0475698
967 3914 2.65708543 0.00265708543 4.0475698
967 3914 2.65723154 0.00265723154 4.0475698
967 3914 2.65709536 0.00265709536 4.0475698
967 3914 2.65729755 0.00265729755 4.0475698
967 3914 2.65727141 0.00265727141 4.0475698
967 3914 2.65720832 0.00265720832 4.0475698
967 3914 2.65712284 0.00265712284 4.0475698
967 3918 2.65705916 0.00265705916 4.05170631
967 3918 2.65702555 0.00265702555 4.05170631
966 3914 2.64324461 0.00264324461 4.05175983
966 3908 2.64434217 0.00264434217 4.04554865
966 3908 2.64415614 0.00264415614 4.04554865
966 3914 2.64495316 0.00264495316 4.05175983
966 3914 2.64495558 0.00264495558 4.05175983
966 3914 2.64492884 0.00264492884 4.05175983
966 3906 2.64594267 0.00264594267 4.04347826
966 3906 2.64595867 0.00264595867 4.04347826
966 3906 2.64611762 0.00264611762 4.04347826
966 3906 2.64613369 0.00264613369 4.04347826
965 3896 2.63339551 0.00263339551 4.0373057
965 3902 2.63391297 0.00263391297 4.04352332
965 3902 2.63398799 0.00263398799 4.04352332
965 3902 2.63404206 0.00263404206 4.04352332
965 3895 2.63441682 0.00263441682 4.03626943
965 3895 2.63440881 0.00263440881 4.03626943
965 3895 2.63440898 0.00263440898 4.03626943
965 3895 2.6343462 0.0026343462 4.03626943
965 3895 2.63433528 0.00263433528 4.03626943
965 3895 2.6344497 0.0026344497 4.03626943
964 3887 2.6221488 0.0026221488 4.03215768
964 3887 2.62212839 0.00262212839 4.03215768
964 3887 2.62211729 0.00262211729 4.03215768
964 3887 2.6221647 0.0026221647 4.03215768
964 3887 2.62207052 0.00262207052 4.03215768
964 3887 2.62213993 0.00262213993 4.03215768
964 3887 2.62216191 0.00262216191 4.03215768
964 3887 2.62223998 0.00262223998 4.03215768
964 3882 2.62290836 0.00262290836 4.02697095
964 3882 2.62306374 0.00262306374 4.02697095
963 3874 2.61105488 0.00261105488 4.02284528
963 3876 2.61509488 0.00261509488 4.02492212
963 3876 2.61495453 0.00261495453 4.02492212
963 3876 2.61492603 0.00261492603 4.02492212
963 3876 2.61491196 0.00261491196 4.02492212
963 3876 2.61490516 0.00261490516 4.02492212
963 3876 2.61501218 0.00261501218 4.02492212
963 3876 2.61502352 0.00261502352 4.02492212
963 3876 2.6149411 0.0026149411 4.02492212
963 3876 2.6151071 0.0026151071 4.02492212
962 3866 2.60108814 0.00260108814 4.01871102
962 3867 2.60199022 0.00260199022 4.01975052
962 3870 2.60227772 0.00260227772 4.02286902
962 3870 2.6024177 0.0026024177 4.02286902
962 3868 2.60272753 0.00260272753 4.02079002
962 3868 2.60276576 0.00260276576 4.02079002
962 3868 2.60282318 0.00260282318 4.02079002
962 3868 2.60289207 0.00260289207 4.02079002
962 3868 2.60288093 0.00260288093 4.02079002
962 3868 2.60299789 0.00260299789 4.02079002
961 3859 2.5899936 0.0025899936 4.01560874
961 3859 2.59007164 0.00259007164 4.01560874
961 3860 2.58977385 0.00258977385 4.01664932
961 3858 2.59070057 0.00259070057 4.01456816
961 3858 2.59063101 0.00259063101 4.01456816
961 3858 2.59051401 0.00259051401 4.01456816
961 3858 2.59058522 0.00259058522 4.01456816
961 3858 2.59074206 0.00259074206 4.01456816
961 3864 2.59110508 0.00259110508 4.02081165
961 3864 2.59101939 0.00259101939 4.02081165
960 3860 2.57807208 0.00257807208 4.02083333
960 3860 2.57819565 0.00257819565 4.02083333
960 3860 2.57801986 0.00257801986 4.02083333
960 3860 2.57812869 0.00257812869 4.02083333
960 3860 2.57804487 0.00257804487 4.02083333
960 3857 2.57878072 0.00257878072 4.01770833
960 3857 2.57893661 0.00257893661 4.01770833
960 3857 2.57865228 0.00257865228 4.01770833
960 3857 2.57854387 0.00257854387 4.01770833
960 3857 2.57888643 0.00257888643 4.01770833
959 3848 2.56532775 0.00256532775 4.01251303
959 3848 2.56548658 0.00256548658 4.01251303
959 3851 2.56650392 0.00256650392 4.01564129
959 3851 2.56660186 0.00256660186 4.01564129
959 3851 2.56679279 0.00256679279 4.01564129
959 3851 2.56679097 0.00256679097 4.01564129
959 3851 2.56688823 0.00256688823 4.01564129
959 3851 2.56694303 0.00256694303 4.01564129
959 3849 2.56627091 0.00256627091 4.01355579
959 3849 2.56617685 0.00256617685 4.01355579
958 3839 2.55342032 0.00255342032 4.00730689
958 3839 2.55334455 0.00255334455 4.00730689
958 3839 2.55390041 0.00255390041 4.00730689
958 3839 2.55380952 0.00255380952 4.00730689
958 3839 2.55388929 0.00255388929 4.00730689
958 3839 2.55405938 0.00255405938 4.00730689
958 3839 2.55397775 0.00255397775 4.00730689
958 3839 2.55396837 0.00255396837 4.00730689
958 3839 2.55392467 0.00255392467 4.00730689
958 3839 2.55408578 0.00255408578 4.00730689
957 3831 2.54086719 0.00254086719 4.0031348
957 3829 2.54131137 0.00254131137 4.00104493
957 3829 2.54134964 0.00254134964 4.00104493
957 3829 2.54126074 0.00254126074 4.00104493
957 3829 2.54135648 0.00254135648 4.00104493
957 3829 2.54141635 0.00254141635 4.00104493
957 3829 2.54132124 0.00254132124 4.00104493
957 3829 2.54120133 0.00254120133 4.00104493
957 3829 2.54128355 0.00254128355 4.00104493
957 3829 2.54127897 0.00254127897 4.00104493
956 3822 2.52789392 0.00252789392 3.99790795
956 3825 2.52923237 0.00252923237 4.00104603
956 3825 2.52906946 0.00252906946 4.00104603
956 3825 2.52918903 0.00252918903 4.00104603
956 3825 2.52926402 0.00252926402 4.00104603
956 3825 2.52929474 0.00252929474 4.00104603
956 3828 2.53130355 0.00253130355 4.0041841
956 3828 2.53107683 0.00253107683 4.0041841
956 3828 2.53087396 0.00253087396 4.0041841
956 3828 2.53107776 0.00253107776 4.0041841
955 3821 2.51528097 0.00251528097 4.00104712
955 3820 2.51678507 0.00251678507 4
955 3820 2.51673618 0.00251673618 4
955 3818 2.51860778 0.00251860778 3.99790576
955 3818 2.51869192 0.00251869192 3.99790576
955 3818 2.51861576 0.00251861576 3.99790576
955 3818 2.51859949 0.00251859949 3.99790576
955 3818 2.51886413 0.00251886413 3.99790576
955 3818 2.51860976 0.00251860976 3.99790576
955 3818 2.5186849 0.0025186849 3.99790576
954 3813 2.50360413 0.00250360413 3.99685535
954 3811 2.50353821 0.00250353821 3.99475891
954 3812 2.50598583 0.00250598583 3.99580713
954 3812 2.50585558 0.00250585558 3.99580713
954 3809 2.5063922 0.0025063922 3.99266247
954 3809 2.50619611 0.00250619611 3.99266247
954 3809 2.50615399 0.00250615399 3.99266247
954 3809 2.50643848 0.00250643848 3.99266247
954 3809 2.50617649 0.00250617649 3.99266247
954 3809 2.50644807 0.00250644807 3.99266247
953 3801 2.49131881 0.00249131881 3.9884575
953 3801 2.49235544 0.00249235544 3.9884575
953 3801 2.49234383 0.00249234383 3.9884575
953 3801 2.49205694 0.00249205694 3.9884575
953 3802 2.49351167 0.00249351167 3.98950682
953 3802 2.49354335 0.00249354335 3.98950682
953 3802 2.49391478 0.00249391478 3.98950682
953 3803 2.493395 0.002493395 3.99055614
953 3803 2.49366991 0.00249366991 3.99055614
953 3803 2.49331649 0.00249331649 3.99055614
952 3795 2.48006973 0.00248006973 3.98634454
952 3795 2.47995744 0.00247995744 3.98634454
952 3794 2.47630585 0.00247630585 3.98529412
952 3794 2.47647882 0.00247647882 3.98529412
952 3794 2.47664791 0.00247664791 3.98529412
952 3794 2.47671346 0.00247671346 3.98529412
952 3794 2.47667094 0.00247667094 3.98529412
952 3794 2.47646779 0.00247646779 3.98529412
952 3795 2.48244192 0.00248244192 3.98634454
952 3795 2.4824654 0.0024824654 3.98634454
951 3786 2.47020142 0.00247020142 3.98107256
951 3786 2.47014351 0.00247014351 3.98107256
951 3786 2.47038479 0.00247038479 3.98107256
951 3786 2.46998253 0.00246998253 3.98107256
951 3786 2.47005537 0.00247005537 3.98107256
951 3786 2.47009721 0.00247009721 3.98107256
951 3786 2.4704316 0.0024704316 3.98107256
951 3786 2.47033904 0.00247033904 3.98107256
951 3786 2.47017382 0.00247017382 3.98107256
951 3786 2.47025122 0.00247025122 3.98107256
950 3777 2.45630924 0.00245630924 3.97578947
950 3779 2.45766786 0.00245766786 3.97789474
950 3779 2.45754661 0.00245754661 3.97789474
950 3779 2.45766496 0.00245766496 3.97789474
950 3779 2.45755784 0.00245755784 3.97789474
950 3779 2.4577427 0.0024577427 3.97789474
950 3779 2.45750776 0.00245750776 3.97789474
950 3779 2.45747263 0.00245747263 3.97789474
950 3779 2.45727236 0.00245727236 3.97789474
950 3779 2.45741089 0.00245741089 3.97789474
949 3774 2.4420944 0.0024420944 3.9768177
949 3774 2.44233478 0.00244233478 3.9768177
949 3771 2.44342273 0.00244342273 3.97365648
949 3771 2.44329337 0.00244329337 3.97365648
949 3771 2.44325773 0.00244325773 3.97365648
949 3771 2.44375584 0.00244375584 3.97365648
949 3771 2.44354266 0.00244354266 3.97365648
949 3771 2.44361514 0.00244361514 3.97365648
949 3771 2.44355894 0.00244355894 3.97365648
949 3770 2.44336697 0.00244336697 3.97260274
948 3767 2.42992216 0.00242992216 3.97362869
948 3767 2.42984026 0.00242984026 3.97362869
948 3768 2.42981773 0.00242981773 3.97468354
948 3768 2.42983041 0.00242983041 3.97468354
948 3768 2.43014335 0.00243014335 3.97468354
948 3768 2.42989688 0.00242989688 3.97468354
948 3768 2.43008792 0.00243008792 3.97468354
948 3768 2.43006756 0.00243006756 3.97468354
948 3768 2.42998566 0.00242998566 3.97468354
948 3768 2.42998932 0.00242998932 3.97468354
947 3759 2.41624992 0.00241624992 3.96937698
947 3759 2.41635841 0.00241635841 3.96937698
947 3759 2.41630233 0.00241630233 3.96937698
947 3759 2.41623922 0.00241623922 3.96937698
947 3759 2.41621472 0.00241621472 3.96937698
947 3759 2.41622848 0.00241622848 3.96937698
947 3759 2.41586356 0.00241586356 3.96937698
947 3759 2.41579429 0.00241579429 3.96937698
947 3759 2.41636763 0.00241636763 3.96937698
947 3759 2.41632105 0.00241632105 3.96937698
946 3752 2.40080898 0.00240080898 3.96617336
946 3752 2.40111844 0.00240111844 3.96617336
946 3752 2.40087797 0.00240087797 3.96617336
946 3752 2.40115573 0.00240115573 3.96617336
946 3752 2.40070105 0.00240070105 3.96617336
946 3752 2.40084485 0.00240084485 3.96617336
946 3752 2.4006828 0.0024006828 3.96617336
946 3752 2.40104852 0.00240104852 3.96617336
946 3752 2.40080077 0.00240080077 3.96617336
946 3752 2.400842 0.002400842 3.96617336
945 3742 2.38502634 0.00238502634 3.95978836
945 3742 2.38522914 0.00238522914 3.95978836
945 3747 2.3850996 0.0023850996 3.96507937
945 3742 2.38514212 0.00238514212 3.95978836
945 3746 2.38574067 0.00238574067 3.96402116
945 3746 2.3854828 0.0023854828 3.96402116
945 3746 2.38538969 0.00238538969 3.96402116
945 3746 2.38559498 0.00238559498 3.96402116
945 3746 2.38593407 0.00238593407 3.96402116
945 3746 2.3855355 0.0023855355 3.96402116
944 3740 2.37062611 0.00237062611 3.96186441
944 3741 2.37080747 0.00237080747 3.96292373
944 3741 2.37055804 0.00237055804 3.96292373
944 3736 2.37041536 0.00237041536 3.95762712
944 3741 2.37077846 0.00237077846 3.96292373
944 3736 2.37152712 0.00237152712 3.95762712
944 3736 2.37117758 0.00237117758 3.95762712
944 3735 2.37052119 0.00237052119 3.9565678
944 3735 2.37056992 0.00237056992 3.9565678
944 3736 2.37099978 0.00237099978 3.95762712
943 3726 2.35578007 0.00235578007 3.95121951
943 3726 2.35638051 0.00235638051 3.95121951
943 3726 2.35615056 0.00235615056 3.95121951
943 3729 2.35607303 0.00235607303 3.95440085
943 3729 2.35612361 0.00235612361 3.95440085
943 3727 2.35553384 0.00235553384 3.95227996
943 3727 2.35564018 0.00235564018 3.95227996
943 3727 2.35547491 0.00235547491 3.95227996
943 3727 2.35566271 0.00235566271 3.95227996
943 3727 2.35573629 0.00235573629 3.95227996
942 3721 2.34106838 0.00234106838 3.95010616
942 3722 2.34507947 0.00234507947 3.95116773
942 3724 2.33533906 0.00233533906 3.95329087
942 3724 2.33527643 0.00233527643 3.95329087
942 3724 2.33528373 0.00233528373 3.95329087
942 3724 2.33553608 0.00233553608 3.95329087
942 3724 2.33513025 0.00233513025 3.95329087
942 3724 2.33535125 0.00233535125 3.95329087
942 3724 2.33536831 0.00233536831 3.95329087
942 3724 2.33550752 0.00233550752 3.95329087
941 3720 2.32119787 0.00232119787 3.95324123
941 3720 2.32179055 0.00232179055 3.95324123
941 3715 2.32172678 0.00232172678 3.94792774
941 3714 2.33067289 0.00233067289 3.94686504
941 3714 2.3308863 0.0023308863 3.94686504
941 3714 2.33113181 0.00233113181 3.94686504
941 3715 2.33091831 0.00233091831 3.94792774
941 3715 2.33145581 0.00233145581 3.94792774
941 3715 2.33128568 0.00233128568 3.94792774
941 3715 2.33117948 0.00233117948 3.94792774
940 3709 2.31697244 0.00231697244 3.94574468
940 3712 2.31714716 0.00231714716 3.94893617
940 3713 2.31723058 0.00231723058 3.95
940 3713 2.317239 0.002317239 3.95
940 3713 2.31719365 0.00231719365 3.95
940 3713 2.31714369 0.00231714369 3.95
940 3710 2.31777586 0.00231777586 3.94680851
940 3707 2.31650916 0.00231650916 3.94361702
940 3707 2.31670325 0.00231670325 3.94361702
940 3707 2.31674501 0.00231674501 3.94361702
939 3697 2.30202303 0.00230202303 3.9371672
939 3703 2.30363215 0.00230363215 3.94355698
939 3703 2.30377069 0.00230377069 3.94355698
939 3703 2.30369556 0.00230369556 3.94355698
939 3706 2.30389573 0.00230389573 3.94675186
939 3706 2.30394819 0.00230394819 3.94675186
939 3705 2.30406739 0.00230406739 3.9456869
939 3705 2.30447502 0.00230447502 3.9456869
939 3708 2.30515377 0.00230515377 3.94888179
939 3708 2.30538567 0.00230538567 3.94888179
938 3697 2.2905676 0.0022905676 3.94136461
938 3698 2.29198112 0.00229198112 3.9424307
938 3698 2.29176758 0.00229176758 3.9424307
938 3698 2.29227313 0.00229227313 3.9424307
938 3700 2.29044047 0.00229044047 3.9445629
938 3693 2.28958947 0.00228958947 3.93710021
938 3689 2.29318413 0.00229318413 3.93283582
938 3690 2.29324837 0.00229324837 3.93390192
938 3694 2.29631547 0.00229631547 3.93816631
938 3698 2.30108224 0.00230108224 3.9424307
937 3696 2.28866818 0.00228866818 3.94450374
937 3688 2.29585673 0.00229585673 3.93596585
937 3683 2.30764869 0.00230764869 3.93062967
937 3677 2.31529765 0.00231529765 3.92422625
937 3676 2.32783575 0.00232783575 3.92315902
937 3674 2.34597885 0.00234597885 3.92102455
937 3677 2.38137443 0.00238137443 3.92422625
937 3680 2.50514727 0.00250514727 3.92742796
937 3681 2.50378094 0.00250378094 3.9284952
937 3679 2.5106857 0.0025106857 3.92636073
936 3671 2.50913538 0.00250913538 3.92200855
936 3676 2.51294204 0.00251294204 3.92735043
936 3677 2.51536001 0.00251536001 3.9284188
936 3678 2.51487765 0.00251487765 3.92948718
936 3679 2.52074854 0.00252074854 3.93055556
936 3685 2.53685864 0.00253685864 3.93696581
936 3681 2.53551327 0.00253551327 3.93269231
936 3683 2.53575494 0.00253575494 3.93482906
936 3680 2.53952615 0.00253952615 3.93162393
936 3681 2.53812471 0.00253812471 3.93269231
935 3673 2.53759573 0.00253759573 3.92834225
935 3676 2.53765767 0.00253765767 3.9315508
935 3681 2.54537718 0.00254537718 3.9368984
935 3675 2.54517685 0.00254517685 3.93048128
935 3677 2.54369176 0.00254369176 3.93262032
935 3674 2.54228296 0.00254228296 3.92941176
935 3668 2.54472448 0.00254472448 3.92299465
935 3667 2.54693144 0.00254693144 3.92192513
935 3665 2.55017324 0.00255017324 3.9197861
935 3668 2.57482697 0.00257482697 3.92299465
933 3655 2.5717134 0.0025717134 3.91747053
933 3653 2.58812522 0.00258812522 3.9153269
933 3662 2.58888448 0.00258888448 3.9249732
933 3665 2.58675193 0.00258675193 3.92818864
933 3669 2.5861815 0.0025861815 3.93247588
933 3670 2.60620409 0.00260620409 3.9335477
933 3660 2.60740245 0.00260740245 3.92282958
932 3650 2.60668483 0.00260668483 3.91630901
932 3650 2.61390705 0.00261390705 3.91630901
932 3653 2.62581397 0.00262581397 3.9195279
931 3650 2.62274276 0.00262274276 3.92051557
931 3646 2.62083998 0.00262083998 3.91621912
931 3653 2.6203553 0.0026203553 3.92373792
931 3657 2.61787015 0.00261787015 3.92803437
931 3656 2.64304748 0.00264304748 3.92696026
931 3665 2.65825795 0.00265825795 3.93662728
931 3669 2.65920852 0.00265920852 3.94092374
931 3665 2.65853303 0.00265853303 3.93662728
931 3665 2.66048879 0.00266048879 3.93662728
931 3668 2.65867497 0.00265867497 3.93984962
930 3655 2.65770977 0.00265770977 3.93010753
930 3656 2.6604344 0.0026604344 3.9311828
930 3650 2.66138097 0.00266138097 3.92473118
930 3654 2.66071866 0.00266071866 3.92903226
930 3660 2.66234236 0.00266234236 3.93548387
930 3663 2.68216382 0.00268216382 3.93870968
930 3657 2.69041149 0.00269041149 3.93225806
930 3658 2.69450854 0.00269450854 3.93333333
930 3659 2.69688985 0.00269688985 3.9344086
930 3662 2.69482158 0.00269482158 3.93763441
929 3651 2.69423575 0.00269423575 3.93003229
929 3647 2.70229791 0.00270229791 3.92572659
929 3648 2.69974728 0.00269974728 3.92680301
929 3647 2.69708317 0.00269708317 3.92572659
929 3651 2.69750952 0.00269750952 3.93003229
929 3654 2.69488279 0.00269488279 3.93326157
929 3655 2.69484901 0.00269484901 3.934338
929 3661 2.69439395 0.00269439395 3.94079656
929 3655 2.69201009 0.00269201009 3.934338
929 3652 2.69841112 0.00269841112 3.93110872
928 3647 2.69801493 0.00269801493 3.9299569
928 3647 2.69796164 0.00269796164 3.9299569
928 3648 2.69926839 0.00269926839 3.93103448
928 3641 2.7013934 0.0027013934 3.92349138
928 3641 2.70139714 0.00270139714 3.92349138
928 3638 2.70275212 0.00270275212 3.92025862
928 3641 2.70356473 0.00270356473 3.92349138
928 3641 2.70358027 0.00270358027 3.92349138
928 3641 2.7047346 0.0027047346 3.92349138
928 3638 2.70472555 0.00270472555 3.92025862
927 3630 2.70162884 0.00270162884 3.91585761
927 3627 2.70172582 0.00270172582 3.91262136
927 3627 2.70175361 0.00270175361 3.91262136
927 3629 2.70353293 0.00270353293 3.91477886
927 3633 2.70151215 0.00270151215 3.91909385
927 3633 2.7015104 0.0027015104 3.91909385
927 3630 2.70317622 0.00270317622 3.91585761
927 3630 2.70318311 0.00270318311 3.91585761
927 3630 2.70322842 0.00270322842 3.91585761
927 3628 2.72488621 0.00272488621 3.91370011
926 3617 2.72201132 0.00272201132 3.90604752
926 3617 2.72202075 0.00272202075 3.90604752
926 3622 2.72469635 0.00272469635 3.91144708
926 3625 2.72348181 0.00272348181 3.91468683
926 3625 2.72351467 0.00272351467 3.91468683
926 3627 2.72377226 0.00272377226 3.91684665
926 3628 2.72633769 0.00272633769 3.91792657
926 3628 2.72630232 0.00272630232 3.91792657
926 3628 2.72380472 0.00272380472 3.91792657
926 3632 2.72399827 0.00272399827 3.92224622
925 3621 2.72042977 0.00272042977 3.91459459
925 3628 2.7207149 0.0027207149 3.92216216
925 3628 2.72071446 0.00272071446 3.92216216
925 3628 2.72075073 0.00272075073 3.92216216
925 3621 2.72378474 0.00272378474 3.91459459
925 3621 2.72375878 0.00272375878 3.91459459
925 3621 2.72375813 0.00272375813 3.91459459
925 3621 2.72378121 0.00272378121 3.91459459
925 3621 2.72375686 0.00272375686 3.91459459
925 3621 2.7237694 0.0027237694 3.91459459
924 3613 2.72019481 0.00272019481 3.91017316
924 3613 2.72045505 0.00272045505 3.91017316
924 3613 2.72049174 0.00272049174 3.91017316
924 3610 2.72072078 0.00272072078 3.90692641
924 3610 2.72073556 0.00272073556 3.90692641
924 3617 2.72076168 0.00272076168 3.91450216
924 3617 2.72074611 0.00272074611 3.91450216
924 3610 2.7207493 0.0027207493 3.90692641
924 3613 2.72099668 0.00272099668 3.91017316
924 3613 2.7210032 0.0027210032 3.91017316
923 3609 2.71773645 0.00271773645 3.91007584
923 3609 2.71772953 0.00271772953 3.91007584
923 3609 2.71771608 0.00271771608 3.91007584
923 3609 2.71771909 0.00271771909 3.91007584
923 3609 2.71773781 0.00271773781 3.91007584
923 3609 2.71803684 0.00271803684 3.91007584
923 3609 2.71804455 0.00271804455 3.91007584
923 3609 2.71802108 0.00271802108 3.91007584
923 3609 2.71803474 0.00271803474 3.91007584
923 3609 2.71805168 0.00271805168 3.91007584
922 3604 2.71438149 0.00271438149 3.90889371
922 3601 2.71465319 0.00271465319 3.90563991
922 3601 2.71462657 0.00271462657 3.90563991
922 3601 2.71461745 0.00271461745 3.90563991
922 3601 2.71494057 0.00271494057 3.90563991
922 3601 2.71495801 0.00271495801 3.90563991
922 3601 2.71492322 0.00271492322 3.90563991
922 3601 2.7149761 0.0027149761 3.90563991
922 3601 2.71493983 0.00271493983 3.90563991
922 3601 2.71492685 0.00271492685 3.90563991
921 3591 2.71139827 0.00271139827 3.8990228
921 3593 2.71151569 0.00271151569 3.90119435
921 3594 2.71448491 0.00271448491 3.90228013
921 3594 2.71448043 0.00271448043 3.90228013
921 3594 2.71445816 0.00271445816 3.90228013
921 3594 2.7145108 0.0027145108 3.90228013
921 3594 2.71446947 0.00271446947 3.90228013
921 3594 2.71441088 0.00271441088 3.90228013
921 3594 2.71446602 0.00271446602 3.90228013
921 3591 2.71485609 0.00271485609 3.8990228
920 3583 2.71141531 0.00271141531 3.89456522
920 3583 2.71141657 0.00271141657 3.89456522
920 3583 2.71142357 0.00271142357 3.89456522
920 3583 2.71191271 0.00271191271 3.89456522
920 3583 2.71194642 0.00271194642 3.89456522
920 3583 2.71191946 0.00271191946 3.89456522
920 3583 2.71195045 0.00271195045 3.89456522
920 3583 2.71195203 0.00271195203 3.89456522
920 3583 2.711973 0.002711973 3.89456522
920 3583 2.71192986 0.00271192986 3.89456522
919 3578 2.70821388 0.00270821388 3.89336235
919 3573 2.70858378 0.00270858378 3.88792165
919 3579 2.70872103 0.00270872103 3.89445049
919 3579 2.70873168 0.00270873168 3.89445049
919 3579 2.70871549 0.00270871549 3.89445049
919 3579 2.70870793 0.00270870793 3.89445049
919 3572 2.70881853 0.00270881853 3.88683351
919 3572 2.70881511 0.00270881511 3.88683351
919 3573 2.70917451 0.00270917451 3.88792165
919 3580 2.71006157 0.00271006157 3.89553863
918 3572 2.70661875 0.00270661875 3.89106754
918 3572 2.70660945 0.00270660945 3.89106754
918 3572 2.70662604 0.00270662604 3.89106754
918 3572 2.7066178 0.0027066178 3.89106754
918 3576 2.70685883 0.00270685883 3.89542484
918 3576 2.70684455 0.00270684455 3.89542484
918 3576 2.70685878 0.00270685878 3.89542484
918 3569 2.70695341 0.00270695341 3.88779956
918 3569 2.70695199 0.00270695199 3.88779956
918 3569 2.70695873 0.00270695873 3.88779956
917 3565 2.70376712 0.00270376712 3.88767721
917 3564 2.70417247 0.00270417247 3.8865867
917 3564 2.70422525 0.00270422525 3.8865867
917 3564 2.70423314 0.00270423314 3.8865867
917 3564 2.70423514 0.00270423514 3.8865867
917 3564 2.70423813 0.00270423813 3.8865867
917 3564 2.7042116 0.0027042116 3.8865867
917 3564 2.70426063 0.00270426063 3.8865867
917 3564 2.70425171 0.00270425171 3.8865867
917 3564 2.70421459 0.00270421459 3.8865867
916 3556 2.70086315 0.00270086315 3.88209607
916 3560 2.70104452 0.00270104452 3.88646288
916 3560 2.70108573 0.00270108573 3.88646288
916 3560 2.70104537 0.00270104537 3.88646288
916 3560 2.7010693 0.0027010693 3.88646288
916 3560 2.70108214 0.00270108214 3.88646288
916 3560 2.70108156 0.00270108156 3.88646288
916 3556 2.70160532 0.00270160532 3.88209607
916 3556 2.70162877 0.00270162877 3.88209607
916 3556 2.70166637 0.00270166637 3.88209607
915 3552 2.69847487 0.00269847487 3.88196721
915 3552 2.69851051 0.00269851051 3.88196721
915 3552 2.69848171 0.00269848171 3.88196721
915 3552 2.6984859 0.0026984859 3.88196721
915 3552 2.69848337 0.00269848337 3.88196721
915 3552 2.69846953 0.00269846953 3.88196721
915 3552 2.69848086 0.00269848086 3.88196721
915 3552 2.69851696 0.00269851696 3.88196721
915 3552 2.69845352 0.00269845352 3.88196721
915 3552 2.69847866 0.00269847866 3.88196721
914 3544 2.69512241 0.00269512241 3.87746171
914 3546 2.69491606 0.00269491606 3.87964989
914 3546 2.6949077 0.0026949077 3.87964989
914 3546 2.69492899 0.00269492899 3.87964989
914 3542 2.69653477 0.00269653477 3.87527352
914 3542 2.69652163 0.00269652163 3.87527352
914 3545 2.69600198 0.00269600198 3.8785558
914 3545 2.69598011 0.00269598011 3.8785558
914 3545 2.6959643 0.0026959643 3.8785558
914 3545 2.69601234 0.00269601234 3.8785558
913 3538 2.69238554 0.00269238554 3.87513691
913 3536 2.69249305 0.00269249305 3.87294633
913 3536 2.69250558 0.00269250558 3.87294633
913 3539 2.69253606 0.00269253606 3.8762322
913 3537 2.69255977 0.00269255977 3.87404162
913 3537 2.69255672 0.00269255672 3.87404162
913 3537 2.69256271 0.00269256271 3.87404162
913 3534 2.69352311 0.00269352311 3.87075575
913 3534 2.6935298 0.0026935298 3.87075575
913 3534 2.69351589 0.00269351589 3.87075575
912 3529 2.68990243 0.00268990243 3.86951754
912 3529 2.68991493 0.00268991493 3.86951754
912 3525 2.69004777 0.00269004777 3.86513158
912 3524 2.69068318 0.00269068318 3.86403509
912 3524 2.69065846 0.00269065846 3.86403509
912 3524 2.69071 0.00269071 3.86403509
912 3524 2.69068742 0.00269068742 3.86403509
912 3524 2.69066909 0.00269066909 3.86403509
912 3524 2.69065076 0.00269065076 3.86403509
912 3524 2.69066526 0.00269066526 3.86403509
911 3515 2.68729118 0.00268729118 3.85839737
911 3517 2.68766623 0.00268766623 3.86059276
911 3517 2.68769203 0.00268769203 3.86059276
911 3517 2.68770585 0.00268770585 3.86059276
911 3517 2.68770254 0.00268770254 3.86059276
911 3517 2.68768963 0.00268768963 3.86059276
911 3517 2.68769985 0.00268769985 3.86059276
911 3517 2.68771041 0.00268771041 3.86059276
911 3517 2.68769929 0.00268769929 3.86059276
911 3517 2.68770935 0.00268770935 3.86059276
910 3513 2.68451486 0.00268451486 3.86043956
910 3513 2.68452598 0.00268452598 3.86043956
910 3513 2.6845148 0.0026845148 3.86043956
910 3513 2.68449366 0.00268449366 3.86043956
910 3513 2.68448541 0.00268448541 3.86043956
910 3513 2.68451538 0.00268451538 3.86043956
910 3513 2.68449759 0.00268449759 3.86043956
910 3513 2.68450597 0.00268450597 3.86043956
910 3513 2.68451204 0.00268451204 3.86043956
910 3510 2.68495541 0.00268495541 3.85714286
909 3506 2.6818044 0.0026818044 3.8569857
909 3506 2.68179747 0.00268179747 3.8569857
909 3506 2.68180538 0.00268180538 3.8569857
909 3506 2.6818048 0.0026818048 3.8569857
909 3506 2.68180885 0.00268180885 3.8569857
909 3506 2.68178151 0.00268178151 3.8569857
909 3506 2.68179389 0.00268179389 3.8569857
909 3506 2.68180451 0.00268180451 3.8569857
909 3506 2.68182434 0.00268182434 3.8569857
909 3506 2.68181162 0.00268181162 3.8569857
908 3497 2.67827651 0.00267827651 3.85132159
908 3497 2.67828707 0.00267828707 3.85132159
908 3499 2.67852855 0.00267852855 3.85352423
908 3499 2.67855907 0.00267855907 3.85352423
908 3499 2.67854821 0.00267854821 3.85352423
908 3499 2.67857707 0.00267857707 3.85352423
908 3499 2.67854214 0.00267854214 3.85352423
908 3499 2.67852363 0.00267852363 3.85352423
908 3499 2.67853953 0.00267853953 3.85352423
908 3499 2.67853973 0.00267853973 3.85352423
907 3493 2.67520733 0.00267520733 3.85115766
907 3493 2.67520513 0.00267520513 3.85115766
907 3493 2.67522134 0.00267522134 3.85115766
907 3493 2.67519384 0.00267519384 3.85115766
907 3493 2.67522657 0.00267522657 3.85115766
907 3491 2.67525415 0.00267525415 3.84895259
907 3491 2.67523638 0.00267523638 3.84895259
907 3490 2.67538274 0.00267538274 3.84785006
907 3490 2.67539562 0.00267539562 3.84785006
907 3490 2.67533278 0.00267533278 3.84785006
906 3486 2.67259231 0.00267259231 3.84768212
906 3486 2.67258662 0.00267258662 3.84768212
906 3486 2.67257298 0.00267257298 3.84768212
906 3486 2.67259726 0.00267259726 3.84768212
906 3486 2.67258755 0.00267258755 3.84768212
906 3486 2.67256905 0.00267256905 3.84768212
906 3486 2.67258811 0.00267258811 3.84768212
906 3486 2.67257103 0.00267257103 3.84768212
906 3486 2.67258042 0.00267258042 3.84768212
906 3486 2.67257567 0.00267257567 3.84768212
905 3477 2.66928553 0.00266928553 3.84198895
905 3480 2.66929128 0.00266929128 3.84530387
905 3480 2.66926963 0.00266926963 3.84530387
905 3480 2.6692763 0.0026692763 3.84530387
905 3480 2.66930058 0.00266930058 3.84530387
905 3480 2.6692683 0.0026692683 3.84530387
905 3480 2.6692639 0.0026692639 3.84530387
905 3480 2.66926212 0.00266926212 3.84530387
905 3479 2.6693585 0.0026693585 3.8441989
905 3479 2.66932701 0.00266932701 3.8441989
904 3474 2.66593066 0.00266593066 3.84292035
904 3474 2.66592967 0.00266592967 3.84292035
904 3474 2.66594438 0.00266594438 3.84292035
904 3474 2.66590424 0.00266590424 3.84292035
904 3470 2.66605763 0.00266605763 3.83849558
904 3473 2.66605468 0.00266605468 3.84181416
904 3473 2.66604717 0.00266604717 3.84181416
904 3473 2.66605522 0.00266605522 3.84181416
904 3473 2.66606003 0.00266606003 3.84181416
904 3473 2.66606583 0.00266606583 3.84181416
903 3466 2.6626428 0.0026626428 3.83831672
903 3464 2.66277817 0.00266277817 3.83610188
903 3464 2.6627976 0.0026627976 3.83610188
903 3464 2.66277639 0.00266277639 3.83610188
903 3465 2.66295699 0.00266295699 3.8372093
903 3465 2.66296005 0.00266296005 3.8372093
903 3465 2.6629569 0.0026629569 3.8372093
903 3465 2.66293239 0.00266293239 3.8372093
903 3465 2.66294619 0.00266294619 3.8372093
903 3465 2.66294125 0.00266294125 3.8372093
902 3456 2.65974249 0.00265974249 3.83148559
902 3456 2.65974051 0.00265974051 3.83148559
902 3456 2.6597386 0.0026597386 3.83148559
902 3456 2.65974605 0.00265974605 3.83148559
902 3456 2.65975673 0.00265975673 3.83148559
902 3456 2.65975357 0.00265975357 3.83148559
902 3456 2.65976639 0.00265976639 3.83148559
902 3456 2.65972859 0.00265972859 3.83148559
902 3455 2.65973126 0.00265973126 3.83037694
902 3455 2.65972493 0.00265972493 3.83037694
901 3448 2.65632591 0.00265632591 3.82685905
901 3448 2.65638147 0.00265638147 3.82685905
901 3449 2.65651889 0.00265651889 3.82796892
901 3447 2.6564934 0.0026564934 3.82574917
901 3447 2.65649508 0.00265649508 3.82574917
901 3447 2.65652759 0.00265652759 3.82574917
901 3447 2.65651814 0.00265651814 3.82574917
901 3447 2.65652498 0.00265652498 3.82574917
901 3447 2.65651416 0.00265651416 3.82574917
901 3447 2.65654527 0.00265654527 3.82574917
900 3442 2.65327389 0.00265327389 3.82444444
900 3442 2.65323827 0.00265323827 3.82444444
900 3442 2.65325845 0.00265325845 3.82444444
900 3442 2.65325254 0.00265325254 3.82444444
900 3442 2.65327434 0.00265327434 3.82444444
900 3442 2.65325461 0.00265325461 3.82444444
900 3442 2.6532638 0.0026532638 3.82444444
900 3442 2.65326459 0.00265326459 3.82444444
900 3442 2.65330145 0.00265330145 3.82444444
900 3442 2.65325997 0.00265325997 3.82444444
899 3434 2.64975669 0.00264975669 3.81979978
899 3438 2.65015275 0.00265015275 3.82424917
899 3438 2.65012345 0.00265012345 3.82424917
899 3438 2.65011342 0.00265011342 3.82424917
899 3438 2.65013745 0.00265013745 3.82424917
899 3438 2.65014676 0.00265014676 3.82424917
899 3436 2.65026958 0.00265026958 3.82202447
899 3436 2.65025666 0.00265025666 3.82202447
899 3436 2.65026891 0.00265026891 3.82202447
899 3436 2.65024923 0.00265024923 3.82202447
898 3430 2.64647447 0.00264647447 3.81959911
898 3432 2.646801 0.002646801 3.82182628
898 3432 2.64677812 0.00264677812 3.82182628
898 3430 2.64638974 0.00264638974 3.81959911
898 3430 2.64635913 0.00264635913 3.81959911
898 3430 2.64635567 0.00264635567 3.81959911
898 3434 2.64621723 0.00264621723 3.82405345
898 3434 2.64624303 0.00264624303 3.82405345
898 3434 2.64622456 0.00264622456 3.82405345
898 3434 2.64620745 0.00264620745 3.82405345
897 3425 2.64323714 0.00264323714 3.81828317
897 3425 2.64324583 0.00264324583 3.81828317
897 3425 2.64323203 0.00264323203 3.81828317
897 3425 2.64324262 0.00264324262 3.81828317
897 3423 2.64385052 0.00264385052 3.81605351
897 3423 2.64383907 0.00264383907 3.81605351
897 3423 2.6437948 0.0026437948 3.81605351
897 3423 2.64381505 0.00264381505 3.81605351
897 3423 2.64383782 0.00264383782 3.81605351
897 3423 2.64378974 0.00264378974 3.81605351
896 3415 2.64048704 0.00264048704 3.81138393
896 3415 2.64049057 0.00264049057 3.81138393
896 3415 2.64052868 0.00264052868 3.81138393
896 3416 2.64089299 0.00264089299 3.8125
896 3416 2.64083409 0.00264083409 3.8125
896 3416 2.6408585 0.0026408585 3.8125
896 3416 2.64084911 0.00264084911 3.8125
896 3419 2.64335468 0.00264335468 3.81584821
896 3419 2.64339695 0.00264339695 3.81584821
896 3419 2.64337553 0.00264337553 3.81584821
895 3411 2.64003567 0.00264003567 3.81117318
895 3411 2.6400672 0.0026400672 3.81117318
895 3411 2.64005506 0.00264005506 3.81117318
895 3411 2.64005753 0.00264005753 3.81117318
895 3411 2.64005957 0.00264005957 3.81117318
895 3411 2.64004782 0.00264004782 3.81117318
895 3411 2.64007819 0.00264007819 3.81117318
895 3412 2.64087234 0.00264087234 3.8122905
895 3412 2.64087802 0.00264087802 3.8122905
895 3412 2.64089501 0.00264089501 3.8122905
894 3406 2.6371635 0.0026371635 3.8098434
894 3406 2.6371734 0.0026371734 3.8098434
894 3405 2.63788247 0.00263788247 3.80872483
894 3405 2.63785946 0.00263785946 3.80872483
894 3405 2.63784657 0.00263784657 3.80872483
894 3405 2.63788708 0.00263788708 3.80872483
894 3405 2.63783777 0.00263783777 3.80872483
894 3406 2.63773253 0.00263773253 3.8098434
894 3406 2.637704 0.002637704 3.8098434
894 3406 2.63771847 0.00263771847 3.8098434
893 3399 2.6341414 0.0026341414 3.806271
893 3398 2.63437756 0.00263437756 3.80515118
893 3400 2.63375802 0.00263375802 3.80739082
893 3401 2.63416573 0.00263416573 3.80851064
893 3401 2.6341207 0.0026341207 3.80851064
893 3401 2.63416445 0.00263416445 3.80851064
893 3401 2.63411671 0.00263411671 3.80851064
893 3401 2.63413232 0.00263413232 3.80851064
893 3397 2.63461348 0.00263461348 3.80403135
893 3397 2.63461368 0.00263461368 3.80403135
892 3388 2.63129892 0.00263129892 3.79820628
892 3388 2.6313368 0.0026313368 3.79820628
892 3388 2.6313368 0.0026313368 3.79820628
892 3388 2.63135908 0.00263135908 3.79820628
892 3388 2.63134656 0.00263134656 3.79820628
892 3388 2.63136018 0.00263136018 3.79820628
892 3388 2.63131762 0.00263131762 3.79820628
892 3388 2.63130168 0.00263130168 3.79820628
892 3388 2.63131311 0.00263131311 3.79820628
892 3389 2.63136018 0.00263136018 3.79932735
891 3381 2.62820563 0.00262820563 3.79461279
891 3381 2.62718294 0.00262718294 3.79461279
891 3381 2.62721158 0.00262721158 3.79461279
891 3381 2.62720622 0.00262720622 3.79461279
891 3385 2.62861234 0.00262861234 3.79910213
891 3385 2.6285961 0.0026285961 3.79910213
891 3385 2.62862005 0.00262862005 3.79910213
891 3385 2.62861236 0.00262861236 3.79910213
891 3385 2.62856239 0.00262856239 3.79910213
891 3385 2.628595 0.002628595 3.79910213
890 3379 2.62509689 0.00262509689 3.79662921
890 3379 2.62511105 0.00262511105 3.79662921
890 3379 2.62506846 0.00262506846 3.79662921
890 3379 2.62509983 0.00262509983 3.79662921
890 3379 2.62514324 0.00262514324 3.79662921
890 3379 2.62511638 0.00262511638 3.79662921
890 3379 2.62510294 0.00262510294 3.79662921
890 3376 2.62559562 0.00262559562 3.79325843
890 3376 2.62560154 0.00262560154 3.79325843
890 3376 2.6255875 0.0026255875 3.79325843
889 3372 2.62209061 0.00262209061 3.79302587
889 3372 2.62210847 0.00262210847 3.79302587
889 3372 2.62210078 0.00262210078 3.79302587
889 3368 2.62228064 0.00262228064 3.78852643
889 3368 2.62230826 0.00262230826 3.78852643
889 3368 2.62227295 0.00262227295 3.78852643
889 3368 2.62232761 0.00262232761 3.78852643
889 3368 2.62229407 0.00262229407 3.78852643
889 3368 2.62230838 0.00262230838 3.78852643
889 3368 2.62229986 0.00262229986 3.78852643
888 3354 2.61852747 0.00261852747 3.77702703
888 3361 2.6187713 0.0026187713 3.78490991
888 3364 2.61867279 0.00261867279 3.78828829
888 3364 2.61866687 0.00261866687 3.78828829
888 3364 2.61866616 0.00261866616 3.78828829
888 3364 2.61864756 0.00261864756 3.78828829
888 3364 2.61881635 0.00261881635 3.78828829
888 3360 2.61918837 0.00261918837 3.78378378
888 3360 2.61916815 0.00261916815 3.78378378
888 3360 2.61917832 0.00261917832 3.78378378
887 3356 2.61553279 0.00261553279 3.78354002
887 3356 2.61547249 0.00261547249 3.78354002
887 3356 2.61570423 0.00261570423 3.78354002
887 3356 2.61566742 0.00261566742 3.78354002
887 3356 2.6156869 0.0026156869 3.78354002
887 3356 2.6157131 0.0026157131 3.78354002
887 3356 2.61568209 0.00261568209 3.78354002
887 3356 2.6156839 0.0026156839 3.78354002
887 3356 2.6156646 0.0026156646 3.78354002
887 3356 2.61575138 0.00261575138 3.78354002
886 3350 2.61182446 0.00261182446 3.78103837
886 3350 2.61189772 0.00261189772 3.78103837
886 3350 2.61181784 0.00261181784 3.78103837
886 3352 2.61207928 0.00261207928 3.78329571
886 3349 2.61213128 0.00261213128 3.77990971
886 3349 2.61212665 0.00261212665 3.77990971
886 3347 2.61218877 0.00261218877 3.77765237
886 3347 2.61218989 0.00261218989 3.77765237
886 3347 2.61223179 0.00261223179 3.77765237
886 3347 2.61219753 0.00261219753 3.77765237
885 3340 2.60825195 0.00260825195 3.7740113
885 3335 2.60825663 0.00260825663 3.76836158
885 3335 2.60827616 0.00260827616 3.76836158
885 3343 2.60872568 0.00260872568 3.77740113
885 3343 2.60866477 0.00260866477 3.77740113
885 3343 2.60866813 0.00260866813 3.77740113
885 3343 2.60867365 0.00260867365 3.77740113
885 3343 2.60866948 0.00260866948 3.77740113
885 3343 2.60871049 0.00260871049 3.77740113
885 3343 2.60873268 0.00260873268 3.77740113
884 3331 2.60480395 0.00260480395 3.76809955
884 3331 2.60480356 0.00260480356 3.76809955
884 3331 2.6047298 0.0026047298 3.76809955
884 3331 2.60475746 0.00260475746 3.76809955
884 3331 2.60474346 0.00260474346 3.76809955
884 3331 2.60477852 0.00260477852 3.76809955
884 3337 2.60482407 0.00260482407 3.77488688
884 3334 2.60501765 0.00260501765 3.77149321
884 3339 2.60522792 0.00260522792 3.77714932
884 3339 2.60518842 0.00260518842 3.77714932
883 3336 2.60123792 0.00260123792 3.77802945
883 3332 2.60127074 0.00260127074 3.77349943
883 3330 2.60155763 0.00260155763 3.77123443
883 3330 2.60161954 0.00260161954 3.77123443
883 3330 2.60162244 0.00260162244 3.77123443
883 3330 2.6016442 0.0026016442 3.77123443
883 3330 2.60161024 0.00260161024 3.77123443
883 3330 2.60161168 0.00260161168 3.77123443
883 3330 2.60161426 0.00260161426 3.77123443
883 3330 2.60157307 0.00260157307 3.77123443
882 3318 2.59779197 0.00259779197 3.76190476
882 3318 2.59778763 0.00259778763 3.76190476
882 3316 2.59802076 0.00259802076 3.75963719
882 3316 2.59799781 0.00259799781 3.75963719
882 3316 2.59801455 0.00259801455 3.75963719
882 3316 2.5979913 0.0025979913 3.75963719
882 3316 2.5980233 0.0025980233 3.75963719
882 3316 2.59800999 0.00259800999 3.75963719
882 3316 2.59802541 0.00259802541 3.75963719
882 3316 2.59798966 0.00259798966 3.75963719
881 3304 2.59413427 0.00259413427 3.75028377
881 3304 2.59420007 0.00259420007 3.75028377
881 3308 2.59424555 0.00259424555 3.75482406
881 3313 2.59423251 0.00259423251 3.76049943
881 3313 2.59424003 0.00259424003 3.76049943
881 3308 2.5942903 0.0025942903 3.75482406
881 3306 2.59449589 0.00259449589 3.75255392
881 3306 2.59454967 0.00259454967 3.75255392
881 3306 2.59452689 0.00259452689 3.75255392
881 3306 2.59455211 0.00259455211 3.75255392
880 3298 2.59085226 0.00259085226 3.74772727
880 3297 2.59084179 0.00259084179 3.74659091
880 3297 2.59079136 0.00259079136 3.74659091
880 3297 2.59088645 0.00259088645 3.74659091
880 3297 2.59083812 0.00259083812 3.74659091
880 3300 2.59079026 0.00259079026 3.75
880 3300 2.59088933 0.00259088933 3.75
880 3300 2.59093232 0.00259093232 3.75
880 3300 2.59089049 0.00259089049 3.75
880 3300 2.59096695 0.00259096695 3.75
879 3293 2.58704933 0.00258704933 3.74630262
879 3293 2.58702746 0.00258702746 3.74630262
879 3293 2.5870302 0.0025870302 3.74630262
879 3293 2.58699365 0.00258699365 3.74630262
879 3293 2.58698889 0.00258698889 3.74630262
879 3288 2.58707265 0.00258707265 3.74061433
879 3288 2.58709077 0.00258709077 3.74061433
879 3291 2.58718682 0.00258718682 3.7440273
879 3291 2.58717757 0.00258717757 3.7440273
879 3291 2.58720331 0.00258720331 3.7440273
878 3285 2.58325838 0.00258325838 3.74145786
878 3284 2.58344442 0.00258344442 3.74031891
878 3284 2.5833487 0.0025833487 3.74031891
878 3288 2.58367487 0.00258367487 3.74487472
878 3288 2.58363724 0.00258363724 3.74487472
878 3288 2.58361443 0.00258361443 3.74487472
878 3288 2.58364201 0.00258364201 3.74487472
878 3288 2.58366519 0.00258366519 3.74487472
878 3288 2.58363116 0.00258363116 3.74487472
878 3288 2.58352298 0.00258352298 3.74487472
877 3282 2.57965024 0.00257965024 3.74230331
877 3285 2.58001056 0.00258001056 3.74572406
877 3285 2.57997156 0.00257997156 3.74572406
877 3285 2.57998879 0.00257998879 3.74572406
877 3285 2.58000726 0.00258000726 3.74572406
877 3285 2.58000514 0.00258000514 3.74572406
877 3285 2.58001391 0.00258001391 3.74572406
877 3285 2.58000875 0.00258000875 3.74572406
877 3285 2.57999428 0.00257999428 3.74572406
877 3285 2.57997827 0.00257997827 3.74572406
876 3277 2.57653434 0.00257653434 3.74086758
876 3277 2.57658727 0.00257658727 3.74086758
876 3280 2.57636226 0.00257636226 3.74429224
876 3280 2.57629956 0.00257629956 3.74429224
876 3280 2.57635995 0.00257635995 3.74429224
876 3279 2.57629183 0.00257629183 3.74315068
876 3280 2.57634748 0.00257634748 3.74429224
876 3277 2.57639177 0.00257639177 3.74086758
876 3277 2.57639419 0.00257639419 3.74086758
876 3279 2.57645901 0.00257645901 3.74315068
875 3272 2.5726932 0.0025726932 3.73942857
875 3267 2.57287299 0.00257287299 3.73371429
875 3267 2.57282782 0.00257282782 3.73371429
875 3264 2.57339864 0.00257339864 3.73028571
875 3264 2.57340694 0.00257340694 3.73028571
875 3264 2.57338577 0.00257338577 3.73028571
875 3270 2.57359048 0.00257359048 3.73714286
875 3270 2.57356431 0.00257356431 3.73714286
875 3270 2.57357246 0.00257357246 3.73714286
875 3270 2.57359156 0.00257359156 3.73714286
874 3263 2.56992862 0.00256992862 3.73340961
874 3263 2.56989154 0.00256989154 3.73340961
874 3263 2.56996991 0.00256996991 3.73340961
874 3263 2.57000768 0.00257000768 3.73340961
874 3263 2.56997263 0.00256997263 3.73340961
874 3263 2.56996995 0.00256996995 3.73340961
874 3263 2.56996031 0.00256996031 3.73340961
874 3263 2.56996922 0.00256996922 3.73340961
874 3263 2.56995837 0.00256995837 3.73340961
874 3263 2.56997806 0.00256997806 3.73340961
873 3260 2.56655775 0.00256655775 3.73424971
873 3260 2.56654987 0.00256654987 3.73424971
873 3260 2.56654159 0.00256654159 3.73424971
873 3260 2.56655715 0.00256655715 3.73424971
873 3260 2.5665061 0.0025665061 3.73424971
873 3261 2.56664657 0.00256664657 3.73539519
873 3261 2.56663211 0.00256663211 3.73539519
873 3261 2.56661819 0.00256661819 3.73539519
873 3263 2.56646061 0.00256646061 3.73768614
873 3253 2.56562125 0.00256562125 3.72623139
872 3245 2.561697 0.002561697 3.72133028
872 3251 2.56172705 0.00256172705 3.72821101
872 3246 2.56201709 0.00256201709 3.72247706
872 3246 2.56204603 0.00256204603 3.72247706
872 3246 2.56205695 0.00256205695 3.72247706
872 3246 2.5620435 0.0025620435 3.72247706
872 3246 2.56203409 0.00256203409 3.72247706
872 3246 2.56204955 0.00256204955 3.72247706
872 3246 2.56203942 0.00256203942 3.72247706
872 3246 2.56203113 0.00256203113 3.72247706
871 3237 2.5579497 0.0025579497 3.71641791
871 3243 2.55802891 0.00255802891 3.72330654
871 3240 2.55833954 0.00255833954 3.71986223
871 3242 2.55953893 0.00255953893 3.72215844
871 3242 2.55958975 0.00255958975 3.72215844
871 3242 2.55954402 0.00255954402 3.72215844
871 3242 2.55960048 0.00255960048 3.72215844
871 3242 2.5595913 0.0025595913 3.72215844
871 3235 2.55932461 0.00255932461 3.7141217
871 3238 2.55927852 0.00255927852 3.71756602
870 3235 2.55538781 0.00255538781 3.7183908
870 3228 2.55572922 0.00255572922 3.71034483
870 3228 2.55576749 0.00255576749 3.71034483
870 3228 2.55575448 0.00255575448 3.71034483
870 3228 2.55574965 0.00255574965 3.71034483
870 3228 2.55573377 0.00255573377 3.71034483
870 3228 2.55572756 0.00255572756 3.71034483
870 3228 2.55576432 0.00255576432 3.71034483
870 3228 2.55572728 0.00255572728 3.71034483
870 3228 2.55576034 0.00255576034 3.71034483
869 3221 2.55164497 0.00255164497 3.70655926
869 3225 2.55185113 0.00255185113 3.71116226
869 3221 2.55210468 0.00255210468 3.70655926
869 3221 2.55208513 0.00255208513 3.70655926
869 3221 2.55209457 0.00255209457 3.70655926
869 3221 2.55210293 0.00255210293 3.70655926
869 3221 2.55221179 0.00255221179 3.70655926
869 3221 2.55218892 0.00255218892 3.70655926
869 3221 2.55217253 0.00255217253 3.70655926
869 3221 2.55214528 0.00255214528 3.70655926
868 3213 2.5480258 0.0025480258 3.7016129
868 3218 2.54896196 0.00254896196 3.70737327
868 3218 2.54891398 0.00254891398 3.70737327
868 3218 2.54892628 0.00254892628 3.70737327
868 3218 2.54889879 0.00254889879 3.70737327
868 3218 2.54889922 0.00254889922 3.70737327
868 3218 2.54889795 0.00254889795 3.70737327
868 3218 2.54890828 0.00254890828 3.70737327
868 3218 2.54892896 0.00254892896 3.70737327
868 3218 2.54890914 0.00254890914 3.70737327
867 3210 2.54479673 0.00254479673 3.70242215
867 3210 2.54533144 0.00254533144 3.70242215
867 3212 2.54529276 0.00254529276 3.70472895
867 3212 2.54528371 0.00254528371 3.70472895
867 3212 2.54528454 0.00254528454 3.70472895
867 3212 2.545291 0.002545291 3.70472895
867 3212 2.5453161 0.0025453161 3.70472895
867 3216 2.54539247 0.00254539247 3.70934256
867 3216 2.54535163 0.00254535163 3.70934256
867 3216 2.54533494 0.00254533494 3.70934256
866 3210 2.54137596 0.00254137596 3.70669746
866 3207 2.54135276 0.00254135276 3.70323326
866 3207 2.54134308 0.00254134308 3.70323326
866 3207 2.54134 0.00254134 3.70323326
866 3207 2.54134464 0.00254134464 3.70323326
866 3208 2.54181979 0.00254181979 3.70438799
866 3210 2.54177089 0.00254177089 3.70669746
866 3210 2.54178003 0.00254178003 3.70669746
866 3210 2.54173397 0.00254173397 3.70669746
866 3210 2.54174406 0.00254174406 3.70669746
865 3206 2.53753144 0.00253753144 3.70635838
865 3207 2.53807462 0.00253807462 3.70751445
865 3207 2.53801133 0.00253801133 3.70751445
865 3207 2.53806627 0.00253806627 3.70751445
865 3207 2.53802296 0.00253802296 3.70751445
865 3207 2.53805006 0.00253805006 3.70751445
865 3203 2.53806659 0.00253806659 3.70289017
865 3203 2.53809046 0.00253809046 3.70289017
865 3203 2.53812357 0.00253812357 3.70289017
865 3203 2.53810218 0.00253810218 3.70289017
864 3195 2.53386132 0.00253386132 3.69791667
864 3196 2.53423306 0.00253423306 3.69907407
864 3196 2.53378415 0.00253378415 3.69907407
864 3194 2.53665275 0.00253665275 3.69675926
864 3194 2.53735852 0.00253735852 3.69675926
864 3194 2.53732996 0.00253732996 3.69675926
864 3194 2.53731781 0.00253731781 3.69675926
864 3194 2.53733012 0.00253733012 3.69675926
864 3194 2.53733897 0.00253733897 3.69675926
864 3194 2.53731984 0.00253731984 3.69675926
863 3187 2.53327224 0.00253327224 3.69293163
863 3191 2.53351128 0.00253351128 3.69756663
863 3187 2.53380049 0.00253380049 3.69293163
863 3187 2.53381134 0.00253381134 3.69293163
863 3187 2.53379476 0.00253379476 3.69293163
863 3191 2.53395875 0.00253395875 3.69756663
863 3191 2.53390301 0.00253390301 3.69756663
863 3191 2.53392299 0.00253392299 3.69756663
863 3191 2.53391235 0.00253391235 3.69756663
863 3192 2.53345569 0.00253345569 3.69872538
862 3185 2.5294445 0.0025294445 3.69489559
862 3183 2.53041917 0.00253041917 3.69257541
862 3183 2.53039201 0.00253039201 3.69257541
862 3183 2.53059551 0.00253059551 3.69257541
862 3183 2.53057604 0.00253057604 3.69257541
862 3183 2.53063469 0.00253063469 3.69257541
862 3183 2.53059505 0.00253059505 3.69257541
862 3183 2.53061855 0.00253061855 3.69257541
862 3185 2.53067011 0.00253067011 3.69489559
862 3185 2.53067348 0.00253067348 3.69489559
861 3178 2.52667291 0.00252667291 3.69105691
861 3178 2.52668148 0.00252668148 3.69105691
861 3175 2.52709674 0.00252709674 3.68757259
861 3175 2.52708456 0.00252708456 3.68757259
861 3170 2.52681628 0.00252681628 3.68176539
861 3170 2.52679749 0.00252679749 3.68176539
861 3170 2.52682716 0.00252682716 3.68176539
861 3170 2.5267841 0.0025267841 3.68176539
861 3163 2.5267391 0.0025267391 3.67363531
861 3163 2.52677202 0.00252677202 3.67363531
860 3161 2.52330897 0.00252330897 3.6755814
860 3156 2.52373226 0.00252373226 3.66976744
860 3156 2.52378342 0.00252378342 3.66976744
860 3156 2.5237734 0.0025237734 3.66976744
860 3156 2.52378918 0.00252378918 3.66976744
860 3156 2.52376378 0.00252376378 3.66976744
860 3156 2.52378648 0.00252378648 3.66976744
860 3156 2.52376001 0.00252376001 3.66976744
860 3156 2.5237785 0.0025237785 3.66976744
860 3156 2.52375681 0.00252375681 3.66976744
859 3150 2.52012623 0.00252012623 3.66705471
859 3150 2.52011478 0.00252011478 3.66705471
859 3153 2.52008807 0.00252008807 3.67054715
859 3153 2.52007156 0.00252007156 3.67054715
859 3153 2.52010392 0.00252010392 3.67054715
859 3153 2.52008129 0.00252008129 3.67054715
859 3153 2.52007003 0.00252007003 3.67054715
859 3153 2.52011808 0.00252011808 3.67054715
859 3153 2.52005245 0.00252005245 3.67054715
859 3153 2.52012095 0.00252012095 3.67054715
858 3144 2.51624004 0.00251624004 3.66433566
858 3147 2.51646796 0.00251646796 3.66783217
858 3147 2.5165237 0.0025165237 3.66783217
858 3147 2.51651288 0.00251651288 3.66783217
858 3147 2.51646926 0.00251646926 3.66783217
858 3147 2.5165064 0.0025165064 3.66783217
858 3144 2.51655854 0.00251655854 3.66433566
858 3144 2.51658159 0.00251658159 3.66433566
858 3144 2.51653769 0.00251653769 3.66433566
858 3144 2.51656731 0.00251656731 3.66433566
857 3136 2.51243214 0.00251243214 3.65927655
857 3138 2.51263431 0.00251263431 3.66161027
857 3141 2.5129103 0.0025129103 3.66511085
857 3141 2.51281446 0.00251281446 3.66511085
857 3141 2.51283397 0.00251283397 3.66511085
857 3141 2.51280389 0.00251280389 3.66511085
857 3136 2.51373035 0.00251373035 3.65927655
857 3136 2.51369425 0.00251369425 3.65927655
857 3140 2.51389542 0.00251389542 3.66394399
857 3140 2.51382438 0.00251382438 3.66394399
856 3137 2.51033558 0.00251033558 3.66471963
856 3137 2.51028981 0.00251028981 3.66471963
856 3136 2.51031296 0.00251031296 3.6635514
856 3136 2.51034397 0.00251034397 3.6635514
856 3136 2.51031353 0.00251031353 3.6635514
856 3136 2.51034389 0.00251034389 3.6635514
856 3136 2.51034635 0.00251034635 3.6635514
856 3136 2.51038327 0.00251038327 3.6635514
856 3136 2.51038395 0.00251038395 3.6635514
856 3136 2.51031704 0.00251031704 3.6635514
855 3133 2.50662038 0.00250662038 3.66432749
855 3133 2.50668341 0.00250668341 3.66432749
855 3133 2.50670948 0.00250670948 3.66432749
855 3133 2.50662334 0.00250662334 3.66432749
855 3133 2.50670115 0.00250670115 3.66432749
855 3133 2.50671399 0.00250671399 3.66432749
855 3133 2.50668861 0.00250668861 3.66432749
855 3133 2.50670285 0.00250670285 3.66432749
855 3133 2.50665179 0.00250665179 3.66432749
855 3133 2.50662567 0.00250662567 3.66432749
854 3129 2.50291955 0.00250291955 3.66393443
854 3129 2.50289878 0.00250289878 3.66393443
854 3128 2.50285278 0.00250285278 3.66276347
854 3128 2.50281019 0.00250281019 3.66276347
854 3126 2.50290034 0.00250290034 3.66042155
854 3130 2.50318475 0.00250318475 3.66510539
854 3130 2.50326572 0.00250326572 3.66510539
854 3130 2.50323084 0.00250323084 3.66510539
854 3130 2.50320979 0.00250320979 3.66510539
854 3130 2.50323 0.00250323 3.66510539
853 3126 2.49949645 0.00249949645 3.66471278
853 3126 2.49949894 0.00249949894 3.66471278
853 3123 2.49951393 0.00249951393 3.66119578
853 3123 2.49948194 0.00249948194 3.66119578
853 3123 2.49954632 0.00249954632 3.66119578
853 3120 2.4996603 0.0024996603 3.65767878
853 3120 2.49963702 0.00249963702 3.65767878
853 3120 2.49966608 0.00249966608 3.65767878
853 3120 2.49965878 0.00249965878 3.65767878
853 3120 2.49966371 0.00249966371 3.65767878
852 3113 2.49546208 0.00249546208 3.65375587
852 3117 2.49601574 0.00249601574 3.6584507
852 3117 2.49603964 0.00249603964 3.6584507
852 3117 2.49603633 0.00249603633 3.6584507
852 3117 2.49605331 0.00249605331 3.6584507
852 3117 2.49603932 0.00249603932 3.6584507
852 3117 2.49604808 0.00249604808 3.6584507
852 3117 2.49604784 0.00249604784 3.6584507
852 3117 2.4960282 0.0024960282 3.6584507
852 3117 2.49605417 0.00249605417 3.6584507
851 3113 2.49231056 0.00249231056 3.65804935
851 3113 2.49228158 0.00249228158 3.65804935
851 3113 2.49230539 0.00249230539 3.65804935
851 3113 2.49229012 0.00249229012 3.65804935
851 3113 2.49227475 0.00249227475 3.65804935
851 3113 2.49230569 0.00249230569 3.65804935
851 3113 2.49231183 0.00249231183 3.65804935
851 3113 2.49241018 0.00249241018 3.65804935
851 3113 2.49230766 0.00249230766 3.65804935
851 3113 2.49239136 0.00249239136 3.65804935
850 3107 2.48826623 0.00248826623 3.65529412
850 3108 2.48836838 0.00248836838 3.65647059
850 3108 2.48841404 0.00248841404 3.65647059
850 3108 2.48877911 0.00248877911 3.65647059
850 3108 2.48874887 0.00248874887 3.65647059
850 3108 2.4887468 0.0024887468 3.65647059
850 3108 2.48877481 0.00248877481 3.65647059
850 3108 2.4887784 0.0024887784 3.65647059
850 3108 2.48880161 0.00248880161 3.65647059
850 3108 2.4887897 0.0024887897 3.65647059
849 3103 2.48484242 0.00248484242 3.6548881
849 3104 2.48512123 0.00248512123 3.65606596
849 3104 2.48509793 0.00248509793 3.65606596
849 3103 2.48512377 0.00248512377 3.6548881
849 3103 2.48504973 0.00248504973 3.6548881
849 3103 2.48505745 0.00248505745 3.6548881
849 3103 2.48507657 0.00248507657 3.6548881
849 3103 2.48511157 0.00248511157 3.6548881
849 3103 2.48511061 0.00248511061 3.6548881
849 3103 2.48509733 0.00248509733 3.6548881
848 3097 2.48105984 0.00248105984 3.65212264
848 3095 2.481136 0.002481136 3.64976415
848 3094 2.4812922 0.0024812922 3.64858491
848 3094 2.48122872 0.00248122872 3.64858491
848 3094 2.48124308 0.00248124308 3.64858491
848 3094 2.48127089 0.00248127089 3.64858491
848 3094 2.48124568 0.00248124568 3.64858491
848 3094 2.48125673 0.00248125673 3.64858491
848 3094 2.48128759 0.00248128759 3.64858491
848 3098 2.4814283 0.0024814283 3.65330189
847 3092 2.47732476 0.00247732476 3.65053129
847 3092 2.47733449 0.00247733449 3.65053129
847 3092 2.47730834 0.00247730834 3.65053129
847 3091 2.4772714 0.0024772714 3.64935065
847 3091 2.4773065 0.0024773065 3.64935065
847 3092 2.47727693 0.00247727693 3.65053129
847 3090 2.47735932 0.00247735932 3.64817001
847 3090 2.47736125 0.00247736125 3.64817001
847 3094 2.47776751 0.00247776751 3.65289256
847 3094 2.4776788 0.0024776788 3.65289256
846 3090 2.47332446 0.00247332446 3.65248227
846 3088 2.47373926 0.00247373926 3.6501182
846 3088 2.47372975 0.00247372975 3.6501182
846 3088 2.47373871 0.00247373871 3.6501182
846 3088 2.47372014 0.00247372014 3.6501182
846 3085 2.47380753 0.00247380753 3.6465721
846 3085 2.47384493 0.00247384493 3.6465721
846 3087 2.47371241 0.00247371241 3.64893617
846 3087 2.47365665 0.00247365665 3.64893617
846 3087 2.47366294 0.00247366294 3.64893617
845 3080 2.46964576 0.00246964576 3.64497041
845 3078 2.46988237 0.00246988237 3.64260355
845 3078 2.46989295 0.00246989295 3.64260355
845 3078 2.46985007 0.00246985007 3.64260355
845 3079 2.46866664 0.00246866664 3.64378698
845 3079 2.46869771 0.00246869771 3.64378698
845 3079 2.46871569 0.00246871569 3.64378698
845 3079 2.46864436 0.00246864436 3.64378698
845 3079 2.4686555 0.0024686555 3.64378698
845 3079 2.46861201 0.00246861201 3.64378698
844 3072 2.46624932 0.00246624932 3.63981043
844 3072 2.46633019 0.00246633019 3.63981043
844 3072 2.46630898 0.00246630898 3.63981043
844 3072 2.46630717 0.00246630717 3.63981043
844 3072 2.46636035 0.00246636035 3.63981043
844 3072 2.4663399 0.0024663399 3.63981043
844 3072 2.46630831 0.00246630831 3.63981043
844 3072 2.46635219 0.00246635219 3.63981043
844 3072 2.46633336 0.00246633336 3.63981043
844 3072 2.46635409 0.00246635409 3.63981043
843 3065 2.46235205 0.00246235205 3.63582444
843 3065 2.46241267 0.00246241267 3.63582444
843 3065 2.46236716 0.00246236716 3.63582444
843 3066 2.46234713 0.00246234713 3.63701068
843 3066 2.46234546 0.00246234546 3.63701068
843 3066 2.46234979 0.00246234979 3.63701068
843 3066 2.46234887 0.00246234887 3.63701068
843 3066 2.46239797 0.00246239797 3.63701068
843 3066 2.46235153 0.00246235153 3.63701068
843 3066 2.46239401 0.00246239401 3.63701068
842 3059 2.45838027 0.00245838027 3.63301663
842 3059 2.45833864 0.00245833864 3.63301663
842 3058 2.45854467 0.00245854467 3.63182898
842 3058 2.45861184 0.00245861184 3.63182898
842 3058 2.45861601 0.00245861601 3.63182898
842 3061 2.45884942 0.00245884942 3.63539192
842 3061 2.45876087 0.00245876087 3.63539192
842 3061 2.45879531 0.00245879531 3.63539192
842 3061 2.45879244 0.00245879244 3.63539192
842 3061 2.45878683 0.00245878683 3.63539192
841 3053 2.45449214 0.00245449214 3.63020214
841 3053 2.45444937 0.00245444937 3.63020214
841 3055 2.45491882 0.00245491882 3.63258026
841 3054 2.45495643 0.00245495643 3.6313912
841 3054 2.45492046 0.00245492046 3.6313912
841 3054 2.45499052 0.00245499052 3.6313912
841 3054 2.45493619 0.00245493619 3.6313912
841 3055 2.45388755 0.00245388755 3.63258026
841 3055 2.45388231 0.00245388231 3.63258026
841 3055 2.4538643 0.0024538643 3.63258026
840 3047 2.4498805 0.0024498805 3.62738095
840 3047 2.44990756 0.00244990756 3.62738095
840 3048 2.44975127 0.00244975127 3.62857143
840 3047 2.44991025 0.00244991025 3.62738095
840 3047 2.44987377 0.00244987377 3.62738095
840 3047 2.44986367 0.00244986367 3.62738095
840 3047 2.44989888 0.00244989888 3.62738095
840 3047 2.44988224 0.00244988224 3.62738095
840 3047 2.4498978 0.0024498978 3.62738095
840 3047 2.44988289 0.00244988289 3.62738095
839 3036 2.44568464 0.00244568464 3.61859356
839 3039 2.44572497 0.00244572497 3.62216925
839 3039 2.44572957 0.00244572957 3.62216925
839 3039 2.44569161 0.00244569161 3.62216925
839 3039 2.44568741 0.00244568741 3.62216925
839 3040 2.44596928 0.00244596928 3.62336114
839 3040 2.44599708 0.00244599708 3.62336114
839 3040 2.44597153 0.00244597153 3.62336114
839 3040 2.44601142 0.00244601142 3.62336114
839 3040 2.44595044 0.00244595044 3.62336114
838 3032 2.44371224 0.00244371224 3.61813842
838 3032 2.4437289 0.0024437289 3.61813842
838 3032 2.44373603 0.00244373603 3.61813842
838 3032 2.44374883 0.00244374883 3.61813842
838 3032 2.44376385 0.00244376385 3.61813842
838 3032 2.44374142 0.00244374142 3.61813842
838 3030 2.44414057 0.00244414057 3.61575179
838 3030 2.44407614 0.00244407614 3.61575179
838 3030 2.44404925 0.00244404925 3.61575179
838 3030 2.44408282 0.00244408282 3.61575179
837 3023 2.43979948 0.00243979948 3.61170848
837 3024 2.44028165 0.00244028165 3.61290323
837 3024 2.44028284 0.00244028284 3.61290323
837 3024 2.44027259 0.00244027259 3.61290323
837 3024 2.44029637 0.00244029637 3.61290323
837 3024 2.44033019 0.00244033019 3.61290323
837 3024 2.44030607 0.00244030607 3.61290323
837 3024 2.44031884 0.00244031884 3.61290323
837 3024 2.4402835 0.0024402835 3.61290323
837 3024 2.44029487 0.00244029487 3.61290323
836 3016 2.43608523 0.00243608523 3.6076555
836 3017 2.43626096 0.00243626096 3.60885167
836 3020 2.43609506 0.00243609506 3.61244019
836 3020 2.43611938 0.00243611938 3.61244019
836 3018 2.43597626 0.00243597626 3.61004785
836 3018 2.43597412 0.00243597412 3.61004785
836 3018 2.43598401 0.00243598401 3.61004785
836 3020 2.43794477 0.00243794477 3.61244019
836 3020 2.43795984 0.00243795984 3.61244019
836 3020 2.43794502 0.00243794502 3.61244019
835 3012 2.43362774 0.00243362774 3.60718563
835 3016 2.43370583 0.00243370583 3.61197605
835 3013 2.43410394 0.00243410394 3.60838323
835 3013 2.43409992 0.00243409992 3.60838323
835 3013 2.43427156 0.00243427156 3.60838323
834 3008 2.43086832 0.00243086832 3.60671463
834 3008 2.43088755 0.00243088755 3.60671463
834 3008 2.43087082 0.00243087082 3.60671463
834 3008 2.43086432 0.00243086432 3.60671463
834 3008 2.43083646 0.00243083646 3.60671463
833 2997 2.42674121 0.00242674121 3.59783914
833 2997 2.42675349 0.00242675349 3.59783914
833 3000 2.4268648 0.0024268648 3.60144058
833 3000 2.42682266 0.00242682266 3.60144058
833 3000 2.42686057 0.00242686057 3.60144058
833 3000 2.42683227 0.00242683227 3.60144058
833 3000 2.42680273 0.00242680273 3.60144058
833 3000 2.42681802 0.00242681802 3.60144058
833 3000 2.42679732 0.00242679732 3.60144058
833 3000 2.42683037 0.00242683037 3.60144058
832 2992 2.42295692 0.00242295692 3.59615385
832 2992 2.42296013 0.00242296013 3.59615385
832 2992 2.42293091 0.00242293091 3.59615385
832 2992 2.42292562 0.00242292562 3.59615385
832 2992 2.42294986 0.00242294986 3.59615385
832 2992 2.42298353 0.00242298353 3.59615385
832 2993 2.42299586 0.00242299586 3.59735577
832 2993 2.42300947 0.00242300947 3.59735577
832 2993 2.42301609 0.00242301609 3.59735577
832 2993 2.42304445 0.00242304445 3.59735577
831 2982 2.41890206 0.00241890206 3.58844765
831 2982 2.41890284 0.00241890284 3.58844765
831 2982 2.41889104 0.00241889104 3.58844765
831 2982 2.41892516 0.00241892516 3.58844765
831 2982 2.4189528 0.0024189528 3.58844765
831 2982 2.4189215 0.0024189215 3.58844765
831 2982 2.41889624 0.00241889624 3.58844765
831 2985 2.41909234 0.00241909234 3.59205776
831 2985 2.41909363 0.00241909363 3.59205776
831 2985 2.41910036 0.00241910036 3.59205776
830 2976 2.41488342 0.00241488342 3.58554217
830 2976 2.41502005 0.00241502005 3.58554217
830 2976 2.4149883 0.0024149883 3.58554217
830 2976 2.41494189 0.00241494189 3.58554217
830 2976 2.4150075 0.0024150075 3.58554217
830 2976 2.41503796 0.00241503796 3.58554217
830 2976 2.4150203 0.0024150203 3.58554217
830 2976 2.41494119 0.00241494119 3.58554217
830 2976 2.41500496 0.00241500496 3.58554217
830 2976 2.41497137 0.00241497137 3.58554217
829 2965 2.41091054 0.00241091054 3.57659831
829 2965 2.41096616 0.00241096616 3.57659831
829 2971 2.4109548 0.0024109548 3.58383595
829 2971 2.41093235 0.00241093235 3.58383595
829 2971 2.41095083 0.00241095083 3.58383595
829 2970 2.41162159 0.00241162159 3.58262967
829 2970 2.41161979 0.00241161979 3.58262967
829 2970 2.41172096 0.00241172096 3.58262967
829 2970 2.41174533 0.00241174533 3.58262967
829 2970 2.411728 0.002411728 3.58262967
828 2964 2.40719417 0.00240719417 3.57971014
828 2965 2.4077873 0.0024077873 3.58091787
828 2965 2.40773639 0.00240773639 3.58091787
828 2965 2.40775218 0.00240775218 3.58091787
828 2965 2.40771276 0.00240771276 3.58091787
828 2965 2.40771699 0.00240771699 3.58091787
828 2961 2.40764149 0.00240764149 3.57608696
828 2961 2.40765512 0.00240765512 3.57608696
828 2961 2.40767309 0.00240767309 3.57608696
828 2960 2.40811176 0.00240811176 3.57487923
827 2955 2.40378724 0.00240378724 3.57315599
827 2955 2.40383916 0.00240383916 3.57315599
827 2953 2.40394556 0.00240394556 3.57073761
827 2953 2.40399319 0.00240399319 3.57073761
827 2949 2.40414434 0.00240414434 3.56590085
827 2949 2.40416699 0.00240416699 3.56590085
827 2949 2.40412206 0.00240412206 3.56590085
827 2949 2.40412832 0.00240412832 3.56590085
827 2949 2.40413272 0.00240413272 3.56590085
827 2949 2.40413049 0.00240413049 3.56590085
826 2944 2.39986459 0.00239986459 3.56416465
826 2942 2.400009 0.002400009 3.56174334
826 2942 2.39999983 0.00239999983 3.56174334
826 2942 2.3999557 0.0023999557 3.56174334
826 2942 2.39997667 0.00239997667 3.56174334
826 2942 2.39997344 0.00239997344 3.56174334
826 2942 2.39997548 0.00239997548 3.56174334
826 2944 2.40038589 0.00240038589 3.56416465
826 2944 2.40034695 0.00240034695 3.56416465
826 2944 2.40033024 0.00240033024 3.56416465
825 2941 2.39582092 0.00239582092 3.56484848
825 2936 2.39616216 0.00239616216 3.55878788
825 2936 2.39621728 0.00239621728 3.55878788
825 2937 2.39611513 0.00239611513 3.56
825 2936 2.39744566 0.00239744566 3.55878788
825 2936 2.39743012 0.00239743012 3.55878788
825 2936 2.3974457 0.0023974457 3.55878788
825 2936 2.39747225 0.00239747225 3.55878788
825 2936 2.39744174 0.00239744174 3.55878788
825 2936 2.39746355 0.00239746355 3.55878788
824 2931 2.39316583 0.00239316583 3.55703883
824 2931 2.39318091 0.00239318091 3.55703883
824 2931 2.3931997 0.0023931997 3.55703883
824 2931 2.39319558 0.00239319558 3.55703883
824 2935 2.39359451 0.00239359451 3.5618932
824 2935 2.39360326 0.00239360326 3.5618932
824 2935 2.39359274 0.00239359274 3.5618932
824 2935 2.39359201 0.00239359201 3.5618932
824 2935 2.39363173 0.00239363173 3.5618932
824 2935 2.3936019 0.0023936019 3.5618932
823 2928 2.38947554 0.00238947554 3.55771567
823 2928 2.38942235 0.00238942235 3.55771567
823 2931 2.38963011 0.00238963011 3.56136087
823 2934 2.38964276 0.00238964276 3.56500608
823 2934 2.38961392 0.00238961392 3.56500608
823 2934 2.38965024 0.00238965024 3.56500608
823 2934 2.38963148 0.00238963148 3.56500608
823 2934 2.38962815 0.00238962815 3.56500608
823 2934 2.38958477 0.00238958477 3.56500608
823 2936 2.38658434 0.00238658434 3.56743621
822 2927 2.38572015 0.00238572015 3.56082725
822 2927 2.3856762 0.0023856762 3.56082725
822 2928 2.38539775 0.00238539775 3.5620438
822 2927 2.38893516 0.00238893516 3.56082725
822 2922 2.38946403 0.00238946403 3.55474453
822 2922 2.38943317 0.00238943317 3.55474453
822 2922 2.38946 0.00238946 3.55474453
822 2922 2.3894762 0.0023894762 3.55474453
822 2920 2.38974991 0.00238974991 3.55231144
822 2924 2.38940741 0.00238940741 3.55717762
821 2920 2.38606233 0.00238606233 3.55663825
821 2920 2.38606977 0.00238606977 3.55663825
821 2920 2.3829424 0.0023829424 3.55663825
821 2926 2.38362237 0.00238362237 3.56394641
821 2926 2.38356339 0.00238356339 3.56394641
821 2926 2.38365372 0.00238365372 3.56394641
821 2926 2.38361635 0.00238361635 3.56394641
821 2926 2.38359448 0.00238359448 3.56394641
821 2926 2.3836203 0.0023836203 3.56394641
821 2926 2.38360234 0.00238360234 3.56394641
820 2923 2.37976651 0.00237976651 3.56463415
820 2917 2.3796607 0.0023796607 3.55731707
820 2917 2.37974617 0.00237974617 3.55731707
820 2917 2.3797384 0.0023797384 3.55731707
820 2917 2.37967947 0.00237967947 3.55731707
820 2917 2.37973918 0.00237973918 3.55731707
820 2918 2.38333578 0.00238333578 3.55853659
819 2911 2.37985872 0.00237985872 3.55433455
819 2911 2.37985939 0.00237985939 3.55433455
819 2911 2.37988999 0.00237988999 3.55433455
818 2905 2.37591103 0.00237591103 3.55134474
818 2902 2.3760154 0.0023760154 3.54767726
818 2908 2.37602631 0.00237602631 3.55501222
818 2904 2.37599104 0.00237599104 3.55012225
818 2904 2.37602464 0.00237602464 3.55012225
818 2904 2.37598244 0.00237598244 3.55012225
818 2904 2.37599545 0.00237599545 3.55012225
818 2904 2.37598002 0.00237598002 3.55012225
818 2904 2.37599484 0.00237599484 3.55012225
818 2904 2.3760251 0.0023760251 3.55012225
817 2895 2.37189243 0.00237189243 3.54345165
817 2901 2.37215182 0.00237215182 3.55079559
817 2899 2.37190023 0.00237190023 3.54834761
817 2899 2.37191569 0.00237191569 3.54834761
817 2899 2.37187543 0.00237187543 3.54834761
817 2899 2.37193267 0.00237193267 3.54834761
817 2899 2.37190663 0.00237190663 3.54834761
817 2899 2.37189524 0.00237189524 3.54834761
817 2899 2.37188071 0.00237188071 3.54834761
817 2899 2.37186406 0.00237186406 3.54834761
816 2896 2.36755321 0.00236755321 3.54901961
816 2896 2.36754748 0.00236754748 3.54901961
816 2890 2.36786225 0.00236786225 3.54166667
816 2890 2.36775413 0.00236775413 3.54166667
816 2892 2.36790332 0.00236790332 3.54411765
816 2890 2.36809706 0.00236809706 3.54166667
816 2890 2.36808988 0.00236808988 3.54166667
816 2890 2.36800809 0.00236800809 3.54166667
816 2890 2.36811009 0.00236811009 3.54166667
816 2890 2.36801729 0.00236801729 3.54166667
815 2887 2.3645322 0.0023645322 3.54233129
815 2887 2.36454358 0.00236454358 3.54233129
815 2887 2.3645708 0.0023645708 3.54233129
815 2887 2.36454047 0.00236454047 3.54233129
815 2887 2.36456501 0.00236456501 3.54233129
815 2887 2.36453145 0.00236453145 3.54233129
815 2887 2.36453441 0.00236453441 3.54233129
815 2890 2.36461639 0.00236461639 3.54601227
815 2890 2.36454464 0.00236454464 3.54601227
815 2890 2.36458814 0.00236458814 3.54601227
814 2884 2.36042187 0.00236042187 3.54299754
814 2884 2.36040743 0.00236040743 3.54299754
814 2884 2.36038125 0.00236038125 3.54299754
814 2881 2.36042853 0.00236042853 3.53931204
814 2881 2.36045944 0.00236045944 3.53931204
814 2883 2.36071728 0.00236071728 3.54176904
814 2883 2.36068349 0.00236068349 3.54176904
814 2883 2.36075855 0.00236075855 3.54176904
814 2885 2.3608283 0.0023608283 3.54422604
814 2885 2.36087616 0.00236087616 3.54422604
813 2879 2.35699098 0.00235699098 3.54120541
813 2879 2.35700079 0.00235700079 3.54120541
813 2879 2.35699537 0.00235699537 3.54120541
813 2879 2.35700718 0.00235700718 3.54120541
813 2879 2.35701048 0.00235701048 3.54120541
813 2876 2.35675817 0.00235675817 3.53751538
812 2870 2.35329568 0.00235329568 3.53448276
812 2870 2.35329955 0.00235329955 3.53448276
812 2870 2.35331817 0.00235331817 3.53448276
812 2870 2.3532805 0.0023532805 3.53448276
811 2860 2.34925689 0.00234925689 3.52651048
811 2860 2.34922034 0.00234922034 3.52651048
811 2860 2.34925303 0.00234925303 3.52651048
811 2860 2.34921597 0.00234921597 3.52651048
811 2860 2.34919177 0.00234919177 3.52651048
811 2860 2.34922567 0.00234922567 3.52651048
811 2860 2.34918993 0.00234918993 3.52651048
811 2860 2.34919531 0.00234919531 3.52651048
811 2860 2.34922381 0.00234922381 3.52651048
811 2860 2.34921488 0.00234921488 3.52651048
810 2853 2.34540605 0.00234540605 3.52222222
810 2853 2.34541943 0.00234541943 3.52222222
810 2853 2.34541351 0.00234541351 3.52222222
810 2853 2.34541627 0.00234541627 3.52222222
810 2853 2.34540334 0.00234540334 3.52222222
810 2853 2.3454205 0.0023454205 3.52222222
810 2853 2.34541884 0.00234541884 3.52222222
810 2853 2.34540477 0.00234540477 3.52222222
810 2853 2.34545015 0.00234545015 3.52222222
810 2853 2.34541357 0.00234541357 3.52222222
809 2846 2.34129185 0.00234129185 3.51792336
809 2846 2.34141611 0.00234141611 3.51792336
809 2846 2.34136113 0.00234136113 3.51792336
809 2846 2.34139567 0.00234139567 3.51792336
809 2846 2.34138876 0.00234138876 3.51792336
809 2846 2.34142547 0.00234142547 3.51792336
809 2846 2.34140931 0.00234140931 3.51792336
809 2846 2.34137941 0.00234137941 3.51792336
809 2846 2.34141587 0.00234141587 3.51792336
809 2846 2.34136738 0.00234136738 3.51792336
808 2839 2.33729165 0.00233729165 3.51361386
808 2839 2.33732115 0.00233732115 3.51361386
808 2840 2.33732866 0.00233732866 3.51485149
808 2837 2.33570987 0.00233570987 3.51113861
808 2837 2.33571381 0.00233571381 3.51113861
808 2837 2.33570426 0.00233570426 3.51113861
808 2837 2.33572414 0.00233572414 3.51113861
808 2838 2.33696015 0.00233696015 3.51237624
808 2838 2.33693076 0.00233693076 3.51237624
808 2838 2.3368943 0.0023368943 3.51237624
807 2835 2.33279326 0.00233279326 3.51301115
807 2831 2.3328808 0.0023328808 3.50805452
807 2836 2.33283101 0.00233283101 3.51425031
807 2836 2.33290576 0.00233290576 3.51425031
807 2836 2.33286995 0.00233286995 3.51425031
807 2836 2.33286834 0.00233286834 3.51425031
807 2836 2.33286337 0.00233286337 3.51425031
807 2836 2.33288864 0.00233288864 3.51425031
807 2836 2.33290128 0.00233290128 3.51425031
807 2836 2.33285761 0.00233285761 3.51425031
806 2829 2.32828157 0.00232828157 3.50992556
806 2828 2.32880131 0.00232880131 3.50868486
806 2828 2.32879286 0.00232879286 3.50868486
806 2823 2.32885638 0.00232885638 3.50248139
806 2827 2.3322248 0.0023322248 3.50744417
806 2827 2.33220758 0.00233220758 3.50744417
806 2825 2.33227388 0.00233227388 3.50496278
806 2825 2.33225201 0.00233225201 3.50496278
806 2825 2.3322823 0.0023322823 3.50496278
806 2825 2.33229601 0.00233229601 3.50496278
805 2822 2.32816105 0.00232816105 3.50559006
805 2822 2.32817779 0.00232817779 3.50559006
805 2822 2.32805792 0.00232805792 3.50559006
805 2822 2.32816632 0.00232816632 3.50559006
805 2822 2.32810748 0.00232810748 3.50559006
805 2821 2.32738517 0.00232738517 3.50434783
805 2821 2.32650231 0.00232650231 3.50434783
805 2825 2.32651304 0.00232651304 3.50931677
805 2825 2.32676743 0.00232676743 3.50931677
805 2825 2.3267132 0.0023267132 3.50931677
803 2814 2.32373592 0.00232373592 3.50435866
803 2821 2.32531836 0.00232531836 3.51307597
803 2821 2.32532024 0.00232532024 3.51307597
803 2821 2.32526034 0.00232526034 3.51307597
803 2821 2.32532409 0.00232532409 3.51307597
803 2821 2.32531239 0.00232531239 3.51307597
803 2825 2.32876943 0.00232876943 3.51805729
803 2825 2.32875132 0.00232875132 3.51805729
803 2825 2.32872731 0.00232872731 3.51805729
802 2815 2.32728176 0.00232728176 3.50997506
801 2805 2.32329103 0.00232329103 3.50187266
801 2805 2.32326642 0.00232326642 3.50187266
801 2813 2.32330892 0.00232330892 3.51186017
801 2808 2.32354865 0.00232354865 3.50561798
801 2808 2.32354171 0.00232354171 3.50561798
801 2808 2.32350692 0.00232350692 3.50561798
801 2808 2.32354751 0.00232354751 3.50561798
801 2808 2.32352912 0.00232352912 3.50561798
801 2808 2.32351558 0.00232351558 3.50561798
801 2808 2.32356709 0.00232356709 3.50561798
800 2802 2.31889525 0.00231889525 3.5025
800 2801 2.31945081 0.00231945081 3.50125
800 2801 2.31949261 0.00231949261 3.50125
800 2801 2.31949604 0.00231949604 3.50125
800 2801 2.31951305 0.00231951305 3.50125
800 2798 2.3195269 0.0023195269 3.4975
800 2798 2.31957449 0.00231957449 3.4975
800 2798 2.31950279 0.00231950279 3.4975
800 2798 2.31950847 0.00231950847 3.4975
800 2798 2.31950091 0.00231950091 3.4975
799 2793 2.31497984 0.00231497984 3.49561952
799 2793 2.31505333 0.00231505333 3.49561952
799 2790 2.31542884 0.00231542884 3.49186483
799 2790 2.31544657 0.00231544657 3.49186483
799 2790 2.31546873 0.00231546873 3.49186483
799 2790 2.31539149 0.00231539149 3.49186483
799 2790 2.31549695 0.00231549695 3.49186483
799 2790 2.31549995 0.00231549995 3.49186483
799 2791 2.31557989 0.00231557989 3.4931164
799 2791 2.315494 0.002315494 3.4931164
798 2788 2.31122992 0.00231122992 3.49373434
798 2788 2.31125461 0.00231125461 3.49373434
798 2783 2.31154613 0.00231154613 3.48746867
798 2783 2.31156454 0.00231156454 3.48746867
798 2783 2.31152752 0.00231152752 3.48746867
798 2783 2.31154056 0.00231154056 3.48746867
798 2783 2.31151818 0.00231151818 3.48746867
798 2783 2.31154604 0.00231154604 3.48746867
798 2783 2.3115487 0.0023115487 3.48746867
798 2783 2.31150759 0.00231150759 3.48746867
797 2775 2.30699796 0.00230699796 3.48180678
797 2776 2.30704225 0.00230704225 3.48306148
797 2780 2.30724736 0.00230724736 3.4880803
797 2776 2.30724828 0.00230724828 3.48306148
797 2776 2.30728843 0.00230728843 3.48306148
797 2776 2.3072921 0.0023072921 3.48306148
797 2776 2.30725931 0.00230725931 3.48306148
797 2776 2.30723646 0.00230723646 3.48306148
797 2776 2.30727239 0.00230727239 3.48306148
797 2781 2.30749958 0.00230749958 3.48933501
796 2775 2.30267206 0.00230267206 3.4861809
796 2774 2.30170903 0.00230170903 3.48492462
796 2774 2.30175971 0.00230175971 3.48492462
796 2774 2.30169286 0.00230169286 3.48492462
796 2774 2.30176611 0.00230176611 3.48492462
796 2777 2.30177949 0.00230177949 3.48869347
796 2777 2.30177583 0.00230177583 3.48869347
796 2777 2.3017137 0.0023017137 3.48869347
796 2777 2.30167298 0.00230167298 3.48869347
796 2777 2.30171203 0.00230171203 3.48869347
795 2771 2.30175019 0.00230175019 3.48553459
795 2771 2.30172321 0.00230172321 3.48553459
795 2771 2.30171125 0.00230171125 3.48553459
795 2771 2.30168922 0.00230168922 3.48553459
795 2771 2.30177342 0.00230177342 3.48553459
795 2771 2.30174273 0.00230174273 3.48553459
795 2763 2.3017668 0.0023017668 3.4754717
795 2763 2.30176962 0.00230176962 3.4754717
795 2763 2.3018014 0.0023018014 3.4754717
795 2763 2.30176981 0.00230176981 3.4754717
794 2755 2.29681781 0.00229681781 3.4697733
794 2757 2.29752955 0.00229752955 3.47229219
794 2756 2.29774487 0.00229774487 3.47103275
794 2756 2.29771153 0.00229771153 3.47103275
794 2756 2.29768861 0.00229768861 3.47103275
794 2756 2.29764127 0.00229764127 3.47103275
794 2756 2.29764739 0.00229764739 3.47103275
794 2756 2.29767006 0.00229767006 3.47103275
794 2756 2.29762945 0.00229762945 3.47103275
794 2756 2.29769144 0.00229769144 3.47103275
793 2751 2.29331598 0.00229331598 3.46910467
793 2751 2.29340831 0.00229340831 3.46910467
793 2751 2.29335824 0.00229335824 3.46910467
793 2753 2.29341123 0.00229341123 3.47162673
793 2754 2.29360489 0.00229360489 3.47288777
793 2754 2.29375192 0.00229375192 3.47288777
793 2754 2.29373969 0.00229373969 3.47288777
793 2754 2.29371617 0.00229371617 3.47288777
793 2758 2.29356164 0.00229356164 3.4779319
793 2758 2.29359882 0.00229359882 3.4779319
792 2753 2.28928461 0.00228928461 3.4760101
792 2750 2.2896098 0.0022896098 3.47222222
792 2750 2.28960344 0.00228960344 3.47222222
792 2750 2.28959762 0.00228959762 3.47222222
792 2750 2.28959559 0.00228959559 3.47222222
792 2746 2.28799267 0.00228799267 3.46717172
792 2746 2.28799907 0.00228799907 3.46717172
792 2746 2.28804027 0.00228804027 3.46717172
792 2746 2.2880272 0.0022880272 3.46717172
792 2746 2.28793134 0.00228793134 3.46717172
791 2736 2.28304136 0.00228304136 3.45891277
791 2740 2.28384289 0.00228384289 3.46396966
791 2740 2.28394519 0.00228394519 3.46396966
791 2740 2.28386537 0.00228386537 3.46396966
791 2740 2.28383269 0.00228383269 3.46396966
791 2743 2.28559795 0.00228559795 3.46776233
791 2743 2.28562788 0.00228562788 3.46776233
791 2743 2.28564561 0.00228564561 3.46776233
791 2743 2.28563098 0.00228563098 3.46776233
791 2743 2.28562154 0.00228562154 3.46776233
790 2738 2.28143507 0.00228143507 3.46582278
790 2738 2.28141691 0.00228141691 3.46582278
790 2738 2.28141964 0.00228141964 3.46582278
790 2738 2.28141953 0.00228141953 3.46582278
790 2738 2.28150438 0.00228150438 3.46582278
790 2738 2.28146689 0.00228146689 3.46582278
790 2738 2.28142537 0.00228142537 3.46582278
790 2738 2.2814219 0.0022814219 3.46582278
790 2738 2.28146349 0.00228146349 3.46582278
790 2738 2.28144236 0.00228144236 3.46582278
789 2732 2.27706422 0.00227706422 3.4626109
789 2732 2.27737878 0.00227737878 3.4626109
789 2732 2.27732553 0.00227732553 3.4626109
789 2732 2.27738565 0.00227738565 3.4626109
789 2732 2.2773564 0.0022773564 3.4626109
789 2732 2.27729954 0.00227729954 3.4626109
789 2732 2.27737789 0.00227737789 3.4626109
789 2732 2.27735669 0.00227735669 3.4626109
789 2732 2.27734065 0.00227734065 3.4626109
789 2732 2.27731339 0.00227731339 3.4626109
788 2724 2.27261109 0.00227261109 3.45685279
788 2726 2.2729442 0.0022729442 3.45939086
788 2726 2.27297579 0.00227297579 3.45939086
788 2726 2.27299464 0.00227299464 3.45939086
788 2726 2.27297834 0.00227297834 3.45939086
788 2726 2.27297124 0.00227297124 3.45939086
788 2726 2.27299097 0.00227299097 3.45939086
788 2726 2.27303536 0.00227303536 3.45939086
788 2726 2.27295262 0.00227295262 3.45939086
788 2726 2.27292019 0.00227292019 3.45939086
787 2719 2.2678029 0.0022678029 3.45489199
787 2719 2.26862574 0.00226862574 3.45489199
787 2719 2.26869113 0.00226869113 3.45489199
787 2719 2.26871223 0.00226871223 3.45489199
787 2719 2.26871829 0.00226871829 3.45489199
787 2719 2.2686728 0.0022686728 3.45489199
787 2719 2.26869226 0.00226869226 3.45489199
787 2719 2.2686716 0.0022686716 3.45489199
787 2719 2.26863828 0.00226863828 3.45489199
787 2719 2.26865876 0.00226865876 3.45489199
786 2714 2.26374795 0.00226374795 3.45292621
786 2711 2.26269267 0.00226269267 3.44910941
786 2711 2.26278608 0.00226278608 3.44910941
786 2711 2.26274178 0.00226274178 3.44910941
786 2711 2.26273709 0.00226273709 3.44910941
786 2711 2.26269703 0.00226269703 3.44910941
786 2711 2.26278946 0.00226278946 3.44910941
786 2711 2.26276584 0.00226276584 3.44910941
786 2711 2.26274523 0.00226274523 3.44910941
786 2711 2.26273984 0.00226273984 3.44910941
785 2706 2.25932811 0.00225932811 3.44713376
785 2706 2.25926739 0.00225926739 3.44713376
785 2706 2.25928681 0.00225928681 3.44713376
785 2706 2.25927331 0.00225927331 3.44713376
785 2706 2.25930742 0.00225930742 3.44713376
785 2706 2.25930656 0.00225930656 3.44713376
785 2708 2.25923469 0.00225923469 3.44968153
785 2708 2.25926299 0.00225926299 3.44968153
785 2708 2.25924922 0.00225924922 3.44968153
785 2708 2.25923606 0.00225923606 3.44968153
784 2701 2.25470469 0.00225470469 3.44515306
784 2700 2.25486114 0.00225486114 3.44387755
784 2691 2.25365703 0.00225365703 3.43239796
784 2691 2.25366018 0.00225366018 3.43239796
784 2693 2.25578764 0.00225578764 3.43494898
784 2693 2.25585182 0.00225585182 3.43494898
784 2693 2.2557577 0.0022557577 3.43494898
784 2693 2.25578241 0.00225578241 3.43494898
784 2693 2.25578244 0.00225578244 3.43494898
784 2693 2.25577084 0.00225577084 3.43494898
783 2686 2.25129491 0.00225129491 3.43039591
783 2686 2.25131341 0.00225131341 3.43039591
783 2686 2.25131452 0.00225131452 3.43039591
783 2686 2.25128285 0.00225128285 3.43039591
783 2685 2.25139271 0.00225139271 3.42911877
783 2685 2.25139839 0.00225139839 3.42911877
783 2685 2.25139213 0.00225139213 3.42911877
783 2685 2.25134629 0.00225134629 3.42911877
783 2685 2.25133958 0.00225133958 3.42911877
783 2685 2.25137616 0.00225137616 3.42911877
782 2677 2.24681008 0.00224681008 3.42327366
782 2677 2.24680554 0.00224680554 3.42327366
782 2678 2.24680459 0.00224680459 3.42455243
782 2681 2.24679487 0.00224679487 3.42838875
782 2681 2.24681077 0.00224681077 3.42838875
782 2681 2.24677567 0.00224677567 3.42838875
782 2681 2.24679419 0.00224679419 3.42838875
782 2681 2.24678922 0.00224678922 3.42838875
782 2676 2.24656181 0.00224656181 3.42199488
782 2676 2.24654479 0.00224654479 3.42199488
781 2669 2.24185236 0.00224185236 3.41741357
781 2668 2.24197657 0.00224197657 3.41613316
781 2672 2.24237189 0.00224237189 3.4212548
781 2672 2.24235909 0.00224235909 3.4212548
781 2678 2.23905953 0.00223905953 3.42893726
781 2678 2.23906901 0.00223906901 3.42893726
781 2678 2.239061 0.002239061 3.42893726
781 2678 2.23900297 0.00223900297 3.42893726
780 2669 2.23824429 0.00223824429 3.42179487
780 2669 2.23819002 0.00223819002 3.42179487
779 2666 2.2330116 0.0022330116 3.42233633
779 2662 2.2337523 0.0022337523 3.41720154
779 2662 2.23365299 0.00223365299 3.41720154
779 2662 2.23725846 0.00223725846 3.41720154
779 2662 2.23732184 0.00223732184 3.41720154
779 2662 2.23725645 0.00223725645 3.41720154
779 2662 2.23719485 0.00223719485 3.41720154
779 2662 2.23726621 0.00223726621 3.41720154
779 2662 2.23726413 0.00223726413 3.41720154
779 2662 2.23724849 0.00223724849 3.41720154
778 2656 2.23238226 0.00223238226 3.41388175
778 2652 2.2324707 0.0022324707 3.40874036
778 2652 2.23247117 0.00223247117 3.40874036
778 2652 2.23249935 0.00223249935 3.40874036
778 2652 2.23248061 0.00223248061 3.40874036
778 2654 2.23273798 0.00223273798 3.41131105
778 2654 2.23264269 0.00223264269 3.41131105
778 2654 2.23282404 0.00223282404 3.41131105
778 2656 2.23235429 0.00223235429 3.41388175
778 2656 2.2323256 0.0022323256 3.41388175
777 2648 2.22776057 0.00222776057 3.40797941
777 2648 2.22769758 0.00222769758 3.40797941
777 2648 2.22775025 0.00222775025 3.40797941
777 2648 2.22770737 0.00222770737 3.40797941
777 2649 2.2280303 0.0022280303 3.40926641
777 2649 2.22793577 0.00222793577 3.40926641
777 2649 2.22797457 0.00222797457 3.40926641
777 2649 2.22794785 0.00222794785 3.40926641
777 2649 2.22798352 0.00222798352 3.40926641
777 2649 2.2279816 0.0022279816 3.40926641
776 2642 2.22351034 0.00222351034 3.40463918
776 2641 2.22472652 0.00222472652 3.40335052
776 2641 2.22474716 0.00222474716 3.40335052
776 2641 2.22473642 0.00222473642 3.40335052
776 2641 2.22469864 0.00222469864 3.40335052
776 2641 2.22472204 0.00222472204 3.40335052
776 2641 2.22477631 0.00222477631 3.40335052
776 2641 2.22468047 0.00222468047 3.40335052
776 2641 2.22473613 0.00222473613 3.40335052
776 2641 2.22470226 0.00222470226 3.40335052
775 2637 2.21936366 0.00221936366 3.40258065
775 2633 2.22006555 0.00222006555 3.39741935
774 2626 2.2158718 0.0022158718 3.39276486
774 2626 2.21586817 0.00221586817 3.39276486
774 2626 2.21590608 0.00221590608 3.39276486
774 2626 2.2159142 0.0022159142 3.39276486
774 2626 2.21636378 0.00221636378 3.39276486
774 2626 2.21647281 0.00221647281 3.39276486
774 2626 2.21644954 0.00221644954 3.39276486
774 2626 2.21644047 0.00221644047 3.39276486
773 2617 2.21115877 0.00221115877 3.385511
773 2621 2.21134472 0.00221134472 3.39068564
773 2621 2.21132262 0.00221132262 3.39068564
773 2621 2.21126039 0.00221126039 3.39068564
772 2614 2.20969615 0.00220969615 3.38601036
772 2614 2.20960987 0.00220960987 3.38601036
772 2614 2.20965608 0.00220965608 3.38601036
772 2614 2.20963027 0.00220963027 3.38601036
772 2614 2.20961622 0.00220961622 3.38601036
772 2614 2.20958594 0.00220958594 3.38601036
771 2606 2.20430547 0.00220430547 3.38002594
771 2611 2.20455169 0.00220455169 3.38651102
771 2607 2.20517652 0.00220517652 3.38132296
771 2607 2.20523791 0.00220523791 3.38132296
771 2607 2.20528565 0.00220528565 3.38132296
771 2607 2.20525296 0.00220525296 3.38132296
771 2607 2.20519622 0.00220519622 3.38132296
771 2607 2.20521601 0.00220521601 3.38132296
771 2607 2.20528403 0.00220528403 3.38132296
771 2607 2.2051706 0.0022051706 3.38132296
770 2600 2.199944 0.002199944 3.37662338
770 2604 2.19997361 0.00219997361 3.38181818
770 2604 2.19999713 0.00219999713 3.38181818
770 2604 2.19996033 0.00219996033 3.38181818
770 2604 2.20001668 0.00220001668 3.38181818
770 2604 2.1999437 0.0021999437 3.38181818
770 2600 2.19987742 0.00219987742 3.37662338
770 2597 2.20043547 0.00220043547 3.37272727
770 2597 2.20044697 0.00220044697 3.37272727
770 2597 2.20046171 0.00220046171 3.37272727
769 2594 2.19519295 0.00219519295 3.37321196
769 2588 2.19507726 0.00219507726 3.36540962
769 2591 2.19548551 0.00219548551 3.36931079
769 2591 2.19540858 0.00219540858 3.36931079
769 2591 2.19540159 0.00219540159 3.36931079
769 2591 2.19538477 0.00219538477 3.36931079
769 2591 2.19539956 0.00219539956 3.36931079
769 2591 2.19544144 0.00219544144 3.36931079
769 2591 2.19541732 0.00219541732 3.36931079
769 2591 2.19542766 0.00219542766 3.36931079
768 2583 2.19013661 0.00219013661 3.36328125
768 2586 2.19040787 0.00219040787 3.3671875
768 2586 2.19041664 0.00219041664 3.3671875
768 2586 2.19036049 0.00219036049 3.3671875
768 2586 2.19037949 0.00219037949 3.3671875
768 2586 2.1903631 0.0021903631 3.3671875
768 2586 2.1903645 0.0021903645 3.3671875
768 2586 2.19042403 0.00219042403 3.3671875
768 2586 2.19031616 0.00219031616 3.3671875
767 2583 2.18807062 0.00218807062 3.36766623
766 2574 2.18270848 0.00218270848 3.36031332
766 2574 2.18277835 0.00218277835 3.36031332
766 2578 2.18256718 0.00218256718 3.36553525
766 2580 2.18296523 0.00218296523 3.36814621
766 2580 2.1828476 0.0021828476 3.36814621
766 2580 2.18303934 0.00218303934 3.36814621
766 2574 2.18276854 0.00218276854 3.36031332
766 2574 2.18263318 0.00218263318 3.36031332
766 2574 2.18290479 0.00218290479 3.36031332
766 2574 2.18271174 0.00218271174 3.36031332
765 2570 2.17752757 0.00217752757 3.35947712
765 2567 2.17748188 0.00217748188 3.35555556
765 2567 2.17751634 0.00217751634 3.35555556
765 2567 2.17778419 0.00217778419 3.35555556
765 2566 2.17774066 0.00217774066 3.35424837
765 2566 2.17753618 0.00217753618 3.35424837
765 2566 2.17753521 0.00217753521 3.35424837
765 2566 2.17755445 0.00217755445 3.35424837
765 2566 2.17774561 0.00217774561 3.35424837
765 2571 2.17804567 0.00217804567 3.36078431
764 2568 2.17259255 0.00217259255 3.36125654
764 2567 2.17294451 0.00217294451 3.35994764
764 2563 2.1729475 0.0021729475 3.35471204
764 2563 2.17288811 0.00217288811 3.35471204
764 2563 2.17292273 0.00217292273 3.35471204
764 2563 2.17291471 0.00217291471 3.35471204
764 2563 2.17293222 0.00217293222 3.35471204
764 2563 2.17292455 0.00217292455 3.35471204
764 2563 2.17292949 0.00217292949 3.35471204
764 2563 2.17297904 0.00217297904 3.35471204
763 2560 2.1676805 0.0021676805 3.35517693
763 2560 2.16768074 0.00216768074 3.35517693
763 2560 2.16758065 0.00216758065 3.35517693
763 2554 2.1679541 0.0021679541 3.34731324
763 2554 2.16794301 0.00216794301 3.34731324
763 2553 2.16538119 0.00216538119 3.34600262
763 2553 2.16530753 0.00216530753 3.34600262
763 2553 2.16537708 0.00216537708 3.34600262
763 2554 2.16795853 0.00216795853 3.34731324
763 2554 2.16795911 0.00216795911 3.34731324
762 2547 2.16297561 0.00216297561 3.34251969
762 2547 2.16300127 0.00216300127 3.34251969
762 2547 2.16293797 0.00216293797 3.34251969
762 2547 2.16292153 0.00216292153 3.34251969
762 2547 2.16294211 0.00216294211 3.34251969
762 2547 2.16297639 0.00216297639 3.34251969
762 2547 2.16299933 0.00216299933 3.34251969
762 2550 2.16319705 0.00216319705 3.34645669
762 2550 2.16308684 0.00216308684 3.34645669
762 2550 2.16303976 0.00216303976 3.34645669
761 2543 2.1580514 0.0021580514 3.34165572
761 2543 2.1580613 0.0021580613 3.34165572
761 2543 2.15806398 0.00215806398 3.34165572
761 2543 2.15814869 0.00215814869 3.34165572
761 2543 2.1581502 0.0021581502 3.34165572
761 2543 2.15812206 0.00215812206 3.34165572
761 2543 2.15823881 0.00215823881 3.34165572
761 2543 2.1581284 0.0021581284 3.34165572
761 2543 2.15814961 0.00215814961 3.34165572
761 2543 2.15810545 0.00215810545 3.34165572
760 2537 2.1530919 0.0021530919 3.33815789
760 2537 2.15307186 0.00215307186 3.33815789
760 2537 2.15310949 0.00215310949 3.33815789
760 2536 2.15323946 0.00215323946 3.33684211
760 2536 2.15325279 0.00215325279 3.33684211
760 2536 2.15317781 0.00215317781 3.33684211
760 2536 2.15313903 0.00215313903 3.33684211
760 2536 2.15320717 0.00215320717 3.33684211
760 2536 2.15326018 0.00215326018 3.33684211
760 2536 2.15325587 0.00215325587 3.33684211
759 2530 2.14791663 0.00214791663 3.33333333
759 2532 2.14793938 0.00214793938 3.33596838
759 2532 2.1482216 0.0021482216 3.33596838
759 2530 2.14814228 0.00214814228 3.33333333
759 2530 2.14815469 0.00214815469 3.33333333
759 2530 2.14828065 0.00214828065 3.33333333
759 2530 2.14807946 0.00214807946 3.33333333
759 2530 2.1481171 0.0021481171 3.33333333
759 2530 2.14829827 0.00214829827 3.33333333
759 2530 2.14821694 0.00214821694 3.33333333
758 2527 2.14288134 0.00214288134 3.33377309
758 2527 2.14292739 0.00214292739 3.33377309
758 2527 2.14301848 0.00214301848 3.33377309
758 2519 2.14335773 0.00214335773 3.323219
758 2519 2.1432398 0.0021432398 3.323219
758 2519 2.14301794 0.00214301794 3.323219
758 2519 2.14313495 0.00214313495 3.323219
758 2519 2.14337593 0.00214337593 3.323219
758 2519 2.14349067 0.00214349067 3.323219
758 2519 2.14330399 0.00214330399 3.323219
757 2514 2.13772213 0.00213772213 3.32100396
757 2513 2.13797134 0.00213797134 3.31968296
757 2513 2.13823677 0.00213823677 3.31968296
757 2516 2.1379413 0.0021379413 3.32364597
757 2516 2.13844859 0.00213844859 3.32364597
757 2513 2.13837333 0.00213837333 3.31968296
757 2513 2.13795707 0.00213795707 3.31968296
757 2513 2.13800622 0.00213800622 3.31968296
757 2516 2.13778215 0.00213778215 3.32364597
757 2516 2.13825375 0.00213825375 3.32364597
756 2512 2.1320947 0.0021320947 3.32275132
756 2511 2.13251562 0.00213251562 3.32142857
756 2512 2.13303968 0.00213303968 3.32275132
756 2512 2.13252284 0.00213252284 3.32275132
756 2512 2.13282459 0.00213282459 3.32275132
756 2510 2.13290714 0.00213290714 3.32010582
756 2510 2.13349181 0.00213349181 3.32010582
756 2510 2.13286367 0.00213286367 3.32010582
756 2510 2.13344483 0.00213344483 3.32010582
756 2510 2.13268547 0.00213268547 3.32010582
755 2506 2.1284202 0.0021284202 3.3192053
755 2506 2.12765609 0.00212765609 3.3192053
755 2506 2.1282992 0.0021282992 3.3192053
755 2506 2.12816819 0.00212816819 3.3192053
755 2506 2.12855324 0.00212855324 3.3192053
755 2506 2.12843324 0.00212843324 3.3192053
755 2506 2.12855327 0.00212855327 3.3192053
755 2506 2.12741708 0.00212741708 3.3192053
755 2506 2.12840777 0.00212840777 3.3192053
755 2506 2.12746316 0.00212746316 3.3192053
754 2495 2.1225485 0.0021225485 3.30901857
754 2501 2.12369607 0.00212369607 3.31697613
754 2501 2.12291192 0.00212291192 3.31697613
754 2501 2.12382956 0.00212382956 3.31697613
754 2501 2.12338629 0.00212338629 3.31697613
754 2501 2.12266973 0.00212266973 3.31697613
754 2501 2.12383215 0.00212383215 3.31697613
754 2501 2.12400047 0.00212400047 3.31697613
754 2501 2.12248396 0.00212248396 3.31697613
754 2501 2.12337723 0.00212337723 3.31697613
753 2495 2.11860874 0.00211860874 3.31341301
753 2493 2.11774174 0.00211774174 3.31075697
753 2498 2.11876319 0.00211876319 3.31739708
753 2498 2.11838279 0.00211838279 3.31739708
753 2496 2.1171878 0.0021171878 3.31474104
753 2496 2.11896724 0.00211896724 3.31474104
753 2496 2.11713904 0.00211713904 3.31474104
753 2496 2.11755797 0.00211755797 3.31474104
753 2496 2.11723493 0.00211723493 3.31474104
753 2496 2.11808619 0.00211808619 3.31474104
752 2492 2.11263809 0.00211263809 3.31382979
752 2492 2.11301051 0.00211301051 3.31382979
752 2492 2.11220357 0.00211220357 3.31382979
752 2492 2.11375665 0.00211375665 3.31382979
752 2492 2.11251977 0.00211251977 3.31382979
752 2494 2.11229302 0.00211229302 3.31648936
752 2494 2.11329037 0.00211329037 3.31648936
752 2494 2.11311527 0.00211311527 3.31648936
752 2494 2.11211941 0.00211211941 3.31648936
752 2494 2.11259617 0.00211259617 3.31648936
751 2488 2.10847518 0.00210847518 3.31291611
751 2488 2.10811551 0.00210811551 3.31291611
751 2488 2.1070105 0.0021070105 3.31291611
751 2488 2.10892468 0.00210892468 3.31291611
751 2488 2.10670758 0.00210670758 3.31291611
751 2488 2.10705743 0.00210705743 3.31291611
751 2488 2.10723759 0.00210723759 3.31291611
751 2488 2.10677356 0.00210677356 3.31291611
751 2488 2.10887083 0.00210887083 3.31291611
751 2488 2.10857121 0.00210857121 3.31291611
750 2482 2.10118043 0.00210118043 3.30933333
750 2482 2.1035631 0.0021035631 3.30933333
SP does not find any fixed points -> SP does not converge.
I am sorry I quit :(
