START ALGORITHM:
I am going to build an instance with N: 1000 variables and 4200 clauses with a clause density equal to 4.2
START DYNAMIC-I BSP WITH r=0.9:
Decimation scorer: cert
END UNIT PROPAGATION
1000 4200 8.35188377 0.00835188377 4.2
1000 4200 8.35168766 0.00835168766 4.2
1000 4200 8.35136594 0.00835136594 4.2
1000 4200 8.35159519 0.00835159519 4.2
1000 4200 8.35156525 0.00835156525 4.2
1000 4200 8.35153811 0.00835153811 4.2
1000 4200 8.35149535 0.00835149535 4.2
1000 4200 8.35153276 0.00835153276 4.2
1000 4200 8.35152062 0.00835152062 4.2
999 4196 8.35153228 0.00835153228 4.2002002
999 4196 8.35153592 0.00835153592 4.2002002
999 4196 8.35153241 0.00835153241 4.2002002
999 4196 8.35152527 0.00835152527 4.2002002
999 4196 8.35152913 0.00835152913 4.2002002
999 4196 8.35152691 0.00835152691 4.2002002
999 4196 8.35152869 0.00835152869 4.2002002
999 4196 8.35152638 0.00835152638 4.2002002
999 4196 8.35153016 0.00835153016 4.2002002
999 4196 8.35152834 0.00835152834 4.2002002
998 4182 8.35073632 0.00835073632 4.19038076
998 4182 8.35073516 0.00835073516 4.19038076
998 4182 8.35073678 0.00835073678 4.19038076
998 4182 8.3507365 0.0083507365 4.19038076
998 4182 8.35073563 0.00835073563 4.19038076
998 4182 8.35073652 0.00835073652 4.19038076
998 4182 8.35073625 0.00835073625 4.19038076
998 4182 8.35073642 0.00835073642 4.19038076
998 4182 8.35073673 0.00835073673 4.19038076
998 4182 8.35073672 0.00835073672 4.19038076
997 4167 8.34883594 0.00834883594 4.17953862
997 4167 8.34883291 0.00834883291 4.17953862
997 4167 8.34883973 0.00834883973 4.17953862
997 4167 8.34884031 0.00834884031 4.17953862
997 4167 8.34883942 0.00834883942 4.17953862
997 4167 8.34883904 0.00834883904 4.17953862
997 4167 8.34883919 0.00834883919 4.17953862
997 4167 8.34883923 0.00834883923 4.17953862
997 4167 8.34883916 0.00834883916 4.17953862
997 4167 8.34883917 0.00834883917 4.17953862
996 4161 8.34494726 0.00834494726 4.17771084
996 4161 8.34493808 0.00834493808 4.17771084
996 4161 8.34493734 0.00834493734 4.17771084
996 4161 8.34494085 0.00834494085 4.17771084
996 4161 8.34495078 0.00834495078 4.17771084
996 4161 8.3449595 0.0083449595 4.17771084
996 4161 8.34496136 0.00834496136 4.17771084
996 4161 8.34495906 0.00834495906 4.17771084
996 4161 8.3449583 0.0083449583 4.17771084
996 4161 8.34495517 0.00834495517 4.17771084
995 4149 8.34150332 0.00834150332 4.16984925
995 4149 8.34150213 0.00834150213 4.16984925
995 4149 8.3415043 0.0083415043 4.16984925
995 4149 8.34150959 0.00834150959 4.16984925
995 4149 8.34150887 0.00834150887 4.16984925
995 4149 8.34147173 0.00834147173 4.16984925
995 4149 8.34149008 0.00834149008 4.16984925
995 4149 8.34149835 0.00834149835 4.16984925
995 4149 8.3415294 0.0083415294 4.16984925
995 4149 8.34151557 0.00834151557 4.16984925
994 4141 8.3359103 0.0083359103 4.16599598
994 4141 8.33591917 0.00833591917 4.16599598
994 4141 8.33591993 0.00833591993 4.16599598
994 4141 8.33591574 0.00833591574 4.16599598
994 4141 8.33591484 0.00833591484 4.16599598
994 4141 8.33591417 0.00833591417 4.16599598
994 4141 8.33591356 0.00833591356 4.16599598
994 4141 8.33591327 0.00833591327 4.16599598
994 4141 8.33591332 0.00833591332 4.16599598
994 4141 8.33591328 0.00833591328 4.16599598
993 4130 8.32997576 0.00832997576 4.1591138
993 4130 8.33000062 0.00833000062 4.1591138
993 4130 8.329993 0.008329993 4.1591138
993 4130 8.32997542 0.00832997542 4.1591138
993 4130 8.32997094 0.00832997094 4.1591138
993 4130 8.32996878 0.00832996878 4.1591138
993 4130 8.32997426 0.00832997426 4.1591138
993 4130 8.32997668 0.00832997668 4.1591138
993 4130 8.32997906 0.00832997906 4.1591138
993 4130 8.32998127 0.00832998127 4.1591138
992 4118 8.32272688 0.00832272688 4.15120968
992 4118 8.32273233 0.00832273233 4.15120968
992 4118 8.32271934 0.00832271934 4.15120968
992 4118 8.32273062 0.00832273062 4.15120968
992 4118 8.32273694 0.00832273694 4.15120968
992 4118 8.32273818 0.00832273818 4.15120968
992 4118 8.32274104 0.00832274104 4.15120968
992 4118 8.32274184 0.00832274184 4.15120968
992 4118 8.32274197 0.00832274197 4.15120968
992 4118 8.32274175 0.00832274175 4.15120968
991 4106 8.31452631 0.00831452631 4.14328961
991 4106 8.31450615 0.00831450615 4.14328961
991 4106 8.31455709 0.00831455709 4.14328961
991 4106 8.31453351 0.00831453351 4.14328961
991 4106 8.31454743 0.00831454743 4.14328961
991 4106 8.31455616 0.00831455616 4.14328961
991 4106 8.31457933 0.00831457933 4.14328961
991 4106 8.31451591 0.00831451591 4.14328961
991 4106 8.31454549 0.00831454549 4.14328961
991 4106 8.31455645 0.00831455645 4.14328961
990 4097 8.30558184 0.00830558184 4.13838384
990 4096 8.30556304 0.00830556304 4.13737374
990 4097 8.30564485 0.00830564485 4.13838384
990 4096 8.30561503 0.00830561503 4.13737374
990 4097 8.30563545 0.00830563545 4.13838384
990 4096 8.30558971 0.00830558971 4.13737374
990 4097 8.30564143 0.00830564143 4.13838384
990 4096 8.3056 0.0083056 4.13737374
990 4097 8.30564837 0.00830564837 4.13838384
990 4096 8.30560609 0.00830560609 4.13737374
989 4087 8.29673949 0.00829673949 4.13245703
989 4087 8.29674112 0.00829674112 4.13245703
989 4087 8.29676994 0.00829676994 4.13245703
989 4087 8.29679654 0.00829679654 4.13245703
989 4087 8.29680039 0.00829680039 4.13245703
989 4087 8.29679945 0.00829679945 4.13245703
989 4087 8.29680078 0.00829680078 4.13245703
989 4087 8.29680167 0.00829680167 4.13245703
989 4087 8.29680269 0.00829680269 4.13245703
989 4087 8.29680263 0.00829680263 4.13245703
988 4077 8.28684969 0.00828684969 4.12651822
988 4077 8.28678143 0.00828678143 4.12651822
988 4077 8.28676127 0.00828676127 4.12651822
988 4077 8.28679911 0.00828679911 4.12651822
988 4077 8.28676202 0.00828676202 4.12651822
988 4077 8.28678354 0.00828678354 4.12651822
988 4077 8.28674004 0.00828674004 4.12651822
988 4077 8.28678236 0.00828678236 4.12651822
988 4077 8.28673864 0.00828673864 4.12651822
988 4077 8.28678084 0.00828678084 4.12651822
987 4067 8.27666606 0.00827666606 4.12056738
987 4071 8.27679105 0.00827679105 4.12462006
987 4067 8.2769074 0.0082769074 4.12056738
987 4071 8.27681136 0.00827681136 4.12462006
987 4067 8.27690978 0.00827690978 4.12056738
987 4071 8.27681852 0.00827681852 4.12462006
987 4067 8.27690989 0.00827690989 4.12056738
987 4071 8.276819 0.008276819 4.12462006
987 4067 8.27691041 0.00827691041 4.12056738
987 4071 8.27681896 0.00827681896 4.12462006
986 4061 8.26705682 0.00826705682 4.11866126
986 4061 8.26700585 0.00826700585 4.11866126
986 4061 8.26703438 0.00826703438 4.11866126
986 4061 8.26699546 0.00826699546 4.11866126
986 4061 8.26700957 0.00826700957 4.11866126
986 4061 8.26704518 0.00826704518 4.11866126
986 4061 8.26698998 0.00826698998 4.11866126
986 4061 8.26701787 0.00826701787 4.11866126
986 4061 8.2670509 0.0082670509 4.11866126
986 4061 8.26698699 0.00826698699 4.11866126
985 4055 8.25643786 0.00825643786 4.11675127
985 4054 8.25638586 0.00825638586 4.11573604
985 4054 8.25642925 0.00825642925 4.11573604
985 4055 8.25646053 0.00825646053 4.11675127
985 4054 8.25641473 0.00825641473 4.11573604
985 4054 8.25640017 0.00825640017 4.11573604
985 4055 8.2564537 0.0082564537 4.11675127
985 4054 8.25640455 0.00825640455 4.11573604
985 4054 8.25640705 0.00825640705 4.11573604
985 4055 8.25645528 0.00825645528 4.11675127
984 4048 8.24589122 0.00824589122 4.11382114
984 4048 8.24588064 0.00824588064 4.11382114
984 4046 8.24588865 0.00824588865 4.11178862
984 4046 8.24587689 0.00824587689 4.11178862
984 4046 8.24587555 0.00824587555 4.11178862
984 4046 8.24586899 0.00824586899 4.11178862
984 4046 8.24587445 0.00824587445 4.11178862
984 4046 8.24587673 0.00824587673 4.11178862
984 4046 8.24587864 0.00824587864 4.11178862
984 4046 8.24587716 0.00824587716 4.11178862
983 4039 8.2353461 0.0082353461 4.10885046
983 4039 8.23533086 0.00823533086 4.10885046
983 4039 8.23529063 0.00823529063 4.10885046
983 4039 8.23529222 0.00823529222 4.10885046
983 4039 8.23530184 0.00823530184 4.10885046
983 4039 8.23529148 0.00823529148 4.10885046
983 4039 8.23530165 0.00823530165 4.10885046
983 4039 8.23530241 0.00823530241 4.10885046
983 4039 8.23529951 0.00823529951 4.10885046
983 4039 8.23529883 0.00823529883 4.10885046
982 4034 8.2246653 0.0082246653 4.10794297
982 4034 8.2247079 0.0082247079 4.10794297
982 4034 8.22472627 0.00822472627 4.10794297
982 4034 8.22469411 0.00822469411 4.10794297
982 4034 8.22468405 0.00822468405 4.10794297
982 4034 8.22467936 0.00822467936 4.10794297
982 4034 8.22467884 0.00822467884 4.10794297
982 4034 8.22467983 0.00822467983 4.10794297
982 4034 8.22468029 0.00822468029 4.10794297
982 4034 8.22467964 0.00822467964 4.10794297
981 4030 8.21389526 0.00821389526 4.10805301
981 4024 8.21388723 0.00821388723 4.1019368
981 4024 8.21395434 0.00821395434 4.1019368
981 4024 8.21393149 0.00821393149 4.1019368
981 4030 8.21389375 0.00821389375 4.10805301
981 4030 8.21390216 0.00821390216 4.10805301
981 4024 8.21391855 0.00821391855 4.1019368
981 4024 8.21392977 0.00821392977 4.1019368
981 4030 8.2138888 0.0082138888 4.10805301
981 4030 8.2139193 0.0082139193 4.10805301
980 4020 8.20316184 0.00820316184 4.10204082
980 4020 8.20317881 0.00820317881 4.10204082
980 4020 8.20326229 0.00820326229 4.10204082
980 4020 8.20317822 0.00820317822 4.10204082
980 4020 8.20322026 0.00820322026 4.10204082
980 4020 8.20325728 0.00820325728 4.10204082
980 4020 8.20328932 0.00820328932 4.10204082
980 4020 8.20320629 0.00820320629 4.10204082
980 4020 8.20319709 0.00820319709 4.10204082
980 4020 8.20328766 0.00820328766 4.10204082
979 4007 8.19183803 0.00819183803 4.09295199
979 4008 8.19905612 0.00819905612 4.09397344
979 4008 8.19903097 0.00819903097 4.09397344
979 4008 8.19903335 0.00819903335 4.09397344
979 4008 8.19902594 0.00819902594 4.09397344
979 4008 8.19902204 0.00819902204 4.09397344
979 4008 8.19901858 0.00819901858 4.09397344
979 4008 8.1990205 0.0081990205 4.09397344
979 4008 8.19902156 0.00819902156 4.09397344
979 4008 8.19902119 0.00819902119 4.09397344
978 4004 8.18830629 0.00818830629 4.09406953
978 4004 8.18832457 0.00818832457 4.09406953
978 4004 8.18842977 0.00818842977 4.09406953
978 4004 8.18833999 0.00818833999 4.09406953
978 4004 8.1884057 0.0081884057 4.09406953
978 4004 8.1884063 0.0081884063 4.09406953
978 4004 8.18847676 0.00818847676 4.09406953
978 4004 8.18840008 0.00818840008 4.09406953
978 4004 8.18837344 0.00818837344 4.09406953
978 4004 8.18833471 0.00818833471 4.09406953
977 3997 8.17689884 0.00817689884 4.09109519
977 3991 8.17688385 0.00817688385 4.08495394
977 3991 8.17685484 0.00817685484 4.08495394
977 3991 8.1769887 0.0081769887 4.08495394
977 3991 8.17699433 0.00817699433 4.08495394
977 3991 8.176898 0.008176898 4.08495394
977 3991 8.17686464 0.00817686464 4.08495394
977 3991 8.17684961 0.00817684961 4.08495394
977 3991 8.17686078 0.00817686078 4.08495394
977 3991 8.17686341 0.00817686341 4.08495394
976 3984 8.16541951 0.00816541951 4.08196721
976 3984 8.165472 0.008165472 4.08196721
976 3984 8.165518 0.008165518 4.08196721
976 3984 8.16555966 0.00816555966 4.08196721
976 3984 8.16558333 0.00816558333 4.08196721
976 3984 8.1654773 0.0081654773 4.08196721
976 3984 8.16557662 0.00816557662 4.08196721
976 3984 8.16558002 0.00816558002 4.08196721
976 3984 8.16547673 0.00816547673 4.08196721
976 3984 8.1655832 0.0081655832 4.08196721
975 3971 8.15388605 0.00815388605 4.07282051
975 3971 8.15375841 0.00815375841 4.07282051
975 3971 8.15368706 0.00815368706 4.07282051
975 3971 8.1538201 0.0081538201 4.07282051
975 3971 8.15368953 0.00815368953 4.07282051
975 3971 8.15375097 0.00815375097 4.07282051
975 3971 8.15374033 0.00815374033 4.07282051
975 3971 8.15370453 0.00815370453 4.07282051
975 3971 8.15381722 0.00815381722 4.07282051
975 3971 8.1536709 0.0081536709 4.07282051
974 3959 8.14202117 0.00814202117 4.06468172
974 3959 8.14206441 0.00814206441 4.06468172
974 3959 8.14208528 0.00814208528 4.06468172
974 3959 8.14210077 0.00814210077 4.06468172
974 3959 8.14204935 0.00814204935 4.06468172
974 3959 8.14210492 0.00814210492 4.06468172
974 3959 8.14204346 0.00814204346 4.06468172
974 3959 8.14210739 0.00814210739 4.06468172
974 3959 8.14204067 0.00814204067 4.06468172
974 3959 8.14210662 0.00814210662 4.06468172
973 3950 8.13016323 0.00813016323 4.05960946
973 3950 8.13007776 0.00813007776 4.05960946
973 3950 8.13022704 0.00813022704 4.05960946
973 3950 8.13005651 0.00813005651 4.05960946
973 3950 8.13018451 0.00813018451 4.05960946
973 3950 8.13008413 0.00813008413 4.05960946
973 3950 8.1301996 0.0081301996 4.05960946
973 3950 8.1300826 0.0081300826 4.05960946
973 3950 8.13020501 0.00813020501 4.05960946
973 3950 8.13007784 0.00813007784 4.05960946
972 3941 8.11831923 0.00811831923 4.05452675
972 3941 8.11837227 0.00811837227 4.05452675
972 3941 8.11835525 0.00811835525 4.05452675
972 3943 8.1181963 0.0081181963 4.05658436
972 3941 8.11831626 0.00811831626 4.05452675
972 3943 8.11820376 0.00811820376 4.05658436
972 3941 8.11830878 0.00811830878 4.05452675
972 3943 8.11820811 0.00811820811 4.05658436
972 3941 8.11831175 0.00811831175 4.05452675
972 3943 8.11820718 0.00811820718 4.05658436
971 3934 8.10645595 0.00810645595 4.05149331
971 3934 8.10648123 0.00810648123 4.05149331
971 3934 8.10651092 0.00810651092 4.05149331
971 3934 8.10651486 0.00810651486 4.05149331
971 3934 8.10650732 0.00810650732 4.05149331
971 3934 8.10649926 0.00810649926 4.05149331
971 3934 8.10649753 0.00810649753 4.05149331
971 3934 8.10649634 0.00810649634 4.05149331
971 3934 8.10649609 0.00810649609 4.05149331
971 3934 8.10649609 0.00810649609 4.05149331
970 3930 8.09384564 0.00809384564 4.05154639
970 3930 8.09376824 0.00809376824 4.05154639
970 3930 8.0938086 0.0080938086 4.05154639
970 3930 8.09383882 0.00809383882 4.05154639
970 3930 8.09383596 0.00809383596 4.05154639
970 3930 8.0938433 0.0080938433 4.05154639
970 3930 8.09384804 0.00809384804 4.05154639
970 3930 8.09385057 0.00809385057 4.05154639
970 3930 8.09385013 0.00809385013 4.05154639
970 3930 8.09384867 0.00809384867 4.05154639
969 3923 8.0809262 0.0080809262 4.04850361
969 3923 8.0809265 0.0080809265 4.04850361
969 3923 8.08092424 0.00808092424 4.04850361
969 3923 8.08089252 0.00808089252 4.04850361
969 3923 8.08087572 0.00808087572 4.04850361
969 3923 8.08088592 0.00808088592 4.04850361
969 3923 8.08089566 0.00808089566 4.04850361
969 3923 8.08090125 0.00808090125 4.04850361
969 3923 8.08090172 0.00808090172 4.04850361
969 3923 8.08089649 0.00808089649 4.04850361
968 3918 8.06737869 0.00806737869 4.04752066
968 3918 8.06741476 0.00806741476 4.04752066
968 3918 8.0675436 0.0080675436 4.04752066
968 3918 8.06750501 0.00806750501 4.04752066
968 3918 8.06729616 0.00806729616 4.04752066
968 3918 8.06737553 0.00806737553 4.04752066
968 3918 8.06735897 0.00806735897 4.04752066
968 3918 8.06756214 0.00806756214 4.04752066
968 3918 8.06749417 0.00806749417 4.04752066
968 3918 8.06729064 0.00806729064 4.04752066
967 3910 8.05351449 0.00805351449 4.0434333
967 3909 8.05356249 0.00805356249 4.04239917
967 3910 8.05350869 0.00805350869 4.0434333
967 3909 8.05364538 0.00805364538 4.04239917
967 3910 8.05351439 0.00805351439 4.0434333
967 3909 8.05361732 0.00805361732 4.04239917
967 3909 8.05356427 0.00805356427 4.04239917
967 3909 8.0536681 0.0080536681 4.04239917
967 3909 8.05361749 0.00805361749 4.04239917
967 3909 8.05362197 0.00805362197 4.04239917
966 3904 8.04045147 0.00804045147 4.04140787
966 3904 8.04043159 0.00804043159 4.04140787
966 3904 8.04036832 0.00804036832 4.04140787
966 3904 8.0403645 0.0080403645 4.04140787
966 3904 8.04036035 0.00804036035 4.04140787
966 3904 8.04036263 0.00804036263 4.04140787
966 3904 8.04036304 0.00804036304 4.04140787
966 3904 8.04036387 0.00804036387 4.04140787
966 3904 8.04036463 0.00804036463 4.04140787
966 3904 8.04036437 0.00804036437 4.04140787
965 3894 8.02660081 0.00802660081 4.03523316
965 3892 8.02837111 0.00802837111 4.03316062
965 3892 8.02857517 0.00802857517 4.03316062
965 3892 8.02851917 0.00802851917 4.03316062
965 3892 8.02849466 0.00802849466 4.03316062
965 3892 8.02847481 0.00802847481 4.03316062
965 3892 8.02847604 0.00802847604 4.03316062
965 3892 8.02847639 0.00802847639 4.03316062
965 3892 8.02848288 0.00802848288 4.03316062
965 3892 8.02848146 0.00802848146 4.03316062
964 3887 8.01482816 0.00801482816 4.03215768
964 3887 8.01486718 0.00801486718 4.03215768
964 3887 8.01498514 0.00801498514 4.03215768
964 3887 8.01495182 0.00801495182 4.03215768
964 3887 8.01494358 0.00801494358 4.03215768
964 3887 8.01493728 0.00801493728 4.03215768
964 3887 8.01494062 0.00801494062 4.03215768
964 3887 8.01493667 0.00801493667 4.03215768
964 3887 8.01493229 0.00801493229 4.03215768
964 3887 8.0149293 0.0080149293 4.03215768
963 3879 8.00090154 0.00800090154 4.02803738
963 3879 8.00077725 0.00800077725 4.02803738
963 3879 8.00080084 0.00800080084 4.02803738
963 3879 8.00078485 0.00800078485 4.02803738
963 3879 8.00071652 0.00800071652 4.02803738
963 3879 8.00067913 0.00800067913 4.02803738
963 3879 8.00065808 0.00800065808 4.02803738
963 3879 8.00064715 0.00800064715 4.02803738
963 3879 8.00064351 0.00800064351 4.02803738
963 3879 8.00064109 0.00800064109 4.02803738
962 3871 7.98648042 0.00798648042 4.02390852
962 3871 7.98656399 0.00798656399 4.02390852
962 3871 7.98655482 0.00798655482 4.02390852
962 3875 7.98644547 0.00798644547 4.02806653
962 3875 7.98651124 0.00798651124 4.02806653
962 3875 7.98653342 0.00798653342 4.02806653
962 3875 7.98651314 0.00798651314 4.02806653
962 3875 7.98650596 0.00798650596 4.02806653
962 3875 7.98650673 0.00798650673 4.02806653
962 3875 7.98650355 0.00798650355 4.02806653
961 3867 7.97257394 0.00797257394 4.0239334
961 3867 7.97239885 0.00797239885 4.0239334
961 3867 7.97254275 0.00797254275 4.0239334
961 3867 7.97244723 0.00797244723 4.0239334
961 3867 7.97244862 0.00797244862 4.0239334
961 3867 7.97243667 0.00797243667 4.0239334
961 3867 7.97239734 0.00797239734 4.0239334
961 3867 7.97237515 0.00797237515 4.0239334
961 3867 7.97240721 0.00797240721 4.0239334
961 3867 7.97243302 0.00797243302 4.0239334
960 3857 7.95812003 0.00795812003 4.01770833
960 3857 7.95808141 0.00795808141 4.01770833
960 3856 7.95819762 0.00795819762 4.01666667
960 3856 7.95821409 0.00795821409 4.01666667
960 3856 7.9582382 0.0079582382 4.01666667
960 3856 7.95824381 0.00795824381 4.01666667
960 3856 7.9582415 0.0079582415 4.01666667
960 3856 7.95824467 0.00795824467 4.01666667
960 3856 7.95824682 0.00795824682 4.01666667
960 3856 7.95824659 0.00795824659 4.01666667
959 3848 7.94420545 0.00794420545 4.01251303
959 3848 7.94402998 0.00794402998 4.01251303
959 3848 7.94396466 0.00794396466 4.01251303
959 3848 7.94402465 0.00794402465 4.01251303
959 3848 7.94405539 0.00794405539 4.01251303
959 3848 7.9440488 0.0079440488 4.01251303
959 3848 7.94408501 0.00794408501 4.01251303
959 3848 7.94410723 0.00794410723 4.01251303
959 3848 7.94411653 0.00794411653 4.01251303
959 3848 7.94411448 0.00794411448 4.01251303
958 3840 7.9279174 0.0079279174 4.00835073
958 3840 7.92800609 0.00792800609 4.00835073
958 3840 7.9279167 0.0079279167 4.00835073
958 3840 7.92793266 0.00792793266 4.00835073
958 3840 7.92775719 0.00792775719 4.00835073
958 3840 7.92784282 0.00792784282 4.00835073
958 3840 7.92789075 0.00792789075 4.00835073
958 3840 7.9278813 0.0079278813 4.00835073
958 3840 7.92788676 0.00792788676 4.00835073
958 3840 7.92777235 0.00792777235 4.00835073
957 3833 7.91204654 0.00791204654 4.00522466
957 3833 7.91211369 0.00791211369 4.00522466
957 3833 7.91206911 0.00791206911 4.00522466
957 3833 7.91204189 0.00791204189 4.00522466
957 3833 7.91206544 0.00791206544 4.00522466
957 3833 7.91206294 0.00791206294 4.00522466
957 3833 7.91206697 0.00791206697 4.00522466
957 3833 7.9120675 0.0079120675 4.00522466
957 3833 7.9120673 0.0079120673 4.00522466
957 3833 7.91206747 0.00791206747 4.00522466
956 3827 7.89574227 0.00789574227 4.00313808
956 3829 7.90183353 0.00790183353 4.00523013
956 3829 7.90195692 0.00790195692 4.00523013
956 3829 7.90188611 0.00790188611 4.00523013
956 3829 7.90187572 0.00790187572 4.00523013
956 3829 7.90166509 0.00790166509 4.00523013
956 3829 7.90175857 0.00790175857 4.00523013
956 3829 7.90180629 0.00790180629 4.00523013
956 3829 7.90179601 0.00790179601 4.00523013
956 3829 7.90180303 0.00790180303 4.00523013
955 3822 7.88617602 0.00788617602 4.00209424
955 3822 7.88628869 0.00788628869 4.00209424
955 3822 7.88627412 0.00788627412 4.00209424
955 3822 7.88622424 0.00788622424 4.00209424
955 3822 7.88628848 0.00788628848 4.00209424
955 3822 7.88625044 0.00788625044 4.00209424
955 3822 7.88628846 0.00788628846 4.00209424
955 3822 7.88625123 0.00788625123 4.00209424
955 3822 7.88628596 0.00788628596 4.00209424
955 3822 7.88625016 0.00788625016 4.00209424
954 3815 7.86965838 0.00786965838 3.99895178
954 3812 7.86958824 0.00786958824 3.99580713
954 3812 7.87296605 0.00787296605 3.99580713
954 3809 7.87654624 0.00787654624 3.99266247
954 3809 7.87656159 0.00787656159 3.99266247
954 3809 7.87653386 0.00787653386 3.99266247
954 3809 7.87653608 0.00787653608 3.99266247
954 3809 7.87655 0.00787655 3.99266247
954 3809 7.87655376 0.00787655376 3.99266247
954 3809 7.87655287 0.00787655287 3.99266247
953 3802 7.86064029 0.00786064029 3.98950682
953 3802 7.86060812 0.00786060812 3.98950682
953 3802 7.86070765 0.00786070765 3.98950682
953 3802 7.86072161 0.00786072161 3.98950682
953 3802 7.86074084 0.00786074084 3.98950682
953 3802 7.86071929 0.00786071929 3.98950682
953 3802 7.86072026 0.00786072026 3.98950682
953 3802 7.86072306 0.00786072306 3.98950682
953 3802 7.86072353 0.00786072353 3.98950682
953 3802 7.8607246 0.0078607246 3.98950682
952 3794 7.8440675 0.0078440675 3.98529412
952 3794 7.84441444 0.00784441444 3.98529412
952 3794 7.84450746 0.00784450746 3.98529412
952 3794 7.84448926 0.00784448926 3.98529412
952 3794 7.84450163 0.00784450163 3.98529412
952 3794 7.84450165 0.00784450165 3.98529412
952 3794 7.844503 0.007844503 3.98529412
952 3794 7.84450322 0.00784450322 3.98529412
952 3794 7.84450305 0.00784450305 3.98529412
952 3794 7.84450307 0.00784450307 3.98529412
951 3787 7.82861668 0.00782861668 3.98212408
951 3787 7.82862953 0.00782862953 3.98212408
951 3787 7.82863755 0.00782863755 3.98212408
951 3787 7.82865239 0.00782865239 3.98212408
951 3787 7.82867213 0.00782867213 3.98212408
951 3787 7.82867583 0.00782867583 3.98212408
951 3787 7.8286791 0.0078286791 3.98212408
951 3787 7.82867886 0.00782867886 3.98212408
951 3787 7.82867897 0.00782867897 3.98212408
951 3787 7.82867888 0.00782867888 3.98212408
950 3780 7.81203274 0.00781203274 3.97894737
950 3780 7.8120012 0.0078120012 3.97894737
950 3780 7.81214223 0.00781214223 3.97894737
950 3780 7.81208316 0.00781208316 3.97894737
950 3780 7.81207777 0.00781207777 3.97894737
950 3780 7.81209747 0.00781209747 3.97894737
950 3780 7.81210017 0.00781210017 3.97894737
950 3780 7.81209605 0.00781209605 3.97894737
950 3780 7.81209117 0.00781209117 3.97894737
950 3780 7.81208915 0.00781208915 3.97894737
949 3766 7.79528822 0.00779528822 3.96838778
949 3766 7.7951644 0.0077951644 3.96838778
949 3766 7.79523873 0.00779523873 3.96838778
949 3766 7.79522598 0.00779522598 3.96838778
949 3766 7.79521573 0.00779521573 3.96838778
949 3766 7.79521554 0.00779521554 3.96838778
949 3766 7.79520966 0.00779520966 3.96838778
949 3766 7.79521028 0.00779521028 3.96838778
949 3766 7.79521025 0.00779521025 3.96838778
949 3766 7.79521009 0.00779521009 3.96838778
948 3754 7.77798388 0.00777798388 3.95991561
948 3756 7.77977743 0.00777977743 3.96202532
948 3756 7.77961357 0.00777961357 3.96202532
948 3756 7.77960576 0.00777960576 3.96202532
948 3756 7.77960727 0.00777960727 3.96202532
948 3756 7.77962603 0.00777962603 3.96202532
948 3756 7.77962912 0.00777962912 3.96202532
948 3756 7.77963107 0.00777963107 3.96202532
948 3756 7.77963025 0.00777963025 3.96202532
948 3756 7.77962979 0.00777962979 3.96202532
947 3749 7.76304123 0.00776304123 3.95881732
947 3749 7.76305836 0.00776305836 3.95881732
947 3749 7.7629676 0.0077629676 3.95881732
947 3749 7.76289022 0.00776289022 3.95881732
947 3749 7.7629556 0.0077629556 3.95881732
947 3749 7.76304488 0.00776304488 3.95881732
947 3749 7.76299444 0.00776299444 3.95881732
947 3749 7.76301797 0.00776301797 3.95881732
947 3749 7.7630357 0.0077630357 3.95881732
947 3749 7.76287441 0.00776287441 3.95881732
946 3738 7.74602824 0.00774602824 3.95137421
946 3738 7.7458389 0.0077458389 3.95137421
946 3738 7.74588692 0.00774588692 3.95137421
946 3738 7.74597896 0.00774597896 3.95137421
946 3738 7.7459007 0.0077459007 3.95137421
946 3738 7.74587346 0.00774587346 3.95137421
946 3738 7.74595643 0.00774595643 3.95137421
946 3738 7.74593362 0.00774593362 3.95137421
946 3738 7.74595619 0.00774595619 3.95137421
946 3738 7.74595888 0.00774595888 3.95137421
945 3729 7.72880934 0.00772880934 3.94603175
945 3733 7.72905984 0.00772905984 3.95026455
945 3737 7.73559062 0.00773559062 3.95449735
945 3737 7.73549318 0.00773549318 3.95449735
945 3737 7.73537334 0.00773537334 3.95449735
945 3737 7.73544616 0.00773544616 3.95449735
945 3737 7.735429 0.007735429 3.95449735
945 3737 7.73546332 0.00773546332 3.95449735
945 3737 7.73543294 0.00773543294 3.95449735
945 3737 7.73545197 0.00773545197 3.95449735
944 3729 7.71880145 0.00771880145 3.95021186
944 3726 7.71882079 0.00771882079 3.9470339
944 3726 7.71862904 0.00771862904 3.9470339
944 3726 7.71875424 0.00771875424 3.9470339
944 3726 7.71857224 0.00771857224 3.9470339
944 3726 7.71870552 0.00771870552 3.9470339
944 3726 7.71864907 0.00771864907 3.9470339
944 3729 7.71880646 0.00771880646 3.95021186
944 3729 7.71867039 0.00771867039 3.95021186
944 3729 7.71858589 0.00771858589 3.95021186
943 3720 7.70216995 0.00770216995 3.94485684
943 3718 7.70231742 0.00770231742 3.94273595
943 3718 7.70208855 0.00770208855 3.94273595
943 3720 7.70229791 0.00770229791 3.94485684
943 3720 7.70219 0.00770219 3.94485684
943 3718 7.70226012 0.00770226012 3.94273595
943 3718 7.70204655 0.00770204655 3.94273595
943 3720 7.70227314 0.00770227314 3.94485684
943 3720 7.70219751 0.00770219751 3.94485684
943 3718 7.70225644 0.00770225644 3.94273595
942 3709 7.68570199 0.00768570199 3.9373673
942 3709 7.685763 0.007685763 3.9373673
942 3709 7.68584228 0.00768584228 3.9373673
942 3709 7.68579745 0.00768579745 3.9373673
942 3709 7.68585711 0.00768585711 3.9373673
942 3709 7.68575279 0.00768575279 3.9373673
942 3709 7.68572888 0.00768572888 3.9373673
942 3709 7.685829 0.007685829 3.9373673
942 3709 7.68574181 0.00768574181 3.9373673
942 3709 7.68572718 0.00768572718 3.9373673
941 3699 7.66899394 0.00766899394 3.93092455
941 3703 7.67046333 0.00767046333 3.93517535
941 3702 7.67066328 0.00767066328 3.93411265
941 3702 7.67050675 0.00767050675 3.93411265
941 3702 7.67051609 0.00767051609 3.93411265
941 3702 7.67053033 0.00767053033 3.93411265
941 3702 7.6704669 0.0076704669 3.93411265
941 3702 7.67053551 0.00767053551 3.93411265
941 3702 7.67052556 0.00767052556 3.93411265
941 3702 7.67046504 0.00767046504 3.93411265
940 3695 7.65502591 0.00765502591 3.93085106
940 3695 7.65514327 0.00765514327 3.93085106
940 3695 7.65515642 0.00765515642 3.93085106
940 3695 7.65508366 0.00765508366 3.93085106
940 3695 7.65519777 0.00765519777 3.93085106
940 3695 7.65525152 0.00765525152 3.93085106
940 3695 7.65518934 0.00765518934 3.93085106
940 3695 7.65516123 0.00765516123 3.93085106
940 3695 7.65510621 0.00765510621 3.93085106
940 3695 7.65505658 0.00765505658 3.93085106
939 3684 7.63925362 0.00763925362 3.92332268
939 3684 7.63928131 0.00763928131 3.92332268
939 3684 7.63914222 0.00763914222 3.92332268
939 3688 7.63927439 0.00763927439 3.92758253
939 3688 7.63932407 0.00763932407 3.92758253
939 3688 7.63932518 0.00763932518 3.92758253
939 3688 7.63932638 0.00763932638 3.92758253
939 3688 7.63930177 0.00763930177 3.92758253
939 3688 7.63927852 0.00763927852 3.92758253
939 3688 7.6392677 0.0076392677 3.92758253
938 3678 7.62344561 0.00762344561 3.92110874
938 3678 7.62328579 0.00762328579 3.92110874
938 3678 7.62342589 0.00762342589 3.92110874
938 3678 7.62342065 0.00762342065 3.92110874
938 3678 7.62340919 0.00762340919 3.92110874
938 3678 7.62340061 0.00762340061 3.92110874
938 3678 7.62339472 0.00762339472 3.92110874
938 3678 7.62338988 0.00762338988 3.92110874
938 3678 7.62338809 0.00762338809 3.92110874
938 3678 7.62338741 0.00762338741 3.92110874
937 3667 7.60726726 0.00760726726 3.9135539
937 3667 7.60720863 0.00760720863 3.9135539
937 3667 7.60716853 0.00760716853 3.9135539
937 3667 7.60717538 0.00760717538 3.9135539
937 3667 7.60713273 0.00760713273 3.9135539
937 3667 7.60712001 0.00760712001 3.9135539
937 3667 7.60710449 0.00760710449 3.9135539
937 3667 7.60709598 0.00760709598 3.9135539
937 3667 7.60710412 0.00760710412 3.9135539
937 3667 7.60709376 0.00760709376 3.9135539
936 3661 7.59013537 0.00759013537 3.91132479
936 3660 7.59014609 0.00759014609 3.91025641
936 3663 7.59512446 0.00759512446 3.91346154
936 3662 7.59497792 0.00759497792 3.91239316
936 3663 7.59524487 0.00759524487 3.91346154
936 3663 7.59530413 0.00759530413 3.91346154
936 3663 7.59527826 0.00759527826 3.91346154
936 3662 7.59506305 0.00759506305 3.91239316
936 3663 7.59539195 0.00759539195 3.91346154
936 3662 7.59497959 0.00759497959 3.91239316
935 3652 7.57902295 0.00757902295 3.90588235
935 3652 7.57903154 0.00757903154 3.90588235
935 3652 7.57902841 0.00757902841 3.90588235
935 3652 7.57905722 0.00757905722 3.90588235
935 3652 7.57905383 0.00757905383 3.90588235
935 3652 7.57906832 0.00757906832 3.90588235
935 3652 7.57906313 0.00757906313 3.90588235
935 3652 7.57906487 0.00757906487 3.90588235
935 3652 7.57906436 0.00757906436 3.90588235
935 3652 7.57906418 0.00757906418 3.90588235
934 3646 7.56208169 0.00756208169 3.90364026
934 3642 7.56213077 0.00756213077 3.8993576
934 3642 7.56198586 0.00756198586 3.8993576
934 3646 7.56230177 0.00756230177 3.90364026
934 3646 7.56209227 0.00756209227 3.90364026
934 3642 7.56211101 0.00756211101 3.8993576
934 3642 7.56197793 0.00756197793 3.8993576
934 3646 7.5623088 0.0075623088 3.90364026
934 3646 7.56209686 0.00756209686 3.90364026
934 3642 7.56210772 0.00756210772 3.8993576
933 3636 7.5451763 0.0075451763 3.89710611
933 3636 7.54532199 0.00754532199 3.89710611
933 3636 7.54525139 0.00754525139 3.89710611
933 3634 7.54505087 0.00754505087 3.89496249
933 3640 7.54666755 0.00754666755 3.90139335
933 3640 7.54655497 0.00754655497 3.90139335
933 3640 7.54657814 0.00754657814 3.90139335
933 3640 7.54647231 0.00754647231 3.90139335
933 3640 7.54646676 0.00754646676 3.90139335
933 3640 7.54657651 0.00754657651 3.90139335
932 3634 7.52979021 0.00752979021 3.89914163
932 3630 7.53005999 0.00753005999 3.89484979
932 3630 7.52989698 0.00752989698 3.89484979
932 3630 7.53000236 0.00753000236 3.89484979
932 3630 7.52987019 0.00752987019 3.89484979
932 3630 7.52996202 0.00752996202 3.89484979
932 3630 7.52989034 0.00752989034 3.89484979
932 3630 7.52995908 0.00752995908 3.89484979
932 3630 7.52989747 0.00752989747 3.89484979
932 3630 7.52996154 0.00752996154 3.89484979
931 3624 7.51351659 0.00751351659 3.89258861
931 3623 7.51340016 0.00751340016 3.8915145
931 3624 7.51356824 0.00751356824 3.89258861
931 3624 7.51341286 0.00751341286 3.89258861
931 3623 7.51333442 0.00751333442 3.8915145
931 3623 7.51334623 0.00751334623 3.8915145
931 3624 7.51348018 0.00751348018 3.89258861
931 3624 7.51338645 0.00751338645 3.89258861
931 3623 7.51333134 0.00751333134 3.8915145
931 3623 7.51333208 0.00751333208 3.8915145
930 3617 7.49711772 0.00749711772 3.88924731
930 3621 7.49719425 0.00749719425 3.89354839
930 3619 7.49836662 0.00749836662 3.89139785
930 3620 7.50006479 0.00750006479 3.89247312
930 3620 7.49994062 0.00749994062 3.89247312
930 3620 7.50000133 0.00750000133 3.89247312
930 3620 7.49992293 0.00749992293 3.89247312
930 3620 7.4999397 0.0074999397 3.89247312
930 3620 7.49992507 0.00749992507 3.89247312
930 3620 7.49997771 0.00749997771 3.89247312
929 3610 7.4843413 0.0074843413 3.88589882
929 3610 7.48452609 0.00748452609 3.88589882
929 3610 7.48443015 0.00748443015 3.88589882
929 3610 7.48443119 0.00748443119 3.88589882
929 3610 7.48444023 0.00748444023 3.88589882
929 3610 7.48442035 0.00748442035 3.88589882
929 3610 7.48444558 0.00748444558 3.88589882
929 3610 7.48441962 0.00748441962 3.88589882
929 3610 7.48444517 0.00748444517 3.88589882
929 3610 7.48441964 0.00748441964 3.88589882
928 3606 7.46840785 0.00746840785 3.88577586
928 3606 7.46831669 0.00746831669 3.88577586
928 3609 7.46815677 0.00746815677 3.88900862
928 3606 7.46836706 0.00746836706 3.88577586
928 3604 7.46829175 0.00746829175 3.88362069
928 3603 7.46838911 0.00746838911 3.8825431
928 3606 7.46845565 0.00746845565 3.88577586
928 3604 7.46828261 0.00746828261 3.88362069
928 3603 7.46836001 0.00746836001 3.8825431
928 3606 7.46846865 0.00746846865 3.88577586
927 3600 7.45250271 0.00745250271 3.88349515
927 3599 7.45246586 0.00745246586 3.8824164
927 3600 7.45263073 0.00745263073 3.88349515
927 3603 7.45258705 0.00745258705 3.88673139
927 3600 7.452556 0.007452556 3.88349515
927 3603 7.45261515 0.00745261515 3.88673139
927 3600 7.45249646 0.00745249646 3.88349515
927 3603 7.45265627 0.00745265627 3.88673139
927 3600 7.45248599 0.00745248599 3.88349515
927 3603 7.45267106 0.00745267106 3.88673139
926 3593 7.43659235 0.00743659235 3.88012959
926 3593 7.43674085 0.00743674085 3.88012959
926 3593 7.43659142 0.00743659142 3.88012959
926 3593 7.43653677 0.00743653677 3.88012959
926 3593 7.4364823 0.0074364823 3.88012959
926 3593 7.43647569 0.00743647569 3.88012959
926 3593 7.43647275 0.00743647275 3.88012959
926 3593 7.43646873 0.00743646873 3.88012959
926 3593 7.43646898 0.00743646898 3.88012959
926 3593 7.43646778 0.00743646778 3.88012959
925 3589 7.41975106 0.00741975106 3.88
925 3588 7.42932416 0.00742932416 3.87891892
925 3585 7.42907145 0.00742907145 3.87567568
925 3588 7.42922596 0.00742922596 3.87891892
925 3588 7.42908442 0.00742908442 3.87891892
925 3585 7.42908148 0.00742908148 3.87567568
925 3588 7.42921778 0.00742921778 3.87891892
925 3588 7.42913073 0.00742913073 3.87891892
925 3585 7.42907551 0.00742907551 3.87567568
925 3588 7.42921572 0.00742921572 3.87891892
924 3578 7.41339844 0.00741339844 3.87229437
924 3578 7.41356716 0.00741356716 3.87229437
924 3578 7.41343392 0.00741343392 3.87229437
924 3578 7.41338116 0.00741338116 3.87229437
924 3578 7.41337042 0.00741337042 3.87229437
924 3578 7.41337073 0.00741337073 3.87229437
924 3578 7.41337258 0.00741337258 3.87229437
924 3578 7.41337148 0.00741337148 3.87229437
924 3578 7.41337111 0.00741337111 3.87229437
924 3578 7.41337106 0.00741337106 3.87229437
923 3569 7.39583869 0.00739583869 3.86673889
923 3572 7.4018078 0.0074018078 3.86998917
923 3568 7.40175085 0.00740175085 3.86565547
923 3569 7.40175286 0.00740175286 3.86673889
923 3568 7.40177894 0.00740177894 3.86565547
923 3569 7.40179827 0.00740179827 3.86673889
923 3568 7.40179053 0.00740179053 3.86565547
923 3569 7.40180422 0.00740180422 3.86673889
923 3568 7.40178448 0.00740178448 3.86565547
923 3569 7.40179975 0.00740179975 3.86673889
922 3562 7.38625137 0.00738625137 3.86334056
922 3562 7.38618576 0.00738618576 3.86334056
922 3562 7.38631945 0.00738631945 3.86334056
922 3562 7.38620176 0.00738620176 3.86334056
922 3562 7.38619824 0.00738619824 3.86334056
922 3562 7.38622113 0.00738622113 3.86334056
922 3562 7.38623356 0.00738623356 3.86334056
922 3562 7.38623385 0.00738623385 3.86334056
922 3562 7.38623452 0.00738623452 3.86334056
922 3562 7.38623606 0.00738623606 3.86334056
921 3555 7.36900455 0.00736900455 3.85993485
921 3555 7.36884094 0.00736884094 3.85993485
921 3555 7.36895242 0.00736895242 3.85993485
921 3555 7.36890716 0.00736890716 3.85993485
921 3555 7.36886659 0.00736886659 3.85993485
921 3555 7.36883434 0.00736883434 3.85993485
921 3555 7.36882287 0.00736882287 3.85993485
921 3555 7.36882242 0.00736882242 3.85993485
921 3555 7.36882176 0.00736882176 3.85993485
921 3555 7.36882296 0.00736882296 3.85993485
920 3548 7.35237108 0.00735237108 3.85652174
920 3548 7.35257419 0.00735257419 3.85652174
920 3548 7.35251276 0.00735251276 3.85652174
920 3548 7.35253671 0.00735253671 3.85652174
920 3548 7.3525888 0.0073525888 3.85652174
920 3548 7.35261488 0.00735261488 3.85652174
920 3548 7.35262167 0.00735262167 3.85652174
920 3548 7.3526231 0.0073526231 3.85652174
920 3548 7.35262283 0.00735262283 3.85652174
920 3548 7.35262282 0.00735262282 3.85652174
919 3540 7.33495378 0.00733495378 3.85201306
919 3541 7.33662155 0.00733662155 3.8531012
919 3541 7.33662025 0.00733662025 3.8531012
919 3541 7.33651204 0.00733651204 3.8531012
919 3541 7.33662286 0.00733662286 3.8531012
919 3541 7.33657934 0.00733657934 3.8531012
919 3541 7.3365999 0.0073365999 3.8531012
919 3541 7.33652219 0.00733652219 3.8531012
919 3541 7.3365926 0.0073365926 3.8531012
919 3541 7.33651257 0.00733651257 3.8531012
918 3533 7.32013991 0.00732013991 3.84858388
918 3534 7.32038888 0.00732038888 3.8496732
918 3534 7.32044692 0.00732044692 3.8496732
918 3534 7.32044322 0.00732044322 3.8496732
918 3534 7.32044024 0.00732044024 3.8496732
918 3534 7.32045872 0.00732045872 3.8496732
918 3534 7.32045704 0.00732045704 3.8496732
918 3534 7.32045802 0.00732045802 3.8496732
918 3534 7.32045845 0.00732045845 3.8496732
918 3534 7.3204575 0.0073204575 3.8496732
917 3526 7.30414859 0.00730414859 3.84514722
917 3526 7.30416343 0.00730416343 3.84514722
917 3526 7.30415958 0.00730415958 3.84514722
917 3526 7.30415061 0.00730415061 3.84514722
917 3526 7.30415321 0.00730415321 3.84514722
917 3526 7.30415708 0.00730415708 3.84514722
917 3526 7.30415774 0.00730415774 3.84514722
917 3526 7.30415773 0.00730415773 3.84514722
917 3526 7.30415687 0.00730415687 3.84514722
917 3526 7.30415696 0.00730415696 3.84514722
916 3520 7.28644326 0.00728644326 3.84279476
916 3520 7.28641664 0.00728641664 3.84279476
916 3520 7.28657783 0.00728657783 3.84279476
916 3520 7.28659208 0.00728659208 3.84279476
916 3520 7.28657411 0.00728657411 3.84279476
916 3520 7.2865814 0.0072865814 3.84279476
916 3520 7.2865767 0.0072865767 3.84279476
916 3520 7.28656681 0.00728656681 3.84279476
916 3520 7.28656573 0.00728656573 3.84279476
916 3520 7.28656518 0.00728656518 3.84279476
915 3513 7.26848708 0.00726848708 3.83934426
915 3513 7.26840051 0.00726840051 3.83934426
915 3513 7.26847359 0.00726847359 3.83934426
915 3513 7.26841164 0.00726841164 3.83934426
915 3513 7.26838011 0.00726838011 3.83934426
915 3513 7.26837126 0.00726837126 3.83934426
915 3513 7.26836727 0.00726836727 3.83934426
915 3513 7.26836832 0.00726836832 3.83934426
915 3513 7.268368 0.007268368 3.83934426
915 3513 7.26836783 0.00726836783 3.83934426
914 3504 7.24979091 0.00724979091 3.83369803
914 3504 7.24982626 0.00724982626 3.83369803
914 3504 7.24981611 0.00724981611 3.83369803
914 3504 7.24971443 0.00724971443 3.83369803
914 3504 7.24954602 0.00724954602 3.83369803
914 3504 7.24989696 0.00724989696 3.83369803
914 3504 7.24979892 0.00724979892 3.83369803
914 3504 7.2497472 0.0072497472 3.83369803
914 3504 7.24974588 0.00724974588 3.83369803
914 3504 7.24952913 0.00724952913 3.83369803
913 3495 7.23116468 0.00723116468 3.82803943
913 3495 7.2310493 0.0072310493 3.82803943
913 3495 7.2310788 0.0072310788 3.82803943
913 3495 7.23101708 0.00723101708 3.82803943
913 3495 7.23108053 0.00723108053 3.82803943
913 3492 7.23460863 0.00723460863 3.82475356
913 3491 7.23691455 0.00723691455 3.82365827
913 3491 7.23688776 0.00723688776 3.82365827
913 3491 7.23681985 0.00723681985 3.82365827
913 3491 7.2367895 0.0072367895 3.82365827
912 3484 7.22076724 0.00722076724 3.82017544
912 3484 7.22091897 0.00722091897 3.82017544
912 3484 7.22078001 0.00722078001 3.82017544
912 3484 7.22086393 0.00722086393 3.82017544
912 3484 7.22093031 0.00722093031 3.82017544
912 3484 7.22092983 0.00722092983 3.82017544
912 3484 7.22091929 0.00722091929 3.82017544
912 3484 7.22092047 0.00722092047 3.82017544
912 3484 7.22092114 0.00722092114 3.82017544
912 3484 7.22092085 0.00722092085 3.82017544
911 3478 7.20327509 0.00720327509 3.81778266
911 3478 7.20337245 0.00720337245 3.81778266
911 3478 7.20315079 0.00720315079 3.81778266
911 3478 7.20325527 0.00720325527 3.81778266
911 3478 7.20322242 0.00720322242 3.81778266
911 3478 7.20323656 0.00720323656 3.81778266
911 3478 7.20323344 0.00720323344 3.81778266
911 3478 7.20323212 0.00720323212 3.81778266
911 3478 7.20323251 0.00720323251 3.81778266
911 3478 7.20323288 0.00720323288 3.81778266
910 3472 7.18491987 0.00718491987 3.81538462
910 3472 7.18510845 0.00718510845 3.81538462
910 3470 7.18454546 0.00718454546 3.81318681
910 3470 7.18451866 0.00718451866 3.81318681
910 3472 7.18509147 0.00718509147 3.81538462
910 3472 7.18504797 0.00718504797 3.81538462
910 3472 7.18509087 0.00718509087 3.81538462
910 3470 7.18455517 0.00718455517 3.81318681
910 3470 7.1845129 0.0071845129 3.81318681
910 3472 7.18508692 0.00718508692 3.81538462
909 3463 7.16658676 0.00716658676 3.80968097
909 3461 7.16652925 0.00716652925 3.80748075
909 3461 7.16644982 0.00716644982 3.80748075
909 3464 7.16674155 0.00716674155 3.81078108
909 3464 7.16652182 0.00716652182 3.81078108
909 3461 7.16657518 0.00716657518 3.80748075
909 3464 7.16674605 0.00716674605 3.81078108
909 3464 7.16649876 0.00716649876 3.81078108
909 3461 7.16639237 0.00716639237 3.80748075
909 3464 7.16677858 0.00716677858 3.81078108
908 3458 7.14837228 0.00714837228 3.80837004
908 3455 7.14856905 0.00714856905 3.80506608
908 3456 7.14914166 0.00714914166 3.8061674
908 3455 7.1543009 0.0071543009 3.80506608
908 3455 7.15428611 0.00715428611 3.80506608
908 3455 7.15426637 0.00715426637 3.80506608
908 3455 7.15425767 0.00715425767 3.80506608
908 3455 7.15424993 0.00715424993 3.80506608
908 3455 7.15425113 0.00715425113 3.80506608
908 3455 7.15425138 0.00715425138 3.80506608
907 3449 7.13672053 0.00713672053 3.80264609
907 3449 7.13689916 0.00713689916 3.80264609
907 3449 7.13685999 0.00713685999 3.80264609
907 3449 7.13681363 0.00713681363 3.80264609
907 3449 7.13680489 0.00713680489 3.80264609
907 3449 7.13680249 0.00713680249 3.80264609
907 3449 7.13680236 0.00713680236 3.80264609
907 3449 7.13680309 0.00713680309 3.80264609
907 3449 7.13680374 0.00713680374 3.80264609
907 3449 7.13680378 0.00713680378 3.80264609
906 3440 7.11923792 0.00711923792 3.79690949
906 3440 7.11925431 0.00711925431 3.79690949
906 3440 7.11927269 0.00711927269 3.79690949
906 3440 7.11919387 0.00711919387 3.79690949
906 3440 7.11939107 0.00711939107 3.79690949
906 3440 7.11919112 0.00711919112 3.79690949
906 3440 7.11916276 0.00711916276 3.79690949
906 3440 7.11941018 0.00711941018 3.79690949
906 3440 7.11919 0.00711919 3.79690949
906 3440 7.11916675 0.00711916675 3.79690949
905 3434 7.10112179 0.00710112179 3.79447514
905 3434 7.10083027 0.00710083027 3.79447514
905 3433 7.1009408 0.0071009408 3.79337017
905 3432 7.10161809 0.00710161809 3.79226519
905 3432 7.10149817 0.00710149817 3.79226519
905 3432 7.10144207 0.00710144207 3.79226519
905 3432 7.10145456 0.00710145456 3.79226519
905 3432 7.10145446 0.00710145446 3.79226519
905 3432 7.10145204 0.00710145204 3.79226519
905 3432 7.10145168 0.00710145168 3.79226519
904 3426 7.08403475 0.00708403475 3.78982301
904 3426 7.08405704 0.00708405704 3.78982301
904 3426 7.08397904 0.00708397904 3.78982301
904 3426 7.0841216 0.0070841216 3.78982301
904 3426 7.08414758 0.00708414758 3.78982301
904 3426 7.08402955 0.00708402955 3.78982301
904 3426 7.08391693 0.00708391693 3.78982301
904 3426 7.08412176 0.00708412176 3.78982301
904 3426 7.08418047 0.00708418047 3.78982301
904 3426 7.08402817 0.00708402817 3.78982301
903 3414 7.06536833 0.00706536833 3.7807309
903 3408 7.06494917 0.00706494917 3.77408638
903 3414 7.0651229 0.0070651229 3.7807309
903 3416 7.0656936 0.0070656936 3.78294574
903 3420 7.06904324 0.00706904324 3.78737542
903 3414 7.06900563 0.00706900563 3.7807309
903 3410 7.06923657 0.00706923657 3.77630122
903 3410 7.0690377 0.0070690377 3.77630122
903 3410 7.06912822 0.00706912822 3.77630122
903 3410 7.06911964 0.00706911964 3.77630122
902 3402 7.0519889 0.0070519889 3.77161863
902 3408 7.05158796 0.00705158796 3.77827051
902 3408 7.05174706 0.00705174706 3.77827051
902 3402 7.05207088 0.00705207088 3.77161863
902 3402 7.05200371 0.00705200371 3.77161863
902 3402 7.05200508 0.00705200508 3.77161863
902 3402 7.0519925 0.0070519925 3.77161863
902 3408 7.0517151 0.0070517151 3.77827051
902 3402 7.05196994 0.00705196994 3.77161863
902 3402 7.05202363 0.00705202363 3.77161863
901 3396 7.034892 0.007034892 3.76914539
901 3396 7.03486835 0.00703486835 3.76914539
901 3396 7.03475269 0.00703475269 3.76914539
901 3396 7.03487527 0.00703487527 3.76914539
901 3396 7.03480322 0.00703480322 3.76914539
901 3396 7.0348338 0.0070348338 3.76914539
901 3396 7.03483372 0.00703483372 3.76914539
901 3396 7.03482911 0.00703482911 3.76914539
901 3396 7.03482886 0.00703482886 3.76914539
901 3396 7.03482973 0.00703482973 3.76914539
900 3390 7.01736495 0.00701736495 3.76666667
900 3390 7.01739136 0.00701739136 3.76666667
900 3390 7.01750524 0.00701750524 3.76666667
900 3390 7.0176139 0.0070176139 3.76666667
900 3390 7.01763079 0.00701763079 3.76666667
900 3390 7.01766249 0.00701766249 3.76666667
900 3390 7.01748644 0.00701748644 3.76666667
900 3390 7.01760492 0.00701760492 3.76666667
900 3390 7.01765329 0.00701765329 3.76666667
900 3390 7.01764541 0.00701764541 3.76666667
899 3384 6.99891745 0.00699891745 3.76418242
899 3384 6.99863024 0.00699863024 3.76418242
899 3384 6.99890433 0.00699890433 3.76418242
899 3384 6.99877912 0.00699877912 3.76418242
899 3384 6.99869532 0.00699869532 3.76418242
899 3384 6.99875684 0.00699875684 3.76418242
899 3384 6.99877882 0.00699877882 3.76418242
899 3384 6.99878238 0.00699878238 3.76418242
899 3384 6.99879128 0.00699879128 3.76418242
899 3384 6.99882784 0.00699882784 3.76418242
898 3379 6.97973164 0.00697973164 3.76280624
898 3379 6.97946965 0.00697946965 3.76280624
898 3382 6.97932376 0.00697932376 3.76614699
898 3383 6.98147534 0.00698147534 3.76726058
898 3382 6.98448064 0.00698448064 3.76614699
898 3382 6.98442894 0.00698442894 3.76614699
898 3383 6.98460662 0.00698460662 3.76726058
898 3382 6.98455686 0.00698455686 3.76614699
898 3382 6.98444568 0.00698444568 3.76614699
898 3383 6.98455341 0.00698455341 3.76726058
897 3376 6.96749301 0.00696749301 3.76365663
897 3380 6.96720582 0.00696720582 3.76811594
897 3376 6.96769129 0.00696769129 3.76365663
897 3381 6.96743862 0.00696743862 3.76923077
897 3376 6.96759888 0.00696759888 3.76365663
897 3380 6.96721879 0.00696721879 3.76811594
897 3376 6.96768943 0.00696768943 3.76365663
897 3381 6.96746779 0.00696746779 3.76923077
897 3376 6.96760051 0.00696760051 3.76365663
897 3380 6.96720229 0.00696720229 3.76811594
896 3374 6.9504985 0.0069504985 3.765625
896 3374 6.95059301 0.00695059301 3.765625
896 3374 6.95057579 0.00695057579 3.765625
896 3374 6.95060678 0.00695060678 3.765625
896 3374 6.95059749 0.00695059749 3.765625
896 3374 6.95060979 0.00695060979 3.765625
896 3374 6.95061404 0.00695061404 3.765625
896 3374 6.95061808 0.00695061808 3.765625
896 3374 6.95061866 0.00695061866 3.765625
896 3374 6.95061801 0.00695061801 3.765625
895 3369 6.93281088 0.00693281088 3.76424581
895 3369 6.93268753 0.00693268753 3.76424581
895 3369 6.93251282 0.00693251282 3.76424581
895 3369 6.93278286 0.00693278286 3.76424581
895 3369 6.9327296 0.0069327296 3.76424581
895 3369 6.93272831 0.00693272831 3.76424581
895 3369 6.93274304 0.00693274304 3.76424581
895 3369 6.93274306 0.00693274306 3.76424581
895 3369 6.93274224 0.00693274224 3.76424581
895 3369 6.93273569 0.00693273569 3.76424581
894 3363 6.91367069 0.00691367069 3.76174497
894 3363 6.91355893 0.00691355893 3.76174497
894 3363 6.91349421 0.00691349421 3.76174497
894 3363 6.91369405 0.00691369405 3.76174497
894 3363 6.91372504 0.00691372504 3.76174497
894 3363 6.91359503 0.00691359503 3.76174497
894 3363 6.9137006 0.0069137006 3.76174497
894 3363 6.91371465 0.00691371465 3.76174497
894 3363 6.913582 0.006913582 3.76174497
894 3363 6.91369892 0.00691369892 3.76174497
893 3354 6.89413709 0.00689413709 3.75587906
893 3354 6.89368332 0.00689368332 3.75587906
893 3355 6.89437895 0.00689437895 3.75699888
893 3355 6.89412377 0.00689412377 3.75699888
893 3355 6.89409519 0.00689409519 3.75699888
893 3352 6.89388504 0.00689388504 3.75363942
893 3355 6.89426972 0.00689426972 3.75699888
893 3355 6.89419381 0.00689419381 3.75699888
893 3355 6.89408004 0.00689408004 3.75699888
893 3355 6.89415141 0.00689415141 3.75699888
892 3346 6.87469413 0.00687469413 3.75112108
892 3346 6.87459813 0.00687459813 3.75112108
892 3346 6.87456361 0.00687456361 3.75112108
892 3346 6.87470346 0.00687470346 3.75112108
892 3346 6.87470874 0.00687470874 3.75112108
892 3346 6.87470892 0.00687470892 3.75112108
892 3346 6.87471901 0.00687471901 3.75112108
892 3346 6.87472503 0.00687472503 3.75112108
892 3346 6.87472501 0.00687472501 3.75112108
892 3346 6.87472502 0.00687472502 3.75112108
891 3336 6.85511374 0.00685511374 3.74410774
891 3338 6.85493386 0.00685493386 3.74635241
891 3336 6.85502276 0.00685502276 3.74410774
891 3336 6.85542274 0.00685542274 3.74410774
891 3336 6.85518699 0.00685518699 3.74410774
891 3336 6.85549221 0.00685549221 3.74410774
891 3336 6.85529481 0.00685529481 3.74410774
891 3336 6.85537434 0.00685537434 3.74410774
891 3336 6.85520055 0.00685520055 3.74410774
891 3336 6.85546871 0.00685546871 3.74410774
890 3326 6.83516338 0.00683516338 3.73707865
890 3328 6.83510041 0.00683510041 3.73932584
890 3328 6.83516226 0.00683516226 3.73932584
890 3328 6.83478664 0.00683478664 3.73932584
890 3326 6.83477484 0.00683477484 3.73707865
890 3328 6.83512645 0.00683512645 3.73932584
890 3328 6.83523708 0.00683523708 3.73932584
890 3328 6.83480828 0.00683480828 3.73932584
890 3326 6.83487942 0.00683487942 3.73707865
890 3326 6.83504979 0.00683504979 3.73707865
889 3318 6.81491634 0.00681491634 3.73228346
889 3320 6.81467707 0.00681467707 3.73453318
889 3318 6.81479679 0.00681479679 3.73228346
889 3325 6.81441915 0.00681441915 3.74015748
889 3318 6.81485688 0.00681485688 3.73228346
889 3318 6.8149252 0.0068149252 3.73228346
889 3325 6.81443098 0.00681443098 3.74015748
889 3318 6.81485233 0.00681485233 3.73228346
889 3318 6.81491296 0.00681491296 3.73228346
889 3325 6.81442591 0.00681442591 3.74015748
888 3315 6.79476267 0.00679476267 3.73310811
888 3310 6.79450639 0.00679450639 3.72747748
888 3311 6.79442658 0.00679442658 3.7286036
888 3315 6.79456745 0.00679456745 3.73310811
888 3310 6.79456144 0.00679456144 3.72747748
888 3311 6.79449589 0.00679449589 3.7286036
888 3310 6.79472771 0.00679472771 3.72747748
888 3310 6.79462127 0.00679462127 3.72747748
888 3310 6.79458487 0.00679458487 3.72747748
888 3310 6.79456838 0.00679456838 3.72747748
887 3303 6.77438401 0.00677438401 3.72378805
887 3307 6.77426839 0.00677426839 3.72829763
887 3303 6.77441761 0.00677441761 3.72378805
887 3303 6.77416568 0.00677416568 3.72378805
887 3307 6.77423617 0.00677423617 3.72829763
887 3303 6.77428581 0.00677428581 3.72378805
887 3303 6.77415027 0.00677415027 3.72378805
887 3307 6.77424504 0.00677424504 3.72829763
887 3303 6.77428406 0.00677428406 3.72378805
887 3303 6.77415369 0.00677415369 3.72378805
886 3300 6.7540427 0.0067540427 3.72460497
886 3300 6.75387556 0.00675387556 3.72460497
886 3300 6.75377327 0.00675377327 3.72460497
886 3300 6.75369672 0.00675369672 3.72460497
886 3300 6.7536794 0.0067536794 3.72460497
886 3300 6.75368637 0.00675368637 3.72460497
886 3300 6.75369734 0.00675369734 3.72460497
886 3300 6.75370024 0.00675370024 3.72460497
886 3300 6.75370092 0.00675370092 3.72460497
886 3300 6.75370101 0.00675370101 3.72460497
885 3292 6.73287099 0.00673287099 3.71977401
885 3292 6.73341636 0.00673341636 3.71977401
885 3292 6.73337074 0.00673337074 3.71977401
885 3292 6.73334617 0.00673334617 3.71977401
885 3292 6.73330244 0.00673330244 3.71977401
885 3292 6.73329818 0.00673329818 3.71977401
885 3292 6.73330303 0.00673330303 3.71977401
885 3292 6.73329842 0.00673329842 3.71977401
885 3292 6.73329776 0.00673329776 3.71977401
885 3292 6.73329874 0.00673329874 3.71977401
884 3284 6.71187554 0.00671187554 3.71493213
884 3284 6.71181128 0.00671181128 3.71493213
884 3284 6.71188546 0.00671188546 3.71493213
884 3284 6.71189257 0.00671189257 3.71493213
884 3284 6.71187689 0.00671187689 3.71493213
884 3284 6.71186795 0.00671186795 3.71493213
884 3284 6.71187404 0.00671187404 3.71493213
884 3284 6.71187913 0.00671187913 3.71493213
884 3284 6.71187835 0.00671187835 3.71493213
884 3284 6.71187878 0.00671187878 3.71493213
883 3277 6.69051876 0.00669051876 3.71121178
883 3277 6.69016493 0.00669016493 3.71121178
883 3276 6.69011306 0.00669011306 3.71007928
883 3278 6.69532574 0.00669532574 3.71234428
883 3276 6.70025933 0.00670025933 3.71007928
883 3276 6.70045679 0.00670045679 3.71007928
883 3276 6.70014697 0.00670014697 3.71007928
883 3276 6.70052371 0.00670052371 3.71007928
883 3276 6.70046884 0.00670046884 3.71007928
883 3276 6.70009933 0.00670009933 3.71007928
882 3268 6.67945682 0.00667945682 3.70521542
882 3268 6.67982642 0.00667982642 3.70521542
882 3268 6.6798341 0.0066798341 3.70521542
882 3268 6.6798105 0.0066798105 3.70521542
882 3268 6.67975074 0.00667975074 3.70521542
882 3268 6.67975067 0.00667975067 3.70521542
882 3268 6.6797556 0.0066797556 3.70521542
882 3268 6.67975045 0.00667975045 3.70521542
882 3268 6.67974917 0.00667974917 3.70521542
882 3268 6.67975032 0.00667975032 3.70521542
881 3260 6.65893252 0.00665893252 3.70034052
881 3260 6.65888085 0.00665888085 3.70034052
881 3260 6.6589603 0.0066589603 3.70034052
881 3260 6.65897148 0.00665897148 3.70034052
881 3260 6.65895314 0.00665895314 3.70034052
881 3260 6.65894345 0.00665894345 3.70034052
881 3260 6.65895007 0.00665895007 3.70034052
881 3260 6.65895492 0.00665895492 3.70034052
881 3260 6.65895399 0.00665895399 3.70034052
881 3260 6.6589547 0.0066589547 3.70034052
880 3253 6.63802953 0.00663802953 3.69659091
880 3253 6.63773116 0.00663773116 3.69659091
880 3253 6.6379068 0.0066379068 3.69659091
880 3253 6.63783736 0.00663783736 3.69659091
880 3253 6.63791706 0.00663791706 3.69659091
880 3253 6.6378406 0.0066378406 3.69659091
880 3253 6.63791489 0.00663791489 3.69659091
880 3253 6.63783343 0.00663783343 3.69659091
880 3253 6.63791389 0.00663791389 3.69659091
880 3253 6.63783352 0.00663783352 3.69659091
879 3245 6.61557433 0.00661557433 3.69169511
879 3248 6.61713227 0.00661713227 3.69510808
879 3247 6.62185274 0.00662185274 3.69397042
879 3254 6.63565002 0.00663565002 3.70193402
879 3254 6.63530015 0.00663530015 3.70193402
879 3254 6.6358475 0.0066358475 3.70193402
879 3254 6.63535307 0.00663535307 3.70193402
879 3254 6.63584354 0.00663584354 3.70193402
879 3254 6.63530519 0.00663530519 3.70193402
879 3254 6.63582045 0.00663582045 3.70193402
878 3245 6.61559694 0.00661559694 3.69589977
878 3245 6.61536692 0.00661536692 3.69589977
878 3245 6.61533472 0.00661533472 3.69589977
878 3245 6.61535282 0.00661535282 3.69589977
878 3245 6.61538068 0.00661538068 3.69589977
878 3245 6.61537576 0.00661537576 3.69589977
878 3245 6.61537791 0.00661537791 3.69589977
878 3245 6.61537822 0.00661537822 3.69589977
878 3245 6.61537909 0.00661537909 3.69589977
878 3245 6.61538068 0.00661538068 3.69589977
877 3238 6.59443691 0.00659443691 3.69213227
877 3238 6.59427186 0.00659427186 3.69213227
877 3238 6.59423672 0.00659423672 3.69213227
877 3237 6.59415799 0.00659415799 3.69099202
877 3238 6.5941728 0.0065941728 3.69213227
877 3238 6.59422894 0.00659422894 3.69213227
877 3237 6.59418863 0.00659418863 3.69099202
877 3238 6.59416666 0.00659416666 3.69213227
877 3238 6.59425203 0.00659425203 3.69213227
877 3237 6.59418922 0.00659418922 3.69099202
876 3230 6.57303369 0.00657303369 3.68721461
876 3230 6.57308845 0.00657308845 3.68721461
876 3232 6.57332352 0.00657332352 3.68949772
876 3232 6.57315516 0.00657315516 3.68949772
876 3233 6.5728958 0.0065728958 3.69063927
876 3232 6.57343167 0.00657343167 3.68949772
876 3232 6.57335069 0.00657335069 3.68949772
876 3232 6.57324284 0.00657324284 3.68949772
876 3233 6.57305358 0.00657305358 3.69063927
876 3232 6.5734503 0.0065734503 3.68949772
875 3224 6.55218051 0.00655218051 3.68457143
875 3224 6.55202881 0.00655202881 3.68457143
875 3224 6.55200764 0.00655200764 3.68457143
875 3224 6.55192232 0.00655192232 3.68457143
875 3224 6.5518965 0.0065518965 3.68457143
875 3224 6.55189492 0.00655189492 3.68457143
875 3224 6.55189889 0.00655189889 3.68457143
875 3224 6.55190063 0.00655190063 3.68457143
875 3224 6.55190293 0.00655190293 3.68457143
875 3224 6.55190269 0.00655190269 3.68457143
874 3216 6.529941 0.006529941 3.67963387
874 3217 6.53038315 0.00653038315 3.68077803
874 3218 6.53039039 0.00653039039 3.6819222
874 3216 6.53394241 0.00653394241 3.67963387
874 3216 6.53399112 0.00653399112 3.67963387
874 3216 6.53387866 0.00653387866 3.67963387
874 3216 6.53391425 0.00653391425 3.67963387
874 3216 6.5338897 0.0065338897 3.67963387
874 3216 6.53388518 0.00653388518 3.67963387
874 3216 6.53389301 0.00653389301 3.67963387
873 3209 6.51272723 0.00651272723 3.67583047
873 3209 6.51245142 0.00651245142 3.67583047
873 3209 6.51257049 0.00651257049 3.67583047
873 3209 6.51259562 0.00651259562 3.67583047
873 3209 6.51261856 0.00651261856 3.67583047
873 3209 6.51263695 0.00651263695 3.67583047
873 3209 6.51264968 0.00651264968 3.67583047
873 3209 6.51265229 0.00651265229 3.67583047
873 3209 6.51265101 0.00651265101 3.67583047
873 3209 6.51265118 0.00651265118 3.67583047
872 3201 6.49169739 0.00649169739 3.67087156
872 3201 6.49161768 0.00649161768 3.67087156
872 3201 6.49159373 0.00649159373 3.67087156
872 3201 6.49160625 0.00649160625 3.67087156
872 3201 6.49169431 0.00649169431 3.67087156
872 3201 6.49167974 0.00649167974 3.67087156
872 3201 6.49169527 0.00649169527 3.67087156
872 3201 6.49167468 0.00649167468 3.67087156
872 3201 6.49167036 0.00649167036 3.67087156
872 3201 6.49167012 0.00649167012 3.67087156
871 3193 6.46958727 0.00646958727 3.66590126
871 3193 6.46946643 0.00646946643 3.66590126
871 3191 6.46995672 0.00646995672 3.66360505
871 3191 6.47003142 0.00647003142 3.66360505
871 3191 6.46996384 0.00646996384 3.66360505
871 3192 6.47005953 0.00647005953 3.66475316
871 3192 6.46955669 0.00646955669 3.66475316
871 3192 6.46989297 0.00646989297 3.66475316
871 3190 6.46998844 0.00646998844 3.66245695
871 3192 6.46976158 0.00646976158 3.66475316
870 3184 6.44874012 0.00644874012 3.65977011
870 3183 6.44881634 0.00644881634 3.65862069
870 3184 6.44889448 0.00644889448 3.65977011
870 3183 6.44907437 0.00644907437 3.65862069
870 3183 6.44900552 0.00644900552 3.65862069
870 3187 6.44914817 0.00644914817 3.66321839
870 3185 6.4553013 0.0064553013 3.66091954
870 3185 6.45482224 0.00645482224 3.66091954
870 3184 6.4547083 0.0064547083 3.65977011
870 3184 6.45499237 0.00645499237 3.65977011
869 3177 6.4353611 0.0064353611 3.65592635
869 3177 6.43533442 0.00643533442 3.65592635
869 3177 6.43548178 0.00643548178 3.65592635
869 3177 6.43493397 0.00643493397 3.65592635
869 3178 6.43511679 0.00643511679 3.6570771
869 3178 6.43483068 0.00643483068 3.6570771
869 3178 6.43509641 0.00643509641 3.6570771
869 3178 6.43485169 0.00643485169 3.6570771
869 3178 6.43510752 0.00643510752 3.6570771
869 3178 6.43485389 0.00643485389 3.6570771
868 3171 6.41546737 0.00641546737 3.65322581
868 3171 6.41520042 0.00641520042 3.65322581
868 3169 6.41522741 0.00641522741 3.65092166
868 3171 6.41512258 0.00641512258 3.65322581
868 3169 6.4153337 0.0064153337 3.65092166
868 3171 6.41514518 0.00641514518 3.65322581
868 3169 6.41533093 0.00641533093 3.65092166
868 3171 6.41514429 0.00641514429 3.65322581
868 3169 6.41533405 0.00641533405 3.65092166
868 3171 6.41514528 0.00641514528 3.65322581
867 3163 6.3952455 0.0063952455 3.64821223
867 3163 6.3956107 0.0063956107 3.64821223
867 3163 6.39568674 0.00639568674 3.64821223
867 3163 6.39552785 0.00639552785 3.64821223
867 3163 6.39515362 0.00639515362 3.64821223
867 3163 6.39553069 0.00639553069 3.64821223
867 3163 6.39547229 0.00639547229 3.64821223
867 3163 6.39572372 0.00639572372 3.64821223
867 3163 6.39572897 0.00639572897 3.64821223
867 3163 6.39551347 0.00639551347 3.64821223
866 3154 6.37425513 0.00637425513 3.64203233
866 3154 6.37389512 0.00637389512 3.64203233
866 3154 6.37413206 0.00637413206 3.64203233
866 3155 6.37397728 0.00637397728 3.64318707
866 3154 6.37410645 0.00637410645 3.64203233
866 3155 6.37404398 0.00637404398 3.64318707
866 3154 6.37418309 0.00637418309 3.64203233
866 3155 6.3740324 0.0063740324 3.64318707
866 3154 6.37418758 0.00637418758 3.64203233
866 3155 6.37402171 0.00637402171 3.64318707
865 3146 6.35296095 0.00635296095 3.63699422
865 3146 6.35264532 0.00635264532 3.63699422
865 3146 6.35264351 0.00635264351 3.63699422
865 3146 6.35266361 0.00635266361 3.63699422
865 3146 6.35267217 0.00635267217 3.63699422
865 3146 6.35268966 0.00635268966 3.63699422
865 3146 6.35268221 0.00635268221 3.63699422
865 3146 6.35268789 0.00635268789 3.63699422
865 3146 6.35268699 0.00635268699 3.63699422
865 3146 6.35268644 0.00635268644 3.63699422
864 3139 6.33091181 0.00633091181 3.63310185
864 3139 6.33098931 0.00633098931 3.63310185
864 3139 6.33128351 0.00633128351 3.63310185
864 3139 6.33088589 0.00633088589 3.63310185
864 3139 6.33133766 0.00633133766 3.63310185
864 3139 6.33081682 0.00633081682 3.63310185
864 3139 6.33134862 0.00633134862 3.63310185
864 3139 6.33080998 0.00633080998 3.63310185
864 3139 6.33123145 0.00633123145 3.63310185
864 3139 6.33082471 0.00633082471 3.63310185
863 3132 6.30807123 0.00630807123 3.62920046
863 3132 6.30749086 0.00630749086 3.62920046
863 3132 6.30751396 0.00630751396 3.62920046
863 3131 6.30725786 0.00630725786 3.62804171
863 3132 6.30783786 0.00630783786 3.62920046
863 3131 6.30744269 0.00630744269 3.62804171
863 3132 6.30757966 0.00630757966 3.62920046
863 3132 6.30751411 0.00630751411 3.62920046
863 3131 6.30731247 0.00630731247 3.62804171
863 3132 6.3078851 0.0063078851 3.62920046
862 3124 6.28569977 0.00628569977 3.62412993
862 3124 6.2855985 0.0062855985 3.62412993
862 3124 6.28541677 0.00628541677 3.62412993
862 3124 6.2854235 0.0062854235 3.62412993
862 3124 6.28543967 0.00628543967 3.62412993
862 3124 6.28544926 0.00628544926 3.62412993
862 3124 6.28544384 0.00628544384 3.62412993
862 3124 6.28544394 0.00628544394 3.62412993
862 3124 6.28544333 0.00628544333 3.62412993
862 3124 6.2854433 0.0062854433 3.62412993
861 3119 6.26289371 0.00626289371 3.62253194
861 3119 6.26325252 0.00626325252 3.62253194
861 3119 6.26300724 0.00626300724 3.62253194
861 3119 6.26326995 0.00626326995 3.62253194
861 3119 6.26353483 0.00626353483 3.62253194
861 3119 6.26365495 0.00626365495 3.62253194
861 3119 6.26365656 0.00626365656 3.62253194
861 3119 6.26366169 0.00626366169 3.62253194
861 3119 6.2636688 0.0062636688 3.62253194
861 3119 6.26365909 0.00626365909 3.62253194
860 3111 6.24064432 0.00624064432 3.61744186
860 3113 6.2420429 0.0062420429 3.61976744
860 3118 6.24259331 0.00624259331 3.6255814
860 3116 6.24300758 0.00624300758 3.62325581
860 3121 6.24377841 0.00624377841 3.62906977
860 3121 6.24418118 0.00624418118 3.62906977
860 3121 6.24376482 0.00624376482 3.62906977
860 3121 6.24425445 0.00624425445 3.62906977
860 3121 6.2443185 0.0062443185 3.62906977
860 3121 6.24383949 0.00624383949 3.62906977
859 3114 6.22133319 0.00622133319 3.62514552
859 3114 6.22110163 0.00622110163 3.62514552
859 3114 6.22082636 0.00622082636 3.62514552
859 3115 6.22152029 0.00622152029 3.62630966
859 3115 6.22142742 0.00622142742 3.62630966
859 3112 6.22228665 0.00622228665 3.62281723
859 3116 6.22252389 0.00622252389 3.62747381
859 3119 6.22321133 0.00622321133 3.63096624
859 3116 6.2247664 0.0062247664 3.62747381
859 3116 6.22469342 0.00622469342 3.62747381
858 3109 6.20256728 0.00620256728 3.62354312
858 3109 6.20238144 0.00620238144 3.62354312
858 3109 6.20222838 0.00620222838 3.62354312
858 3108 6.20290899 0.00620290899 3.62237762
858 3108 6.20309886 0.00620309886 3.62237762
858 3108 6.20313447 0.00620313447 3.62237762
858 3108 6.20313808 0.00620313808 3.62237762
858 3108 6.20317587 0.00620317587 3.62237762
858 3108 6.20318928 0.00620318928 3.62237762
858 3108 6.20319116 0.00620319116 3.62237762
857 3101 6.18269956 0.00618269956 3.61843641
857 3101 6.18215129 0.00618215129 3.61843641
857 3101 6.18194142 0.00618194142 3.61843641
857 3104 6.18185002 0.00618185002 3.62193699
857 3101 6.18214904 0.00618214904 3.61843641
857 3104 6.1818794 0.0061818794 3.62193699
857 3101 6.18216066 0.00618216066 3.61843641
857 3104 6.18187446 0.00618187446 3.62193699
857 3101 6.18216561 0.00618216561 3.61843641
857 3104 6.18187752 0.00618187752 3.62193699
856 3096 6.16171914 0.00616171914 3.61682243
856 3096 6.16170534 0.00616170534 3.61682243
856 3096 6.16165377 0.00616165377 3.61682243
856 3096 6.16187621 0.00616187621 3.61682243
856 3096 6.16156191 0.00616156191 3.61682243
856 3096 6.16174078 0.00616174078 3.61682243
856 3096 6.16185093 0.00616185093 3.61682243
856 3096 6.1617555 0.0061617555 3.61682243
856 3096 6.16190877 0.00616190877 3.61682243
856 3096 6.16160366 0.00616160366 3.61682243
855 3088 6.14046641 0.00614046641 3.61169591
855 3090 6.14353007 0.00614353007 3.61403509
855 3088 6.14353766 0.00614353766 3.61169591
855 3090 6.14360565 0.00614360565 3.61403509
855 3088 6.14344336 0.00614344336 3.61169591
855 3090 6.14348584 0.00614348584 3.61403509
855 3088 6.14360981 0.00614360981 3.61169591
855 3090 6.14358105 0.00614358105 3.61403509
855 3088 6.14344854 0.00614344854 3.61169591
855 3090 6.14348436 0.00614348436 3.61403509
854 3082 6.12294116 0.00612294116 3.6088993
854 3085 6.12238726 0.00612238726 3.61241218
854 3084 6.12302172 0.00612302172 3.61124122
854 3080 6.12248784 0.00612248784 3.60655738
854 3080 6.13717112 0.00613717112 3.60655738
854 3086 6.13684622 0.00613684622 3.61358314
854 3085 6.13682731 0.00613682731 3.61241218
854 3085 6.13699962 0.00613699962 3.61241218
854 3085 6.13696584 0.00613696584 3.61241218
854 3080 6.13725693 0.00613725693 3.60655738
853 3074 6.11706383 0.00611706383 3.60375147
853 3077 6.11742121 0.00611742121 3.60726846
853 3079 6.11718767 0.00611718767 3.60961313
853 3079 6.11708357 0.00611708357 3.60961313
853 3077 6.11756758 0.00611756758 3.60726846
853 3074 6.11709207 0.00611709207 3.60375147
853 3077 6.11743549 0.00611743549 3.60726846
853 3079 6.11713509 0.00611713509 3.60961313
853 3077 6.11764707 0.00611764707 3.60726846
853 3074 6.11705432 0.00611705432 3.60375147
852 3071 6.09757022 0.00609757022 3.60446009
852 3071 6.09724845 0.00609724845 3.60446009
852 3071 6.09782443 0.00609782443 3.60446009
852 3071 6.09742873 0.00609742873 3.60446009
852 3071 6.09731523 0.00609731523 3.60446009
852 3071 6.09780596 0.00609780596 3.60446009
852 3071 6.09743014 0.00609743014 3.60446009
852 3071 6.09731257 0.00609731257 3.60446009
852 3071 6.09780564 0.00609780564 3.60446009
852 3071 6.0974274 0.0060974274 3.60446009
851 3065 6.07725304 0.00607725304 3.60164512
851 3065 6.07707763 0.00607707763 3.60164512
851 3065 6.07721708 0.00607721708 3.60164512
851 3065 6.077171 0.006077171 3.60164512
851 3065 6.07725303 0.00607725303 3.60164512
851 3065 6.0771616 0.0060771616 3.60164512
851 3065 6.07725062 0.00607725062 3.60164512
851 3065 6.07716543 0.00607716543 3.60164512
851 3065 6.07725093 0.00607725093 3.60164512
851 3065 6.07716645 0.00607716645 3.60164512
850 3058 6.05650925 0.00605650925 3.59764706
850 3058 6.05665383 0.00605665383 3.59764706
850 3057 6.05635482 0.00605635482 3.59647059
850 3058 6.0564547 0.0060564547 3.59764706
850 3058 6.05676927 0.00605676927 3.59764706
850 3058 6.05649667 0.00605649667 3.59764706
850 3058 6.05646083 0.00605646083 3.59764706
850 3058 6.05642903 0.00605642903 3.59764706
850 3058 6.05648574 0.00605648574 3.59764706
850 3057 6.05633971 0.00605633971 3.59647059
849 3051 6.03536172 0.00603536172 3.59363958
849 3052 6.03499994 0.00603499994 3.59481743
849 3050 6.03576592 0.00603576592 3.59246172
849 3050 6.03549904 0.00603549904 3.59246172
849 3050 6.03555175 0.00603555175 3.59246172
849 3050 6.03554641 0.00603554641 3.59246172
849 3052 6.03517386 0.00603517386 3.59481743
849 3050 6.03584639 0.00603584639 3.59246172
849 3050 6.03573327 0.00603573327 3.59246172
849 3052 6.03520322 0.00603520322 3.59481743
848 3044 6.01432545 0.00601432545 3.58962264
848 3044 6.01446302 0.00601446302 3.58962264
848 3044 6.01446273 0.00601446273 3.58962264
848 3044 6.01444287 0.00601444287 3.58962264
848 3044 6.01454446 0.00601454446 3.58962264
848 3044 6.01453367 0.00601453367 3.58962264
848 3044 6.01453358 0.00601453358 3.58962264
848 3044 6.01453028 0.00601453028 3.58962264
848 3044 6.01452728 0.00601452728 3.58962264
848 3044 6.01453051 0.00601453051 3.58962264
847 3035 5.9926279 0.0059926279 3.58323495
847 3035 5.99243575 0.00599243575 3.58323495
847 3035 5.99246147 0.00599246147 3.58323495
847 3035 5.99240852 0.00599240852 3.58323495
847 3035 5.99242214 0.00599242214 3.58323495
847 3035 5.99244149 0.00599244149 3.58323495
847 3035 5.99242252 0.00599242252 3.58323495
847 3035 5.99243818 0.00599243818 3.58323495
847 3035 5.99242315 0.00599242315 3.58323495
847 3035 5.99243938 0.00599243938 3.58323495
846 3029 5.96994509 0.00596994509 3.58037825
846 3030 5.96992897 0.00596992897 3.58156028
846 3030 5.97004264 0.00597004264 3.58156028
846 3032 5.96969251 0.00596969251 3.58392435
846 3029 5.96997598 0.00596997598 3.58037825
846 3030 5.96989654 0.00596989654 3.58156028
846 3036 5.96938549 0.00596938549 3.58865248
846 3030 5.9701066 0.0059701066 3.58156028
846 3032 5.96975994 0.00596975994 3.58392435
846 3029 5.96998816 0.00596998816 3.58037825
845 3024 5.94754771 0.00594754771 3.57869822
845 3027 5.9479651 0.0059479651 3.58224852
845 3027 5.94774828 0.00594774828 3.58224852
845 3027 5.9478003 0.0059478003 3.58224852
845 3027 5.94779118 0.00594779118 3.58224852
845 3027 5.94779129 0.00594779129 3.58224852
845 3027 5.94779074 0.00594779074 3.58224852
845 3027 5.94778235 0.00594778235 3.58224852
845 3027 5.94778431 0.00594778431 3.58224852
845 3027 5.9477846 0.0059477846 3.58224852
844 3022 5.92588423 0.00592588423 3.58056872
844 3022 5.92581834 0.00592581834 3.58056872
844 3021 5.92533838 0.00592533838 3.57938389
844 3024 5.92567337 0.00592567337 3.58293839
844 3022 5.92580298 0.00592580298 3.58056872
844 3024 5.9258326 0.0059258326 3.58293839
844 3024 5.92589198 0.00592589198 3.58293839
844 3022 5.92572372 0.00592572372 3.58056872
844 3021 5.92540183 0.00592540183 3.57938389
844 3024 5.92566568 0.00592566568 3.58293839
843 3019 5.90365428 0.00590365428 3.58125741
843 3016 5.9036936 0.0059036936 3.5776987
843 3016 5.90361847 0.00590361847 3.5776987
843 3016 5.90356518 0.00590356518 3.5776987
843 3018 5.90344528 0.00590344528 3.58007117
843 3018 5.90349288 0.00590349288 3.58007117
843 3016 5.90369256 0.00590369256 3.5776987
843 3016 5.90368385 0.00590368385 3.5776987
843 3016 5.90353239 0.00590353239 3.5776987
843 3016 5.90357089 0.00590357089 3.5776987
842 3013 5.88145586 0.00588145586 3.5783848
842 3011 5.88204521 0.00588204521 3.5760095
842 3011 5.8872913 0.0058872913 3.5760095
842 3012 5.88921278 0.00588921278 3.57719715
842 3009 5.88979648 0.00588979648 3.5736342
842 3013 5.89006482 0.00589006482 3.5783848
842 3009 5.90553881 0.00590553881 3.5736342
842 3009 5.90545824 0.00590545824 3.5736342
842 3009 5.90549165 0.00590549165 3.5736342
842 3009 5.90559729 0.00590559729 3.5736342
841 3000 5.88503121 0.00588503121 3.56718193
841 3000 5.88491407 0.00588491407 3.56718193
841 3003 5.88504976 0.00588504976 3.57074911
841 3003 5.88507072 0.00588507072 3.57074911
841 3003 5.88506433 0.00588506433 3.57074911
841 3003 5.88504524 0.00588504524 3.57074911
841 3003 5.88507072 0.00588507072 3.57074911
841 3003 5.88507157 0.00588507157 3.57074911
841 3003 5.8850689 0.0058850689 3.57074911
841 3003 5.88506817 0.00588506817 3.57074911
840 2994 5.86468826 0.00586468826 3.56428571
840 2996 5.86392546 0.00586392546 3.56666667
840 2994 5.86458788 0.00586458788 3.56428571
840 2992 5.86423136 0.00586423136 3.56190476
840 2995 5.86413936 0.00586413936 3.56547619
840 2997 5.86423765 0.00586423765 3.56785714
840 2997 5.86439433 0.00586439433 3.56785714
840 2998 5.86428104 0.00586428104 3.56904762
840 2996 5.86379287 0.00586379287 3.56666667
840 2994 5.86991552 0.00586991552 3.56428571
839 2988 5.85046034 0.00585046034 3.5613826
839 2985 5.84997835 0.00584997835 3.55780691
839 2988 5.85035654 0.00585035654 3.5613826
839 2988 5.85050424 0.00585050424 3.5613826
839 2988 5.85020945 0.00585020945 3.5613826
839 2988 5.85020532 0.00585020532 3.5613826
839 2988 5.85017958 0.00585017958 3.5613826
839 2988 5.8501839 0.0058501839 3.5613826
839 2988 5.85019639 0.00585019639 3.5613826
839 2988 5.85020504 0.00585020504 3.5613826
838 2980 5.83017858 0.00583017858 3.55608592
838 2980 5.83033034 0.00583033034 3.55608592
838 2980 5.83042658 0.00583042658 3.55608592
838 2980 5.83032527 0.00583032527 3.55608592
838 2982 5.82987752 0.00582987752 3.55847255
838 2980 5.83025228 0.00583025228 3.55608592
838 2979 5.82934157 0.00582934157 3.5548926
838 2980 5.83046227 0.00583046227 3.55608592
838 2982 5.82974094 0.00582974094 3.55847255
838 2980 5.83022708 0.00583022708 3.55608592
837 2974 5.80996845 0.00580996845 3.55316607
837 2974 5.80968924 0.00580968924 3.55316607
837 2974 5.80995276 0.00580995276 3.55316607
837 2979 5.81069515 0.00581069515 3.55913978
837 2979 5.81049698 0.00581049698 3.55913978
837 2979 5.81061534 0.00581061534 3.55913978
837 2979 5.8107909 0.0058107909 3.55913978
837 2979 5.81051597 0.00581051597 3.55913978
837 2979 5.81078389 0.00581078389 3.55913978
837 2979 5.8105444 0.0058105444 3.55913978
836 2973 5.79001329 0.00579001329 3.5562201
836 2971 5.79026084 0.00579026084 3.55382775
836 2971 5.79023137 0.00579023137 3.55382775
836 2971 5.79016206 0.00579016206 3.55382775
836 2971 5.7901524 0.0057901524 3.55382775
836 2971 5.79014121 0.00579014121 3.55382775
836 2971 5.79013443 0.00579013443 3.55382775
836 2971 5.79013297 0.00579013297 3.55382775
836 2971 5.79013225 0.00579013225 3.55382775
836 2971 5.79013213 0.00579013213 3.55382775
835 2968 5.76992246 0.00576992246 3.55449102
835 2968 5.78672664 0.00578672664 3.55449102
835 2968 5.78660434 0.00578660434 3.55449102
835 2968 5.78654639 0.00578654639 3.55449102
835 2967 5.78623194 0.00578623194 3.55329341
835 2968 5.78665619 0.00578665619 3.55449102
835 2968 5.78662114 0.00578662114 3.55449102
835 2968 5.78654228 0.00578654228 3.55449102
835 2967 5.78625958 0.00578625958 3.55329341
835 2968 5.78666912 0.00578666912 3.55449102
834 2962 5.7677995 0.0057677995 3.55155875
834 2962 5.7676159 0.0057676159 3.55155875
834 2962 5.76737742 0.00576737742 3.55155875
834 2964 5.76705615 0.00576705615 3.55395683
834 2962 5.76797598 0.00576797598 3.55155875
834 2962 5.76750447 0.00576750447 3.55155875
834 2962 5.76784734 0.00576784734 3.55155875
834 2962 5.76776262 0.00576776262 3.55155875
834 2962 5.76792293 0.00576792293 3.55155875
834 2962 5.76806904 0.00576806904 3.55155875
833 2958 5.74804239 0.00574804239 3.55102041
833 2958 5.74770839 0.00574770839 3.55102041
833 2956 5.74768839 0.00574768839 3.54861945
833 2953 5.75039579 0.00575039579 3.54501801
833 2949 5.7502171 0.0057502171 3.54021609
833 2953 5.75055662 0.00575055662 3.54501801
833 2952 5.74993515 0.00574993515 3.54381753
833 2953 5.75045035 0.00575045035 3.54501801
833 2953 5.75061623 0.00575061623 3.54501801
833 2952 5.75013571 0.00575013571 3.54381753
832 2947 5.73157032 0.00573157032 3.54206731
832 2944 5.73122256 0.00573122256 3.53846154
832 2947 5.73136987 0.00573136987 3.54206731
832 2947 5.73155231 0.00573155231 3.54206731
832 2947 5.73146188 0.00573146188 3.54206731
832 2944 5.73139898 0.00573139898 3.53846154
832 2947 5.73131399 0.00573131399 3.54206731
832 2947 5.73143291 0.00573143291 3.54206731
832 2947 5.73141801 0.00573141801 3.54206731
832 2947 5.73146113 0.00573146113 3.54206731
831 2938 5.71231552 0.00571231552 3.5354994
831 2938 5.71250523 0.00571250523 3.5354994
831 2938 5.7127665 0.0057127665 3.5354994
831 2938 5.71276847 0.00571276847 3.5354994
831 2938 5.7127313 0.0057127313 3.5354994
831 2938 5.71271773 0.00571271773 3.5354994
831 2938 5.71271743 0.00571271743 3.5354994
831 2938 5.71272407 0.00571272407 3.5354994
831 2938 5.71272406 0.00571272406 3.5354994
831 2938 5.71272241 0.00571272241 3.5354994
830 2934 5.69283013 0.00569283013 3.53493976
830 2934 5.69248888 0.00569248888 3.53493976
830 2934 5.69257006 0.00569257006 3.53493976
830 2934 5.69268264 0.00569268264 3.53493976
830 2934 5.69263619 0.00569263619 3.53493976
830 2934 5.69250947 0.00569250947 3.53493976
830 2934 5.6925081 0.0056925081 3.53493976
830 2934 5.6924398 0.0056924398 3.53493976
830 2934 5.69242037 0.00569242037 3.53493976
830 2934 5.69245407 0.00569245407 3.53493976
829 2928 5.67205112 0.00567205112 3.53196622
829 2928 5.67195503 0.00567195503 3.53196622
829 2928 5.67201895 0.00567201895 3.53196622
829 2928 5.67197312 0.00567197312 3.53196622
829 2928 5.67223197 0.00567223197 3.53196622
829 2928 5.67194419 0.00567194419 3.53196622
829 2928 5.67173407 0.00567173407 3.53196622
829 2928 5.6720152 0.0056720152 3.53196622
829 2928 5.67227504 0.00567227504 3.53196622
829 2928 5.67187699 0.00567187699 3.53196622
828 2921 5.6508867 0.0056508867 3.52777778
828 2922 5.65135495 0.00565135495 3.52898551
828 2922 5.65136019 0.00565136019 3.52898551
828 2923 5.65088345 0.00565088345 3.53019324
828 2923 5.65070751 0.00565070751 3.53019324
828 2922 5.65132078 0.00565132078 3.52898551
828 2922 5.65143139 0.00565143139 3.52898551
828 2923 5.65084239 0.00565084239 3.53019324
828 2922 5.65093707 0.00565093707 3.52898551
828 2922 5.65149512 0.00565149512 3.52898551
827 2915 5.63005506 0.00563005506 3.52478839
827 2915 5.63019103 0.00563019103 3.52478839
827 2915 5.63012708 0.00563012708 3.52478839
827 2915 5.63012217 0.00563012217 3.52478839
827 2916 5.62946973 0.00562946973 3.52599758
827 2915 5.63019006 0.00563019006 3.52478839
827 2915 5.63030388 0.00563030388 3.52478839
827 2915 5.630079 0.005630079 3.52478839
827 2916 5.63010759 0.00563010759 3.52599758
827 2916 5.62998692 0.00562998692 3.52599758
826 2909 5.60917341 0.00560917341 3.52179177
826 2910 5.60868064 0.00560868064 3.52300242
826 2914 5.60847983 0.00560847983 3.52784504
826 2912 5.60909586 0.00560909586 3.52542373
826 2910 5.61075283 0.00561075283 3.52300242
826 2911 5.61911771 0.00561911771 3.52421308
826 2915 5.6261897 0.0056261897 3.52905569
826 2915 5.62612222 0.00562612222 3.52905569
826 2912 5.62587561 0.00562587561 3.52542373
826 2915 5.62591403 0.00562591403 3.52905569
825 2910 5.60593538 0.00560593538 3.52727273
825 2906 5.60645415 0.00560645415 3.52242424
825 2906 5.60643148 0.00560643148 3.52242424
825 2910 5.60596518 0.00560596518 3.52727273
825 2906 5.60624251 0.00560624251 3.52242424
825 2906 5.60613709 0.00560613709 3.52242424
825 2906 5.60629439 0.00560629439 3.52242424
825 2906 5.60594417 0.00560594417 3.52242424
825 2906 5.60634894 0.00560634894 3.52242424
825 2910 5.6060102 0.0056060102 3.52727273
824 2901 5.58617946 0.00558617946 3.52063107
824 2901 5.58601969 0.00558601969 3.52063107
824 2901 5.58601594 0.00558601594 3.52063107
824 2901 5.58600742 0.00558600742 3.52063107
824 2901 5.58600912 0.00558600912 3.52063107
824 2901 5.5860128 0.0055860128 3.52063107
824 2901 5.58601565 0.00558601565 3.52063107
824 2901 5.58601463 0.00558601463 3.52063107
824 2901 5.58601586 0.00558601586 3.52063107
824 2901 5.58601531 0.00558601531 3.52063107
823 2899 5.56585358 0.00556585358 3.52247874
823 2899 5.56589171 0.00556589171 3.52247874
823 2899 5.56571213 0.00556571213 3.52247874
823 2899 5.56591186 0.00556591186 3.52247874
823 2899 5.56582699 0.00556582699 3.52247874
823 2899 5.56588038 0.00556588038 3.52247874
823 2899 5.56590756 0.00556590756 3.52247874
823 2899 5.56588152 0.00556588152 3.52247874
823 2899 5.56584013 0.00556584013 3.52247874
823 2899 5.56585282 0.00556585282 3.52247874
822 2892 5.54512279 0.00554512279 3.51824818
822 2892 5.54542156 0.00554542156 3.51824818
822 2885 5.55479671 0.00555479671 3.50973236
822 2885 5.55466973 0.00555466973 3.50973236
822 2885 5.55468738 0.00555468738 3.50973236
822 2885 5.55472059 0.00555472059 3.50973236
822 2885 5.55471762 0.00555471762 3.50973236
822 2885 5.55471653 0.00555471653 3.50973236
822 2885 5.55471722 0.00555471722 3.50973236
822 2885 5.55471808 0.00555471808 3.50973236
821 2883 5.5346885 0.0055346885 3.51157125
821 2883 5.53469095 0.00553469095 3.51157125
821 2883 5.53462772 0.00553462772 3.51157125
821 2883 5.53466292 0.00553466292 3.51157125
821 2883 5.53476361 0.00553476361 3.51157125
821 2883 5.53459442 0.00553459442 3.51157125
821 2883 5.53463737 0.00553463737 3.51157125
821 2883 5.53457596 0.00553457596 3.51157125
821 2883 5.53470312 0.00553470312 3.51157125
821 2883 5.53477591 0.00553477591 3.51157125
820 2876 5.51391075 0.00551391075 3.50731707
820 2877 5.51405235 0.00551405235 3.50853659
820 2873 5.5168906 0.0055168906 3.50365854
820 2873 5.51683671 0.00551683671 3.50365854
820 2876 5.51628115 0.00551628115 3.50731707
820 2873 5.51698528 0.00551698528 3.50365854
820 2873 5.5168391 0.0055168391 3.50365854
820 2873 5.51687899 0.00551687899 3.50365854
820 2876 5.5162064 0.0055162064 3.50731707
820 2873 5.51700459 0.00551700459 3.50365854
819 2871 5.49675045 0.00549675045 3.50549451
819 2871 5.49668941 0.00549668941 3.50549451
819 2871 5.49674508 0.00549674508 3.50549451
819 2871 5.49658953 0.00549658953 3.50549451
819 2867 5.4964379 0.0054964379 3.5006105
819 2868 5.4963061 0.0054963061 3.5018315
819 2871 5.49672521 0.00549672521 3.50549451
819 2867 5.49644695 0.00549644695 3.5006105
819 2868 5.4963072 0.0054963072 3.5018315
819 2871 5.4967222 0.0054967222 3.50549451
818 2865 5.47634208 0.00547634208 3.50244499
818 2865 5.47606503 0.00547606503 3.50244499
818 2865 5.47648307 0.00547648307 3.50244499
818 2865 5.47639443 0.00547639443 3.50244499
818 2865 5.47633907 0.00547633907 3.50244499
818 2865 5.47632807 0.00547632807 3.50244499
818 2865 5.47634195 0.00547634195 3.50244499
818 2865 5.47635288 0.00547635288 3.50244499
818 2865 5.47635055 0.00547635055 3.50244499
818 2865 5.4763472 0.0054763472 3.50244499
817 2860 5.4558774 0.0054558774 3.500612
817 2860 5.45568936 0.00545568936 3.500612
817 2860 5.4557642 0.0054557642 3.500612
817 2860 5.45570362 0.00545570362 3.500612
817 2860 5.45552629 0.00545552629 3.500612
817 2858 5.45535088 0.00545535088 3.49816401
817 2860 5.45568994 0.00545568994 3.500612
817 2860 5.45565364 0.00545565364 3.500612
817 2858 5.45540957 0.00545540957 3.49816401
817 2860 5.45584269 0.00545584269 3.500612
816 2855 5.43480062 0.00543480062 3.49877451
816 2855 5.43444829 0.00543444829 3.49877451
816 2853 5.43522288 0.00543522288 3.49632353
816 2853 5.43530041 0.00543530041 3.49632353
816 2855 5.43496856 0.00543496856 3.49877451
816 2853 5.43521955 0.00543521955 3.49632353
816 2853 5.43534037 0.00543534037 3.49632353
816 2855 5.43481621 0.00543481621 3.49877451
816 2853 5.4351925 0.0054351925 3.49632353
816 2853 5.43533043 0.00543533043 3.49632353
815 2848 5.41443635 0.00541443635 3.49447853
815 2847 5.41401932 0.00541401932 3.49325153
815 2847 5.41437506 0.00541437506 3.49325153
815 2847 5.41408996 0.00541408996 3.49325153
815 2848 5.41443704 0.00541443704 3.49447853
815 2846 5.4144289 0.0054144289 3.49202454
815 2848 5.41443464 0.00541443464 3.49447853
815 2848 5.41396744 0.00541396744 3.49447853
815 2848 5.41449817 0.00541449817 3.49447853
815 2846 5.414482 0.005414482 3.49202454
814 2841 5.39341353 0.00539341353 3.49017199
814 2843 5.39344647 0.00539344647 3.49262899
814 2841 5.39355178 0.00539355178 3.49017199
814 2841 5.39318566 0.00539318566 3.49017199
814 2843 5.39337311 0.00539337311 3.49262899
814 2841 5.39354276 0.00539354276 3.49017199
814 2841 5.39326334 0.00539326334 3.49017199
814 2843 5.39332736 0.00539332736 3.49262899
814 2841 5.39355014 0.00539355014 3.49017199
814 2841 5.39328316 0.00539328316 3.49017199
813 2836 5.37260484 0.00537260484 3.48831488
813 2836 5.37244417 0.00537244417 3.48831488
813 2836 5.37241335 0.00537241335 3.48831488
813 2836 5.37245244 0.00537245244 3.48831488
813 2836 5.37240153 0.00537240153 3.48831488
813 2836 5.37241026 0.00537241026 3.48831488
813 2836 5.37241049 0.00537241049 3.48831488
813 2836 5.37240391 0.00537240391 3.48831488
813 2836 5.37240834 0.00537240834 3.48831488
813 2836 5.37240766 0.00537240766 3.48831488
812 2830 5.35042441 0.00535042441 3.48522167
812 2830 5.35005287 0.00535005287 3.48522167
812 2830 5.35021822 0.00535021822 3.48522167
812 2830 5.35047066 0.00535047066 3.48522167
812 2830 5.35033124 0.00535033124 3.48522167
812 2830 5.35047159 0.00535047159 3.48522167
812 2830 5.35051568 0.00535051568 3.48522167
812 2828 5.35051437 0.00535051437 3.48275862
812 2830 5.35094112 0.00535094112 3.48522167
812 2830 5.35059345 0.00535059345 3.48522167
811 2822 5.32876394 0.00532876394 3.47965475
811 2822 5.32886392 0.00532886392 3.47965475
811 2822 5.32860261 0.00532860261 3.47965475
811 2822 5.32882709 0.00532882709 3.47965475
811 2822 5.32844138 0.00532844138 3.47965475
811 2822 5.32873764 0.00532873764 3.47965475
811 2822 5.32843976 0.00532843976 3.47965475
811 2822 5.32874678 0.00532874678 3.47965475
811 2822 5.32843918 0.00532843918 3.47965475
811 2822 5.32874699 0.00532874699 3.47965475
810 2814 5.30600529 0.00530600529 3.47407407
810 2816 5.30607709 0.00530607709 3.47654321
810 2815 5.30618608 0.00530618608 3.47530864
810 2815 5.30605109 0.00530605109 3.47530864
810 2816 5.30608881 0.00530608881 3.47654321
810 2816 5.30555971 0.00530555971 3.47654321
810 2817 5.3051976 0.0053051976 3.47777778
810 2820 5.32132819 0.00532132819 3.48148148
810 2820 5.32123723 0.00532123723 3.48148148
810 2820 5.32095691 0.00532095691 3.48148148
809 2812 5.29954874 0.00529954874 3.47589617
809 2809 5.2992064 0.0052992064 3.47218789
809 2812 5.29962567 0.00529962567 3.47589617
809 2809 5.29925994 0.00529925994 3.47218789
809 2812 5.29974474 0.00529974474 3.47589617
809 2812 5.29926469 0.00529926469 3.47589617
809 2814 5.29916063 0.00529916063 3.47836836
809 2812 5.30008498 0.00530008498 3.47589617
809 2812 5.3000239 0.0053000239 3.47589617
809 2812 5.299871 0.005299871 3.47589617
808 2804 5.27869741 0.00527869741 3.47029703
808 2801 5.27747617 0.00527747617 3.46658416
808 2805 5.27706466 0.00527706466 3.47153465
808 2804 5.29520341 0.00529520341 3.47029703
808 2804 5.30343983 0.00530343983 3.47029703
808 2804 5.30346758 0.00530346758 3.47029703
808 2806 5.30399063 0.00530399063 3.47277228
808 2806 5.3037645 0.0053037645 3.47277228
808 2806 5.3040618 0.0053040618 3.47277228
808 2806 5.30414893 0.00530414893 3.47277228
807 2798 5.28313705 0.00528313705 3.46716233
807 2798 5.2831986 0.0052831986 3.46716233
807 2798 5.28254816 0.00528254816 3.46716233
807 2798 5.28327388 0.00528327388 3.46716233
807 2798 5.28265044 0.00528265044 3.46716233
807 2798 5.28334242 0.00528334242 3.46716233
807 2798 5.28267463 0.00528267463 3.46716233
807 2798 5.28333878 0.00528333878 3.46716233
807 2798 5.28267945 0.00528267945 3.46716233
807 2798 5.28334267 0.00528334267 3.46716233
806 2790 5.26181161 0.00526181161 3.46153846
806 2791 5.26147632 0.00526147632 3.46277916
806 2793 5.26133798 0.00526133798 3.46526055
806 2791 5.26150547 0.00526150547 3.46277916
806 2790 5.26186477 0.00526186477 3.46153846
806 2791 5.26144767 0.00526144767 3.46277916
806 2793 5.26124414 0.00526124414 3.46526055
806 2791 5.26151629 0.00526151629 3.46277916
806 2793 5.26139925 0.00526139925 3.46526055
806 2791 5.26149529 0.00526149529 3.46277916
805 2785 5.24129122 0.00524129122 3.45962733
805 2785 5.2412712 0.0052412712 3.45962733
805 2785 5.24125521 0.00524125521 3.45962733
805 2785 5.24139731 0.00524139731 3.45962733
805 2785 5.24144456 0.00524144456 3.45962733
805 2785 5.24145079 0.00524145079 3.45962733
805 2785 5.24145362 0.00524145362 3.45962733
805 2785 5.24145477 0.00524145477 3.45962733
805 2785 5.24145218 0.00524145218 3.45962733
805 2785 5.24145267 0.00524145267 3.45962733
804 2782 5.22075701 0.00522075701 3.460199
804 2783 5.23154954 0.00523154954 3.46144279
804 2781 5.23237941 0.00523237941 3.45895522
804 2781 5.23199575 0.00523199575 3.45895522
804 2781 5.23194301 0.00523194301 3.45895522
804 2781 5.23215707 0.00523215707 3.45895522
804 2781 5.23216066 0.00523216066 3.45895522
804 2781 5.2320759 0.0052320759 3.45895522
804 2781 5.23213193 0.00523213193 3.45895522
804 2781 5.23208251 0.00523208251 3.45895522
803 2775 5.21248586 0.00521248586 3.45579078
803 2775 5.2120883 0.0052120883 3.45579078
803 2775 5.21198189 0.00521198189 3.45579078
803 2775 5.2118696 0.0052118696 3.45579078
803 2775 5.21181402 0.00521181402 3.45579078
803 2775 5.21181709 0.00521181709 3.45579078
803 2775 5.21180901 0.00521180901 3.45579078
803 2775 5.21179843 0.00521179843 3.45579078
803 2775 5.21179704 0.00521179704 3.45579078
803 2775 5.21179758 0.00521179758 3.45579078
802 2767 5.19013219 0.00519013219 3.45012469
802 2768 5.19047344 0.00519047344 3.45137157
802 2768 5.19076449 0.00519076449 3.45137157
802 2768 5.19025586 0.00519025586 3.45137157
802 2770 5.18991344 0.00518991344 3.45386534
802 2768 5.19040299 0.00519040299 3.45137157
802 2768 5.19065263 0.00519065263 3.45137157
802 2768 5.19083979 0.00519083979 3.45137157
802 2770 5.18985337 0.00518985337 3.45386534
802 2768 5.19066409 0.00519066409 3.45137157
801 2760 5.16895082 0.00516895082 3.44569288
801 2760 5.16804628 0.00516804628 3.44569288
801 2760 5.16902243 0.00516902243 3.44569288
801 2763 5.16880011 0.00516880011 3.4494382
801 2760 5.16868583 0.00516868583 3.44569288
801 2760 5.16853467 0.00516853467 3.44569288
801 2763 5.16872254 0.00516872254 3.4494382
801 2760 5.16884653 0.00516884653 3.44569288
801 2760 5.16816995 0.00516816995 3.44569288
801 2760 5.16904628 0.00516904628 3.44569288
800 2755 5.14708336 0.00514708336 3.44375
800 2755 5.14663974 0.00514663974 3.44375
800 2755 5.1466015 0.0051466015 3.44375
800 2755 5.14743955 0.00514743955 3.44375
800 2755 5.14665484 0.00514665484 3.44375
800 2755 5.14719312 0.00514719312 3.44375
800 2755 5.14695454 0.00514695454 3.44375
800 2757 5.14669073 0.00514669073 3.44625
800 2754 5.14676834 0.00514676834 3.4425
800 2754 5.14637053 0.00514637053 3.4425
799 2746 5.1249396 0.0051249396 3.43679599
799 2749 5.12492947 0.00512492947 3.44055069
799 2749 5.12483335 0.00512483335 3.44055069
799 2749 5.12546811 0.00512546811 3.44055069
799 2749 5.12486804 0.00512486804 3.44055069
799 2749 5.12516577 0.00512516577 3.44055069
799 2749 5.12467438 0.00512467438 3.44055069
799 2749 5.12511117 0.00512511117 3.44055069
799 2749 5.12466452 0.00512466452 3.44055069
799 2749 5.12511117 0.00512511117 3.44055069
798 2741 5.10304498 0.00510304498 3.43483709
798 2741 5.10342191 0.00510342191 3.43483709
798 2745 5.10306822 0.00510306822 3.43984962
798 2745 5.10287942 0.00510287942 3.43984962
798 2745 5.10234222 0.00510234222 3.43984962
798 2745 5.10299079 0.00510299079 3.43984962
798 2745 5.10231857 0.00510231857 3.43984962
798 2745 5.1029648 0.0051029648 3.43984962
798 2745 5.10279111 0.00510279111 3.43984962
798 2745 5.10237445 0.00510237445 3.43984962
797 2737 5.08114547 0.00508114547 3.43412798
797 2738 5.08015818 0.00508015818 3.43538269
797 2737 5.08094486 0.00508094486 3.43412798
797 2737 5.0808517 0.0050808517 3.43412798
797 2738 5.0800481 0.0050800481 3.43538269
797 2737 5.08088848 0.00508088848 3.43412798
797 2737 5.08082191 0.00508082191 3.43412798
797 2738 5.08003486 0.00508003486 3.43538269
797 2737 5.08089048 0.00508089048 3.43412798
797 2737 5.08081432 0.00508081432 3.43412798
796 2730 5.05839673 0.00505839673 3.42964824
796 2730 5.05852119 0.00505852119 3.42964824
796 2730 5.05845807 0.00505845807 3.42964824
796 2730 5.05846055 0.00505846055 3.42964824
796 2730 5.05850062 0.00505850062 3.42964824
796 2730 5.0584972 0.0050584972 3.42964824
796 2730 5.0584982 0.0050584982 3.42964824
796 2730 5.05849425 0.00505849425 3.42964824
796 2730 5.05849454 0.00505849454 3.42964824
796 2730 5.05849464 0.00505849464 3.42964824
795 2721 5.03573377 0.00503573377 3.42264151
795 2723 5.04562905 0.00504562905 3.42515723
795 2729 5.04675104 0.00504675104 3.4327044
795 2732 5.06288114 0.00506288114 3.43647799
795 2732 5.06296007 0.00506296007 3.43647799
795 2732 5.06255613 0.00506255613 3.43647799
795 2732 5.06318806 0.00506318806 3.43647799
795 2732 5.06249503 0.00506249503 3.43647799
795 2732 5.06212528 0.00506212528 3.43647799
795 2732 5.06207692 0.00506207692 3.43647799
794 2724 5.04035 0.00504035 3.43073048
794 2724 5.04085376 0.00504085376 3.43073048
794 2724 5.04078256 0.00504078256 3.43073048
794 2724 5.04103826 0.00504103826 3.43073048
794 2724 5.0408964 0.0050408964 3.43073048
794 2724 5.04129115 0.00504129115 3.43073048
794 2724 5.04092066 0.00504092066 3.43073048
794 2724 5.04058833 0.00504058833 3.43073048
794 2724 5.04088503 0.00504088503 3.43073048
794 2724 5.0410493 0.0050410493 3.43073048
793 2716 5.0190818 0.0050190818 3.42496847
793 2717 5.0188774 0.0050188774 3.42622951
793 2716 5.01925784 0.00501925784 3.42496847
793 2717 5.01891445 0.00501891445 3.42622951
793 2716 5.01906211 0.00501906211 3.42496847
793 2717 5.01885489 0.00501885489 3.42622951
793 2716 5.01905155 0.00501905155 3.42496847
793 2717 5.01884153 0.00501884153 3.42622951
793 2716 5.0190493 0.0050190493 3.42496847
793 2717 5.01884657 0.00501884657 3.42622951
792 2709 4.99691435 0.00499691435 3.42045455
792 2709 4.99697425 0.00499697425 3.42045455
792 2710 4.99681477 0.00499681477 3.42171717
792 2711 4.99692931 0.00499692931 3.4229798
792 2710 4.99663585 0.00499663585 3.42171717
792 2711 4.99673267 0.00499673267 3.4229798
792 2710 4.99657349 0.00499657349 3.42171717
792 2711 4.99672903 0.00499672903 3.4229798
792 2710 4.99657108 0.00499657108 3.42171717
792 2711 4.99672969 0.00499672969 3.4229798
791 2703 4.97466074 0.00497466074 3.41719343
791 2705 4.9745315 0.0049745315 3.41972187
791 2703 4.97545175 0.00497545175 3.41719343
791 2703 4.97519182 0.00497519182 3.41719343
791 2703 4.97509701 0.00497509701 3.41719343
791 2703 4.97487499 0.00497487499 3.41719343
791 2703 4.97513793 0.00497513793 3.41719343
791 2703 4.97505824 0.00497505824 3.41719343
791 2703 4.97510005 0.00497510005 3.41719343
791 2703 4.97494395 0.00497494395 3.41719343
790 2698 4.95214312 0.00495214312 3.41518987
790 2697 4.9522563 0.0049522563 3.41392405
790 2698 4.95217357 0.00495217357 3.41518987
790 2697 4.95231074 0.00495231074 3.41392405
790 2698 4.95224554 0.00495224554 3.41518987
790 2697 4.95231389 0.00495231389 3.41392405
790 2698 4.9522433 0.0049522433 3.41518987
790 2697 4.95230608 0.00495230608 3.41392405
790 2698 4.95224546 0.00495224546 3.41518987
790 2697 4.95230851 0.00495230851 3.41392405
789 2692 4.92991174 0.00492991174 3.41191381
789 2692 4.92992885 0.00492992885 3.41191381
789 2692 4.93002744 0.00493002744 3.41191381
789 2690 4.92914398 0.00492914398 3.40937896
789 2693 4.9429574 0.0049429574 3.41318124
789 2689 4.94465886 0.00494465886 3.40811153
789 2687 4.94645967 0.00494645967 3.40557668
789 2687 4.94642405 0.00494642405 3.40557668
789 2687 4.94631821 0.00494631821 3.40557668
789 2687 4.94632019 0.00494632019 3.40557668
788 2681 4.92420958 0.00492420958 3.40228426
788 2681 4.92370635 0.00492370635 3.40228426
788 2682 4.92332603 0.00492332603 3.4035533
788 2681 4.92416097 0.00492416097 3.40228426
788 2682 4.92366035 0.00492366035 3.4035533
788 2681 4.92423959 0.00492423959 3.40228426
788 2681 4.92411472 0.00492411472 3.40228426
788 2682 4.92338185 0.00492338185 3.4035533
788 2681 4.92427014 0.00492427014 3.40228426
788 2681 4.92407732 0.00492407732 3.40228426
787 2676 4.90159392 0.00490159392 3.40025413
787 2676 4.90183089 0.00490183089 3.40025413
787 2676 4.90178678 0.00490178678 3.40025413
787 2676 4.90176331 0.00490176331 3.40025413
787 2676 4.90175776 0.00490175776 3.40025413
787 2676 4.90175955 0.00490175955 3.40025413
787 2676 4.90175953 0.00490175953 3.40025413
787 2676 4.90175961 0.00490175961 3.40025413
787 2676 4.90175968 0.00490175968 3.40025413
787 2676 4.90175969 0.00490175969 3.40025413
786 2670 4.87904256 0.00487904256 3.39694656
786 2670 4.87910822 0.00487910822 3.39694656
786 2670 4.87913342 0.00487913342 3.39694656
786 2670 4.87916443 0.00487916443 3.39694656
786 2670 4.87917851 0.00487917851 3.39694656
786 2670 4.87918284 0.00487918284 3.39694656
786 2670 4.87918519 0.00487918519 3.39694656
786 2670 4.87918497 0.00487918497 3.39694656
786 2670 4.87918477 0.00487918477 3.39694656
786 2670 4.87918469 0.00487918469 3.39694656
785 2664 4.85607426 0.00485607426 3.39363057
785 2663 4.868723 0.004868723 3.39235669
785 2665 4.87251979 0.00487251979 3.39490446
785 2666 4.87262313 0.00487262313 3.39617834
785 2666 4.87590073 0.00487590073 3.39617834
785 2669 4.87899696 0.00487899696 3.4
785 2670 4.88206739 0.00488206739 3.40127389
785 2668 4.88468119 0.00488468119 3.39872611
785 2669 4.88463549 0.00488463549 3.4
785 2669 4.88477478 0.00488477478 3.4
784 2663 4.86613089 0.00486613089 3.39668367
784 2663 4.86608763 0.00486608763 3.39668367
784 2663 4.86613094 0.00486613094 3.39668367
784 2663 4.86619045 0.00486619045 3.39668367
784 2663 4.86617223 0.00486617223 3.39668367
784 2663 4.86618346 0.00486618346 3.39668367
784 2663 4.86619002 0.00486619002 3.39668367
784 2663 4.86618524 0.00486618524 3.39668367
784 2663 4.86618592 0.00486618592 3.39668367
784 2663 4.86618611 0.00486618611 3.39668367
783 2656 4.84551797 0.00484551797 3.39208174
783 2656 4.84547961 0.00484547961 3.39208174
783 2656 4.84557109 0.00484557109 3.39208174
783 2656 4.84554031 0.00484554031 3.39208174
783 2656 4.84553247 0.00484553247 3.39208174
783 2656 4.84552337 0.00484552337 3.39208174
783 2656 4.84551913 0.00484551913 3.39208174
783 2656 4.84552018 0.00484552018 3.39208174
783 2656 4.84552038 0.00484552038 3.39208174
783 2656 4.84552033 0.00484552033 3.39208174
782 2649 4.82484823 0.00482484823 3.38746803
782 2649 4.82466013 0.00482466013 3.38746803
782 2649 4.82477023 0.00482477023 3.38746803
782 2649 4.82476804 0.00482476804 3.38746803
782 2649 4.82475588 0.00482475588 3.38746803
782 2649 4.82474394 0.00482474394 3.38746803
782 2649 4.82473595 0.00482473595 3.38746803
782 2649 4.82473361 0.00482473361 3.38746803
782 2649 4.82473355 0.00482473355 3.38746803
782 2649 4.8247335 0.0048247335 3.38746803
781 2648 4.80201849 0.00480201849 3.39052497
781 2652 4.81915476 0.00481915476 3.39564661
781 2649 4.82634787 0.00482634787 3.39180538
781 2647 4.82895867 0.00482895867 3.38924456
781 2652 4.83540164 0.00483540164 3.39564661
781 2652 4.83543673 0.00483543673 3.39564661
781 2652 4.83554218 0.00483554218 3.39564661
781 2652 4.83553921 0.00483553921 3.39564661
781 2652 4.83557129 0.00483557129 3.39564661
781 2652 4.83558739 0.00483558739 3.39564661
780 2643 4.81739245 0.00481739245 3.38846154
780 2643 4.81737314 0.00481737314 3.38846154
780 2643 4.81722262 0.00481722262 3.38846154
780 2643 4.81709753 0.00481709753 3.38846154
780 2643 4.81708393 0.00481708393 3.38846154
780 2643 4.81709718 0.00481709718 3.38846154
780 2643 4.81710697 0.00481710697 3.38846154
780 2643 4.81710979 0.00481710979 3.38846154
780 2643 4.81710887 0.00481710887 3.38846154
780 2643 4.81710784 0.00481710784 3.38846154
779 2637 4.79850656 0.00479850656 3.38510911
779 2637 4.79859391 0.00479859391 3.38510911
779 2642 4.81473613 0.00481473613 3.3915276
779 2642 4.81440601 0.00481440601 3.3915276
779 2642 4.81451983 0.00481451983 3.3915276
779 2642 4.8145149 0.0048145149 3.3915276
779 2642 4.81455432 0.00481455432 3.3915276
779 2642 4.81455468 0.00481455468 3.3915276
779 2642 4.81455882 0.00481455882 3.3915276
779 2642 4.81455358 0.00481455358 3.3915276
778 2633 4.79649506 0.00479649506 3.38431877
778 2632 4.79612706 0.00479612706 3.38303342
778 2633 4.79634965 0.00479634965 3.38431877
778 2633 4.79631918 0.00479631918 3.38431877
778 2633 4.79620536 0.00479620536 3.38431877
778 2633 4.7961889 0.0047961889 3.38431877
778 2633 4.79620525 0.00479620525 3.38431877
778 2633 4.79621753 0.00479621753 3.38431877
778 2633 4.79622328 0.00479622328 3.38431877
778 2633 4.7962222 0.0047962222 3.38431877
777 2627 4.77768923 0.00477768923 3.38095238
777 2627 4.77777662 0.00477777662 3.38095238
777 2627 4.77796853 0.00477796853 3.38095238
777 2627 4.7777781 0.0047777781 3.38095238
777 2627 4.77758002 0.00477758002 3.38095238
777 2627 4.77800817 0.00477800817 3.38095238
777 2627 4.77776754 0.00477776754 3.38095238
777 2627 4.7775789 0.0047775789 3.38095238
777 2627 4.77801831 0.00477801831 3.38095238
777 2627 4.7777566 0.0047777566 3.38095238
776 2620 4.75720688 0.00475720688 3.37628866
776 2620 4.75720975 0.00475720975 3.37628866
776 2620 4.7571894 0.0047571894 3.37628866
776 2620 4.75723023 0.00475723023 3.37628866
776 2620 4.75724743 0.00475724743 3.37628866
776 2620 4.75726501 0.00475726501 3.37628866
776 2620 4.75726594 0.00475726594 3.37628866
776 2620 4.75726027 0.00475726027 3.37628866
776 2620 4.75725922 0.00475725922 3.37628866
776 2620 4.75725721 0.00475725721 3.37628866
775 2613 4.73665376 0.00473665376 3.3716129
775 2613 4.73653384 0.00473653384 3.3716129
775 2613 4.7365344 0.0047365344 3.3716129
775 2613 4.73647863 0.00473647863 3.3716129
775 2613 4.73614369 0.00473614369 3.3716129
775 2613 4.7365009 0.0047365009 3.3716129
775 2613 4.73642307 0.00473642307 3.3716129
775 2613 4.73611652 0.00473611652 3.3716129
775 2613 4.73648367 0.00473648367 3.3716129
775 2613 4.73641588 0.00473641588 3.3716129
774 2608 4.71439074 0.00471439074 3.36950904
774 2607 4.71441846 0.00471441846 3.36821705
774 2607 4.71454616 0.00471454616 3.36821705
774 2607 4.71449946 0.00471449946 3.36821705
774 2607 4.7145251 0.0047145251 3.36821705
774 2607 4.71446625 0.00471446625 3.36821705
774 2607 4.71413189 0.00471413189 3.36821705
774 2607 4.71448972 0.00471448972 3.36821705
774 2607 4.71441436 0.00471441436 3.36821705
774 2607 4.71412226 0.00471412226 3.36821705
773 2602 4.69278933 0.00469278933 3.36610608
773 2602 4.69296046 0.00469296046 3.36610608
773 2602 4.6929676 0.0046929676 3.36610608
773 2602 4.69299758 0.00469299758 3.36610608
773 2602 4.69262652 0.00469262652 3.36610608
773 2602 4.69283479 0.00469283479 3.36610608
773 2602 4.69303747 0.00469303747 3.36610608
773 2602 4.69297059 0.00469297059 3.36610608
773 2602 4.69265577 0.00469265577 3.36610608
773 2602 4.69287983 0.00469287983 3.36610608
772 2597 4.67081264 0.00467081264 3.36398964
772 2597 4.67077436 0.00467077436 3.36398964
772 2597 4.67075632 0.00467075632 3.36398964
772 2597 4.67074732 0.00467074732 3.36398964
772 2597 4.67076421 0.00467076421 3.36398964
772 2597 4.67056857 0.00467056857 3.36398964
772 2597 4.67070053 0.00467070053 3.36398964
772 2597 4.67063967 0.00467063967 3.36398964
772 2597 4.67048053 0.00467048053 3.36398964
772 2597 4.6706918 0.0046706918 3.36398964
771 2592 4.64905158 0.00464905158 3.3618677
771 2592 4.64863912 0.00464863912 3.3618677
771 2592 4.64885106 0.00464885106 3.3618677
771 2592 4.6485553 0.0046485553 3.3618677
771 2592 4.64892995 0.00464892995 3.3618677
771 2592 4.64876581 0.00464876581 3.3618677
771 2592 4.64867946 0.00464867946 3.3618677
771 2592 4.64896682 0.00464896682 3.3618677
771 2592 4.64864586 0.00464864586 3.3618677
771 2592 4.64860261 0.00464860261 3.3618677
770 2586 4.62596282 0.00462596282 3.35844156
770 2586 4.62595478 0.00462595478 3.35844156
770 2586 4.62572055 0.00462572055 3.35844156
770 2586 4.62574733 0.00462574733 3.35844156
770 2586 4.62582808 0.00462582808 3.35844156
770 2586 4.62586387 0.00462586387 3.35844156
770 2586 4.62586307 0.00462586307 3.35844156
770 2586 4.62585344 0.00462585344 3.35844156
770 2586 4.62585448 0.00462585448 3.35844156
770 2586 4.62585208 0.00462585208 3.35844156
769 2579 4.60345225 0.00460345225 3.35370611
769 2579 4.60324837 0.00460324837 3.35370611
769 2581 4.6027643 0.0046027643 3.35630689
769 2581 4.60323317 0.00460323317 3.35630689
769 2579 4.60273797 0.00460273797 3.35370611
769 2579 4.60312831 0.00460312831 3.35370611
769 2581 4.60305415 0.00460305415 3.35630689
769 2581 4.60266178 0.00460266178 3.35630689
769 2579 4.60327257 0.00460327257 3.35370611
769 2579 4.60356979 0.00460356979 3.35370611
768 2575 4.58146126 0.00458146126 3.35286458
768 2575 4.58098308 0.00458098308 3.35286458
768 2575 4.58120321 0.00458120321 3.35286458
768 2575 4.58144456 0.00458144456 3.35286458
768 2575 4.58146715 0.00458146715 3.35286458
768 2575 4.58150122 0.00458150122 3.35286458
768 2575 4.5815015 0.0045815015 3.35286458
768 2575 4.58149593 0.00458149593 3.35286458
768 2575 4.58149499 0.00458149499 3.35286458
768 2575 4.58149337 0.00458149337 3.35286458
767 2569 4.55992138 0.00455992138 3.3494133
767 2569 4.5599523 0.0045599523 3.3494133
767 2569 4.55972258 0.00455972258 3.3494133
767 2569 4.5598448 0.0045598448 3.3494133
767 2569 4.5597962 0.0045597962 3.3494133
767 2569 4.55980617 0.00455980617 3.3494133
767 2569 4.55978244 0.00455978244 3.3494133
767 2569 4.55982074 0.00455982074 3.3494133
767 2569 4.55978426 0.00455978426 3.3494133
767 2569 4.55981265 0.00455981265 3.3494133
766 2565 4.53664802 0.00453664802 3.34856397
766 2563 4.53669324 0.00453669324 3.345953
766 2562 4.53745048 0.00453745048 3.34464752
766 2562 4.53748911 0.00453748911 3.34464752
766 2562 4.53706772 0.00453706772 3.34464752
766 2562 4.5372737 0.0045372737 3.34464752
766 2562 4.53776479 0.00453776479 3.34464752
766 2564 4.5368715 0.0045368715 3.34725849
766 2562 4.53743149 0.00453743149 3.34464752
766 2564 4.53697564 0.00453697564 3.34725849
765 2555 4.51569236 0.00451569236 3.33986928
765 2555 4.5153736 0.0045153736 3.33986928
765 2555 4.51547801 0.00451547801 3.33986928
765 2555 4.51563757 0.00451563757 3.33986928
765 2555 4.51544953 0.00451544953 3.33986928
765 2553 4.5181232 0.0045181232 3.3372549
765 2555 4.52250211 0.00452250211 3.33986928
765 2553 4.54331964 0.00454331964 3.3372549
765 2552 4.54600324 0.00454600324 3.33594771
765 2557 4.54741508 0.00454741508 3.34248366
764 2550 4.52938534 0.00452938534 3.33769634
764 2548 4.54092829 0.00454092829 3.33507853
764 2550 4.5435099 0.0045435099 3.33769634
764 2554 4.54609354 0.00454609354 3.34293194
764 2557 4.5486058 0.0045486058 3.34685864
764 2553 4.55081917 0.00455081917 3.34162304
764 2553 4.55066554 0.00455066554 3.34162304
764 2553 4.55079673 0.00455079673 3.34162304
764 2553 4.55077152 0.00455077152 3.34162304
764 2553 4.55077476 0.00455077476 3.34162304
763 2545 4.53328158 0.00453328158 3.33551769
763 2544 4.53354858 0.00453354858 3.33420708
763 2544 4.5336267 0.0045336267 3.33420708
763 2544 4.53375445 0.00453375445 3.33420708
763 2544 4.53374763 0.00453374763 3.33420708
763 2544 4.53373054 0.00453373054 3.33420708
763 2544 4.53373359 0.00453373359 3.33420708
763 2544 4.53373838 0.00453373838 3.33420708
763 2544 4.53374015 0.00453374015 3.33420708
763 2544 4.53373889 0.00453373889 3.33420708
762 2538 4.51677399 0.00451677399 3.33070866
762 2538 4.51653345 0.00451653345 3.33070866
762 2538 4.51664307 0.00451664307 3.33070866
762 2538 4.51664654 0.00451664654 3.33070866
762 2538 4.51663013 0.00451663013 3.33070866
762 2538 4.51661268 0.00451661268 3.33070866
762 2538 4.51661187 0.00451661187 3.33070866
762 2538 4.51661526 0.00451661526 3.33070866
762 2538 4.51661408 0.00451661408 3.33070866
762 2538 4.51661216 0.00451661216 3.33070866
761 2530 4.49937198 0.00449937198 3.32457293
761 2529 4.50106993 0.00450106993 3.32325887
761 2528 4.51316007 0.00451316007 3.32194481
761 2528 4.51924245 0.00451924245 3.32194481
761 2527 4.53097143 0.00453097143 3.32063075
761 2523 4.53227188 0.00453227188 3.31537451
761 2527 4.536461 0.004536461 3.32063075
761 2529 4.53841407 0.00453841407 3.32325887
761 2529 4.53847849 0.00453847849 3.32325887
761 2529 4.53848551 0.00453848551 3.32325887
760 2521 4.52253333 0.00452253333 3.31710526
760 2518 4.52197007 0.00452197007 3.31315789
760 2521 4.52249263 0.00452249263 3.31710526
760 2518 4.52186432 0.00452186432 3.31315789
760 2521 4.52244374 0.00452244374 3.31710526
760 2518 4.52183157 0.00452183157 3.31315789
760 2521 4.52241075 0.00452241075 3.31710526
760 2518 4.52182446 0.00452182446 3.31315789
760 2521 4.52241375 0.00452241375 3.31710526
760 2518 4.5218224 0.0045218224 3.31315789
759 2514 4.50686871 0.00450686871 3.31225296
759 2514 4.50662159 0.00450662159 3.31225296
759 2514 4.50661682 0.00450661682 3.31225296
759 2514 4.50646105 0.00450646105 3.31225296
759 2514 4.50656471 0.00450656471 3.31225296
759 2514 4.50659614 0.00450659614 3.31225296
759 2514 4.50648234 0.00450648234 3.31225296
759 2514 4.50682953 0.00450682953 3.31225296
759 2514 4.50661192 0.00450661192 3.31225296
759 2514 4.50669174 0.00450669174 3.31225296
758 2507 4.49060361 0.00449060361 3.30738786
758 2503 4.49047589 0.00449047589 3.30211082
758 2503 4.49147731 0.00449147731 3.30211082
758 2500 4.49411674 0.00449411674 3.29815303
758 2503 4.50231962 0.00450231962 3.30211082
758 2504 4.5048363 0.0045048363 3.30343008
758 2499 4.53410967 0.00453410967 3.29683377
758 2504 4.53582097 0.00453582097 3.30343008
758 2504 4.53556975 0.00453556975 3.30343008
758 2502 4.53569153 0.00453569153 3.30079156
757 2497 4.52243773 0.00452243773 3.2985469
757 2495 4.52231986 0.00452231986 3.29590489
757 2497 4.52260228 0.00452260228 3.2985469
757 2495 4.52241737 0.00452241737 3.29590489
757 2495 4.52252373 0.00452252373 3.29590489
757 2497 4.52266552 0.00452266552 3.2985469
757 2495 4.52251841 0.00452251841 3.29590489
757 2497 4.52250594 0.00452250594 3.2985469
757 2495 4.52239768 0.00452239768 3.29590489
757 2495 4.52246494 0.00452246494 3.29590489
756 2488 4.50913027 0.00450913027 3.29100529
756 2488 4.5091184 0.0045091184 3.29100529
756 2488 4.50904338 0.00450904338 3.29100529
756 2488 4.50914634 0.00450914634 3.29100529
756 2488 4.50913338 0.00450913338 3.29100529
756 2488 4.50898688 0.00450898688 3.29100529
756 2488 4.50904616 0.00450904616 3.29100529
756 2488 4.5091233 0.0045091233 3.29100529
756 2488 4.50914175 0.00450914175 3.29100529
756 2488 4.50897941 0.00450897941 3.29100529
755 2482 4.4952681 0.0044952681 3.28741722
755 2482 4.49521307 0.00449521307 3.28741722
755 2486 4.49536282 0.00449536282 3.29271523
755 2486 4.49544956 0.00449544956 3.29271523
755 2486 4.49533344 0.00449533344 3.29271523
755 2486 4.49538205 0.00449538205 3.29271523
755 2486 4.49534959 0.00449534959 3.29271523
755 2486 4.49538537 0.00449538537 3.29271523
755 2486 4.49534306 0.00449534306 3.29271523
755 2486 4.49538032 0.00449538032 3.29271523
754 2480 4.4817996 0.0044817996 3.28912467
754 2480 4.48196675 0.00448196675 3.28912467
754 2480 4.48171054 0.00448171054 3.28912467
754 2480 4.48190732 0.00448190732 3.28912467
754 2480 4.48173372 0.00448173372 3.28912467
754 2480 4.48194014 0.00448194014 3.28912467
754 2480 4.48173649 0.00448173649 3.28912467
754 2480 4.4819312 0.0044819312 3.28912467
754 2480 4.48173411 0.00448173411 3.28912467
754 2480 4.48193137 0.00448193137 3.28912467
753 2474 4.46829714 0.00446829714 3.28552457
753 2474 4.46830307 0.00446830307 3.28552457
753 2474 4.46846033 0.00446846033 3.28552457
753 2474 4.46824818 0.00446824818 3.28552457
753 2474 4.46855485 0.00446855485 3.28552457
753 2474 4.46835385 0.00446835385 3.28552457
753 2474 4.46847325 0.00446847325 3.28552457
753 2474 4.46824407 0.00446824407 3.28552457
753 2474 4.46855181 0.00446855181 3.28552457
753 2474 4.46835202 0.00446835202 3.28552457
752 2463 4.45460216 0.00445460216 3.27526596
752 2463 4.4545628 0.0044545628 3.27526596
752 2465 4.45493001 0.00445493001 3.27792553
752 2462 4.45540985 0.00445540985 3.27393617
752 2457 4.45641829 0.00445641829 3.26728723
752 2458 4.45700884 0.00445700884 3.26861702
752 2460 4.46058991 0.00446058991 3.2712766
752 2461 4.46286558 0.00446286558 3.27260638
752 2460 4.46386441 0.00446386441 3.2712766
752 2463 4.46898145 0.00446898145 3.27526596
751 2460 4.45798327 0.00445798327 3.27563249
751 2459 4.46181931 0.00446181931 3.27430093
751 2461 4.46228348 0.00446228348 3.27696405
751 2457 4.46251451 0.00446251451 3.27163782
751 2457 4.46239626 0.00446239626 3.27163782
751 2456 4.46236811 0.00446236811 3.27030626
751 2457 4.46244471 0.00446244471 3.27163782
751 2461 4.46241189 0.00446241189 3.27696405
751 2457 4.46252035 0.00446252035 3.27163782
751 2461 4.4623456 0.0044623456 3.27696405
750 2453 4.45035449 0.00445035449 3.27066667
750 2453 4.45038435 0.00445038435 3.27066667
750 2453 4.45041491 0.00445041491 3.27066667
750 2453 4.45036038 0.00445036038 3.27066667
750 2453 4.44996286 0.00444996286 3.27066667
750 2453 4.45027857 0.00445027857 3.27066667
750 2453 4.45033306 0.00445033306 3.27066667
750 2453 4.45040245 0.00445040245 3.27066667
750 2453 4.450339 0.004450339 3.27066667
750 2453 4.44997828 0.00444997828 3.27066667
749 2449 4.43799492 0.00443799492 3.26969292
749 2449 4.43811323 0.00443811323 3.26969292
749 2449 4.43807675 0.00443807675 3.26969292
749 2449 4.43811412 0.00443811412 3.26969292
749 2449 4.43802907 0.00443802907 3.26969292
749 2449 4.43810226 0.00443810226 3.26969292
749 2449 4.43792713 0.00443792713 3.26969292
749 2449 4.43790992 0.00443790992 3.26969292
749 2449 4.43792912 0.00443792912 3.26969292
749 2449 4.4379302 0.0044379302 3.26969292
748 2442 4.42562867 0.00442562867 3.26470588
748 2442 4.42572299 0.00442572299 3.26470588
748 2442 4.42575782 0.00442575782 3.26470588
748 2442 4.42576107 0.00442576107 3.26470588
748 2442 4.42570474 0.00442570474 3.26470588
748 2442 4.42575934 0.00442575934 3.26470588
748 2442 4.4257645 0.0044257645 3.26470588
748 2442 4.42570393 0.00442570393 3.26470588
748 2442 4.42575876 0.00442575876 3.26470588
748 2442 4.42576436 0.00442576436 3.26470588
747 2436 4.41349432 0.00441349432 3.26104418
747 2437 4.41561983 0.00441561983 3.26238286
747 2437 4.41556729 0.00441556729 3.26238286
747 2437 4.41552781 0.00441552781 3.26238286
747 2437 4.41555709 0.00441555709 3.26238286
747 2437 4.41554877 0.00441554877 3.26238286
747 2437 4.41555231 0.00441555231 3.26238286
747 2437 4.41554996 0.00441554996 3.26238286
747 2437 4.41554939 0.00441554939 3.26238286
747 2437 4.41555019 0.00441555019 3.26238286
746 2430 4.40382871 0.00440382871 3.25737265
746 2430 4.4039362 0.0044039362 3.25737265
746 2430 4.40397636 0.00440397636 3.25737265
746 2430 4.40398102 0.00440398102 3.25737265
746 2430 4.40397824 0.00440397824 3.25737265
746 2430 4.40397795 0.00440397795 3.25737265
746 2430 4.40397747 0.00440397747 3.25737265
746 2430 4.40397762 0.00440397762 3.25737265
746 2430 4.40397765 0.00440397765 3.25737265
746 2430 4.40397763 0.00440397763 3.25737265
745 2426 4.39215913 0.00439215913 3.25637584
745 2427 4.39830653 0.00439830653 3.25771812
745 2424 4.39811972 0.00439811972 3.25369128
745 2424 4.39808675 0.00439808675 3.25369128
745 2423 4.39821286 0.00439821286 3.25234899
745 2424 4.39812792 0.00439812792 3.25369128
745 2423 4.39826063 0.00439826063 3.25234899
745 2424 4.39814737 0.00439814737 3.25369128
745 2423 4.39826631 0.00439826631 3.25234899
745 2424 4.39814296 0.00439814296 3.25369128
744 2420 4.38699979 0.00438699979 3.25268817
744 2420 4.38686437 0.00438686437 3.25268817
744 2420 4.38705267 0.00438705267 3.25268817
744 2420 4.38703668 0.00438703668 3.25268817
744 2420 4.38702768 0.00438702768 3.25268817
744 2420 4.38702465 0.00438702465 3.25268817
744 2420 4.38702415 0.00438702415 3.25268817
744 2420 4.387023 0.004387023 3.25268817
744 2420 4.38702274 0.00438702274 3.25268817
744 2420 4.38702259 0.00438702259 3.25268817
743 2416 4.37510769 0.00437510769 3.25168237
743 2416 4.37511455 0.00437511455 3.25168237
743 2416 4.3752463 0.0043752463 3.25168237
743 2416 4.37522851 0.00437522851 3.25168237
743 2416 4.37529521 0.00437529521 3.25168237
743 2416 4.3751635 0.0043751635 3.25168237
743 2416 4.37509671 0.00437509671 3.25168237
743 2416 4.37507519 0.00437507519 3.25168237
743 2416 4.37505098 0.00437505098 3.25168237
743 2416 4.37515369 0.00437515369 3.25168237
742 2408 4.36306153 0.00436306153 3.24528302
742 2411 4.37067208 0.00437067208 3.24932615
742 2413 4.37105523 0.00437105523 3.25202156
742 2413 4.37084392 0.00437084392 3.25202156
742 2412 4.37094026 0.00437094026 3.25067385
742 2413 4.37099882 0.00437099882 3.25202156
742 2412 4.37093024 0.00437093024 3.25067385
742 2413 4.37101982 0.00437101982 3.25202156
742 2412 4.37095462 0.00437095462 3.25067385
742 2413 4.37103854 0.00437103854 3.25202156
741 2409 4.36023371 0.00436023371 3.25101215
741 2409 4.36013875 0.00436013875 3.25101215
741 2409 4.3601438 0.0043601438 3.25101215
741 2409 4.36015944 0.00436015944 3.25101215
741 2409 4.36016049 0.00436016049 3.25101215
741 2409 4.36015924 0.00436015924 3.25101215
741 2409 4.36015907 0.00436015907 3.25101215
741 2409 4.3601581 0.0043601581 3.25101215
741 2409 4.36015809 0.00436015809 3.25101215
741 2409 4.36015832 0.00436015832 3.25101215
740 2405 4.34875616 0.00434875616 3.25
740 2405 4.34877049 0.00434877049 3.25
740 2405 4.34884242 0.00434884242 3.25
740 2405 4.34882828 0.00434882828 3.25
740 2405 4.34882627 0.00434882627 3.25
740 2405 4.34882188 0.00434882188 3.25
740 2405 4.34882351 0.00434882351 3.25
740 2405 4.3488277 0.0043488277 3.25
740 2405 4.34883042 0.00434883042 3.25
740 2405 4.34883073 0.00434883073 3.25
739 2401 4.33758036 0.00433758036 3.24898512
739 2401 4.34738521 0.00434738521 3.24898512
739 2401 4.34743335 0.00434743335 3.24898512
739 2401 4.34737888 0.00434737888 3.24898512
739 2401 4.34738955 0.00434738955 3.24898512
739 2401 4.34740089 0.00434740089 3.24898512
739 2401 4.34740411 0.00434740411 3.24898512
739 2401 4.3474074 0.0043474074 3.24898512
739 2401 4.3474073 0.0043474073 3.24898512
739 2401 4.34740908 0.00434740908 3.24898512
738 2397 4.33653083 0.00433653083 3.24796748
738 2397 4.33645215 0.00433645215 3.24796748
738 2397 4.33653494 0.00433653494 3.24796748
738 2397 4.33650503 0.00433650503 3.24796748
738 2397 4.33650931 0.00433650931 3.24796748
738 2397 4.33650908 0.00433650908 3.24796748
738 2397 4.33650683 0.00433650683 3.24796748
738 2397 4.33650643 0.00433650643 3.24796748
738 2397 4.33650641 0.00433650641 3.24796748
738 2397 4.33650636 0.00433650636 3.24796748
737 2392 4.32531279 0.00432531279 3.24559023
737 2392 4.32533538 0.00432533538 3.24559023
737 2392 4.32541582 0.00432541582 3.24559023
737 2385 4.32545683 0.00432545683 3.23609227
737 2385 4.32530621 0.00432530621 3.23609227
737 2388 4.32580531 0.00432580531 3.24016282
737 2391 4.32673185 0.00432673185 3.24423338
737 2386 4.33257873 0.00433257873 3.23744912
737 2379 4.3333665 0.0043333665 3.22795115
737 2379 4.33311794 0.00433311794 3.22795115
736 2375 4.32292942 0.00432292942 3.22690217
736 2375 4.32306004 0.00432306004 3.22690217
736 2375 4.32306784 0.00432306784 3.22690217
736 2375 4.32304431 0.00432304431 3.22690217
736 2375 4.32304755 0.00432304755 3.22690217
736 2375 4.3230514 0.0043230514 3.22690217
736 2375 4.32303704 0.00432303704 3.22690217
736 2375 4.32305807 0.00432305807 3.22690217
736 2375 4.32303911 0.00432303911 3.22690217
736 2375 4.32305847 0.00432305847 3.22690217
735 2369 4.31247018 0.00431247018 3.22312925
735 2371 4.31249255 0.00431249255 3.22585034
735 2371 4.3126209 0.0043126209 3.22585034
735 2371 4.31249164 0.00431249164 3.22585034
735 2372 4.31236518 0.00431236518 3.22721088
735 2371 4.31242586 0.00431242586 3.22585034
735 2371 4.31251074 0.00431251074 3.22585034
735 2371 4.31244933 0.00431244933 3.22585034
735 2371 4.31250485 0.00431250485 3.22585034
735 2371 4.31257136 0.00431257136 3.22585034
734 2366 4.30216204 0.00430216204 3.22343324
734 2366 4.3020316 0.0043020316 3.22343324
734 2365 4.30212433 0.00430212433 3.22207084
734 2364 4.30218255 0.00430218255 3.22070845
734 2364 4.3022161 0.0043022161 3.22070845
734 2364 4.30221664 0.00430221664 3.22070845
734 2364 4.30222189 0.00430222189 3.22070845
734 2364 4.30220966 0.00430220966 3.22070845
734 2364 4.30219408 0.00430219408 3.22070845
734 2364 4.30218845 0.00430218845 3.22070845
733 2359 4.29204543 0.00429204543 3.21828104
733 2359 4.29201308 0.00429201308 3.21828104
733 2359 4.29193756 0.00429193756 3.21828104
733 2359 4.29195572 0.00429195572 3.21828104
733 2359 4.29196573 0.00429196573 3.21828104
733 2359 4.29197917 0.00429197917 3.21828104
733 2359 4.29198299 0.00429198299 3.21828104
733 2359 4.2919833 0.0042919833 3.21828104
733 2359 4.29198279 0.00429198279 3.21828104
733 2359 4.29198245 0.00429198245 3.21828104
732 2353 4.28153425 0.00428153425 3.21448087
732 2353 4.28149874 0.00428149874 3.21448087
732 2353 4.28146204 0.00428146204 3.21448087
732 2353 4.28144744 0.00428144744 3.21448087
732 2353 4.28146241 0.00428146241 3.21448087
732 2353 4.28147314 0.00428147314 3.21448087
732 2353 4.28147614 0.00428147614 3.21448087
732 2353 4.28148229 0.00428148229 3.21448087
732 2353 4.2814816 0.0042814816 3.21448087
732 2353 4.28148057 0.00428148057 3.21448087
731 2347 4.27123902 0.00427123902 3.21067031
731 2347 4.27127725 0.00427127725 3.21067031
731 2347 4.27129109 0.00427129109 3.21067031
731 2347 4.27121424 0.00427121424 3.21067031
731 2347 4.27127955 0.00427127955 3.21067031
731 2347 4.27126897 0.00427126897 3.21067031
731 2347 4.27128109 0.00427128109 3.21067031
731 2347 4.27127612 0.00427127612 3.21067031
731 2347 4.2712787 0.0042712787 3.21067031
731 2347 4.27127363 0.00427127363 3.21067031
730 2344 4.26104822 0.00426104822 3.2109589
730 2343 4.26107656 0.00426107656 3.20958904
730 2343 4.26093454 0.00426093454 3.20958904
730 2344 4.26094601 0.00426094601 3.2109589
730 2343 4.26110012 0.00426110012 3.20958904
730 2344 4.26092363 0.00426092363 3.2109589
730 2343 4.26111355 0.00426111355 3.20958904
730 2344 4.26092206 0.00426092206 3.2109589
730 2343 4.2611129 0.0042611129 3.20958904
730 2344 4.2609221 0.0042609221 3.2109589
729 2340 4.25074896 0.00425074896 3.20987654
729 2340 4.25073962 0.00425073962 3.20987654
729 2340 4.25072967 0.00425072967 3.20987654
729 2340 4.25074748 0.00425074748 3.20987654
729 2340 4.25076091 0.00425076091 3.20987654
729 2340 4.25075752 0.00425075752 3.20987654
729 2340 4.25075525 0.00425075525 3.20987654
729 2340 4.25075379 0.00425075379 3.20987654
729 2340 4.25075362 0.00425075362 3.20987654
729 2340 4.25075363 0.00425075363 3.20987654
728 2334 4.23989419 0.00423989419 3.20604396
728 2334 4.23987359 0.00423987359 3.20604396
728 2334 4.23995329 0.00423995329 3.20604396
728 2334 4.23996913 0.00423996913 3.20604396
728 2334 4.23996807 0.00423996807 3.20604396
728 2334 4.23996669 0.00423996669 3.20604396
728 2334 4.23996486 0.00423996486 3.20604396
728 2334 4.23996436 0.00423996436 3.20604396
728 2334 4.23996394 0.00423996394 3.20604396
728 2334 4.23996353 0.00423996353 3.20604396
727 2330 4.22873533 0.00422873533 3.20495186
727 2330 4.22870656 0.00422870656 3.20495186
727 2330 4.22870455 0.00422870455 3.20495186
727 2330 4.22873219 0.00422873219 3.20495186
727 2330 4.22868835 0.00422868835 3.20495186
727 2330 4.22872943 0.00422872943 3.20495186
727 2330 4.22868596 0.00422868596 3.20495186
727 2330 4.22872855 0.00422872855 3.20495186
727 2330 4.22868648 0.00422868648 3.20495186
727 2330 4.2287287 0.0042287287 3.20495186
726 2324 4.21721004 0.00421721004 3.20110193
726 2325 4.21787913 0.00421787913 3.20247934
726 2320 4.22028445 0.00422028445 3.19559229
726 2320 4.2203369 0.0042203369 3.19559229
726 2322 4.22803207 0.00422803207 3.19834711
726 2321 4.22918476 0.00422918476 3.1969697
726 2321 4.23453119 0.00423453119 3.1969697
726 2320 4.23908992 0.00423908992 3.19559229
726 2320 4.23915165 0.00423915165 3.19559229
726 2320 4.23900117 0.00423900117 3.19559229
725 2313 4.22962407 0.00422962407 3.19034483
725 2313 4.22985881 0.00422985881 3.19034483
725 2313 4.22975867 0.00422975867 3.19034483
725 2313 4.22975727 0.00422975727 3.19034483
725 2313 4.22974738 0.00422974738 3.19034483
725 2313 4.22975194 0.00422975194 3.19034483
725 2313 4.22975438 0.00422975438 3.19034483
725 2313 4.22975768 0.00422975768 3.19034483
725 2313 4.22976098 0.00422976098 3.19034483
725 2313 4.22976141 0.00422976141 3.19034483
724 2308 4.21994425 0.00421994425 3.1878453
724 2308 4.21980513 0.00421980513 3.1878453
724 2308 4.2198392 0.0042198392 3.1878453
724 2308 4.21989352 0.00421989352 3.1878453
724 2308 4.21988389 0.00421988389 3.1878453
724 2308 4.21983855 0.00421983855 3.1878453
724 2308 4.21987676 0.00421987676 3.1878453
724 2308 4.21987813 0.00421987813 3.1878453
724 2308 4.21983251 0.00421983251 3.1878453
724 2308 4.21989568 0.00421989568 3.1878453
723 2304 4.20953714 0.00420953714 3.18672199
723 2304 4.20951768 0.00420951768 3.18672199
723 2304 4.20955319 0.00420955319 3.18672199
723 2304 4.20940873 0.00420940873 3.18672199
723 2304 4.20949689 0.00420949689 3.18672199
723 2304 4.20953362 0.00420953362 3.18672199
723 2304 4.2093927 0.0042093927 3.18672199
723 2304 4.2094888 0.0042094888 3.18672199
723 2304 4.20954022 0.00420954022 3.18672199
723 2304 4.20938876 0.00420938876 3.18672199
722 2301 4.19902681 0.00419902681 3.18698061
722 2299 4.19934821 0.00419934821 3.18421053
722 2299 4.19939943 0.00419939943 3.18421053
722 2299 4.19938859 0.00419938859 3.18421053
722 2299 4.1994157 0.0041994157 3.18421053
722 2299 4.19938571 0.00419938571 3.18421053
722 2299 4.19942405 0.00419942405 3.18421053
722 2299 4.19939509 0.00419939509 3.18421053
722 2299 4.19943367 0.00419943367 3.18421053
722 2299 4.19939865 0.00419939865 3.18421053
721 2293 4.18932568 0.00418932568 3.18030513
721 2295 4.18943439 0.00418943439 3.18307906
721 2295 4.18936493 0.00418936493 3.18307906
721 2295 4.18933821 0.00418933821 3.18307906
721 2295 4.18935428 0.00418935428 3.18307906
721 2295 4.18937331 0.00418937331 3.18307906
721 2295 4.18938894 0.00418938894 3.18307906
721 2295 4.18939334 0.00418939334 3.18307906
721 2295 4.18939501 0.00418939501 3.18307906
721 2295 4.18939592 0.00418939592 3.18307906
720 2289 4.17943021 0.00417943021 3.17916667
720 2289 4.17939339 0.00417939339 3.17916667
720 2289 4.17939939 0.00417939939 3.17916667
720 2289 4.17943999 0.00417943999 3.17916667
720 2289 4.17937354 0.00417937354 3.17916667
720 2289 4.17940402 0.00417940402 3.17916667
720 2289 4.17941335 0.00417941335 3.17916667
720 2289 4.17935631 0.00417935631 3.17916667
720 2289 4.17939965 0.00417939965 3.17916667
720 2289 4.17941371 0.00417941371 3.17916667
719 2285 4.16866369 0.00416866369 3.17802503
719 2285 4.16876372 0.00416876372 3.17802503
719 2285 4.16881357 0.00416881357 3.17802503
719 2285 4.1688634 0.0041688634 3.17802503
719 2285 4.16885672 0.00416885672 3.17802503
719 2285 4.1688454 0.0041688454 3.17802503
719 2285 4.16884586 0.00416884586 3.17802503
719 2285 4.16884932 0.00416884932 3.17802503
719 2285 4.16885041 0.00416885041 3.17802503
719 2285 4.16885046 0.00416885046 3.17802503
718 2281 4.15811797 0.00415811797 3.17688022
718 2281 4.15812142 0.00415812142 3.17688022
718 2281 4.15808764 0.00415808764 3.17688022
718 2279 4.15785528 0.00415785528 3.17409471
718 2281 4.15812941 0.00415812941 3.17688022
718 2281 4.15810196 0.00415810196 3.17688022
718 2281 4.15804808 0.00415804808 3.17688022
718 2281 4.15812727 0.00415812727 3.17688022
718 2281 4.15807009 0.00415807009 3.17688022
718 2281 4.15809505 0.00415809505 3.17688022
717 2277 4.14673925 0.00414673925 3.17573222
717 2273 4.14725185 0.00414725185 3.17015342
717 2269 4.15387262 0.00415387262 3.16457462
717 2269 4.15382984 0.00415382984 3.16457462
717 2269 4.15380428 0.00415380428 3.16457462
717 2269 4.15371322 0.00415371322 3.16457462
717 2269 4.15378003 0.00415378003 3.16457462
717 2269 4.15380118 0.00415380118 3.16457462
717 2269 4.15371509 0.00415371509 3.16457462
717 2269 4.1537811 0.0041537811 3.16457462
716 2259 4.14288906 0.00414288906 3.15502793
716 2265 4.14325406 0.00414325406 3.16340782
716 2265 4.14303646 0.00414303646 3.16340782
716 2265 4.14324154 0.00414324154 3.16340782
716 2265 4.14313188 0.00414313188 3.16340782
716 2265 4.14315303 0.00414315303 3.16340782
716 2265 4.1431224 0.0041431224 3.16340782
716 2265 4.1431489 0.0041431489 3.16340782
716 2265 4.14311744 0.00414311744 3.16340782
716 2265 4.1431484 0.0041431484 3.16340782
715 2261 4.13198082 0.00413198082 3.16223776
715 2255 4.13228906 0.00413228906 3.15384615
715 2255 4.13210537 0.00413210537 3.15384615
715 2255 4.13228842 0.00413228842 3.15384615
715 2255 4.13209427 0.00413209427 3.15384615
715 2255 4.13228488 0.00413228488 3.15384615
715 2255 4.13208939 0.00413208939 3.15384615
715 2255 4.13228653 0.00413228653 3.15384615
715 2255 4.13208967 0.00413208967 3.15384615
715 2255 4.13228705 0.00413228705 3.15384615
714 2251 4.12159155 0.00412159155 3.15266106
714 2251 4.12151825 0.00412151825 3.15266106
714 2251 4.1214245 0.0041214245 3.15266106
714 2251 4.1216514 0.0041216514 3.15266106
714 2251 4.12149298 0.00412149298 3.15266106
714 2251 4.12163762 0.00412163762 3.15266106
714 2251 4.12150519 0.00412150519 3.15266106
714 2251 4.12163008 0.00412163008 3.15266106
714 2251 4.12150224 0.00412150224 3.15266106
714 2251 4.12162648 0.00412162648 3.15266106
713 2244 4.1106989 0.0041106989 3.14726508
713 2248 4.11061257 0.00411061257 3.15287518
713 2248 4.11065859 0.00411065859 3.15287518
713 2248 4.11042305 0.00411042305 3.15287518
713 2248 4.1107075 0.0041107075 3.15287518
713 2248 4.11054829 0.00411054829 3.15287518
713 2248 4.11069328 0.00411069328 3.15287518
713 2248 4.11055284 0.00411055284 3.15287518
713 2248 4.1106912 0.0041106912 3.15287518
713 2248 4.1105608 0.0041105608 3.15287518
712 2242 4.09975155 0.00409975155 3.1488764
712 2241 4.09974269 0.00409974269 3.14747191
712 2242 4.09963311 0.00409963311 3.1488764
712 2241 4.09978356 0.00409978356 3.14747191
712 2242 4.09970167 0.00409970167 3.1488764
712 2241 4.09984503 0.00409984503 3.14747191
712 2242 4.09974156 0.00409974156 3.1488764
712 2241 4.09986514 0.00409986514 3.14747191
712 2242 4.09974772 0.00409974772 3.1488764
712 2241 4.09986273 0.00409986273 3.14747191
711 2235 4.08868361 0.00408868361 3.14345992
711 2235 4.08859148 0.00408859148 3.14345992
711 2235 4.0886186 0.0040886186 3.14345992
711 2235 4.0885888 0.0040885888 3.14345992
711 2235 4.0885915 0.0040885915 3.14345992
711 2235 4.0885876 0.0040885876 3.14345992
711 2235 4.08858595 0.00408858595 3.14345992
711 2235 4.08858748 0.00408858748 3.14345992
711 2235 4.08858747 0.00408858747 3.14345992
711 2235 4.08858721 0.00408858721 3.14345992
710 2229 4.07721355 0.00407721355 3.13943662
710 2229 4.077301 0.004077301 3.13943662
710 2233 4.07722768 0.00407722768 3.14507042
710 2233 4.08095716 0.00408095716 3.14507042
710 2233 4.08091168 0.00408091168 3.14507042
710 2233 4.08092217 0.00408092217 3.14507042
710 2233 4.08092771 0.00408092771 3.14507042
710 2233 4.08093096 0.00408093096 3.14507042
710 2233 4.08092631 0.00408092631 3.14507042
710 2233 4.08092227 0.00408092227 3.14507042
709 2227 4.06996826 0.00406996826 3.14104372
709 2227 4.07000706 0.00407000706 3.14104372
709 2227 4.06997138 0.00406997138 3.14104372
709 2227 4.06995381 0.00406995381 3.14104372
709 2227 4.06995897 0.00406995897 3.14104372
709 2227 4.06995462 0.00406995462 3.14104372
709 2227 4.06995279 0.00406995279 3.14104372
709 2227 4.0699546 0.0040699546 3.14104372
709 2227 4.06995466 0.00406995466 3.14104372
709 2227 4.06995441 0.00406995441 3.14104372
708 2221 4.05849417 0.00405849417 3.13700565
708 2221 4.05849848 0.00405849848 3.13700565
708 2221 4.05849474 0.00405849474 3.13700565
708 2221 4.05835618 0.00405835618 3.13700565
708 2221 4.05857806 0.00405857806 3.13700565
708 2221 4.05853924 0.00405853924 3.13700565
708 2221 4.05853205 0.00405853205 3.13700565
708 2221 4.05853335 0.00405853335 3.13700565
708 2221 4.05851955 0.00405851955 3.13700565
708 2221 4.05851655 0.00405851655 3.13700565
707 2217 4.04664374 0.00404664374 3.13578501
707 2217 4.04658325 0.00404658325 3.13578501
707 2214 4.04666597 0.00404666597 3.13154173
707 2217 4.04666378 0.00404666378 3.13578501
707 2217 4.04669961 0.00404669961 3.13578501
707 2217 4.04675063 0.00404675063 3.13578501
707 2217 4.04672328 0.00404672328 3.13578501
707 2217 4.04670434 0.00404670434 3.13578501
707 2217 4.04668641 0.00404668641 3.13578501
707 2217 4.04668302 0.00404668302 3.13578501
706 2210 4.03501202 0.00403501202 3.13031161
706 2210 4.03492064 0.00403492064 3.13031161
706 2210 4.03504037 0.00403504037 3.13031161
706 2210 4.03505637 0.00403505637 3.13031161
706 2210 4.03508348 0.00403508348 3.13031161
706 2210 4.035089 0.004035089 3.13031161
706 2210 4.03508631 0.00403508631 3.13031161
706 2210 4.03508693 0.00403508693 3.13031161
706 2210 4.03508753 0.00403508753 3.13031161
706 2210 4.0350872 0.0040350872 3.13031161
705 2206 4.02342267 0.00402342267 3.12907801
705 2201 4.0238663 0.0040238663 3.12198582
705 2201 4.02391217 0.00402391217 3.12198582
705 2201 4.02378503 0.00402378503 3.12198582
705 2201 4.0237544 0.0040237544 3.12198582
705 2201 4.02380748 0.00402380748 3.12198582
705 2201 4.02381011 0.00402381011 3.12198582
705 2201 4.02375881 0.00402375881 3.12198582
705 2201 4.02380653 0.00402380653 3.12198582
705 2201 4.02381251 0.00402381251 3.12198582
704 2195 4.01225315 0.00401225315 3.11789773
704 2196 4.01217472 0.00401217472 3.11931818
704 2195 4.01230284 0.00401230284 3.11789773
704 2196 4.01216162 0.00401216162 3.11931818
704 2195 4.01225941 0.00401225941 3.11789773
704 2196 4.01214052 0.00401214052 3.11931818
704 2195 4.0122558 0.0040122558 3.11789773
704 2196 4.01214383 0.00401214383 3.11931818
704 2195 4.01225802 0.00401225802 3.11789773
704 2196 4.01214419 0.00401214419 3.11931818
703 2190 4.00074042 0.00400074042 3.11522048
703 2190 4.00082246 0.00400082246 3.11522048
703 2190 4.00093733 0.00400093733 3.11522048
703 2190 4.00077215 0.00400077215 3.11522048
703 2190 4.00094488 0.00400094488 3.11522048
703 2190 4.0007636 0.0040007636 3.11522048
703 2190 4.00094312 0.00400094312 3.11522048
703 2190 4.00076101 0.00400076101 3.11522048
703 2190 4.00094367 0.00400094367 3.11522048
703 2190 4.00076288 0.00400076288 3.11522048
702 2188 3.98889021 0.00398889021 3.11680912
702 2184 3.98895503 0.00398895503 3.11111111
702 2188 3.98884787 0.00398884787 3.11680912
702 2184 3.98889449 0.00398889449 3.11111111
702 2188 3.98887886 0.00398887886 3.11680912
702 2184 3.9889261 0.0039889261 3.11111111
702 2188 3.9888907 0.0039888907 3.11680912
702 2184 3.9889282 0.0039889282 3.11111111
702 2188 3.98888906 0.00398888906 3.11680912
702 2184 3.98892772 0.00398892772 3.11111111
701 2182 3.97738052 0.00397738052 3.11269615
701 2182 3.97730772 0.00397730772 3.11269615
701 2182 3.97736034 0.00397736034 3.11269615
701 2182 3.9772982 0.0039772982 3.11269615
701 2182 3.97737808 0.00397737808 3.11269615
701 2182 3.97731742 0.00397731742 3.11269615
701 2182 3.97737457 0.00397737457 3.11269615
701 2182 3.97731661 0.00397731661 3.11269615
701 2182 3.97737411 0.00397737411 3.11269615
701 2182 3.97731701 0.00397731701 3.11269615
700 2174 3.96528962 0.00396528962 3.10571429
700 2167 3.97398206 0.00397398206 3.09571429
700 2168 3.98595212 0.00398595212 3.09714286
700 2168 3.98592929 0.00398592929 3.09714286
700 2166 3.98567366 0.00398567366 3.09428571
700 2167 3.98578895 0.00398578895 3.09571429
700 2168 3.98590781 0.00398590781 3.09714286
700 2168 3.98590181 0.00398590181 3.09714286
700 2167 3.98581827 0.00398581827 3.09571429
700 2166 3.98577355 0.00398577355 3.09428571
699 2161 3.97430976 0.00397430976 3.09155937
699 2160 3.97425098 0.00397425098 3.09012876
699 2160 3.97443138 0.00397443138 3.09012876
699 2161 3.97426889 0.00397426889 3.09155937
699 2162 3.97456034 0.00397456034 3.09298999
699 2162 3.97440017 0.00397440017 3.09298999
699 2162 3.97450051 0.00397450051 3.09298999
699 2162 3.97421003 0.00397421003 3.09298999
699 2160 3.97432888 0.00397432888 3.09012876
699 2164 3.97381008 0.00397381008 3.09585122
698 2159 3.96268441 0.00396268441 3.09312321
698 2155 3.9628855 0.0039628855 3.08739255
698 2159 3.96266644 0.00396266644 3.09312321
698 2155 3.96286212 0.00396286212 3.08739255
698 2156 3.96287383 0.00396287383 3.08882521
698 2160 3.96266435 0.00396266435 3.09455587
698 2156 3.96283036 0.00396283036 3.08882521
698 2155 3.96297007 0.00396297007 3.08739255
698 2159 3.96269539 0.00396269539 3.09312321
698 2155 3.96289139 0.00396289139 3.08739255
697 2149 3.95141252 0.00395141252 3.08321377
697 2153 3.95148614 0.00395148614 3.08895265
697 2153 3.95158932 0.00395158932 3.08895265
697 2153 3.95152224 0.00395152224 3.08895265
697 2153 3.95150137 0.00395150137 3.08895265
697 2153 3.95150314 0.00395150314 3.08895265
697 2153 3.95152062 0.00395152062 3.08895265
697 2153 3.95148661 0.00395148661 3.08895265
697 2153 3.95152164 0.00395152164 3.08895265
697 2153 3.95148918 0.00395148918 3.08895265
696 2144 3.93996937 0.00393996937 3.08045977
696 2147 3.94001406 0.00394001406 3.08477011
696 2144 3.93996047 0.00393996047 3.08045977
696 2147 3.94000788 0.00394000788 3.08477011
696 2144 3.93994977 0.00393994977 3.08045977
696 2147 3.94001124 0.00394001124 3.08477011
696 2144 3.9399516 0.0039399516 3.08045977
696 2147 3.94001234 0.00394001234 3.08477011
696 2144 3.93995022 0.00393995022 3.08045977
696 2147 3.94001062 0.00394001062 3.08477011
695 2138 3.92853726 0.00392853726 3.07625899
695 2138 3.92857649 0.00392857649 3.07625899
695 2138 3.92860276 0.00392860276 3.07625899
695 2138 3.92858002 0.00392858002 3.07625899
695 2138 3.92863226 0.00392863226 3.07625899
695 2138 3.928634 0.003928634 3.07625899
695 2138 3.92863855 0.00392863855 3.07625899
695 2138 3.92863485 0.00392863485 3.07625899
695 2138 3.92862723 0.00392862723 3.07625899
695 2138 3.92862672 0.00392862672 3.07625899
694 2134 3.91705527 0.00391705527 3.07492795
694 2138 3.9191143 0.0039191143 3.08069164
694 2141 3.92945745 0.00392945745 3.08501441
694 2141 3.92951448 0.00392951448 3.08501441
694 2142 3.92949088 0.00392949088 3.08645533
694 2142 3.92982273 0.00392982273 3.08645533
694 2142 3.92986756 0.00392986756 3.08645533
694 2142 3.92977458 0.00392977458 3.08645533
694 2142 3.92985563 0.00392985563 3.08645533
694 2142 3.92973978 0.00392973978 3.08645533
693 2135 3.91854456 0.00391854456 3.08080808
693 2135 3.91844914 0.00391844914 3.08080808
693 2136 3.91863116 0.00391863116 3.08225108
693 2135 3.91851689 0.00391851689 3.08080808
693 2136 3.91852285 0.00391852285 3.08225108
693 2135 3.91853414 0.00391853414 3.08080808
693 2135 3.91841875 0.00391841875 3.08080808
693 2136 3.91862161 0.00391862161 3.08225108
693 2135 3.91851631 0.00391851631 3.08080808
693 2136 3.91852369 0.00391852369 3.08225108
692 2129 3.90754228 0.00390754228 3.0765896
692 2129 3.9075691 0.0039075691 3.0765896
692 2129 3.90753838 0.00390753838 3.0765896
692 2129 3.90754199 0.00390754199 3.0765896
692 2129 3.90756016 0.00390756016 3.0765896
692 2129 3.9075658 0.0039075658 3.0765896
692 2129 3.90756859 0.00390756859 3.0765896
692 2129 3.90756931 0.00390756931 3.0765896
692 2129 3.90756933 0.00390756933 3.0765896
692 2129 3.90756936 0.00390756936 3.0765896
691 2125 3.89615097 0.00389615097 3.07525326
691 2128 3.89791544 0.00389791544 3.07959479
691 2129 3.89799416 0.00389799416 3.08104197
691 2128 3.89801959 0.00389801959 3.07959479
691 2129 3.89798199 0.00389798199 3.08104197
691 2128 3.89800667 0.00389800667 3.07959479
691 2129 3.8979772 0.0038979772 3.08104197
691 2128 3.89800091 0.00389800091 3.07959479
691 2129 3.8979742 0.0038979742 3.08104197
691 2128 3.89799813 0.00389799813 3.07959479
690 2122 3.88684433 0.00388684433 3.07536232
690 2122 3.8869298 0.0038869298 3.07536232
690 2122 3.88692992 0.00388692992 3.07536232
690 2122 3.88694866 0.00388694866 3.07536232
690 2119 3.88654705 0.00388654705 3.07101449
690 2119 3.88656423 0.00388656423 3.07101449
690 2122 3.88681906 0.00388681906 3.07536232
690 2122 3.88692161 0.00388692161 3.07536232
690 2119 3.88647555 0.00388647555 3.07101449
690 2122 3.88690829 0.00388690829 3.07536232
689 2119 3.87544096 0.00387544096 3.0754717
689 2122 3.8856015 0.0038856015 3.07982583
689 2123 3.89184421 0.00389184421 3.08127721
689 2123 3.89899297 0.00389899297 3.08127721
689 2123 3.8988192 0.0038988192 3.08127721
689 2123 3.89884444 0.00389884444 3.08127721
689 2123 3.89893815 0.00389893815 3.08127721
689 2123 3.89881151 0.00389881151 3.08127721
689 2123 3.89881363 0.00389881363 3.08127721
689 2123 3.89893897 0.00389893897 3.08127721
688 2117 3.88788242 0.00388788242 3.07703488
688 2117 3.88793011 0.00388793011 3.07703488
688 2117 3.88806285 0.00388806285 3.07703488
688 2117 3.88797584 0.00388797584 3.07703488
688 2117 3.88801353 0.00388801353 3.07703488
688 2117 3.88797804 0.00388797804 3.07703488
688 2117 3.88804639 0.00388804639 3.07703488
688 2117 3.88794736 0.00388794736 3.07703488
688 2117 3.88792091 0.00388792091 3.07703488
688 2117 3.88804535 0.00388804535 3.07703488
687 2111 3.87713734 0.00387713734 3.0727802
687 2110 3.87709477 0.00387709477 3.0713246
687 2107 3.8769518 0.0038769518 3.06695779
687 2110 3.87706519 0.00387706519 3.0713246
687 2107 3.87704615 0.00387704615 3.06695779
687 2110 3.8771343 0.0038771343 3.0713246
687 2107 3.87701128 0.00387701128 3.06695779
687 2110 3.87713206 0.00387713206 3.0713246
687 2107 3.87703988 0.00387703988 3.06695779
687 2110 3.87711445 0.00387711445 3.0713246
686 2101 3.86654768 0.00386654768 3.06268222
686 2101 3.86648681 0.00386648681 3.06268222
686 2101 3.86651189 0.00386651189 3.06268222
686 2101 3.86650822 0.00386650822 3.06268222
686 2101 3.86648962 0.00386648962 3.06268222
686 2101 3.86648024 0.00386648024 3.06268222
686 2101 3.86647821 0.00386647821 3.06268222
686 2101 3.86647623 0.00386647623 3.06268222
686 2101 3.86647386 0.00386647386 3.06268222
686 2101 3.86647333 0.00386647333 3.06268222
685 2095 3.85570453 0.00385570453 3.05839416
685 2095 3.85588878 0.00385588878 3.05839416
685 2095 3.85585861 0.00385585861 3.05839416
685 2095 3.85582074 0.00385582074 3.05839416
685 2095 3.85576609 0.00385576609 3.05839416
685 2095 3.85576032 0.00385576032 3.05839416
685 2095 3.85574902 0.00385574902 3.05839416
685 2095 3.85574427 0.00385574427 3.05839416
685 2095 3.85574859 0.00385574859 3.05839416
685 2095 3.85575264 0.00385575264 3.05839416
684 2087 3.84473238 0.00384473238 3.05116959
684 2087 3.84489493 0.00384489493 3.05116959
684 2087 3.84471755 0.00384471755 3.05116959
684 2087 3.84483879 0.00384483879 3.05116959
684 2087 3.84473306 0.00384473306 3.05116959
684 2087 3.84483482 0.00384483482 3.05116959
684 2087 3.84473373 0.00384473373 3.05116959
684 2087 3.84483788 0.00384483788 3.05116959
684 2087 3.84473416 0.00384473416 3.05116959
684 2087 3.8448385 0.0038448385 3.05116959
683 2082 3.83369898 0.00383369898 3.04831625
683 2083 3.83598799 0.00383598799 3.04978038
683 2081 3.83653792 0.00383653792 3.04685212
683 2083 3.84712307 0.00384712307 3.04978038
683 2083 3.84703377 0.00384703377 3.04978038
683 2086 3.84705161 0.00384705161 3.05417277
683 2086 3.84705449 0.00384705449 3.05417277
683 2083 3.84721707 0.00384721707 3.04978038
683 2083 3.84706167 0.00384706167 3.04978038
683 2086 3.84707483 0.00384707483 3.05417277
682 2080 3.83666194 0.00383666194 3.04985337
682 2080 3.83656839 0.00383656839 3.04985337
682 2077 3.83649741 0.00383649741 3.04545455
682 2080 3.83661358 0.00383661358 3.04985337
682 2077 3.83653535 0.00383653535 3.04545455
682 2080 3.8366367 0.0038366367 3.04985337
682 2077 3.83657138 0.00383657138 3.04545455
682 2080 3.83662168 0.00383662168 3.04985337
682 2077 3.83652939 0.00383652939 3.04545455
682 2080 3.83663505 0.00383663505 3.04985337
681 2071 3.82629393 0.00382629393 3.04111601
681 2071 3.82622449 0.00382622449 3.04111601
681 2071 3.82623198 0.00382623198 3.04111601
681 2071 3.82623796 0.00382623796 3.04111601
681 2071 3.82622374 0.00382622374 3.04111601
681 2071 3.826215 0.003826215 3.04111601
681 2071 3.82621414 0.00382621414 3.04111601
681 2071 3.8262131 0.0038262131 3.04111601
681 2071 3.82621119 0.00382621119 3.04111601
681 2071 3.8262107 0.0038262107 3.04111601
680 2065 3.81571558 0.00381571558 3.03676471
680 2065 3.81593356 0.00381593356 3.03676471
680 2065 3.81591956 0.00381591956 3.03676471
680 2065 3.815976 0.003815976 3.03676471
680 2065 3.81598212 0.00381598212 3.03676471
680 2065 3.81597563 0.00381597563 3.03676471
680 2065 3.81597798 0.00381597798 3.03676471
680 2065 3.81598214 0.00381598214 3.03676471
680 2065 3.81598283 0.00381598283 3.03676471
680 2065 3.81598271 0.00381598271 3.03676471
679 2061 3.80514864 0.00380514864 3.0353461
679 2061 3.80501037 0.00380501037 3.0353461
679 2059 3.80489746 0.00380489746 3.03240059
679 2059 3.80501407 0.00380501407 3.03240059
679 2060 3.80536574 0.00380536574 3.03387334
679 2058 3.81045556 0.00381045556 3.03092784
679 2055 3.81134374 0.00381134374 3.02650957
679 2055 3.81153879 0.00381153879 3.02650957
679 2057 3.8115843 0.0038115843 3.02945508
679 2063 3.81122903 0.00381122903 3.03829161
678 2059 3.80947549 0.00380947549 3.03687316
678 2060 3.81847197 0.00381847197 3.03834808
678 2057 3.81982833 0.00381982833 3.0339233
678 2057 3.81970712 0.00381970712 3.0339233
678 2057 3.81960293 0.00381960293 3.0339233
678 2057 3.8196091 0.0038196091 3.0339233
678 2057 3.81960576 0.00381960576 3.0339233
678 2057 3.81961603 0.00381961603 3.0339233
678 2057 3.81961353 0.00381961353 3.0339233
678 2057 3.81961352 0.00381961352 3.0339233
677 2055 3.81046379 0.00381046379 3.03545052
677 2055 3.81055823 0.00381055823 3.03545052
677 2055 3.81054354 0.00381054354 3.03545052
677 2055 3.81052084 0.00381052084 3.03545052
677 2055 3.81051722 0.00381051722 3.03545052
677 2055 3.81051526 0.00381051526 3.03545052
677 2055 3.81051448 0.00381051448 3.03545052
677 2055 3.81051378 0.00381051378 3.03545052
677 2055 3.81051297 0.00381051297 3.03545052
677 2055 3.8105123 0.0038105123 3.03545052
676 2052 3.80087787 0.00380087787 3.03550296
676 2052 3.80089266 0.00380089266 3.03550296
676 2052 3.80085667 0.00380085667 3.03550296
676 2052 3.80091247 0.00380091247 3.03550296
676 2052 3.80090484 0.00380090484 3.03550296
676 2052 3.80094221 0.00380094221 3.03550296
676 2052 3.8009221 0.0038009221 3.03550296
676 2052 3.8009481 0.0038009481 3.03550296
676 2052 3.80092302 0.00380092302 3.03550296
676 2052 3.80094914 0.00380094914 3.03550296
675 2046 3.79099332 0.00379099332 3.03111111
675 2044 3.79096485 0.00379096485 3.02814815
675 2046 3.79101607 0.00379101607 3.03111111
675 2047 3.7909412 0.0037909412 3.03259259
675 2047 3.79142198 0.00379142198 3.03259259
675 2048 3.79160777 0.00379160777 3.03407407
675 2048 3.79162426 0.00379162426 3.03407407
675 2048 3.79163075 0.00379163075 3.03407407
675 2048 3.79163092 0.00379163092 3.03407407
675 2048 3.79163061 0.00379163061 3.03407407
674 2045 3.78229727 0.00378229727 3.03412463
674 2045 3.7822532 0.0037822532 3.03412463
674 2045 3.78213488 0.00378213488 3.03412463
674 2045 3.78237219 0.00378237219 3.03412463
674 2045 3.78234262 0.00378234262 3.03412463
674 2045 3.78233544 0.00378233544 3.03412463
674 2045 3.78228867 0.00378228867 3.03412463
674 2045 3.78230029 0.00378230029 3.03412463
674 2045 3.78233325 0.00378233325 3.03412463
674 2045 3.78223696 0.00378223696 3.03412463
673 2040 3.77262563 0.00377262563 3.03120357
673 2040 3.77245354 0.00377245354 3.03120357
673 2039 3.77228474 0.00377228474 3.02971768
673 2040 3.77247331 0.00377247331 3.03120357
673 2040 3.77252874 0.00377252874 3.03120357
673 2040 3.77254277 0.00377254277 3.03120357
673 2039 3.77233262 0.00377233262 3.02971768
673 2040 3.77254065 0.00377254065 3.03120357
673 2040 3.77255505 0.00377255505 3.03120357
673 2040 3.77254499 0.00377254499 3.03120357
672 2034 3.76292079 0.00376292079 3.02678571
672 2034 3.76295404 0.00376295404 3.02678571
672 2034 3.76297686 0.00376297686 3.02678571
672 2034 3.7630281 0.0037630281 3.02678571
672 2034 3.76306171 0.00376306171 3.02678571
672 2034 3.7630662 0.0037630662 3.02678571
672 2034 3.76306569 0.00376306569 3.02678571
672 2034 3.76306776 0.00376306776 3.02678571
672 2034 3.76306984 0.00376306984 3.02678571
672 2034 3.76307086 0.00376307086 3.02678571
671 2023 3.75361216 0.00375361216 3.01490313
671 2023 3.75369437 0.00375369437 3.01490313
671 2023 3.75365965 0.00375365965 3.01490313
671 2023 3.75366006 0.00375366006 3.01490313
671 2023 3.75365613 0.00375365613 3.01490313
671 2023 3.75365929 0.00375365929 3.01490313
671 2023 3.75366102 0.00375366102 3.01490313
671 2023 3.75366213 0.00375366213 3.01490313
671 2023 3.75366251 0.00375366251 3.01490313
671 2023 3.75366259 0.00375366259 3.01490313
670 2017 3.74370521 0.00374370521 3.01044776
670 2022 3.74391908 0.00374391908 3.01791045
670 2022 3.74391749 0.00374391749 3.01791045
670 2022 3.74393695 0.00374393695 3.01791045
670 2022 3.74396976 0.00374396976 3.01791045
670 2022 3.74399036 0.00374399036 3.01791045
670 2022 3.74399232 0.00374399232 3.01791045
670 2022 3.74399379 0.00374399379 3.01791045
670 2022 3.74399365 0.00374399365 3.01791045
670 2022 3.74399391 0.00374399391 3.01791045
669 2011 3.73455593 0.00373455593 3.00597907
669 2011 3.73448369 0.00373448369 3.00597907
669 2011 3.73451568 0.00373451568 3.00597907
669 2011 3.73456514 0.00373456514 3.00597907
669 2011 3.73457344 0.00373457344 3.00597907
669 2011 3.73458188 0.00373458188 3.00597907
669 2011 3.73459556 0.00373459556 3.00597907
669 2011 3.73459478 0.00373459478 3.00597907
669 2011 3.73459447 0.00373459447 3.00597907
669 2011 3.73459501 0.00373459501 3.00597907
668 2004 3.72471302 0.00372471302 3
668 2004 3.72466132 0.00372466132 3
668 2007 3.72454128 0.00372454128 3.00449102
668 2004 3.72454145 0.00372454145 3
668 2007 3.72455762 0.00372455762 3.00449102
668 2004 3.7245554 0.0037245554 3
668 2007 3.72455425 0.00372455425 3.00449102
668 2004 3.72455451 0.00372455451 3
668 2007 3.72455294 0.00372455294 3.00449102
668 2004 3.724555 0.003724555 3
667 2000 3.7148903 0.0037148903 2.99850075
667 2000 3.71489551 0.00371489551 2.99850075
667 2000 3.71490992 0.00371490992 2.99850075
667 2000 3.71491886 0.00371491886 2.99850075
667 2000 3.71492424 0.00371492424 2.99850075
667 2000 3.7149263 0.0037149263 2.99850075
667 2000 3.71492667 0.00371492667 2.99850075
667 2000 3.71492668 0.00371492668 2.99850075
667 2000 3.71492656 0.00371492656 2.99850075
667 2000 3.71492654 0.00371492654 2.99850075
666 1995 3.70502977 0.00370502977 2.9954955
666 1995 3.705087 0.003705087 2.9954955
666 1995 3.70506052 0.00370506052 2.9954955
666 1995 3.70507006 0.00370507006 2.9954955
666 1995 3.70509029 0.00370509029 2.9954955
666 1995 3.7051008 0.0037051008 2.9954955
666 1995 3.70509777 0.00370509777 2.9954955
666 1995 3.70509671 0.00370509671 2.9954955
666 1995 3.70509517 0.00370509517 2.9954955
666 1995 3.70509399 0.00370509399 2.9954955
665 1989 3.69527496 0.00369527496 2.99097744
665 1990 3.6963145 0.0036963145 2.9924812
665 1990 3.69647263 0.00369647263 2.9924812
665 1990 3.69644463 0.00369644463 2.9924812
665 1990 3.69645821 0.00369645821 2.9924812
665 1990 3.69646879 0.00369646879 2.9924812
665 1990 3.69646843 0.00369646843 2.9924812
665 1990 3.69646696 0.00369646696 2.9924812
665 1990 3.69646694 0.00369646694 2.9924812
665 1990 3.69646684 0.00369646684 2.9924812
664 1984 3.68702375 0.00368702375 2.98795181
664 1984 3.68708351 0.00368708351 2.98795181
664 1987 3.68688707 0.00368688707 2.99246988
664 1984 3.68696477 0.00368696477 2.98795181
664 1987 3.68687656 0.00368687656 2.99246988
664 1984 3.68696346 0.00368696346 2.98795181
664 1987 3.68687731 0.00368687731 2.99246988
664 1984 3.68696641 0.00368696641 2.98795181
664 1987 3.68687761 0.00368687761 2.99246988
664 1984 3.68696648 0.00368696648 2.98795181
663 1981 3.67781097 0.00367781097 2.98793363
663 1981 3.67773758 0.00367773758 2.98793363
663 1981 3.67774824 0.00367774824 2.98793363
663 1981 3.67772665 0.00367772665 2.98793363
663 1981 3.67773465 0.00367773465 2.98793363
663 1981 3.677747 0.003677747 2.98793363
663 1981 3.67774481 0.00367774481 2.98793363
663 1981 3.67774426 0.00367774426 2.98793363
663 1981 3.67774484 0.00367774484 2.98793363
663 1981 3.67774484 0.00367774484 2.98793363
662 1975 3.66845117 0.00366845117 2.98338369
662 1975 3.66851465 0.00366851465 2.98338369
662 1975 3.66845896 0.00366845896 2.98338369
662 1975 3.66841648 0.00366841648 2.98338369
662 1975 3.66846019 0.00366846019 2.98338369
662 1975 3.66841485 0.00366841485 2.98338369
662 1975 3.66845861 0.00366845861 2.98338369
662 1975 3.66841621 0.00366841621 2.98338369
662 1975 3.66845868 0.00366845868 2.98338369
662 1975 3.66841696 0.00366841696 2.98338369
661 1971 3.65917067 0.00365917067 2.98184569
661 1972 3.66193984 0.00366193984 2.98335855
661 1971 3.66194141 0.00366194141 2.98184569
661 1972 3.66201475 0.00366201475 2.98335855
661 1971 3.66193964 0.00366193964 2.98184569
661 1972 3.66201925 0.00366201925 2.98335855
661 1972 3.66198373 0.00366198373 2.98335855
661 1972 3.66194072 0.00366194072 2.98335855
661 1971 3.6619309 0.0036619309 2.98184569
661 1972 3.66193186 0.00366193186 2.98335855
660 1965 3.65312313 0.00365312313 2.97727273
660 1965 3.65311755 0.00365311755 2.97727273
660 1965 3.65305409 0.00365305409 2.97727273
660 1965 3.65303511 0.00365303511 2.97727273
660 1965 3.65303518 0.00365303518 2.97727273
660 1965 3.65304339 0.00365304339 2.97727273
660 1965 3.65304594 0.00365304594 2.97727273
660 1965 3.65304672 0.00365304672 2.97727273
660 1965 3.65304658 0.00365304658 2.97727273
660 1965 3.65304702 0.00365304702 2.97727273
659 1960 3.64379635 0.00364379635 2.97420334
659 1960 3.64376489 0.00364376489 2.97420334
659 1960 3.64379618 0.00364379618 2.97420334
659 1960 3.64373403 0.00364373403 2.97420334
659 1960 3.6437548 0.0036437548 2.97420334
659 1960 3.64376155 0.00364376155 2.97420334
659 1960 3.64376389 0.00364376389 2.97420334
659 1960 3.6437631 0.0036437631 2.97420334
659 1960 3.64376305 0.00364376305 2.97420334
659 1960 3.64376305 0.00364376305 2.97420334
658 1951 3.63453292 0.00363453292 2.96504559
658 1952 3.63539394 0.00363539394 2.96656535
658 1948 3.63741873 0.00363741873 2.96048632
658 1949 3.64101854 0.00364101854 2.96200608
658 1949 3.6410503 0.0036410503 2.96200608
658 1949 3.64103362 0.00364103362 2.96200608
658 1949 3.64101923 0.00364101923 2.96200608
658 1949 3.64101544 0.00364101544 2.96200608
658 1949 3.64101453 0.00364101453 2.96200608
658 1949 3.64101328 0.00364101328 2.96200608
657 1943 3.63236482 0.00363236482 2.95738204
657 1941 3.63234394 0.00363234394 2.9543379
657 1941 3.63228299 0.00363228299 2.9543379
657 1943 3.63239032 0.00363239032 2.95738204
657 1943 3.63236162 0.00363236162 2.95738204
657 1943 3.63243467 0.00363243467 2.95738204
657 1943 3.63236573 0.00363236573 2.95738204
657 1943 3.63235168 0.00363235168 2.95738204
657 1943 3.63243522 0.00363243522 2.95738204
657 1943 3.63236461 0.00363236461 2.95738204
656 1936 3.62374101 0.00362374101 2.95121951
656 1938 3.62390071 0.00362390071 2.95426829
656 1938 3.62390224 0.00362390224 2.95426829
656 1938 3.62389506 0.00362389506 2.95426829
656 1938 3.62391554 0.00362391554 2.95426829
656 1938 3.62386693 0.00362386693 2.95426829
656 1938 3.62389622 0.00362389622 2.95426829
656 1938 3.62391406 0.00362391406 2.95426829
656 1938 3.62386646 0.00362386646 2.95426829
656 1938 3.62389582 0.00362389582 2.95426829
655 1931 3.61531863 0.00361531863 2.9480916
655 1931 3.615276 0.003615276 2.9480916
655 1931 3.61525113 0.00361525113 2.9480916
655 1931 3.61530515 0.00361530515 2.9480916
655 1931 3.61531615 0.00361531615 2.9480916
655 1931 3.61531079 0.00361531079 2.9480916
655 1931 3.61530636 0.00361530636 2.9480916
655 1931 3.61530033 0.00361530033 2.9480916
655 1931 3.61529885 0.00361529885 2.9480916
655 1931 3.61529875 0.00361529875 2.9480916
654 1927 3.60615542 0.00360615542 2.94648318
654 1927 3.60612552 0.00360612552 2.94648318
654 1928 3.60594642 0.00360594642 2.94801223
654 1927 3.60608989 0.00360608989 2.94648318
654 1928 3.60622605 0.00360622605 2.94801223
654 1928 3.60624877 0.00360624877 2.94801223
654 1928 3.60621725 0.00360621725 2.94801223
654 1928 3.60613642 0.00360613642 2.94801223
654 1928 3.60610574 0.00360610574 2.94801223
654 1928 3.60607252 0.00360607252 2.94801223
653 1920 3.5975055 0.0035975055 2.94027565
653 1922 3.59769223 0.00359769223 2.94333844
653 1922 3.60810651 0.00360810651 2.94333844
653 1922 3.6080576 0.0036080576 2.94333844
653 1922 3.60802777 0.00360802777 2.94333844
653 1922 3.60804602 0.00360804602 2.94333844
653 1922 3.60805285 0.00360805285 2.94333844
653 1922 3.60805604 0.00360805604 2.94333844
653 1922 3.608056 0.003608056 2.94333844
653 1922 3.60805567 0.00360805567 2.94333844
652 1916 3.59951288 0.00359951288 2.93865031
652 1916 3.59948718 0.00359948718 2.93865031
652 1916 3.5995705 0.0035995705 2.93865031
652 1916 3.59955485 0.00359955485 2.93865031
652 1916 3.59955009 0.00359955009 2.93865031
652 1916 3.59954991 0.00359954991 2.93865031
652 1916 3.59954966 0.00359954966 2.93865031
652 1916 3.59954955 0.00359954955 2.93865031
652 1916 3.59954981 0.00359954981 2.93865031
652 1916 3.59955002 0.00359955002 2.93865031
651 1912 3.59099612 0.00359099612 2.93701997
651 1912 3.59100463 0.00359100463 2.93701997
651 1912 3.59089323 0.00359089323 2.93701997
651 1912 3.5908384 0.0035908384 2.93701997
651 1912 3.59081468 0.00359081468 2.93701997
651 1912 3.59081234 0.00359081234 2.93701997
651 1912 3.59079853 0.00359079853 2.93701997
651 1912 3.5907992 0.0035907992 2.93701997
651 1912 3.59080631 0.00359080631 2.93701997
651 1912 3.5908111 0.0035908111 2.93701997
650 1904 3.58234332 0.00358234332 2.92923077
650 1904 3.58249306 0.00358249306 2.92923077
650 1904 3.58247005 0.00358247005 2.92923077
650 1904 3.58246821 0.00358246821 2.92923077
650 1904 3.58247965 0.00358247965 2.92923077
650 1904 3.58241162 0.00358241162 2.92923077
650 1904 3.58248737 0.00358248737 2.92923077
650 1904 3.58247638 0.00358247638 2.92923077
650 1904 3.58241042 0.00358241042 2.92923077
650 1904 3.58248641 0.00358248641 2.92923077
649 1901 3.57335494 0.00357335494 2.92912173
649 1901 3.57982761 0.00357982761 2.92912173
649 1901 3.5798299 0.0035798299 2.92912173
649 1901 3.57976459 0.00357976459 2.92912173
649 1897 3.57987701 0.00357987701 2.9229584
649 1897 3.57975376 0.00357975376 2.9229584
649 1897 3.57980518 0.00357980518 2.9229584
649 1897 3.57981993 0.00357981993 2.9229584
649 1897 3.57981547 0.00357981547 2.9229584
649 1897 3.57981488 0.00357981488 2.9229584
648 1893 3.57141361 0.00357141361 2.9212963
648 1893 3.57137187 0.00357137187 2.9212963
648 1893 3.57139214 0.00357139214 2.9212963
648 1893 3.57138393 0.00357138393 2.9212963
648 1893 3.57137663 0.00357137663 2.9212963
648 1893 3.57137013 0.00357137013 2.9212963
648 1893 3.57136964 0.00357136964 2.9212963
648 1893 3.57137036 0.00357137036 2.9212963
648 1893 3.571371 0.003571371 2.9212963
648 1893 3.57137139 0.00357137139 2.9212963
647 1884 3.56274938 0.00356274938 2.91190108
647 1885 3.5628977 0.0035628977 2.91344668
647 1885 3.56287302 0.00356287302 2.91344668
647 1885 3.56277995 0.00356277995 2.91344668
647 1884 3.56272928 0.00356272928 2.91190108
647 1884 3.56283601 0.00356283601 2.91190108
647 1884 3.56282195 0.00356282195 2.91190108
647 1884 3.56278735 0.00356278735 2.91190108
647 1884 3.56283239 0.00356283239 2.91190108
647 1884 3.56283552 0.00356283552 2.91190108
646 1877 3.5543806 0.0035543806 2.90557276
646 1877 3.55434448 0.00355434448 2.90557276
646 1877 3.5543331 0.0035543331 2.90557276
646 1877 3.55428499 0.00355428499 2.90557276
646 1877 3.55429496 0.00355429496 2.90557276
646 1877 3.55432347 0.00355432347 2.90557276
646 1877 3.5542769 0.0035542769 2.90557276
646 1877 3.5542929 0.0035542929 2.90557276
646 1877 3.55432481 0.00355432481 2.90557276
646 1877 3.55427706 0.00355427706 2.90557276
645 1873 3.54576335 0.00354576335 2.90387597
645 1879 3.54792191 0.00354792191 2.91317829
645 1875 3.54785732 0.00354785732 2.90697674
645 1879 3.54789947 0.00354789947 2.91317829
645 1876 3.5479198 0.0035479198 2.90852713
645 1876 3.5479435 0.0035479435 2.90852713
645 1876 3.54796102 0.00354796102 2.90852713
645 1876 3.54796844 0.00354796844 2.90852713
645 1876 3.54796455 0.00354796455 2.90852713
645 1876 3.54796359 0.00354796359 2.90852713
644 1872 3.53976697 0.00353976697 2.9068323
644 1872 3.53984361 0.00353984361 2.9068323
644 1872 3.53985942 0.00353985942 2.9068323
644 1872 3.53982734 0.00353982734 2.9068323
644 1872 3.53982429 0.00353982429 2.9068323
644 1872 3.53983283 0.00353983283 2.9068323
644 1872 3.53983951 0.00353983951 2.9068323
644 1872 3.53984093 0.00353984093 2.9068323
644 1872 3.53984164 0.00353984164 2.9068323
644 1872 3.53984203 0.00353984203 2.9068323
643 1867 3.53081893 0.00353081893 2.90357698
643 1867 3.53078485 0.00353078485 2.90357698
643 1867 3.53075114 0.00353075114 2.90357698
643 1867 3.53079213 0.00353079213 2.90357698
643 1867 3.53082761 0.00353082761 2.90357698
643 1867 3.53084264 0.00353084264 2.90357698
643 1867 3.5308479 0.0035308479 2.90357698
643 1867 3.53085088 0.00353085088 2.90357698
643 1867 3.53085071 0.00353085071 2.90357698
643 1867 3.53085063 0.00353085063 2.90357698
642 1864 3.52184508 0.00352184508 2.90342679
642 1862 3.52297741 0.00352297741 2.90031153
642 1862 3.52298138 0.00352298138 2.90031153
642 1862 3.52295411 0.00352295411 2.90031153
642 1862 3.52293402 0.00352293402 2.90031153
642 1862 3.52293965 0.00352293965 2.90031153
642 1862 3.52295044 0.00352295044 2.90031153
642 1862 3.52295425 0.00352295425 2.90031153
642 1862 3.52295422 0.00352295422 2.90031153
642 1862 3.52295465 0.00352295465 2.90031153
641 1857 3.5141823 0.0035141823 2.89703588
641 1857 3.51411812 0.00351411812 2.89703588
641 1857 3.51409837 0.00351409837 2.89703588
641 1857 3.514079 0.003514079 2.89703588
641 1857 3.51408346 0.00351408346 2.89703588
641 1857 3.51408578 0.00351408578 2.89703588
641 1857 3.51408685 0.00351408685 2.89703588
641 1857 3.51408667 0.00351408667 2.89703588
641 1857 3.51408708 0.00351408708 2.89703588
641 1857 3.51408725 0.00351408725 2.89703588
640 1855 3.50502237 0.00350502237 2.8984375
640 1855 3.50504751 0.00350504751 2.8984375
640 1855 3.50506756 0.00350506756 2.8984375
640 1855 3.50509613 0.00350509613 2.8984375
640 1855 3.50511597 0.00350511597 2.8984375
640 1855 3.50512141 0.00350512141 2.8984375
640 1855 3.50512639 0.00350512639 2.8984375
640 1855 3.50512782 0.00350512782 2.8984375
640 1855 3.50512826 0.00350512826 2.8984375
640 1855 3.50512894 0.00350512894 2.8984375
639 1852 3.49632434 0.00349632434 2.89827856
639 1852 3.4961564 0.0034961564 2.89827856
639 1852 3.49621512 0.00349621512 2.89827856
639 1852 3.49615601 0.00349615601 2.89827856
639 1852 3.49616581 0.00349616581 2.89827856
639 1852 3.49617558 0.00349617558 2.89827856
639 1852 3.49617333 0.00349617333 2.89827856
639 1852 3.49617392 0.00349617392 2.89827856
639 1852 3.49617462 0.00349617462 2.89827856
639 1852 3.49617423 0.00349617423 2.89827856
638 1847 3.48735671 0.00348735671 2.89498433
638 1847 3.48740407 0.00348740407 2.89498433
638 1847 3.48740164 0.00348740164 2.89498433
638 1847 3.48733661 0.00348733661 2.89498433
638 1847 3.4873473 0.0034873473 2.89498433
638 1847 3.48732761 0.00348732761 2.89498433
638 1847 3.48735302 0.00348735302 2.89498433
638 1847 3.48733089 0.00348733089 2.89498433
638 1847 3.48735528 0.00348735528 2.89498433
638 1847 3.48733076 0.00348733076 2.89498433
637 1844 3.47808078 0.00347808078 2.89481947
637 1842 3.48108318 0.00348108318 2.89167975
637 1835 3.48168552 0.00348168552 2.88069074
637 1835 3.48174297 0.00348174297 2.88069074
637 1838 3.48132053 0.00348132053 2.88540031
637 1835 3.48169829 0.00348169829 2.88069074
637 1835 3.4815425 0.0034815425 2.88069074
637 1835 3.48150841 0.00348150841 2.88069074
637 1835 3.48150896 0.00348150896 2.88069074
637 1835 3.48151845 0.00348151845 2.88069074
636 1828 3.47296637 0.00347296637 2.87421384
636 1828 3.47298364 0.00347298364 2.87421384
636 1828 3.47298088 0.00347298088 2.87421384
636 1828 3.47298115 0.00347298115 2.87421384
636 1828 3.4729779 0.0034729779 2.87421384
636 1828 3.47298054 0.00347298054 2.87421384
636 1828 3.47298011 0.00347298011 2.87421384
636 1828 3.47298078 0.00347298078 2.87421384
636 1828 3.47298059 0.00347298059 2.87421384
636 1828 3.47298075 0.00347298075 2.87421384
635 1823 3.46413154 0.00346413154 2.87086614
635 1823 3.46425226 0.00346425226 2.87086614
635 1823 3.46421378 0.00346421378 2.87086614
635 1823 3.46422668 0.00346422668 2.87086614
635 1823 3.46424817 0.00346424817 2.87086614
635 1823 3.46425795 0.00346425795 2.87086614
635 1823 3.46426579 0.00346426579 2.87086614
635 1823 3.46426769 0.00346426769 2.87086614
635 1823 3.46426781 0.00346426781 2.87086614
635 1823 3.46426851 0.00346426851 2.87086614
634 1820 3.45557261 0.00345557261 2.87066246
634 1820 3.45551702 0.00345551702 2.87066246
634 1820 3.45549445 0.00345549445 2.87066246
634 1820 3.45547255 0.00345547255 2.87066246
634 1820 3.45548086 0.00345548086 2.87066246
634 1820 3.45548041 0.00345548041 2.87066246
634 1820 3.45547987 0.00345547987 2.87066246
634 1820 3.45547879 0.00345547879 2.87066246
634 1820 3.45547774 0.00345547774 2.87066246
634 1820 3.45547759 0.00345547759 2.87066246
633 1817 3.44600946 0.00344600946 2.87045814
633 1817 3.44586534 0.00344586534 2.87045814
633 1817 3.44580353 0.00344580353 2.87045814
633 1817 3.44576292 0.00344576292 2.87045814
633 1817 3.44572578 0.00344572578 2.87045814
633 1817 3.44570038 0.00344570038 2.87045814
633 1817 3.44569514 0.00344569514 2.87045814
633 1817 3.44569569 0.00344569569 2.87045814
633 1817 3.44568903 0.00344568903 2.87045814
633 1817 3.44568862 0.00344568862 2.87045814
632 1808 3.43680719 0.00343680719 2.86075949
632 1808 3.43696782 0.00343696782 2.86075949
632 1808 3.43693142 0.00343693142 2.86075949
632 1808 3.43692398 0.00343692398 2.86075949
632 1808 3.43692822 0.00343692822 2.86075949
632 1808 3.43692185 0.00343692185 2.86075949
632 1808 3.43691928 0.00343691928 2.86075949
632 1808 3.43691957 0.00343691957 2.86075949
632 1808 3.43691845 0.00343691845 2.86075949
632 1808 3.4369181 0.0034369181 2.86075949
631 1805 3.42769629 0.00342769629 2.86053883
631 1805 3.42774115 0.00342774115 2.86053883
631 1805 3.42769363 0.00342769363 2.86053883
631 1805 3.4276965 0.0034276965 2.86053883
631 1805 3.42769144 0.00342769144 2.86053883
631 1805 3.42761254 0.00342761254 2.86053883
631 1805 3.42759762 0.00342759762 2.86053883
631 1805 3.4276115 0.0034276115 2.86053883
631 1805 3.42760677 0.00342760677 2.86053883
631 1805 3.4276066 0.0034276066 2.86053883
630 1802 3.41766863 0.00341766863 2.86031746
630 1802 3.41777712 0.00341777712 2.86031746
630 1802 3.41779575 0.00341779575 2.86031746
630 1802 3.41776568 0.00341776568 2.86031746
630 1802 3.41780137 0.00341780137 2.86031746
630 1802 3.41779315 0.00341779315 2.86031746
630 1802 3.41782332 0.00341782332 2.86031746
630 1802 3.4177686 0.0034177686 2.86031746
630 1802 3.41780205 0.00341780205 2.86031746
630 1802 3.4177651 0.0034177651 2.86031746
629 1800 3.40764383 0.00340764383 2.86168521
629 1798 3.41050663 0.00341050663 2.85850556
629 1791 3.41057669 0.00341057669 2.84737679
629 1798 3.41055681 0.00341055681 2.85850556
629 1791 3.41062535 0.00341062535 2.84737679
629 1798 3.41058271 0.00341058271 2.85850556
629 1791 3.41063267 0.00341063267 2.84737679
629 1798 3.41057989 0.00341057989 2.85850556
629 1791 3.41063044 0.00341063044 2.84737679
629 1798 3.41057879 0.00341057879 2.85850556
628 1788 3.40171957 0.00340171957 2.84713376
628 1788 3.40167925 0.00340167925 2.84713376
628 1788 3.4016397 0.0034016397 2.84713376
628 1788 3.40162649 0.00340162649 2.84713376
628 1788 3.40163222 0.00340163222 2.84713376
628 1788 3.40162335 0.00340162335 2.84713376
628 1788 3.40162377 0.00340162377 2.84713376
628 1788 3.40162483 0.00340162483 2.84713376
628 1788 3.40162736 0.00340162736 2.84713376
628 1788 3.4016273 0.0034016273 2.84713376
627 1785 3.39220033 0.00339220033 2.84688995
627 1785 3.39230258 0.00339230258 2.84688995
627 1785 3.39228031 0.00339228031 2.84688995
627 1785 3.39223969 0.00339223969 2.84688995
627 1785 3.39222755 0.00339222755 2.84688995
627 1785 3.39223195 0.00339223195 2.84688995
627 1785 3.39233878 0.00339233878 2.84688995
627 1785 3.39229402 0.00339229402 2.84688995
627 1785 3.39232115 0.00339232115 2.84688995
627 1785 3.39229312 0.00339229312 2.84688995
626 1783 3.38229549 0.00338229549 2.84824281
626 1781 3.38536927 0.00338536927 2.84504792
626 1781 3.38622983 0.00338622983 2.84504792
626 1788 3.38662341 0.00338662341 2.85623003
626 1788 3.38669554 0.00338669554 2.85623003
626 1788 3.38663701 0.00338663701 2.85623003
626 1788 3.38662334 0.00338662334 2.85623003
626 1788 3.38661846 0.00338661846 2.85623003
626 1788 3.38661818 0.00338661818 2.85623003
626 1788 3.38661641 0.00338661641 2.85623003
625 1785 3.37773743 0.00337773743 2.856
625 1785 3.37786038 0.00337786038 2.856
625 1785 3.37787205 0.00337787205 2.856
625 1785 3.3777555 0.0033777555 2.856
625 1785 3.37774916 0.00337774916 2.856
625 1785 3.37779867 0.00337779867 2.856
625 1785 3.37781663 0.00337781663 2.856
625 1785 3.37780335 0.00337780335 2.856
625 1785 3.3777925 0.0033777925 2.856
625 1785 3.3777916 0.0033777916 2.856
624 1775 3.36879454 0.00336879454 2.84455128
624 1775 3.36876078 0.00336876078 2.84455128
624 1775 3.36871014 0.00336871014 2.84455128
624 1775 3.36869633 0.00336869633 2.84455128
624 1775 3.36868983 0.00336868983 2.84455128
624 1775 3.36868078 0.00336868078 2.84455128
624 1775 3.36868062 0.00336868062 2.84455128
624 1775 3.36868236 0.00336868236 2.84455128
624 1775 3.36868398 0.00336868398 2.84455128
624 1775 3.36868363 0.00336868363 2.84455128
623 1772 3.35928941 0.00335928941 2.84430177
623 1772 3.35938279 0.00335938279 2.84430177
623 1772 3.36781234 0.00336781234 2.84430177
623 1772 3.36805499 0.00336805499 2.84430177
623 1772 3.36799662 0.00336799662 2.84430177
623 1772 3.3679898 0.0033679898 2.84430177
623 1772 3.36802218 0.00336802218 2.84430177
623 1772 3.36802875 0.00336802875 2.84430177
623 1772 3.36802352 0.00336802352 2.84430177
623 1772 3.36801695 0.00336801695 2.84430177
622 1762 3.3591622 0.0033591622 2.83279743
622 1762 3.35913196 0.00335913196 2.83279743
622 1762 3.35907945 0.00335907945 2.83279743
622 1762 3.35906769 0.00335906769 2.83279743
622 1762 3.35906223 0.00335906223 2.83279743
622 1762 3.35905366 0.00335905366 2.83279743
622 1762 3.3590536 0.0033590536 2.83279743
622 1762 3.35905534 0.00335905534 2.83279743
622 1762 3.35905689 0.00335905689 2.83279743
622 1762 3.35905651 0.00335905651 2.83279743
621 1759 3.34975757 0.00334975757 2.83252818
621 1759 3.34985108 0.00334985108 2.83252818
621 1759 3.3497779 0.0033497779 2.83252818
621 1759 3.34977562 0.00334977562 2.83252818
621 1759 3.34978386 0.00334978386 2.83252818
621 1759 3.3497852 0.0033497852 2.83252818
621 1759 3.34978568 0.00334978568 2.83252818
621 1759 3.349786 0.003349786 2.83252818
621 1759 3.34978637 0.00334978637 2.83252818
621 1759 3.34978663 0.00334978663 2.83252818
620 1755 3.34037144 0.00334037144 2.83064516
620 1756 3.34059228 0.00334059228 2.83225806
620 1754 3.34896508 0.00334896508 2.82903226
620 1753 3.34967252 0.00334967252 2.82741935
620 1750 3.35475364 0.00335475364 2.82258065
620 1752 3.35613362 0.00335613362 2.82580645
620 1759 3.35667328 0.00335667328 2.83709677
620 1759 3.35661582 0.00335661582 2.83709677
620 1759 3.35660169 0.00335660169 2.83709677
620 1759 3.35659343 0.00335659343 2.83709677
619 1756 3.34806335 0.00334806335 2.8368336
619 1756 3.34817966 0.00334817966 2.8368336
619 1756 3.34813116 0.00334813116 2.8368336
619 1756 3.34811648 0.00334811648 2.8368336
619 1756 3.34813549 0.00334813549 2.8368336
619 1756 3.34814841 0.00334814841 2.8368336
619 1756 3.34815506 0.00334815506 2.8368336
619 1756 3.34815491 0.00334815491 2.8368336
619 1756 3.34815476 0.00334815476 2.8368336
619 1756 3.34815493 0.00334815493 2.8368336
618 1746 3.33953834 0.00333953834 2.82524272
618 1746 3.33962403 0.00333962403 2.82524272
618 1746 3.33947858 0.00333947858 2.82524272
618 1746 3.339443 0.003339443 2.82524272
618 1746 3.33941058 0.00333941058 2.82524272
618 1746 3.33939304 0.00333939304 2.82524272
618 1746 3.33937921 0.00333937921 2.82524272
618 1746 3.33937977 0.00333937977 2.82524272
618 1746 3.33938332 0.00333938332 2.82524272
618 1746 3.33938278 0.00333938278 2.82524272
617 1737 3.33026117 0.00333026117 2.81523501
617 1741 3.33064693 0.00333064693 2.82171799
617 1741 3.33055828 0.00333055828 2.82171799
617 1741 3.33058302 0.00333058302 2.82171799
617 1741 3.33051537 0.00333051537 2.82171799
617 1741 3.33049667 0.00333049667 2.82171799
617 1741 3.3305029 0.0033305029 2.82171799
617 1741 3.33049836 0.00333049836 2.82171799
617 1741 3.33049861 0.00333049861 2.82171799
617 1741 3.33050341 0.00333050341 2.82171799
616 1734 3.32195186 0.00332195186 2.81493506
616 1734 3.32199861 0.00332199861 2.81493506
616 1734 3.32195882 0.00332195882 2.81493506
616 1734 3.32195086 0.00332195086 2.81493506
616 1734 3.32195692 0.00332195692 2.81493506
616 1734 3.32195872 0.00332195872 2.81493506
616 1734 3.32195972 0.00332195972 2.81493506
616 1734 3.32196033 0.00332196033 2.81493506
616 1734 3.32196069 0.00332196069 2.81493506
616 1734 3.32196093 0.00332196093 2.81493506
615 1730 3.31274945 0.00331274945 2.81300813
615 1730 3.31269887 0.00331269887 2.81300813
615 1730 3.31270541 0.00331270541 2.81300813
615 1730 3.31262923 0.00331262923 2.81300813
615 1730 3.31277399 0.00331277399 2.81300813
615 1730 3.31263659 0.00331263659 2.81300813
615 1730 3.31258656 0.00331258656 2.81300813
615 1730 3.31273936 0.00331273936 2.81300813
615 1730 3.31263383 0.00331263383 2.81300813
615 1730 3.31259805 0.00331259805 2.81300813
614 1725 3.30276147 0.00330276147 2.80944625
614 1729 3.30584104 0.00330584104 2.81596091
614 1733 3.31266503 0.00331266503 2.82247557
614 1726 3.31265717 0.00331265717 2.81107492
614 1733 3.31267605 0.00331267605 2.82247557
614 1733 3.31269449 0.00331269449 2.82247557
614 1733 3.31270036 0.00331270036 2.82247557
614 1733 3.31270286 0.00331270286 2.82247557
614 1733 3.3127024 0.0033127024 2.82247557
614 1733 3.31270305 0.00331270305 2.82247557
613 1723 3.30452195 0.00330452195 2.81076672
613 1723 3.30459418 0.00330459418 2.81076672
613 1723 3.30453533 0.00330453533 2.81076672
613 1723 3.30449389 0.00330449389 2.81076672
613 1723 3.30448417 0.00330448417 2.81076672
613 1723 3.30447497 0.00330447497 2.81076672
613 1723 3.30447943 0.00330447943 2.81076672
613 1723 3.30447486 0.00330447486 2.81076672
613 1723 3.30447933 0.00330447933 2.81076672
613 1723 3.30447804 0.00330447804 2.81076672
612 1716 3.29593573 0.00329593573 2.80392157
612 1716 3.29598233 0.00329598233 2.80392157
612 1716 3.29598982 0.00329598982 2.80392157
612 1716 3.29586985 0.00329586985 2.80392157
612 1716 3.29580152 0.00329580152 2.80392157
612 1716 3.29618701 0.00329618701 2.80392157
612 1716 3.29611799 0.00329611799 2.80392157
612 1716 3.29594419 0.00329594419 2.80392157
612 1716 3.29583015 0.00329583015 2.80392157
612 1716 3.2962182 0.0032962182 2.80392157
611 1711 3.28695655 0.00328695655 2.80032733
611 1711 3.28680854 0.00328680854 2.80032733
611 1711 3.28678154 0.00328678154 2.80032733
611 1711 3.28668634 0.00328668634 2.80032733
611 1711 3.28679274 0.00328679274 2.80032733
611 1711 3.28672339 0.00328672339 2.80032733
611 1711 3.28680913 0.00328680913 2.80032733
611 1711 3.28669899 0.00328669899 2.80032733
611 1711 3.28679596 0.00328679596 2.80032733
611 1711 3.28672349 0.00328672349 2.80032733
610 1704 3.27642808 0.00327642808 2.79344262
610 1707 3.27644315 0.00327644315 2.79836066
610 1707 3.27636698 0.00327636698 2.79836066
610 1707 3.27644138 0.00327644138 2.79836066
610 1707 3.2764335 0.0032764335 2.79836066
610 1707 3.2764291 0.0032764291 2.79836066
610 1707 3.27642875 0.00327642875 2.79836066
610 1707 3.27642895 0.00327642895 2.79836066
610 1707 3.27642945 0.00327642945 2.79836066
610 1707 3.27642938 0.00327642938 2.79836066
609 1704 3.26668267 0.00326668267 2.79802956
609 1702 3.26969346 0.00326969346 2.79474548
609 1704 3.27208215 0.00327208215 2.79802956
609 1706 3.27339835 0.00327339835 2.80131363
609 1709 3.28009692 0.00328009692 2.80623974
609 1709 3.28002799 0.00328002799 2.80623974
609 1709 3.28004398 0.00328004398 2.80623974
609 1709 3.28004884 0.00328004884 2.80623974
609 1709 3.28004871 0.00328004871 2.80623974
609 1709 3.28004885 0.00328004885 2.80623974
608 1699 3.27142394 0.00327142394 2.79440789
608 1703 3.27135953 0.00327135953 2.80098684
608 1703 3.27132906 0.00327132906 2.80098684
608 1703 3.27133879 0.00327133879 2.80098684
608 1703 3.27133971 0.00327133971 2.80098684
608 1703 3.27133732 0.00327133732 2.80098684
608 1703 3.27133772 0.00327133772 2.80098684
608 1703 3.27133751 0.00327133751 2.80098684
608 1703 3.27133753 0.00327133753 2.80098684
608 1703 3.2713375 0.0032713375 2.80098684
607 1693 3.26282019 0.00326282019 2.78912685
607 1693 3.26289964 0.00326289964 2.78912685
607 1693 3.26283039 0.00326283039 2.78912685
607 1693 3.26278902 0.00326278902 2.78912685
607 1693 3.2627781 0.0032627781 2.78912685
607 1693 3.26277012 0.00326277012 2.78912685
607 1693 3.26277711 0.00326277711 2.78912685
607 1693 3.26277497 0.00326277497 2.78912685
607 1693 3.26278062 0.00326278062 2.78912685
607 1693 3.26277954 0.00326277954 2.78912685
606 1686 3.25387031 0.00325387031 2.78217822
606 1686 3.25393566 0.00325393566 2.78217822
606 1686 3.25391539 0.00325391539 2.78217822
606 1686 3.25390276 0.00325390276 2.78217822
606 1686 3.2539076 0.0032539076 2.78217822
606 1686 3.25391027 0.00325391027 2.78217822
606 1686 3.25391024 0.00325391024 2.78217822
606 1686 3.25391191 0.00325391191 2.78217822
606 1686 3.25391184 0.00325391184 2.78217822
606 1686 3.25391178 0.00325391178 2.78217822
605 1682 3.24464958 0.00324464958 2.78016529
605 1682 3.24489635 0.00324489635 2.78016529
605 1682 3.24641996 0.00324641996 2.78016529
605 1689 3.24651167 0.00324651167 2.79173554
605 1689 3.24650068 0.00324650068 2.79173554
605 1689 3.2465036 0.0032465036 2.79173554
605 1689 3.24651031 0.00324651031 2.79173554
605 1689 3.24650935 0.00324650935 2.79173554
605 1689 3.24650964 0.00324650964 2.79173554
605 1689 3.24650964 0.00324650964 2.79173554
604 1679 3.23793743 0.00323793743 2.77980132
604 1675 3.2376307 0.0032376307 2.77317881
604 1682 3.23757942 0.00323757942 2.78476821
604 1679 3.23803916 0.00323803916 2.77980132
604 1679 3.23791303 0.00323791303 2.77980132
604 1679 3.2378875 0.0032378875 2.77980132
604 1679 3.23787723 0.00323787723 2.77980132
604 1679 3.23788532 0.00323788532 2.77980132
604 1679 3.23789044 0.00323789044 2.77980132
604 1679 3.23789664 0.00323789664 2.77980132
603 1672 3.22911391 0.00322911391 2.77280265
603 1672 3.22922379 0.00322922379 2.77280265
603 1672 3.22921797 0.00322921797 2.77280265
603 1672 3.2292072 0.0032292072 2.77280265
603 1672 3.22920452 0.00322920452 2.77280265
603 1672 3.22920883 0.00322920883 2.77280265
603 1672 3.2292053 0.0032292053 2.77280265
603 1672 3.22920285 0.00322920285 2.77280265
603 1672 3.22919901 0.00322919901 2.77280265
603 1672 3.22919852 0.00322919852 2.77280265
602 1665 3.21977967 0.00321977967 2.76578073
602 1665 3.21966084 0.00321966084 2.76578073
602 1665 3.21960678 0.00321960678 2.76578073
602 1665 3.21954897 0.00321954897 2.76578073
602 1665 3.21953635 0.00321953635 2.76578073
602 1665 3.21953785 0.00321953785 2.76578073
602 1665 3.21952988 0.00321952988 2.76578073
602 1665 3.21952508 0.00321952508 2.76578073
602 1665 3.21952645 0.00321952645 2.76578073
602 1665 3.21952618 0.00321952618 2.76578073
601 1663 3.21002909 0.00321002909 2.76705491
601 1663 3.21021718 0.00321021718 2.76705491
601 1663 3.21017444 0.00321017444 2.76705491
601 1663 3.21021077 0.00321021077 2.76705491
601 1663 3.21020862 0.00321020862 2.76705491
601 1663 3.21020639 0.00321020639 2.76705491
601 1663 3.21020775 0.00321020775 2.76705491
601 1663 3.21020862 0.00321020862 2.76705491
601 1663 3.21020886 0.00321020886 2.76705491
601 1663 3.21020897 0.00321020897 2.76705491
600 1659 3.20079526 0.00320079526 2.765
600 1659 3.20088633 0.00320088633 2.765
600 1659 3.20081873 0.00320081873 2.765
600 1659 3.20076034 0.00320076034 2.765
600 1659 3.20074886 0.00320074886 2.765
600 1659 3.20076768 0.00320076768 2.765
600 1659 3.20076934 0.00320076934 2.765
600 1659 3.20076089 0.00320076089 2.765
600 1659 3.2007614 0.0032007614 2.765
600 1659 3.20076212 0.00320076212 2.765
599 1654 3.19114121 0.00319114121 2.76126878
599 1654 3.19121512 0.00319121512 2.76126878
599 1654 3.19117863 0.00319117863 2.76126878
599 1654 3.19112777 0.00319112777 2.76126878
599 1654 3.19119365 0.00319119365 2.76126878
599 1654 3.19111497 0.00319111497 2.76126878
599 1654 3.19119941 0.00319119941 2.76126878
599 1654 3.19111289 0.00319111289 2.76126878
599 1654 3.19120042 0.00319120042 2.76126878
599 1654 3.19111341 0.00319111341 2.76126878
598 1651 3.18145404 0.00318145404 2.76086957
598 1651 3.18149833 0.00318149833 2.76086957
598 1654 3.18172439 0.00318172439 2.76588629
598 1658 3.18890552 0.00318890552 2.77257525
598 1657 3.19741911 0.00319741911 2.77090301
598 1660 3.19814374 0.00319814374 2.77591973
598 1661 3.20673782 0.00320673782 2.77759197
598 1664 3.20673622 0.00320673622 2.7826087
598 1664 3.20673303 0.00320673303 2.7826087
598 1664 3.20674007 0.00320674007 2.7826087
597 1654 3.19807611 0.00319807611 2.77051926
597 1661 3.1982221 0.0031982221 2.78224456
597 1661 3.1982018 0.0031982018 2.78224456
597 1661 3.19821441 0.00319821441 2.78224456
597 1661 3.19821491 0.00319821491 2.78224456
597 1661 3.19821473 0.00319821473 2.78224456
597 1661 3.19821512 0.00319821512 2.78224456
597 1661 3.19821507 0.00319821507 2.78224456
597 1661 3.1982151 0.0031982151 2.78224456
597 1661 3.19821511 0.00319821511 2.78224456
596 1651 3.18948892 0.00318948892 2.77013423
596 1651 3.18948576 0.00318948576 2.77013423
596 1655 3.18932387 0.00318932387 2.77684564
596 1651 3.18957135 0.00318957135 2.77013423
596 1655 3.18933731 0.00318933731 2.77684564
596 1651 3.18957006 0.00318957006 2.77013423
596 1655 3.18934614 0.00318934614 2.77684564
596 1651 3.18956697 0.00318956697 2.77013423
596 1655 3.1893461 0.0031893461 2.77684564
596 1651 3.18956659 0.00318956659 2.77013423
595 1645 3.18068771 0.00318068771 2.76470588
595 1645 3.18070123 0.00318070123 2.76470588
595 1645 3.1806899 0.0031806899 2.76470588
595 1645 3.18070248 0.00318070248 2.76470588
595 1645 3.18070184 0.00318070184 2.76470588
595 1645 3.1807011 0.0031807011 2.76470588
595 1645 3.18070103 0.00318070103 2.76470588
595 1645 3.18070136 0.00318070136 2.76470588
595 1645 3.18070138 0.00318070138 2.76470588
595 1645 3.18070141 0.00318070141 2.76470588
594 1642 3.17184228 0.00317184228 2.76430976
594 1642 3.17180675 0.00317180675 2.76430976
594 1642 3.17176666 0.00317176666 2.76430976
594 1642 3.17177522 0.00317177522 2.76430976
594 1642 3.17178595 0.00317178595 2.76430976
594 1642 3.17178151 0.00317178151 2.76430976
594 1642 3.17178061 0.00317178061 2.76430976
594 1642 3.17178111 0.00317178111 2.76430976
594 1642 3.17178098 0.00317178098 2.76430976
594 1642 3.17178103 0.00317178103 2.76430976
593 1637 3.16282124 0.00316282124 2.76053963
593 1637 3.1628213 0.0031628213 2.76053963
593 1640 3.16310668 0.00316310668 2.76559865
593 1640 3.16304163 0.00316304163 2.76559865
593 1640 3.16301039 0.00316301039 2.76559865
593 1640 3.16295615 0.00316295615 2.76559865
593 1640 3.16304496 0.00316304496 2.76559865
593 1640 3.16309205 0.00316309205 2.76559865
593 1640 3.16311513 0.00316311513 2.76559865
593 1640 3.16313175 0.00316313175 2.76559865
592 1634 3.15411635 0.00315411635 2.76013514
592 1634 3.15399556 0.00315399556 2.76013514
592 1634 3.15403599 0.00315403599 2.76013514
592 1634 3.15407148 0.00315407148 2.76013514
592 1634 3.15407844 0.00315407844 2.76013514
592 1634 3.15406966 0.00315406966 2.76013514
592 1634 3.15407297 0.00315407297 2.76013514
592 1634 3.15407323 0.00315407323 2.76013514
592 1634 3.15407275 0.00315407275 2.76013514
592 1634 3.15407326 0.00315407326 2.76013514
591 1628 3.14473668 0.00314473668 2.75465313
591 1628 3.14472286 0.00314472286 2.75465313
591 1629 3.15318847 0.00315318847 2.75634518
591 1629 3.15310542 0.00315310542 2.75634518
591 1629 3.15310935 0.00315310935 2.75634518
591 1629 3.15311082 0.00315311082 2.75634518
591 1629 3.15311269 0.00315311269 2.75634518
591 1629 3.15311415 0.00315311415 2.75634518
591 1629 3.15311409 0.00315311409 2.75634518
591 1629 3.15311418 0.00315311418 2.75634518
590 1626 3.14442337 0.00314442337 2.7559322
590 1626 3.14440909 0.00314440909 2.7559322
590 1626 3.1444577 0.0031444577 2.7559322
590 1626 3.14449156 0.00314449156 2.7559322
590 1626 3.14449109 0.00314449109 2.7559322
590 1626 3.14451209 0.00314451209 2.7559322
590 1626 3.14453065 0.00314453065 2.7559322
590 1626 3.1445324 0.0031445324 2.7559322
590 1626 3.14452994 0.00314452994 2.7559322
590 1626 3.14452982 0.00314452982 2.7559322
589 1620 3.13553658 0.00313553658 2.75042445
589 1620 3.13520475 0.00313520475 2.75042445
589 1620 3.13544457 0.00313544457 2.75042445
589 1620 3.13531705 0.00313531705 2.75042445
589 1620 3.13544004 0.00313544004 2.75042445
589 1620 3.13532625 0.00313532625 2.75042445
589 1620 3.13543677 0.00313543677 2.75042445
589 1620 3.13532947 0.00313532947 2.75042445
589 1620 3.13543668 0.00313543668 2.75042445
589 1620 3.13532994 0.00313532994 2.75042445
588 1612 3.12613955 0.00312613955 2.7414966
588 1613 3.12664027 0.00312664027 2.74319728
588 1615 3.12660825 0.00312660825 2.74659864
588 1615 3.12669477 0.00312669477 2.74659864
588 1615 3.12670861 0.00312670861 2.74659864
588 1615 3.12671077 0.00312671077 2.74659864
588 1615 3.1267092 0.0031267092 2.74659864
588 1615 3.12671029 0.00312671029 2.74659864
588 1615 3.12671097 0.00312671097 2.74659864
588 1615 3.12671122 0.00312671122 2.74659864
587 1610 3.11797082 0.00311797082 2.7427598
587 1610 3.11781673 0.00311781673 2.7427598
587 1610 3.11788607 0.00311788607 2.7427598
587 1610 3.11789686 0.00311789686 2.7427598
587 1610 3.11787599 0.00311787599 2.7427598
587 1610 3.11787015 0.00311787015 2.7427598
587 1610 3.1178696 0.0031178696 2.7427598
587 1610 3.11786949 0.00311786949 2.7427598
587 1610 3.11786978 0.00311786978 2.7427598
587 1610 3.11787006 0.00311787006 2.7427598
586 1606 3.10885824 0.00310885824 2.74061433
586 1609 3.10897518 0.00310897518 2.74573379
586 1617 3.12266213 0.00312266213 2.75938567
586 1615 3.12872128 0.00312872128 2.7559727
586 1615 3.12868054 0.00312868054 2.7559727
586 1615 3.12866422 0.00312866422 2.7559727
586 1615 3.12866416 0.00312866416 2.7559727
586 1615 3.12866258 0.00312866258 2.7559727
586 1615 3.12866218 0.00312866218 2.7559727
586 1615 3.12866166 0.00312866166 2.7559727
585 1612 3.12015718 0.00312015718 2.75555556
585 1612 3.12012266 0.00312012266 2.75555556
585 1612 3.12013932 0.00312013932 2.75555556
585 1612 3.12014985 0.00312014985 2.75555556
585 1612 3.1201495 0.0031201495 2.75555556
585 1612 3.12015019 0.00312015019 2.75555556
585 1612 3.12015032 0.00312015032 2.75555556
585 1612 3.12015047 0.00312015047 2.75555556
585 1612 3.1201505 0.0031201505 2.75555556
585 1612 3.12015052 0.00312015052 2.75555556
584 1602 3.11173951 0.00311173951 2.74315068
584 1602 3.1116372 0.0031116372 2.74315068
584 1602 3.11162991 0.00311162991 2.74315068
584 1602 3.11162374 0.00311162374 2.74315068
584 1602 3.11161283 0.00311161283 2.74315068
584 1602 3.11160734 0.00311160734 2.74315068
584 1602 3.11160556 0.00311160556 2.74315068
584 1602 3.11160418 0.00311160418 2.74315068
584 1602 3.11160352 0.00311160352 2.74315068
584 1602 3.11160342 0.00311160342 2.74315068
583 1599 3.10299775 0.00310299775 2.74271012
583 1597 3.10283556 0.00310283556 2.73927959
583 1599 3.10311336 0.00310311336 2.74271012
583 1599 3.10316529 0.00310316529 2.74271012
583 1599 3.10317775 0.00310317775 2.74271012
583 1599 3.10318058 0.00310318058 2.74271012
583 1599 3.10317904 0.00310317904 2.74271012
583 1599 3.10317968 0.00310317968 2.74271012
583 1599 3.10318009 0.00310318009 2.74271012
583 1599 3.10318022 0.00310318022 2.74271012
582 1594 3.09445567 0.00309445567 2.73883162
582 1594 3.09440816 0.00309440816 2.73883162
582 1594 3.09441362 0.00309441362 2.73883162
582 1594 3.09441807 0.00309441807 2.73883162
582 1594 3.09441876 0.00309441876 2.73883162
582 1594 3.09441966 0.00309441966 2.73883162
582 1594 3.09442018 0.00309442018 2.73883162
582 1594 3.09442042 0.00309442042 2.73883162
582 1594 3.09442058 0.00309442058 2.73883162
582 1594 3.09442065 0.00309442065 2.73883162
581 1588 3.08535596 0.00308535596 2.73321859
581 1588 3.08540756 0.00308540756 2.73321859
581 1588 3.085553 0.003085553 2.73321859
581 1588 3.08557018 0.00308557018 2.73321859
581 1588 3.08557886 0.00308557886 2.73321859
581 1588 3.08558563 0.00308558563 2.73321859
581 1588 3.08558973 0.00308558973 2.73321859
581 1588 3.08559175 0.00308559175 2.73321859
581 1588 3.08559303 0.00308559303 2.73321859
581 1588 3.08559357 0.00308559357 2.73321859
580 1584 3.07656742 0.00307656742 2.73103448
580 1588 3.08340799 0.00308340799 2.73793103
580 1596 3.08354136 0.00308354136 2.75172414
580 1595 3.08940937 0.00308940937 2.75
580 1590 3.09662435 0.00309662435 2.74137931
580 1592 3.09684759 0.00309684759 2.74482759
580 1592 3.09677962 0.00309677962 2.74482759
580 1592 3.09679913 0.00309679913 2.74482759
580 1590 3.09670937 0.00309670937 2.74137931
580 1592 3.09678552 0.00309678552 2.74482759
579 1586 3.08830045 0.00308830045 2.73920553
579 1585 3.08824807 0.00308824807 2.73747841
579 1585 3.08824296 0.00308824296 2.73747841
579 1585 3.08823881 0.00308823881 2.73747841
579 1585 3.0882422 0.0030882422 2.73747841
579 1585 3.08824237 0.00308824237 2.73747841
579 1585 3.08824261 0.00308824261 2.73747841
579 1585 3.08824282 0.00308824282 2.73747841
579 1585 3.0882429 0.0030882429 2.73747841
579 1585 3.08824296 0.00308824296 2.73747841
578 1579 3.07967205 0.00307967205 2.73183391
578 1579 3.07965531 0.00307965531 2.73183391
578 1579 3.07966827 0.00307966827 2.73183391
578 1579 3.07965486 0.00307965486 2.73183391
578 1579 3.0796665 0.0030796665 2.73183391
578 1579 3.07966549 0.00307966549 2.73183391
578 1579 3.07966468 0.00307966468 2.73183391
578 1579 3.07966469 0.00307966469 2.73183391
578 1579 3.07966453 0.00307966453 2.73183391
578 1579 3.07966461 0.00307966461 2.73183391
577 1573 3.07097094 0.00307097094 2.72616984
577 1573 3.07089715 0.00307089715 2.72616984
577 1573 3.07095144 0.00307095144 2.72616984
577 1573 3.07095415 0.00307095415 2.72616984
577 1573 3.07095562 0.00307095562 2.72616984
577 1573 3.07095597 0.00307095597 2.72616984
577 1573 3.07095612 0.00307095612 2.72616984
577 1573 3.07095618 0.00307095618 2.72616984
577 1573 3.07095619 0.00307095619 2.72616984
577 1573 3.0709562 0.0030709562 2.72616984
576 1563 3.06211233 0.00306211233 2.71354167
576 1563 3.06209067 0.00306209067 2.71354167
576 1563 3.06208876 0.00306208876 2.71354167
576 1563 3.06209708 0.00306209708 2.71354167
576 1563 3.06209704 0.00306209704 2.71354167
576 1563 3.06209742 0.00306209742 2.71354167
576 1563 3.06209754 0.00306209754 2.71354167
576 1563 3.06209765 0.00306209765 2.71354167
576 1563 3.06209774 0.00306209774 2.71354167
576 1563 3.06209777 0.00306209777 2.71354167
575 1561 3.05329256 0.00305329256 2.71478261
575 1561 3.05338861 0.00305338861 2.71478261
575 1561 3.05343692 0.00305343692 2.71478261
575 1561 3.05346042 0.00305346042 2.71478261
575 1561 3.0534587 0.0030534587 2.71478261
575 1561 3.05346431 0.00305346431 2.71478261
575 1561 3.05346556 0.00305346556 2.71478261
575 1561 3.05346685 0.00305346685 2.71478261
575 1561 3.05346631 0.00305346631 2.71478261
575 1561 3.05346598 0.00305346598 2.71478261
574 1553 3.04425016 0.00304425016 2.70557491
574 1553 3.04412317 0.00304412317 2.70557491
574 1553 3.04409788 0.00304409788 2.70557491
574 1553 3.0441222 0.0030441222 2.70557491
574 1553 3.04412377 0.00304412377 2.70557491
574 1553 3.04412808 0.00304412808 2.70557491
574 1553 3.04413032 0.00304413032 2.70557491
574 1553 3.044131 0.003044131 2.70557491
574 1553 3.04413152 0.00304413152 2.70557491
574 1553 3.04413191 0.00304413191 2.70557491
573 1549 3.03521292 0.00303521292 2.70331588
573 1549 3.03517832 0.00303517832 2.70331588
573 1549 3.03530384 0.00303530384 2.70331588
573 1549 3.03510588 0.00303510588 2.70331588
573 1549 3.03526215 0.00303526215 2.70331588
573 1549 3.03528255 0.00303528255 2.70331588
573 1549 3.03527088 0.00303527088 2.70331588
573 1549 3.03531192 0.00303531192 2.70331588
573 1549 3.03532519 0.00303532519 2.70331588
573 1549 3.03533153 0.00303533153 2.70331588
572 1539 3.0260212 0.0030260212 2.69055944
572 1540 3.02917533 0.00302917533 2.69230769
572 1543 3.02929427 0.00302929427 2.69755245
572 1543 3.02932961 0.00302932961 2.69755245
572 1543 3.02937797 0.00302937797 2.69755245
572 1543 3.02938896 0.00302938896 2.69755245
572 1543 3.02938799 0.00302938799 2.69755245
572 1543 3.02939025 0.00302939025 2.69755245
572 1543 3.02939046 0.00302939046 2.69755245
572 1543 3.02939029 0.00302939029 2.69755245
571 1535 3.02043853 0.00302043853 2.6882662
571 1535 3.02031121 0.00302031121 2.6882662
571 1535 3.02029253 0.00302029253 2.6882662
571 1535 3.02031628 0.00302031628 2.6882662
571 1535 3.02031765 0.00302031765 2.6882662
571 1535 3.02032225 0.00302032225 2.6882662
571 1535 3.02032502 0.00302032502 2.6882662
571 1535 3.02032599 0.00302032599 2.6882662
571 1535 3.02032659 0.00302032659 2.6882662
571 1535 3.02032706 0.00302032706 2.6882662
570 1531 3.01142168 0.00301142168 2.68596491
570 1531 3.01137043 0.00301137043 2.68596491
570 1531 3.01140871 0.00301140871 2.68596491
570 1531 3.0114028 0.0030114028 2.68596491
570 1531 3.01140254 0.00301140254 2.68596491
570 1531 3.01140445 0.00301140445 2.68596491
570 1531 3.01140443 0.00301140443 2.68596491
570 1531 3.01140411 0.00301140411 2.68596491
570 1531 3.01140367 0.00301140367 2.68596491
570 1531 3.0114036 0.0030114036 2.68596491
569 1529 3.00202858 0.00300202858 2.68717047
569 1529 3.00201711 0.00300201711 2.68717047
569 1529 3.00199729 0.00300199729 2.68717047
569 1529 3.00198232 0.00300198232 2.68717047
569 1529 3.00199516 0.00300199516 2.68717047
569 1529 3.00198199 0.00300198199 2.68717047
569 1529 3.00199605 0.00300199605 2.68717047
569 1529 3.00198466 0.00300198466 2.68717047
569 1529 3.00199794 0.00300199794 2.68717047
569 1529 3.00198565 0.00300198565 2.68717047
568 1523 2.99221415 0.00299221415 2.68133803
568 1520 2.99466358 0.00299466358 2.67605634
568 1520 2.99467565 0.00299467565 2.67605634
568 1520 2.99467186 0.00299467186 2.67605634
568 1520 2.9946814 0.0029946814 2.67605634
568 1520 2.99468189 0.00299468189 2.67605634
568 1520 2.99468287 0.00299468287 2.67605634
568 1520 2.99468308 0.00299468308 2.67605634
568 1520 2.99468285 0.00299468285 2.67605634
568 1520 2.99468281 0.00299468281 2.67605634
567 1518 2.98531123 0.00298531123 2.67724868
567 1518 2.98520637 0.00298520637 2.67724868
567 1518 2.9852656 0.0029852656 2.67724868
567 1518 2.98526902 0.00298526902 2.67724868
567 1518 2.98520984 0.00298520984 2.67724868
567 1518 2.98532608 0.00298532608 2.67724868
567 1518 2.98525661 0.00298525661 2.67724868
567 1518 2.98525437 0.00298525437 2.67724868
567 1518 2.98532812 0.00298532812 2.67724868
567 1518 2.98530365 0.00298530365 2.67724868
566 1514 2.97549317 0.00297549317 2.67491166
566 1510 2.97928083 0.00297928083 2.66784452
566 1509 2.97917512 0.00297917512 2.66607774
566 1515 2.97990976 0.00297990976 2.67667845
566 1515 2.98000834 0.00298000834 2.67667845
566 1515 2.9800518 0.0029800518 2.67667845
566 1515 2.98004412 0.00298004412 2.67667845
566 1515 2.98003572 0.00298003572 2.67667845
566 1515 2.98004157 0.00298004157 2.67667845
566 1515 2.98004449 0.00298004449 2.67667845
565 1507 2.9706005 0.0029706005 2.66725664
565 1507 2.97045342 0.00297045342 2.66725664
565 1507 2.97043625 0.00297043625 2.66725664
565 1507 2.97046051 0.00297046051 2.66725664
565 1507 2.97046343 0.00297046343 2.66725664
565 1507 2.97046832 0.00297046832 2.66725664
565 1507 2.97047147 0.00297047147 2.66725664
565 1507 2.97047273 0.00297047273 2.66725664
565 1507 2.97047347 0.00297047347 2.66725664
565 1507 2.97047399 0.00297047399 2.66725664
564 1503 2.96171977 0.00296171977 2.66489362
564 1503 2.96166792 0.00296166792 2.66489362
564 1503 2.96169968 0.00296169968 2.66489362
564 1503 2.96168863 0.00296168863 2.66489362
564 1503 2.96168695 0.00296168695 2.66489362
564 1503 2.96168826 0.00296168826 2.66489362
564 1503 2.96168786 0.00296168786 2.66489362
564 1503 2.9616875 0.0029616875 2.66489362
564 1503 2.96168713 0.00296168713 2.66489362
564 1503 2.96168714 0.00296168714 2.66489362
563 1501 2.95248687 0.00295248687 2.6660746
563 1500 2.96073552 0.00296073552 2.6642984
563 1500 2.96066367 0.00296066367 2.6642984
563 1500 2.96068014 0.00296068014 2.6642984
563 1500 2.9606614 0.0029606614 2.6642984
563 1500 2.96068015 0.00296068015 2.6642984
563 1500 2.96068928 0.00296068928 2.6642984
563 1500 2.96066457 0.00296066457 2.6642984
563 1500 2.96068642 0.00296068642 2.6642984
563 1500 2.96067958 0.00296067958 2.6642984
562 1496 2.95188422 0.00295188422 2.66192171
562 1496 2.95182978 0.00295182978 2.66192171
562 1496 2.95184501 0.00295184501 2.66192171
562 1496 2.95185086 0.00295185086 2.66192171
562 1496 2.9518567 0.0029518567 2.66192171
562 1496 2.95185993 0.00295185993 2.66192171
562 1496 2.95186001 0.00295186001 2.66192171
562 1496 2.95185937 0.00295185937 2.66192171
562 1496 2.95185901 0.00295185901 2.66192171
562 1496 2.95185901 0.00295185901 2.66192171
561 1494 2.94281908 0.00294281908 2.6631016
561 1494 2.9428109 0.0029428109 2.6631016
561 1494 2.94275483 0.00294275483 2.6631016
561 1494 2.9428335 0.0029428335 2.6631016
561 1494 2.94278668 0.00294278668 2.6631016
561 1494 2.94282809 0.00294282809 2.6631016
561 1494 2.94279755 0.00294279755 2.6631016
561 1494 2.94282571 0.00294282571 2.6631016
561 1494 2.94280088 0.00294280088 2.6631016
561 1494 2.94282542 0.00294282542 2.6631016
560 1488 2.93296797 0.00293296797 2.65714286
560 1488 2.93289166 0.00293289166 2.65714286
560 1491 2.93321415 0.00293321415 2.6625
560 1491 2.93313419 0.00293313419 2.6625
560 1491 2.93316353 0.00293316353 2.6625
560 1491 2.93317657 0.00293317657 2.6625
560 1491 2.93317718 0.00293317718 2.6625
560 1491 2.93317606 0.00293317606 2.6625
560 1491 2.93317555 0.00293317555 2.6625
560 1491 2.93317559 0.00293317559 2.6625
559 1488 2.92377248 0.00292377248 2.66189624
559 1488 2.92371179 0.00292371179 2.66189624
559 1488 2.92372403 0.00292372403 2.66189624
559 1488 2.92377307 0.00292377307 2.66189624
559 1488 2.92377464 0.00292377464 2.66189624
559 1488 2.92378119 0.00292378119 2.66189624
559 1488 2.92380994 0.00292380994 2.66189624
559 1488 2.92381026 0.00292381026 2.66189624
559 1488 2.92380188 0.00292380188 2.66189624
559 1488 2.92380175 0.00292380175 2.66189624
558 1482 2.91433202 0.00291433202 2.65591398
558 1482 2.9142021 0.0029142021 2.65591398
558 1482 2.9143044 0.0029143044 2.65591398
558 1482 2.91424607 0.00291424607 2.65591398
558 1482 2.91429553 0.00291429553 2.65591398
558 1482 2.91425348 0.00291425348 2.65591398
558 1482 2.91428318 0.00291428318 2.65591398
558 1482 2.91425342 0.00291425342 2.65591398
558 1482 2.91428302 0.00291428302 2.65591398
558 1482 2.9142534 0.0029142534 2.65591398
557 1478 2.9041287 0.0029041287 2.6535009
557 1481 2.90628517 0.00290628517 2.65888689
557 1479 2.91999071 0.00291999071 2.65529623
557 1480 2.92084815 0.00292084815 2.65709156
557 1480 2.92087506 0.00292087506 2.65709156
557 1480 2.92085285 0.00292085285 2.65709156
557 1480 2.92087772 0.00292087772 2.65709156
557 1480 2.92088725 0.00292088725 2.65709156
557 1480 2.92087333 0.00292087333 2.65709156
557 1480 2.92084092 0.00292084092 2.65709156
556 1477 2.91160437 0.00291160437 2.65647482
556 1477 2.91163088 0.00291163088 2.65647482
556 1477 2.91160865 0.00291160865 2.65647482
556 1477 2.91162766 0.00291162766 2.65647482
556 1477 2.91168788 0.00291168788 2.65647482
556 1477 2.9117152 0.0029117152 2.65647482
556 1477 2.91171403 0.00291171403 2.65647482
556 1477 2.91171225 0.00291171225 2.65647482
556 1477 2.9117121 0.0029117121 2.65647482
556 1477 2.91171235 0.00291171235 2.65647482
555 1474 2.90247737 0.00290247737 2.65585586
555 1471 2.90219265 0.00290219265 2.65045045
555 1474 2.90251921 0.00290251921 2.65585586
555 1474 2.90246958 0.00290246958 2.65585586
555 1474 2.90245825 0.00290245825 2.65585586
555 1474 2.90245758 0.00290245758 2.65585586
555 1474 2.90248084 0.00290248084 2.65585586
555 1474 2.90250232 0.00290250232 2.65585586
555 1474 2.90250226 0.00290250226 2.65585586
555 1474 2.90250034 0.00290250034 2.65585586
554 1468 2.89322005 0.00289322005 2.64981949
554 1468 2.89310017 0.00289310017 2.64981949
554 1468 2.89313307 0.00289313307 2.64981949
554 1468 2.89311231 0.00289311231 2.64981949
554 1468 2.89308345 0.00289308345 2.64981949
554 1468 2.8931366 0.0028931366 2.64981949
554 1468 2.89308468 0.00289308468 2.64981949
554 1468 2.89313751 0.00289313751 2.64981949
554 1468 2.89308566 0.00289308566 2.64981949
554 1468 2.89313684 0.00289313684 2.64981949
553 1460 2.88306137 0.00288306137 2.64014467
553 1465 2.88309628 0.00288309628 2.64918626
553 1460 2.8831353 0.0028831353 2.64014467
553 1460 2.88310597 0.00288310597 2.64014467
553 1460 2.88309149 0.00288309149 2.64014467
553 1460 2.88311618 0.00288311618 2.64014467
553 1460 2.88311599 0.00288311599 2.64014467
553 1460 2.88309235 0.00288309235 2.64014467
553 1460 2.88311266 0.00288311266 2.64014467
553 1460 2.8831153 0.0028831153 2.64014467
552 1454 2.87289406 0.00287289406 2.63405797
552 1459 2.87669744 0.00287669744 2.64311594
552 1459 2.87667525 0.00287667525 2.64311594
552 1459 2.87663264 0.00287663264 2.64311594
552 1459 2.87666404 0.00287666404 2.64311594
552 1459 2.87661829 0.00287661829 2.64311594
552 1459 2.87666581 0.00287666581 2.64311594
552 1459 2.87661767 0.00287661767 2.64311594
552 1459 2.87666521 0.00287666521 2.64311594
552 1459 2.87661782 0.00287661782 2.64311594
551 1456 2.86654265 0.00286654265 2.64246824
551 1456 2.86655022 0.00286655022 2.64246824
551 1454 2.87956912 0.00287956912 2.63883848
551 1452 2.88349806 0.00288349806 2.63520871
551 1449 2.88891825 0.00288891825 2.62976407
551 1449 2.88894158 0.00288894158 2.62976407
551 1449 2.88892799 0.00288892799 2.62976407
551 1449 2.88892286 0.00288892286 2.62976407
551 1449 2.88892087 0.00288892087 2.62976407
551 1449 2.88892008 0.00288892008 2.62976407
550 1447 2.88058384 0.00288058384 2.63090909
550 1447 2.88054509 0.00288054509 2.63090909
550 1447 2.88053534 0.00288053534 2.63090909
550 1447 2.88053324 0.00288053324 2.63090909
550 1447 2.88056292 0.00288056292 2.63090909
550 1447 2.88054045 0.00288054045 2.63090909
550 1447 2.88054853 0.00288054853 2.63090909
550 1447 2.88053859 0.00288053859 2.63090909
550 1447 2.88054758 0.00288054758 2.63090909
550 1447 2.88053861 0.00288053861 2.63090909
549 1441 2.87151645 0.00287151645 2.62477231
549 1444 2.87156056 0.00287156056 2.63023679
549 1441 2.8714519 0.0028714519 2.62477231
549 1444 2.8714593 0.0028714593 2.63023679
549 1444 2.87149854 0.00287149854 2.63023679
549 1444 2.87149631 0.00287149631 2.63023679
549 1444 2.87148747 0.00287148747 2.63023679
549 1444 2.87150056 0.00287150056 2.63023679
549 1444 2.87151367 0.00287151367 2.63023679
549 1444 2.87151091 0.00287151091 2.63023679
548 1438 2.86265456 0.00286265456 2.62408759
548 1438 2.86252767 0.00286252767 2.62408759
548 1441 2.86239305 0.00286239305 2.62956204
548 1438 2.86257099 0.00286257099 2.62408759
548 1438 2.86256677 0.00286256677 2.62408759
548 1441 2.86240623 0.00286240623 2.62956204
548 1438 2.86258086 0.00286258086 2.62408759
548 1438 2.86256633 0.00286256633 2.62408759
548 1441 2.86241126 0.00286241126 2.62956204
548 1438 2.86257938 0.00286257938 2.62408759
547 1435 2.85332096 0.00285332096 2.62340037
547 1435 2.8533779 0.0028533779 2.62340037
547 1435 2.85341697 0.00285341697 2.62340037
547 1435 2.85343554 0.00285343554 2.62340037
547 1435 2.85343679 0.00285343679 2.62340037
547 1435 2.85343669 0.00285343669 2.62340037
547 1435 2.85343646 0.00285343646 2.62340037
547 1435 2.8534365 0.0028534365 2.62340037
547 1435 2.85343656 0.00285343656 2.62340037
547 1435 2.8534366 0.0028534366 2.62340037
546 1432 2.84396077 0.00284396077 2.62271062
546 1427 2.84390058 0.00284390058 2.61355311
546 1427 2.8439899 0.0028439899 2.61355311
546 1427 2.84402821 0.00284402821 2.61355311
546 1427 2.84403297 0.00284403297 2.61355311
546 1427 2.84403132 0.00284403132 2.61355311
546 1427 2.84403082 0.00284403082 2.61355311
546 1427 2.84403068 0.00284403068 2.61355311
546 1427 2.84403063 0.00284403063 2.61355311
546 1427 2.84403067 0.00284403067 2.61355311
545 1424 2.83445633 0.00283445633 2.61284404
545 1424 2.83446037 0.00283446037 2.61284404
545 1424 2.83442132 0.00283442132 2.61284404
545 1424 2.83441208 0.00283441208 2.61284404
545 1424 2.83441396 0.00283441396 2.61284404
545 1424 2.83441429 0.00283441429 2.61284404
545 1424 2.83441466 0.00283441466 2.61284404
545 1424 2.83441477 0.00283441477 2.61284404
545 1424 2.83441489 0.00283441489 2.61284404
545 1424 2.834415 0.002834415 2.61284404
544 1418 2.82461139 0.00282461139 2.60661765
544 1418 2.82451018 0.00282451018 2.60661765
544 1418 2.82460141 0.00282460141 2.60661765
544 1420 2.83329016 0.00283329016 2.61029412
544 1416 2.84048701 0.00284048701 2.60294118
544 1418 2.84171333 0.00284171333 2.60661765
544 1416 2.84493836 0.00284493836 2.60294118
544 1417 2.84528097 0.00284528097 2.60477941
544 1417 2.84522641 0.00284522641 2.60477941
544 1417 2.84521785 0.00284521785 2.60477941
543 1409 2.83645622 0.00283645622 2.59484346
543 1409 2.83648382 0.00283648382 2.59484346
543 1409 2.83645535 0.00283645535 2.59484346
543 1409 2.83645424 0.00283645424 2.59484346
543 1409 2.83644868 0.00283644868 2.59484346
543 1409 2.83645015 0.00283645015 2.59484346
543 1409 2.83644794 0.00283644794 2.59484346
543 1409 2.83644734 0.00283644734 2.59484346
543 1409 2.83644729 0.00283644729 2.59484346
543 1409 2.83644726 0.00283644726 2.59484346
542 1406 2.82771623 0.00282771623 2.59409594
542 1406 2.82773951 0.00282773951 2.59409594
542 1406 2.82778316 0.00282778316 2.59409594
542 1406 2.82778579 0.00282778579 2.59409594
542 1406 2.82778766 0.00282778766 2.59409594
542 1406 2.82778815 0.00282778815 2.59409594
542 1406 2.82778883 0.00282778883 2.59409594
542 1406 2.82778931 0.00282778931 2.59409594
542 1406 2.82778943 0.00282778943 2.59409594
542 1406 2.82778956 0.00282778956 2.59409594
541 1402 2.81821007 0.00281821007 2.59149723
541 1402 2.82459363 0.00282459363 2.59149723
541 1402 2.82461188 0.00282461188 2.59149723
541 1402 2.82459305 0.00282459305 2.59149723
541 1402 2.82458473 0.00282458473 2.59149723
541 1402 2.8245842 0.0028245842 2.59149723
541 1402 2.82458248 0.00282458248 2.59149723
541 1402 2.82458129 0.00282458129 2.59149723
541 1402 2.82458045 0.00282458045 2.59149723
541 1402 2.82458038 0.00282458038 2.59149723
540 1399 2.81577412 0.00281577412 2.59074074
540 1399 2.81578817 0.00281578817 2.59074074
540 1399 2.81570557 0.00281570557 2.59074074
540 1399 2.81576214 0.00281576214 2.59074074
540 1399 2.81578687 0.00281578687 2.59074074
540 1399 2.81576821 0.00281576821 2.59074074
540 1399 2.81578281 0.00281578281 2.59074074
540 1399 2.81576783 0.00281576783 2.59074074
540 1399 2.81578291 0.00281578291 2.59074074
540 1399 2.81576808 0.00281576808 2.59074074
539 1392 2.80626854 0.00280626854 2.5825603
539 1396 2.80666221 0.00280666221 2.58998145
539 1396 2.80663121 0.00280663121 2.58998145
539 1396 2.80665299 0.00280665299 2.58998145
539 1396 2.80666046 0.00280666046 2.58998145
539 1396 2.80665412 0.00280665412 2.58998145
539 1396 2.80665225 0.00280665225 2.58998145
539 1396 2.80665227 0.00280665227 2.58998145
539 1396 2.80665256 0.00280665256 2.58998145
539 1396 2.80665296 0.00280665296 2.58998145
538 1389 2.79714762 0.00279714762 2.58178439
538 1393 2.79731412 0.00279731412 2.58921933
538 1393 2.7972177 0.0027972177 2.58921933
538 1393 2.79718055 0.00279718055 2.58921933
538 1393 2.79718005 0.00279718005 2.58921933
538 1393 2.79717323 0.00279717323 2.58921933
538 1393 2.79717138 0.00279717138 2.58921933
538 1393 2.79717131 0.00279717131 2.58921933
538 1393 2.7971717 0.0027971717 2.58921933
538 1393 2.79717195 0.00279717195 2.58921933
537 1386 2.78775649 0.00278775649 2.58100559
537 1387 2.78782592 0.00278782592 2.58286778
537 1387 2.78782742 0.00278782742 2.58286778
537 1387 2.7878567 0.0027878567 2.58286778
537 1387 2.78784825 0.00278784825 2.58286778
537 1387 2.7878398 0.0027878398 2.58286778
537 1387 2.78783714 0.00278783714 2.58286778
537 1387 2.78783653 0.00278783653 2.58286778
537 1387 2.78783665 0.00278783665 2.58286778
537 1387 2.78783681 0.00278783681 2.58286778
536 1380 2.77817139 0.00277817139 2.57462687
536 1380 2.77823551 0.00277823551 2.57462687
536 1380 2.77822953 0.00277822953 2.57462687
536 1380 2.77821549 0.00277821549 2.57462687
536 1380 2.77821669 0.00277821669 2.57462687
536 1380 2.77821805 0.00277821805 2.57462687
536 1380 2.77821827 0.00277821827 2.57462687
536 1380 2.77821823 0.00277821823 2.57462687
536 1380 2.77821845 0.00277821845 2.57462687
536 1380 2.77821867 0.00277821867 2.57462687
535 1374 2.76816797 0.00276816797 2.5682243
535 1374 2.76817333 0.00276817333 2.5682243
535 1374 2.76818553 0.00276818553 2.5682243
535 1374 2.76823141 0.00276823141 2.5682243
535 1374 2.76825227 0.00276825227 2.5682243
535 1374 2.7682627 0.0027682627 2.5682243
535 1374 2.76826441 0.00276826441 2.5682243
535 1374 2.76826852 0.00276826852 2.5682243
535 1374 2.76827079 0.00276827079 2.5682243
535 1374 2.76827211 0.00276827211 2.5682243
534 1370 2.75828321 0.00275828321 2.56554307
534 1370 2.75819099 0.00275819099 2.56554307
534 1370 2.75821423 0.00275821423 2.56554307
534 1370 2.75819839 0.00275819839 2.56554307
534 1370 2.75820439 0.00275820439 2.56554307
534 1370 2.75819856 0.00275819856 2.56554307
534 1370 2.75820475 0.00275820475 2.56554307
534 1370 2.7581985 0.0027581985 2.56554307
534 1370 2.75820486 0.00275820486 2.56554307
534 1370 2.75819856 0.00275819856 2.56554307
533 1366 2.74805394 0.00274805394 2.56285178
533 1365 2.7525991 0.0027525991 2.56097561
533 1368 2.75474819 0.00275474819 2.56660413
533 1368 2.75478756 0.00275478756 2.56660413
533 1368 2.7547838 0.0027547838 2.56660413
533 1368 2.75477872 0.00275477872 2.56660413
533 1368 2.75477643 0.00275477643 2.56660413
533 1368 2.75477672 0.00275477672 2.56660413
533 1368 2.75477608 0.00275477608 2.56660413
533 1368 2.75477598 0.00275477598 2.56660413
532 1362 2.74530855 0.00274530855 2.56015038
532 1362 2.74530916 0.00274530916 2.56015038
532 1362 2.74532371 0.00274532371 2.56015038
532 1362 2.74536776 0.00274536776 2.56015038
532 1362 2.74538597 0.00274538597 2.56015038
532 1362 2.74539529 0.00274539529 2.56015038
532 1362 2.74539576 0.00274539576 2.56015038
532 1362 2.74539929 0.00274539929 2.56015038
532 1362 2.74540116 0.00274540116 2.56015038
532 1362 2.74540214 0.00274540214 2.56015038
531 1358 2.73581238 0.00273581238 2.55743879
531 1358 2.73566734 0.00273566734 2.55743879
531 1358 2.73561101 0.00273561101 2.55743879
531 1358 2.73565643 0.00273565643 2.55743879
531 1358 2.73561149 0.00273561149 2.55743879
531 1358 2.73568053 0.00273568053 2.55743879
531 1358 2.73561478 0.00273561478 2.55743879
531 1358 2.73565427 0.00273565427 2.55743879
531 1358 2.73561312 0.00273561312 2.55743879
531 1358 2.73568193 0.00273568193 2.55743879
530 1356 2.72554251 0.00272554251 2.55849057
530 1353 2.7257436 0.0027257436 2.55283019
530 1351 2.726117 0.002726117 2.5490566
530 1349 2.72627236 0.00272627236 2.54528302
530 1349 2.72618657 0.00272618657 2.54528302
530 1349 2.72613158 0.00272613158 2.54528302
530 1349 2.72620858 0.00272620858 2.54528302
530 1349 2.72624188 0.00272624188 2.54528302
530 1349 2.72612049 0.00272612049 2.54528302
530 1349 2.7261605 0.0027261605 2.54528302
529 1345 2.71668246 0.00271668246 2.54253308
529 1345 2.71653761 0.00271653761 2.54253308
529 1345 2.71654542 0.00271654542 2.54253308
529 1345 2.71651958 0.00271651958 2.54253308
529 1345 2.71653716 0.00271653716 2.54253308
529 1345 2.71654712 0.00271654712 2.54253308
529 1345 2.71652595 0.00271652595 2.54253308
529 1345 2.71653672 0.00271653672 2.54253308
529 1345 2.71654821 0.00271654821 2.54253308
529 1345 2.71652662 0.00271652662 2.54253308
528 1343 2.70697169 0.00270697169 2.54356061
528 1343 2.70708092 0.00270708092 2.54356061
528 1343 2.70707854 0.00270707854 2.54356061
528 1343 2.70707801 0.00270707801 2.54356061
528 1343 2.70707812 0.00270707812 2.54356061
528 1343 2.70707818 0.00270707818 2.54356061
528 1343 2.70707821 0.00270707821 2.54356061
528 1343 2.70707822 0.00270707822 2.54356061
528 1343 2.70707823 0.00270707823 2.54356061
528 1343 2.70707823 0.00270707823 2.54356061
527 1340 2.6969587 0.0026969587 2.5426945
527 1338 2.70407657 0.00270407657 2.53889943
527 1340 2.71378839 0.00271378839 2.5426945
527 1343 2.71892713 0.00271892713 2.5483871
527 1342 2.71895631 0.00271895631 2.54648956
527 1342 2.71873838 0.00271873838 2.54648956
527 1342 2.71880985 0.00271880985 2.54648956
527 1342 2.71876208 0.00271876208 2.54648956
527 1342 2.71878569 0.00271878569 2.54648956
527 1339 2.71857289 0.00271857289 2.54079696
526 1336 2.70939533 0.00270939533 2.53992395
526 1336 2.70938433 0.00270938433 2.53992395
526 1336 2.70943127 0.00270943127 2.53992395
526 1336 2.70947331 0.00270947331 2.53992395
526 1336 2.70933064 0.00270933064 2.53992395
526 1336 2.70939872 0.00270939872 2.53992395
526 1336 2.70937106 0.00270937106 2.53992395
526 1336 2.70940755 0.00270940755 2.53992395
526 1336 2.7093721 0.0027093721 2.53992395
526 1336 2.70940723 0.00270940723 2.53992395
525 1334 2.69987669 0.00269987669 2.54095238
525 1332 2.6998213 0.0026998213 2.53714286
525 1336 2.69987196 0.00269987196 2.5447619
525 1332 2.69982749 0.00269982749 2.53714286
525 1336 2.6998766 0.0026998766 2.5447619
525 1332 2.69985979 0.00269985979 2.53714286
525 1336 2.69984028 0.00269984028 2.5447619
525 1332 2.69978164 0.00269978164 2.53714286
525 1334 2.69997346 0.00269997346 2.54095238
525 1332 2.69985704 0.00269985704 2.53714286
524 1330 2.69033895 0.00269033895 2.53816794
524 1333 2.69036541 0.00269036541 2.54389313
524 1333 2.69031212 0.00269031212 2.54389313
524 1330 2.6905079 0.0026905079 2.53816794
524 1335 2.6905704 0.0026905704 2.54770992
524 1338 2.69035112 0.00269035112 2.55343511
524 1335 2.69054437 0.00269054437 2.54770992
524 1335 2.69045577 0.00269045577 2.54770992
524 1338 2.69023646 0.00269023646 2.55343511
524 1335 2.69055012 0.00269055012 2.54770992
523 1329 2.68072111 0.00268072111 2.54110899
523 1334 2.68097727 0.00268097727 2.55066922
523 1334 2.68093311 0.00268093311 2.55066922
523 1334 2.68098828 0.00268098828 2.55066922
523 1334 2.68098503 0.00268098503 2.55066922
523 1334 2.68100057 0.00268100057 2.55066922
523 1334 2.6810201 0.0026810201 2.55066922
523 1334 2.68102483 0.00268102483 2.55066922
523 1334 2.68101803 0.00268101803 2.55066922
523 1334 2.68101618 0.00268101618 2.55066922
522 1328 2.67151736 0.00267151736 2.5440613
522 1328 2.67138658 0.00267138658 2.5440613
522 1328 2.6714787 0.0026714787 2.5440613
522 1328 2.67142012 0.00267142012 2.5440613
522 1328 2.67148178 0.00267148178 2.5440613
522 1328 2.67144168 0.00267144168 2.5440613
522 1328 2.67148234 0.00267148234 2.5440613
522 1328 2.67144141 0.00267144141 2.5440613
522 1328 2.67148379 0.00267148379 2.5440613
522 1328 2.67144162 0.00267144162 2.5440613
521 1323 2.66144628 0.00266144628 2.53934741
521 1326 2.66151512 0.00266151512 2.54510557
521 1326 2.66150848 0.00266150848 2.54510557
521 1326 2.66142474 0.00266142474 2.54510557
521 1323 2.6613416 0.0026613416 2.53934741
521 1326 2.66152565 0.00266152565 2.54510557
521 1323 2.66132703 0.00266132703 2.53934741
521 1326 2.66152817 0.00266152817 2.54510557
521 1326 2.66150377 0.00266150377 2.54510557
521 1326 2.66141703 0.00266141703 2.54510557
520 1321 2.65148113 0.00265148113 2.54038462
520 1321 2.65137955 0.00265137955 2.54038462
520 1321 2.65150036 0.00265150036 2.54038462
520 1321 2.65150728 0.00265150728 2.54038462
520 1321 2.65149349 0.00265149349 2.54038462
520 1321 2.65149574 0.00265149574 2.54038462
520 1321 2.65149601 0.00265149601 2.54038462
520 1321 2.6514973 0.0026514973 2.54038462
520 1321 2.65149756 0.00265149756 2.54038462
520 1321 2.65149911 0.00265149911 2.54038462
519 1317 2.64097439 0.00264097439 2.53757225
519 1318 2.6450591 0.0026450591 2.53949904
519 1311 2.65437066 0.00265437066 2.52601156
519 1311 2.65437794 0.00265437794 2.52601156
519 1311 2.65445756 0.00265445756 2.52601156
519 1311 2.65439461 0.00265439461 2.52601156
519 1311 2.65433462 0.00265433462 2.52601156
519 1311 2.65435001 0.00265435001 2.52601156
519 1311 2.654374 0.002654374 2.52601156
519 1311 2.65438959 0.00265438959 2.52601156
518 1304 2.64454606 0.00264454606 2.51737452
518 1309 2.6444998 0.0026444998 2.52702703
518 1304 2.64446515 0.00264446515 2.51737452
518 1304 2.64455999 0.00264455999 2.51737452
518 1309 2.64451686 0.00264451686 2.52702703
518 1304 2.64446155 0.00264446155 2.51737452
518 1304 2.64453175 0.00264453175 2.51737452
518 1309 2.64450822 0.00264450822 2.52702703
518 1306 2.64429982 0.00264429982 2.52123552
518 1309 2.64456454 0.00264456454 2.52702703
517 1302 2.63465688 0.00263465688 2.51837524
517 1302 2.6343989 0.0026343989 2.51837524
517 1302 2.63458903 0.00263458903 2.51837524
517 1302 2.6346647 0.0026346647 2.51837524
517 1302 2.6344261 0.0026344261 2.51837524
517 1302 2.63458354 0.00263458354 2.51837524
517 1302 2.63463513 0.00263463513 2.51837524
517 1306 2.63465843 0.00263465843 2.52611219
517 1302 2.63464824 0.00263464824 2.51837524
517 1302 2.63467865 0.00263467865 2.51837524
516 1300 2.62466414 0.00262466414 2.51937984
516 1297 2.62429306 0.00262429306 2.51356589
516 1300 2.62475258 0.00262475258 2.51937984
516 1300 2.62472208 0.00262472208 2.51937984
516 1300 2.6247083 0.0026247083 2.51937984
516 1305 2.6342805 0.0026342805 2.52906977
516 1303 2.63485457 0.00263485457 2.5251938
516 1307 2.63960659 0.00263960659 2.53294574
516 1307 2.64669981 0.00264669981 2.53294574
516 1303 2.65545716 0.00265545716 2.5251938
515 1300 2.65289342 0.00265289342 2.52427184
515 1303 2.65281378 0.00265281378 2.53009709
515 1300 2.65304283 0.00265304283 2.52427184
515 1303 2.65270313 0.00265270313 2.53009709
515 1300 2.65293443 0.00265293443 2.52427184
515 1303 2.65276268 0.00265276268 2.53009709
515 1300 2.65298516 0.00265298516 2.52427184
515 1303 2.65268285 0.00265268285 2.53009709
515 1300 2.65293547 0.00265293547 2.52427184
515 1300 2.65292048 0.00265292048 2.52427184
514 1299 2.64390801 0.00264390801 2.52723735
514 1299 2.64390094 0.00264390094 2.52723735
514 1299 2.64391738 0.00264391738 2.52723735
514 1299 2.64387543 0.00264387543 2.52723735
514 1299 2.64383108 0.00264383108 2.52723735
514 1299 2.64381864 0.00264381864 2.52723735
514 1299 2.64381733 0.00264381733 2.52723735
514 1299 2.64381779 0.00264381779 2.52723735
514 1299 2.64381842 0.00264381842 2.52723735
514 1299 2.64381907 0.00264381907 2.52723735
513 1293 2.63456628 0.00263456628 2.52046784
513 1293 2.63465384 0.00263465384 2.52046784
513 1293 2.63464249 0.00263464249 2.52046784
513 1293 2.63466025 0.00263466025 2.52046784
513 1293 2.63467647 0.00263467647 2.52046784
513 1293 2.63469272 0.00263469272 2.52046784
513 1293 2.63470457 0.00263470457 2.52046784
513 1293 2.63471051 0.00263471051 2.52046784
513 1293 2.63471267 0.00263471267 2.52046784
513 1293 2.63471313 0.00263471313 2.52046784
512 1286 2.62512529 0.00262512529 2.51171875
512 1286 2.62509934 0.00262509934 2.51171875
512 1286 2.62511582 0.00262511582 2.51171875
512 1286 2.62515678 0.00262515678 2.51171875
512 1286 2.62510705 0.00262510705 2.51171875
512 1286 2.62511145 0.00262511145 2.51171875
512 1286 2.62515415 0.00262515415 2.51171875
512 1286 2.62511033 0.00262511033 2.51171875
512 1286 2.62511351 0.00262511351 2.51171875
512 1286 2.62515519 0.00262515519 2.51171875
511 1284 2.6156264 0.0026156264 2.51272016
511 1284 2.61556271 0.00261556271 2.51272016
511 1284 2.61568083 0.00261568083 2.51272016
511 1284 2.61557415 0.00261557415 2.51272016
511 1284 2.61554294 0.00261554294 2.51272016
511 1284 2.61554228 0.00261554228 2.51272016
511 1284 2.61554009 0.00261554009 2.51272016
511 1284 2.61553901 0.00261553901 2.51272016
511 1284 2.61553966 0.00261553966 2.51272016
511 1284 2.61554006 0.00261554006 2.51272016
510 1282 2.60578608 0.00260578608 2.51372549
510 1279 2.60555784 0.00260555784 2.50784314
510 1282 2.60584626 0.00260584626 2.51372549
510 1282 2.60577199 0.00260577199 2.51372549
510 1279 2.60555158 0.00260555158 2.50784314
510 1282 2.60584609 0.00260584609 2.51372549
510 1282 2.60583434 0.00260583434 2.51372549
510 1282 2.60573528 0.00260573528 2.51372549
510 1279 2.60561005 0.00260561005 2.50784314
510 1282 2.605852 0.002605852 2.51372549
509 1276 2.59554675 0.00259554675 2.50687623
509 1273 2.59560618 0.00259560618 2.50098232
509 1273 2.59561781 0.00259561781 2.50098232
509 1273 2.59562624 0.00259562624 2.50098232
509 1273 2.59562717 0.00259562717 2.50098232
509 1273 2.59562489 0.00259562489 2.50098232
509 1273 2.59562506 0.00259562506 2.50098232
509 1273 2.59562575 0.00259562575 2.50098232
509 1273 2.59562581 0.00259562581 2.50098232
509 1273 2.59562585 0.00259562585 2.50098232
508 1271 2.58574759 0.00258574759 2.5019685
508 1274 2.58594037 0.00258594037 2.50787402
508 1279 2.59550188 0.00259550188 2.51771654
508 1273 2.60184077 0.00260184077 2.50590551
508 1278 2.61057304 0.00261057304 2.51574803
508 1278 2.61066702 0.00261066702 2.51574803
508 1278 2.610672 0.002610672 2.51574803
508 1278 2.61071112 0.00261071112 2.51574803
508 1278 2.61074349 0.00261074349 2.51574803
508 1278 2.6107645 0.0026107645 2.51574803
507 1273 2.60129314 0.00260129314 2.51084813
507 1272 2.60118568 0.00260118568 2.50887574
507 1272 2.6012076 0.0026012076 2.50887574
507 1272 2.60123223 0.00260123223 2.50887574
507 1272 2.60126679 0.00260126679 2.50887574
507 1272 2.60130059 0.00260130059 2.50887574
507 1272 2.60131952 0.00260131952 2.50887574
507 1273 2.6013508 0.0026013508 2.51084813
507 1272 2.60120922 0.00260120922 2.50887574
507 1272 2.60124718 0.00260124718 2.50887574
506 1267 2.59199469 0.00259199469 2.50395257
506 1267 2.59188116 0.00259188116 2.50395257
506 1267 2.59188464 0.00259188464 2.50395257
506 1267 2.59192721 0.00259192721 2.50395257
506 1267 2.59192273 0.00259192273 2.50395257
506 1267 2.59191447 0.00259191447 2.50395257
506 1267 2.59184866 0.00259184866 2.50395257
506 1267 2.59187471 0.00259187471 2.50395257
506 1267 2.59194258 0.00259194258 2.50395257
506 1267 2.59190191 0.00259190191 2.50395257
505 1260 2.58189989 0.00258189989 2.4950495
505 1264 2.58248983 0.00258248983 2.5029703
505 1263 2.58240806 0.00258240806 2.5009901
505 1263 2.58232279 0.00258232279 2.5009901
505 1263 2.58235869 0.00258235869 2.5009901
505 1263 2.58223544 0.00258223544 2.5009901
505 1264 2.58246509 0.00258246509 2.5029703
505 1264 2.58246495 0.00258246495 2.5029703
505 1264 2.58240971 0.00258240971 2.5029703
505 1264 2.58239293 0.00258239293 2.5029703
504 1258 2.57290862 0.00257290862 2.49603175
504 1258 2.57298747 0.00257298747 2.49603175
504 1258 2.57301439 0.00257301439 2.49603175
504 1258 2.57303598 0.00257303598 2.49603175
504 1258 2.57299808 0.00257299808 2.49603175
504 1258 2.57298235 0.00257298235 2.49603175
504 1258 2.57297542 0.00257297542 2.49603175
504 1258 2.57297409 0.00257297409 2.49603175
504 1258 2.57297447 0.00257297447 2.49603175
504 1258 2.57297489 0.00257297489 2.49603175
503 1252 2.56289259 0.00256289259 2.48906561
503 1252 2.56300476 0.00256300476 2.48906561
503 1250 2.57153467 0.00257153467 2.48508946
503 1253 2.57275618 0.00257275618 2.49105368
503 1251 2.57433403 0.00257433403 2.48707753
503 1251 2.57441523 0.00257441523 2.48707753
503 1251 2.57436178 0.00257436178 2.48707753
503 1251 2.57436689 0.00257436689 2.48707753
503 1251 2.57435918 0.00257435918 2.48707753
503 1251 2.57435556 0.00257435556 2.48707753
502 1249 2.5656899 0.0025656899 2.48804781
502 1249 2.56573554 0.00256573554 2.48804781
502 1249 2.56566929 0.00256566929 2.48804781
502 1249 2.5657433 0.0025657433 2.48804781
502 1249 2.56577295 0.00256577295 2.48804781
502 1249 2.56580195 0.00256580195 2.48804781
502 1249 2.56580267 0.00256580267 2.48804781
502 1249 2.56582905 0.00256582905 2.48804781
502 1249 2.56582085 0.00256582085 2.48804781
502 1249 2.56581246 0.00256581246 2.48804781
501 1244 2.55641468 0.00255641468 2.48303393
501 1243 2.55635267 0.00255635267 2.48103792
501 1243 2.55633732 0.00255633732 2.48103792
501 1243 2.55638856 0.00255638856 2.48103792
501 1243 2.55632171 0.00255632171 2.48103792
501 1243 2.55628035 0.00255628035 2.48103792
501 1243 2.55626681 0.00255626681 2.48103792
501 1243 2.55626506 0.00255626506 2.48103792
501 1243 2.55626733 0.00255626733 2.48103792
501 1243 2.5563426 0.0025563426 2.48103792
500 1238 2.54677465 0.00254677465 2.476
500 1238 2.54687194 0.00254687194 2.476
500 1238 2.54694052 0.00254694052 2.476
500 1238 2.54689848 0.00254689848 2.476
500 1238 2.5469221 0.0025469221 2.476
500 1238 2.54694172 0.00254694172 2.476
500 1238 2.54694157 0.00254694157 2.476
500 1238 2.54694147 0.00254694147 2.476
500 1238 2.54694377 0.00254694377 2.476
500 1238 2.54694284 0.00254694284 2.476
499 1232 2.53726752 0.00253726752 2.46893788
499 1232 2.53723865 0.00253723865 2.46893788
499 1232 2.53725527 0.00253725527 2.46893788
499 1232 2.53725192 0.00253725192 2.46893788
499 1232 2.53725029 0.00253725029 2.46893788
499 1232 2.53725127 0.00253725127 2.46893788
499 1232 2.53725074 0.00253725074 2.46893788
499 1232 2.53725065 0.00253725065 2.46893788
499 1232 2.53725058 0.00253725058 2.46893788
499 1232 2.53725055 0.00253725055 2.46893788
498 1228 2.52701979 0.00252701979 2.46586345
498 1226 2.5283657 0.0025283657 2.46184739
498 1229 2.52851664 0.00252851664 2.46787149
498 1229 2.52840921 0.00252840921 2.46787149
498 1226 2.52833226 0.00252833226 2.46184739
498 1229 2.52845936 0.00252845936 2.46787149
498 1226 2.52843218 0.00252843218 2.46184739
498 1226 2.52837986 0.00252837986 2.46184739
498 1229 2.52848069 0.00252848069 2.46787149
498 1229 2.52837559 0.00252837559 2.46787149
497 1223 2.51841894 0.00251841894 2.46076459
497 1223 2.51832935 0.00251832935 2.46076459
497 1222 2.52694654 0.00252694654 2.45875252
497 1222 2.52779068 0.00252779068 2.45875252
497 1220 2.5310491 0.0025310491 2.45472837
497 1226 2.53974759 0.00253974759 2.4668008
497 1226 2.53966967 0.00253966967 2.4668008
497 1226 2.53976222 0.00253976222 2.4668008
497 1226 2.53971667 0.00253971667 2.4668008
497 1226 2.53973065 0.00253973065 2.4668008
496 1219 2.53088125 0.00253088125 2.45766129
496 1220 2.53046988 0.00253046988 2.45967742
496 1219 2.5309151 0.0025309151 2.45766129
496 1219 2.53086159 0.00253086159 2.45766129
496 1219 2.53085959 0.00253085959 2.45766129
496 1219 2.53083422 0.00253083422 2.45766129
496 1219 2.53084375 0.00253084375 2.45766129
496 1219 2.53084288 0.00253084288 2.45766129
496 1219 2.53084598 0.00253084598 2.45766129
496 1219 2.53084535 0.00253084535 2.45766129
495 1218 2.52211869 0.00252211869 2.46060606
495 1218 2.52215279 0.00252215279 2.46060606
495 1218 2.5221492 0.0025221492 2.46060606
495 1218 2.52217085 0.00252217085 2.46060606
495 1218 2.52219995 0.00252219995 2.46060606
495 1218 2.52222435 0.00252222435 2.46060606
495 1218 2.52223304 0.00252223304 2.46060606
495 1218 2.52223704 0.00252223704 2.46060606
495 1218 2.5222377 0.0025222377 2.46060606
495 1218 2.52223736 0.00252223736 2.46060606
494 1213 2.51310032 0.00251310032 2.45546559
494 1213 2.51301742 0.00251301742 2.45546559
494 1213 2.51296369 0.00251296369 2.45546559
494 1213 2.51289904 0.00251289904 2.45546559
494 1213 2.51300137 0.00251300137 2.45546559
494 1212 2.51269889 0.00251269889 2.4534413
494 1212 2.51270931 0.00251270931 2.4534413
494 1213 2.51302679 0.00251302679 2.45546559
494 1213 2.51298545 0.00251298545 2.45546559
494 1212 2.51269431 0.00251269431 2.4534413
493 1207 2.50354277 0.00250354277 2.44827586
493 1207 2.50351966 0.00250351966 2.44827586
493 1207 2.50351303 0.00250351303 2.44827586
493 1207 2.50350868 0.00250350868 2.44827586
493 1207 2.50350589 0.00250350589 2.44827586
493 1207 2.5035052 0.0025035052 2.44827586
493 1207 2.50350476 0.00250350476 2.44827586
493 1207 2.50350474 0.00250350474 2.44827586
493 1207 2.5035048 0.0025035048 2.44827586
493 1207 2.50350487 0.00250350487 2.44827586
492 1205 2.49399941 0.00249399941 2.44918699
492 1205 2.49396915 0.00249396915 2.44918699
492 1205 2.49400087 0.00249400087 2.44918699
492 1205 2.49402008 0.00249402008 2.44918699
492 1205 2.49402375 0.00249402375 2.44918699
492 1205 2.49403574 0.00249403574 2.44918699
492 1205 2.49404442 0.00249404442 2.44918699
492 1205 2.49404334 0.00249404334 2.44918699
492 1205 2.49404222 0.00249404222 2.44918699
492 1205 2.49404256 0.00249404256 2.44918699
491 1199 2.48414166 0.00248414166 2.44195519
491 1199 2.4841021 0.0024841021 2.44195519
491 1199 2.48411926 0.00248411926 2.44195519
491 1199 2.48411519 0.00248411519 2.44195519
491 1199 2.4841139 0.0024841139 2.44195519
491 1199 2.48411505 0.00248411505 2.44195519
491 1199 2.48411461 0.00248411461 2.44195519
491 1199 2.48411459 0.00248411459 2.44195519
491 1199 2.48411453 0.00248411453 2.44195519
491 1199 2.48411449 0.00248411449 2.44195519
490 1195 2.47410474 0.00247410474 2.43877551
490 1195 2.47397701 0.00247397701 2.43877551
490 1194 2.47389892 0.00247389892 2.43673469
490 1196 2.47417595 0.00247417595 2.44081633
490 1195 2.48370662 0.00248370662 2.43877551
490 1198 2.48371024 0.00248371024 2.44489796
490 1198 2.48371057 0.00248371057 2.44489796
490 1198 2.48375652 0.00248375652 2.44489796
490 1198 2.48360299 0.00248360299 2.44489796
490 1198 2.48352782 0.00248352782 2.44489796
489 1193 2.47406375 0.00247406375 2.4396728
489 1199 2.48304356 0.00248304356 2.45194274
489 1198 2.488518 0.002488518 2.44989775
489 1198 2.4882142 0.0024882142 2.44989775
489 1198 2.48846315 0.00248846315 2.44989775
489 1198 2.48850461 0.00248850461 2.44989775
489 1198 2.48847688 0.00248847688 2.44989775
489 1198 2.48847397 0.00248847397 2.44989775
489 1198 2.48847572 0.00248847572 2.44989775
489 1198 2.48847481 0.00248847481 2.44989775
488 1196 2.47956306 0.00247956306 2.45081967
488 1196 2.47955224 0.00247955224 2.45081967
488 1192 2.47907183 0.00247907183 2.44262295
488 1196 2.47955639 0.00247955639 2.45081967
488 1196 2.47954442 0.00247954442 2.45081967
488 1196 2.47952909 0.00247952909 2.45081967
488 1196 2.47948052 0.00247948052 2.45081967
488 1196 2.47948251 0.00247948251 2.45081967
488 1196 2.47949116 0.00247949116 2.45081967
488 1196 2.4795197 0.0024795197 2.45081967
487 1190 2.47024879 0.00247024879 2.44353183
487 1190 2.4703066 0.0024703066 2.44353183
487 1190 2.47034555 0.00247034555 2.44353183
487 1190 2.47019814 0.00247019814 2.44353183
487 1190 2.47011218 0.00247011218 2.44353183
487 1190 2.47029365 0.00247029365 2.44353183
487 1190 2.4703624 0.0024703624 2.44353183
487 1190 2.47027609 0.00247027609 2.44353183
487 1190 2.47022715 0.00247022715 2.44353183
487 1190 2.47021414 0.00247021414 2.44353183
486 1185 2.46069325 0.00246069325 2.4382716
486 1185 2.46065685 0.00246065685 2.4382716
486 1185 2.46068087 0.00246068087 2.4382716
486 1185 2.4606947 0.0024606947 2.4382716
486 1185 2.46070867 0.00246070867 2.4382716
486 1185 2.46072907 0.00246072907 2.4382716
486 1185 2.4607283 0.0024607283 2.4382716
486 1185 2.46072663 0.00246072663 2.4382716
486 1185 2.46072682 0.00246072682 2.4382716
486 1185 2.46072544 0.00246072544 2.4382716
485 1179 2.45073519 0.00245073519 2.43092784
485 1179 2.45068743 0.00245068743 2.43092784
485 1179 2.45060384 0.00245060384 2.43092784
485 1179 2.45067382 0.00245067382 2.43092784
485 1179 2.45061173 0.00245061173 2.43092784
485 1179 2.45067934 0.00245067934 2.43092784
485 1179 2.45069718 0.00245069718 2.43092784
485 1179 2.45070134 0.00245070134 2.43092784
485 1179 2.45070049 0.00245070049 2.43092784
485 1179 2.45069981 0.00245069981 2.43092784
484 1175 2.44015409 0.00244015409 2.42768595
484 1175 2.44007136 0.00244007136 2.42768595
484 1175 2.44010925 0.00244010925 2.42768595
484 1175 2.44010313 0.00244010313 2.42768595
484 1175 2.44010543 0.00244010543 2.42768595
484 1175 2.44010715 0.00244010715 2.42768595
484 1175 2.44010731 0.00244010731 2.42768595
484 1175 2.44010741 0.00244010741 2.42768595
484 1175 2.44010763 0.00244010763 2.42768595
484 1175 2.44010781 0.00244010781 2.42768595
483 1169 2.42950877 0.00242950877 2.42028986
483 1169 2.42942718 0.00242942718 2.42028986
483 1168 2.42958124 0.00242958124 2.41821946
483 1168 2.42957201 0.00242957201 2.41821946
483 1168 2.42957938 0.00242957938 2.41821946
483 1168 2.42958047 0.00242958047 2.41821946
483 1168 2.42957875 0.00242957875 2.41821946
483 1168 2.42957823 0.00242957823 2.41821946
483 1168 2.42957811 0.00242957811 2.41821946
483 1168 2.42957808 0.00242957808 2.41821946
482 1164 2.4188974 0.0024188974 2.41493776
482 1164 2.42897161 0.00242897161 2.41493776
482 1165 2.42904258 0.00242904258 2.41701245
482 1165 2.42901842 0.00242901842 2.41701245
482 1164 2.42888036 0.00242888036 2.41493776
482 1165 2.42905218 0.00242905218 2.41701245
482 1165 2.42902886 0.00242902886 2.41701245
482 1164 2.42887856 0.00242887856 2.41493776
482 1165 2.42905386 0.00242905386 2.41701245
482 1165 2.4290302 0.0024290302 2.41701245
481 1159 2.41851357 0.00241851357 2.40956341
481 1159 2.41855185 0.00241855185 2.40956341
481 1159 2.41857332 0.00241857332 2.40956341
481 1159 2.41856531 0.00241856531 2.40956341
481 1159 2.41856622 0.00241856622 2.40956341
481 1159 2.41856608 0.00241856608 2.40956341
481 1159 2.41856535 0.00241856535 2.40956341
481 1159 2.41856509 0.00241856509 2.40956341
481 1159 2.41856497 0.00241856497 2.40956341
481 1159 2.41856491 0.00241856491 2.40956341
480 1155 2.40770686 0.00240770686 2.40625
480 1155 2.40769173 0.00240769173 2.40625
480 1155 2.40767837 0.00240767837 2.40625
480 1155 2.40761034 0.00240761034 2.40625
480 1155 2.4077312 0.0024077312 2.40625
480 1155 2.4076899 0.0024076899 2.40625
480 1155 2.40773949 0.00240773949 2.40625
480 1155 2.40769231 0.00240769231 2.40625
480 1155 2.40773964 0.00240773964 2.40625
480 1155 2.40769263 0.00240769263 2.40625
479 1154 2.39604437 0.00239604437 2.4091858
479 1156 2.40703105 0.00240703105 2.41336117
479 1157 2.41736778 0.00241736778 2.41544885
479 1160 2.42677657 0.00242677657 2.4217119
479 1160 2.42672556 0.00242672556 2.4217119
479 1160 2.42674703 0.00242674703 2.4217119
479 1160 2.42675446 0.00242675446 2.4217119
479 1160 2.42675361 0.00242675361 2.4217119
479 1160 2.42675369 0.00242675369 2.4217119
479 1160 2.42675386 0.00242675386 2.4217119
478 1154 2.41657194 0.00241657194 2.41422594
478 1154 2.41652687 0.00241652687 2.41422594
478 1154 2.41665053 0.00241665053 2.41422594
478 1154 2.41667065 0.00241667065 2.41422594
478 1154 2.41659838 0.00241659838 2.41422594
478 1154 2.41660224 0.00241660224 2.41422594
478 1154 2.41659518 0.00241659518 2.41422594
478 1154 2.41660159 0.00241660159 2.41422594
478 1154 2.41662409 0.00241662409 2.41422594
478 1154 2.41664382 0.00241664382 2.41422594
477 1148 2.40632424 0.00240632424 2.4067086
477 1148 2.40613238 0.00240613238 2.4067086
477 1148 2.40625004 0.00240625004 2.4067086
477 1148 2.40628247 0.00240628247 2.4067086
477 1148 2.40616839 0.00240616839 2.4067086
477 1148 2.40625801 0.00240625801 2.4067086
477 1148 2.40625652 0.00240625652 2.4067086
477 1148 2.40627536 0.00240627536 2.4067086
477 1148 2.40616373 0.00240616373 2.4067086
477 1148 2.40629739 0.00240629739 2.4067086
476 1145 2.39539808 0.00239539808 2.40546218
476 1145 2.39545141 0.00239545141 2.40546218
476 1145 2.39546551 0.00239546551 2.40546218
476 1145 2.39545841 0.00239545841 2.40546218
476 1145 2.39545669 0.00239545669 2.40546218
476 1145 2.39545629 0.00239545629 2.40546218
476 1145 2.39545562 0.00239545562 2.40546218
476 1145 2.39545526 0.00239545526 2.40546218
476 1145 2.39545508 0.00239545508 2.40546218
476 1145 2.39545496 0.00239545496 2.40546218
475 1141 2.3845953 0.0023845953 2.40210526
475 1141 2.3844764 0.0023844764 2.40210526
475 1141 2.38442775 0.00238442775 2.40210526
475 1141 2.38445061 0.00238445061 2.40210526
475 1141 2.38445454 0.00238445454 2.40210526
475 1141 2.38445562 0.00238445562 2.40210526
475 1141 2.38445626 0.00238445626 2.40210526
475 1141 2.38445733 0.00238445733 2.40210526
475 1141 2.38445831 0.00238445831 2.40210526
475 1141 2.38445899 0.00238445899 2.40210526
474 1139 2.37334602 0.00237334602 2.40295359
474 1141 2.38076234 0.00238076234 2.407173
474 1139 2.39077248 0.00239077248 2.40295359
474 1139 2.39075724 0.00239075724 2.40295359
474 1139 2.39079031 0.00239079031 2.40295359
474 1139 2.39080655 0.00239080655 2.40295359
474 1139 2.39081024 0.00239081024 2.40295359
474 1139 2.39081048 0.00239081048 2.40295359
474 1139 2.39081258 0.00239081258 2.40295359
474 1139 2.39081441 0.00239081441 2.40295359
473 1135 2.38088226 0.00238088226 2.39957717
473 1135 2.38080374 0.00238080374 2.39957717
473 1135 2.38080834 0.00238080834 2.39957717
473 1135 2.38080108 0.00238080108 2.39957717
473 1135 2.38081183 0.00238081183 2.39957717
473 1135 2.38082777 0.00238082777 2.39957717
473 1135 2.38083394 0.00238083394 2.39957717
473 1135 2.38083093 0.00238083093 2.39957717
473 1135 2.38083058 0.00238083058 2.39957717
473 1135 2.38083019 0.00238083019 2.39957717
472 1129 2.37050124 0.00237050124 2.39194915
472 1129 2.37047585 0.00237047585 2.39194915
472 1129 2.37049191 0.00237049191 2.39194915
472 1129 2.37048493 0.00237048493 2.39194915
472 1129 2.37048278 0.00237048278 2.39194915
472 1129 2.37048364 0.00237048364 2.39194915
472 1129 2.37048287 0.00237048287 2.39194915
472 1129 2.37048258 0.00237048258 2.39194915
472 1129 2.37048235 0.00237048235 2.39194915
472 1129 2.37048221 0.00237048221 2.39194915
471 1125 2.35961043 0.00235961043 2.38853503
471 1125 2.35958919 0.00235958919 2.38853503
471 1127 2.35968339 0.00235968339 2.39278132
471 1127 2.35971973 0.00235971973 2.39278132
471 1127 2.35970735 0.00235970735 2.39278132
471 1127 2.35970296 0.00235970296 2.39278132
471 1127 2.35970228 0.00235970228 2.39278132
471 1127 2.35970272 0.00235970272 2.39278132
471 1127 2.35970261 0.00235970261 2.39278132
471 1127 2.35970259 0.00235970259 2.39278132
470 1124 2.34900212 0.00234900212 2.39148936
470 1117 2.3539765 0.0023539765 2.37659574
470 1117 2.35407621 0.00235407621 2.37659574
470 1117 2.35404502 0.00235404502 2.37659574
470 1117 2.35404074 0.00235404074 2.37659574
470 1117 2.35403566 0.00235403566 2.37659574
470 1117 2.35403241 0.00235403241 2.37659574
470 1117 2.35403053 0.00235403053 2.37659574
470 1117 2.35402921 0.00235402921 2.37659574
470 1117 2.35402831 0.00235402831 2.37659574
469 1115 2.34368492 0.00234368492 2.37739872
469 1115 2.34364914 0.00234364914 2.37739872
469 1115 2.34364976 0.00234364976 2.37739872
469 1115 2.34364432 0.00234364432 2.37739872
469 1115 2.34364588 0.00234364588 2.37739872
469 1115 2.34364571 0.00234364571 2.37739872
469 1115 2.34364579 0.00234364579 2.37739872
469 1115 2.34364586 0.00234364586 2.37739872
469 1115 2.3436459 0.0023436459 2.37739872
469 1115 2.34364594 0.00234364594 2.37739872
468 1112 2.3327782 0.0023327782 2.37606838
468 1112 2.33278838 0.00233278838 2.37606838
468 1108 2.34181608 0.00234181608 2.36752137
468 1107 2.34183781 0.00234183781 2.36538462
468 1108 2.34184296 0.00234184296 2.36752137
468 1108 2.34186445 0.00234186445 2.36752137
468 1106 2.34210059 0.00234210059 2.36324786
468 1106 2.34215181 0.00234215181 2.36324786
468 1106 2.34214239 0.00234214239 2.36324786
468 1106 2.34213661 0.00234213661 2.36324786
467 1104 2.33209702 0.00233209702 2.3640257
467 1104 2.33206393 0.00233206393 2.3640257
467 1104 2.33208117 0.00233208117 2.3640257
467 1104 2.33206644 0.00233206644 2.3640257
467 1104 2.33207679 0.00233207679 2.3640257
467 1104 2.33206694 0.00233206694 2.3640257
467 1104 2.33207665 0.00233207665 2.3640257
467 1104 2.33206694 0.00233206694 2.3640257
467 1104 2.3320767 0.0023320767 2.3640257
467 1104 2.33206694 0.00233206694 2.3640257
466 1100 2.321201 0.002321201 2.36051502
466 1101 2.32148264 0.00232148264 2.36266094
466 1101 2.32148268 0.00232148268 2.36266094
466 1101 2.32147868 0.00232147868 2.36266094
466 1101 2.32147742 0.00232147742 2.36266094
466 1101 2.32147684 0.00232147684 2.36266094
466 1101 2.32147684 0.00232147684 2.36266094
466 1101 2.32147679 0.00232147679 2.36266094
466 1101 2.32147673 0.00232147673 2.36266094
466 1101 2.3214767 0.0023214767 2.36266094
465 1097 2.31098915 0.00231098915 2.35913978
465 1097 2.31090224 0.00231090224 2.35913978
465 1097 2.31092739 0.00231092739 2.35913978
465 1097 2.3109097 0.0023109097 2.35913978
465 1097 2.31090832 0.00231090832 2.35913978
465 1097 2.31090903 0.00231090903 2.35913978
465 1097 2.31091006 0.00231091006 2.35913978
465 1097 2.31091027 0.00231091027 2.35913978
465 1097 2.31091096 0.00231091096 2.35913978
465 1097 2.3109115 0.0023109115 2.35913978
464 1091 2.3000974 0.0023000974 2.3512931
464 1091 2.30008308 0.00230008308 2.3512931
464 1091 2.30992174 0.00230992174 2.3512931
464 1091 2.3099323 0.0023099323 2.3512931
464 1091 2.30994407 0.00230994407 2.3512931
464 1091 2.30993971 0.00230993971 2.3512931
464 1091 2.30993905 0.00230993905 2.3512931
464 1091 2.30993913 0.00230993913 2.3512931
464 1091 2.30993938 0.00230993938 2.3512931
464 1091 2.30993959 0.00230993959 2.3512931
463 1087 2.29962479 0.00229962479 2.34773218
463 1087 2.29954362 0.00229954362 2.34773218
463 1087 2.29956348 0.00229956348 2.34773218
463 1087 2.29954686 0.00229954686 2.34773218
463 1087 2.29954613 0.00229954613 2.34773218
463 1087 2.29954712 0.00229954712 2.34773218
463 1087 2.29954808 0.00229954808 2.34773218
463 1087 2.29954837 0.00229954837 2.34773218
463 1087 2.29954908 0.00229954908 2.34773218
463 1087 2.29954964 0.00229954964 2.34773218
462 1081 2.28898693 0.00228898693 2.33982684
462 1081 2.28897689 0.00228897689 2.33982684
462 1081 2.28902475 0.00228902475 2.33982684
462 1081 2.2889756 0.0022889756 2.33982684
462 1081 2.28902367 0.00228902367 2.33982684
462 1081 2.28897473 0.00228897473 2.33982684
462 1081 2.2889567 0.0022889567 2.33982684
462 1081 2.28895126 0.00228895126 2.33982684
462 1081 2.28895062 0.00228895062 2.33982684
462 1081 2.28895084 0.00228895084 2.33982684
461 1080 2.27832402 0.00227832402 2.34273319
461 1080 2.27843482 0.00227843482 2.34273319
461 1080 2.27840384 0.00227840384 2.34273319
461 1080 2.27840597 0.00227840597 2.34273319
461 1080 2.27836023 0.00227836023 2.34273319
461 1080 2.27836385 0.00227836385 2.34273319
461 1080 2.27836514 0.00227836514 2.34273319
461 1080 2.27836656 0.00227836656 2.34273319
461 1080 2.27836787 0.00227836787 2.34273319
461 1080 2.27836886 0.00227836886 2.34273319
460 1074 2.26761117 0.00226761117 2.33478261
460 1074 2.26764343 0.00226764343 2.33478261
460 1079 2.26767976 0.00226767976 2.34565217
460 1079 2.27067317 0.00227067317 2.34565217
460 1079 2.27071254 0.00227071254 2.34565217
460 1079 2.27075191 0.00227075191 2.34565217
460 1079 2.27069343 0.00227069343 2.34565217
460 1079 2.27068993 0.00227068993 2.34565217
460 1079 2.27068824 0.00227068824 2.34565217
460 1079 2.270691 0.002270691 2.34565217
459 1073 2.26045335 0.00226045335 2.33769063
459 1073 2.26046755 0.00226046755 2.33769063
459 1073 2.26047447 0.00226047447 2.33769063
459 1073 2.26047451 0.00226047451 2.33769063
459 1073 2.26047644 0.00226047644 2.33769063
459 1073 2.26047837 0.00226047837 2.33769063
459 1073 2.26048018 0.00226048018 2.33769063
459 1073 2.26048177 0.00226048177 2.33769063
459 1073 2.26048309 0.00226048309 2.33769063
459 1073 2.26048416 0.00226048416 2.33769063
458 1067 2.25033795 0.00225033795 2.32969432
458 1067 2.25042967 0.00225042967 2.32969432
458 1067 2.25041876 0.00225041876 2.32969432
458 1067 2.25041117 0.00225041117 2.32969432
458 1067 2.25041 0.00225041 2.32969432
458 1067 2.2504083 0.0022504083 2.32969432
458 1067 2.25040708 0.00225040708 2.32969432
458 1067 2.25040628 0.00225040628 2.32969432
458 1067 2.25040576 0.00225040576 2.32969432
458 1067 2.25040538 0.00225040538 2.32969432
457 1063 2.23973354 0.00223973354 2.32603939
457 1063 2.23966679 0.00223966679 2.32603939
457 1063 2.24957614 0.00224957614 2.32603939
457 1063 2.24960855 0.00224960855 2.32603939
457 1063 2.2496042 0.0022496042 2.32603939
457 1063 2.24960662 0.00224960662 2.32603939
457 1063 2.24960878 0.00224960878 2.32603939
457 1063 2.24961091 0.00224961091 2.32603939
457 1063 2.24961292 0.00224961292 2.32603939
457 1063 2.24961464 0.00224961464 2.32603939
456 1057 2.23922467 0.00223922467 2.31798246
456 1057 2.23931218 0.00223931218 2.31798246
456 1057 2.23921351 0.00223921351 2.31798246
456 1057 2.23929685 0.00223929685 2.31798246
456 1057 2.23920844 0.00223920844 2.31798246
456 1059 2.23919105 0.00223919105 2.32236842
456 1057 2.23928493 0.00223928493 2.31798246
456 1057 2.23922011 0.00223922011 2.31798246
456 1059 2.23919171 0.00223919171 2.32236842
456 1057 2.23928415 0.00223928415 2.31798246
455 1052 2.2285908 0.0022285908 2.31208791
455 1052 2.23162562 0.00223162562 2.31208791
455 1057 2.24149606 0.00224149606 2.32307692
455 1057 2.24138461 0.00224138461 2.32307692
455 1057 2.24138559 0.00224138559 2.32307692
455 1057 2.24137828 0.00224137828 2.32307692
455 1057 2.24137851 0.00224137851 2.32307692
455 1057 2.24137245 0.00224137245 2.32307692
455 1057 2.24136948 0.00224136948 2.32307692
455 1057 2.24136681 0.00224136681 2.32307692
454 1051 2.23155953 0.00223155953 2.31497797
454 1051 2.23158001 0.00223158001 2.31497797
454 1051 2.23158854 0.00223158854 2.31497797
454 1051 2.23159033 0.00223159033 2.31497797
454 1051 2.23159291 0.00223159291 2.31497797
454 1051 2.23159509 0.00223159509 2.31497797
454 1051 2.231597 0.002231597 2.31497797
454 1051 2.23159862 0.00223159862 2.31497797
454 1051 2.23159995 0.00223159995 2.31497797
454 1051 2.23160102 0.00223160102 2.31497797
453 1045 2.22138316 0.00222138316 2.30684327
453 1045 2.22146952 0.00222146952 2.30684327
453 1045 2.22135925 0.00222135925 2.30684327
453 1045 2.22135179 0.00222135179 2.30684327
453 1045 2.22147075 0.00222147075 2.30684327
453 1045 2.22134536 0.00222134536 2.30684327
453 1045 2.22135111 0.00222135111 2.30684327
453 1045 2.22146807 0.00222146807 2.30684327
453 1045 2.22144937 0.00222144937 2.30684327
453 1045 2.22135418 0.00222135418 2.30684327
452 1042 2.21083003 0.00221083003 2.30530973
452 1041 2.2109208 0.0022109208 2.30309735
452 1041 2.21091295 0.00221091295 2.30309735
452 1041 2.21089263 0.00221089263 2.30309735
452 1041 2.21089514 0.00221089514 2.30309735
452 1041 2.21089456 0.00221089456 2.30309735
452 1041 2.21089482 0.00221089482 2.30309735
452 1041 2.21089476 0.00221089476 2.30309735
452 1041 2.21089476 0.00221089476 2.30309735
452 1041 2.21089475 0.00221089475 2.30309735
451 1038 2.20036094 0.00220036094 2.30155211
451 1038 2.20033992 0.00220033992 2.30155211
451 1038 2.20032432 0.00220032432 2.30155211
451 1038 2.20033449 0.00220033449 2.30155211
451 1038 2.20034337 0.00220034337 2.30155211
451 1038 2.20034503 0.00220034503 2.30155211
451 1038 2.20034448 0.00220034448 2.30155211
451 1038 2.20034417 0.00220034417 2.30155211
451 1038 2.20034434 0.00220034434 2.30155211
451 1038 2.20034463 0.00220034463 2.30155211
450 1033 2.18968611 0.00218968611 2.29555556
450 1034 2.19363718 0.00219363718 2.29777778
450 1034 2.1935918 0.0021935918 2.29777778
450 1034 2.19357885 0.00219357885 2.29777778
450 1034 2.19357841 0.00219357841 2.29777778
450 1034 2.19357546 0.00219357546 2.29777778
450 1034 2.19357393 0.00219357393 2.29777778
450 1034 2.19357255 0.00219357255 2.29777778
450 1034 2.19357154 0.00219357154 2.29777778
450 1034 2.19357075 0.00219357075 2.29777778
449 1031 2.18303327 0.00218303327 2.29621381
449 1031 2.1830334 0.0021830334 2.29621381
449 1031 2.18307887 0.00218307887 2.29621381
449 1031 2.18314821 0.00218314821 2.29621381
449 1031 2.1830878 0.0021830878 2.29621381
449 1031 2.18305423 0.00218305423 2.29621381
449 1031 2.18306343 0.00218306343 2.29621381
449 1031 2.18305799 0.00218305799 2.29621381
449 1031 2.18306318 0.00218306318 2.29621381
449 1031 2.18305749 0.00218305749 2.29621381
448 1028 2.17241485 0.00217241485 2.29464286
448 1029 2.18992963 0.00218992963 2.296875
448 1029 2.1898516 0.0021898516 2.296875
448 1029 2.1898043 0.0021898043 2.296875
448 1029 2.18978007 0.00218978007 2.296875
448 1029 2.18976354 0.00218976354 2.296875
448 1029 2.18975254 0.00218975254 2.296875
448 1029 2.189745 0.002189745 2.296875
448 1029 2.18973977 0.00218973977 2.296875
448 1029 2.18973608 0.00218973608 2.296875
447 1023 2.17968002 0.00217968002 2.2885906
447 1023 2.17964867 0.00217964867 2.2885906
447 1023 2.17969112 0.00217969112 2.2885906
447 1023 2.17968615 0.00217968615 2.2885906
447 1023 2.17969276 0.00217969276 2.2885906
447 1023 2.17969335 0.00217969335 2.2885906
447 1023 2.17969455 0.00217969455 2.2885906
447 1023 2.17969558 0.00217969558 2.2885906
447 1023 2.17969649 0.00217969649 2.2885906
447 1023 2.17969726 0.00217969726 2.2885906
446 1020 2.16946954 0.00216946954 2.28699552
446 1020 2.16949128 0.00216949128 2.28699552
446 1021 2.17875298 0.00217875298 2.28923767
446 1023 2.18838019 0.00218838019 2.29372197
446 1025 2.1887813 0.0021887813 2.29820628
446 1025 2.18870026 0.00218870026 2.29820628
446 1025 2.18870053 0.00218870053 2.29820628
446 1025 2.1886818 0.0021886818 2.29820628
446 1025 2.18867621 0.00218867621 2.29820628
446 1025 2.18866736 0.00218866736 2.29820628
445 1019 2.17877431 0.00217877431 2.28988764
445 1019 2.1788052 0.0021788052 2.28988764
445 1019 2.17881399 0.00217881399 2.28988764
445 1019 2.17881612 0.00217881612 2.28988764
445 1019 2.17881834 0.00217881834 2.28988764
445 1019 2.17882007 0.00217882007 2.28988764
445 1019 2.17882151 0.00217882151 2.28988764
445 1019 2.17882271 0.00217882271 2.28988764
445 1019 2.17882367 0.00217882367 2.28988764
445 1019 2.17882445 0.00217882445 2.28988764
444 1013 2.16901729 0.00216901729 2.28153153
444 1013 2.16896955 0.00216896955 2.28153153
444 1013 2.16900137 0.00216900137 2.28153153
444 1013 2.16900067 0.00216900067 2.28153153
444 1013 2.16901487 0.00216901487 2.28153153
444 1013 2.16899219 0.00216899219 2.28153153
444 1013 2.16898494 0.00216898494 2.28153153
444 1013 2.16898626 0.00216898626 2.28153153
444 1013 2.16898718 0.00216898718 2.28153153
444 1013 2.16898794 0.00216898794 2.28153153
443 1010 2.15920448 0.00215920448 2.27990971
443 1010 2.15918787 0.00215918787 2.27990971
443 1010 2.15916288 0.00215916288 2.27990971
443 1010 2.15916345 0.00215916345 2.27990971
443 1010 2.15916078 0.00215916078 2.27990971
443 1010 2.15915833 0.00215915833 2.27990971
443 1010 2.15915816 0.00215915816 2.27990971
443 1010 2.15915816 0.00215915816 2.27990971
443 1010 2.15915807 0.00215915807 2.27990971
443 1010 2.15915786 0.00215915786 2.27990971
442 1007 2.14948827 0.00214948827 2.27828054
442 1009 2.15427235 0.00215427235 2.28280543
442 1009 2.15427103 0.00215427103 2.28280543
442 1009 2.15427095 0.00215427095 2.28280543
442 1009 2.15427036 0.00215427036 2.28280543
442 1009 2.15427009 0.00215427009 2.28280543
442 1009 2.15426985 0.00215426985 2.28280543
442 1009 2.15426969 0.00215426969 2.28280543
442 1009 2.15426956 0.00215426956 2.28280543
442 1009 2.15426946 0.00215426946 2.28280543
441 1003 2.14492629 0.00214492629 2.27437642
441 1003 2.14500173 0.00214500173 2.27437642
441 1003 2.14505571 0.00214505571 2.27437642
441 1003 2.14503812 0.00214503812 2.27437642
441 1003 2.14497315 0.00214497315 2.27437642
441 1003 2.14485048 0.00214485048 2.27437642
441 1003 2.14485128 0.00214485128 2.27437642
441 1003 2.1448395 0.0021448395 2.27437642
441 1003 2.14483447 0.00214483447 2.27437642
441 1003 2.14483387 0.00214483387 2.27437642
440 998 2.13457597 0.00213457597 2.26818182
440 998 2.13465245 0.00213465245 2.26818182
440 998 2.13461093 0.00213461093 2.26818182
440 998 2.13465205 0.00213465205 2.26818182
440 998 2.13458744 0.00213458744 2.26818182
440 998 2.13465346 0.00213465346 2.26818182
440 998 2.13459064 0.00213459064 2.26818182
440 998 2.13465453 0.00213465453 2.26818182
440 998 2.13459232 0.00213459232 2.26818182
440 998 2.13465599 0.00213465599 2.26818182
439 992 2.1232111 0.0021232111 2.25968109
439 996 2.13367829 0.00213367829 2.26879271
439 1000 2.14338533 0.00214338533 2.27790433
439 997 2.14317348 0.00214317348 2.27107062
439 1000 2.14336467 0.00214336467 2.27790433
439 997 2.14316543 0.00214316543 2.27107062
439 1000 2.14335472 0.00214335472 2.27790433
439 997 2.14316201 0.00214316201 2.27107062
439 1000 2.14334786 0.00214334786 2.27790433
439 997 2.14316043 0.00214316043 2.27107062
438 994 2.1337188 0.0021337188 2.26940639
438 994 2.13370151 0.00213370151 2.26940639
438 994 2.13373146 0.00213373146 2.26940639
438 994 2.13368202 0.00213368202 2.26940639
438 994 2.13375444 0.00213375444 2.26940639
438 994 2.13367966 0.00213367966 2.26940639
438 994 2.13375594 0.00213375594 2.26940639
438 994 2.13368042 0.00213368042 2.26940639
438 994 2.13375626 0.00213375626 2.26940639
438 994 2.13368095 0.00213368095 2.26940639
437 989 2.1233392 0.0021233392 2.26315789
437 991 2.12335929 0.00212335929 2.26773455
437 995 2.13102144 0.00213102144 2.27688787
437 997 2.140592 0.002140592 2.28146453
437 994 2.14063582 0.00214063582 2.27459954
437 994 2.14057759 0.00214057759 2.27459954
437 994 2.14054245 0.00214054245 2.27459954
437 994 2.14052982 0.00214052982 2.27459954
437 994 2.14051737 0.00214051737 2.27459954
437 994 2.14050875 0.00214050875 2.27459954
436 991 2.13093566 0.00213093566 2.27293578
436 991 2.13055186 0.00213055186 2.27293578
436 991 2.1309493 0.0021309493 2.27293578
436 988 2.13063716 0.00213063716 2.26605505
436 991 2.13096079 0.00213096079 2.27293578
436 988 2.13062996 0.00213062996 2.26605505
436 991 2.13097405 0.00213097405 2.27293578
436 988 2.13062386 0.00213062386 2.26605505
436 991 2.13098297 0.00213098297 2.27293578
436 988 2.1306221 0.0021306221 2.26605505
435 985 2.12114427 0.00212114427 2.26436782
435 985 2.12119671 0.00212119671 2.26436782
435 985 2.12102122 0.00212102122 2.26436782
435 985 2.12102865 0.00212102865 2.26436782
435 985 2.12101676 0.00212101676 2.26436782
435 985 2.12100895 0.00212100895 2.26436782
435 985 2.12100744 0.00212100744 2.26436782
435 985 2.12100635 0.00212100635 2.26436782
435 985 2.12100592 0.00212100592 2.26436782
435 985 2.12100574 0.00212100574 2.26436782
434 980 2.11046579 0.00211046579 2.25806452
434 980 2.11054834 0.00211054834 2.25806452
434 986 2.120019 0.002120019 2.2718894
434 986 2.11993 0.00211993 2.2718894
434 986 2.11985635 0.00211985635 2.2718894
434 986 2.1198413 0.0021198413 2.2718894
434 986 2.11982487 0.00211982487 2.2718894
434 986 2.11982722 0.00211982722 2.2718894
434 986 2.11984171 0.00211984171 2.2718894
434 986 2.1198071 0.0021198071 2.2718894
433 980 2.10995797 0.00210995797 2.26327945
433 980 2.11011583 0.00211011583 2.26327945
433 980 2.10998117 0.00210998117 2.26327945
433 980 2.10996664 0.00210996664 2.26327945
433 980 2.10996295 0.00210996295 2.26327945
433 980 2.10996071 0.00210996071 2.26327945
433 980 2.10996032 0.00210996032 2.26327945
433 980 2.10995977 0.00210995977 2.26327945
433 980 2.10995956 0.00210995956 2.26327945
433 980 2.10995956 0.00210995956 2.26327945
432 975 2.09952691 0.00209952691 2.25694444
432 975 2.09960791 0.00209960791 2.25694444
432 975 2.09965162 0.00209965162 2.25694444
432 975 2.09963051 0.00209963051 2.25694444
432 975 2.09962629 0.00209962629 2.25694444
432 975 2.09962487 0.00209962487 2.25694444
432 975 2.09962408 0.00209962408 2.25694444
432 975 2.09962346 0.00209962346 2.25694444
432 975 2.09962295 0.00209962295 2.25694444
432 975 2.09962257 0.00209962257 2.25694444
431 973 2.08916028 0.00208916028 2.2575406
431 973 2.08906373 0.00208906373 2.2575406
431 973 2.08914745 0.00208914745 2.2575406
431 973 2.08914837 0.00208914837 2.2575406
431 973 2.08914807 0.00208914807 2.2575406
431 973 2.08914845 0.00208914845 2.2575406
431 973 2.08914912 0.00208914912 2.2575406
431 973 2.08914954 0.00208914954 2.2575406
431 973 2.08914993 0.00208914993 2.2575406
431 973 2.08915026 0.00208915026 2.2575406
430 972 2.07869903 0.00207869903 2.26046512
430 972 2.07868838 0.00207868838 2.26046512
430 972 2.0786775 0.0020786775 2.26046512
430 972 2.07867757 0.00207867757 2.26046512
430 972 2.07867827 0.00207867827 2.26046512
430 972 2.07867921 0.00207867921 2.26046512
430 972 2.07868022 0.00207868022 2.26046512
430 972 2.07868116 0.00207868116 2.26046512
430 972 2.07868199 0.00207868199 2.26046512
430 972 2.07868269 0.00207868269 2.26046512
429 969 2.06872004 0.00206872004 2.25874126
429 969 2.06864588 0.00206864588 2.25874126
429 969 2.06860164 0.00206860164 2.25874126
429 969 2.06859998 0.00206859998 2.25874126
429 969 2.06860311 0.00206860311 2.25874126
429 969 2.06860276 0.00206860276 2.25874126
429 969 2.06860283 0.00206860283 2.25874126
429 969 2.06860359 0.00206860359 2.25874126
429 969 2.06860481 0.00206860481 2.25874126
429 969 2.06860616 0.00206860616 2.25874126
428 966 2.05802859 0.00205802859 2.25700935
428 966 2.05799738 0.00205799738 2.25700935
428 966 2.05797592 0.00205797592 2.25700935
428 966 2.05797091 0.00205797091 2.25700935
428 966 2.05796437 0.00205796437 2.25700935
428 966 2.05796118 0.00205796118 2.25700935
428 966 2.05796038 0.00205796038 2.25700935
428 966 2.05796053 0.00205796053 2.25700935
428 966 2.0579615 0.0020579615 2.25700935
428 966 2.05796296 0.00205796296 2.25700935
427 960 2.04681035 0.00204681035 2.24824356
427 961 2.05634528 0.00205634528 2.25058548
427 961 2.05630689 0.00205630689 2.25058548
427 961 2.05630159 0.00205630159 2.25058548
427 961 2.05630313 0.00205630313 2.25058548
427 961 2.05630414 0.00205630414 2.25058548
427 961 2.05630483 0.00205630483 2.25058548
427 961 2.05630593 0.00205630593 2.25058548
427 961 2.05630718 0.00205630718 2.25058548
427 961 2.05630849 0.00205630849 2.25058548
426 958 2.04575407 0.00204575407 2.24882629
426 958 2.04581 0.00204581 2.24882629
426 958 2.04579461 0.00204579461 2.24882629
426 958 2.04578079 0.00204578079 2.24882629
426 958 2.04577359 0.00204577359 2.24882629
426 958 2.04576991 0.00204576991 2.24882629
426 958 2.04576783 0.00204576783 2.24882629
426 958 2.04576686 0.00204576686 2.24882629
426 958 2.04576671 0.00204576671 2.24882629
426 958 2.04576712 0.00204576712 2.24882629
425 954 2.03448099 0.00203448099 2.24470588
425 949 2.04483731 0.00204483731 2.23294118
425 949 2.05572658 0.00205572658 2.23294118
425 951 2.06433508 0.00206433508 2.23764706
425 945 2.06512397 0.00206512397 2.22352941
425 947 2.07602628 0.00207602628 2.22823529
425 949 2.08273848 0.00208273848 2.23294118
425 953 2.091778 0.002091778 2.24235294
425 958 2.09366657 0.00209366657 2.25411765
425 958 2.09328592 0.00209328592 2.25411765
424 952 2.08274446 0.00208274446 2.24528302
424 952 2.08268372 0.00208268372 2.24528302
424 952 2.08264914 0.00208264914 2.24528302
424 952 2.08275738 0.00208275738 2.24528302
424 952 2.08248869 0.00208248869 2.24528302
424 952 2.0825248 0.0020825248 2.24528302
424 952 2.08266362 0.00208266362 2.24528302
424 952 2.08242381 0.00208242381 2.24528302
424 952 2.08247262 0.00208247262 2.24528302
424 952 2.08262164 0.00208262164 2.24528302
423 946 2.07201708 0.00207201708 2.23640662
423 946 2.07204454 0.00207204454 2.23640662
423 946 2.07207673 0.00207207673 2.23640662
423 946 2.07206234 0.00207206234 2.23640662
423 946 2.07206424 0.00207206424 2.23640662
423 946 2.07206488 0.00207206488 2.23640662
423 946 2.07206542 0.00207206542 2.23640662
423 946 2.07206593 0.00207206593 2.23640662
423 946 2.07206639 0.00207206639 2.23640662
423 946 2.0720668 0.0020720668 2.23640662
422 943 2.06245465 0.00206245465 2.23459716
422 943 2.06239456 0.00206239456 2.23459716
422 943 2.06236697 0.00206236697 2.23459716
422 943 2.0623552 0.0020623552 2.23459716
422 943 2.06235485 0.00206235485 2.23459716
422 943 2.06235446 0.00206235446 2.23459716
422 943 2.06235487 0.00206235487 2.23459716
422 943 2.06235537 0.00206235537 2.23459716
422 943 2.06235639 0.00206235639 2.23459716
422 943 2.0623575 0.0020623575 2.23459716
421 940 2.05181905 0.00205181905 2.2327791
421 940 2.05181357 0.00205181357 2.2327791
421 940 2.05179393 0.00205179393 2.2327791
421 940 2.0517865 0.0020517865 2.2327791
421 940 2.05177529 0.00205177529 2.2327791
421 940 2.05176811 0.00205176811 2.2327791
421 940 2.05176482 0.00205176482 2.2327791
421 940 2.05176294 0.00205176294 2.2327791
421 940 2.05176187 0.00205176187 2.2327791
421 938 2.05170098 0.00205170098 2.2280285
420 935 2.04110853 0.00204110853 2.22619048
420 935 2.04109477 0.00204109477 2.22619048
420 935 2.04109241 0.00204109241 2.22619048
420 935 2.04108334 0.00204108334 2.22619048
420 935 2.04107976 0.00204107976 2.22619048
420 935 2.04107689 0.00204107689 2.22619048
420 935 2.04107468 0.00204107468 2.22619048
420 935 2.04107306 0.00204107306 2.22619048
420 935 2.04107187 0.00204107187 2.22619048
420 935 2.041071 0.002041071 2.22619048
419 934 2.03015543 0.00203015543 2.22911695
419 935 2.03989843 0.00203989843 2.23150358
419 937 2.05069771 0.00205069771 2.23627685
419 937 2.05058915 0.00205058915 2.23627685
419 937 2.05055282 0.00205055282 2.23627685
419 937 2.05054109 0.00205054109 2.23627685
419 937 2.05052861 0.00205052861 2.23627685
419 937 2.05051932 0.00205051932 2.23627685
419 937 2.05051136 0.00205051136 2.23627685
419 937 2.05050496 0.00205050496 2.23627685
418 934 2.03983 0.00203983 2.23444976
418 934 2.03983512 0.00203983512 2.23444976
418 931 2.03991369 0.00203991369 2.22727273
418 931 2.03988052 0.00203988052 2.22727273
418 931 2.03983765 0.00203983765 2.22727273
418 931 2.0398314 0.0020398314 2.22727273
418 931 2.03982423 0.00203982423 2.22727273
418 931 2.03981987 0.00203981987 2.22727273
418 931 2.03981678 0.00203981678 2.22727273
418 931 2.03981521 0.00203981521 2.22727273
417 928 2.0288564 0.0020288564 2.22541966
417 928 2.02884792 0.00202884792 2.22541966
417 928 2.02888936 0.00202888936 2.22541966
417 927 2.02858278 0.00202858278 2.22302158
417 931 2.03831267 0.00203831267 2.23261391
417 934 2.04655839 0.00204655839 2.23980815
417 937 2.06298531 0.00206298531 2.2470024
417 937 2.06455514 0.00206455514 2.2470024
417 937 2.06439222 0.00206439222 2.2470024
417 937 2.06429086 0.00206429086 2.2470024
416 931 2.05405692 0.00205405692 2.23798077
416 931 2.05403341 0.00205403341 2.23798077
416 931 2.05401074 0.00205401074 2.23798077
416 931 2.05401366 0.00205401366 2.23798077
416 931 2.05401456 0.00205401456 2.23798077
416 931 2.05401568 0.00205401568 2.23798077
416 931 2.05401672 0.00205401672 2.23798077
416 931 2.05401763 0.00205401763 2.23798077
416 931 2.05401844 0.00205401844 2.23798077
416 931 2.05401913 0.00205401913 2.23798077
415 925 2.04393137 0.00204393137 2.22891566
415 925 2.04390456 0.00204390456 2.22891566
415 925 2.04395052 0.00204395052 2.22891566
415 925 2.04390752 0.00204390752 2.22891566
415 925 2.04401971 0.00204401971 2.22891566
415 925 2.04389392 0.00204389392 2.22891566
415 925 2.04391859 0.00204391859 2.22891566
415 925 2.04389789 0.00204389789 2.22891566
415 925 2.04401719 0.00204401719 2.22891566
415 925 2.04389402 0.00204389402 2.22891566
414 919 2.03322873 0.00203322873 2.21980676
414 922 2.03435117 0.00203435117 2.22705314
414 922 2.03437184 0.00203437184 2.22705314
414 922 2.0343111 0.0020343111 2.22705314
414 922 2.03430436 0.00203430436 2.22705314
414 922 2.03431 0.00203431 2.22705314
414 922 2.03430935 0.00203430935 2.22705314
414 922 2.03431013 0.00203431013 2.22705314
414 922 2.03431047 0.00203431047 2.22705314
414 922 2.03431104 0.00203431104 2.22705314
413 919 2.02384785 0.00202384785 2.2251816
413 916 2.02384284 0.00202384284 2.21791768
413 916 2.02375082 0.00202375082 2.21791768
413 916 2.0236985 0.0020236985 2.21791768
413 916 2.02367915 0.00202367915 2.21791768
413 919 2.02385359 0.00202385359 2.2251816
413 919 2.02390071 0.00202390071 2.2251816
413 916 2.02371558 0.00202371558 2.21791768
413 919 2.02384741 0.00202384741 2.2251816
413 919 2.02390996 0.00202390996 2.2251816
412 913 2.0129502 0.0020129502 2.21601942
412 913 2.01296632 0.00201296632 2.21601942
412 913 2.01284897 0.00201284897 2.21601942
412 913 2.01281602 0.00201281602 2.21601942
412 913 2.01277382 0.00201277382 2.21601942
412 913 2.01274251 0.00201274251 2.21601942
412 913 2.01271736 0.00201271736 2.21601942
412 913 2.01269668 0.00201269668 2.21601942
412 913 2.01267965 0.00201267965 2.21601942
412 913 2.01266554 0.00201266554 2.21601942
411 912 2.00173051 0.00200173051 2.2189781
411 912 2.00161713 0.00200161713 2.2189781
411 912 2.00159695 0.00200159695 2.2189781
411 912 2.0015767 0.0020015767 2.2189781
411 912 2.00155355 0.00200155355 2.2189781
411 912 2.00153653 0.00200153653 2.2189781
411 912 2.00152198 0.00200152198 2.2189781
411 912 2.00150863 0.00200150863 2.2189781
411 912 2.00149635 0.00200149635 2.2189781
411 912 2.00148494 0.00200148494 2.2189781
410 907 1.9902378 0.0019902378 2.21219512
410 909 1.99086935 0.00199086935 2.21707317
410 908 1.99075352 0.00199075352 2.21463415
410 913 1.99088661 0.00199088661 2.22682927
410 911 1.99123178 0.00199123178 2.22195122
410 911 1.99113543 0.00199113543 2.22195122
410 911 1.9910605 0.0019910605 2.22195122
410 911 1.99099434 0.00199099434 2.22195122
410 911 1.99093867 0.00199093867 2.22195122
410 911 1.99089174 0.00199089174 2.22195122
409 910 1.98012576 0.00198012576 2.22493888
409 905 1.98009228 0.00198009228 2.21271394
409 907 1.98010807 0.00198010807 2.21760391
409 905 1.9800342 0.0019800342 2.21271394
409 907 1.98011 0.00198011 2.21760391
409 905 1.97997349 0.00197997349 2.21271394
409 907 1.98011774 0.00198011774 2.21760391
409 905 1.97992717 0.00197992717 2.21271394
409 907 1.98012717 0.00198012717 2.21760391
409 905 1.97988828 0.00197988828 2.21271394
408 904 1.96958291 0.00196958291 2.21568627
408 904 1.96957704 0.00196957704 2.21568627
408 904 1.96955777 0.00196955777 2.21568627
408 904 1.96954498 0.00196954498 2.21568627
408 904 1.96953508 0.00196953508 2.21568627
408 904 1.9695273 0.0019695273 2.21568627
408 904 1.96952113 0.00196952113 2.21568627
408 904 1.96947863 0.00196947863 2.21568627
408 904 1.96952934 0.00196952934 2.21568627
408 904 1.96947587 0.00196947587 2.21568627
407 901 1.95773768 0.00195773768 2.21375921
407 901 1.9576697 0.0019576697 2.21375921
407 901 1.95768352 0.00195768352 2.21375921
407 901 1.95767019 0.00195767019 2.21375921
407 901 1.95765658 0.00195765658 2.21375921
407 901 1.95764327 0.00195764327 2.21375921
407 902 1.95765585 0.00195765585 2.21621622
407 902 1.95763215 0.00195763215 2.21621622
407 901 1.95765049 0.00195765049 2.21375921
407 901 1.95764631 0.00195764631 2.21375921
406 899 1.94589457 0.00194589457 2.21428571
406 899 1.94590541 0.00194590541 2.21428571
406 899 1.94590038 0.00194590038 2.21428571
406 899 1.94590039 0.00194590039 2.21428571
406 899 1.94590127 0.00194590127 2.21428571
406 899 1.94590242 0.00194590242 2.21428571
406 899 1.94590362 0.00194590362 2.21428571
406 899 1.94590484 0.00194590484 2.21428571
406 899 1.94590608 0.00194590608 2.21428571
406 899 1.94590734 0.00194590734 2.21428571
405 897 1.93388832 0.00193388832 2.21481481
405 897 1.93378647 0.00193378647 2.21481481
405 894 1.94561561 0.00194561561 2.20740741
405 894 1.95646315 0.00195646315 2.20740741
405 893 1.95643314 0.00195643314 2.20493827
405 894 1.95648524 0.00195648524 2.20740741
405 893 1.95644009 0.00195644009 2.20493827
405 894 1.95647704 0.00195647704 2.20740741
405 893 1.95644431 0.00195644431 2.20493827
405 894 1.95647146 0.00195647146 2.20740741
404 891 1.94554541 0.00194554541 2.20544554
404 891 1.94551302 0.00194551302 2.20544554
404 891 1.94558408 0.00194558408 2.20544554
404 891 1.94552759 0.00194552759 2.20544554
404 891 1.94558566 0.00194558566 2.20544554
404 891 1.94552756 0.00194552756 2.20544554
404 891 1.94558592 0.00194558592 2.20544554
404 891 1.94552771 0.00194552771 2.20544554
404 891 1.94558614 0.00194558614 2.20544554
404 891 1.94552787 0.00194552787 2.20544554
403 888 1.93359053 0.00193359053 2.20347395
403 888 1.93352383 0.00193352383 2.20347395
403 889 1.93363934 0.00193363934 2.20595533
403 888 1.93352793 0.00193352793 2.20347395
403 889 1.93363363 0.00193363363 2.20595533
403 888 1.93353291 0.00193353291 2.20347395
403 889 1.93362809 0.00193362809 2.20595533
403 888 1.93353792 0.00193353792 2.20347395
403 889 1.9336233 0.0019336233 2.20595533
403 888 1.93354235 0.00193354235 2.20347395
402 886 1.92168819 0.00192168819 2.2039801
402 886 1.92171487 0.00192171487 2.2039801
402 886 1.92171808 0.00192171808 2.2039801
402 886 1.92171973 0.00192171973 2.2039801
402 886 1.92171994 0.00192171994 2.2039801
402 886 1.9217201 0.0019217201 2.2039801
402 886 1.92172024 0.00192172024 2.2039801
402 886 1.92172039 0.00192172039 2.2039801
402 886 1.92172053 0.00192172053 2.2039801
402 886 1.92172067 0.00192172067 2.2039801
401 884 1.90946829 0.00190946829 2.20448878
401 884 1.90946396 0.00190946396 2.20448878
401 884 1.90945832 0.00190945832 2.20448878
401 883 1.90963366 0.00190963366 2.20199501
401 882 1.91041549 0.00191041549 2.19950125
401 885 1.91800031 0.00191800031 2.20698254
401 885 1.91803826 0.00191803826 2.20698254
401 885 1.9180029 0.0019180029 2.20698254
401 885 1.9180306 0.0019180306 2.20698254
401 885 1.9180336 0.0019180336 2.20698254
400 882 1.90688741 0.00190688741 2.205
400 882 1.91539714 0.00191539714 2.205
400 881 1.91566521 0.00191566521 2.2025
400 881 1.91569223 0.00191569223 2.2025
400 881 1.915697 0.001915697 2.2025
400 881 1.91569714 0.00191569714 2.2025
400 881 1.91569797 0.00191569797 2.2025
400 881 1.91569883 0.00191569883 2.2025
400 881 1.91569967 0.00191569967 2.2025
400 881 1.91570049 0.00191570049 2.2025
399 880 1.90475798 0.00190475798 2.20551378
399 880 1.90475357 0.00190475357 2.20551378
399 880 1.9047467 0.0019047467 2.20551378
399 880 1.90473571 0.00190473571 2.20551378
399 880 1.90473093 0.00190473093 2.20551378
399 880 1.90472728 0.00190472728 2.20551378
399 880 1.9047237 0.0019047237 2.20551378
399 880 1.90472028 0.00190472028 2.20551378
399 880 1.90471698 0.00190471698 2.20551378
399 880 1.9047138 0.0019047138 2.20551378
398 878 1.89318663 0.00189318663 2.20603015
398 877 1.89963735 0.00189963735 2.20351759
398 874 1.92100768 0.00192100768 2.1959799
398 874 1.92076626 0.00192076626 2.1959799
398 874 1.92064386 0.00192064386 2.1959799
398 874 1.92052067 0.00192052067 2.1959799
398 874 1.92039244 0.00192039244 2.1959799
398 874 1.9202581 0.0019202581 2.1959799
398 874 1.92011463 0.00192011463 2.1959799
398 874 1.91995932 0.00191995932 2.1959799
397 873 1.90969433 0.00190969433 2.19899244
397 873 1.90964722 0.00190964722 2.19899244
397 873 1.90954776 0.00190954776 2.19899244
397 873 1.90945487 0.00190945487 2.19899244
397 873 1.90935044 0.00190935044 2.19899244
397 873 1.90923145 0.00190923145 2.19899244
397 873 1.9090929 0.0019090929 2.19899244
397 873 1.90892926 0.00190892926 2.19899244
397 873 1.90873271 0.00190873271 2.19899244
397 873 1.90849213 0.00190849213 2.19899244
396 871 1.89850813 0.00189850813 2.19949495
396 871 1.89821546 0.00189821546 2.19949495
396 871 1.8979815 0.0018979815 2.19949495
396 871 1.89741836 0.00189741836 2.19949495
396 871 1.89684807 0.00189684807 2.19949495
396 871 1.89577842 0.00189577842 2.19949495
396 871 1.89456539 0.00189456539 2.19949495
396 871 1.89245362 0.00189245362 2.19949495
396 875 1.88975349 0.00188975349 2.20959596
396 875 1.88483754 0.00188483754 2.20959596
395 869 1.87003736 0.00187003736 2.2
395 869 1.85608823 0.00185608823 2.2
395 873 1.80277134 0.00180277134 2.21012658
395 878 0 0 2.22278481
allocating memory...
allocating memory...
allocating memory...
allocating memory...
allocating memory...
allocating memory...
allocating memory...
walksat version 35
command line = test -solcnf -cutoff 100000000 -best -seed 1234567 -numsol 10 ./residualformula_seed14.cnf
seed = 1234567
cutoff = 100000000
tries = 10
heuristic = best, noise 50 / 100
tail starts after flip = 3000
numatom = 1000, numclause = 878, numliterals = 2156
wff read in

    lowest     final       avg     noise     noise     total                 avg        mean        mean
    #unsat    #unsat     noise   std dev     ratio     flips              length       flips       flips
      this      this      this      this      this      this   success   success       until         std
       try       try       try       try       try       try      rate     tries      assign         dev

         0         0      2.31      1.53      1.51     12988       100     12988    12988.00
         0         0      2.15      1.37      1.56     37431       100     25209    25209.50    17283.81
         0         0      2.53      1.72      1.48     47239       100     32552    32552.67    17638.92
         0         0      2.24      1.61      1.39     61321       100     39744    39744.75    20354.98
         0         0      0.00      0.00      0.00      1386       100     32073    32073.00    24597.21
         0         0      4.36      2.28      1.91      4177       100     27423    27423.67    24773.29
         0         0      2.63      1.80      1.46      8569       100     24730    24730.14    23711.08
         0         0      0.00      0.00      0.00      2550       100     21957    21957.62    23310.81
         0         0      2.37      1.39      1.71      5223       100     20098    20098.22    22507.46
         0         0      2.27      1.56      1.46     12546       100     19343    19343.00    21354.21

total elapsed seconds = 0.000000
average flips per second = -9223372036854775808
number solutions found = 10
final success rate = 100.000000
average length successful tries = 19343
mean flips until assign = 19343.000000
  variance = 456002223.111111
  standard deviation = 21354.208557
  standard error of mean = 6752.793667
mean seconds until assign = 0.000000
  variance = 0.000000
  standard deviation = 0.000000
  standard error of mean = 0.000000
mean restarts until assign = 1.000000
  variance = 0.000000
  standard deviation = 0.000000
  standard error of mean = 0.000000
final noise level statistics
    statistics over all runs:
      overall mean average noise level = 2.607555
      overall mean noise std deviation = 1.657059
      overall ratio mean noise to mean std dev = 1.573605
    statistics on successful runs:
      successful mean average noise level = 2.607555
      successful mean noise std deviation = 1.657059
      successful ratio mean noise to mean std dev = 1.573605
    statistics on nonsuccessful runs:
      nonsuccessful mean average noise level = 0.000000
      nonsuccessful mean noise std deviation = 0.000000
      nonsuccessful ratio mean noise to mean std dev = 0.000000
ASSIGNMENT FOUND
Check and white a solution
time of whitening    freezing probability
12	 	 	 	1
15	 	 	 	1
13	 	 	 	1
14	 	 	 	1
12	 	 	 	1
12	 	 	 	1
11	 	 	 	1
14	 	 	 	1
16	 	 	 	1
13	 	 	 	1
