START ALGORITHM:
I am going to build an instance with N: 1000 variables and 4200 clauses with a clause density equal to 4.2
START BSP WITH r=0.9:
Decimation scorer: cert
END UNIT PROPAGATION
1000 4200 9.9544679 0.0099544679 4.2
1000 4200 9.95413776 0.00995413776 4.2
1000 4200 9.95431428 0.00995431428 4.2
1000 4200 9.95417671 0.00995417671 4.2
1000 4200 9.95421452 0.00995421452 4.2
1000 4200 9.95436654 0.00995436654 4.2
1000 4200 9.95431199 0.00995431199 4.2
1000 4200 9.954275 0.009954275 4.2
1000 4200 9.95430005 0.00995430005 4.2
999 4191 9.95427629 0.00995427629 4.1951952
999 4191 9.95429791 0.00995429791 4.1951952
999 4191 9.95429694 0.00995429694 4.1951952
999 4191 9.95429557 0.00995429557 4.1951952
999 4191 9.95429728 0.00995429728 4.1951952
999 4191 9.95429548 0.00995429548 4.1951952
999 4191 9.95429583 0.00995429583 4.1951952
999 4191 9.95429609 0.00995429609 4.1951952
999 4191 9.95429591 0.00995429591 4.1951952
999 4191 9.95429595 0.00995429595 4.1951952
998 4182 9.95423767 0.00995423767 4.19038076
998 4182 9.95423751 0.00995423751 4.19038076
998 4182 9.95423776 0.00995423776 4.19038076
998 4182 9.95423762 0.00995423762 4.19038076
998 4182 9.9542376 0.0099542376 4.19038076
998 4182 9.95423767 0.00995423767 4.19038076
998 4182 9.95423761 0.00995423761 4.19038076
998 4182 9.95423761 0.00995423761 4.19038076
998 4182 9.95423763 0.00995423763 4.19038076
998 4182 9.95423762 0.00995423762 4.19038076
997 4177 9.95340424 0.00995340424 4.18956871
997 4177 9.95340397 0.00995340397 4.18956871
997 4177 9.95340409 0.00995340409 4.18956871
997 4177 9.95340353 0.00995340353 4.18956871
997 4177 9.95340349 0.00995340349 4.18956871
997 4177 9.95340357 0.00995340357 4.18956871
997 4177 9.95340354 0.00995340354 4.18956871
997 4177 9.95340349 0.00995340349 4.18956871
997 4177 9.9534035 0.0099534035 4.18956871
997 4177 9.95340351 0.00995340351 4.18956871
996 4170 9.9525415 0.0099525415 4.18674699
996 4170 9.95254161 0.00995254161 4.18674699
996 4170 9.95254151 0.00995254151 4.18674699
996 4170 9.95254138 0.00995254138 4.18674699
996 4170 9.95254154 0.00995254154 4.18674699
996 4170 9.95254136 0.00995254136 4.18674699
996 4170 9.95254131 0.00995254131 4.18674699
996 4170 9.95254123 0.00995254123 4.18674699
996 4170 9.95254124 0.00995254124 4.18674699
996 4170 9.95254126 0.00995254126 4.18674699
995 4166 9.95149521 0.00995149521 4.18693467
995 4166 9.95149672 0.00995149672 4.18693467
995 4166 9.95149668 0.00995149668 4.18693467
995 4166 9.95149663 0.00995149663 4.18693467
995 4166 9.95149663 0.00995149663 4.18693467
995 4166 9.95149614 0.00995149614 4.18693467
995 4166 9.95149591 0.00995149591 4.18693467
995 4166 9.95149583 0.00995149583 4.18693467
995 4166 9.95149577 0.00995149577 4.18693467
995 4166 9.95149577 0.00995149577 4.18693467
994 4159 9.95010444 0.00995010444 4.18410463
994 4159 9.95010353 0.00995010353 4.18410463
994 4159 9.95010409 0.00995010409 4.18410463
994 4159 9.95010225 0.00995010225 4.18410463
994 4159 9.95010256 0.00995010256 4.18410463
994 4159 9.95010412 0.00995010412 4.18410463
994 4159 9.95010447 0.00995010447 4.18410463
994 4159 9.95010407 0.00995010407 4.18410463
994 4159 9.95010393 0.00995010393 4.18410463
994 4159 9.95010385 0.00995010385 4.18410463
993 4150 9.94795643 0.00994795643 4.17925478
993 4150 9.94795665 0.00994795665 4.17925478
993 4150 9.94795837 0.00994795837 4.17925478
993 4150 9.94795302 0.00994795302 4.17925478
993 4150 9.94795239 0.00994795239 4.17925478
993 4150 9.94795188 0.00994795188 4.17925478
993 4150 9.94795181 0.00994795181 4.17925478
993 4150 9.94795181 0.00994795181 4.17925478
993 4150 9.94795156 0.00994795156 4.17925478
993 4150 9.94795169 0.00994795169 4.17925478
992 4143 9.94564684 0.00994564684 4.17641129
992 4143 9.9456496 0.0099456496 4.17641129
992 4143 9.94564832 0.00994564832 4.17641129
992 4143 9.94564668 0.00994564668 4.17641129
992 4143 9.94564412 0.00994564412 4.17641129
992 4143 9.94564325 0.00994564325 4.17641129
992 4143 9.94564426 0.00994564426 4.17641129
992 4143 9.94564446 0.00994564446 4.17641129
992 4143 9.94564453 0.00994564453 4.17641129
992 4143 9.94564453 0.00994564453 4.17641129
991 4138 9.94284436 0.00994284436 4.17558022
991 4138 9.94106908 0.00994106908 4.17558022
991 4140 9.94339022 0.00994339022 4.17759839
991 4140 9.94339638 0.00994339638 4.17759839
991 4140 9.94339161 0.00994339161 4.17759839
991 4140 9.94338961 0.00994338961 4.17759839
991 4140 9.94338788 0.00994338788 4.17759839
991 4140 9.94338758 0.00994338758 4.17759839
991 4140 9.94338787 0.00994338787 4.17759839
991 4140 9.94338781 0.00994338781 4.17759839
990 4133 9.94107733 0.00994107733 4.17474747
990 4133 9.94108072 0.00994108072 4.17474747
990 4133 9.94108049 0.00994108049 4.17474747
990 4133 9.94108276 0.00994108276 4.17474747
990 4133 9.94108515 0.00994108515 4.17474747
990 4133 9.94108522 0.00994108522 4.17474747
990 4133 9.94108467 0.00994108467 4.17474747
990 4133 9.94108389 0.00994108389 4.17474747
990 4133 9.94108362 0.00994108362 4.17474747
990 4133 9.94108361 0.00994108361 4.17474747
989 4122 9.93818713 0.00993818713 4.16784631
989 4122 9.93818765 0.00993818765 4.16784631
989 4122 9.93818912 0.00993818912 4.16784631
989 4122 9.93819112 0.00993819112 4.16784631
989 4122 9.93819169 0.00993819169 4.16784631
989 4122 9.93819277 0.00993819277 4.16784631
989 4122 9.93819325 0.00993819325 4.16784631
989 4122 9.9381936 0.0099381936 4.16784631
989 4122 9.93819365 0.00993819365 4.16784631
989 4122 9.93819371 0.00993819371 4.16784631
988 4113 9.93505864 0.00993505864 4.16295547
988 4113 9.93506209 0.00993506209 4.16295547
988 4113 9.93504517 0.00993504517 4.16295547
988 4113 9.93505407 0.00993505407 4.16295547
988 4113 9.93504909 0.00993504909 4.16295547
988 4113 9.93504659 0.00993504659 4.16295547
988 4113 9.93505422 0.00993505422 4.16295547
988 4113 9.9350561 0.0099350561 4.16295547
988 4113 9.9350583 0.0099350583 4.16295547
988 4113 9.9350601 0.0099350601 4.16295547
987 4099 9.93164268 0.00993164268 4.15298886
987 4099 9.93164385 0.00993164385 4.15298886
987 4099 9.93163423 0.00993163423 4.15298886
987 4099 9.93163804 0.00993163804 4.15298886
987 4099 9.93163318 0.00993163318 4.15298886
987 4099 9.93163535 0.00993163535 4.15298886
987 4099 9.93163846 0.00993163846 4.15298886
987 4099 9.93164092 0.00993164092 4.15298886
987 4099 9.93164004 0.00993164004 4.15298886
987 4099 9.93163921 0.00993163921 4.15298886
986 4087 9.92819701 0.00992819701 4.14503043
986 4087 9.92819282 0.00992819282 4.14503043
986 4087 9.92818299 0.00992818299 4.14503043
986 4087 9.92817162 0.00992817162 4.14503043
986 4087 9.92815485 0.00992815485 4.14503043
986 4087 9.92814792 0.00992814792 4.14503043
986 4087 9.92814595 0.00992814595 4.14503043
986 4087 9.92814052 0.00992814052 4.14503043
986 4087 9.92814006 0.00992814006 4.14503043
986 4087 9.92813932 0.00992813932 4.14503043
985 4070 9.92438716 0.00992438716 4.1319797
985 4070 9.92443418 0.00992443418 4.1319797
985 4070 9.92446085 0.00992446085 4.1319797
985 4070 9.9244644 0.0099244644 4.1319797
985 4070 9.92446255 0.00992446255 4.1319797
985 4070 9.92446285 0.00992446285 4.1319797
985 4070 9.92446339 0.00992446339 4.1319797
985 4070 9.92446372 0.00992446372 4.1319797
985 4070 9.92446348 0.00992446348 4.1319797
985 4070 9.92446332 0.00992446332 4.1319797
984 4064 9.92063628 0.00992063628 4.1300813
984 4064 9.92062031 0.00992062031 4.1300813
984 4064 9.9206165 0.0099206165 4.1300813
984 4064 9.92061697 0.00992061697 4.1300813
984 4064 9.92061443 0.00992061443 4.1300813
984 4064 9.92060991 0.00992060991 4.1300813
984 4064 9.92060597 0.00992060597 4.1300813
984 4064 9.92060403 0.00992060403 4.1300813
984 4064 9.92060341 0.00992060341 4.1300813
984 4064 9.92060354 0.00992060354 4.1300813
983 4046 9.91531033 0.00991531033 4.11597152
983 4046 9.91530747 0.00991530747 4.11597152
983 4046 9.91531743 0.00991531743 4.11597152
983 4046 9.91532945 0.00991532945 4.11597152
983 4046 9.91534001 0.00991534001 4.11597152
983 4046 9.91534501 0.00991534501 4.11597152
983 4046 9.91534723 0.00991534723 4.11597152
983 4046 9.91534902 0.00991534902 4.11597152
983 4046 9.91534908 0.00991534908 4.11597152
983 4046 9.91534968 0.00991534968 4.11597152
982 4038 9.90989017 0.00990989017 4.11201629
982 4038 9.90988703 0.00990988703 4.11201629
982 4038 9.90986741 0.00990986741 4.11201629
982 4038 9.90987701 0.00990987701 4.11201629
982 4038 9.90987731 0.00990987731 4.11201629
982 4038 9.90987361 0.00990987361 4.11201629
982 4038 9.90987118 0.00990987118 4.11201629
982 4038 9.90987064 0.00990987064 4.11201629
982 4038 9.90986995 0.00990986995 4.11201629
982 4038 9.90987054 0.00990987054 4.11201629
981 4024 9.90432131 0.00990432131 4.1019368
981 4024 9.90434659 0.00990434659 4.1019368
981 4024 9.9043325 0.0099043325 4.1019368
981 4024 9.90433579 0.00990433579 4.1019368
981 4024 9.9043485 0.0099043485 4.1019368
981 4024 9.90435132 0.00990435132 4.1019368
981 4024 9.90434802 0.00990434802 4.1019368
981 4024 9.90434251 0.00990434251 4.1019368
981 4024 9.90433685 0.00990433685 4.1019368
981 4024 9.90433311 0.00990433311 4.1019368
980 4013 9.89631348 0.00989631348 4.09489796
980 4013 9.89627207 0.00989627207 4.09489796
980 4013 9.89628271 0.00989628271 4.09489796
980 4013 9.89629695 0.00989629695 4.09489796
980 4013 9.89629614 0.00989629614 4.09489796
980 4013 9.89629692 0.00989629692 4.09489796
980 4013 9.89629881 0.00989629881 4.09489796
980 4013 9.89629932 0.00989629932 4.09489796
980 4013 9.89629899 0.00989629899 4.09489796
980 4013 9.89629879 0.00989629879 4.09489796
979 4006 9.88814044 0.00988814044 4.09193054
979 4006 9.88814842 0.00988814842 4.09193054
979 4006 9.888205 0.009888205 4.09193054
979 4006 9.88818697 0.00988818697 4.09193054
979 4006 9.88816518 0.00988816518 4.09193054
979 4006 9.88818983 0.00988818983 4.09193054
979 4006 9.88820532 0.00988820532 4.09193054
979 4006 9.88820216 0.00988820216 4.09193054
979 4006 9.88819683 0.00988819683 4.09193054
979 4006 9.88819439 0.00988819439 4.09193054
978 3991 9.87969771 0.00987969771 4.0807771
978 3991 9.87961951 0.00987961951 4.0807771
978 3996 9.87961811 0.00987961811 4.08588957
978 3996 9.87963946 0.00987963946 4.08588957
978 3996 9.87963563 0.00987963563 4.08588957
978 3991 9.87967555 0.00987967555 4.0807771
978 3996 9.87960943 0.00987960943 4.08588957
978 3996 9.87966175 0.00987966175 4.08588957
978 3996 9.87960818 0.00987960818 4.08588957
978 3996 9.87964062 0.00987964062 4.08588957
977 3981 9.87127324 0.00987127324 4.07471853
977 3981 9.87121307 0.00987121307 4.07471853
977 3981 9.87121689 0.00987121689 4.07471853
977 3981 9.87123028 0.00987123028 4.07471853
977 3981 9.87123277 0.00987123277 4.07471853
977 3981 9.87122966 0.00987122966 4.07471853
977 3981 9.87122795 0.00987122795 4.07471853
977 3981 9.8712298 0.0098712298 4.07471853
977 3981 9.87122804 0.00987122804 4.07471853
977 3981 9.87122676 0.00987122676 4.07471853
976 3970 9.86237518 0.00986237518 4.06762295
976 3970 9.86236556 0.00986236556 4.06762295
976 3970 9.86237859 0.00986237859 4.06762295
976 3970 9.86238855 0.00986238855 4.06762295
976 3970 9.8624036 0.0098624036 4.06762295
976 3970 9.86240856 0.00986240856 4.06762295
976 3970 9.86240658 0.00986240658 4.06762295
976 3970 9.86240402 0.00986240402 4.06762295
976 3970 9.86239993 0.00986239993 4.06762295
976 3970 9.86239951 0.00986239951 4.06762295
975 3960 9.85328613 0.00985328613 4.06153846
975 3962 9.85292745 0.00985292745 4.06358974
975 3963 9.85314925 0.00985314925 4.06461538
975 3967 9.85810949 0.00985810949 4.06871795
975 3962 9.85821337 0.00985821337 4.06358974
975 3962 9.85816424 0.00985816424 4.06358974
975 3962 9.85818644 0.00985818644 4.06358974
975 3962 9.85819453 0.00985819453 4.06358974
975 3962 9.85819345 0.00985819345 4.06358974
975 3962 9.85819252 0.00985819252 4.06358974
974 3952 9.84988034 0.00984988034 4.05749487
974 3952 9.849877 0.009849877 4.05749487
974 3952 9.84982898 0.00984982898 4.05749487
974 3952 9.84984017 0.00984984017 4.05749487
974 3952 9.8498446 0.0098498446 4.05749487
974 3952 9.84984129 0.00984984129 4.05749487
974 3952 9.84983312 0.00984983312 4.05749487
974 3952 9.84983216 0.00984983216 4.05749487
974 3952 9.84983006 0.00984983006 4.05749487
974 3952 9.84982848 0.00984982848 4.05749487
973 3943 9.83999585 0.00983999585 4.05241521
973 3943 9.84002113 0.00984002113 4.05241521
973 3943 9.84001969 0.00984001969 4.05241521
973 3943 9.84006441 0.00984006441 4.05241521
973 3943 9.84009375 0.00984009375 4.05241521
973 3943 9.84010394 0.00984010394 4.05241521
973 3943 9.8401028 0.0098401028 4.05241521
973 3943 9.84010152 0.00984010152 4.05241521
973 3943 9.84010006 0.00984010006 4.05241521
973 3943 9.84009856 0.00984009856 4.05241521
972 3938 9.83018228 0.00983018228 4.05144033
972 3935 9.83024793 0.00983024793 4.04835391
972 3935 9.83019328 0.00983019328 4.04835391
972 3935 9.83022394 0.00983022394 4.04835391
972 3935 9.83027223 0.00983027223 4.04835391
972 3935 9.83029779 0.00983029779 4.04835391
972 3935 9.83030001 0.00983030001 4.04835391
972 3935 9.83029647 0.00983029647 4.04835391
972 3935 9.8302946 0.0098302946 4.04835391
972 3935 9.83029303 0.00983029303 4.04835391
971 3930 9.82032764 0.00982032764 4.04737384
971 3930 9.82013154 0.00982013154 4.04737384
971 3930 9.82026464 0.00982026464 4.04737384
971 3925 9.81959686 0.00981959686 4.04222451
971 3930 9.82031257 0.00982031257 4.04737384
971 3930 9.8203052 0.0098203052 4.04737384
971 3930 9.82027466 0.00982027466 4.04737384
971 3930 9.82027036 0.00982027036 4.04737384
971 3930 9.82025403 0.00982025403 4.04737384
971 3930 9.820241 0.009820241 4.04737384
970 3920 9.81033061 0.00981033061 4.04123711
970 3920 9.81033289 0.00981033289 4.04123711
970 3920 9.81033831 0.00981033831 4.04123711
970 3920 9.81036492 0.00981036492 4.04123711
970 3920 9.81038221 0.00981038221 4.04123711
970 3920 9.81038803 0.00981038803 4.04123711
970 3920 9.81038675 0.00981038675 4.04123711
970 3920 9.81038646 0.00981038646 4.04123711
970 3920 9.81038615 0.00981038615 4.04123711
970 3920 9.81038615 0.00981038615 4.04123711
969 3912 9.80020091 0.00980020091 4.0371517
969 3912 9.8001473 0.0098001473 4.0371517
969 3912 9.8001537 0.0098001537 4.0371517
969 3912 9.80015655 0.00980015655 4.0371517
969 3912 9.80016097 0.00980016097 4.0371517
969 3912 9.80015634 0.00980015634 4.0371517
969 3912 9.80015461 0.00980015461 4.0371517
969 3912 9.80015548 0.00980015548 4.0371517
969 3912 9.80015509 0.00980015509 4.0371517
969 3912 9.80015511 0.00980015511 4.0371517
968 3903 9.78927189 0.00978927189 4.03202479
968 3903 9.78929021 0.00978929021 4.03202479
968 3903 9.78936172 0.00978936172 4.03202479
968 3903 9.78936407 0.00978936407 4.03202479
968 3903 9.78935908 0.00978935908 4.03202479
968 3903 9.78936323 0.00978936323 4.03202479
968 3903 9.78935577 0.00978935577 4.03202479
968 3903 9.78934634 0.00978934634 4.03202479
968 3903 9.78933767 0.00978933767 4.03202479
968 3903 9.78933449 0.00978933449 4.03202479
967 3891 9.77770312 0.00977770312 4.0237849
967 3891 9.77759313 0.00977759313 4.0237849
967 3891 9.77759913 0.00977759913 4.0237849
967 3891 9.77761159 0.00977761159 4.0237849
967 3891 9.77762136 0.00977762136 4.0237849
967 3891 9.77762355 0.00977762355 4.0237849
967 3891 9.77762392 0.00977762392 4.0237849
967 3891 9.77762367 0.00977762367 4.0237849
967 3891 9.77762377 0.00977762377 4.0237849
967 3891 9.77762378 0.00977762378 4.0237849
966 3886 9.76583163 0.00976583163 4.02277433
966 3886 9.7658277 0.0097658277 4.02277433
966 3886 9.76587134 0.00976587134 4.02277433
966 3886 9.76585518 0.00976585518 4.02277433
966 3886 9.76586738 0.00976586738 4.02277433
966 3886 9.76585621 0.00976585621 4.02277433
966 3886 9.76587285 0.00976587285 4.02277433
966 3886 9.76585835 0.00976585835 4.02277433
966 3886 9.76587443 0.00976587443 4.02277433
966 3886 9.76585792 0.00976585792 4.02277433
965 3877 9.75370889 0.00975370889 4.01761658
965 3877 9.75373043 0.00975373043 4.01761658
965 3878 9.7536127 0.0097536127 4.01865285
965 3877 9.75372074 0.00975372074 4.01761658
965 3877 9.75373431 0.00975373431 4.01761658
965 3878 9.75360836 0.00975360836 4.01865285
965 3877 9.75373448 0.00975373448 4.01761658
965 3877 9.75374353 0.00975374353 4.01761658
965 3877 9.75376859 0.00975376859 4.01761658
965 3877 9.75376906 0.00975376906 4.01761658
964 3869 9.74172155 0.00974172155 4.01348548
964 3869 9.74166411 0.00974166411 4.01348548
964 3869 9.74164314 0.00974164314 4.01348548
964 3869 9.74164333 0.00974164333 4.01348548
964 3869 9.74163568 0.00974163568 4.01348548
964 3869 9.74163493 0.00974163493 4.01348548
964 3869 9.74163632 0.00974163632 4.01348548
964 3869 9.74163803 0.00974163803 4.01348548
964 3869 9.74163809 0.00974163809 4.01348548
964 3869 9.74163811 0.00974163811 4.01348548
963 3857 9.72881343 0.00972881343 4.00519211
963 3857 9.72882749 0.00972882749 4.00519211
963 3857 9.72886859 0.00972886859 4.00519211
963 3857 9.72887269 0.00972887269 4.00519211
963 3857 9.72886579 0.00972886579 4.00519211
963 3857 9.72886443 0.00972886443 4.00519211
963 3857 9.72886363 0.00972886363 4.00519211
963 3857 9.72886342 0.00972886342 4.00519211
963 3857 9.72886376 0.00972886376 4.00519211
963 3857 9.72886363 0.00972886363 4.00519211
962 3850 9.71570647 0.00971570647 4.002079
962 3851 9.70840378 0.00970840378 4.0031185
962 3856 9.72099461 0.00972099461 4.00831601
962 3856 9.72421623 0.00972421623 4.00831601
962 3857 9.72416044 0.00972416044 4.00935551
962 3857 9.72416769 0.00972416769 4.00935551
962 3856 9.72418656 0.00972418656 4.00831601
962 3856 9.72420079 0.00972420079 4.00831601
962 3857 9.7241544 0.0097241544 4.00935551
962 3857 9.72415941 0.00972415941 4.00935551
961 3848 9.71240555 0.00971240555 4.00416233
961 3848 9.71243222 0.00971243222 4.00416233
961 3848 9.71237728 0.00971237728 4.00416233
961 3848 9.71237329 0.00971237329 4.00416233
961 3848 9.7123641 0.0097123641 4.00416233
961 3848 9.71236312 0.00971236312 4.00416233
961 3848 9.71236461 0.00971236461 4.00416233
961 3848 9.71236691 0.00971236691 4.00416233
961 3848 9.71236652 0.00971236652 4.00416233
961 3848 9.71236653 0.00971236653 4.00416233
960 3836 9.6997522 0.0096997522 3.99583333
960 3836 9.69989129 0.00969989129 3.99583333
960 3836 9.69970517 0.00969970517 3.99583333
960 3836 9.69977795 0.00969977795 3.99583333
960 3836 9.69987867 0.00969987867 3.99583333
960 3836 9.69962048 0.00969962048 3.99583333
960 3836 9.69979834 0.00969979834 3.99583333
960 3836 9.69992927 0.00969992927 3.99583333
960 3836 9.69962029 0.00969962029 3.99583333
960 3836 9.69980336 0.00969980336 3.99583333
959 3830 9.68638971 0.00968638971 3.99374348
959 3823 9.68485738 0.00968485738 3.98644421
959 3829 9.68788 0.00968788 3.99270073
959 3829 9.6879348 0.0096879348 3.99270073
959 3829 9.68789913 0.00968789913 3.99270073
959 3829 9.68788045 0.00968788045 3.99270073
959 3829 9.68788685 0.00968788685 3.99270073
959 3829 9.6878888 0.0096878888 3.99270073
959 3829 9.68789091 0.00968789091 3.99270073
959 3829 9.68789083 0.00968789083 3.99270073
958 3817 9.67547415 0.00967547415 3.98434238
958 3817 9.6754116 0.0096754116 3.98434238
958 3817 9.67554242 0.00967554242 3.98434238
958 3817 9.67558293 0.00967558293 3.98434238
958 3817 9.6755803 0.0096755803 3.98434238
958 3817 9.67559 0.00967559 3.98434238
958 3817 9.67560117 0.00967560117 3.98434238
958 3817 9.675604 0.009675604 3.98434238
958 3817 9.6755987 0.0096755987 3.98434238
958 3817 9.67559757 0.00967559757 3.98434238
957 3808 9.66187757 0.00966187757 3.97910136
957 3808 9.66199694 0.00966199694 3.97910136
957 3808 9.66190812 0.00966190812 3.97910136
957 3808 9.66181978 0.00966181978 3.97910136
957 3808 9.66184563 0.00966184563 3.97910136
957 3808 9.66185358 0.00966185358 3.97910136
957 3808 9.66186158 0.00966186158 3.97910136
957 3808 9.66186184 0.00966186184 3.97910136
957 3808 9.66184992 0.00966184992 3.97910136
957 3808 9.6618479 0.0096618479 3.97910136
956 3800 9.64783472 0.00964783472 3.9748954
956 3800 9.64777408 0.00964777408 3.9748954
956 3800 9.6476984 0.0096476984 3.9748954
956 3796 9.64758232 0.00964758232 3.9707113
956 3800 9.64767336 0.00964767336 3.9748954
956 3800 9.64772243 0.00964772243 3.9748954
956 3800 9.64767076 0.00964767076 3.9748954
956 3800 9.64771916 0.00964771916 3.9748954
956 3800 9.64771927 0.00964771927 3.9748954
956 3800 9.64773989 0.00964773989 3.9748954
955 3788 9.63349682 0.00963349682 3.96649215
955 3788 9.63362981 0.00963362981 3.96649215
955 3788 9.63347215 0.00963347215 3.96649215
955 3788 9.63347142 0.00963347142 3.96649215
955 3788 9.63347368 0.00963347368 3.96649215
955 3788 9.63348194 0.00963348194 3.96649215
955 3788 9.63347986 0.00963347986 3.96649215
955 3788 9.63347928 0.00963347928 3.96649215
955 3788 9.63347938 0.00963347938 3.96649215
955 3788 9.63347962 0.00963347962 3.96649215
954 3780 9.61909975 0.00961909975 3.96226415
954 3780 9.61917861 0.00961917861 3.96226415
954 3780 9.61923907 0.00961923907 3.96226415
954 3780 9.61924622 0.00961924622 3.96226415
954 3780 9.61908205 0.00961908205 3.96226415
954 3780 9.61923784 0.00961923784 3.96226415
954 3780 9.61907609 0.00961907609 3.96226415
954 3780 9.61924183 0.00961924183 3.96226415
954 3780 9.61932376 0.00961932376 3.96226415
954 3780 9.61908199 0.00961908199 3.96226415
953 3772 9.60453999 0.00960453999 3.95802728
953 3772 9.6044459 0.0096044459 3.95802728
953 3772 9.60444223 0.00960444223 3.95802728
953 3772 9.60451646 0.00960451646 3.95802728
953 3772 9.60445536 0.00960445536 3.95802728
953 3772 9.60445989 0.00960445989 3.95802728
953 3772 9.60446055 0.00960446055 3.95802728
953 3772 9.60445662 0.00960445662 3.95802728
953 3772 9.60445507 0.00960445507 3.95802728
953 3772 9.6044555 0.0096044555 3.95802728
952 3760 9.58916048 0.00958916048 3.94957983
952 3760 9.58904357 0.00958904357 3.94957983
952 3760 9.58905385 0.00958905385 3.94957983
952 3762 9.58886598 0.00958886598 3.95168067
952 3760 9.58906685 0.00958906685 3.94957983
952 3760 9.58904229 0.00958904229 3.94957983
952 3760 9.58898622 0.00958898622 3.94957983
952 3760 9.5889813 0.0095889813 3.94957983
952 3760 9.58899234 0.00958899234 3.94957983
952 3760 9.58899894 0.00958899894 3.94957983
951 3750 9.57363714 0.00957363714 3.94321767
951 3754 9.5737706 0.0095737706 3.94742376
951 3754 9.57357905 0.00957357905 3.94742376
951 3754 9.57349479 0.00957349479 3.94742376
951 3754 9.57351489 0.00957351489 3.94742376
951 3754 9.57353241 0.00957353241 3.94742376
951 3754 9.57354805 0.00957354805 3.94742376
951 3754 9.57355271 0.00957355271 3.94742376
951 3754 9.57355263 0.00957355263 3.94742376
951 3754 9.57355261 0.00957355261 3.94742376
950 3744 9.55807832 0.00955807832 3.94105263
950 3744 9.55815259 0.00955815259 3.94105263
950 3744 9.55814311 0.00955814311 3.94105263
950 3744 9.55804909 0.00955804909 3.94105263
950 3744 9.55802377 0.00955802377 3.94105263
950 3744 9.55799018 0.00955799018 3.94105263
950 3744 9.55796712 0.00955796712 3.94105263
950 3744 9.55795927 0.00955795927 3.94105263
950 3744 9.5579582 0.0095579582 3.94105263
950 3744 9.55795781 0.00955795781 3.94105263
949 3737 9.54200951 0.00954200951 3.93782929
949 3736 9.54149368 0.00954149368 3.93677555
949 3739 9.54576033 0.00954576033 3.93993678
949 3739 9.54559438 0.00954559438 3.93993678
949 3739 9.54550977 0.00954550977 3.93993678
949 3739 9.54549498 0.00954549498 3.93993678
949 3739 9.54550249 0.00954550249 3.93993678
949 3739 9.54551348 0.00954551348 3.93993678
949 3739 9.54551413 0.00954551413 3.93993678
949 3739 9.54551637 0.00954551637 3.93993678
948 3729 9.52990848 0.00952990848 3.9335443
948 3729 9.53010385 0.00953010385 3.9335443
948 3729 9.52997135 0.00952997135 3.9335443
948 3729 9.52992556 0.00952992556 3.9335443
948 3729 9.52992899 0.00952992899 3.9335443
948 3729 9.52993947 0.00952993947 3.9335443
948 3729 9.52994428 0.00952994428 3.9335443
948 3729 9.52994716 0.00952994716 3.9335443
948 3729 9.52994871 0.00952994871 3.9335443
948 3729 9.5299487 0.0095299487 3.9335443
947 3722 9.51400839 0.00951400839 3.93030623
947 3724 9.51256674 0.00951256674 3.93241816
947 3727 9.51489673 0.00951489673 3.93558606
947 3727 9.51482657 0.00951482657 3.93558606
947 3727 9.51479907 0.00951479907 3.93558606
947 3727 9.51480042 0.00951480042 3.93558606
947 3727 9.51480848 0.00951480848 3.93558606
947 3727 9.5148135 0.0095148135 3.93558606
947 3727 9.51481501 0.00951481501 3.93558606
947 3727 9.51481413 0.00951481413 3.93558606
946 3717 9.49926879 0.00949926879 3.92917548
946 3717 9.49934145 0.00949934145 3.92917548
946 3717 9.49937937 0.00949937937 3.92917548
946 3717 9.49936256 0.00949936256 3.92917548
946 3717 9.49935661 0.00949935661 3.92917548
946 3717 9.49935989 0.00949935989 3.92917548
946 3717 9.49935934 0.00949935934 3.92917548
946 3717 9.49935922 0.00949935922 3.92917548
946 3717 9.49935952 0.00949935952 3.92917548
946 3717 9.4993594 0.0094993594 3.92917548
945 3709 9.48325429 0.00948325429 3.92486772
945 3709 9.48329958 0.00948329958 3.92486772
945 3709 9.48332877 0.00948332877 3.92486772
945 3711 9.48306964 0.00948306964 3.92698413
945 3709 9.4833 0.0094833 3.92486772
945 3709 9.48333102 0.00948333102 3.92486772
945 3709 9.48333445 0.00948333445 3.92486772
945 3709 9.48330556 0.00948330556 3.92486772
945 3709 9.48328385 0.00948328385 3.92486772
945 3709 9.48328023 0.00948328023 3.92486772
944 3703 9.46719771 0.00946719771 3.92266949
944 3703 9.46727771 0.00946727771 3.92266949
944 3703 9.46716042 0.00946716042 3.92266949
944 3703 9.46720474 0.00946720474 3.92266949
944 3703 9.4671376 0.0094671376 3.92266949
944 3703 9.46726523 0.00946726523 3.92266949
944 3703 9.4672371 0.0094672371 3.92266949
944 3703 9.46725496 0.00946725496 3.92266949
944 3703 9.46726361 0.00946726361 3.92266949
944 3703 9.46712745 0.00946712745 3.92266949
943 3693 9.45063426 0.00945063426 3.91622481
943 3699 9.45047409 0.00945047409 3.92258749
943 3693 9.45001657 0.00945001657 3.91622481
943 3695 9.45217179 0.00945217179 3.91834571
943 3695 9.45223328 0.00945223328 3.91834571
943 3695 9.4521681 0.0094521681 3.91834571
943 3695 9.45214933 0.00945214933 3.91834571
943 3695 9.45213963 0.00945213963 3.91834571
943 3695 9.45214226 0.00945214226 3.91834571
943 3695 9.45214665 0.00945214665 3.91834571
942 3689 9.43631604 0.00943631604 3.91613588
942 3689 9.43639455 0.00943639455 3.91613588
942 3689 9.43627934 0.00943627934 3.91613588
942 3689 9.43632477 0.00943632477 3.91613588
942 3689 9.4362562 0.0094362562 3.91613588
942 3689 9.43638777 0.00943638777 3.91613588
942 3689 9.43629279 0.00943629279 3.91613588
942 3689 9.43640424 0.00943640424 3.91613588
942 3689 9.43636198 0.00943636198 3.91613588
942 3689 9.43622168 0.00943622168 3.91613588
941 3679 9.41989261 0.00941989261 3.90967056
941 3679 9.41984939 0.00941984939 3.90967056
941 3679 9.41995017 0.00941995017 3.90967056
941 3679 9.41999134 0.00941999134 3.90967056
941 3679 9.41998496 0.00941998496 3.90967056
941 3679 9.41996789 0.00941996789 3.90967056
941 3679 9.41996575 0.00941996575 3.90967056
941 3679 9.4199664 0.0094199664 3.90967056
941 3679 9.41996556 0.00941996556 3.90967056
941 3679 9.41996506 0.00941996506 3.90967056
940 3671 9.40150206 0.00940150206 3.90531915
940 3672 9.39147561 0.00939147561 3.90638298
940 3674 9.40804909 0.00940804909 3.90851064
940 3674 9.40805913 0.00940805913 3.90851064
940 3674 9.40816573 0.00940816573 3.90851064
940 3674 9.40821826 0.00940821826 3.90851064
940 3674 9.40822217 0.00940822217 3.90851064
940 3674 9.40802833 0.00940802833 3.90851064
940 3674 9.40821597 0.00940821597 3.90851064
940 3674 9.40816677 0.00940816677 3.90851064
939 3664 9.39163261 0.00939163261 3.90202343
939 3664 9.39140439 0.00939140439 3.90202343
939 3664 9.39146609 0.00939146609 3.90202343
939 3664 9.39146928 0.00939146928 3.90202343
939 3664 9.39147581 0.00939147581 3.90202343
939 3664 9.39147582 0.00939147582 3.90202343
939 3664 9.39147489 0.00939147489 3.90202343
939 3664 9.3914757 0.0093914757 3.90202343
939 3664 9.39147507 0.00939147507 3.90202343
939 3664 9.39147515 0.00939147515 3.90202343
938 3657 9.37252942 0.00937252942 3.89872068
938 3657 9.37255369 0.00937255369 3.89872068
938 3657 9.37253565 0.00937253565 3.89872068
938 3658 9.37237331 0.00937237331 3.89978678
938 3657 9.37108354 0.00937108354 3.89872068
938 3658 9.37232553 0.00937232553 3.89978678
938 3658 9.37230422 0.00937230422 3.89978678
938 3658 9.37231708 0.00937231708 3.89978678
938 3658 9.37232746 0.00937232746 3.89978678
938 3658 9.3723176 0.0093723176 3.89978678
937 3651 9.35441102 0.00935441102 3.89647812
937 3652 9.35265484 0.00935265484 3.89754536
937 3651 9.35438763 0.00935438763 3.89647812
937 3651 9.35455665 0.00935455665 3.89647812
937 3651 9.3546238 0.0093546238 3.89647812
937 3651 9.35460536 0.00935460536 3.89647812
937 3651 9.35458065 0.00935458065 3.89647812
937 3651 9.3545749 0.0093545749 3.89647812
937 3651 9.35457504 0.00935457504 3.89647812
937 3651 9.35457666 0.00935457666 3.89647812
936 3645 9.33670245 0.00933670245 3.89423077
936 3645 9.33642952 0.00933642952 3.89423077
936 3645 9.33649937 0.00933649937 3.89423077
936 3639 9.33630873 0.00933630873 3.88782051
936 3639 9.33639877 0.00933639877 3.88782051
936 3645 9.33665419 0.00933665419 3.89423077
936 3645 9.33669754 0.00933669754 3.89423077
936 3645 9.33664685 0.00933664685 3.89423077
936 3645 9.33668191 0.00933668191 3.89423077
936 3645 9.33668426 0.00933668426 3.89423077
935 3633 9.31877385 0.00931877385 3.8855615
935 3633 9.31865732 0.00931865732 3.8855615
935 3633 9.31866704 0.00931866704 3.8855615
935 3633 9.318628 0.009318628 3.8855615
935 3633 9.31862171 0.00931862171 3.8855615
935 3633 9.31862496 0.00931862496 3.8855615
935 3633 9.31862631 0.00931862631 3.8855615
935 3633 9.31862622 0.00931862622 3.8855615
935 3633 9.31862639 0.00931862639 3.8855615
935 3633 9.31862625 0.00931862625 3.8855615
934 3624 9.29981092 0.00929981092 3.88008565
934 3624 9.29973877 0.00929973877 3.88008565
934 3624 9.29981856 0.00929981856 3.88008565
934 3627 9.29963082 0.00929963082 3.88329764
934 3627 9.29955058 0.00929955058 3.88329764
934 3627 9.29957853 0.00929957853 3.88329764
934 3627 9.29957388 0.00929957388 3.88329764
934 3627 9.29957379 0.00929957379 3.88329764
934 3627 9.29957365 0.00929957365 3.88329764
934 3627 9.29957195 0.00929957195 3.88329764
933 3618 9.2809109 0.0092809109 3.8778135
933 3618 9.28079442 0.00928079442 3.8778135
933 3618 9.28098671 0.00928098671 3.8778135
933 3618 9.28090211 0.00928090211 3.8778135
933 3618 9.28102579 0.00928102579 3.8778135
933 3618 9.28088882 0.00928088882 3.8778135
933 3618 9.2810604 0.0092810604 3.8778135
933 3618 9.28087083 0.00928087083 3.8778135
933 3618 9.28107017 0.00928107017 3.8778135
933 3618 9.28087618 0.00928087618 3.8778135
932 3610 9.26231466 0.00926231466 3.87339056
932 3610 9.26225726 0.00926225726 3.87339056
932 3610 9.26213144 0.00926213144 3.87339056
932 3610 9.26218894 0.00926218894 3.87339056
932 3610 9.26213519 0.00926213519 3.87339056
932 3610 9.26221654 0.00926221654 3.87339056
932 3610 9.26213477 0.00926213477 3.87339056
932 3610 9.2622097 0.0092622097 3.87339056
932 3610 9.26213844 0.00926213844 3.87339056
932 3610 9.26221066 0.00926221066 3.87339056
931 3605 9.24273317 0.00924273317 3.87218045
931 3605 9.24280754 0.00924280754 3.87218045
931 3605 9.24288037 0.00924288037 3.87218045
931 3605 9.24287748 0.00924287748 3.87218045
931 3605 9.24284848 0.00924284848 3.87218045
931 3605 9.24286498 0.00924286498 3.87218045
931 3605 9.24285756 0.00924285756 3.87218045
931 3605 9.24285318 0.00924285318 3.87218045
931 3605 9.24285415 0.00924285415 3.87218045
931 3605 9.24285496 0.00924285496 3.87218045
930 3595 9.22366483 0.00922366483 3.8655914
930 3595 9.2235772 0.0092235772 3.8655914
930 3595 9.22357324 0.00922357324 3.8655914
930 3595 9.22359338 0.00922359338 3.8655914
930 3595 9.22357513 0.00922357513 3.8655914
930 3595 9.22357025 0.00922357025 3.8655914
930 3595 9.22356896 0.00922356896 3.8655914
930 3595 9.2235694 0.0092235694 3.8655914
930 3595 9.22356959 0.00922356959 3.8655914
930 3595 9.22356948 0.00922356948 3.8655914
929 3587 9.20391279 0.00920391279 3.86114101
929 3593 9.19946175 0.00919946175 3.86759957
929 3595 9.20844179 0.00920844179 3.86975242
929 3595 9.21349068 0.00921349068 3.86975242
929 3595 9.21343971 0.00921343971 3.86975242
929 3595 9.21345805 0.00921345805 3.86975242
929 3595 9.21348186 0.00921348186 3.86975242
929 3595 9.21347804 0.00921347804 3.86975242
929 3595 9.21347215 0.00921347215 3.86975242
929 3595 9.21347229 0.00921347229 3.86975242
928 3590 9.19416823 0.00919416823 3.86853448
928 3585 9.19394356 0.00919394356 3.86314655
928 3590 9.19418285 0.00919418285 3.86853448
928 3590 9.19420654 0.00919420654 3.86853448
928 3590 9.19418834 0.00919418834 3.86853448
928 3590 9.19416294 0.00919416294 3.86853448
928 3590 9.19415362 0.00919415362 3.86853448
928 3590 9.19416913 0.00919416913 3.86853448
928 3590 9.19417058 0.00919417058 3.86853448
928 3590 9.19416678 0.00919416678 3.86853448
927 3580 9.17505518 0.00917505518 3.86192017
927 3580 9.1750888 0.0091750888 3.86192017
927 3580 9.17512979 0.00917512979 3.86192017
927 3577 9.17448406 0.00917448406 3.85868393
927 3580 9.17510549 0.00917510549 3.86192017
927 3580 9.17513076 0.00917513076 3.86192017
927 3580 9.17504849 0.00917504849 3.86192017
927 3580 9.17506056 0.00917506056 3.86192017
927 3580 9.17512016 0.00917512016 3.86192017
927 3580 9.17508364 0.00917508364 3.86192017
926 3567 9.15556532 0.00915556532 3.85205184
926 3567 9.15567761 0.00915567761 3.85205184
926 3571 9.15565641 0.00915565641 3.85637149
926 3571 9.15596157 0.00915596157 3.85637149
926 3572 9.15557657 0.00915557657 3.8574514
926 3572 9.15561649 0.00915561649 3.8574514
926 3572 9.15560463 0.00915560463 3.8574514
926 3572 9.15562254 0.00915562254 3.8574514
926 3572 9.15563982 0.00915563982 3.8574514
926 3572 9.15565896 0.00915565896 3.8574514
925 3562 9.13680938 0.00913680938 3.85081081
925 3562 9.1368092 0.0091368092 3.85081081
925 3562 9.13673985 0.00913673985 3.85081081
925 3562 9.1367413 0.0091367413 3.85081081
925 3562 9.13671499 0.00913671499 3.85081081
925 3562 9.13670979 0.00913670979 3.85081081
925 3562 9.13671007 0.00913671007 3.85081081
925 3562 9.13671001 0.00913671001 3.85081081
925 3562 9.13671037 0.00913671037 3.85081081
925 3562 9.1367105 0.0091367105 3.85081081
924 3549 9.11753964 0.00911753964 3.84090909
924 3549 9.11733874 0.00911733874 3.84090909
924 3549 9.11730254 0.00911730254 3.84090909
924 3558 9.11671071 0.00911671071 3.85064935
924 3549 9.1174112 0.0091174112 3.84090909
924 3549 9.11740943 0.00911740943 3.84090909
924 3549 9.11730777 0.00911730777 3.84090909
924 3549 9.11738369 0.00911738369 3.84090909
924 3549 9.1173448 0.0091173448 3.84090909
924 3549 9.11740296 0.00911740296 3.84090909
923 3539 9.09756933 0.00909756933 3.83423619
923 3539 9.09771959 0.00909771959 3.83423619
923 3545 9.09756612 0.00909756612 3.84073673
923 3548 9.09727068 0.00909727068 3.843987
923 3545 9.09762843 0.00909762843 3.84073673
923 3545 9.09775755 0.00909775755 3.84073673
923 3539 9.09777777 0.00909777777 3.83423619
923 3539 9.09776452 0.00909776452 3.83423619
923 3539 9.09778224 0.00909778224 3.83423619
923 3539 9.09777181 0.00909777181 3.83423619
922 3535 9.0785712 0.0090785712 3.8340564
922 3535 9.07860604 0.00907860604 3.8340564
922 3535 9.07874001 0.00907874001 3.8340564
922 3535 9.07866728 0.00907866728 3.8340564
922 3535 9.0785824 0.0090785824 3.8340564
922 3535 9.07856698 0.00907856698 3.8340564
922 3535 9.07856778 0.00907856778 3.8340564
922 3535 9.07857364 0.00907857364 3.8340564
922 3535 9.07858205 0.00907858205 3.8340564
922 3535 9.0785875 0.0090785875 3.8340564
921 3525 9.05893207 0.00905893207 3.82736156
921 3525 9.05892344 0.00905892344 3.82736156
921 3525 9.05905939 0.00905905939 3.82736156
921 3525 9.05911859 0.00905911859 3.82736156
921 3525 9.05913946 0.00905913946 3.82736156
921 3525 9.05916075 0.00905916075 3.82736156
921 3525 9.05917737 0.00905917737 3.82736156
921 3525 9.05918155 0.00905918155 3.82736156
921 3525 9.05918152 0.00905918152 3.82736156
921 3525 9.05917981 0.00905917981 3.82736156
920 3517 9.03920586 0.00903920586 3.82282609
920 3518 9.0378047 0.0090378047 3.82391304
920 3520 9.04121142 0.00904121142 3.82608696
920 3513 9.04127649 0.00904127649 3.81847826
920 3515 9.04157578 0.00904157578 3.82065217
920 3517 9.04367396 0.00904367396 3.82282609
920 3520 9.0450235 0.0090450235 3.82608696
920 3520 9.04463964 0.00904463964 3.82608696
920 3520 9.04476427 0.00904476427 3.82608696
920 3519 9.04422381 0.00904422381 3.825
919 3510 9.02595558 0.00902595558 3.81936888
919 3510 9.02587934 0.00902587934 3.81936888
919 3510 9.02583063 0.00902583063 3.81936888
919 3510 9.02594594 0.00902594594 3.81936888
919 3510 9.02599251 0.00902599251 3.81936888
919 3510 9.02599031 0.00902599031 3.81936888
919 3510 9.02598916 0.00902598916 3.81936888
919 3510 9.02598164 0.00902598164 3.81936888
919 3510 9.02597877 0.00902597877 3.81936888
919 3510 9.02597716 0.00902597716 3.81936888
918 3497 9.00691076 0.00900691076 3.80936819
918 3497 9.00712401 0.00900712401 3.80936819
918 3497 9.00690464 0.00900690464 3.80936819
918 3497 9.00698112 0.00900698112 3.80936819
918 3497 9.00705908 0.00900705908 3.80936819
918 3497 9.00695374 0.00900695374 3.80936819
918 3497 9.00704117 0.00900704117 3.80936819
918 3506 9.00657413 0.00900657413 3.81917211
918 3497 9.00695824 0.00900695824 3.80936819
918 3497 9.00695594 0.00900695594 3.80936819
917 3487 8.98795317 0.00898795317 3.80261723
917 3493 8.9880442 0.0089880442 3.80916031
917 3493 8.98818743 0.00898818743 3.80916031
917 3493 8.98814869 0.00898814869 3.80916031
917 3493 8.98807545 0.00898807545 3.80916031
917 3493 8.98803222 0.00898803222 3.80916031
917 3493 8.98802458 0.00898802458 3.80916031
917 3493 8.98802355 0.00898802355 3.80916031
917 3493 8.98802982 0.00898802982 3.80916031
917 3493 8.98803336 0.00898803336 3.80916031
916 3483 8.96912864 0.00896912864 3.80240175
916 3483 8.96909683 0.00896909683 3.80240175
916 3483 8.96910323 0.00896910323 3.80240175
916 3483 8.96912928 0.00896912928 3.80240175
916 3483 8.96913925 0.00896913925 3.80240175
916 3483 8.96914889 0.00896914889 3.80240175
916 3483 8.96915742 0.00896915742 3.80240175
916 3483 8.96915626 0.00896915626 3.80240175
916 3483 8.96915675 0.00896915675 3.80240175
916 3483 8.96915692 0.00896915692 3.80240175
915 3473 8.949493 0.008949493 3.79562842
915 3478 8.9478916 0.0089478916 3.8010929
915 3473 8.94935967 0.00894935967 3.79562842
915 3473 8.9495852 0.0089495852 3.79562842
915 3473 8.94958068 0.00894958068 3.79562842
915 3473 8.94955834 0.00894955834 3.79562842
915 3473 8.94955317 0.00894955317 3.79562842
915 3473 8.94955558 0.00894955558 3.79562842
915 3473 8.949556 0.008949556 3.79562842
915 3473 8.94955606 0.00894955606 3.79562842
914 3468 8.92953368 0.00892953368 3.79431072
914 3468 8.92949734 0.00892949734 3.79431072
914 3468 8.92945835 0.00892945835 3.79431072
914 3468 8.92942454 0.00892942454 3.79431072
914 3468 8.92943864 0.00892943864 3.79431072
914 3468 8.92943908 0.00892943908 3.79431072
914 3468 8.92944111 0.00892944111 3.79431072
914 3468 8.92944471 0.00892944471 3.79431072
914 3468 8.92944579 0.00892944579 3.79431072
914 3468 8.92944603 0.00892944603 3.79431072
913 3462 8.9091303 0.0089091303 3.79189485
913 3462 8.90905511 0.00890905511 3.79189485
913 3462 8.90891897 0.00890891897 3.79189485
913 3462 8.90911532 0.00890911532 3.79189485
913 3462 8.90904928 0.00890904928 3.79189485
913 3462 8.90913756 0.00890913756 3.79189485
913 3462 8.90916581 0.00890916581 3.79189485
913 3462 8.90913376 0.00890913376 3.79189485
913 3462 8.90912043 0.00890912043 3.79189485
913 3462 8.90911332 0.00890911332 3.79189485
912 3450 8.88780056 0.00888780056 3.78289474
912 3450 8.88775922 0.00888775922 3.78289474
912 3450 8.88786081 0.00888786081 3.78289474
912 3455 8.88762199 0.00888762199 3.78837719
912 3450 8.88792511 0.00888792511 3.78289474
912 3450 8.88786182 0.00888786182 3.78289474
912 3450 8.88786879 0.00888786879 3.78289474
912 3450 8.8877413 0.0088877413 3.78289474
912 3450 8.887776 0.008887776 3.78289474
912 3450 8.8878437 0.0088878437 3.78289474
911 3445 8.86651823 0.00886651823 3.78155873
911 3443 8.86650189 0.00886650189 3.77936334
911 3443 8.86662198 0.00886662198 3.77936334
911 3443 8.86662863 0.00886662863 3.77936334
911 3443 8.86660973 0.00886660973 3.77936334
911 3445 8.86667169 0.00886667169 3.78155873
911 3445 8.86669993 0.00886669993 3.78155873
911 3445 8.8667318 0.0088667318 3.78155873
911 3445 8.86674118 0.00886674118 3.78155873
911 3445 8.86673977 0.00886673977 3.78155873
910 3438 8.84565031 0.00884565031 3.77802198
910 3438 8.84571829 0.00884571829 3.77802198
910 3438 8.84546164 0.00884546164 3.77802198
910 3438 8.84547595 0.00884547595 3.77802198
910 3438 8.84529847 0.00884529847 3.77802198
910 3436 8.84605268 0.00884605268 3.77582418
910 3433 8.84211337 0.00884211337 3.77252747
910 3437 8.85307565 0.00885307565 3.77692308
910 3438 8.85079465 0.00885079465 3.77802198
910 3434 8.86185899 0.00886185899 3.77362637
909 3427 8.84567694 0.00884567694 3.77007701
909 3428 8.84528804 0.00884528804 3.77117712
909 3427 8.84578651 0.00884578651 3.77007701
909 3427 8.84574133 0.00884574133 3.77007701
909 3427 8.84570179 0.00884570179 3.77007701
909 3427 8.84569449 0.00884569449 3.77007701
909 3427 8.84567695 0.00884567695 3.77007701
909 3427 8.84569044 0.00884569044 3.77007701
909 3427 8.84569568 0.00884569568 3.77007701
909 3427 8.84569304 0.00884569304 3.77007701
908 3421 8.82572772 0.00882572772 3.76762115
908 3421 8.82577888 0.00882577888 3.76762115
908 3421 8.82576933 0.00882576933 3.76762115
908 3421 8.82564059 0.00882564059 3.76762115
908 3421 8.82567409 0.00882567409 3.76762115
908 3421 8.82568883 0.00882568883 3.76762115
908 3421 8.82564779 0.00882564779 3.76762115
908 3421 8.82568478 0.00882568478 3.76762115
908 3421 8.8256554 0.0088256554 3.76762115
908 3421 8.82568483 0.00882568483 3.76762115
907 3414 8.80459192 0.00880459192 3.76405733
907 3416 8.80467577 0.00880467577 3.7662624
907 3414 8.80448279 0.00880448279 3.76405733
907 3414 8.80460432 0.00880460432 3.76405733
907 3416 8.80469432 0.00880469432 3.7662624
907 3416 8.80460488 0.00880460488 3.7662624
907 3414 8.80459696 0.00880459696 3.76405733
907 3414 8.80455759 0.00880455759 3.76405733
907 3414 8.80452936 0.00880452936 3.76405733
907 3414 8.80459252 0.00880459252 3.76405733
906 3409 8.78342676 0.00878342676 3.76269316
906 3402 8.78330419 0.00878330419 3.75496689
906 3404 8.78344646 0.00878344646 3.75717439
906 3402 8.78332328 0.00878332328 3.75496689
906 3404 8.78340896 0.00878340896 3.75717439
906 3402 8.78331258 0.00878331258 3.75496689
906 3402 8.78339672 0.00878339672 3.75496689
906 3402 8.78336134 0.00878336134 3.75496689
906 3402 8.78336912 0.00878336912 3.75496689
906 3402 8.78337149 0.00878337149 3.75496689
905 3397 8.76279536 0.00876279536 3.75359116
905 3397 8.76289436 0.00876289436 3.75359116
905 3397 8.76302642 0.00876302642 3.75359116
905 3397 8.76298867 0.00876298867 3.75359116
905 3397 8.76299551 0.00876299551 3.75359116
905 3397 8.76295959 0.00876295959 3.75359116
905 3397 8.76298466 0.00876298466 3.75359116
905 3397 8.76294678 0.00876294678 3.75359116
905 3397 8.76297876 0.00876297876 3.75359116
905 3397 8.76294649 0.00876294649 3.75359116
904 3386 8.74116757 0.00874116757 3.74557522
904 3393 8.7394496 0.0087394496 3.75331858
904 3387 8.74338805 0.00874338805 3.74668142
904 3391 8.74358604 0.00874358604 3.75110619
904 3396 8.74456191 0.00874456191 3.75663717
904 3393 8.74241285 0.00874241285 3.75331858
904 3396 8.74489004 0.00874489004 3.75663717
904 3396 8.74499435 0.00874499435 3.75663717
904 3396 8.74495231 0.00874495231 3.75663717
904 3396 8.7449575 0.0087449575 3.75663717
903 3390 8.72479571 0.00872479571 3.75415282
903 3390 8.72459808 0.00872459808 3.75415282
903 3390 8.72465742 0.00872465742 3.75415282
903 3390 8.72468142 0.00872468142 3.75415282
903 3390 8.72467561 0.00872467561 3.75415282
903 3390 8.72467906 0.00872467906 3.75415282
903 3390 8.72467896 0.00872467896 3.75415282
903 3390 8.72467947 0.00872467947 3.75415282
903 3390 8.72467956 0.00872467956 3.75415282
903 3390 8.72467945 0.00872467945 3.75415282
902 3385 8.70430898 0.00870430898 3.75277162
902 3378 8.70364543 0.00870364543 3.74501109
902 3385 8.70430283 0.00870430283 3.75277162
902 3385 8.70442012 0.00870442012 3.75277162
902 3385 8.70442148 0.00870442148 3.75277162
902 3385 8.70440636 0.00870440636 3.75277162
902 3385 8.7043938 0.0087043938 3.75277162
902 3385 8.70438304 0.00870438304 3.75277162
902 3385 8.70437627 0.00870437627 3.75277162
902 3385 8.70437576 0.00870437576 3.75277162
901 3373 8.68383278 0.00868383278 3.7436182
901 3373 8.68390263 0.00868390263 3.7436182
901 3373 8.68385578 0.00868385578 3.7436182
901 3373 8.68391956 0.00868391956 3.7436182
901 3373 8.68382947 0.00868382947 3.7436182
901 3373 8.68392058 0.00868392058 3.7436182
901 3373 8.68382979 0.00868382979 3.7436182
901 3373 8.68390113 0.00868390113 3.7436182
901 3373 8.68382599 0.00868382599 3.7436182
901 3373 8.68390453 0.00868390453 3.7436182
900 3367 8.66254421 0.00866254421 3.74111111
900 3365 8.66213575 0.00866213575 3.73888889
899 3358 8.643732 0.008643732 3.7352614
899 3362 8.64504638 0.00864504638 3.73971079
899 3362 8.6448718 0.0086448718 3.73971079
899 3362 8.6450145 0.0086450145 3.73971079
899 3362 8.64488383 0.00864488383 3.73971079
899 3362 8.64492605 0.00864492605 3.73971079
899 3362 8.64495497 0.00864495497 3.73971079
899 3362 8.64495144 0.00864495144 3.73971079
898 3356 8.62418384 0.00862418384 3.73719376
898 3356 8.62399318 0.00862399318 3.73719376
898 3356 8.62408963 0.00862408963 3.73719376
898 3356 8.62415831 0.00862415831 3.73719376
898 3356 8.62400912 0.00862400912 3.73719376
898 3356 8.62414373 0.00862414373 3.73719376
898 3356 8.62411275 0.00862411275 3.73719376
898 3356 8.62412842 0.00862412842 3.73719376
898 3356 8.62415244 0.00862415244 3.73719376
898 3356 8.62415306 0.00862415306 3.73719376
897 3344 8.60279976 0.00860279976 3.72798216
897 3352 8.59306118 0.00859306118 3.73690078
897 3346 8.60271857 0.00860271857 3.73021182
897 3342 8.60116396 0.00860116396 3.72575251
897 3344 8.60741892 0.00860741892 3.72798216
897 3346 8.61608704 0.00861608704 3.73021182
897 3344 8.62313444 0.00862313444 3.72798216
897 3343 8.63360638 0.00863360638 3.72686734
897 3342 8.63573305 0.00863573305 3.72575251
897 3344 8.63492046 0.00863492046 3.72798216
896 3338 8.61694963 0.00861694963 3.72544643
896 3336 8.6175251 0.0086175251 3.72321429
896 3340 8.61352753 0.00861352753 3.72767857
896 3335 8.61217335 0.00861217335 3.72209821
896 3340 8.61430428 0.00861430428 3.72767857
896 3339 8.61802365 0.00861802365 3.7265625
896 3338 8.61370868 0.00861370868 3.72544643
896 3342 8.61887458 0.00861887458 3.72991071
896 3342 8.61868555 0.00861868555 3.72991071
896 3342 8.61896927 0.00861896927 3.72991071
895 3333 8.60022011 0.00860022011 3.72402235
895 3333 8.60001024 0.00860001024 3.72402235
895 3337 8.59979267 0.00859979267 3.72849162
895 3333 8.59990729 0.00859990729 3.72402235
895 3333 8.59996212 0.00859996212 3.72402235
895 3333 8.60002929 0.00860002929 3.72402235
895 3333 8.59992165 0.00859992165 3.72402235
895 3333 8.59995334 0.00859995334 3.72402235
895 3333 8.60009741 0.00860009741 3.72402235
895 3341 8.59691745 0.00859691745 3.73296089
894 3328 8.58106201 0.00858106201 3.72259508
894 3328 8.58094496 0.00858094496 3.72259508
894 3328 8.58090838 0.00858090838 3.72259508
894 3328 8.58089549 0.00858089549 3.72259508
894 3328 8.58090843 0.00858090843 3.72259508
894 3328 8.58090703 0.00858090703 3.72259508
894 3328 8.58090335 0.00858090335 3.72259508
894 3328 8.58090258 0.00858090258 3.72259508
894 3328 8.58090485 0.00858090485 3.72259508
894 3328 8.58090496 0.00858090496 3.72259508
893 3320 8.56167207 0.00856167207 3.71780515
893 3320 8.56196516 0.00856196516 3.71780515
893 3320 8.56193901 0.00856193901 3.71780515
893 3320 8.56191171 0.00856191171 3.71780515
893 3320 8.56191483 0.00856191483 3.71780515
893 3320 8.56190534 0.00856190534 3.71780515
893 3320 8.56190572 0.00856190572 3.71780515
893 3320 8.56191244 0.00856191244 3.71780515
893 3320 8.56191475 0.00856191475 3.71780515
893 3320 8.56191321 0.00856191321 3.71780515
892 3314 8.5424512 0.0085424512 3.71524664
892 3314 8.54233159 0.00854233159 3.71524664
892 3314 8.54241565 0.00854241565 3.71524664
892 3314 8.54238323 0.00854238323 3.71524664
892 3314 8.54242407 0.00854242407 3.71524664
892 3314 8.54245839 0.00854245839 3.71524664
892 3314 8.54245728 0.00854245728 3.71524664
892 3314 8.54245 0.00854245 3.71524664
892 3314 8.54244764 0.00854244764 3.71524664
892 3314 8.54244651 0.00854244651 3.71524664
891 3308 8.52267734 0.00852267734 3.71268238
891 3308 8.52286387 0.00852286387 3.71268238
891 3308 8.52270271 0.00852270271 3.71268238
891 3308 8.52289279 0.00852289279 3.71268238
891 3308 8.52269473 0.00852269473 3.71268238
891 3308 8.5228938 0.0085228938 3.71268238
891 3308 8.52269601 0.00852269601 3.71268238
891 3308 8.52289001 0.00852289001 3.71268238
891 3308 8.52269606 0.00852269606 3.71268238
891 3308 8.52289164 0.00852289164 3.71268238
890 3303 8.50179226 0.00850179226 3.71123596
890 3302 8.50276698 0.00850276698 3.71011236
890 3303 8.50207702 0.00850207702 3.71123596
890 3303 8.5019192 0.0085019192 3.71123596
890 3303 8.50211158 0.00850211158 3.71123596
890 3303 8.50200897 0.00850200897 3.71123596
890 3303 8.50183323 0.00850183323 3.71123596
890 3303 8.50181676 0.00850181676 3.71123596
890 3303 8.50210408 0.00850210408 3.71123596
890 3303 8.50201212 0.00850201212 3.71123596
889 3297 8.48308139 0.00848308139 3.70866142
889 3297 8.48318326 0.00848318326 3.70866142
889 3297 8.48330247 0.00848330247 3.70866142
889 3297 8.48321842 0.00848321842 3.70866142
889 3297 8.48322193 0.00848322193 3.70866142
889 3297 8.48325354 0.00848325354 3.70866142
889 3297 8.48326668 0.00848326668 3.70866142
889 3297 8.48326908 0.00848326908 3.70866142
889 3297 8.48327018 0.00848327018 3.70866142
889 3297 8.4832694 0.0084832694 3.70866142
888 3288 8.46276472 0.00846276472 3.7027027
888 3287 8.46163384 0.00846163384 3.70157658
888 3291 8.46179296 0.00846179296 3.70608108
888 3287 8.45275431 0.00845275431 3.70157658
888 3287 8.46062652 0.00846062652 3.70157658
888 3291 8.4618018 0.0084618018 3.70608108
888 3291 8.46187619 0.00846187619 3.70608108
888 3286 8.46217065 0.00846217065 3.70045045
888 3287 8.46130251 0.00846130251 3.70157658
888 3283 8.46203807 0.00846203807 3.69707207
887 3277 8.44310601 0.00844310601 3.69447576
887 3281 8.44204884 0.00844204884 3.69898534
886 3272 8.43071676 0.00843071676 3.69300226
886 3270 8.43216708 0.00843216708 3.69074492
886 3271 8.43163789 0.00843163789 3.69187359
886 3270 8.43206087 0.00843206087 3.69074492
886 3270 8.432113 0.008432113 3.69074492
886 3270 8.4320381 0.0084320381 3.69074492
886 3270 8.43203855 0.00843203855 3.69074492
886 3270 8.4320444 0.0084320444 3.69074492
885 3265 8.41313163 0.00841313163 3.68926554
885 3265 8.41318952 0.00841318952 3.68926554
885 3265 8.41313419 0.00841313419 3.68926554
885 3265 8.41314669 0.00841314669 3.68926554
885 3265 8.41315828 0.00841315828 3.68926554
885 3265 8.41316104 0.00841316104 3.68926554
885 3265 8.41316187 0.00841316187 3.68926554
885 3265 8.41316255 0.00841316255 3.68926554
885 3265 8.4131628 0.0084131628 3.68926554
885 3265 8.41316276 0.00841316276 3.68926554
884 3258 8.39387582 0.00839387582 3.68552036
884 3258 8.39386309 0.00839386309 3.68552036
884 3258 8.39387235 0.00839387235 3.68552036
884 3258 8.39385057 0.00839385057 3.68552036
884 3258 8.39382585 0.00839382585 3.68552036
884 3258 8.39381615 0.00839381615 3.68552036
884 3258 8.39381524 0.00839381524 3.68552036
884 3258 8.39381608 0.00839381608 3.68552036
884 3258 8.39381599 0.00839381599 3.68552036
884 3258 8.39381574 0.00839381574 3.68552036
883 3252 8.37416276 0.00837416276 3.68289921
883 3252 8.37435341 0.00837435341 3.68289921
883 3252 8.37439334 0.00837439334 3.68289921
883 3252 8.37435341 0.00837435341 3.68289921
883 3252 8.37435414 0.00837435414 3.68289921
883 3252 8.37435903 0.00837435903 3.68289921
883 3252 8.37437018 0.00837437018 3.68289921
883 3252 8.37437166 0.00837437166 3.68289921
883 3252 8.37437352 0.00837437352 3.68289921
883 3252 8.37437396 0.00837437396 3.68289921
882 3244 8.35371222 0.00835371222 3.67800454
882 3243 8.35060047 0.00835060047 3.67687075
882 3241 8.35536945 0.00835536945 3.67460317
882 3241 8.35530817 0.00835530817 3.67460317
882 3241 8.35520499 0.00835520499 3.67460317
882 3241 8.35514706 0.00835514706 3.67460317
882 3241 8.35515685 0.00835515685 3.67460317
882 3241 8.3551588 0.0083551588 3.67460317
882 3241 8.35516186 0.00835516186 3.67460317
882 3241 8.35516201 0.00835516201 3.67460317
881 3235 8.33534592 0.00833534592 3.67196368
881 3235 8.33534241 0.00833534241 3.67196368
881 3235 8.33544857 0.00833544857 3.67196368
881 3235 8.33542278 0.00833542278 3.67196368
881 3235 8.335416 0.008335416 3.67196368
881 3235 8.33542003 0.00833542003 3.67196368
881 3235 8.33541721 0.00833541721 3.67196368
881 3235 8.33541584 0.00833541584 3.67196368
881 3235 8.33541571 0.00833541571 3.67196368
881 3235 8.33541577 0.00833541577 3.67196368
880 3225 8.31546746 0.00831546746 3.66477273
880 3225 8.31546932 0.00831546932 3.66477273
880 3225 8.31546619 0.00831546619 3.66477273
880 3225 8.3154984 0.0083154984 3.66477273
880 3225 8.31553333 0.00831553333 3.66477273
880 3225 8.31554421 0.00831554421 3.66477273
880 3225 8.3155482 0.0083155482 3.66477273
880 3225 8.31554983 0.00831554983 3.66477273
880 3225 8.31554919 0.00831554919 3.66477273
880 3225 8.31554867 0.00831554867 3.66477273
879 3218 8.29516773 0.00829516773 3.66097838
879 3218 8.29486294 0.00829486294 3.66097838
879 3218 8.294936 0.008294936 3.66097838
879 3218 8.29488458 0.00829488458 3.66097838
879 3218 8.29489922 0.00829489922 3.66097838
879 3218 8.29489356 0.00829489356 3.66097838
879 3218 8.29489513 0.00829489513 3.66097838
879 3218 8.29489358 0.00829489358 3.66097838
879 3218 8.29489422 0.00829489422 3.66097838
879 3218 8.29489398 0.00829489398 3.66097838
878 3212 8.27404996 0.00827404996 3.65831435
878 3212 8.27417751 0.00827417751 3.65831435
878 3212 8.27428593 0.00827428593 3.65831435
878 3212 8.27427746 0.00827427746 3.65831435
878 3212 8.27429932 0.00827429932 3.65831435
878 3212 8.27429737 0.00827429737 3.65831435
878 3212 8.27429385 0.00827429385 3.65831435
878 3212 8.27429237 0.00827429237 3.65831435
878 3212 8.27429266 0.00827429266 3.65831435
878 3212 8.27429259 0.00827429259 3.65831435
877 3204 8.25265255 0.00825265255 3.65336374
877 3207 8.25234221 0.00825234221 3.65678449
877 3205 8.25216933 0.00825216933 3.65450399
877 3207 8.25240912 0.00825240912 3.65678449
877 3207 8.25250848 0.00825250848 3.65678449
877 3204 8.25255603 0.00825255603 3.65336374
877 3204 8.25245989 0.00825245989 3.65336374
877 3204 8.25254365 0.00825254365 3.65336374
877 3204 8.25255026 0.00825255026 3.65336374
877 3204 8.25252992 0.00825252992 3.65336374
876 3199 8.23148083 0.00823148083 3.65182648
876 3199 8.23142946 0.00823142946 3.65182648
876 3199 8.23161337 0.00823161337 3.65182648
876 3199 8.23182296 0.00823182296 3.65182648
876 3199 8.23181647 0.00823181647 3.65182648
876 3199 8.23179754 0.00823179754 3.65182648
876 3199 8.23177781 0.00823177781 3.65182648
876 3199 8.23178306 0.00823178306 3.65182648
876 3199 8.23178157 0.00823178157 3.65182648
876 3199 8.23178769 0.00823178769 3.65182648
875 3194 8.21019984 0.00821019984 3.65028571
875 3194 8.20992763 0.00820992763 3.65028571
875 3194 8.21002883 0.00821002883 3.65028571
875 3194 8.21000874 0.00821000874 3.65028571
875 3194 8.21000597 0.00821000597 3.65028571
875 3194 8.2099949 0.0082099949 3.65028571
875 3194 8.20999187 0.00820999187 3.65028571
875 3194 8.20999352 0.00820999352 3.65028571
875 3194 8.2099933 0.0082099933 3.65028571
875 3194 8.20999288 0.00820999288 3.65028571
874 3190 8.18848549 0.00818848549 3.64988558
874 3183 8.1870737 0.0081870737 3.64187643
874 3184 8.19851982 0.00819851982 3.64302059
874 3184 8.1986833 0.0081986833 3.64302059
874 3184 8.19805293 0.00819805293 3.64302059
874 3184 8.19796565 0.00819796565 3.64302059
874 3184 8.19849848 0.00819849848 3.64302059
874 3184 8.19844459 0.00819844459 3.64302059
874 3184 8.19862452 0.00819862452 3.64302059
874 3184 8.19873607 0.00819873607 3.64302059
873 3179 8.17747085 0.00817747085 3.64146621
873 3179 8.17717184 0.00817717184 3.64146621
873 3179 8.17691195 0.00817691195 3.64146621
873 3179 8.17731603 0.00817731603 3.64146621
873 3179 8.17691537 0.00817691537 3.64146621
873 3179 8.1769217 0.0081769217 3.64146621
873 3179 8.17729698 0.00817729698 3.64146621
873 3179 8.1769283 0.0081769283 3.64146621
873 3179 8.17691894 0.00817691894 3.64146621
873 3179 8.17729757 0.00817729757 3.64146621
872 3170 8.15492199 0.00815492199 3.6353211
872 3170 8.15531409 0.00815531409 3.6353211
872 3170 8.15498803 0.00815498803 3.6353211
872 3170 8.15499402 0.00815499402 3.6353211
872 3170 8.15504885 0.00815504885 3.6353211
872 3170 8.1550645 0.0081550645 3.6353211
872 3170 8.15507488 0.00815507488 3.6353211
872 3170 8.1550646 0.0081550646 3.6353211
872 3170 8.15506801 0.00815506801 3.6353211
872 3170 8.15506911 0.00815506911 3.6353211
871 3163 8.13309943 0.00813309943 3.63145809
871 3163 8.13335425 0.00813335425 3.63145809
871 3163 8.13323954 0.00813323954 3.63145809
871 3163 8.13329691 0.00813329691 3.63145809
871 3163 8.13329732 0.00813329732 3.63145809
871 3163 8.13327702 0.00813327702 3.63145809
871 3163 8.13329058 0.00813329058 3.63145809
871 3163 8.13327418 0.00813327418 3.63145809
871 3163 8.13329093 0.00813329093 3.63145809
871 3163 8.13327404 0.00813327404 3.63145809
870 3156 8.11076332 0.00811076332 3.62758621
870 3154 8.11078046 0.00811078046 3.62528736
870 3154 8.11086453 0.00811086453 3.62528736
870 3156 8.11085634 0.00811085634 3.62758621
870 3162 8.11024584 0.00811024584 3.63448276
870 3160 8.10898542 0.00810898542 3.63218391
870 3162 8.11027463 0.00811027463 3.63448276
870 3156 8.11088217 0.00811088217 3.62758621
870 3156 8.11085935 0.00811085935 3.62758621
870 3156 8.11078422 0.00811078422 3.62758621
869 3147 8.08908022 0.00808908022 3.62140391
869 3147 8.0890943 0.0080890943 3.62140391
869 3153 8.08916183 0.00808916183 3.6283084
869 3153 8.08905332 0.00808905332 3.6283084
869 3147 8.08906459 0.00808906459 3.62140391
869 3147 8.08917177 0.00808917177 3.62140391
869 3147 8.08910544 0.00808910544 3.62140391
869 3147 8.0891244 0.0080891244 3.62140391
869 3147 8.08913198 0.00808913198 3.62140391
869 3147 8.0891303 0.0080891303 3.62140391
868 3144 8.06774834 0.00806774834 3.62211982
868 3139 8.06746185 0.00806746185 3.61635945
868 3144 8.06793085 0.00806793085 3.62211982
868 3144 8.06775523 0.00806775523 3.62211982
868 3143 8.06861872 0.00806861872 3.62096774
868 3143 8.06846871 0.00806846871 3.62096774
868 3143 8.0684101 0.0080684101 3.62096774
868 3143 8.06840483 0.00806840483 3.62096774
868 3143 8.0684243 0.0080684243 3.62096774
868 3143 8.06843469 0.00806843469 3.62096774
867 3136 8.04655732 0.00804655732 3.61707036
867 3136 8.04658504 0.00804658504 3.61707036
867 3136 8.0466118 0.0080466118 3.61707036
867 3136 8.04656745 0.00804656745 3.61707036
867 3136 8.04671398 0.00804671398 3.61707036
867 3136 8.04662552 0.00804662552 3.61707036
867 3136 8.04658488 0.00804658488 3.61707036
867 3136 8.04660147 0.00804660147 3.61707036
867 3136 8.04661381 0.00804661381 3.61707036
867 3136 8.04662077 0.00804662077 3.61707036
866 3126 8.02373069 0.00802373069 3.60969977
866 3123 8.02286874 0.00802286874 3.60623557
866 3120 8.02705229 0.00802705229 3.60277136
866 3120 8.02695361 0.00802695361 3.60277136
866 3120 8.02680113 0.00802680113 3.60277136
866 3120 8.02685686 0.00802685686 3.60277136
866 3120 8.02688018 0.00802688018 3.60277136
866 3120 8.02687883 0.00802687883 3.60277136
866 3120 8.02687439 0.00802687439 3.60277136
866 3120 8.02687078 0.00802687078 3.60277136
865 3113 8.00519281 0.00800519281 3.59884393
865 3113 8.00532048 0.00800532048 3.59884393
865 3113 8.00540111 0.00800540111 3.59884393
865 3113 8.00540295 0.00800540295 3.59884393
865 3113 8.00539451 0.00800539451 3.59884393
865 3113 8.00539991 0.00800539991 3.59884393
865 3113 8.00539347 0.00800539347 3.59884393
865 3113 8.00539645 0.00800539645 3.59884393
865 3113 8.00539979 0.00800539979 3.59884393
865 3113 8.00539326 0.00800539326 3.59884393
864 3108 7.98310463 0.00798310463 3.59722222
864 3110 7.97620233 0.00797620233 3.59953704
864 3112 7.98467473 0.00798467473 3.60185185
864 3111 7.98745301 0.00798745301 3.60069444
864 3110 7.98877842 0.00798877842 3.59953704
864 3105 7.98805372 0.00798805372 3.59375
864 3111 7.98035377 0.00798035377 3.60069444
864 3106 7.99044195 0.00799044195 3.59490741
864 3110 7.99142339 0.00799142339 3.59953704
864 3104 7.99296302 0.00799296302 3.59259259
863 3101 7.97328494 0.00797328494 3.59327926
863 3102 7.97385582 0.00797385582 3.59443801
863 3102 7.97350907 0.00797350907 3.59443801
863 3102 7.97375339 0.00797375339 3.59443801
863 3102 7.97359348 0.00797359348 3.59443801
863 3102 7.97357126 0.00797357126 3.59443801
863 3102 7.97378233 0.00797378233 3.59443801
863 3102 7.97358585 0.00797358585 3.59443801
863 3102 7.97357944 0.00797357944 3.59443801
863 3102 7.97378171 0.00797378171 3.59443801
862 3096 7.9530398 0.0079530398 3.59164733
862 3096 7.95273507 0.00795273507 3.59164733
862 3095 7.95268542 0.00795268542 3.59048724
862 3095 7.95237882 0.00795237882 3.59048724
862 3095 7.95225135 0.00795225135 3.59048724
862 3095 7.95223729 0.00795223729 3.59048724
862 3095 7.95227152 0.00795227152 3.59048724
862 3095 7.95226757 0.00795226757 3.59048724
862 3095 7.9522651 0.0079522651 3.59048724
862 3095 7.95226387 0.00795226387 3.59048724
861 3089 7.93166694 0.00793166694 3.58768873
861 3089 7.93213298 0.00793213298 3.58768873
861 3089 7.93196694 0.00793196694 3.58768873
861 3089 7.93191841 0.00793191841 3.58768873
861 3089 7.93190899 0.00793190899 3.58768873
861 3089 7.93191196 0.00793191196 3.58768873
861 3089 7.93191268 0.00793191268 3.58768873
861 3089 7.93191065 0.00793191065 3.58768873
861 3089 7.93191177 0.00793191177 3.58768873
861 3089 7.93191206 0.00793191206 3.58768873
860 3081 7.9107172 0.0079107172 3.58255814
860 3081 7.91064953 0.00791064953 3.58255814
860 3081 7.91070819 0.00791070819 3.58255814
860 3081 7.91069937 0.00791069937 3.58255814
860 3081 7.91070217 0.00791070217 3.58255814
860 3081 7.91069206 0.00791069206 3.58255814
860 3081 7.91069416 0.00791069416 3.58255814
860 3081 7.91069219 0.00791069219 3.58255814
860 3081 7.91069269 0.00791069269 3.58255814
860 3081 7.91069249 0.00791069249 3.58255814
859 3073 7.88871195 0.00788871195 3.5774156
858 3064 7.87412028 0.00787412028 3.57109557
858 3066 7.8817385 0.0078817385 3.57342657
858 3066 7.88159422 0.00788159422 3.57342657
858 3066 7.8815438 0.0078815438 3.57342657
858 3066 7.88154561 0.00788154561 3.57342657
858 3066 7.88160207 0.00788160207 3.57342657
858 3066 7.88154353 0.00788154353 3.57342657
858 3066 7.88158147 0.00788158147 3.57342657
858 3066 7.88154791 0.00788154791 3.57342657
857 3058 7.86060225 0.00786060225 3.56826138
857 3058 7.86062611 0.00786062611 3.56826138
857 3058 7.86067175 0.00786067175 3.56826138
857 3058 7.86029246 0.00786029246 3.56826138
857 3058 7.86048629 0.00786048629 3.56826138
857 3058 7.86021278 0.00786021278 3.56826138
857 3058 7.8606657 0.0078606657 3.56826138
857 3058 7.86007874 0.00786007874 3.56826138
857 3058 7.86070048 0.00786070048 3.56826138
857 3058 7.86009573 0.00786009573 3.56826138
856 3052 7.83864968 0.00783864968 3.56542056
856 3052 7.83844549 0.00783844549 3.56542056
856 3048 7.83842682 0.00783842682 3.56074766
856 3048 7.83857995 0.00783857995 3.56074766
856 3054 7.83881498 0.00783881498 3.56775701
856 3054 7.84072598 0.00784072598 3.56775701
856 3052 7.83444321 0.00783444321 3.56542056
856 3054 7.83960881 0.00783960881 3.56775701
856 3054 7.84057956 0.00784057956 3.56775701
856 3054 7.8404889 0.0078404889 3.56775701
855 3048 7.81953483 0.00781953483 3.56491228
855 3048 7.81977409 0.00781977409 3.56491228
855 3046 7.81947886 0.00781947886 3.5625731
855 3046 7.81937971 0.00781937971 3.5625731
855 3048 7.81971956 0.00781971956 3.56491228
855 3048 7.81963605 0.00781963605 3.56491228
855 3048 7.8196558 0.0078196558 3.56491228
855 3048 7.81965913 0.00781965913 3.56491228
855 3048 7.81972827 0.00781972827 3.56491228
855 3048 7.81965641 0.00781965641 3.56491228
854 3040 7.7988376 0.0077988376 3.55971897
854 3040 7.79861942 0.00779861942 3.55971897
854 3040 7.79903768 0.00779903768 3.55971897
854 3040 7.79848657 0.00779848657 3.55971897
854 3040 7.79880636 0.00779880636 3.55971897
854 3040 7.79854487 0.00779854487 3.55971897
854 3040 7.79909975 0.00779909975 3.55971897
854 3040 7.79845975 0.00779845975 3.55971897
854 3040 7.79880428 0.00779880428 3.55971897
854 3040 7.79854572 0.00779854572 3.55971897
853 3030 7.77757135 0.00777757135 3.55216882
853 3030 7.77724725 0.00777724725 3.55216882
853 3030 7.77724574 0.00777724574 3.55216882
853 3030 7.77726786 0.00777726786 3.55216882
853 3030 7.77728039 0.00777728039 3.55216882
853 3030 7.77726577 0.00777726577 3.55216882
853 3030 7.77726214 0.00777726214 3.55216882
853 3030 7.77726265 0.00777726265 3.55216882
853 3030 7.77726366 0.00777726366 3.55216882
853 3030 7.7772633 0.0077772633 3.55216882
852 3022 7.75526151 0.00775526151 3.54694836
852 3024 7.74987864 0.00774987864 3.54929577
852 3027 7.76400264 0.00776400264 3.5528169
852 3027 7.77125604 0.00777125604 3.5528169
852 3027 7.77129423 0.00777129423 3.5528169
852 3027 7.77120642 0.00777120642 3.5528169
852 3025 7.77096976 0.00777096976 3.55046948
852 3026 7.77134378 0.00777134378 3.55164319
852 3027 7.77122074 0.00777122074 3.5528169
852 3027 7.77135517 0.00777135517 3.5528169
851 3019 7.75063198 0.00775063198 3.54759107
851 3019 7.75058309 0.00775058309 3.54759107
851 3019 7.75046926 0.00775046926 3.54759107
851 3019 7.75039045 0.00775039045 3.54759107
851 3019 7.75039535 0.00775039535 3.54759107
851 3019 7.75049963 0.00775049963 3.54759107
851 3019 7.75086411 0.00775086411 3.54759107
851 3019 7.75045206 0.00775045206 3.54759107
851 3019 7.75035451 0.00775035451 3.54759107
851 3019 7.75030243 0.00775030243 3.54759107
850 3012 7.72878269 0.00772878269 3.54352941
849 3008 7.70978696 0.00770978696 3.54299176
849 3008 7.70960886 0.00770960886 3.54299176
849 3008 7.70948804 0.00770948804 3.54299176
849 3008 7.70932255 0.00770932255 3.54299176
849 3008 7.70986354 0.00770986354 3.54299176
849 3008 7.7097165 0.0077097165 3.54299176
849 3008 7.70936916 0.00770936916 3.54299176
849 3008 7.70929775 0.00770929775 3.54299176
849 3008 7.70930311 0.00770930311 3.54299176
848 2998 7.68854453 0.00768854453 3.53537736
848 2998 7.68929122 0.00768929122 3.53537736
848 2998 7.68913536 0.00768913536 3.53537736
848 2998 7.68898288 0.00768898288 3.53537736
848 2998 7.6889387 0.0076889387 3.53537736
848 2998 7.68892759 0.00768892759 3.53537736
848 2998 7.68894459 0.00768894459 3.53537736
848 2998 7.68895191 0.00768895191 3.53537736
848 2998 7.68895354 0.00768895354 3.53537736
848 2998 7.6889548 0.0076889548 3.53537736
847 2992 7.66733412 0.00766733412 3.53246753
847 2992 7.66751922 0.00766751922 3.53246753
847 2992 7.66753394 0.00766753394 3.53246753
847 2992 7.66748251 0.00766748251 3.53246753
847 2992 7.66756477 0.00766756477 3.53246753
847 2992 7.66744469 0.00766744469 3.53246753
847 2992 7.66760729 0.00766760729 3.53246753
847 2992 7.66749325 0.00766749325 3.53246753
847 2992 7.66747234 0.00766747234 3.53246753
847 2992 7.66756653 0.00766756653 3.53246753
846 2986 7.64518673 0.00764518673 3.52955083
845 2980 7.64068131 0.00764068131 3.52662722
845 2980 7.64094269 0.00764094269 3.52662722
845 2979 7.63922283 0.00763922283 3.52544379
845 2980 7.64084705 0.00764084705 3.52662722
845 2980 7.64081456 0.00764081456 3.52662722
845 2980 7.64082014 0.00764082014 3.52662722
845 2980 7.64091969 0.00764091969 3.52662722
845 2980 7.64083298 0.00764083298 3.52662722
845 2980 7.64072994 0.00764072994 3.52662722
844 2974 7.61923359 0.00761923359 3.52369668
844 2973 7.61882493 0.00761882493 3.52251185
844 2969 7.61879461 0.00761879461 3.51777251
844 2969 7.61864357 0.00761864357 3.51777251
844 2973 7.61887744 0.00761887744 3.52251185
844 2973 7.61885238 0.00761885238 3.52251185
844 2973 7.61876119 0.00761876119 3.52251185
844 2973 7.6186487 0.0076186487 3.52251185
844 2973 7.61883194 0.00761883194 3.52251185
844 2973 7.61866098 0.00761866098 3.52251185
843 2962 7.59704442 0.00759704442 3.51364176
843 2962 7.59691566 0.00759691566 3.51364176
843 2970 7.59692949 0.00759692949 3.52313167
843 2968 7.59723889 0.00759723889 3.52075919
843 2962 7.5970446 0.0075970446 3.51364176
843 2970 7.59696501 0.00759696501 3.52313167
843 2970 7.59697057 0.00759697057 3.52313167
843 2970 7.59687825 0.00759687825 3.52313167
843 2970 7.59688518 0.00759688518 3.52313167
843 2970 7.59686345 0.00759686345 3.52313167
842 2965 7.57581172 0.00757581172 3.52137767
842 2959 7.57551144 0.00757551144 3.51425178
842 2959 7.57543173 0.00757543173 3.51425178
842 2959 7.57552192 0.00757552192 3.51425178
842 2959 7.57545182 0.00757545182 3.51425178
842 2959 7.57542969 0.00757542969 3.51425178
842 2959 7.5754331 0.0075754331 3.51425178
842 2959 7.57543172 0.00757543172 3.51425178
842 2959 7.57543023 0.00757543023 3.51425178
842 2959 7.57543006 0.00757543006 3.51425178
841 2954 7.55445377 0.00755445377 3.51248514
841 2954 7.55449373 0.00755449373 3.51248514
841 2954 7.55443761 0.00755443761 3.51248514
841 2954 7.55461637 0.00755461637 3.51248514
841 2954 7.55464976 0.00755464976 3.51248514
841 2954 7.55463503 0.00755463503 3.51248514
841 2954 7.55463407 0.00755463407 3.51248514
841 2954 7.55463319 0.00755463319 3.51248514
841 2954 7.55463263 0.00755463263 3.51248514
841 2954 7.55463262 0.00755463262 3.51248514
840 2949 7.53235894 0.00753235894 3.51071429
840 2943 7.54468872 0.00754468872 3.50357143
840 2949 7.56347031 0.00756347031 3.51071429
840 2945 7.56594169 0.00756594169 3.50595238
840 2937 7.56575767 0.00756575767 3.49642857
840 2940 7.57479387 0.00757479387 3.5
840 2940 7.57811685 0.00757811685 3.5
840 2945 7.57894298 0.00757894298 3.50595238
840 2942 7.57873938 0.00757873938 3.50238095
840 2943 7.57666575 0.00757666575 3.50357143
839 2935 7.5589995 0.0075589995 3.49821216
839 2936 7.55666468 0.00755666468 3.49940405
839 2935 7.55099084 0.00755099084 3.49821216
839 2936 7.56119092 0.00756119092 3.49940405
839 2935 7.55847789 0.00755847789 3.49821216
839 2933 7.56162825 0.00756162825 3.49582837
839 2939 7.55807758 0.00755807758 3.50297974
838 2930 7.54223668 0.00754223668 3.49642005
838 2933 7.54198867 0.00754198867 3.5
838 2937 7.55713341 0.00755713341 3.50477327
837 2927 7.53843196 0.00753843196 3.49701314
837 2923 7.53469401 0.00753469401 3.49223417
837 2926 7.5355934 0.0075355934 3.4958184
837 2923 7.52878062 0.00752878062 3.49223417
837 2926 7.53669677 0.00753669677 3.4958184
837 2926 7.53895615 0.00753895615 3.4958184
837 2926 7.53841986 0.00753841986 3.4958184
837 2928 7.52014579 0.00752014579 3.49820789
837 2924 7.5356686 0.0075356686 3.49342891
837 2928 7.5366174 0.0075366174 3.49820789
836 2920 7.51936897 0.00751936897 3.49282297
836 2920 7.5194139 0.0075194139 3.49282297
836 2920 7.51951479 0.00751951479 3.49282297
836 2920 7.51949242 0.00751949242 3.49282297
836 2920 7.51946241 0.00751946241 3.49282297
836 2920 7.51946211 0.00751946211 3.49282297
836 2920 7.51946445 0.00751946445 3.49282297
836 2920 7.51946295 0.00751946295 3.49282297
836 2920 7.51946255 0.00751946255 3.49282297
836 2920 7.51946276 0.00751946276 3.49282297
835 2914 7.50045435 0.00750045435 3.48982036
835 2914 7.50052516 0.00750052516 3.48982036
835 2914 7.50059147 0.00750059147 3.48982036
835 2914 7.50063876 0.00750063876 3.48982036
835 2914 7.50067415 0.00750067415 3.48982036
835 2914 7.50068782 0.00750068782 3.48982036
835 2914 7.50069103 0.00750069103 3.48982036
835 2914 7.5006936 0.0075006936 3.48982036
835 2914 7.50069248 0.00750069248 3.48982036
835 2914 7.50069357 0.00750069357 3.48982036
834 2908 7.47974632 0.00747974632 3.48681055
834 2908 7.47971119 0.00747971119 3.48681055
834 2908 7.47959485 0.00747959485 3.48681055
834 2908 7.47956865 0.00747956865 3.48681055
834 2908 7.47954593 0.00747954593 3.48681055
834 2908 7.47953783 0.00747953783 3.48681055
834 2908 7.47954052 0.00747954052 3.48681055
834 2908 7.47953915 0.00747953915 3.48681055
834 2908 7.47953845 0.00747953845 3.48681055
834 2908 7.47953852 0.00747953852 3.48681055
833 2905 7.45813511 0.00745813511 3.48739496
833 2905 7.45846186 0.00745846186 3.48739496
833 2900 7.45626531 0.00745626531 3.48139256
833 2905 7.44977454 0.00744977454 3.48739496
833 2903 7.46643131 0.00746643131 3.484994
833 2906 7.46520593 0.00746520593 3.48859544
833 2906 7.46666509 0.00746666509 3.48859544
832 2900 7.44699203 0.00744699203 3.48557692
832 2900 7.44699217 0.00744699217 3.48557692
832 2900 7.44688671 0.00744688671 3.48557692
831 2894 7.42720039 0.00742720039 3.48255114
831 2894 7.42735003 0.00742735003 3.48255114
831 2894 7.42728828 0.00742728828 3.48255114
831 2894 7.42732587 0.00742732587 3.48255114
831 2894 7.42734006 0.00742734006 3.48255114
831 2894 7.42733528 0.00742733528 3.48255114
831 2894 7.42733253 0.00742733253 3.48255114
831 2894 7.42733139 0.00742733139 3.48255114
831 2894 7.42733317 0.00742733317 3.48255114
831 2894 7.42733319 0.00742733319 3.48255114
830 2891 7.40493183 0.00740493183 3.48313253
830 2891 7.40486318 0.00740486318 3.48313253
830 2891 7.40504992 0.00740504992 3.48313253
830 2891 7.4050972 0.0074050972 3.48313253
830 2891 7.40516867 0.00740516867 3.48313253
830 2891 7.40520508 0.00740520508 3.48313253
830 2891 7.40523423 0.00740523423 3.48313253
830 2891 7.40523411 0.00740523411 3.48313253
830 2891 7.40523579 0.00740523579 3.48313253
830 2891 7.40523688 0.00740523688 3.48313253
829 2881 7.38264686 0.00738264686 3.47527141
829 2887 7.38064463 0.00738064463 3.48250905
829 2884 7.38505073 0.00738505073 3.47889023
829 2878 7.37546028 0.00737546028 3.47165259
828 2874 7.36651044 0.00736651044 3.47101449
828 2874 7.36661751 0.00736661751 3.47101449
828 2874 7.36657036 0.00736657036 3.47101449
828 2874 7.36658844 0.00736658844 3.47101449
828 2874 7.36660168 0.00736660168 3.47101449
828 2874 7.36660543 0.00736660543 3.47101449
827 2871 7.34550866 0.00734550866 3.47158404
827 2871 7.34540614 0.00734540614 3.47158404
827 2871 7.34562959 0.00734562959 3.47158404
827 2871 7.34543267 0.00734543267 3.47158404
827 2871 7.3454181 0.0073454181 3.47158404
827 2871 7.34542522 0.00734542522 3.47158404
827 2871 7.34544744 0.00734544744 3.47158404
827 2871 7.34544848 0.00734544848 3.47158404
827 2871 7.34544623 0.00734544623 3.47158404
827 2871 7.34544653 0.00734544653 3.47158404
826 2861 7.32389801 0.00732389801 3.46368039
826 2861 7.32389507 0.00732389507 3.46368039
826 2861 7.32402206 0.00732402206 3.46368039
826 2861 7.32403693 0.00732403693 3.46368039
826 2861 7.32404206 0.00732404206 3.46368039
826 2861 7.32404324 0.00732404324 3.46368039
826 2861 7.32404531 0.00732404531 3.46368039
826 2861 7.32404725 0.00732404725 3.46368039
826 2861 7.3240481 0.0073240481 3.46368039
826 2861 7.32404821 0.00732404821 3.46368039
825 2854 7.30162232 0.00730162232 3.45939394
825 2854 7.30157615 0.00730157615 3.45939394
825 2854 7.30152898 0.00730152898 3.45939394
825 2854 7.30152622 0.00730152622 3.45939394
825 2854 7.3015623 0.0073015623 3.45939394
825 2854 7.30153868 0.00730153868 3.45939394
825 2854 7.30150653 0.00730150653 3.45939394
825 2854 7.3015443 0.0073015443 3.45939394
825 2854 7.30153987 0.00730153987 3.45939394
825 2854 7.30150765 0.00730150765 3.45939394
824 2848 7.27840753 0.00727840753 3.45631068
824 2846 7.27577346 0.00727577346 3.4538835
824 2847 7.29094373 0.00729094373 3.45509709
824 2847 7.29084037 0.00729084037 3.45509709
824 2847 7.29086385 0.00729086385 3.45509709
824 2847 7.2908937 0.0072908937 3.45509709
824 2847 7.29088147 0.00729088147 3.45509709
824 2847 7.29088486 0.00729088486 3.45509709
824 2847 7.29088684 0.00729088684 3.45509709
824 2847 7.2908885 0.0072908885 3.45509709
823 2840 7.2682516 0.0072682516 3.45078979
823 2840 7.26547315 0.00726547315 3.45078979
823 2840 7.26847565 0.00726847565 3.45078979
823 2840 7.26837006 0.00726837006 3.45078979
823 2840 7.26841202 0.00726841202 3.45078979
823 2840 7.26832598 0.00726832598 3.45078979
823 2840 7.26830971 0.00726830971 3.45078979
823 2840 7.26830417 0.00726830417 3.45078979
823 2840 7.26830331 0.00726830331 3.45078979
823 2840 7.26830375 0.00726830375 3.45078979
822 2833 7.24542037 0.00724542037 3.44647202
822 2833 7.24516774 0.00724516774 3.44647202
822 2833 7.2451658 0.0072451658 3.44647202
822 2837 7.24487781 0.00724487781 3.4513382
822 2835 7.23968796 0.00723968796 3.44890511
822 2842 7.25730577 0.00725730577 3.45742092
822 2842 7.25747194 0.00725747194 3.45742092
822 2842 7.25754577 0.00725754577 3.45742092
822 2842 7.2575399 0.0072575399 3.45742092
822 2842 7.25754008 0.00725754008 3.45742092
821 2832 7.23626474 0.00723626474 3.44945189
821 2832 7.23622039 0.00723622039 3.44945189
821 2832 7.23666895 0.00723666895 3.44945189
821 2832 7.23665664 0.00723665664 3.44945189
821 2832 7.23646586 0.00723646586 3.44945189
821 2832 7.23641617 0.00723641617 3.44945189
821 2832 7.23641215 0.00723641215 3.44945189
821 2832 7.23641406 0.00723641406 3.44945189
821 2832 7.23641654 0.00723641654 3.44945189
821 2832 7.23641714 0.00723641714 3.44945189
820 2825 7.21413985 0.00721413985 3.44512195
820 2825 7.21395471 0.00721395471 3.44512195
820 2825 7.2141333 0.0072141333 3.44512195
820 2825 7.21420552 0.00721420552 3.44512195
820 2825 7.21408722 0.00721408722 3.44512195
820 2825 7.21405924 0.00721405924 3.44512195
820 2825 7.21406501 0.00721406501 3.44512195
820 2825 7.21407483 0.00721407483 3.44512195
820 2825 7.21407455 0.00721407455 3.44512195
820 2825 7.21407375 0.00721407375 3.44512195
819 2819 7.19172789 0.00719172789 3.44200244
819 2819 7.19169944 0.00719169944 3.44200244
819 2819 7.19166841 0.00719166841 3.44200244
819 2819 7.19165064 0.00719165064 3.44200244
819 2818 7.19153663 0.00719153663 3.44078144
819 2818 7.1904964 0.0071904964 3.44078144
819 2822 7.19287755 0.00719287755 3.44566545
819 2825 7.193296 0.007193296 3.44932845
818 2815 7.1739845 0.0071739845 3.44132029
818 2815 7.17412095 0.00717412095 3.44132029
817 2808 7.15276943 0.00715276943 3.4369645
817 2808 7.15275865 0.00715275865 3.4369645
817 2808 7.15284487 0.00715284487 3.4369645
817 2808 7.15213718 0.00715213718 3.4369645
817 2808 7.1524302 0.0071524302 3.4369645
817 2808 7.15277056 0.00715277056 3.4369645
817 2808 7.15253351 0.00715253351 3.4369645
817 2808 7.15264928 0.00715264928 3.4369645
817 2808 7.1524475 0.0071524475 3.4369645
817 2808 7.15243907 0.00715243907 3.4369645
816 2801 7.13106611 0.00713106611 3.43259804
816 2801 7.13142549 0.00713142549 3.43259804
816 2802 7.13155171 0.00713155171 3.43382353
816 2803 7.12818764 0.00712818764 3.43504902
816 2800 7.139125 0.007139125 3.43137255
816 2804 7.14194602 0.00714194602 3.43627451
816 2804 7.13811721 0.00713811721 3.43627451
816 2807 7.14114755 0.00714114755 3.43995098
816 2804 7.1418753 0.0071418753 3.43627451
816 2804 7.14209016 0.00714209016 3.43627451
815 2797 7.12204988 0.00712204988 3.43190184
815 2797 7.1221678 0.0071221678 3.43190184
815 2797 7.12233746 0.00712233746 3.43190184
815 2797 7.1227188 0.0071227188 3.43190184
815 2797 7.12254523 0.00712254523 3.43190184
815 2797 7.12274499 0.00712274499 3.43190184
815 2797 7.12252556 0.00712252556 3.43190184
815 2797 7.12276537 0.00712276537 3.43190184
815 2797 7.12252909 0.00712252909 3.43190184
815 2797 7.12275778 0.00712275778 3.43190184
814 2790 7.10195886 0.00710195886 3.42751843
814 2790 7.1013023 0.0071013023 3.42751843
814 2790 7.10134843 0.00710134843 3.42751843
814 2790 7.1014182 0.0071014182 3.42751843
814 2790 7.10140314 0.00710140314 3.42751843
814 2790 7.10140218 0.00710140218 3.42751843
814 2790 7.10140185 0.00710140185 3.42751843
814 2790 7.10140281 0.00710140281 3.42751843
814 2790 7.10140192 0.00710140192 3.42751843
814 2790 7.10140167 0.00710140167 3.42751843
813 2784 7.0802306 0.0070802306 3.42435424
813 2784 7.08025388 0.00708025388 3.42435424
813 2783 7.07991828 0.00707991828 3.42312423
813 2783 7.08021332 0.00708021332 3.42312423
813 2783 7.08003576 0.00708003576 3.42312423
813 2783 7.08013535 0.00708013535 3.42312423
813 2783 7.08006834 0.00708006834 3.42312423
813 2783 7.08007145 0.00708007145 3.42312423
813 2783 7.08007403 0.00708007403 3.42312423
813 2783 7.08007556 0.00708007556 3.42312423
812 2777 7.05884361 0.00705884361 3.41995074
812 2780 7.05854539 0.00705854539 3.42364532
812 2776 7.05762993 0.00705762993 3.41871921
812 2780 7.05908926 0.00705908926 3.42364532
812 2781 7.04567368 0.00704567368 3.42487685
812 2780 7.05898644 0.00705898644 3.42364532
812 2781 7.05841043 0.00705841043 3.42487685
812 2781 7.05913005 0.00705913005 3.42487685
812 2780 7.05911454 0.00705911454 3.42364532
812 2780 7.05936727 0.00705936727 3.42364532
811 2774 7.03925638 0.00703925638 3.42046856
811 2774 7.03904589 0.00703904589 3.42046856
811 2774 7.03930731 0.00703930731 3.42046856
811 2774 7.03899947 0.00703899947 3.42046856
811 2774 7.03900136 0.00703900136 3.42046856
811 2774 7.03905787 0.00703905787 3.42046856
811 2774 7.03906004 0.00703906004 3.42046856
811 2774 7.03899885 0.00703899885 3.42046856
811 2774 7.03902514 0.00703902514 3.42046856
811 2774 7.03907579 0.00703907579 3.42046856
810 2767 7.01851907 0.00701851907 3.41604938
810 2767 7.01890577 0.00701890577 3.41604938
810 2768 7.01792459 0.00701792459 3.41728395
810 2767 7.0185749 0.0070185749 3.41604938
810 2767 7.01853844 0.00701853844 3.41604938
810 2767 7.01886423 0.00701886423 3.41604938
810 2767 7.01881078 0.00701881078 3.41604938
810 2767 7.01631384 0.00701631384 3.41604938
810 2767 7.01869128 0.00701869128 3.41604938
810 2767 7.01881693 0.00701881693 3.41604938
809 2761 6.99837244 0.00699837244 3.41285538
809 2761 6.99801308 0.00699801308 3.41285538
809 2761 6.99802613 0.00699802613 3.41285538
809 2761 6.99805445 0.00699805445 3.41285538
809 2761 6.99805502 0.00699805502 3.41285538
809 2761 6.99805446 0.00699805446 3.41285538
809 2761 6.99805547 0.00699805547 3.41285538
809 2761 6.99805584 0.00699805584 3.41285538
809 2761 6.99805543 0.00699805543 3.41285538
809 2761 6.99805543 0.00699805543 3.41285538
808 2754 6.97766281 0.00697766281 3.40841584
808 2754 6.97752649 0.00697752649 3.40841584
808 2751 6.97517453 0.00697517453 3.40470297
808 2750 6.98071756 0.00698071756 3.40346535
808 2751 6.97974025 0.00697974025 3.40470297
808 2751 6.97771 0.00697771 3.40470297
808 2747 6.97433292 0.00697433292 3.39975248
808 2750 6.980773 0.006980773 3.40346535
808 2750 6.98094035 0.00698094035 3.40346535
808 2750 6.98083882 0.00698083882 3.40346535
807 2744 6.96111879 0.00696111879 3.40024783
807 2744 6.96086408 0.00696086408 3.40024783
807 2744 6.96086269 0.00696086269 3.40024783
807 2744 6.96089451 0.00696089451 3.40024783
807 2744 6.96092651 0.00696092651 3.40024783
807 2744 6.96091762 0.00696091762 3.40024783
807 2744 6.9609319 0.0069609319 3.40024783
807 2744 6.96092133 0.00696092133 3.40024783
807 2744 6.96093014 0.00696093014 3.40024783
807 2744 6.96092182 0.00696092182 3.40024783
806 2740 6.94125895 0.00694125895 3.39950372
806 2737 6.94124476 0.00694124476 3.39578164
806 2740 6.94129864 0.00694129864 3.39950372
806 2740 6.94160218 0.00694160218 3.39950372
806 2740 6.94149863 0.00694149863 3.39950372
806 2740 6.94141308 0.00694141308 3.39950372
806 2739 6.94116842 0.00694116842 3.39826303
806 2740 6.9416206 0.0069416206 3.39950372
806 2740 6.94155897 0.00694155897 3.39950372
806 2740 6.94146019 0.00694146019 3.39950372
805 2733 6.92199162 0.00692199162 3.39503106
805 2733 6.92217875 0.00692217875 3.39503106
805 2733 6.92201962 0.00692201962 3.39503106
805 2733 6.921995 0.006921995 3.39503106
805 2733 6.921993 0.006921993 3.39503106
805 2733 6.92199635 0.00692199635 3.39503106
805 2733 6.92199676 0.00692199676 3.39503106
805 2733 6.9219975 0.0069219975 3.39503106
805 2733 6.9219982 0.0069219982 3.39503106
805 2733 6.92199835 0.00692199835 3.39503106
804 2728 6.90131407 0.00690131407 3.39303483
804 2728 6.90136407 0.00690136407 3.39303483
804 2728 6.90136778 0.00690136778 3.39303483
804 2728 6.88576573 0.00688576573 3.39303483
804 2728 6.9012637 0.0069012637 3.39303483
804 2728 6.90134541 0.00690134541 3.39303483
804 2728 6.9010737 0.0069010737 3.39303483
804 2728 6.90115953 0.00690115953 3.39303483
804 2728 6.90096951 0.00690096951 3.39303483
804 2728 6.9010829 0.0069010829 3.39303483
803 2723 6.88019691 0.00688019691 3.39103362
803 2723 6.8803904 0.0068803904 3.39103362
803 2723 6.88034319 0.00688034319 3.39103362
803 2723 6.88066134 0.00688066134 3.39103362
803 2723 6.88047284 0.00688047284 3.39103362
803 2723 6.8803529 0.0068803529 3.39103362
803 2723 6.88040942 0.00688040942 3.39103362
803 2723 6.88049674 0.00688049674 3.39103362
803 2723 6.88038739 0.00688038739 3.39103362
803 2723 6.88043034 0.00688043034 3.39103362
802 2713 6.85906975 0.00685906975 3.38279302
802 2713 6.85904554 0.00685904554 3.38279302
802 2716 6.85884694 0.00685884694 3.38653367
802 2711 6.85906173 0.00685906173 3.38029925
802 2711 6.85899889 0.00685899889 3.38029925
802 2711 6.8590366 0.0068590366 3.38029925
802 2716 6.85873579 0.00685873579 3.38653367
802 2716 6.85862006 0.00685862006 3.38653367
802 2716 6.85857943 0.00685857943 3.38653367
802 2716 6.85857624 0.00685857624 3.38653367
801 2706 6.83782191 0.00683782191 3.37827715
801 2706 6.83801437 0.00683801437 3.37827715
801 2706 6.83788693 0.00683788693 3.37827715
801 2711 6.83643254 0.00683643254 3.38451935
801 2713 6.8522977 0.0068522977 3.38701623
801 2708 6.85291253 0.00685291253 3.38077403
801 2708 6.85268649 0.00685268649 3.38077403
801 2708 6.8526596 0.0068526596 3.38077403
800 2701 6.83199045 0.00683199045 3.37625
800 2701 6.8321507 0.0068321507 3.37625
799 2696 6.8110898 0.0068110898 3.37421777
799 2696 6.81104475 0.00681104475 3.37421777
799 2696 6.81117357 0.00681117357 3.37421777
799 2696 6.81087346 0.00681087346 3.37421777
799 2696 6.81108004 0.00681108004 3.37421777
799 2696 6.8110736 0.0068110736 3.37421777
799 2696 6.81105466 0.00681105466 3.37421777
799 2696 6.8110697 0.0068110697 3.37421777
799 2696 6.81107 0.00681107 3.37421777
799 2696 6.81106938 0.00681106938 3.37421777
798 2689 6.7903034 0.0067903034 3.36967419
798 2689 6.79026344 0.00679026344 3.36967419
798 2693 6.78934182 0.00678934182 3.37468672
798 2687 6.77543766 0.00677543766 3.36716792
798 2689 6.79666682 0.00679666682 3.36967419
798 2692 6.79539489 0.00679539489 3.37343358
798 2695 6.79619555 0.00679619555 3.37719298
798 2692 6.79654281 0.00679654281 3.37343358
798 2689 6.79684357 0.00679684357 3.36967419
798 2689 6.79638169 0.00679638169 3.36967419
797 2685 6.77678693 0.00677678693 3.36888331
797 2682 6.77732911 0.00677732911 3.3651192
797 2682 6.77722115 0.00677722115 3.3651192
797 2685 6.77659294 0.00677659294 3.36888331
797 2685 6.77521046 0.00677521046 3.36888331
797 2681 6.77030614 0.00677030614 3.36386449
797 2682 6.7772763 0.0067772763 3.3651192
797 2682 6.77721263 0.00677721263 3.3651192
797 2682 6.77718711 0.00677718711 3.3651192
797 2682 6.77718662 0.00677718662 3.3651192
796 2678 6.75776654 0.00675776654 3.36432161
796 2678 6.75780658 0.00675780658 3.36432161
796 2678 6.7578654 0.0067578654 3.36432161
796 2678 6.75788597 0.00675788597 3.36432161
796 2678 6.7578906 0.0067578906 3.36432161
796 2678 6.75790228 0.00675790228 3.36432161
796 2678 6.75790632 0.00675790632 3.36432161
796 2678 6.75790616 0.00675790616 3.36432161
796 2678 6.7579065 0.0067579065 3.36432161
796 2678 6.75790635 0.00675790635 3.36432161
795 2671 6.73841555 0.00673841555 3.35974843
795 2671 6.73830515 0.00673830515 3.35974843
795 2671 6.73834879 0.00673834879 3.35974843
795 2671 6.7383453 0.0067383453 3.35974843
795 2671 6.73834909 0.00673834909 3.35974843
795 2671 6.73835193 0.00673835193 3.35974843
795 2671 6.73835505 0.00673835505 3.35974843
795 2671 6.73835519 0.00673835519 3.35974843
795 2671 6.73835556 0.00673835556 3.35974843
795 2671 6.73835545 0.00673835545 3.35974843
794 2661 6.71823196 0.00671823196 3.35138539
794 2661 6.71825882 0.00671825882 3.35138539
794 2661 6.71832002 0.00671832002 3.35138539
794 2661 6.71831302 0.00671831302 3.35138539
794 2661 6.71834755 0.00671834755 3.35138539
794 2661 6.71832195 0.00671832195 3.35138539
794 2661 6.71834695 0.00671834695 3.35138539
794 2661 6.71832122 0.00671832122 3.35138539
794 2661 6.71834657 0.00671834657 3.35138539
794 2661 6.71832114 0.00671832114 3.35138539
793 2656 6.69723554 0.00669723554 3.34930643
792 2654 6.69475747 0.00669475747 3.3510101
792 2654 6.69481672 0.00669481672 3.3510101
792 2654 6.69482222 0.00669482222 3.3510101
792 2654 6.69481705 0.00669481705 3.3510101
792 2654 6.6948254 0.0066948254 3.3510101
792 2654 6.69482752 0.00669482752 3.3510101
792 2654 6.69482788 0.00669482788 3.3510101
792 2654 6.69482769 0.00669482769 3.3510101
792 2654 6.69482775 0.00669482775 3.3510101
791 2647 6.67419876 0.00667419876 3.34639697
791 2647 6.67400342 0.00667400342 3.34639697
791 2647 6.67424544 0.00667424544 3.34639697
791 2647 6.67413011 0.00667413011 3.34639697
791 2647 6.67400866 0.00667400866 3.34639697
791 2647 6.67434643 0.00667434643 3.34639697
791 2650 6.67246188 0.00667246188 3.35018963
791 2647 6.6741811 0.0066741811 3.34639697
791 2647 6.67402602 0.00667402602 3.34639697
791 2647 6.67398391 0.00667398391 3.34639697
790 2640 6.65398438 0.00665398438 3.34177215
790 2640 6.65378186 0.00665378186 3.34177215
790 2640 6.65404995 0.00665404995 3.34177215
790 2640 6.65406647 0.00665406647 3.34177215
790 2640 6.65409445 0.00665409445 3.34177215
790 2640 6.65407223 0.00665407223 3.34177215
790 2640 6.65408481 0.00665408481 3.34177215
790 2640 6.65406411 0.00665406411 3.34177215
790 2640 6.65408209 0.00665408209 3.34177215
790 2640 6.65406452 0.00665406452 3.34177215
789 2637 6.63306876 0.00663306876 3.34220532
789 2631 6.63103111 0.00663103111 3.33460076
789 2637 6.6331738 0.0066331738 3.34220532
789 2637 6.63314971 0.00663314971 3.34220532
789 2637 6.63307922 0.00663307922 3.34220532
789 2635 6.63221005 0.00663221005 3.33967047
789 2637 6.63321302 0.00663321302 3.34220532
789 2637 6.63324654 0.00663324654 3.34220532
789 2637 6.63306687 0.00663306687 3.34220532
789 2637 6.63307637 0.00663307637 3.34220532
788 2628 6.61216736 0.00661216736 3.33502538
788 2632 6.61105747 0.00661105747 3.34010152
788 2628 6.61239298 0.00661239298 3.33502538
788 2630 6.61236393 0.00661236393 3.33756345
788 2630 6.61230817 0.00661230817 3.33756345
788 2630 6.61227486 0.00661227486 3.33756345
788 2630 6.61226645 0.00661226645 3.33756345
788 2630 6.61227076 0.00661227076 3.33756345
788 2630 6.61227074 0.00661227074 3.33756345
788 2630 6.61227068 0.00661227068 3.33756345
787 2623 6.59237144 0.00659237144 3.33290978
787 2623 6.59235388 0.00659235388 3.33290978
787 2623 6.59232423 0.00659232423 3.33290978
787 2623 6.59235771 0.00659235771 3.33290978
787 2623 6.59230186 0.00659230186 3.33290978
787 2623 6.59247998 0.00659247998 3.33290978
787 2623 6.59237526 0.00659237526 3.33290978
787 2623 6.59230964 0.00659230964 3.33290978
787 2623 6.59239873 0.00659239873 3.33290978
787 2623 6.59231383 0.00659231383 3.33290978
786 2614 6.57171589 0.00657171589 3.32569975
786 2614 6.5718374 0.0065718374 3.32569975
786 2617 6.57042566 0.00657042566 3.32951654
786 2616 6.59069766 0.00659069766 3.32824427
786 2616 6.59066919 0.00659066919 3.32824427
786 2616 6.59065216 0.00659065216 3.32824427
786 2616 6.59064535 0.00659064535 3.32824427
786 2616 6.59064793 0.00659064793 3.32824427
786 2616 6.59064744 0.00659064744 3.32824427
786 2616 6.59064844 0.00659064844 3.32824427
785 2610 6.57052898 0.00657052898 3.32484076
785 2607 6.5704857 0.0065704857 3.32101911
785 2607 6.57041725 0.00657041725 3.32101911
785 2610 6.57078614 0.00657078614 3.32484076
785 2610 6.57045003 0.00657045003 3.32484076
785 2610 6.57047667 0.00657047667 3.32484076
785 2610 6.57054308 0.00657054308 3.32484076
785 2610 6.5704828 0.0065704828 3.32484076
785 2610 6.57063538 0.00657063538 3.32484076
785 2610 6.57053639 0.00657053639 3.32484076
784 2601 6.55029177 0.00655029177 3.31760204
784 2601 6.55038928 0.00655038928 3.31760204
784 2601 6.55042326 0.00655042326 3.31760204
784 2601 6.55049987 0.00655049987 3.31760204
784 2601 6.55014829 0.00655014829 3.31760204
784 2601 6.5502008 0.0065502008 3.31760204
784 2601 6.55022036 0.00655022036 3.31760204
784 2601 6.5502375 0.0065502375 3.31760204
784 2601 6.55022957 0.00655022957 3.31760204
784 2601 6.55022932 0.00655022932 3.31760204
783 2597 6.52957219 0.00652957219 3.31673052
783 2595 6.52741481 0.00652741481 3.31417625
783 2600 6.53410691 0.00653410691 3.32056194
783 2597 6.53484694 0.00653484694 3.31673052
783 2597 6.53488282 0.00653488282 3.31673052
783 2597 6.53487021 0.00653487021 3.31673052
783 2597 6.53487447 0.00653487447 3.31673052
783 2597 6.53487509 0.00653487509 3.31673052
783 2597 6.53487661 0.00653487661 3.31673052
783 2597 6.53487645 0.00653487645 3.31673052
782 2591 6.51463511 0.00651463511 3.31329923
782 2591 6.51447523 0.00651447523 3.31329923
782 2591 6.51458589 0.00651458589 3.31329923
782 2591 6.51459516 0.00651459516 3.31329923
782 2591 6.51460566 0.00651460566 3.31329923
782 2591 6.51457898 0.00651457898 3.31329923
782 2591 6.51457412 0.00651457412 3.31329923
782 2591 6.51457668 0.00651457668 3.31329923
782 2591 6.51457747 0.00651457747 3.31329923
782 2591 6.51457609 0.00651457609 3.31329923
781 2585 6.49411804 0.00649411804 3.30985915
781 2585 6.49394018 0.00649394018 3.30985915
781 2585 6.49400825 0.00649400825 3.30985915
781 2585 6.49434442 0.00649434442 3.30985915
781 2585 6.49407077 0.00649407077 3.30985915
781 2585 6.49394927 0.00649394927 3.30985915
781 2585 6.49407682 0.00649407682 3.30985915
781 2585 6.49396988 0.00649396988 3.30985915
781 2586 6.49459175 0.00649459175 3.31113956
780 2577 6.4925182 0.0064925182 3.30384615
779 2576 6.47242228 0.00647242228 3.30680359
779 2575 6.47608691 0.00647608691 3.3055199
779 2570 6.47201366 0.00647201366 3.29910141
779 2575 6.47621529 0.00647621529 3.3055199
779 2575 6.47614614 0.00647614614 3.3055199
779 2575 6.47613691 0.00647613691 3.3055199
779 2575 6.47611816 0.00647611816 3.3055199
779 2575 6.4761287 0.0064761287 3.3055199
779 2575 6.47613047 0.00647613047 3.3055199
779 2575 6.47612981 0.00647612981 3.3055199
778 2569 6.45615603 0.00645615603 3.30205656
778 2569 6.4561412 0.0064561412 3.30205656
778 2569 6.45611446 0.00645611446 3.30205656
778 2569 6.45610524 0.00645610524 3.30205656
778 2569 6.45607936 0.00645607936 3.30205656
778 2569 6.45608193 0.00645608193 3.30205656
778 2569 6.4560822 0.0064560822 3.30205656
778 2569 6.45608137 0.00645608137 3.30205656
778 2569 6.45608011 0.00645608011 3.30205656
778 2569 6.45608053 0.00645608053 3.30205656
777 2563 6.43616734 0.00643616734 3.2985843
777 2560 6.43546361 0.00643546361 3.29472329
777 2561 6.45503934 0.00645503934 3.2960103
777 2561 6.45026161 0.00645026161 3.2960103
777 2564 6.45148957 0.00645148957 3.2998713
777 2560 6.45462018 0.00645462018 3.29472329
777 2562 6.45348837 0.00645348837 3.2972973
777 2561 6.45499123 0.00645499123 3.2960103
777 2561 6.45495719 0.00645495719 3.2960103
777 2561 6.45495787 0.00645495787 3.2960103
776 2555 6.43536831 0.00643536831 3.29252577
776 2555 6.43536547 0.00643536547 3.29252577
776 2555 6.43533307 0.00643533307 3.29252577
776 2555 6.43532781 0.00643532781 3.29252577
776 2555 6.43530238 0.00643530238 3.29252577
776 2555 6.43530456 0.00643530456 3.29252577
776 2555 6.43530482 0.00643530482 3.29252577
776 2555 6.43530413 0.00643530413 3.29252577
776 2555 6.43530279 0.00643530279 3.29252577
776 2555 6.43530314 0.00643530314 3.29252577
775 2549 6.41538145 0.00641538145 3.28903226
775 2549 6.4154239 0.0064154239 3.28903226
775 2547 6.41506363 0.00641506363 3.28645161
775 2549 6.41476109 0.00641476109 3.28903226
775 2547 6.41712403 0.00641712403 3.28645161
775 2547 6.40461349 0.00640461349 3.28645161
774 2541 6.39779795 0.00639779795 3.28294574
774 2545 6.38937358 0.00638937358 3.2881137
774 2539 6.39474451 0.00639474451 3.28036176
774 2542 6.38526617 0.00638526617 3.28423773
773 2535 6.37884611 0.00637884611 3.27943079
773 2535 6.37893287 0.00637893287 3.27943079
773 2535 6.3788864 0.0063788864 3.27943079
773 2535 6.37883824 0.00637883824 3.27943079
773 2535 6.37881244 0.00637881244 3.27943079
773 2535 6.37881216 0.00637881216 3.27943079
773 2535 6.37881154 0.00637881154 3.27943079
773 2535 6.37881106 0.00637881106 3.27943079
773 2535 6.37880974 0.00637880974 3.27943079
773 2535 6.37880959 0.00637880959 3.27943079
772 2529 6.35931135 0.00635931135 3.27590674
772 2529 6.35915516 0.00635915516 3.27590674
772 2527 6.35895873 0.00635895873 3.27331606
772 2529 6.35954768 0.00635954768 3.27590674
772 2529 6.35950424 0.00635950424 3.27590674
772 2529 6.35959132 0.00635959132 3.27590674
772 2529 6.35963823 0.00635963823 3.27590674
772 2529 6.35962989 0.00635962989 3.27590674
772 2529 6.35962825 0.00635962825 3.27590674
772 2529 6.35963009 0.00635963009 3.27590674
771 2521 6.34020994 0.00634020994 3.26977951
771 2521 6.34008627 0.00634008627 3.26977951
771 2524 6.33928016 0.00633928016 3.27367056
771 2522 6.33894588 0.00633894588 3.27107652
771 2521 6.34007471 0.00634007471 3.26977951
771 2521 6.34018931 0.00634018931 3.26977951
771 2521 6.34004798 0.00634004798 3.26977951
771 2521 6.33994102 0.00633994102 3.26977951
771 2521 6.34013982 0.00634013982 3.26977951
771 2521 6.33989051 0.00633989051 3.26977951
770 2514 6.32031667 0.00632031667 3.26493506
770 2516 6.32030827 0.00632030827 3.26753247
770 2512 6.31414251 0.00631414251 3.26233766
770 2515 6.31216018 0.00631216018 3.26623377
770 2516 6.31427733 0.00631427733 3.26753247
770 2517 6.31972771 0.00631972771 3.26883117
770 2515 6.32005468 0.00632005468 3.26623377
769 2509 6.30108949 0.00630108949 3.2626788
769 2509 6.30112433 0.00630112433 3.2626788
769 2509 6.30133375 0.00630133375 3.2626788
768 2502 6.28138734 0.00628138734 3.2578125
768 2502 6.28135431 0.00628135431 3.2578125
768 2502 6.28146205 0.00628146205 3.2578125
768 2502 6.2815295 0.0062815295 3.2578125
768 2502 6.28150909 0.00628150909 3.2578125
768 2502 6.28150043 0.00628150043 3.2578125
768 2502 6.28149433 0.00628149433 3.2578125
768 2502 6.28149665 0.00628149665 3.2578125
768 2502 6.28149727 0.00628149727 3.2578125
768 2502 6.28149802 0.00628149802 3.2578125
767 2499 6.26142396 0.00626142396 3.25814863
767 2499 6.26126197 0.00626126197 3.25814863
767 2499 6.26124566 0.00626124566 3.25814863
767 2499 6.26126288 0.00626126288 3.25814863
767 2499 6.26126125 0.00626126125 3.25814863
767 2499 6.2612618 0.0062612618 3.25814863
767 2499 6.26126159 0.00626126159 3.25814863
767 2499 6.26126159 0.00626126159 3.25814863
767 2499 6.26126161 0.00626126161 3.25814863
767 2499 6.2612616 0.0062612616 3.25814863
766 2492 6.24150501 0.00624150501 3.25326371
766 2496 6.24018117 0.00624018117 3.25848564
766 2492 6.2415589 0.0062415589 3.25326371
766 2492 6.24159215 0.00624159215 3.25326371
766 2492 6.24156529 0.00624156529 3.25326371
766 2492 6.24156719 0.00624156719 3.25326371
766 2492 6.24156711 0.00624156711 3.25326371
766 2492 6.24156729 0.00624156729 3.25326371
766 2492 6.24156728 0.00624156728 3.25326371
766 2492 6.24156728 0.00624156728 3.25326371
765 2489 6.22054498 0.00622054498 3.25359477
765 2489 6.22052243 0.00622052243 3.25359477
765 2489 6.22040467 0.00622040467 3.25359477
765 2489 6.22066423 0.00622066423 3.25359477
765 2489 6.2204917 0.0062204917 3.25359477
765 2489 6.22048803 0.00622048803 3.25359477
765 2489 6.22072258 0.00622072258 3.25359477
765 2489 6.22051831 0.00622051831 3.25359477
765 2489 6.22048973 0.00622048973 3.25359477
765 2489 6.2207232 0.0062207232 3.25359477
764 2485 6.19918236 0.00619918236 3.2526178
764 2484 6.19882593 0.00619882593 3.2513089
764 2481 6.20044683 0.00620044683 3.2473822
764 2481 6.20040287 0.00620040287 3.2473822
764 2481 6.20040563 0.00620040563 3.2473822
764 2481 6.20040604 0.00620040604 3.2473822
764 2481 6.20040607 0.00620040607 3.2473822
764 2481 6.20040599 0.00620040599 3.2473822
764 2481 6.20040605 0.00620040605 3.2473822
764 2481 6.20040605 0.00620040605 3.2473822
763 2478 6.17936599 0.00617936599 3.24770642
763 2477 6.17901952 0.00617901952 3.24639581
763 2479 6.17765098 0.00617765098 3.24901704
763 2481 6.17889853 0.00617889853 3.25163827
763 2481 6.17887122 0.00617887122 3.25163827
763 2477 6.17681769 0.00617681769 3.24639581
763 2478 6.17930989 0.00617930989 3.24770642
763 2481 6.17901329 0.00617901329 3.25163827
763 2481 6.17885929 0.00617885929 3.25163827
763 2481 6.17889548 0.00617889548 3.25163827
762 2474 6.15984684 0.00615984684 3.24671916
762 2474 6.15992525 0.00615992525 3.24671916
762 2474 6.15993718 0.00615993718 3.24671916
762 2474 6.15994952 0.00615994952 3.24671916
762 2474 6.15995107 0.00615995107 3.24671916
762 2474 6.15994874 0.00615994874 3.24671916
762 2474 6.15994848 0.00615994848 3.24671916
762 2474 6.15994847 0.00615994847 3.24671916
762 2474 6.15994852 0.00615994852 3.24671916
762 2474 6.15994854 0.00615994854 3.24671916
761 2468 6.13883477 0.00613883477 3.24310118
761 2469 6.13850532 0.00613850532 3.24441524
761 2473 6.13827301 0.00613827301 3.24967148
761 2471 6.13684585 0.00613684585 3.24704336
761 2473 6.13809889 0.00613809889 3.24967148
761 2470 6.13862054 0.00613862054 3.2457293
761 2469 6.13818501 0.00613818501 3.24441524
761 2472 6.13276261 0.00613276261 3.24835742
761 2472 6.13789548 0.00613789548 3.24835742
761 2476 6.13486831 0.00613486831 3.25361367
760 2466 6.11976719 0.00611976719 3.24473684
760 2466 6.11972688 0.00611972688 3.24473684
760 2466 6.11981957 0.00611981957 3.24473684
760 2466 6.11982353 0.00611982353 3.24473684
760 2466 6.11982105 0.00611982105 3.24473684
760 2466 6.11982013 0.00611982013 3.24473684
760 2466 6.11981997 0.00611981997 3.24473684
760 2466 6.1198199 0.0061198199 3.24473684
760 2466 6.11981997 0.00611981997 3.24473684
760 2466 6.11982 0.00611982 3.24473684
759 2460 6.09982193 0.00609982193 3.24110672
759 2460 6.09976088 0.00609976088 3.24110672
759 2460 6.09975004 0.00609975004 3.24110672
759 2460 6.09976927 0.00609976927 3.24110672
759 2461 6.09723322 0.00609723322 3.24242424
759 2460 6.09988141 0.00609988141 3.24110672
759 2460 6.09974655 0.00609974655 3.24110672
759 2460 6.09967336 0.00609967336 3.24110672
759 2460 6.09971728 0.00609971728 3.24110672
759 2460 6.09982388 0.00609982388 3.24110672
758 2454 6.08021081 0.00608021081 3.23746702
758 2455 6.07999322 0.00607999322 3.23878628
758 2454 6.08016423 0.00608016423 3.23746702
758 2454 6.08010079 0.00608010079 3.23746702
758 2454 6.08005997 0.00608005997 3.23746702
758 2454 6.08012839 0.00608012839 3.23746702
758 2454 6.08011629 0.00608011629 3.23746702
758 2454 6.08009208 0.00608009208 3.23746702
758 2454 6.0801053 0.0060801053 3.23746702
758 2454 6.0801066 0.0060801066 3.23746702
757 2449 6.0605971 0.0060605971 3.23513871
757 2449 6.06060406 0.00606060406 3.23513871
757 2449 6.06054712 0.00606054712 3.23513871
757 2449 6.06061474 0.00606061474 3.23513871
757 2449 6.06061469 0.00606061469 3.23513871
757 2449 6.06060773 0.00606060773 3.23513871
757 2449 6.06061081 0.00606061081 3.23513871
757 2449 6.06061196 0.00606061196 3.23513871
757 2449 6.06061144 0.00606061144 3.23513871
757 2449 6.06061111 0.00606061111 3.23513871
756 2443 6.04008699 0.00604008699 3.23148148
756 2443 6.04012463 0.00604012463 3.23148148
756 2443 6.03997308 0.00603997308 3.23148148
756 2443 6.04015003 0.00604015003 3.23148148
756 2443 6.04013791 0.00604013791 3.23148148
756 2443 6.04006629 0.00604006629 3.23148148
756 2443 6.04032574 0.00604032574 3.23148148
756 2443 6.04011086 0.00604011086 3.23148148
756 2443 6.04019157 0.00604019157 3.23148148
756 2443 6.0401298 0.0060401298 3.23148148
755 2437 6.01910991 0.00601910991 3.22781457
755 2440 6.01709849 0.00601709849 3.23178808
755 2440 6.02038205 0.00602038205 3.23178808
755 2440 6.02035652 0.00602035652 3.23178808
755 2440 6.02043907 0.00602043907 3.23178808
755 2440 6.02028366 0.00602028366 3.23178808
755 2440 6.0203923 0.0060203923 3.23178808
755 2440 6.02039148 0.00602039148 3.23178808
755 2440 6.02038184 0.00602038184 3.23178808
755 2440 6.0203842 0.0060203842 3.23178808
754 2434 5.99979667 0.00599979667 3.22811671
754 2434 5.99984103 0.00599984103 3.22811671
754 2434 5.9998775 0.0059998775 3.22811671
754 2434 5.99984812 0.00599984812 3.22811671
754 2434 5.99998981 0.00599998981 3.22811671
754 2434 6.00005337 0.00600005337 3.22811671
754 2434 6.00011386 0.00600011386 3.22811671
754 2434 5.99984906 0.00599984906 3.22811671
754 2434 5.99986077 0.00599986077 3.22811671
754 2434 5.99996358 0.00599996358 3.22811671
753 2428 5.97884606 0.00597884606 3.22443559
753 2432 5.97928258 0.00597928258 3.22974768
753 2432 5.98215554 0.00598215554 3.22974768
753 2432 5.98209708 0.00598209708 3.22974768
753 2432 5.98204557 0.00598204557 3.22974768
753 2432 5.98206279 0.00598206279 3.22974768
753 2432 5.98207498 0.00598207498 3.22974768
753 2432 5.98207595 0.00598207595 3.22974768
753 2432 5.98207316 0.00598207316 3.22974768
753 2432 5.98207138 0.00598207138 3.22974768
752 2426 5.96171826 0.00596171826 3.22606383
752 2426 5.96177137 0.00596177137 3.22606383
752 2426 5.96173418 0.00596173418 3.22606383
752 2426 5.96175677 0.00596175677 3.22606383
752 2426 5.96180175 0.00596180175 3.22606383
752 2426 5.9617741 0.0059617741 3.22606383
752 2426 5.96187629 0.00596187629 3.22606383
752 2426 5.96173406 0.00596173406 3.22606383
752 2426 5.96177809 0.00596177809 3.22606383
752 2426 5.96175174 0.00596175174 3.22606383
751 2420 5.9401915 0.0059401915 3.22237017
751 2422 5.9398416 0.0059398416 3.22503329
751 2422 5.93984442 0.00593984442 3.22503329
751 2420 5.94039551 0.00594039551 3.22237017
751 2420 5.94007746 0.00594007746 3.22237017
751 2420 5.94019234 0.00594019234 3.22237017
751 2420 5.94016731 0.00594016731 3.22237017
751 2420 5.9403222 0.0059403222 3.22237017
751 2420 5.9402757 0.0059402757 3.22237017
751 2420 5.94027728 0.00594027728 3.22237017
750 2416 5.91939132 0.00591939132 3.22133333
749 2413 5.89926235 0.00589926235 3.22162884
749 2413 5.89898528 0.00589898528 3.22162884
749 2413 5.8991842 0.0058991842 3.22162884
749 2413 5.8991333 0.0058991333 3.22162884
749 2413 5.89914105 0.00589914105 3.22162884
749 2413 5.89913584 0.00589913584 3.22162884
749 2413 5.89913518 0.00589913518 3.22162884
749 2413 5.89913489 0.00589913489 3.22162884
749 2413 5.89913478 0.00589913478 3.22162884
748 2407 5.8780005 0.0058780005 3.21791444
748 2407 5.87794463 0.00587794463 3.21791444
748 2400 5.86460215 0.00586460215 3.20855615
748 2407 5.878021 0.005878021 3.21791444
748 2407 5.87798775 0.00587798775 3.21791444
748 2407 5.87780805 0.00587780805 3.21791444
748 2407 5.87804508 0.00587804508 3.21791444
748 2407 5.87781018 0.00587781018 3.21791444
748 2407 5.8780469 0.0058780469 3.21791444
748 2407 5.87780431 0.00587780431 3.21791444
747 2400 5.85652285 0.00585652285 3.21285141
747 2400 5.85648339 0.00585648339 3.21285141
747 2400 5.8580916 0.0058580916 3.21285141
747 2402 5.85295675 0.00585295675 3.21552878
747 2401 5.85628549 0.00585628549 3.21419009
747 2400 5.85811677 0.00585811677 3.21285141
747 2400 5.85791393 0.00585791393 3.21285141
747 2400 5.85803885 0.00585803885 3.21285141
747 2400 5.85809465 0.00585809465 3.21285141
747 2400 5.85808097 0.00585808097 3.21285141
746 2395 5.83753397 0.00583753397 3.21045576
746 2395 5.83742937 0.00583742937 3.21045576
746 2395 5.83738011 0.00583738011 3.21045576
746 2395 5.83736232 0.00583736232 3.21045576
746 2395 5.83734872 0.00583734872 3.21045576
746 2395 5.83734746 0.00583734746 3.21045576
746 2395 5.83734827 0.00583734827 3.21045576
746 2395 5.83734894 0.00583734894 3.21045576
746 2395 5.83734933 0.00583734933 3.21045576
746 2395 5.83734943 0.00583734943 3.21045576
745 2388 5.81644661 0.00581644661 3.20536913
745 2388 5.81640648 0.00581640648 3.20536913
745 2388 5.81652952 0.00581652952 3.20536913
745 2388 5.81661091 0.00581661091 3.20536913
745 2388 5.81659231 0.00581659231 3.20536913
745 2388 5.81653762 0.00581653762 3.20536913
745 2388 5.81652733 0.00581652733 3.20536913
745 2388 5.81653314 0.00581653314 3.20536913
745 2388 5.81653553 0.00581653553 3.20536913
745 2388 5.81653664 0.00581653664 3.20536913
744 2383 5.7951427 0.0057951427 3.20295699
744 2375 5.79512964 0.00579512964 3.1922043
743 2372 5.77825669 0.00577825669 3.19246299
743 2375 5.77960914 0.00577960914 3.19650067
743 2377 5.79851413 0.00579851413 3.19919246
743 2381 5.83039693 0.00583039693 3.20457604
743 2380 5.82980914 0.00582980914 3.20323015
743 2378 5.82875236 0.00582875236 3.20053836
743 2381 5.82832914 0.00582832914 3.20457604
742 2375 5.81252927 0.00581252927 3.20080863
741 2369 5.79377176 0.00579377176 3.19703104
741 2371 5.78815474 0.00578815474 3.19973009
741 2369 5.78934644 0.00578934644 3.19703104
740 2364 5.77479055 0.00577479055 3.19459459
740 2364 5.77481308 0.00577481308 3.19459459
740 2365 5.76992467 0.00576992467 3.19594595
740 2362 5.7576825 0.0057576825 3.19189189
740 2365 5.76185076 0.00576185076 3.19594595
740 2365 5.75760653 0.00575760653 3.19594595
740 2364 5.75716611 0.00575716611 3.19459459
739 2359 5.75594348 0.00575594348 3.19215156
739 2359 5.7559227 0.0057559227 3.19215156
739 2359 5.75592592 0.00575592592 3.19215156
739 2359 5.75598117 0.00575598117 3.19215156
739 2359 5.75598098 0.00575598098 3.19215156
739 2359 5.75597523 0.00575597523 3.19215156
739 2359 5.75597729 0.00575597729 3.19215156
739 2359 5.7559768 0.0057559768 3.19215156
739 2359 5.75597731 0.00575597731 3.19215156
739 2359 5.75597706 0.00575597706 3.19215156
738 2354 5.73694479 0.00573694479 3.1897019
738 2354 5.73690149 0.00573690149 3.1897019
738 2354 5.73688663 0.00573688663 3.1897019
738 2354 5.73657345 0.00573657345 3.1897019
738 2354 5.73691428 0.00573691428 3.1897019
738 2354 5.73661066 0.00573661066 3.1897019
738 2354 5.73693652 0.00573693652 3.1897019
738 2354 5.73661382 0.00573661382 3.1897019
738 2354 5.73693813 0.00573693813 3.1897019
738 2354 5.73661445 0.00573661445 3.1897019
737 2347 5.7177429 0.0057177429 3.18453189
737 2347 5.7172601 0.0057172601 3.18453189
737 2345 5.71760739 0.00571760739 3.18181818
737 2346 5.71304963 0.00571304963 3.18317503
737 2345 5.71525439 0.00571525439 3.18181818
736 2340 5.69953621 0.00569953621 3.17934783
736 2338 5.69398924 0.00569398924 3.17663043
736 2337 5.70840657 0.00570840657 3.17527174
736 2336 5.69645299 0.00569645299 3.17391304
736 2341 5.69885255 0.00569885255 3.18070652
735 2331 5.69539416 0.00569539416 3.17142857
735 2330 5.69551842 0.00569551842 3.17006803
735 2327 5.68754559 0.00568754559 3.16598639
735 2329 5.7020543 0.0057020543 3.16870748
735 2326 5.70075221 0.00570075221 3.16462585
734 2322 5.69110614 0.00569110614 3.16348774
734 2324 5.6760815 0.0056760815 3.16621253
734 2328 5.68736563 0.00568736563 3.17166213
734 2326 5.678433 0.005678433 3.16893733
734 2324 5.68974534 0.00568974534 3.16621253
733 2319 5.67432501 0.00567432501 3.16371078
732 2313 5.65693533 0.00565693533 3.15983607
731 2308 5.63997207 0.00563997207 3.15731874
731 2309 5.62298383 0.00562298383 3.15868673
731 2313 5.62484752 0.00562484752 3.16415869
731 2310 5.62372817 0.00562372817 3.16005472
731 2315 5.63454544 0.00563454544 3.16689466
731 2307 5.63847931 0.00563847931 3.15595075
731 2309 5.62239229 0.00562239229 3.15868673
730 2304 5.62246426 0.00562246426 3.15616438
729 2298 5.60469567 0.00560469567 3.15226337
729 2298 5.60463416 0.00560463416 3.15226337
729 2295 5.58867203 0.00558867203 3.14814815
729 2298 5.590495 0.005590495 3.15226337
729 2299 5.59059401 0.00559059401 3.15363512
729 2297 5.58765803 0.00558765803 3.15089163
729 2297 5.59109209 0.00559109209 3.15089163
729 2295 5.59971797 0.00559971797 3.14814815
729 2298 5.58833524 0.00558833524 3.15226337
729 2298 5.59194406 0.00559194406 3.15226337
728 2292 5.58633371 0.00558633371 3.14835165
727 2290 5.57226846 0.00557226846 3.14993122
727 2288 5.55838846 0.00555838846 3.14718019
727 2289 5.5556024 0.0055556024 3.14855571
727 2292 5.56924065 0.00556924065 3.15268226
727 2291 5.57711541 0.00557711541 3.15130674
727 2291 5.56901644 0.00556901644 3.15130674
726 2285 5.55956417 0.00555956417 3.14738292
725 2276 5.54273241 0.00554273241 3.13931034
725 2276 5.54262864 0.00554262864 3.13931034
724 2270 5.52455922 0.00552455922 3.13535912
724 2267 5.50838145 0.00550838145 3.13121547
723 2261 5.50610738 0.00550610738 3.12724758
723 2260 5.49870752 0.00549870752 3.12586445
723 2258 5.48936147 0.00548936147 3.1230982
723 2261 5.50530891 0.00550530891 3.12724758
723 2262 5.50171907 0.00550171907 3.12863071
723 2264 5.50651716 0.00550651716 3.13139696
723 2261 5.4999522 0.0054999522 3.12724758
723 2258 5.49692412 0.00549692412 3.1230982
722 2255 5.48946128 0.00548946128 3.1232687
722 2255 5.48932888 0.00548932888 3.1232687
722 2254 5.48323034 0.00548323034 3.12188366
721 2249 5.47120435 0.00547120435 3.11927878
721 2249 5.47105326 0.00547105326 3.11927878
721 2249 5.47118288 0.00547118288 3.11927878
721 2249 5.47141715 0.00547141715 3.11927878
721 2249 5.47137379 0.00547137379 3.11927878
721 2249 5.47136772 0.00547136772 3.11927878
721 2249 5.47134362 0.00547134362 3.11927878
720 2246 5.45264274 0.00545264274 3.11944444
719 2240 5.44635104 0.00544635104 3.11543811
719 2241 5.44836231 0.00544836231 3.11682893
719 2244 5.43179913 0.00543179913 3.12100139
718 2235 5.43046886 0.00543046886 3.11281337
718 2235 5.43049228 0.00543049228 3.11281337
718 2235 5.43035365 0.00543035365 3.11281337
718 2235 5.43061401 0.00543061401 3.11281337
718 2235 5.43031594 0.00543031594 3.11281337
718 2235 5.43027095 0.00543027095 3.11281337
717 2225 5.4122779 0.0054122779 3.10320781
717 2225 5.41203834 0.00541203834 3.10320781
717 2225 5.41210276 0.00541210276 3.10320781
717 2225 5.41216973 0.00541216973 3.10320781
717 2225 5.41210385 0.00541210385 3.10320781
717 2225 5.41210513 0.00541210513 3.10320781
717 2225 5.4121049 0.0054121049 3.10320781
717 2225 5.41210903 0.00541210903 3.10320781
717 2225 5.41210843 0.00541210843 3.10320781
717 2225 5.41210636 0.00541210636 3.10320781
716 2216 5.39352719 0.00539352719 3.09497207
716 2216 5.39346608 0.00539346608 3.09497207
716 2216 5.39368111 0.00539368111 3.09497207
716 2216 5.393526 0.005393526 3.09497207
716 2216 5.3936705 0.0053936705 3.09497207
716 2216 5.39350561 0.00539350561 3.09497207
716 2216 5.39352409 0.00539352409 3.09497207
716 2221 5.39338794 0.00539338794 3.10195531
716 2221 5.39316994 0.00539316994 3.10195531
716 2221 5.39313468 0.00539313468 3.10195531
715 2212 5.37471352 0.00537471352 3.09370629
715 2212 5.37488033 0.00537488033 3.09370629
715 2212 5.37497013 0.00537497013 3.09370629
715 2212 5.37493219 0.00537493219 3.09370629
715 2212 5.37472944 0.00537472944 3.09370629
715 2212 5.37490382 0.00537490382 3.09370629
715 2212 5.37495109 0.00537495109 3.09370629
715 2212 5.3749128 0.0053749128 3.09370629
715 2212 5.37499911 0.00537499911 3.09370629
715 2212 5.37482648 0.00537482648 3.09370629
714 2209 5.35577553 0.00535577553 3.09383754
713 2205 5.35448084 0.00535448084 3.09256662
713 2209 5.36799854 0.00536799854 3.09817672
713 2204 5.37019496 0.00537019496 3.0911641
713 2204 5.37009461 0.00537009461 3.0911641
713 2204 5.37011209 0.00537011209 3.0911641
713 2204 5.3699593 0.0053699593 3.0911641
713 2204 5.3700813 0.0053700813 3.0911641
713 2204 5.37010809 0.00537010809 3.0911641
713 2204 5.3701523 0.0053701523 3.0911641
712 2200 5.35160146 0.00535160146 3.08988764
712 2200 5.35159316 0.00535159316 3.08988764
712 2200 5.35169404 0.00535169404 3.08988764
712 2200 5.35161183 0.00535161183 3.08988764
712 2200 5.35165085 0.00535165085 3.08988764
712 2200 5.35160684 0.00535160684 3.08988764
712 2200 5.35154295 0.00535154295 3.08988764
712 2200 5.35177498 0.00535177498 3.08988764
712 2200 5.35158579 0.00535158579 3.08988764
712 2200 5.35162355 0.00535162355 3.08988764
711 2194 5.332593 0.005332593 3.08579466
710 2190 5.32928017 0.00532928017 3.08450704
710 2190 5.32936191 0.00532936191 3.08450704
710 2190 5.32914261 0.00532914261 3.08450704
710 2190 5.32919407 0.00532919407 3.08450704
710 2190 5.32919608 0.00532919608 3.08450704
710 2190 5.32918748 0.00532918748 3.08450704
710 2190 5.32918747 0.00532918747 3.08450704
710 2190 5.32918939 0.00532918939 3.08450704
710 2190 5.32918909 0.00532918909 3.08450704
709 2185 5.3108378 0.0053108378 3.08180536
709 2185 5.31099137 0.00531099137 3.08180536
709 2185 5.31098938 0.00531098938 3.08180536
709 2185 5.31086943 0.00531086943 3.08180536
709 2185 5.3110237 0.0053110237 3.08180536
709 2185 5.31091975 0.00531091975 3.08180536
709 2185 5.31103355 0.00531103355 3.08180536
709 2185 5.3109158 0.0053109158 3.08180536
709 2185 5.31103311 0.00531103311 3.08180536
709 2185 5.3109165 0.0053109165 3.08180536
708 2181 5.29158434 0.00529158434 3.08050847
707 2174 5.29136195 0.00529136195 3.07496464
707 2174 5.29150571 0.00529150571 3.07496464
707 2174 5.29121389 0.00529121389 3.07496464
707 2174 5.29139067 0.00529139067 3.07496464
707 2174 5.29145233 0.00529145233 3.07496464
707 2174 5.29143379 0.00529143379 3.07496464
707 2174 5.29151755 0.00529151755 3.07496464
707 2174 5.29141379 0.00529141379 3.07496464
707 2174 5.29143437 0.00529143437 3.07496464
706 2168 5.27192246 0.00527192246 3.07082153
705 2162 5.26460636 0.00526460636 3.06666667
705 2164 5.26626033 0.00526626033 3.06950355
705 2159 5.2816995 0.0052816995 3.06241135
704 2154 5.26396338 0.00526396338 3.05965909
703 2150 5.24659831 0.00524659831 3.05832148
703 2150 5.2463736 0.0052463736 3.05832148
703 2150 5.24638403 0.00524638403 3.05832148
703 2150 5.24638942 0.00524638942 3.05832148
703 2150 5.24638776 0.00524638776 3.05832148
702 2145 5.22779117 0.00522779117 3.05555556
702 2145 5.22812508 0.00522812508 3.05555556
702 2145 5.22794637 0.00522794637 3.05555556
702 2145 5.2278334 0.0052278334 3.05555556
702 2145 5.22809058 0.00522809058 3.05555556
702 2145 5.2279245 0.0052279245 3.05555556
702 2145 5.22783402 0.00522783402 3.05555556
702 2145 5.22809236 0.00522809236 3.05555556
702 2145 5.22792428 0.00522792428 3.05555556
702 2145 5.22783397 0.00522783397 3.05555556
701 2142 5.20835722 0.00520835722 3.05563481
701 2140 5.20805591 0.00520805591 3.05278174
701 2140 5.21335609 0.00521335609 3.05278174
701 2136 5.21786341 0.00521786341 3.04707561
701 2138 5.22474112 0.00522474112 3.04992867
701 2139 5.2297395 0.0052297395 3.05135521
701 2139 5.21827803 0.00521827803 3.05135521
701 2144 5.2274822 0.0052274822 3.05848787
701 2138 5.21781686 0.00521781686 3.04992867
700 2134 5.21222717 0.00521222717 3.04857143
699 2128 5.19548809 0.00519548809 3.04434907
699 2129 5.18229486 0.00518229486 3.04577969
698 2124 5.17801003 0.00517801003 3.04297994
698 2123 5.16574894 0.00516574894 3.04154728
698 2128 5.18263912 0.00518263912 3.0487106
697 2121 5.16623043 0.00516623043 3.04304161
697 2120 5.16572638 0.00516572638 3.04160689
696 2116 5.14912504 0.00514912504 3.04022989
696 2114 5.13200761 0.00513200761 3.03735632
696 2114 5.14470334 0.00514470334 3.03735632
695 2108 5.13212418 0.00513212418 3.03309353
695 2108 5.13210894 0.00513210894 3.03309353
695 2108 5.13204206 0.00513204206 3.03309353
695 2108 5.13205635 0.00513205635 3.03309353
695 2108 5.13204655 0.00513204655 3.03309353
695 2108 5.13205366 0.00513205366 3.03309353
695 2108 5.13205334 0.00513205334 3.03309353
695 2108 5.13205369 0.00513205369 3.03309353
695 2108 5.13205371 0.00513205371 3.03309353
695 2108 5.13205373 0.00513205373 3.03309353
694 2103 5.11414459 0.00511414459 3.03025937
694 2104 5.11279803 0.00511279803 3.03170029
694 2105 5.10155095 0.00510155095 3.03314121
694 2103 5.11459275 0.00511459275 3.03025937
694 2108 5.11881583 0.00511881583 3.03746398
694 2110 5.11712215 0.00511712215 3.04034582
694 2108 5.11751434 0.00511751434 3.03746398
694 2108 5.11786456 0.00511786456 3.03746398
694 2107 5.11438437 0.00511438437 3.03602305
694 2109 5.11475673 0.00511475673 3.0389049
693 2103 5.11447119 0.00511447119 3.03463203
693 2106 5.10075852 0.00510075852 3.03896104
693 2103 5.09952418 0.00509952418 3.03463203
693 2106 5.11433406 0.00511433406 3.03896104
693 2101 5.11005987 0.00511005987 3.03174603
692 2099 5.09865913 0.00509865913 3.03323699
692 2099 5.09858469 0.00509858469 3.03323699
692 2101 5.09366867 0.00509366867 3.03612717
692 2099 5.09081429 0.00509081429 3.03323699
691 2096 5.08141135 0.00508141135 3.03328509
690 2090 5.06544509 0.00506544509 3.02898551
690 2090 5.06534061 0.00506534061 3.02898551
690 2090 5.06530292 0.00506530292 3.02898551
690 2090 5.06529769 0.00506529769 3.02898551
690 2090 5.06527866 0.00506527866 3.02898551
690 2090 5.06527942 0.00506527942 3.02898551
690 2090 5.06528007 0.00506528007 3.02898551
690 2090 5.0652811 0.0050652811 3.02898551
690 2090 5.06528186 0.00506528186 3.02898551
690 2090 5.06528185 0.00506528185 3.02898551
689 2084 5.04688995 0.00504688995 3.02467344
688 2081 5.04700838 0.00504700838 3.0247093
688 2081 5.0472051 0.0050472051 3.0247093
688 2081 5.04699288 0.00504699288 3.0247093
688 2081 5.04696266 0.00504696266 3.0247093
688 2081 5.04678027 0.00504678027 3.0247093
688 2081 5.04727725 0.00504727725 3.0247093
688 2081 5.04700843 0.00504700843 3.0247093
688 2081 5.04694696 0.00504694696 3.0247093
688 2081 5.04677781 0.00504677781 3.0247093
687 2078 5.02818573 0.00502818573 3.02474527
687 2075 5.02867289 0.00502867289 3.02037846
687 2075 5.02855333 0.00502855333 3.02037846
687 2075 5.02844529 0.00502844529 3.02037846
687 2075 5.02837265 0.00502837265 3.02037846
687 2075 5.02886026 0.00502886026 3.02037846
687 2075 5.02873536 0.00502873536 3.02037846
687 2075 5.02870605 0.00502870605 3.02037846
687 2075 5.02871589 0.00502871589 3.02037846
687 2075 5.02871437 0.00502871437 3.02037846
686 2072 5.01040792 0.00501040792 3.02040816
686 2072 5.01014168 0.00501014168 3.02040816
686 2070 5.01268645 0.00501268645 3.01749271
686 2071 5.00875249 0.00500875249 3.01895044
686 2072 5.01260871 0.00501260871 3.02040816
686 2072 5.01245231 0.00501245231 3.02040816
686 2072 5.01294163 0.00501294163 3.02040816
686 2072 5.01251503 0.00501251503 3.02040816
686 2072 5.01296786 0.00501296786 3.02040816
686 2072 5.01250972 0.00501250972 3.02040816
685 2069 4.99427999 0.00499427999 3.02043796
685 2066 4.99504299 0.00499504299 3.01605839
685 2068 4.99543603 0.00499543603 3.0189781
685 2068 4.99570518 0.00499570518 3.0189781
685 2069 4.99475491 0.00499475491 3.02043796
685 2068 4.99540317 0.00499540317 3.0189781
685 2068 4.99535827 0.00499535827 3.0189781
685 2068 4.99531781 0.00499531781 3.0189781
685 2068 4.99541189 0.00499541189 3.0189781
685 2068 4.99539101 0.00499539101 3.0189781
684 2067 4.9779999 0.0049779999 3.02192982
684 2065 4.97733893 0.00497733893 3.01900585
684 2065 4.97734838 0.00497734838 3.01900585
684 2065 4.97738046 0.00497738046 3.01900585
684 2065 4.97732545 0.00497732545 3.01900585
684 2065 4.97731477 0.00497731477 3.01900585
684 2065 4.9773175 0.0049773175 3.01900585
684 2065 4.97731708 0.00497731708 3.01900585
684 2065 4.97731565 0.00497731565 3.01900585
684 2065 4.97731572 0.00497731572 3.01900585
683 2061 4.95965256 0.00495965256 3.01756955
683 2061 4.95974413 0.00495974413 3.01756955
683 2061 4.95975105 0.00495975105 3.01756955
683 2061 4.95991559 0.00495991559 3.01756955
683 2061 4.95969467 0.00495969467 3.01756955
683 2061 4.95978938 0.00495978938 3.01756955
683 2061 4.95987243 0.00495987243 3.01756955
683 2061 4.95969209 0.00495969209 3.01756955
683 2061 4.95978907 0.00495978907 3.01756955
683 2061 4.95987761 0.00495987761 3.01756955
682 2060 4.94192164 0.00494192164 3.02052786
682 2056 4.94183205 0.00494183205 3.01466276
682 2059 4.94337863 0.00494337863 3.01906158
682 2059 4.94310973 0.00494310973 3.01906158
682 2059 4.94315442 0.00494315442 3.01906158
682 2059 4.94309153 0.00494309153 3.01906158
682 2059 4.94308945 0.00494308945 3.01906158
682 2059 4.94309104 0.00494309104 3.01906158
682 2059 4.94308858 0.00494308858 3.01906158
682 2059 4.94308949 0.00494308949 3.01906158
681 2055 4.92529528 0.00492529528 3.01762115
681 2055 4.92566812 0.00492566812 3.01762115
681 2055 4.92583756 0.00492583756 3.01762115
681 2055 4.92587097 0.00492587097 3.01762115
681 2055 4.92587462 0.00492587462 3.01762115
681 2055 4.92588654 0.00492588654 3.01762115
681 2055 4.92589693 0.00492589693 3.01762115
681 2055 4.92589707 0.00492589707 3.01762115
681 2055 4.92589583 0.00492589583 3.01762115
681 2055 4.92589683 0.00492589683 3.01762115
680 2049 4.9082484 0.0049082484 3.01323529
680 2049 4.90782976 0.00490782976 3.01323529
680 2049 4.90774896 0.00490774896 3.01323529
680 2049 4.90792067 0.00490792067 3.01323529
680 2049 4.90795749 0.00490795749 3.01323529
680 2049 4.90785619 0.00490785619 3.01323529
680 2049 4.90780664 0.00490780664 3.01323529
680 2049 4.90776545 0.00490776545 3.01323529
680 2049 4.90782637 0.00490782637 3.01323529
680 2049 4.90773548 0.00490773548 3.01323529
679 2043 4.88956159 0.00488956159 3.00883652
679 2043 4.88950295 0.00488950295 3.00883652
679 2043 4.88953155 0.00488953155 3.00883652
679 2043 4.88958762 0.00488958762 3.00883652
679 2043 4.88943355 0.00488943355 3.00883652
679 2043 4.88942628 0.00488942628 3.00883652
679 2043 4.88943315 0.00488943315 3.00883652
679 2043 4.88943541 0.00488943541 3.00883652
679 2043 4.8894371 0.0048894371 3.00883652
679 2043 4.88943643 0.00488943643 3.00883652
678 2037 4.87133976 0.00487133976 3.00442478
678 2036 4.87122708 0.00487122708 3.00294985
678 2036 4.87254427 0.00487254427 3.00294985
678 2036 4.87234379 0.00487234379 3.00294985
678 2036 4.87246925 0.00487246925 3.00294985
678 2036 4.87161147 0.00487161147 3.00294985
678 2034 4.87012988 0.00487012988 3
678 2036 4.8724713 0.0048724713 3.00294985
678 2036 4.8725117 0.0048725117 3.00294985
678 2036 4.87242762 0.00487242762 3.00294985
677 2030 4.85433794 0.00485433794 2.9985229
677 2030 4.85439605 0.00485439605 2.9985229
677 2030 4.85439229 0.00485439229 2.9985229
677 2030 4.85438712 0.00485438712 2.9985229
677 2030 4.85438282 0.00485438282 2.9985229
677 2030 4.85438302 0.00485438302 2.9985229
677 2030 4.85438246 0.00485438246 2.9985229
677 2030 4.85438227 0.00485438227 2.9985229
677 2030 4.85438241 0.00485438241 2.9985229
677 2030 4.85438244 0.00485438244 2.9985229
676 2021 4.83606246 0.00483606246 2.98964497
676 2027 4.83144266 0.00483144266 2.99852071
676 2024 4.83867445 0.00483867445 2.99408284
676 2024 4.84196942 0.00484196942 2.99408284
676 2021 4.84734889 0.00484734889 2.98964497
676 2020 4.84539202 0.00484539202 2.98816568
676 2023 4.84137671 0.00484137671 2.99260355
676 2019 4.84096514 0.00484096514 2.98668639
675 2015 4.83126579 0.00483126579 2.98518519
675 2019 4.83175292 0.00483175292 2.99111111
674 2012 4.81504644 0.00481504644 2.9851632
674 2012 4.81506882 0.00481506882 2.9851632
674 2012 4.8150627 0.0048150627 2.9851632
674 2012 4.81508661 0.00481508661 2.9851632
674 2012 4.81509 0.00481509 2.9851632
674 2012 4.81509847 0.00481509847 2.9851632
674 2012 4.81509852 0.00481509852 2.9851632
674 2012 4.81509758 0.00481509758 2.9851632
674 2012 4.8150973 0.0048150973 2.9851632
674 2012 4.81509736 0.00481509736 2.9851632
673 2006 4.79761585 0.00479761585 2.98068351
673 2008 4.79726329 0.00479726329 2.98365527
673 2010 4.78851317 0.00478851317 2.98662704
672 2006 4.78515141 0.00478515141 2.98511905
672 2005 4.78242381 0.00478242381 2.98363095
672 2005 4.79332332 0.00479332332 2.98363095
672 2008 4.7958704 0.0047958704 2.98809524
672 2005 4.78915366 0.00478915366 2.98363095
672 2005 4.79849948 0.00479849948 2.98363095
672 2005 4.79111615 0.00479111615 2.98363095
671 2000 4.7828192 0.0047828192 2.98062593
671 2001 4.78938328 0.00478938328 2.98211624
671 1995 4.78580706 0.00478580706 2.97317437
671 1999 4.78689766 0.00478689766 2.97913562
671 2000 4.78271387 0.00478271387 2.98062593
671 1996 4.77866827 0.00477866827 2.97466468
671 1998 4.78623358 0.00478623358 2.97764531
671 2003 4.77614593 0.00477614593 2.98509687
671 1996 4.78792851 0.00478792851 2.97466468
671 1999 4.77951963 0.00477951963 2.97913562
670 1993 4.77335735 0.00477335735 2.97462687
670 1994 4.76408698 0.00476408698 2.9761194
670 1994 4.77388528 0.00477388528 2.9761194
670 1995 4.75788122 0.00475788122 2.97761194
670 1996 4.75794845 0.00475794845 2.97910448
670 1996 4.76172903 0.00476172903 2.97910448
670 1995 4.77364252 0.00477364252 2.97761194
670 1997 4.7586166 0.0047586166 2.98059701
669 1988 4.75796184 0.00475796184 2.9715994
669 1988 4.75780385 0.00475780385 2.9715994
668 1981 4.74069207 0.00474069207 2.96556886
668 1981 4.74088849 0.00474088849 2.96556886
668 1981 4.74080875 0.00474080875 2.96556886
668 1981 4.74087564 0.00474087564 2.96556886
668 1981 4.74080087 0.00474080087 2.96556886
668 1981 4.74087137 0.00474087137 2.96556886
668 1981 4.74079996 0.00474079996 2.96556886
668 1981 4.74087072 0.00474087072 2.96556886
668 1981 4.74079971 0.00474079971 2.96556886
668 1981 4.74087071 0.00474087071 2.96556886
667 1978 4.72296232 0.00472296232 2.96551724
667 1978 4.72303127 0.00472303127 2.96551724
667 1974 4.72312856 0.00472312856 2.95952024
667 1974 4.72302811 0.00472302811 2.95952024
667 1974 4.7230137 0.0047230137 2.95952024
667 1974 4.7230167 0.0047230167 2.95952024
667 1974 4.72301482 0.00472301482 2.95952024
667 1974 4.72301492 0.00472301492 2.95952024
667 1974 4.72301525 0.00472301525 2.95952024
667 1974 4.72301516 0.00472301516 2.95952024
666 1971 4.70533304 0.00470533304 2.95945946
666 1971 4.70462298 0.00470462298 2.95945946
666 1971 4.70515296 0.00470515296 2.95945946
666 1975 4.70522388 0.00470522388 2.96546547
666 1975 4.70510712 0.00470510712 2.96546547
666 1975 4.70488079 0.00470488079 2.96546547
666 1971 4.70519273 0.00470519273 2.95945946
666 1975 4.70515006 0.00470515006 2.96546547
666 1975 4.70511141 0.00470511141 2.96546547
666 1975 4.70511026 0.00470511026 2.96546547
665 1968 4.68809369 0.00468809369 2.9593985
665 1968 4.68811052 0.00468811052 2.9593985
665 1968 4.68817603 0.00468817603 2.9593985
665 1968 4.68817056 0.00468817056 2.9593985
665 1968 4.68817183 0.00468817183 2.9593985
665 1968 4.68817145 0.00468817145 2.9593985
665 1968 4.68817126 0.00468817126 2.9593985
665 1968 4.68817134 0.00468817134 2.9593985
665 1968 4.68817136 0.00468817136 2.9593985
665 1968 4.68817137 0.00468817137 2.9593985
664 1964 4.67010177 0.00467010177 2.95783133
664 1964 4.66975811 0.00466975811 2.95783133
663 1956 4.66792583 0.00466792583 2.95022624
663 1959 4.66748174 0.00466748174 2.95475113
663 1961 4.66784511 0.00466784511 2.95776772
663 1957 4.66660576 0.00466660576 2.95173454
663 1956 4.66567067 0.00466567067 2.95022624
663 1956 4.66512108 0.00466512108 2.95022624
663 1956 4.66048516 0.00466048516 2.95022624
663 1957 4.65738854 0.00465738854 2.95173454
662 1953 4.65208478 0.00465208478 2.95015106
661 1946 4.63654888 0.00463654888 2.94402421
660 1942 4.62052587 0.00462052587 2.94242424
660 1942 4.6204216 0.0046204216 2.94242424
660 1942 4.62034883 0.00462034883 2.94242424
660 1942 4.62040548 0.00462040548 2.94242424
660 1942 4.62050265 0.00462050265 2.94242424
660 1942 4.62036323 0.00462036323 2.94242424
660 1942 4.62032107 0.00462032107 2.94242424
660 1942 4.62049131 0.00462049131 2.94242424
659 1935 4.60317311 0.00460317311 2.93626707
659 1940 4.6031828 0.0046031828 2.94385432
659 1940 4.60314921 0.00460314921 2.94385432
659 1937 4.60340455 0.00460340455 2.93930197
659 1937 4.60330268 0.00460330268 2.93930197
659 1937 4.60353732 0.00460353732 2.93930197
659 1937 4.60326942 0.00460326942 2.93930197
659 1937 4.60358207 0.00460358207 2.93930197
659 1937 4.60339853 0.00460339853 2.93930197
659 1937 4.60339819 0.00460339819 2.93930197
658 1935 4.58648905 0.00458648905 2.94072948
658 1932 4.58503392 0.00458503392 2.93617021
658 1936 4.58705095 0.00458705095 2.94224924
658 1940 4.58866352 0.00458866352 2.94832827
658 1940 4.58856414 0.00458856414 2.94832827
657 1935 4.57240607 0.00457240607 2.94520548
657 1935 4.57240926 0.00457240926 2.94520548
657 1935 4.57236371 0.00457236371 2.94520548
657 1935 4.57236773 0.00457236773 2.94520548
657 1935 4.57235543 0.00457235543 2.94520548
656 1929 4.55589038 0.00455589038 2.94054878
656 1929 4.55583647 0.00455583647 2.94054878
656 1929 4.55592502 0.00455592502 2.94054878
656 1929 4.55588679 0.00455588679 2.94054878
656 1929 4.55592939 0.00455592939 2.94054878
656 1929 4.55588696 0.00455588696 2.94054878
656 1929 4.55592975 0.00455592975 2.94054878
656 1929 4.55588467 0.00455588467 2.94054878
656 1929 4.55592986 0.00455592986 2.94054878
656 1929 4.55588473 0.00455588473 2.94054878
655 1922 4.53795792 0.00453795792 2.93435115
654 1919 4.53794094 0.00453794094 2.93425076
654 1919 4.54787349 0.00454787349 2.93425076
654 1919 4.5478407 0.0045478407 2.93425076
653 1913 4.53184418 0.00453184418 2.9295559
653 1913 4.53166789 0.00453166789 2.9295559
653 1913 4.53165999 0.00453165999 2.9295559
653 1913 4.53162819 0.00453162819 2.9295559
653 1913 4.53165795 0.00453165795 2.9295559
653 1913 4.53164843 0.00453164843 2.9295559
652 1906 4.5139564 0.0045139564 2.92331288
652 1906 4.51415839 0.00451415839 2.92331288
652 1906 4.51402294 0.00451402294 2.92331288
652 1906 4.51399285 0.00451399285 2.92331288
652 1906 4.51398601 0.00451398601 2.92331288
652 1906 4.51398373 0.00451398373 2.92331288
652 1906 4.51398462 0.00451398462 2.92331288
652 1906 4.51398458 0.00451398458 2.92331288
652 1906 4.51398511 0.00451398511 2.92331288
652 1906 4.51398494 0.00451398494 2.92331288
651 1901 4.49610245 0.00449610245 2.92012289
651 1901 4.49640171 0.00449640171 2.92012289
651 1901 4.49621485 0.00449621485 2.92012289
651 1901 4.49612238 0.00449612238 2.92012289
651 1901 4.49627329 0.00449627329 2.92012289
651 1901 4.49640628 0.00449640628 2.92012289
651 1901 4.49617968 0.00449617968 2.92012289
651 1901 4.49632087 0.00449632087 2.92012289
651 1901 4.49638997 0.00449638997 2.92012289
651 1901 4.49617546 0.00449617546 2.92012289
650 1897 4.47798226 0.00447798226 2.91846154
650 1895 4.47054545 0.00447054545 2.91538462
650 1896 4.4787564 0.0044787564 2.91692308
650 1900 4.48189339 0.00448189339 2.92307692
650 1899 4.48615013 0.00448615013 2.92153846
650 1902 4.47377231 0.00447377231 2.92615385
650 1898 4.47659873 0.00447659873 2.92
650 1901 4.4736483 0.0044736483 2.92461538
649 1896 4.4737078 0.0044737078 2.92141757
648 1887 4.4653295 0.0044653295 2.91203704
647 1882 4.45031567 0.00445031567 2.90880989
647 1882 4.45010597 0.00445010597 2.90880989
647 1880 4.43409665 0.00443409665 2.9057187
647 1884 4.44092839 0.00444092839 2.91190108
647 1884 4.44088621 0.00444088621 2.91190108
647 1882 4.44603978 0.00444603978 2.90880989
647 1882 4.44255559 0.00444255559 2.90880989
646 1877 4.43409275 0.00443409275 2.90557276
646 1872 4.42511761 0.00442511761 2.89783282
646 1876 4.42008419 0.00442008419 2.90402477
645 1869 4.41960845 0.00441960845 2.89767442
645 1872 4.41532494 0.00441532494 2.90232558
645 1867 4.40771846 0.00440771846 2.89457364
645 1867 4.41764518 0.00441764518 2.89457364
644 1864 4.403633 0.004403633 2.89440994
644 1862 4.40081966 0.00440081966 2.89130435
644 1863 4.39062673 0.00439062673 2.89285714
644 1862 4.39691823 0.00439691823 2.89130435
644 1866 4.39143735 0.00439143735 2.89751553
644 1863 4.40368397 0.00440368397 2.89285714
643 1852 4.39086978 0.00439086978 2.88024883
642 1846 4.37796767 0.00437796767 2.87538941
642 1847 4.36522215 0.00436522215 2.87694704
642 1847 4.37378357 0.00437378357 2.87694704
642 1848 4.37171174 0.00437171174 2.87850467
642 1847 4.38062154 0.00438062154 2.87694704
642 1848 4.37181506 0.00437181506 2.87850467
641 1842 4.36520846 0.00436520846 2.87363495
641 1848 4.34964505 0.00434964505 2.88299532
641 1837 4.34942702 0.00434942702 2.86583463
640 1836 4.34947467 0.00434947467 2.86875
639 1830 4.33398277 0.00433398277 2.86384977
638 1826 4.33395446 0.00433395446 2.86206897
638 1828 4.31865861 0.00431865861 2.86520376
638 1829 4.3239185 0.0043239185 2.86677116
638 1830 4.32590219 0.00432590219 2.86833856
638 1828 4.32634674 0.00432634674 2.86520376
637 1824 4.31859264 0.00431859264 2.86342229
637 1824 4.3186807 0.0043186807 2.86342229
637 1824 4.31866517 0.00431866517 2.86342229
636 1818 4.30245531 0.00430245531 2.85849057
636 1818 4.30232048 0.00430232048 2.85849057
636 1818 4.30255851 0.00430255851 2.85849057
636 1818 4.30246826 0.00430246826 2.85849057
636 1818 4.30256326 0.00430256326 2.85849057
636 1818 4.30241727 0.00430241727 2.85849057
636 1818 4.30243791 0.00430243791 2.85849057
636 1818 4.30257003 0.00430257003 2.85849057
636 1818 4.30241044 0.00430241044 2.85849057
636 1818 4.30244058 0.00430244058 2.85849057
635 1814 4.28612792 0.00428612792 2.85669291
634 1809 4.27884982 0.00427884982 2.8533123
634 1812 4.28077878 0.00428077878 2.85804416
634 1808 4.26901834 0.00426901834 2.85173502
633 1804 4.26665147 0.00426665147 2.84992101
633 1807 4.27906292 0.00427906292 2.85466035
633 1810 4.28025094 0.00428025094 2.85939968
633 1809 4.28425136 0.00428425136 2.85781991
633 1810 4.28180253 0.00428180253 2.85939968
633 1808 4.28429627 0.00428429627 2.85624013
632 1804 4.28175062 0.00428175062 2.85443038
631 1797 4.27386632 0.00427386632 2.84786054
630 1789 4.26225406 0.00426225406 2.83968254
629 1783 4.25094666 0.00425094666 2.83465819
629 1786 4.24282477 0.00424282477 2.83942766
629 1786 4.2524199 0.0042524199 2.83942766
629 1787 4.23994555 0.00423994555 2.84101749
629 1789 4.25442898 0.00425442898 2.84419714
629 1789 4.25447103 0.00425447103 2.84419714
629 1789 4.25453292 0.00425453292 2.84419714
628 1782 4.23892499 0.00423892499 2.83757962
628 1781 4.23802427 0.00423802427 2.83598726
628 1783 4.24546911 0.00424546911 2.83917197
628 1785 4.24283951 0.00424283951 2.84235669
628 1778 4.23963333 0.00423963333 2.83121019
627 1776 4.23698635 0.00423698635 2.83253589
627 1776 4.23484803 0.00423484803 2.83253589
627 1775 4.2541874 0.0042541874 2.83094099
627 1769 4.25461322 0.00425461322 2.82137161
627 1769 4.2544807 0.0042544807 2.82137161
626 1767 4.23974042 0.00423974042 2.82268371
625 1761 4.22430527 0.00422430527 2.8176
625 1761 4.22425385 0.00422425385 2.8176
625 1761 4.22456757 0.00422456757 2.8176
625 1761 4.22445634 0.00422445634 2.8176
625 1761 4.22444502 0.00422444502 2.8176
625 1761 4.22445139 0.00422445139 2.8176
625 1761 4.22445733 0.00422445733 2.8176
625 1761 4.2244543 0.0042244543 2.8176
625 1761 4.22445493 0.00422445493 2.8176
624 1756 4.20910823 0.00420910823 2.81410256
624 1756 4.20834455 0.00420834455 2.81410256
623 1751 4.19565525 0.00419565525 2.8105939
623 1750 4.18270896 0.00418270896 2.80898876
623 1751 4.19240996 0.00419240996 2.8105939
622 1746 4.18097814 0.00418097814 2.80707395
622 1748 4.16676521 0.00416676521 2.81028939
622 1746 4.18176985 0.00418176985 2.80707395
621 1742 4.16764436 0.00416764436 2.80515298
621 1742 4.16746321 0.00416746321 2.80515298
620 1736 4.15302466 0.00415302466 2.8
620 1739 4.15217348 0.00415217348 2.80483871
620 1739 4.15799093 0.00415799093 2.80483871
620 1736 4.15655984 0.00415655984 2.8
620 1735 4.16343581 0.00416343581 2.7983871
620 1737 4.16003754 0.00416003754 2.8016129
620 1735 4.15462235 0.00415462235 2.7983871
620 1741 4.16933398 0.00416933398 2.80806452
620 1740 4.1685484 0.0041685484 2.80645161
619 1735 4.15688272 0.00415688272 2.80290792
618 1728 4.14342555 0.00414342555 2.7961165
618 1729 4.13710496 0.00413710496 2.79773463
617 1724 4.1370806 0.0041370806 2.79416532
617 1717 4.13116026 0.00413116026 2.7828201
617 1719 4.14347939 0.00414347939 2.78606159
616 1715 4.12997359 0.00412997359 2.78409091
616 1721 4.1293552 0.0041293552 2.79383117
616 1717 4.129006 0.004129006 2.78733766
615 1713 4.11607439 0.00411607439 2.78536585
615 1713 4.10429635 0.00410429635 2.78536585
614 1711 4.10186246 0.00410186246 2.78664495
613 1703 4.08749291 0.00408749291 2.77814029
613 1703 4.0875126 0.0040875126 2.77814029
613 1703 4.08753762 0.00408753762 2.77814029
613 1703 4.08756811 0.00408756811 2.77814029
613 1703 4.08756882 0.00408756882 2.77814029
613 1703 4.08753698 0.00408753698 2.77814029
613 1703 4.08759012 0.00408759012 2.77814029
613 1703 4.08750227 0.00408750227 2.77814029
613 1703 4.0875642 0.0040875642 2.77814029
612 1699 4.07265137 0.00407265137 2.77614379
611 1694 4.06483951 0.00406483951 2.77250409
611 1694 4.06480411 0.00406480411 2.77250409
611 1694 4.06485507 0.00406485507 2.77250409
611 1694 4.06472935 0.00406472935 2.77250409
611 1694 4.06486267 0.00406486267 2.77250409
611 1694 4.06471747 0.00406471747 2.77250409
611 1694 4.06486395 0.00406486395 2.77250409
611 1694 4.06471215 0.00406471215 2.77250409
611 1694 4.06486191 0.00406486191 2.77250409
610 1689 4.050103 0.004050103 2.76885246
610 1688 4.04964347 0.00404964347 2.76721311
610 1689 4.03739054 0.00403739054 2.76885246
610 1686 4.0545233 0.0040545233 2.76393443
610 1685 4.04951853 0.00404951853 2.76229508
610 1688 4.0486784 0.0040486784 2.76721311
610 1692 4.04163791 0.00404163791 2.77377049
609 1682 4.04155896 0.00404155896 2.76190476
609 1685 4.03413719 0.00403413719 2.76683087
609 1678 4.04469732 0.00404469732 2.75533662
608 1677 4.03344277 0.00403344277 2.75822368
608 1673 4.03346614 0.00403346614 2.75164474
606 1664 4.02455464 0.00402455464 2.74587459
606 1663 4.02954177 0.00402954177 2.74422442
606 1659 4.03104735 0.00403104735 2.73762376
606 1661 4.04408689 0.00404408689 2.74092409
606 1660 4.04115556 0.00404115556 2.73927393
605 1652 4.04120696 0.00404120696 2.73057851
604 1649 4.04059923 0.00404059923 2.73013245
603 1643 4.02852548 0.00402852548 2.72470978
602 1639 4.01544925 0.00401544925 2.72259136
602 1638 4.0200982 0.0040200982 2.72093023
602 1635 4.02476278 0.00402476278 2.71594684
602 1634 4.01151946 0.00401151946 2.71428571
601 1631 4.01152495 0.00401152495 2.71381032
600 1627 3.99840651 0.00399840651 2.71166667
599 1625 3.98541991 0.00398541991 2.71285476
599 1629 3.97237204 0.00397237204 2.71953255
598 1622 3.97217375 0.00397217375 2.71237458
598 1622 3.97217698 0.00397217698 2.71237458
597 1617 3.95853498 0.00395853498 2.70854271
597 1619 3.95154555 0.00395154555 2.7118928
597 1617 3.95749725 0.00395749725 2.70854271
596 1611 3.94908839 0.00394908839 2.70302013
596 1609 3.95399967 0.00395399967 2.69966443
596 1610 3.94635731 0.00394635731 2.70134228
596 1609 3.9519563 0.0039519563 2.69966443
595 1604 3.94493902 0.00394493902 2.69579832
594 1601 3.93593939 0.00393593939 2.6952862
594 1603 3.93252105 0.00393252105 2.6986532
593 1598 3.92442232 0.00392442232 2.69477234
593 1598 3.92445511 0.00392445511 2.69477234
593 1598 3.92436666 0.00392436666 2.69477234
593 1598 3.92432715 0.00392432715 2.69477234
593 1598 3.92453602 0.00392453602 2.69477234
593 1598 3.92429028 0.00392429028 2.69477234
593 1598 3.92405707 0.00392405707 2.69477234
593 1598 3.92450132 0.00392450132 2.69477234
593 1598 3.92442376 0.00392442376 2.69477234
593 1596 3.91086333 0.00391086333 2.69139966
592 1594 3.91086299 0.00391086299 2.69256757
592 1593 3.91803111 0.00391803111 2.69087838
592 1592 3.90702015 0.00390702015 2.68918919
592 1593 3.9102076 0.0039102076 2.69087838
591 1589 3.9069717 0.0039069717 2.68866328
591 1589 3.90699823 0.00390699823 2.68866328
591 1593 3.90645174 0.00390645174 2.69543147
591 1594 3.89629127 0.00389629127 2.69712352
591 1594 3.90650043 0.00390650043 2.69712352
590 1588 3.90486205 0.00390486205 2.69152542
589 1584 3.89309711 0.00389309711 2.6893039
588 1581 3.88049483 0.00388049483 2.68877551
588 1579 3.87783092 0.00387783092 2.68537415
587 1574 3.86930239 0.00386930239 2.68143101
587 1571 3.87111738 0.00387111738 2.67632027
586 1566 3.86706045 0.00386706045 2.67235495
586 1569 3.86833515 0.00386833515 2.6774744
585 1564 3.86566328 0.00386566328 2.67350427
585 1564 3.85594888 0.00385594888 2.67350427
584 1560 3.85478051 0.00385478051 2.67123288
583 1552 3.84185226 0.00384185226 2.66209262
582 1547 3.82866388 0.00382866388 2.6580756
582 1547 3.8287389 0.0038287389 2.6580756
582 1547 3.8287245 0.0038287245 2.6580756
582 1547 3.82863188 0.00382863188 2.6580756
582 1547 3.8286923 0.0038286923 2.6580756
582 1547 3.82874472 0.00382874472 2.6580756
582 1547 3.82873483 0.00382873483 2.6580756
582 1547 3.82861837 0.00382861837 2.6580756
582 1547 3.82872833 0.00382872833 2.6580756
581 1542 3.81490597 0.00381490597 2.65404475
581 1543 3.81489099 0.00381489099 2.65576592
581 1543 3.81477388 0.00381477388 2.65576592
581 1544 3.80474477 0.00380474477 2.65748709
581 1546 3.81200904 0.00381200904 2.66092943
580 1541 3.80323114 0.00380323114 2.65689655
580 1540 3.80018061 0.00380018061 2.65517241
580 1538 3.80029757 0.00380029757 2.65172414
580 1541 3.8033127 0.0038033127 2.65689655
580 1541 3.80314555 0.00380314555 2.65689655
579 1536 3.78989282 0.00378989282 2.65284974
579 1540 3.78927717 0.00378927717 2.6597582
579 1538 3.78312657 0.00378312657 2.65630397
578 1533 3.78310805 0.00378310805 2.65224913
578 1534 3.77829608 0.00377829608 2.65397924
578 1530 3.77492973 0.00377492973 2.64705882
578 1540 3.78504858 0.00378504858 2.66435986
578 1537 3.78412199 0.00378412199 2.65916955
578 1538 3.78774272 0.00378774272 2.66089965
577 1534 3.78384958 0.00378384958 2.65857886
576 1528 3.77711105 0.00377711105 2.65277778
575 1524 3.76862905 0.00376862905 2.65043478
575 1520 3.76964472 0.00376964472 2.64347826
574 1516 3.75849825 0.00375849825 2.64111498
573 1509 3.74727572 0.00374727572 2.63350785
572 1501 3.73540708 0.00373540708 2.62412587
571 1497 3.72569773 0.00372569773 2.62171629
571 1497 3.72559023 0.00372559023 2.62171629
571 1497 3.72545541 0.00372545541 2.62171629
571 1497 3.72554437 0.00372554437 2.62171629
570 1492 3.71294715 0.00371294715 2.61754386
570 1489 3.71202015 0.00371202015 2.6122807
570 1485 3.70234976 0.00370234976 2.60526316
570 1490 3.70940045 0.00370940045 2.61403509
570 1485 3.7012534 0.0037012534 2.60526316
569 1484 3.70126967 0.00370126967 2.60808436
569 1484 3.70131461 0.00370131461 2.60808436
569 1484 3.70116154 0.00370116154 2.60808436
569 1484 3.7011627 0.0037011627 2.60808436
569 1484 3.7011534 0.0037011534 2.60808436
568 1482 3.68849316 0.00368849316 2.60915493
568 1482 3.68851408 0.00368851408 2.60915493
568 1482 3.68855653 0.00368855653 2.60915493
568 1482 3.68855517 0.00368855517 2.60915493
568 1482 3.68855225 0.00368855225 2.60915493
568 1482 3.68855276 0.00368855276 2.60915493
568 1482 3.68855236 0.00368855236 2.60915493
568 1482 3.68855248 0.00368855248 2.60915493
568 1482 3.68855257 0.00368855257 2.60915493
568 1482 3.68855249 0.00368855249 2.60915493
567 1475 3.67563948 0.00367563948 2.60141093
567 1480 3.67512358 0.00367512358 2.61022928
566 1475 3.6722898 0.0036722898 2.60600707
566 1470 3.67264845 0.00367264845 2.59717314
566 1470 3.6726798 0.0036726798 2.59717314
566 1470 3.67263682 0.00367263682 2.59717314
566 1470 3.67263237 0.00367263237 2.59717314
566 1470 3.67262831 0.00367262831 2.59717314
566 1470 3.6726265 0.0036726265 2.59717314
566 1470 3.67262505 0.00367262505 2.59717314
565 1468 3.65994302 0.00365994302 2.59823009
565 1468 3.6599603 0.0036599603 2.59823009
565 1468 3.65977215 0.00365977215 2.59823009
565 1468 3.65987985 0.00365987985 2.59823009
565 1468 3.65993993 0.00365993993 2.59823009
565 1468 3.66001738 0.00366001738 2.59823009
565 1468 3.66005047 0.00366005047 2.59823009
565 1468 3.66006106 0.00366006106 2.59823009
565 1468 3.66006999 0.00366006999 2.59823009
565 1468 3.66008232 0.00366008232 2.59823009
564 1464 3.64660334 0.00364660334 2.59574468
564 1464 3.64658081 0.00364658081 2.59574468
564 1464 3.64676643 0.00364676643 2.59574468
564 1464 3.64666833 0.00364666833 2.59574468
564 1464 3.64669731 0.00364669731 2.59574468
564 1464 3.64669735 0.00364669735 2.59574468
564 1464 3.64670408 0.00364670408 2.59574468
564 1464 3.64670684 0.00364670684 2.59574468
564 1464 3.64670596 0.00364670596 2.59574468
564 1464 3.64670576 0.00364670576 2.59574468
563 1462 3.63306551 0.00363306551 2.59680284
563 1460 3.63314039 0.00363314039 2.59325044
563 1458 3.62865976 0.00362865976 2.58969805
563 1454 3.63727415 0.00363727415 2.58259325
563 1452 3.64232317 0.00364232317 2.57904085
563 1452 3.64226825 0.00364226825 2.57904085
563 1452 3.64218011 0.00364218011 2.57904085
563 1452 3.64241941 0.00364241941 2.57904085
563 1452 3.64232943 0.00364232943 2.57904085
563 1452 3.64236338 0.00364236338 2.57904085
562 1448 3.62951941 0.00362951941 2.57651246
562 1448 3.62842803 0.00362842803 2.57651246
562 1448 3.62942564 0.00362942564 2.57651246
562 1448 3.62963659 0.00362963659 2.57651246
562 1448 3.62941518 0.00362941518 2.57651246
562 1448 3.62958517 0.00362958517 2.57651246
562 1448 3.62958166 0.00362958166 2.57651246
562 1448 3.62958492 0.00362958492 2.57651246
561 1444 3.61713129 0.00361713129 2.57397504
561 1444 3.61707705 0.00361707705 2.57397504
560 1442 3.60439591 0.00360439591 2.575
560 1441 3.60284655 0.00360284655 2.57321429
560 1442 3.60445774 0.00360445774 2.575
560 1443 3.60455279 0.00360455279 2.57678571
559 1439 3.5938531 0.0035938531 2.57423971
558 1437 3.58833786 0.00358833786 2.57526882
558 1436 3.57703456 0.00357703456 2.5734767
557 1433 3.57704719 0.00357704719 2.57271095
556 1431 3.56524658 0.00356524658 2.57374101
556 1431 3.56522693 0.00356522693 2.57374101
555 1428 3.56521049 0.00356521049 2.57297297
555 1428 3.56527625 0.00356527625 2.57297297
555 1428 3.56535418 0.00356535418 2.57297297
555 1434 3.56394394 0.00356394394 2.58378378
555 1432 3.56460777 0.00356460777 2.58018018
555 1430 3.55834711 0.00355834711 2.57657658
555 1428 3.56531445 0.00356531445 2.57297297
555 1428 3.5653218 0.0035653218 2.57297297
555 1428 3.56533826 0.00356533826 2.57297297
555 1428 3.56533975 0.00356533975 2.57297297
554 1427 3.55296409 0.00355296409 2.57581227
554 1427 3.55280646 0.00355280646 2.57581227
554 1427 3.55284937 0.00355284937 2.57581227
554 1427 3.55279988 0.00355279988 2.57581227
554 1427 3.55283647 0.00355283647 2.57581227
554 1427 3.55279574 0.00355279574 2.57581227
554 1427 3.55283692 0.00355283692 2.57581227
554 1427 3.55279605 0.00355279605 2.57581227
554 1427 3.55283723 0.00355283723 2.57581227
554 1427 3.55279607 0.00355279607 2.57581227
553 1423 3.5398653 0.0035398653 2.57323689
553 1423 3.5399732 0.0035399732 2.57323689
553 1423 3.53992582 0.00353992582 2.57323689
553 1423 3.53993336 0.00353993336 2.57323689
553 1423 3.53993943 0.00353993943 2.57323689
553 1423 3.53993828 0.00353993828 2.57323689
553 1423 3.53993813 0.00353993813 2.57323689
553 1423 3.53993822 0.00353993822 2.57323689
553 1423 3.53993823 0.00353993823 2.57323689
553 1423 3.53993822 0.00353993822 2.57323689
552 1418 3.52710539 0.00352710539 2.56884058
552 1418 3.52716999 0.00352716999 2.56884058
552 1418 3.52698383 0.00352698383 2.56884058
552 1418 3.52695796 0.00352695796 2.56884058
552 1418 3.52695846 0.00352695846 2.56884058
552 1418 3.52696529 0.00352696529 2.56884058
552 1418 3.5269686 0.0035269686 2.56884058
552 1418 3.52696708 0.00352696708 2.56884058
552 1418 3.52696723 0.00352696723 2.56884058
552 1418 3.52696746 0.00352696746 2.56884058
551 1412 3.51351715 0.00351351715 2.56261343
551 1412 3.51374479 0.00351374479 2.56261343
551 1416 3.5134482 0.0035134482 2.56987296
551 1414 3.51210817 0.00351210817 2.56624319
550 1411 3.51180459 0.00351180459 2.56545455
550 1414 3.51225608 0.00351225608 2.57090909
550 1412 3.5122766 0.0035122766 2.56727273
550 1413 3.51257129 0.00351257129 2.56909091
550 1413 3.51246179 0.00351246179 2.56909091
550 1413 3.51250079 0.00351250079 2.56909091
549 1409 3.49936009 0.00349936009 2.56648452
549 1409 3.49952929 0.00349952929 2.56648452
549 1407 3.49945401 0.00349945401 2.56284153
549 1407 3.49968209 0.00349968209 2.56284153
549 1407 3.49959278 0.00349959278 2.56284153
549 1407 3.49957291 0.00349957291 2.56284153
549 1407 3.49959862 0.00349959862 2.56284153
549 1407 3.49956348 0.00349956348 2.56284153
549 1407 3.49959953 0.00349959953 2.56284153
549 1407 3.49956438 0.00349956438 2.56284153
548 1406 3.48649535 0.00348649535 2.56569343
548 1403 3.4866727 0.0034866727 2.56021898
548 1403 3.48662854 0.00348662854 2.56021898
548 1403 3.48659122 0.00348659122 2.56021898
548 1403 3.48660804 0.00348660804 2.56021898
548 1403 3.48660911 0.00348660911 2.56021898
548 1403 3.48660838 0.00348660838 2.56021898
548 1403 3.48660846 0.00348660846 2.56021898
548 1403 3.48660845 0.00348660845 2.56021898
548 1403 3.48660843 0.00348660843 2.56021898
547 1402 3.47334633 0.00347334633 2.5630713
547 1402 3.47346903 0.00347346903 2.5630713
547 1402 3.4733588 0.0034733588 2.5630713
547 1401 3.47264212 0.00347264212 2.56124314
547 1402 3.47337203 0.00347337203 2.5630713
547 1402 3.47339287 0.00347339287 2.5630713
547 1402 3.47336726 0.00347336726 2.5630713
547 1402 3.47335669 0.00347335669 2.5630713
547 1402 3.47332207 0.00347332207 2.5630713
547 1402 3.47338837 0.00347338837 2.5630713
546 1400 3.45983551 0.00345983551 2.56410256
546 1400 3.45988369 0.00345988369 2.56410256
546 1400 3.45966009 0.00345966009 2.56410256
546 1400 3.45976846 0.00345976846 2.56410256
546 1400 3.45969083 0.00345969083 2.56410256
546 1400 3.45993284 0.00345993284 2.56410256
546 1400 3.45987365 0.00345987365 2.56410256
546 1400 3.4598549 0.0034598549 2.56410256
546 1400 3.45984915 0.00345984915 2.56410256
546 1400 3.45985371 0.00345985371 2.56410256
545 1398 3.44661011 0.00344661011 2.56513761
545 1398 3.44663139 0.00344663139 2.56513761
545 1398 3.44665875 0.00344665875 2.56513761
545 1398 3.44665963 0.00344665963 2.56513761
545 1398 3.44666654 0.00344666654 2.56513761
545 1398 3.44666916 0.00344666916 2.56513761
545 1398 3.44666924 0.00344666924 2.56513761
545 1398 3.4466694 0.0034466694 2.56513761
545 1398 3.44666949 0.00344666949 2.56513761
545 1398 3.44666986 0.00344666986 2.56513761
544 1396 3.4330409 0.0034330409 2.56617647
544 1391 3.43276002 0.00343276002 2.55698529
544 1391 3.43521047 0.00343521047 2.55698529
544 1391 3.43518451 0.00343518451 2.55698529
544 1391 3.42227526 0.00342227526 2.55698529
544 1393 3.4355321 0.0034355321 2.56066176
544 1393 3.43546159 0.00343546159 2.56066176
544 1393 3.43552775 0.00343552775 2.56066176
544 1393 3.43553981 0.00343553981 2.56066176
544 1393 3.43555233 0.00343555233 2.56066176
543 1389 3.42245169 0.00342245169 2.55801105
543 1389 3.42253351 0.00342253351 2.55801105
543 1389 3.42245137 0.00342245137 2.55801105
543 1389 3.42244655 0.00342244655 2.55801105
543 1389 3.42249372 0.00342249372 2.55801105
543 1389 3.42241043 0.00342241043 2.55801105
543 1389 3.42247767 0.00342247767 2.55801105
543 1389 3.42241315 0.00342241315 2.55801105
543 1389 3.42248159 0.00342248159 2.55801105
543 1389 3.42241189 0.00342241189 2.55801105
542 1381 3.40890827 0.00340890827 2.54797048
542 1385 3.40693242 0.00340693242 2.55535055
542 1385 3.41827104 0.00341827104 2.55535055
542 1378 3.42619877 0.00342619877 2.54243542
542 1376 3.42788036 0.00342788036 2.53874539
542 1381 3.42749928 0.00342749928 2.54797048
542 1376 3.42785504 0.00342785504 2.53874539
542 1376 3.42777344 0.00342777344 2.53874539
542 1376 3.42775978 0.00342775978 2.53874539
542 1376 3.42776633 0.00342776633 2.53874539
541 1375 3.41520182 0.00341520182 2.54158965
541 1369 3.41474822 0.00341474822 2.53049908
541 1375 3.41526181 0.00341526181 2.54158965
541 1375 3.4151224 0.0034151224 2.54158965
541 1375 3.41520362 0.00341520362 2.54158965
541 1375 3.41520839 0.00341520839 2.54158965
541 1375 3.41518442 0.00341518442 2.54158965
541 1375 3.41518304 0.00341518304 2.54158965
541 1375 3.41518381 0.00341518381 2.54158965
541 1375 3.41518385 0.00341518385 2.54158965
540 1373 3.40249829 0.00340249829 2.54259259
540 1368 3.40259378 0.00340259378 2.53333333
540 1368 3.40250267 0.00340250267 2.53333333
540 1373 3.40251726 0.00340251726 2.54259259
540 1373 3.40242065 0.00340242065 2.54259259
540 1373 3.40246586 0.00340246586 2.54259259
540 1373 3.40247658 0.00340247658 2.54259259
540 1373 3.40246223 0.00340246223 2.54259259
540 1373 3.40246408 0.00340246408 2.54259259
540 1373 3.40246757 0.00340246757 2.54259259
539 1366 3.38992896 0.00338992896 2.53432282
539 1366 3.39003616 0.00339003616 2.53432282
539 1366 3.39004247 0.00339004247 2.53432282
539 1366 3.39004625 0.00339004625 2.53432282
539 1366 3.39004938 0.00339004938 2.53432282
539 1366 3.39005301 0.00339005301 2.53432282
539 1366 3.39005234 0.00339005234 2.53432282
539 1366 3.3900527 0.0033900527 2.53432282
539 1366 3.39005289 0.00339005289 2.53432282
539 1366 3.39005306 0.00339005306 2.53432282
538 1362 3.37683178 0.00337683178 2.53159851
538 1362 3.37684937 0.00337684937 2.53159851
538 1362 3.37681601 0.00337681601 2.53159851
538 1362 3.37676356 0.00337676356 2.53159851
538 1362 3.37676646 0.00337676646 2.53159851
538 1362 3.37676065 0.00337676065 2.53159851
538 1362 3.3767614 0.0033767614 2.53159851
538 1362 3.37676203 0.00337676203 2.53159851
538 1362 3.37676247 0.00337676247 2.53159851
538 1362 3.37676255 0.00337676255 2.53159851
537 1358 3.36291874 0.00336291874 2.52886406
536 1357 3.36008113 0.00336008113 2.53171642
536 1354 3.36029577 0.00336029577 2.5261194
536 1354 3.36030757 0.00336030757 2.5261194
536 1354 3.36033316 0.00336033316 2.5261194
536 1354 3.36034771 0.00336034771 2.5261194
536 1354 3.36034791 0.00336034791 2.5261194
536 1354 3.36035184 0.00336035184 2.5261194
536 1354 3.36035244 0.00336035244 2.5261194
536 1354 3.36035302 0.00336035302 2.5261194
535 1350 3.34685174 0.00334685174 2.52336449
535 1350 3.34680864 0.00334680864 2.52336449
535 1350 3.34683053 0.00334683053 2.52336449
535 1350 3.34685697 0.00334685697 2.52336449
535 1350 3.34686133 0.00334686133 2.52336449
535 1350 3.34686485 0.00334686485 2.52336449
535 1350 3.34686529 0.00334686529 2.52336449
535 1350 3.34686479 0.00334686479 2.52336449
535 1350 3.34686426 0.00334686426 2.52336449
535 1350 3.34686411 0.00334686411 2.52336449
534 1346 3.33296318 0.00333296318 2.52059925
534 1346 3.32822071 0.00332822071 2.52059925
534 1347 3.34029859 0.00334029859 2.52247191
534 1350 3.34609655 0.00334609655 2.52808989
534 1350 3.34811125 0.00334811125 2.52808989
534 1348 3.34826279 0.00334826279 2.52434457
534 1345 3.34801832 0.00334801832 2.51872659
534 1350 3.34807243 0.00334807243 2.52808989
534 1349 3.34749666 0.00334749666 2.52621723
534 1345 3.34464531 0.00334464531 2.51872659
533 1343 3.33606372 0.00333606372 2.51969981
533 1343 3.33607491 0.00333607491 2.51969981
533 1343 3.33609055 0.00333609055 2.51969981
533 1343 3.3361108 0.0033361108 2.51969981
533 1343 3.33611158 0.00333611158 2.51969981
533 1343 3.33611593 0.00333611593 2.51969981
533 1343 3.33611814 0.00333611814 2.51969981
533 1343 3.33611939 0.00333611939 2.51969981
533 1343 3.33611975 0.00333611975 2.51969981
533 1343 3.33612006 0.00333612006 2.51969981
532 1339 3.3228685 0.0033228685 2.51691729
532 1339 3.32275036 0.00332275036 2.51691729
532 1339 3.32267864 0.00332267864 2.51691729
532 1339 3.32287785 0.00332287785 2.51691729
532 1339 3.32281338 0.00332281338 2.51691729
532 1339 3.3226843 0.0033226843 2.51691729
532 1339 3.32287555 0.00332287555 2.51691729
532 1339 3.32281218 0.00332281218 2.51691729
532 1339 3.32268503 0.00332268503 2.51691729
532 1339 3.32287501 0.00332287501 2.51691729
531 1336 3.30836018 0.00330836018 2.51600753
531 1332 3.30594634 0.00330594634 2.50847458
531 1336 3.30838968 0.00330838968 2.51600753
531 1336 3.3083408 0.0033083408 2.51600753
531 1336 3.30833171 0.00330833171 2.51600753
531 1336 3.30833386 0.00330833386 2.51600753
531 1336 3.30833514 0.00330833514 2.51600753
531 1336 3.30833519 0.00330833519 2.51600753
531 1336 3.30833508 0.00330833508 2.51600753
531 1336 3.30833508 0.00330833508 2.51600753
530 1329 3.29442688 0.00329442688 2.50754717
530 1335 3.2855979 0.0032855979 2.51886792
530 1332 3.29659023 0.00329659023 2.51320755
530 1332 3.29664007 0.00329664007 2.51320755
530 1332 3.29665083 0.00329665083 2.51320755
530 1332 3.29666713 0.00329666713 2.51320755
530 1332 3.29666301 0.00329666301 2.51320755
530 1332 3.29666698 0.00329666698 2.51320755
530 1332 3.29666765 0.00329666765 2.51320755
530 1332 3.29666803 0.00329666803 2.51320755
529 1328 3.28417478 0.00328417478 2.51039698
529 1328 3.28413329 0.00328413329 2.51039698
529 1328 3.28407264 0.00328407264 2.51039698
529 1328 3.28407367 0.00328407367 2.51039698
529 1328 3.28407818 0.00328407818 2.51039698
529 1328 3.28407975 0.00328407975 2.51039698
529 1328 3.28407877 0.00328407877 2.51039698
529 1328 3.28407895 0.00328407895 2.51039698
529 1328 3.28407899 0.00328407899 2.51039698
529 1328 3.28407903 0.00328407903 2.51039698
528 1326 3.27014129 0.00327014129 2.51136364
528 1326 3.27016158 0.00327016158 2.51136364
528 1326 3.27023682 0.00327023682 2.51136364
528 1326 3.27013065 0.00327013065 2.51136364
528 1326 3.27021035 0.00327021035 2.51136364
528 1326 3.27000308 0.00327000308 2.51136364
528 1326 3.27016269 0.00327016269 2.51136364
528 1326 3.27018077 0.00327018077 2.51136364
528 1326 3.27020465 0.00327020465 2.51136364
528 1326 3.27000385 0.00327000385 2.51136364
527 1324 3.25474077 0.00325474077 2.51233397
527 1319 3.25358458 0.00325358458 2.5028463
527 1319 3.26131104 0.00326131104 2.5028463
527 1320 3.2613745 0.0032613745 2.50474383
527 1315 3.26814964 0.00326814964 2.49525617
527 1315 3.26541956 0.00326541956 2.49525617
527 1318 3.26905114 0.00326905114 2.50094877
527 1316 3.26508717 0.00326508717 2.4971537
527 1321 3.26855187 0.00326855187 2.50664137
526 1314 3.25714834 0.00325714834 2.49809886
525 1310 3.24475588 0.00324475588 2.4952381
525 1310 3.24481433 0.00324481433 2.4952381
525 1310 3.24481658 0.00324481658 2.4952381
525 1310 3.24480509 0.00324480509 2.4952381
525 1310 3.24480824 0.00324480824 2.4952381
525 1310 3.24480963 0.00324480963 2.4952381
525 1310 3.24480859 0.00324480859 2.4952381
525 1310 3.2448086 0.0032448086 2.4952381
525 1310 3.24480856 0.00324480856 2.4952381
525 1310 3.24480853 0.00324480853 2.4952381
524 1308 3.23157903 0.00323157903 2.49618321
524 1308 3.23161172 0.00323161172 2.49618321
524 1308 3.23155204 0.00323155204 2.49618321
524 1308 3.2315452 0.0032315452 2.49618321
524 1308 3.23151731 0.00323151731 2.49618321
524 1308 3.23152503 0.00323152503 2.49618321
524 1308 3.23151374 0.00323151374 2.49618321
524 1308 3.23151928 0.00323151928 2.49618321
524 1308 3.23151352 0.00323151352 2.49618321
524 1308 3.23152007 0.00323152007 2.49618321
523 1306 3.21627775 0.00321627775 2.49713193
523 1304 3.21674412 0.00321674412 2.49330784
522 1301 3.207102 0.003207102 2.49233716
522 1301 3.20700462 0.00320700462 2.49233716
522 1301 3.20709081 0.00320709081 2.49233716
522 1301 3.20707666 0.00320707666 2.49233716
522 1301 3.20708581 0.00320708581 2.49233716
522 1301 3.20708811 0.00320708811 2.49233716
522 1301 3.20708906 0.00320708906 2.49233716
522 1301 3.20708838 0.00320708838 2.49233716
521 1299 3.19215779 0.00319215779 2.49328215
521 1299 3.19207828 0.00319207828 2.49328215
521 1298 3.19246411 0.00319246411 2.49136276
520 1293 3.18606109 0.00318606109 2.48653846
520 1293 3.18599703 0.00318599703 2.48653846
520 1293 3.18595671 0.00318595671 2.48653846
520 1293 3.185956 0.003185956 2.48653846
520 1293 3.18595583 0.00318595583 2.48653846
520 1293 3.18595645 0.00318595645 2.48653846
520 1293 3.18595605 0.00318595605 2.48653846
519 1291 3.17215892 0.00317215892 2.48747592
519 1291 3.17216855 0.00317216855 2.48747592
519 1291 3.17216316 0.00317216316 2.48747592
519 1291 3.17214834 0.00317214834 2.48747592
519 1291 3.1721457 0.0031721457 2.48747592
519 1291 3.17214427 0.00317214427 2.48747592
519 1291 3.17214432 0.00317214432 2.48747592
519 1291 3.17214451 0.00317214451 2.48747592
519 1291 3.17214449 0.00317214449 2.48747592
519 1291 3.1721445 0.0031721445 2.48747592
518 1289 3.15786298 0.00315786298 2.48841699
518 1289 3.15796883 0.00315796883 2.48841699
518 1289 3.15794598 0.00315794598 2.48841699
518 1289 3.15795011 0.00315795011 2.48841699
518 1289 3.15794908 0.00315794908 2.48841699
518 1289 3.15794913 0.00315794913 2.48841699
518 1289 3.15794939 0.00315794939 2.48841699
518 1289 3.15794951 0.00315794951 2.48841699
518 1289 3.15794959 0.00315794959 2.48841699
518 1289 3.15794963 0.00315794963 2.48841699
517 1281 3.14319276 0.00314319276 2.47775629
517 1281 3.14310844 0.00314310844 2.47775629
517 1281 3.14304618 0.00314304618 2.47775629
517 1281 3.1430471 0.0031430471 2.47775629
517 1281 3.14304919 0.00314304919 2.47775629
517 1281 3.14304983 0.00314304983 2.47775629
517 1281 3.14304998 0.00314304998 2.47775629
517 1281 3.14305009 0.00314305009 2.47775629
517 1281 3.14305021 0.00314305021 2.47775629
517 1281 3.14305029 0.00314305029 2.47775629
516 1279 3.12781744 0.00312781744 2.47868217
516 1279 3.12805558 0.00312805558 2.47868217
516 1279 3.12798925 0.00312798925 2.47868217
516 1279 3.12799382 0.00312799382 2.47868217
516 1279 3.12800159 0.00312800159 2.47868217
516 1279 3.12800131 0.00312800131 2.47868217
516 1279 3.12800115 0.00312800115 2.47868217
516 1279 3.1280013 0.0031280013 2.47868217
516 1279 3.12800133 0.00312800133 2.47868217
516 1279 3.12800132 0.00312800132 2.47868217
515 1274 3.11244193 0.00311244193 2.47378641
515 1277 3.1109075 0.0031109075 2.47961165
515 1274 3.12042124 0.00312042124 2.47378641
514 1271 3.11746452 0.00311746452 2.47276265
514 1271 3.11730213 0.00311730213 2.47276265
514 1271 3.11725807 0.00311725807 2.47276265
514 1271 3.11725718 0.00311725718 2.47276265
514 1271 3.11725506 0.00311725506 2.47276265
514 1271 3.11725293 0.00311725293 2.47276265
514 1271 3.11725165 0.00311725165 2.47276265
513 1269 3.10286956 0.00310286956 2.47368421
513 1269 3.10309629 0.00310309629 2.47368421
513 1269 3.10283057 0.00310283057 2.47368421
513 1266 3.10288674 0.00310288674 2.46783626
513 1267 3.10261419 0.00310261419 2.46978558
513 1264 3.1020757 0.0031020757 2.46393762
513 1266 3.10299199 0.00310299199 2.46783626
513 1266 3.10281908 0.00310281908 2.46783626
513 1266 3.10295893 0.00310295893 2.46783626
513 1266 3.1029499 0.0031029499 2.46783626
512 1264 3.08850358 0.00308850358 2.46875
512 1264 3.08855905 0.00308855905 2.46875
512 1264 3.08850141 0.00308850141 2.46875
512 1264 3.08851518 0.00308851518 2.46875
512 1264 3.08850829 0.00308850829 2.46875
512 1264 3.0885106 0.0030885106 2.46875
512 1264 3.08850979 0.00308850979 2.46875
512 1264 3.08850969 0.00308850969 2.46875
512 1264 3.08850942 0.00308850942 2.46875
512 1264 3.0885093 0.0030885093 2.46875
511 1260 3.07448728 0.00307448728 2.46575342
511 1260 3.07428926 0.00307428926 2.46575342
511 1263 3.07368713 0.00307368713 2.47162427
511 1261 3.07455253 0.00307455253 2.46771037
511 1261 3.07451571 0.00307451571 2.46771037
511 1261 3.07439122 0.00307439122 2.46771037
511 1261 3.07442039 0.00307442039 2.46771037
511 1261 3.07436958 0.00307436958 2.46771037
511 1261 3.07436994 0.00307436994 2.46771037
511 1261 3.07436312 0.00307436312 2.46771037
510 1259 3.06036734 0.00306036734 2.46862745
510 1259 3.06030928 0.00306030928 2.46862745
510 1259 3.06034265 0.00306034265 2.46862745
510 1259 3.06034257 0.00306034257 2.46862745
510 1259 3.06035376 0.00306035376 2.46862745
510 1259 3.06035629 0.00306035629 2.46862745
510 1259 3.0603568 0.0030603568 2.46862745
510 1259 3.06035701 0.00306035701 2.46862745
510 1259 3.06035718 0.00306035718 2.46862745
510 1259 3.06035732 0.00306035732 2.46862745
509 1256 3.0457926 0.0030457926 2.4675835
509 1256 3.04579081 0.00304579081 2.4675835
509 1256 3.04549536 0.00304549536 2.4675835
509 1254 3.04240791 0.00304240791 2.46365422
509 1253 3.04819322 0.00304819322 2.46168959
509 1251 3.05152141 0.00305152141 2.45776031
509 1252 3.05071457 0.00305071457 2.45972495
509 1254 3.05001883 0.00305001883 2.46365422
508 1250 3.03809078 0.00303809078 2.46062992
508 1253 3.03702559 0.00303702559 2.46653543
507 1248 3.02439986 0.00302439986 2.46153846
507 1248 3.02432152 0.00302432152 2.46153846
507 1248 3.02432452 0.00302432452 2.46153846
507 1248 3.02433421 0.00302433421 2.46153846
507 1248 3.02434313 0.00302434313 2.46153846
507 1248 3.02434523 0.00302434523 2.46153846
507 1248 3.02434534 0.00302434534 2.46153846
507 1248 3.02434533 0.00302434533 2.46153846
507 1248 3.02434541 0.00302434541 2.46153846
507 1248 3.02434551 0.00302434551 2.46153846
506 1245 3.01037325 0.00301037325 2.46047431
506 1245 3.01030302 0.00301030302 2.46047431
506 1245 3.01038721 0.00301038721 2.46047431
506 1245 3.01035462 0.00301035462 2.46047431
506 1245 3.01035221 0.00301035221 2.46047431
506 1245 3.01035502 0.00301035502 2.46047431
506 1245 3.01035296 0.00301035296 2.46047431
506 1245 3.01035342 0.00301035342 2.46047431
506 1245 3.01035328 0.00301035328 2.46047431
506 1245 3.01035324 0.00301035324 2.46047431
505 1243 2.9951153 0.0029951153 2.46138614
505 1242 2.99449789 0.00299449789 2.45940594
505 1240 2.99570918 0.00299570918 2.45544554
505 1240 2.99402252 0.00299402252 2.45544554
505 1239 2.99690242 0.00299690242 2.45346535
505 1235 2.99852087 0.00299852087 2.44554455
505 1229 2.99089719 0.00299089719 2.43366337
505 1230 3.00205134 0.00300205134 2.43564356
504 1228 2.99071862 0.00299071862 2.43650794
504 1231 2.98563262 0.00298563262 2.44246032
503 1226 2.97860474 0.00297860474 2.43737575
503 1226 2.97832449 0.00297832449 2.43737575
503 1226 2.97832302 0.00297832302 2.43737575
503 1226 2.97832442 0.00297832442 2.43737575
503 1226 2.97832648 0.00297832648 2.43737575
503 1226 2.97832792 0.00297832792 2.43737575
503 1226 2.97832794 0.00297832794 2.43737575
503 1226 2.97832774 0.00297832774 2.43737575
503 1226 2.97832763 0.00297832763 2.43737575
503 1226 2.97832758 0.00297832758 2.43737575
502 1224 2.96545073 0.00296545073 2.43824701
502 1224 2.96554378 0.00296554378 2.43824701
502 1224 2.96549368 0.00296549368 2.43824701
502 1224 2.96549975 0.00296549975 2.43824701
502 1224 2.96546733 0.00296546733 2.43824701
502 1224 2.9654939 0.0029654939 2.43824701
502 1224 2.96546458 0.00296546458 2.43824701
502 1224 2.96549462 0.00296549462 2.43824701
502 1224 2.96546533 0.00296546533 2.43824701
502 1224 2.96549483 0.00296549483 2.43824701
501 1222 2.95063058 0.00295063058 2.43912176
501 1218 2.95002212 0.00295002212 2.43113772
501 1219 2.95064678 0.00295064678 2.43313373
501 1219 2.95067028 0.00295067028 2.43313373
501 1219 2.95067394 0.00295067394 2.43313373
501 1219 2.950719 0.002950719 2.43313373
501 1219 2.95064996 0.00295064996 2.43313373
501 1219 2.95065843 0.00295065843 2.43313373
501 1219 2.95072197 0.00295072197 2.43313373
501 1219 2.9506477 0.0029506477 2.43313373
500 1217 2.93581258 0.00293581258 2.434
500 1213 2.93552641 0.00293552641 2.426
500 1217 2.9357449 0.0029357449 2.434
500 1217 2.93585106 0.00293585106 2.434
500 1217 2.93581089 0.00293581089 2.434
500 1217 2.93583326 0.00293583326 2.434
500 1217 2.93582975 0.00293582975 2.434
500 1217 2.9358378 0.0029358378 2.434
500 1217 2.93583594 0.00293583594 2.434
500 1217 2.93583699 0.00293583699 2.434
499 1211 2.92103936 0.00292103936 2.42685371
499 1211 2.92097797 0.00292097797 2.42685371
499 1211 2.92103173 0.00292103173 2.42685371
499 1211 2.92104637 0.00292104637 2.42685371
499 1211 2.92107015 0.00292107015 2.42685371
499 1211 2.92098797 0.00292098797 2.42685371
499 1211 2.92104355 0.00292104355 2.42685371
499 1211 2.921055 0.002921055 2.42685371
499 1212 2.91951183 0.00291951183 2.42885772
499 1213 2.93457607 0.00293457607 2.43086172
498 1207 2.92763601 0.00292763601 2.42369478
498 1210 2.93686725 0.00293686725 2.42971888
498 1205 2.94435308 0.00294435308 2.41967871
498 1203 2.95570767 0.00295570767 2.41566265
498 1203 2.95560557 0.00295560557 2.41566265
498 1203 2.95560828 0.00295560828 2.41566265
498 1203 2.95561775 0.00295561775 2.41566265
498 1203 2.95561942 0.00295561942 2.41566265
498 1203 2.95561936 0.00295561936 2.41566265
498 1203 2.9556193 0.0029556193 2.41566265
497 1201 2.94233394 0.00294233394 2.41649899
497 1201 2.94224748 0.00294224748 2.41649899
497 1201 2.94229246 0.00294229246 2.41649899
497 1201 2.94227219 0.00294227219 2.41649899
497 1201 2.94227353 0.00294227353 2.41649899
497 1201 2.94226832 0.00294226832 2.41649899
497 1201 2.94225707 0.00294225707 2.41649899
497 1201 2.94226275 0.00294226275 2.41649899
497 1201 2.94226295 0.00294226295 2.41649899
497 1201 2.94226305 0.00294226305 2.41649899
496 1199 2.92934642 0.00292934642 2.41733871
496 1199 2.92943173 0.00292943173 2.41733871
496 1199 2.92941848 0.00292941848 2.41733871
496 1199 2.92942119 0.00292942119 2.41733871
496 1199 2.92942366 0.00292942366 2.41733871
496 1199 2.92942441 0.00292942441 2.41733871
496 1199 2.9294243 0.0029294243 2.41733871
496 1199 2.92942445 0.00292942445 2.41733871
496 1199 2.92942435 0.00292942435 2.41733871
496 1199 2.92942435 0.00292942435 2.41733871
495 1194 2.91574524 0.00291574524 2.41212121
495 1194 2.91572351 0.00291572351 2.41212121
495 1194 2.91580985 0.00291580985 2.41212121
495 1194 2.9157587 0.0029157587 2.41212121
495 1194 2.91577788 0.00291577788 2.41212121
495 1194 2.91577994 0.00291577994 2.41212121
495 1194 2.91578458 0.00291578458 2.41212121
495 1194 2.91578446 0.00291578446 2.41212121
495 1194 2.91578442 0.00291578442 2.41212121
495 1194 2.91578428 0.00291578428 2.41212121
494 1188 2.90132044 0.00290132044 2.4048583
494 1192 2.90086375 0.00290086375 2.41295547
494 1188 2.90132593 0.00290132593 2.4048583
494 1188 2.90138358 0.00290138358 2.4048583
494 1188 2.90143244 0.00290143244 2.4048583
494 1188 2.90141764 0.00290141764 2.4048583
494 1188 2.90141543 0.00290141543 2.4048583
494 1188 2.90141776 0.00290141776 2.4048583
494 1188 2.90141843 0.00290141843 2.4048583
494 1188 2.9014185 0.0029014185 2.4048583
493 1186 2.88688323 0.00288688323 2.40567951
493 1183 2.88585367 0.00288585367 2.39959432
493 1186 2.88658962 0.00288658962 2.40567951
493 1186 2.88683962 0.00288683962 2.40567951
493 1186 2.88670401 0.00288670401 2.40567951
493 1186 2.88674252 0.00288674252 2.40567951
493 1186 2.8868211 0.0028868211 2.40567951
493 1186 2.88671623 0.00288671623 2.40567951
493 1186 2.88674863 0.00288674863 2.40567951
493 1186 2.88682106 0.00288682106 2.40567951
492 1181 2.87180643 0.00287180643 2.4004065
492 1182 2.87057599 0.00287057599 2.40243902
492 1181 2.87172284 0.00287172284 2.4004065
492 1181 2.87177118 0.00287177118 2.4004065
492 1181 2.87174196 0.00287174196 2.4004065
492 1181 2.87172815 0.00287172815 2.4004065
492 1181 2.87172845 0.00287172845 2.4004065
492 1181 2.87172734 0.00287172734 2.4004065
492 1181 2.87172745 0.00287172745 2.4004065
492 1181 2.87172734 0.00287172734 2.4004065
491 1177 2.8565954 0.0028565954 2.39714868
491 1178 2.85519213 0.00285519213 2.39918534
490 1176 2.85516284 0.00285516284 2.4
490 1177 2.85601509 0.00285601509 2.40204082
490 1177 2.85748596 0.00285748596 2.40204082
490 1180 2.88235347 0.00288235347 2.40816327
490 1178 2.89494066 0.00289494066 2.40408163
489 1176 2.89502051 0.00289502051 2.40490798
489 1176 2.89496032 0.00289496032 2.40490798
489 1176 2.89490181 0.00289490181 2.40490798
488 1172 2.88143561 0.00288143561 2.40163934
488 1172 2.88153524 0.00288153524 2.40163934
488 1172 2.88152832 0.00288152832 2.40163934
488 1172 2.88152625 0.00288152625 2.40163934
488 1172 2.88152588 0.00288152588 2.40163934
488 1172 2.88152706 0.00288152706 2.40163934
488 1172 2.88152704 0.00288152704 2.40163934
488 1172 2.88152745 0.00288152745 2.40163934
488 1172 2.88152746 0.00288152746 2.40163934
488 1172 2.88152753 0.00288152753 2.40163934
487 1167 2.86755241 0.00286755241 2.3963039
487 1167 2.86623107 0.00286623107 2.3963039
487 1167 2.86755404 0.00286755404 2.3963039
487 1167 2.86757635 0.00286757635 2.3963039
487 1167 2.86760291 0.00286760291 2.3963039
487 1167 2.86753283 0.00286753283 2.3963039
487 1167 2.86760924 0.00286760924 2.3963039
487 1167 2.86755021 0.00286755021 2.3963039
487 1167 2.86748148 0.00286748148 2.3963039
487 1167 2.86751998 0.00286751998 2.3963039
486 1162 2.85309958 0.00285309958 2.3909465
486 1162 2.85320272 0.00285320272 2.3909465
486 1162 2.85306728 0.00285306728 2.3909465
486 1162 2.85317487 0.00285317487 2.3909465
486 1162 2.85312007 0.00285312007 2.3909465
486 1162 2.853088 0.002853088 2.3909465
486 1162 2.85316881 0.00285316881 2.3909465
486 1162 2.85323032 0.00285323032 2.3909465
486 1162 2.85322457 0.00285322457 2.3909465
486 1162 2.85322211 0.00285322211 2.3909465
485 1160 2.83848863 0.00283848863 2.39175258
485 1156 2.83816004 0.00283816004 2.38350515
485 1160 2.83837487 0.00283837487 2.39175258
485 1160 2.8384416 0.0028384416 2.39175258
485 1160 2.83838437 0.00283838437 2.39175258
485 1160 2.83839693 0.00283839693 2.39175258
485 1160 2.83839368 0.00283839368 2.39175258
485 1160 2.83839883 0.00283839883 2.39175258
485 1160 2.83839729 0.00283839729 2.39175258
485 1160 2.838398 0.002838398 2.39175258
484 1154 2.82378683 0.00282378683 2.38429752
484 1154 2.82374021 0.00282374021 2.38429752
484 1154 2.82375566 0.00282375566 2.38429752
484 1154 2.82373394 0.00282373394 2.38429752
484 1154 2.823772 0.002823772 2.38429752
484 1154 2.82373308 0.00282373308 2.38429752
484 1154 2.82377612 0.00282377612 2.38429752
484 1154 2.8237327 0.0028237327 2.38429752
484 1154 2.82377595 0.00282377595 2.38429752
484 1154 2.82373275 0.00282373275 2.38429752
483 1152 2.81256438 0.00281256438 2.38509317
483 1152 2.8071957 0.0028071957 2.38509317
483 1156 2.82249891 0.00282249891 2.39337474
483 1153 2.82687796 0.00282687796 2.38716356
483 1158 2.84061885 0.00284061885 2.39751553
483 1159 2.84164281 0.00284164281 2.39958592
483 1159 2.84162252 0.00284162252 2.39958592
483 1158 2.84042535 0.00284042535 2.39751553
483 1159 2.8415659 0.0028415659 2.39958592
483 1159 2.84154045 0.00284154045 2.39958592
482 1154 2.82836288 0.00282836288 2.39419087
482 1154 2.82770009 0.00282770009 2.39419087
482 1154 2.82768528 0.00282768528 2.39419087
482 1151 2.82709149 0.00282709149 2.3879668
482 1154 2.82833868 0.00282833868 2.39419087
482 1154 2.82839444 0.00282839444 2.39419087
482 1154 2.82835685 0.00282835685 2.39419087
482 1154 2.82835983 0.00282835983 2.39419087
482 1154 2.82835674 0.00282835674 2.39419087
482 1154 2.8283555 0.0028283555 2.39419087
481 1149 2.81528157 0.00281528157 2.38877339
481 1149 2.81531145 0.00281531145 2.38877339
481 1149 2.81539834 0.00281539834 2.38877339
481 1149 2.81536198 0.00281536198 2.38877339
481 1149 2.81537484 0.00281537484 2.38877339
481 1149 2.81537023 0.00281537023 2.38877339
481 1149 2.81537407 0.00281537407 2.38877339
481 1149 2.81537537 0.00281537537 2.38877339
481 1149 2.81537554 0.00281537554 2.38877339
481 1149 2.81537571 0.00281537571 2.38877339
480 1147 2.80036053 0.00280036053 2.38958333
480 1143 2.79968302 0.00279968302 2.38125
480 1147 2.8002522 0.0028002522 2.38958333
480 1147 2.8003343 0.0028003343 2.38958333
480 1147 2.80031041 0.00280031041 2.38958333
480 1147 2.80026833 0.00280026833 2.38958333
480 1147 2.80027166 0.00280027166 2.38958333
480 1147 2.80024496 0.00280024496 2.38958333
480 1147 2.80026122 0.00280026122 2.38958333
480 1147 2.80026997 0.00280026997 2.38958333
479 1141 2.78505364 0.00278505364 2.38204593
479 1141 2.78499484 0.00278499484 2.38204593
479 1141 2.78512568 0.00278512568 2.38204593
479 1141 2.7848319 0.0027848319 2.38204593
479 1141 2.78500656 0.00278500656 2.38204593
479 1141 2.78501651 0.00278501651 2.38204593
479 1141 2.78484477 0.00278484477 2.38204593
479 1141 2.78503376 0.00278503376 2.38204593
479 1141 2.78484172 0.00278484172 2.38204593
479 1141 2.78501295 0.00278501295 2.38204593
478 1137 2.76896793 0.00276896793 2.37866109
478 1137 2.76412277 0.00276412277 2.37866109
478 1139 2.77204307 0.00277204307 2.38284519
478 1135 2.77551221 0.00277551221 2.37447699
478 1138 2.7880986 0.0027880986 2.38075314
478 1138 2.78805072 0.00278805072 2.38075314
478 1138 2.78806422 0.00278806422 2.38075314
478 1138 2.78806292 0.00278806292 2.38075314
478 1138 2.7880628 0.0027880628 2.38075314
478 1138 2.78806301 0.00278806301 2.38075314
477 1133 2.77538759 0.00277538759 2.37526205
477 1133 2.77539964 0.00277539964 2.37526205
477 1133 2.77547354 0.00277547354 2.37526205
477 1133 2.77543546 0.00277543546 2.37526205
477 1133 2.77544785 0.00277544785 2.37526205
477 1133 2.77546589 0.00277546589 2.37526205
477 1133 2.77543672 0.00277543672 2.37526205
477 1133 2.77544958 0.00277544958 2.37526205
477 1133 2.77546601 0.00277546601 2.37526205
477 1133 2.77543685 0.00277543685 2.37526205
476 1131 2.76117589 0.00276117589 2.37605042
476 1131 2.76120099 0.00276120099 2.37605042
476 1131 2.76109815 0.00276109815 2.37605042
476 1131 2.76109382 0.00276109382 2.37605042
476 1131 2.76109059 0.00276109059 2.37605042
476 1131 2.76109004 0.00276109004 2.37605042
476 1131 2.76109396 0.00276109396 2.37605042
476 1131 2.761094 0.002761094 2.37605042
476 1131 2.7610942 0.0027610942 2.37605042
476 1131 2.76109433 0.00276109433 2.37605042
475 1125 2.74606689 0.00274606689 2.36842105
475 1125 2.74605857 0.00274605857 2.36842105
475 1125 2.74606804 0.00274606804 2.36842105
475 1125 2.74605522 0.00274605522 2.36842105
475 1125 2.74605668 0.00274605668 2.36842105
475 1125 2.74605167 0.00274605167 2.36842105
475 1125 2.74605126 0.00274605126 2.36842105
475 1125 2.74605043 0.00274605043 2.36842105
475 1125 2.74605023 0.00274605023 2.36842105
475 1125 2.7460502 0.0027460502 2.36842105
474 1123 2.73041852 0.00273041852 2.36919831
474 1123 2.73047909 0.00273047909 2.36919831
474 1123 2.73052744 0.00273052744 2.36919831
474 1123 2.73052371 0.00273052371 2.36919831
474 1123 2.73051847 0.00273051847 2.36919831
474 1123 2.73052115 0.00273052115 2.36919831
474 1123 2.73052243 0.00273052243 2.36919831
474 1123 2.73052314 0.00273052314 2.36919831
474 1123 2.73052346 0.00273052346 2.36919831
474 1123 2.73052374 0.00273052374 2.36919831
473 1120 2.71428603 0.00271428603 2.36786469
473 1120 2.71426858 0.00271426858 2.36786469
472 1115 2.71423213 0.00271423213 2.36228814
472 1115 2.71430788 0.00271430788 2.36228814
472 1115 2.71433461 0.00271433461 2.36228814
472 1115 2.71432893 0.00271432893 2.36228814
472 1115 2.71431258 0.00271431258 2.36228814
472 1115 2.71431587 0.00271431587 2.36228814
472 1115 2.71431924 0.00271431924 2.36228814
472 1115 2.71432012 0.00271432012 2.36228814
471 1112 2.69803753 0.00269803753 2.36093418
471 1112 2.69798705 0.00269798705 2.36093418
471 1112 2.69796525 0.00269796525 2.36093418
471 1112 2.697982 0.002697982 2.36093418
471 1112 2.69780572 0.00269780572 2.36093418
471 1112 2.6979899 0.0026979899 2.36093418
471 1112 2.69799481 0.00269799481 2.36093418
471 1112 2.69801626 0.00269801626 2.36093418
471 1112 2.697811 0.002697811 2.36093418
471 1112 2.69799473 0.00269799473 2.36093418
470 1109 2.6820429 0.0026820429 2.35957447
470 1107 2.68127552 0.00268127552 2.35531915
470 1103 2.6973944 0.0026973944 2.34680851
470 1103 2.71122782 0.00271122782 2.34680851
470 1107 2.70668446 0.00270668446 2.35531915
470 1103 2.71056733 0.00271056733 2.34680851
470 1103 2.71119106 0.00271119106 2.34680851
470 1103 2.71122628 0.00271122628 2.34680851
470 1103 2.71119613 0.00271119613 2.34680851
470 1103 2.71120382 0.00271120382 2.34680851
469 1101 2.69735436 0.00269735436 2.34754797
469 1101 2.69733282 0.00269733282 2.34754797
469 1101 2.69727513 0.00269727513 2.34754797
469 1101 2.69728176 0.00269728176 2.34754797
469 1101 2.69728167 0.00269728167 2.34754797
469 1101 2.69728089 0.00269728089 2.34754797
469 1101 2.6972812 0.0026972812 2.34754797
469 1101 2.69728129 0.00269728129 2.34754797
469 1101 2.69728135 0.00269728135 2.34754797
469 1101 2.69728139 0.00269728139 2.34754797
468 1098 2.68167073 0.00268167073 2.34615385
468 1094 2.67953511 0.00267953511 2.33760684
468 1093 2.68707834 0.00268707834 2.33547009
468 1090 2.69440574 0.00269440574 2.32905983
468 1090 2.69450237 0.00269450237 2.32905983
468 1090 2.69453392 0.00269453392 2.32905983
468 1090 2.6945021 0.0026945021 2.32905983
468 1090 2.69451833 0.00269451833 2.32905983
468 1090 2.69453129 0.00269453129 2.32905983
468 1090 2.69450082 0.00269450082 2.32905983
467 1088 2.68160017 0.00268160017 2.32976445
467 1088 2.68154793 0.00268154793 2.32976445
467 1088 2.68155372 0.00268155372 2.32976445
467 1088 2.68153809 0.00268153809 2.32976445
467 1088 2.6815329 0.0026815329 2.32976445
467 1088 2.68152747 0.00268152747 2.32976445
467 1088 2.68152659 0.00268152659 2.32976445
467 1088 2.68152592 0.00268152592 2.32976445
467 1088 2.68152561 0.00268152561 2.32976445
467 1088 2.68152548 0.00268152548 2.32976445
466 1086 2.66764956 0.00266764956 2.3304721
466 1086 2.66770518 0.00266770518 2.3304721
466 1086 2.66773187 0.00266773187 2.3304721
466 1086 2.66772371 0.00266772371 2.3304721
466 1086 2.66771881 0.00266771881 2.3304721
466 1086 2.66772264 0.00266772264 2.3304721
466 1086 2.66772426 0.00266772426 2.3304721
466 1086 2.66772468 0.00266772468 2.3304721
466 1086 2.66772482 0.00266772482 2.3304721
466 1086 2.6677251 0.0026677251 2.3304721
465 1083 2.65232386 0.00265232386 2.32903226
465 1083 2.65226934 0.00265226934 2.32903226
465 1083 2.65220094 0.00265220094 2.32903226
465 1083 2.65220572 0.00265220572 2.32903226
465 1083 2.65219152 0.00265219152 2.32903226
465 1083 2.65219228 0.00265219228 2.32903226
465 1083 2.65219399 0.00265219399 2.32903226
465 1083 2.65219425 0.00265219425 2.32903226
465 1083 2.65219435 0.00265219435 2.32903226
465 1083 2.65219443 0.00265219443 2.32903226
464 1081 2.63592407 0.00263592407 2.32974138
464 1081 2.63581011 0.00263581011 2.32974138
464 1081 2.63585043 0.00263585043 2.32974138
464 1081 2.63585102 0.00263585102 2.32974138
464 1081 2.63585357 0.00263585357 2.32974138
464 1081 2.63585258 0.00263585258 2.32974138
464 1081 2.63585384 0.00263585384 2.32974138
464 1081 2.63585412 0.00263585412 2.32974138
464 1081 2.63585441 0.00263585441 2.32974138
464 1081 2.63585473 0.00263585473 2.32974138
463 1078 2.61953445 0.00261953445 2.32829374
463 1078 2.61956744 0.00261956744 2.32829374
463 1078 2.61940536 0.00261940536 2.32829374
463 1078 2.61961447 0.00261961447 2.32829374
463 1078 2.61939724 0.00261939724 2.32829374
463 1078 2.61939866 0.00261939866 2.32829374
463 1078 2.61944244 0.00261944244 2.32829374
463 1078 2.61958473 0.00261958473 2.32829374
463 1078 2.61939378 0.00261939378 2.32829374
463 1078 2.61939281 0.00261939281 2.32829374
462 1075 2.60207639 0.00260207639 2.32683983
462 1075 2.60216869 0.00260216869 2.32683983
462 1075 2.60208552 0.00260208552 2.32683983
462 1075 2.60218704 0.00260218704 2.32683983
462 1075 2.60208516 0.00260208516 2.32683983
462 1075 2.60218616 0.00260218616 2.32683983
462 1075 2.60208531 0.00260208531 2.32683983
462 1075 2.60218611 0.00260218611 2.32683983
462 1075 2.60208539 0.00260208539 2.32683983
462 1075 2.60218607 0.00260218607 2.32683983
461 1071 2.58498682 0.00258498682 2.32321041
461 1070 2.58508179 0.00258508179 2.32104121
461 1070 2.58504428 0.00258504428 2.32104121
461 1070 2.58508842 0.00258508842 2.32104121
461 1070 2.58508691 0.00258508691 2.32104121
461 1070 2.58508717 0.00258508717 2.32104121
461 1070 2.58508769 0.00258508769 2.32104121
461 1070 2.58508751 0.00258508751 2.32104121
461 1070 2.58508746 0.00258508746 2.32104121
461 1070 2.58508746 0.00258508746 2.32104121
460 1066 2.56822598 0.00256822598 2.3173913
460 1066 2.56826171 0.00256826171 2.3173913
460 1068 2.56715848 0.00256715848 2.32173913
460 1065 2.55991515 0.00255991515 2.31521739
460 1068 2.57112394 0.00257112394 2.32173913
460 1067 2.58528809 0.00258528809 2.31956522
460 1065 2.5864166 0.0025864166 2.31521739
460 1065 2.58636924 0.00258636924 2.31521739
460 1065 2.58637808 0.00258637808 2.31521739
460 1065 2.58638929 0.00258638929 2.31521739
459 1062 2.57003076 0.00257003076 2.31372549
459 1062 2.56983101 0.00256983101 2.31372549
459 1062 2.56994475 0.00256994475 2.31372549
459 1061 2.56842455 0.00256842455 2.31154684
459 1062 2.56910381 0.00256910381 2.31372549
459 1062 2.56908142 0.00256908142 2.31372549
459 1062 2.56911252 0.00256911252 2.31372549
459 1062 2.56911455 0.00256911455 2.31372549
459 1062 2.56911919 0.00256911919 2.31372549
459 1062 2.56912214 0.00256912214 2.31372549
458 1059 2.55291693 0.00255291693 2.31222707
458 1059 2.55286044 0.00255286044 2.31222707
458 1059 2.5528584 0.0025528584 2.31222707
458 1059 2.55286021 0.00255286021 2.31222707
458 1059 2.55285962 0.00255285962 2.31222707
458 1059 2.55285962 0.00255285962 2.31222707
458 1059 2.55285967 0.00255285967 2.31222707
458 1059 2.55285972 0.00255285972 2.31222707
458 1059 2.55285975 0.00255285975 2.31222707
458 1059 2.55285977 0.00255285977 2.31222707
457 1055 2.53679063 0.00253679063 2.30853392
457 1055 2.536705 0.002536705 2.30853392
457 1055 2.53667345 0.00253667345 2.30853392
457 1055 2.53668417 0.00253668417 2.30853392
457 1055 2.53668579 0.00253668579 2.30853392
457 1055 2.53668444 0.00253668444 2.30853392
457 1055 2.5366839 0.0025366839 2.30853392
457 1055 2.53668401 0.00253668401 2.30853392
457 1055 2.53668397 0.00253668397 2.30853392
457 1055 2.53668394 0.00253668394 2.30853392
456 1051 2.51994782 0.00251994782 2.30482456
456 1050 2.51423279 0.00251423279 2.30263158
456 1050 2.52228115 0.00252228115 2.30263158
456 1050 2.53126693 0.00253126693 2.30263158
455 1044 2.53058641 0.00253058641 2.29450549
455 1044 2.5304795 0.0025304795 2.29450549
455 1044 2.53126071 0.00253126071 2.29450549
455 1044 2.53129243 0.00253129243 2.29450549
455 1044 2.53132077 0.00253132077 2.29450549
455 1044 2.53118708 0.00253118708 2.29450549
454 1041 2.51473654 0.00251473654 2.29295154
454 1041 2.51469115 0.00251469115 2.29295154
454 1040 2.51368457 0.00251368457 2.2907489
454 1040 2.51426813 0.00251426813 2.2907489
454 1041 2.51425135 0.00251425135 2.29295154
454 1041 2.51418576 0.00251418576 2.29295154
454 1041 2.51416834 0.00251416834 2.29295154
454 1041 2.51416268 0.00251416268 2.29295154
454 1041 2.51415843 0.00251415843 2.29295154
454 1041 2.51415636 0.00251415636 2.29295154
453 1037 2.49853031 0.00249853031 2.28918322
453 1037 2.49842802 0.00249842802 2.28918322
453 1038 2.49774041 0.00249774041 2.29139073
453 1038 2.49774602 0.00249774602 2.29139073
453 1038 2.49774828 0.00249774828 2.29139073
453 1038 2.49775249 0.00249775249 2.29139073
453 1038 2.49775357 0.00249775357 2.29139073
453 1038 2.49775436 0.00249775436 2.29139073
453 1038 2.49775495 0.00249775495 2.29139073
453 1038 2.49775533 0.00249775533 2.29139073
452 1034 2.48206933 0.00248206933 2.28761062
452 1034 2.4823894 0.0024823894 2.28761062
452 1034 2.4822511 0.0024822511 2.28761062
452 1034 2.48227261 0.00248227261 2.28761062
452 1034 2.48227537 0.00248227537 2.28761062
452 1034 2.48227533 0.00248227533 2.28761062
452 1034 2.48227438 0.00248227438 2.28761062
452 1034 2.48227417 0.00248227417 2.28761062
452 1034 2.48227425 0.00248227425 2.28761062
452 1034 2.48227423 0.00248227423 2.28761062
451 1031 2.46508313 0.00246508313 2.28603104
451 1031 2.46482374 0.00246482374 2.28603104
451 1031 2.46484237 0.00246484237 2.28603104
451 1031 2.46484426 0.00246484426 2.28603104
451 1031 2.46484531 0.00246484531 2.28603104
451 1031 2.46484583 0.00246484583 2.28603104
451 1031 2.46484628 0.00246484628 2.28603104
451 1031 2.46484659 0.00246484659 2.28603104
451 1031 2.4648468 0.0024648468 2.28603104
451 1031 2.46484692 0.00246484692 2.28603104
450 1026 2.44844381 0.00244844381 2.28
450 1028 2.44402035 0.00244402035 2.28444444
450 1026 2.4528687 0.0024528687 2.28
450 1028 2.46163543 0.00246163543 2.28444444
450 1028 2.47563404 0.00247563404 2.28444444
450 1028 2.49979252 0.00249979252 2.28444444
450 1030 2.49952376 0.00249952376 2.28888889
450 1028 2.50067915 0.00250067915 2.28444444
450 1028 2.50062798 0.00250062798 2.28444444
450 1028 2.50067207 0.00250067207 2.28444444
449 1025 2.48576071 0.00248576071 2.28285078
449 1025 2.48564554 0.00248564554 2.28285078
449 1025 2.48566351 0.00248566351 2.28285078
449 1025 2.48565788 0.00248565788 2.28285078
449 1025 2.48565789 0.00248565789 2.28285078
449 1025 2.48565813 0.00248565813 2.28285078
449 1025 2.48565824 0.00248565824 2.28285078
449 1025 2.48565834 0.00248565834 2.28285078
449 1025 2.4856584 0.0024856584 2.28285078
449 1025 2.48565844 0.00248565844 2.28285078
448 1021 2.47009144 0.00247009144 2.27901786
448 1021 2.47010382 0.00247010382 2.27901786
448 1021 2.47018991 0.00247018991 2.27901786
448 1021 2.47018805 0.00247018805 2.27901786
448 1021 2.47019061 0.00247019061 2.27901786
448 1021 2.47019119 0.00247019119 2.27901786
448 1021 2.47019192 0.00247019192 2.27901786
448 1021 2.47019245 0.00247019245 2.27901786
448 1021 2.47019285 0.00247019285 2.27901786
448 1021 2.47019307 0.00247019307 2.27901786
447 1018 2.45436396 0.00245436396 2.27740492
447 1018 2.45453037 0.00245453037 2.27740492
447 1016 2.45226184 0.00245226184 2.27293065
447 1018 2.46715564 0.00246715564 2.27740492
447 1018 2.46722457 0.00246722457 2.27740492
447 1018 2.46718673 0.00246718673 2.27740492
447 1018 2.46714274 0.00246714274 2.27740492
447 1018 2.46713804 0.00246713804 2.27740492
447 1017 2.46809135 0.00246809135 2.27516779
447 1017 2.46806766 0.00246806766 2.27516779
446 1014 2.45220591 0.00245220591 2.2735426
446 1012 2.45159459 0.00245159459 2.2690583
446 1014 2.45203551 0.00245203551 2.2735426
446 1014 2.45210321 0.00245210321 2.2735426
446 1014 2.45206975 0.00245206975 2.2735426
446 1014 2.45209572 0.00245209572 2.2735426
446 1014 2.45207723 0.00245207723 2.2735426
446 1014 2.45209762 0.00245209762 2.2735426
446 1014 2.45207661 0.00245207661 2.2735426
446 1014 2.4520982 0.0024520982 2.2735426
445 1009 2.43657193 0.00243657193 2.26741573
445 1009 2.43658662 0.00243658662 2.26741573
445 1009 2.43663068 0.00243663068 2.26741573
445 1009 2.4366341 0.0024366341 2.26741573
445 1009 2.43664224 0.00243664224 2.26741573
445 1009 2.43664186 0.00243664186 2.26741573
445 1009 2.43664303 0.00243664303 2.26741573
445 1009 2.43664294 0.00243664294 2.26741573
445 1009 2.43664293 0.00243664293 2.26741573
445 1009 2.43664303 0.00243664303 2.26741573
444 1006 2.42115308 0.00242115308 2.26576577
444 1006 2.42132092 0.00242132092 2.26576577
444 1006 2.42130056 0.00242130056 2.26576577
444 1006 2.42131009 0.00242131009 2.26576577
444 1006 2.42131256 0.00242131256 2.26576577
444 1006 2.42131228 0.00242131228 2.26576577
444 1006 2.42131204 0.00242131204 2.26576577
444 1006 2.42131235 0.00242131235 2.26576577
444 1006 2.42131298 0.00242131298 2.26576577
444 1006 2.42131338 0.00242131338 2.26576577
443 1003 2.40453582 0.00240453582 2.26410835
443 1002 2.40404997 0.00240404997 2.26185102
443 1003 2.40430265 0.00240430265 2.26410835
443 1003 2.40419239 0.00240419239 2.26410835
443 1003 2.40436592 0.00240436592 2.26410835
443 1002 2.40435758 0.00240435758 2.26185102
443 1002 2.40340636 0.00240340636 2.26185102
443 1002 2.40432862 0.00240432862 2.26185102
443 1003 2.40435823 0.00240435823 2.26410835
443 1003 2.40434216 0.00240434216 2.26410835
442 999 2.38871441 0.00238871441 2.260181
442 999 2.38898975 0.00238898975 2.260181
442 1004 2.41898949 0.00241898949 2.27149321
442 1005 2.43411563 0.00243411563 2.27375566
442 1006 2.44248293 0.00244248293 2.2760181
441 1005 2.42785914 0.00242785914 2.27891156
441 1005 2.42785994 0.00242785994 2.27891156
441 1005 2.42783303 0.00242783303 2.27891156
441 1005 2.42781715 0.00242781715 2.27891156
441 1005 2.42782886 0.00242782886 2.27891156
440 1002 2.41248599 0.00241248599 2.27727273
439 998 2.40866204 0.00240866204 2.27334852
439 996 2.40131345 0.00240131345 2.26879271
439 1000 2.41135879 0.00241135879 2.27790433
439 997 2.41026695 0.00241026695 2.27107062
439 998 2.4139427 0.0024139427 2.27334852
439 999 2.40134894 0.00240134894 2.27562642
439 997 2.41436951 0.00241436951 2.27107062
439 997 2.41432029 0.00241432029 2.27107062
439 997 2.41433303 0.00241433303 2.27107062
438 995 2.40137851 0.00240137851 2.2716895
438 995 2.40146 0.00240146 2.2716895
438 995 2.40141856 0.00240141856 2.2716895
438 995 2.40141367 0.00240141367 2.2716895
438 995 2.40141322 0.00240141322 2.2716895
438 995 2.40141259 0.00240141259 2.2716895
438 995 2.40141387 0.00240141387 2.2716895
438 995 2.40141414 0.00240141414 2.2716895
438 995 2.40141419 0.00240141419 2.2716895
438 995 2.4014143 0.0024014143 2.2716895
437 992 2.38633941 0.00238633941 2.27002288
437 992 2.38628228 0.00238628228 2.27002288
437 992 2.38628109 0.00238628109 2.27002288
437 992 2.38627216 0.00238627216 2.27002288
437 992 2.38627265 0.00238627265 2.27002288
437 992 2.38627257 0.00238627257 2.27002288
437 992 2.38627323 0.00238627323 2.27002288
437 992 2.38627341 0.00238627341 2.27002288
437 992 2.38627361 0.00238627361 2.27002288
437 992 2.38627375 0.00238627375 2.27002288
436 987 2.3708912 0.0023708912 2.26376147
436 987 2.37108898 0.00237108898 2.26376147
436 987 2.37109434 0.00237109434 2.26376147
436 987 2.37108679 0.00237108679 2.26376147
436 987 2.37108873 0.00237108873 2.26376147
436 987 2.37108975 0.00237108975 2.26376147
436 987 2.37108915 0.00237108915 2.26376147
436 987 2.37108869 0.00237108869 2.26376147
436 987 2.37108872 0.00237108872 2.26376147
436 987 2.37108883 0.00237108883 2.26376147
435 985 2.354975 0.002354975 2.26436782
435 984 2.35514861 0.00235514861 2.26206897
435 984 2.35534675 0.00235534675 2.26206897
435 984 2.35527971 0.00235527971 2.26206897
435 984 2.35528109 0.00235528109 2.26206897
435 984 2.35528386 0.00235528386 2.26206897
435 984 2.35528519 0.00235528519 2.26206897
435 984 2.35528499 0.00235528499 2.26206897
435 984 2.35528537 0.00235528537 2.26206897
435 984 2.35528571 0.00235528571 2.26206897
434 982 2.33943351 0.00233943351 2.26267281
434 982 2.33916103 0.00233916103 2.26267281
434 982 2.33925167 0.00233925167 2.26267281
434 982 2.33920465 0.00233920465 2.26267281
434 982 2.33927132 0.00233927132 2.26267281
434 982 2.33916555 0.00233916555 2.26267281
434 982 2.33926561 0.00233926561 2.26267281
434 982 2.33916587 0.00233916587 2.26267281
434 982 2.33926519 0.00233926519 2.26267281
434 982 2.3391657 0.0023391657 2.26267281
433 978 2.32350757 0.00232350757 2.25866051
433 979 2.32266691 0.00232266691 2.26096998
433 977 2.32364855 0.00232364855 2.25635104
433 977 2.32383386 0.00232383386 2.25635104
433 978 2.32269646 0.00232269646 2.25866051
433 977 2.32359369 0.00232359369 2.25635104
433 977 2.32383212 0.00232383212 2.25635104
433 977 2.32376825 0.00232376825 2.25635104
433 980 2.32294548 0.00232294548 2.26327945
433 977 2.32357526 0.00232357526 2.25635104
432 975 2.30821225 0.00230821225 2.25694444
432 975 2.30786079 0.00230786079 2.25694444
432 975 2.30794188 0.00230794188 2.25694444
432 975 2.30789398 0.00230789398 2.25694444
432 975 2.30793777 0.00230793777 2.25694444
432 975 2.30789267 0.00230789267 2.25694444
432 975 2.30793843 0.00230793843 2.25694444
432 975 2.30789281 0.00230789281 2.25694444
432 975 2.30793883 0.00230793883 2.25694444
432 975 2.30789312 0.00230789312 2.25694444
431 969 2.29172142 0.00229172142 2.24825986
431 974 2.27760722 0.00227760722 2.25986079
431 970 2.29331622 0.00229331622 2.25058005
431 970 2.2935158 0.0022935158 2.25058005
431 970 2.29346341 0.00229346341 2.25058005
431 970 2.29346935 0.00229346935 2.25058005
431 970 2.2934727 0.0022934727 2.25058005
431 970 2.29347345 0.00229347345 2.25058005
431 970 2.29347281 0.00229347281 2.25058005
431 970 2.29347313 0.00229347313 2.25058005
430 968 2.27774143 0.00227774143 2.25116279
430 968 2.27745126 0.00227745126 2.25116279
430 968 2.27755756 0.00227755756 2.25116279
430 968 2.27746761 0.00227746761 2.25116279
430 968 2.27759154 0.00227759154 2.25116279
430 968 2.27746072 0.00227746072 2.25116279
430 968 2.27758921 0.00227758921 2.25116279
430 968 2.27745919 0.00227745919 2.25116279
430 968 2.27758852 0.00227758852 2.25116279
430 968 2.27745927 0.00227745927 2.25116279
429 966 2.26147412 0.00226147412 2.25174825
429 964 2.26140684 0.00226140684 2.24708625
429 964 2.26145084 0.00226145084 2.24708625
429 964 2.26136294 0.00226136294 2.24708625
429 964 2.26134703 0.00226134703 2.24708625
429 964 2.26131689 0.00226131689 2.24708625
429 964 2.26131619 0.00226131619 2.24708625
429 964 2.26131783 0.00226131783 2.24708625
429 964 2.26131865 0.00226131865 2.24708625
429 964 2.26131918 0.00226131918 2.24708625
428 962 2.24543733 0.00224543733 2.24766355
428 962 2.24544058 0.00224544058 2.24766355
428 962 2.24566546 0.00224566546 2.24766355
428 962 2.24562375 0.00224562375 2.24766355
428 962 2.24562265 0.00224562265 2.24766355
428 962 2.24562777 0.00224562777 2.24766355
428 962 2.24562511 0.00224562511 2.24766355
428 962 2.24562542 0.00224562542 2.24766355
428 962 2.24562542 0.00224562542 2.24766355
428 962 2.24562545 0.00224562545 2.24766355
427 959 2.22655216 0.00222655216 2.24590164
427 958 2.2262034 0.0022262034 2.24355972
426 954 2.21302673 0.00221302673 2.23943662
426 954 2.21306945 0.00221306945 2.23943662
426 954 2.21308056 0.00221308056 2.23943662
426 954 2.21310706 0.00221310706 2.23943662
426 954 2.21306457 0.00221306457 2.23943662
426 954 2.21307921 0.00221307921 2.23943662
426 954 2.21309443 0.00221309443 2.23943662
426 954 2.21306007 0.00221306007 2.23943662
425 951 2.1962019 0.0021962019 2.23764706
425 951 2.1959927 0.0021959927 2.23764706
425 951 2.19613577 0.00219613577 2.23764706
425 951 2.19619397 0.00219619397 2.23764706
425 951 2.19621326 0.00219621326 2.23764706
425 951 2.19620733 0.00219620733 2.23764706
425 951 2.19620447 0.00219620447 2.23764706
425 951 2.19620479 0.00219620479 2.23764706
425 951 2.19620504 0.00219620504 2.23764706
425 951 2.19620509 0.00219620509 2.23764706
424 949 2.17775594 0.00217775594 2.23820755
424 947 2.17633147 0.00217633147 2.23349057
424 949 2.17735555 0.00217735555 2.23820755
424 949 2.18996638 0.00218996638 2.23820755
423 946 2.18667366 0.00218667366 2.23640662
423 944 2.18612878 0.00218612878 2.23167849
423 946 2.18682152 0.00218682152 2.23640662
423 946 2.18652222 0.00218652222 2.23640662
423 946 2.18670728 0.00218670728 2.23640662
423 946 2.18674495 0.00218674495 2.23640662
422 942 2.17117083 0.00217117083 2.23222749
422 942 2.17111844 0.00217111844 2.23222749
422 942 2.17101741 0.00217101741 2.23222749
422 942 2.17109366 0.00217109366 2.23222749
422 942 2.17111212 0.00217111212 2.23222749
422 942 2.17111166 0.00217111166 2.23222749
422 942 2.17110802 0.00217110802 2.23222749
422 942 2.17110618 0.00217110618 2.23222749
422 942 2.17110648 0.00217110648 2.23222749
422 942 2.17110673 0.00217110673 2.23222749
421 940 2.1549882 0.0021549882 2.2327791
421 941 2.15454724 0.00215454724 2.23515439
421 939 2.15626468 0.00215626468 2.2304038
421 936 2.16819728 0.00216819728 2.22327791
421 939 2.18597356 0.00218597356 2.2304038
420 935 2.18110931 0.00218110931 2.22619048
420 933 2.19493087 0.00219493087 2.22142857
420 933 2.2003992 0.0022003992 2.22142857
420 933 2.20303208 0.00220303208 2.22142857
420 933 2.19961326 0.00219961326 2.22142857
419 932 2.19017525 0.00219017525 2.22434368
418 927 2.17709146 0.00217709146 2.21770335
418 926 2.17354918 0.00217354918 2.215311
418 928 2.17587979 0.00217587979 2.22009569
418 929 2.17635986 0.00217635986 2.22248804
418 927 2.17706885 0.00217706885 2.21770335
418 927 2.1771544 0.0021771544 2.21770335
418 927 2.17709031 0.00217709031 2.21770335
418 927 2.17708307 0.00217708307 2.21770335
418 927 2.17724457 0.00217724457 2.21770335
417 924 2.16417621 0.00216417621 2.21582734
417 924 2.16407743 0.00216407743 2.21582734
417 924 2.16410154 0.00216410154 2.21582734
417 924 2.16402144 0.00216402144 2.21582734
417 924 2.16399799 0.00216399799 2.21582734
417 924 2.16399325 0.00216399325 2.21582734
417 924 2.16399388 0.00216399388 2.21582734
417 924 2.1639925 0.0021639925 2.21582734
417 924 2.16399136 0.00216399136 2.21582734
417 924 2.16399107 0.00216399107 2.21582734
416 922 2.1508179 0.0021508179 2.21634615
416 922 2.15121137 0.00215121137 2.21634615
416 922 2.15108772 0.00215108772 2.21634615
416 922 2.15109603 0.00215109603 2.21634615
416 922 2.15109977 0.00215109977 2.21634615
416 922 2.15110318 0.00215110318 2.21634615
416 922 2.15109985 0.00215109985 2.21634615
416 922 2.15109936 0.00215109936 2.21634615
416 922 2.15109995 0.00215109995 2.21634615
416 922 2.15110022 0.00215110022 2.21634615
415 920 2.1363427 0.0021363427 2.21686747
415 920 2.1360536 0.0021360536 2.21686747
415 920 2.1361682 0.0021361682 2.21686747
415 920 2.13605428 0.00213605428 2.21686747
415 920 2.13615547 0.00213615547 2.21686747
415 920 2.13605151 0.00213605151 2.21686747
415 920 2.13615637 0.00213615637 2.21686747
415 920 2.13605198 0.00213605198 2.21686747
415 920 2.13615651 0.00213615651 2.21686747
415 920 2.13605183 0.00213605183 2.21686747
414 918 2.12095178 0.00212095178 2.2173913
414 916 2.12091734 0.00212091734 2.21256039
414 916 2.12104368 0.00212104368 2.21256039
414 916 2.12107966 0.00212107966 2.21256039
414 916 2.12107353 0.00212107353 2.21256039
414 916 2.12106769 0.00212106769 2.21256039
414 916 2.12106766 0.00212106766 2.21256039
414 916 2.1210682 0.0021210682 2.21256039
414 916 2.12106813 0.00212106813 2.21256039
414 916 2.12106805 0.00212106805 2.21256039
413 914 2.10609007 0.00210609007 2.21307506
413 915 2.10453242 0.00210453242 2.21549637
413 916 2.11625678 0.00211625678 2.21791768
413 916 2.11873667 0.00211873667 2.21791768
413 916 2.11997544 0.00211997544 2.21791768
413 916 2.13747785 0.00213747785 2.21791768
413 915 2.12920005 0.00212920005 2.21549637
412 911 2.12861047 0.00212861047 2.21116505
411 908 2.11759824 0.00211759824 2.20924574
411 909 2.11460712 0.00211460712 2.21167883
410 904 2.10549684 0.00210549684 2.20487805
409 900 2.09397326 0.00209397326 2.200489
408 895 2.09101567 0.00209101567 2.19362745
408 895 2.08897178 0.00208897178 2.19362745
408 894 2.08971667 0.00208971667 2.19117647
408 897 2.08349916 0.00208349916 2.19852941
408 896 2.09025329 0.00209025329 2.19607843
407 893 2.07982495 0.00207982495 2.19410319
407 893 2.08001531 0.00208001531 2.19410319
407 893 2.07997792 0.00207997792 2.19410319
406 891 2.06671111 0.00206671111 2.19458128
406 891 2.06659664 0.00206659664 2.19458128
406 891 2.06665881 0.00206665881 2.19458128
406 891 2.06663869 0.00206663869 2.19458128
406 891 2.06663096 0.00206663096 2.19458128
406 891 2.06663266 0.00206663266 2.19458128
406 891 2.06663331 0.00206663331 2.19458128
406 891 2.06663334 0.00206663334 2.19458128
406 891 2.06663326 0.00206663326 2.19458128
406 891 2.06663322 0.00206663322 2.19458128
405 889 2.05259441 0.00205259441 2.19506173
405 888 2.04884514 0.00204884514 2.19259259
405 886 2.06051782 0.00206051782 2.18765432
404 884 2.04895622 0.00204895622 2.18811881
404 884 2.04894024 0.00204894024 2.18811881
404 884 2.04901523 0.00204901523 2.18811881
404 884 2.04900813 0.00204900813 2.18811881
404 884 2.04900129 0.00204900129 2.18811881
404 884 2.04900152 0.00204900152 2.18811881
404 884 2.04900166 0.00204900166 2.18811881
403 882 2.03487774 0.00203487774 2.18858561
403 880 2.03182078 0.00203182078 2.18362283
402 876 2.03178297 0.00203178297 2.17910448
401 873 2.0245989 0.0020245989 2.17705736
401 873 2.02458135 0.00202458135 2.17705736
401 873 2.02459877 0.00202459877 2.17705736
401 873 2.02460735 0.00202460735 2.17705736
401 873 2.02460072 0.00202460072 2.17705736
401 873 2.02460079 0.00202460079 2.17705736
401 873 2.02460097 0.00202460097 2.17705736
400 871 2.01088736 0.00201088736 2.1775
400 871 2.01066427 0.00201066427 2.1775
400 871 2.01071743 0.00201071743 2.1775
400 871 2.01069726 0.00201069726 2.1775
400 871 2.01072181 0.00201072181 2.1775
400 871 2.0106859 0.0020106859 2.1775
400 871 2.01072489 0.00201072489 2.1775
400 871 2.01068851 0.00201068851 2.1775
400 871 2.01072507 0.00201072507 2.1775
400 871 2.01068891 0.00201068891 2.1775
399 867 1.99282574 0.00199282574 2.17293233
399 866 2.00440181 0.00200440181 2.17042607
399 866 2.01655359 0.00201655359 2.17042607
398 862 2.00976013 0.00200976013 2.16582915
398 861 2.0045953 0.0020045953 2.16331658
398 861 2.00610721 0.00200610721 2.16331658
398 860 2.00605626 0.00200605626 2.16080402
397 857 2.00608612 0.00200608612 2.15869018
397 858 2.00443715 0.00200443715 2.16120907
397 857 2.01747548 0.00201747548 2.15869018
396 853 2.00515907 0.00200515907 2.1540404
396 853 2.00506196 0.00200506196 2.1540404
396 853 2.00507753 0.00200507753 2.1540404
396 853 2.00507105 0.00200507105 2.1540404
396 853 2.00505556 0.00200505556 2.1540404
396 853 2.0050523 0.0020050523 2.1540404
396 853 2.00504911 0.00200504911 2.1540404
396 853 2.00504732 0.00200504732 2.1540404
396 853 2.00504626 0.00200504626 2.1540404
396 853 2.00504545 0.00200504545 2.1540404
395 851 1.99249496 0.00199249496 2.15443038
395 851 1.992559 0.001992559 2.15443038
395 851 1.99253892 0.00199253892 2.15443038
395 851 1.99249849 0.00199249849 2.15443038
395 851 1.99258586 0.00199258586 2.15443038
395 851 1.99268844 0.00199268844 2.15443038
395 851 1.99271629 0.00199271629 2.15443038
395 851 1.99273135 0.00199273135 2.15443038
395 851 1.99273751 0.00199273751 2.15443038
395 851 1.99274128 0.00199274128 2.15443038
394 846 1.97907592 0.00197907592 2.14720812
394 846 1.9788982 0.0019788982 2.14720812
394 846 1.97887594 0.00197887594 2.14720812
394 846 1.97888124 0.00197888124 2.14720812
394 846 1.9788773 0.0019788773 2.14720812
394 846 1.97887707 0.00197887707 2.14720812
394 846 1.97887701 0.00197887701 2.14720812
394 846 1.97887706 0.00197887706 2.14720812
394 846 1.97887712 0.00197887712 2.14720812
394 846 1.97887712 0.00197887712 2.14720812
393 843 1.96500605 0.00196500605 2.14503817
393 844 1.96051351 0.00196051351 2.1475827
393 846 1.97453667 0.00197453667 2.15267176
393 846 1.97452183 0.00197452183 2.15267176
393 846 1.97464734 0.00197464734 2.15267176
393 846 1.97469458 0.00197469458 2.15267176
393 846 1.97471142 0.00197471142 2.15267176
393 846 1.97471722 0.00197471722 2.15267176
393 846 1.97471996 0.00197471996 2.15267176
393 846 1.97472075 0.00197472075 2.15267176
392 841 1.96080749 0.00196080749 2.14540816
392 841 1.96057404 0.00196057404 2.14540816
392 841 1.96058596 0.00196058596 2.14540816
392 841 1.96058332 0.00196058332 2.14540816
392 841 1.96057628 0.00196057628 2.14540816
392 841 1.96057486 0.00196057486 2.14540816
392 841 1.96057566 0.00196057566 2.14540816
392 841 1.96057598 0.00196057598 2.14540816
392 841 1.96057586 0.00196057586 2.14540816
392 841 1.9605759 0.0019605759 2.14540816
391 839 1.94608036 0.00194608036 2.14578005
391 839 1.94455926 0.00194455926 2.14578005
391 840 1.9574819 0.0019574819 2.1483376
391 837 1.95758523 0.00195758523 2.14066496
391 837 1.95754175 0.00195754175 2.14066496
391 837 1.95754653 0.00195754653 2.14066496
391 837 1.95752944 0.00195752944 2.14066496
391 837 1.95752614 0.00195752614 2.14066496
391 837 1.95750622 0.00195750622 2.14066496
391 837 1.95754733 0.00195754733 2.14066496
390 835 1.94465582 0.00194465582 2.14102564
390 835 1.94459195 0.00194459195 2.14102564
390 835 1.94467451 0.00194467451 2.14102564
390 835 1.94467727 0.00194467727 2.14102564
390 835 1.94466611 0.00194466611 2.14102564
390 835 1.94466389 0.00194466389 2.14102564
390 835 1.94466445 0.00194466445 2.14102564
390 835 1.94466458 0.00194466458 2.14102564
390 835 1.94466435 0.00194466435 2.14102564
390 835 1.94466418 0.00194466418 2.14102564
389 833 1.93053444 0.00193053444 2.14138817
389 830 1.92700692 0.00192700692 2.13367609
389 829 1.93975402 0.00193975402 2.1311054
388 830 1.96320532 0.00196320532 2.13917526
388 830 1.96319951 0.00196319951 2.13917526
388 830 1.96325672 0.00196325672 2.13917526
388 830 1.96330955 0.00196330955 2.13917526
388 830 1.96332252 0.00196332252 2.13917526
388 830 1.96333187 0.00196333187 2.13917526
388 830 1.96333059 0.00196333059 2.13917526
387 825 1.95102532 0.00195102532 2.13178295
387 825 1.9508489 0.0019508489 2.13178295
387 825 1.95078828 0.00195078828 2.13178295
387 825 1.95085668 0.00195085668 2.13178295
387 825 1.95086898 0.00195086898 2.13178295
387 825 1.95079495 0.00195079495 2.13178295
387 825 1.95084444 0.00195084444 2.13178295
387 825 1.95086616 0.00195086616 2.13178295
387 825 1.95079311 0.00195079311 2.13178295
387 825 1.9508414 0.0019508414 2.13178295
386 821 1.9379639 0.0019379639 2.12694301
386 823 1.93837408 0.00193837408 2.13212435
386 823 1.9383769 0.0019383769 2.13212435
386 823 1.93839622 0.00193839622 2.13212435
386 823 1.93839918 0.00193839918 2.13212435
386 823 1.93840133 0.00193840133 2.13212435
386 823 1.9384027 0.0019384027 2.13212435
386 823 1.93840353 0.00193840353 2.13212435
386 823 1.93840424 0.00193840424 2.13212435
386 823 1.93840477 0.00193840477 2.13212435
385 819 1.92574007 0.00192574007 2.12727273
385 819 1.92568022 0.00192568022 2.12727273
385 819 1.92568252 0.00192568252 2.12727273
385 819 1.92568587 0.00192568587 2.12727273
385 819 1.9256844 0.0019256844 2.12727273
385 819 1.92568259 0.00192568259 2.12727273
385 819 1.92568239 0.00192568239 2.12727273
385 819 1.92568232 0.00192568232 2.12727273
385 819 1.92568216 0.00192568216 2.12727273
385 819 1.92568208 0.00192568208 2.12727273
384 817 1.91163223 0.00191163223 2.12760417
384 817 1.9116496 0.0019116496 2.12760417
384 817 1.9116076 0.0019116076 2.12760417
384 817 1.91158916 0.00191158916 2.12760417
384 817 1.91158266 0.00191158266 2.12760417
384 817 1.91158155 0.00191158155 2.12760417
384 817 1.91158119 0.00191158119 2.12760417
384 817 1.91158109 0.00191158109 2.12760417
384 817 1.91158109 0.00191158109 2.12760417
384 817 1.9115811 0.0019115811 2.12760417
383 814 1.89395498 0.00189395498 2.12532637
382 811 1.89386877 0.00189386877 2.12303665
382 809 1.89055799 0.00189055799 2.11780105
382 810 1.90349722 0.00190349722 2.12041885
382 810 1.90348062 0.00190348062 2.12041885
382 810 1.90349295 0.00190349295 2.12041885
382 810 1.90349709 0.00190349709 2.12041885
382 810 1.90349871 0.00190349871 2.12041885
382 810 1.90349953 0.00190349953 2.12041885
382 810 1.90350004 0.00190350004 2.12041885
381 806 1.89062372 0.00189062372 2.11548556
381 806 1.89057145 0.00189057145 2.11548556
381 806 1.89057426 0.00189057426 2.11548556
381 806 1.89057446 0.00189057446 2.11548556
381 806 1.89057205 0.00189057205 2.11548556
381 806 1.8905704 0.0018905704 2.11548556
381 806 1.89057058 0.00189057058 2.11548556
381 806 1.89057043 0.00189057043 2.11548556
381 806 1.89057022 0.00189057022 2.11548556
381 806 1.89057019 0.00189057019 2.11548556
380 804 1.87615821 0.00187615821 2.11578947
380 804 1.87593353 0.00187593353 2.11578947
380 804 1.87612388 0.00187612388 2.11578947
380 804 1.87585105 0.00187585105 2.11578947
380 804 1.87599197 0.00187599197 2.11578947
380 804 1.87615822 0.00187615822 2.11578947
380 804 1.87622593 0.00187622593 2.11578947
380 804 1.87599686 0.00187599686 2.11578947
380 804 1.87601556 0.00187601556 2.11578947
380 804 1.87617242 0.00187617242 2.11578947
379 800 1.85796504 0.00185796504 2.11081794
379 802 1.85691786 0.00185691786 2.11609499
379 800 1.86677643 0.00186677643 2.11081794
379 800 1.87042073 0.00187042073 2.11081794
379 800 1.87048745 0.00187048745 2.11081794
379 800 1.87049655 0.00187049655 2.11081794
379 800 1.87050402 0.00187050402 2.11081794
379 800 1.87050477 0.00187050477 2.11081794
379 800 1.87050539 0.00187050539 2.11081794
379 800 1.87050551 0.00187050551 2.11081794
378 796 1.85697309 0.00185697309 2.10582011
378 796 1.85690497 0.00185690497 2.10582011
378 796 1.85690305 0.00185690305 2.10582011
378 796 1.85690531 0.00185690531 2.10582011
378 796 1.85690275 0.00185690275 2.10582011
378 796 1.85690082 0.00185690082 2.10582011
378 796 1.85690103 0.00185690103 2.10582011
378 796 1.85690102 0.00185690102 2.10582011
378 796 1.85690079 0.00185690079 2.10582011
378 796 1.85690074 0.00185690074 2.10582011
377 794 1.84287751 0.00184287751 2.1061008
377 794 1.84290081 0.00184290081 2.1061008
377 794 1.84288698 0.00184288698 2.1061008
377 794 1.84288751 0.00184288751 2.1061008
377 794 1.84289582 0.00184289582 2.1061008
377 794 1.84289914 0.00184289914 2.1061008
377 794 1.84290435 0.00184290435 2.1061008
377 794 1.84290693 0.00184290693 2.1061008
377 794 1.84290872 0.00184290872 2.1061008
377 794 1.84291038 0.00184291038 2.1061008
376 788 1.82608186 0.00182608186 2.09574468
375 785 1.81720337 0.00181720337 2.09333333
375 786 1.81909454 0.00181909454 2.096
375 786 1.81920989 0.00181920989 2.096
375 786 1.81923427 0.00181923427 2.096
375 786 1.81921404 0.00181921404 2.096
375 786 1.81921048 0.00181921048 2.096
375 786 1.81921198 0.00181921198 2.096
375 786 1.81921232 0.00181921232 2.096
375 786 1.81921225 0.00181921225 2.096
374 784 1.80482751 0.00180482751 2.09625668
374 784 1.80494778 0.00180494778 2.09625668
374 784 1.80493 0.00180493 2.09625668
374 784 1.80484974 0.00180484974 2.09625668
374 784 1.80483532 0.00180483532 2.09625668
374 784 1.80484231 0.00180484231 2.09625668
374 784 1.80484275 0.00180484275 2.09625668
374 784 1.80484269 0.00180484269 2.09625668
374 784 1.80484271 0.00180484271 2.09625668
374 784 1.80484264 0.00180484264 2.09625668
373 780 1.78854561 0.00178854561 2.09115282
373 780 1.78775988 0.00178775988 2.09115282
373 780 1.78766466 0.00178766466 2.09115282
373 780 1.78769797 0.00178769797 2.09115282
373 780 1.78770511 0.00178770511 2.09115282
373 780 1.78770403 0.00178770403 2.09115282
373 780 1.78770414 0.00178770414 2.09115282
373 780 1.78770392 0.00178770392 2.09115282
373 780 1.78770387 0.00178770387 2.09115282
373 780 1.7877039 0.0017877039 2.09115282
372 776 1.77260459 0.00177260459 2.08602151
372 776 1.77228779 0.00177228779 2.08602151
372 776 1.77236317 0.00177236317 2.08602151
372 776 1.77229464 0.00177229464 2.08602151
372 776 1.77235913 0.00177235913 2.08602151
372 776 1.77234747 0.00177234747 2.08602151
372 776 1.77233489 0.00177233489 2.08602151
372 776 1.77236472 0.00177236472 2.08602151
372 776 1.77229987 0.00177229987 2.08602151
372 776 1.77236145 0.00177236145 2.08602151
371 774 1.75507986 0.00175507986 2.08625337
371 773 1.75069631 0.00175069631 2.08355795
370 771 1.74321305 0.00174321305 2.08378378
370 774 1.75736166 0.00175736166 2.09189189
370 776 1.76122019 0.00176122019 2.0972973
370 775 1.75544747 0.00175544747 2.09459459
370 777 1.76072709 0.00176072709 2.1
370 774 1.76078372 0.00176078372 2.09189189
370 775 1.76074297 0.00176074297 2.09459459
370 775 1.76065024 0.00176065024 2.09459459
369 773 1.74946805 0.00174946805 2.09485095
369 773 1.74946605 0.00174946605 2.09485095
369 773 1.749505 0.001749505 2.09485095
369 773 1.7495065 0.0017495065 2.09485095
369 773 1.7495092 0.0017495092 2.09485095
369 773 1.7495105 0.0017495105 2.09485095
369 773 1.74951037 0.00174951037 2.09485095
369 773 1.7495105 0.0017495105 2.09485095
369 773 1.7495105 0.0017495105 2.09485095
369 773 1.74951052 0.00174951052 2.09485095
368 769 1.73441596 0.00173441596 2.08967391
368 769 1.7327415 0.0017327415 2.08967391
368 769 1.73453289 0.00173453289 2.08967391
368 769 1.73450148 0.00173450148 2.08967391
368 769 1.73446625 0.00173446625 2.08967391
368 769 1.73446745 0.00173446745 2.08967391
368 769 1.73446814 0.00173446814 2.08967391
368 769 1.73446815 0.00173446815 2.08967391
368 769 1.7344681 0.0017344681 2.08967391
368 769 1.73446811 0.00173446811 2.08967391
367 765 1.71883136 0.00171883136 2.08446866
367 765 1.71873846 0.00171873846 2.08446866
367 767 1.71562708 0.00171562708 2.08991826
367 768 1.72960799 0.00172960799 2.09264305
367 769 1.73491885 0.00173491885 2.09536785
367 767 1.73946227 0.00173946227 2.08991826
367 766 1.73057108 0.00173057108 2.08719346
366 762 1.72891861 0.00172891861 2.08196721
366 762 1.72889458 0.00172889458 2.08196721
366 762 1.72886635 0.00172886635 2.08196721
365 759 1.71610655 0.00171610655 2.07945205
365 759 1.71623866 0.00171623866 2.07945205
365 759 1.71551287 0.00171551287 2.07945205
365 759 1.71575899 0.00171575899 2.07945205
365 759 1.71570332 0.00171570332 2.07945205
365 759 1.71569589 0.00171569589 2.07945205
365 759 1.71569252 0.00171569252 2.07945205
365 759 1.71569556 0.00171569556 2.07945205
365 759 1.71569518 0.00171569518 2.07945205
365 759 1.71569498 0.00171569498 2.07945205
364 755 1.70347163 0.00170347163 2.07417582
364 755 1.70313356 0.00170313356 2.07417582
364 755 1.70342975 0.00170342975 2.07417582
364 755 1.70334173 0.00170334173 2.07417582
364 755 1.70313563 0.00170313563 2.07417582
364 755 1.70350159 0.00170350159 2.07417582
364 755 1.70331345 0.00170331345 2.07417582
364 755 1.70334526 0.00170334526 2.07417582
364 755 1.70350563 0.00170350563 2.07417582
364 755 1.7034097 0.0017034097 2.07417582
363 752 1.69116009 0.00169116009 2.07162534
363 752 1.6912373 0.0016912373 2.07162534
363 752 1.6909072 0.0016909072 2.07162534
363 752 1.69113814 0.00169113814 2.07162534
363 752 1.69120939 0.00169120939 2.07162534
363 752 1.69120561 0.00169120561 2.07162534
363 752 1.69120762 0.00169120762 2.07162534
363 752 1.69120699 0.00169120699 2.07162534
363 752 1.69120623 0.00169120623 2.07162534
363 752 1.6912066 0.0016912066 2.07162534
362 748 1.67804849 0.00167804849 2.06629834
362 748 1.67723186 0.00167723186 2.06629834
362 748 1.67723184 0.00167723184 2.06629834
362 748 1.67740955 0.00167740955 2.06629834
362 748 1.67733087 0.00167733087 2.06629834
362 748 1.67729305 0.00167729305 2.06629834
362 748 1.67740014 0.00167740014 2.06629834
362 748 1.67725996 0.00167725996 2.06629834
362 748 1.67739421 0.00167739421 2.06629834
362 748 1.67740134 0.00167740134 2.06629834
361 744 1.66509801 0.00166509801 2.06094183
361 744 1.66486688 0.00166486688 2.06094183
361 744 1.66522515 0.00166522515 2.06094183
361 744 1.66504089 0.00166504089 2.06094183
361 744 1.66511903 0.00166511903 2.06094183
361 744 1.66523643 0.00166523643 2.06094183
361 744 1.66514658 0.00166514658 2.06094183
361 744 1.66504436 0.00166504436 2.06094183
361 744 1.66511451 0.00166511451 2.06094183
361 744 1.66521794 0.00166521794 2.06094183
360 741 1.65024442 0.00165024442 2.05833333
360 741 1.65077051 0.00165077051 2.05833333
360 741 1.65016491 0.00165016491 2.05833333
360 741 1.65010674 0.00165010674 2.05833333
360 741 1.650135 0.001650135 2.05833333
360 741 1.65000209 0.00165000209 2.05833333
360 741 1.64988785 0.00164988785 2.05833333
360 741 1.65018749 0.00165018749 2.05833333
360 741 1.65002313 0.00165002313 2.05833333
360 741 1.6498759 0.0016498759 2.05833333
359 738 1.63519995 0.00163519995 2.05571031
359 738 1.63514851 0.00163514851 2.05571031
359 738 1.63528273 0.00163528273 2.05571031
359 738 1.635246 0.001635246 2.05571031
359 738 1.63524505 0.00163524505 2.05571031
359 738 1.63525354 0.00163525354 2.05571031
359 738 1.63525344 0.00163525344 2.05571031
359 738 1.63525269 0.00163525269 2.05571031
359 738 1.63525302 0.00163525302 2.05571031
359 738 1.63525315 0.00163525315 2.05571031
358 736 1.62008342 0.00162008342 2.05586592
358 736 1.61997847 0.00161997847 2.05586592
358 736 1.61999943 0.00161999943 2.05586592
358 736 1.62018374 0.00162018374 2.05586592
358 735 1.61864323 0.00161864323 2.05307263
358 734 1.63296926 0.00163296926 2.05027933
358 734 1.63306376 0.00163306376 2.05027933
358 734 1.63373773 0.00163373773 2.05027933
358 734 1.63351698 0.00163351698 2.05027933
358 734 1.63368611 0.00163368611 2.05027933
357 732 1.61910273 0.00161910273 2.05042017
357 732 1.61915831 0.00161915831 2.05042017
357 732 1.61913188 0.00161913188 2.05042017
357 732 1.61899355 0.00161899355 2.05042017
357 732 1.61903981 0.00161903981 2.05042017
357 732 1.61913282 0.00161913282 2.05042017
357 732 1.61917861 0.00161917861 2.05042017
357 732 1.61917781 0.00161917781 2.05042017
357 732 1.61913067 0.00161913067 2.05042017
357 732 1.61899218 0.00161899218 2.05042017
356 729 1.60386676 0.00160386676 2.04775281
356 729 1.59728129 0.00159728129 2.04775281
356 729 1.60393023 0.00160393023 2.04775281
356 729 1.60400294 0.00160400294 2.04775281
356 729 1.60403381 0.00160403381 2.04775281
356 729 1.60397487 0.00160397487 2.04775281
356 729 1.60390268 0.00160390268 2.04775281
356 729 1.60398546 0.00160398546 2.04775281
356 729 1.60390323 0.00160390323 2.04775281
356 729 1.60398552 0.00160398552 2.04775281
355 726 1.58897581 0.00158897581 2.04507042
355 726 1.58894308 0.00158894308 2.04507042
355 726 1.58893578 0.00158893578 2.04507042
355 726 1.5888153 0.0015888153 2.04507042
355 726 1.58883186 0.00158883186 2.04507042
355 726 1.58882878 0.00158882878 2.04507042
355 726 1.58882989 0.00158882989 2.04507042
355 726 1.58882989 0.00158882989 2.04507042
355 726 1.58883002 0.00158883002 2.04507042
355 726 1.58883006 0.00158883006 2.04507042
354 723 1.57406774 0.00157406774 2.04237288
354 723 1.5741299 0.0015741299 2.04237288
354 723 1.57403398 0.00157403398 2.04237288
354 723 1.57396576 0.00157396576 2.04237288
354 721 1.55701826 0.00155701826 2.03672316
354 721 1.57112325 0.00157112325 2.03672316
354 722 1.58465749 0.00158465749 2.03954802
354 722 1.59564176 0.00159564176 2.03954802
354 723 1.59524807 0.00159524807 2.04237288
354 722 1.59709359 0.00159709359 2.03954802
353 719 1.58470471 0.00158470471 2.0368272
353 719 1.58455811 0.00158455811 2.0368272
353 719 1.58450679 0.00158450679 2.0368272
353 719 1.58465191 0.00158465191 2.0368272
353 719 1.58451778 0.00158451778 2.0368272
353 719 1.58463916 0.00158463916 2.0368272
353 719 1.58450748 0.00158450748 2.0368272
353 719 1.58465361 0.00158465361 2.0368272
353 719 1.58450973 0.00158450973 2.0368272
353 719 1.58465267 0.00158465267 2.0368272
352 717 1.57114786 0.00157114786 2.03693182
352 717 1.57113341 0.00157113341 2.03693182
352 717 1.57101447 0.00157101447 2.03693182
352 717 1.57103474 0.00157103474 2.03693182
352 717 1.5710286 0.0015710286 2.03693182
352 717 1.57103237 0.00157103237 2.03693182
352 717 1.5710322 0.0015710322 2.03693182
352 717 1.57103215 0.00157103215 2.03693182
352 717 1.57103226 0.00157103226 2.03693182
352 717 1.57103222 0.00157103222 2.03693182
351 714 1.55691058 0.00155691058 2.03418803
351 714 1.5568535 0.0015568535 2.03418803
351 714 1.55683004 0.00155683004 2.03418803
351 714 1.55683488 0.00155683488 2.03418803
351 714 1.55683338 0.00155683338 2.03418803
351 714 1.55683451 0.00155683451 2.03418803
351 714 1.55683437 0.00155683437 2.03418803
351 714 1.55683435 0.00155683435 2.03418803
351 714 1.55683443 0.00155683443 2.03418803
351 714 1.55683445 0.00155683445 2.03418803
350 709 1.54083178 0.00154083178 2.02571429
349 705 1.53416581 0.00153416581 2.02005731
349 706 1.54803165 0.00154803165 2.02292264
349 706 1.54792724 0.00154792724 2.02292264
349 706 1.54791974 0.00154791974 2.02292264
349 706 1.54791842 0.00154791842 2.02292264
349 706 1.54791727 0.00154791727 2.02292264
349 706 1.5479177 0.0015479177 2.02292264
349 706 1.5479174 0.0015479174 2.02292264
349 706 1.54791735 0.00154791735 2.02292264
348 703 1.5340663 0.0015340663 2.02011494
348 703 1.53415373 0.00153415373 2.02011494
348 703 1.53419622 0.00153419622 2.02011494
348 703 1.53420146 0.00153420146 2.02011494
348 703 1.53420134 0.00153420134 2.02011494
348 703 1.53420035 0.00153420035 2.02011494
348 703 1.53419982 0.00153419982 2.02011494
348 703 1.53420008 0.00153420008 2.02011494
348 703 1.5342001 0.0015342001 2.02011494
348 703 1.53420008 0.00153420008 2.02011494
347 702 1.51789629 0.00151789629 2.02305476
347 696 1.51049761 0.00151049761 2.00576369
347 698 1.52387768 0.00152387768 2.01152738
347 698 1.52914749 0.00152914749 2.01152738
347 700 1.52835463 0.00152835463 2.01729107
347 699 1.52880815 0.00152880815 2.01440922
346 696 1.51805664 0.00151805664 2.01156069
346 696 1.51814513 0.00151814513 2.01156069
346 696 1.5180062 0.0015180062 2.01156069
346 696 1.51802491 0.00151802491 2.01156069
345 693 1.50465131 0.00150465131 2.00869565
345 693 1.5046632 0.0015046632 2.00869565
345 693 1.50466146 0.00150466146 2.00869565
345 693 1.50469173 0.00150469173 2.00869565
345 693 1.50459846 0.00150459846 2.00869565
345 693 1.50467322 0.00150467322 2.00869565
345 693 1.50464357 0.00150464357 2.00869565
345 693 1.50465154 0.00150465154 2.00869565
345 693 1.50473249 0.00150473249 2.00869565
345 693 1.50467736 0.00150467736 2.00869565
344 691 1.48815646 0.00148815646 2.00872093
344 690 1.48796838 0.00148796838 2.00581395
344 689 1.47720583 0.00147720583 2.00290698
344 689 1.49090991 0.00149090991 2.00290698
344 691 1.48802555 0.00148802555 2.00872093
344 689 1.48183325 0.00148183325 2.00290698
343 688 1.48182377 0.00148182377 2.0058309
342 683 1.47222729 0.00147222729 1.99707602
342 683 1.47219635 0.00147219635 1.99707602
342 683 1.47222733 0.00147222733 1.99707602
341 681 1.45966455 0.00145966455 1.99706745
341 681 1.45960645 0.00145960645 1.99706745
341 681 1.45968257 0.00145968257 1.99706745
341 681 1.4596942 0.0014596942 1.99706745
341 681 1.45975058 0.00145975058 1.99706745
341 681 1.45968257 0.00145968257 1.99706745
341 681 1.45951895 0.00145951895 1.99706745
341 681 1.45962966 0.00145962966 1.99706745
341 681 1.45976235 0.00145976235 1.99706745
341 681 1.45959255 0.00145959255 1.99706745
340 678 1.4464962 0.0014464962 1.99411765
340 678 1.4465816 0.0014465816 1.99411765
340 678 1.44641889 0.00144641889 1.99411765
340 678 1.44642143 0.00144642143 1.99411765
340 678 1.44644309 0.00144644309 1.99411765
340 678 1.44642975 0.00144642975 1.99411765
340 678 1.44643391 0.00144643391 1.99411765
340 678 1.4464342 0.0014464342 1.99411765
340 678 1.44643349 0.00144643349 1.99411765
340 678 1.44643395 0.00144643395 1.99411765
339 675 1.4327963 0.0014327963 1.99115044
339 675 1.43273714 0.00143273714 1.99115044
339 673 1.42889003 0.00142889003 1.98525074
339 674 1.44132352 0.00144132352 1.98820059
339 674 1.45403087 0.00145403087 1.98820059
339 674 1.45370065 0.00145370065 1.98820059
338 671 1.44177051 0.00144177051 1.9852071
338 671 1.44166141 0.00144166141 1.9852071
338 671 1.44167967 0.00144167967 1.9852071
338 671 1.44164386 0.00144164386 1.9852071
337 669 1.4289767 0.0014289767 1.9851632
337 668 1.41678004 0.00141678004 1.98219585
337 669 1.42904972 0.00142904972 1.9851632
337 669 1.42905773 0.00142905773 1.9851632
337 669 1.42910255 0.00142910255 1.9851632
337 669 1.42889682 0.00142889682 1.9851632
337 669 1.42891517 0.00142891517 1.9851632
337 669 1.42905474 0.00142905474 1.9851632
337 669 1.4289975 0.0014289975 1.9851632
337 669 1.42911379 0.00142911379 1.9851632
336 666 1.41660242 0.00141660242 1.98214286
336 666 1.4166986 0.0014166986 1.98214286
336 666 1.41668619 0.00141668619 1.98214286
336 666 1.41669275 0.00141669275 1.98214286
336 666 1.41668927 0.00141668927 1.98214286
336 666 1.41669053 0.00141669053 1.98214286
336 666 1.41669044 0.00141669044 1.98214286
336 666 1.4166904 0.0014166904 1.98214286
336 666 1.41669061 0.00141669061 1.98214286
336 666 1.41669061 0.00141669061 1.98214286
335 661 1.40332534 0.00140332534 1.97313433
335 661 1.40324814 0.00140324814 1.97313433
335 661 1.4033369 0.0014033369 1.97313433
335 662 1.41117277 0.00141117277 1.9761194
334 660 1.41101484 0.00141101484 1.9760479
334 660 1.41105616 0.00141105616 1.9760479
334 660 1.41111663 0.00141111663 1.9760479
334 660 1.41113021 0.00141113021 1.9760479
334 660 1.41108919 0.00141108919 1.9760479
334 660 1.41111205 0.00141111205 1.9760479
333 657 1.3990117 0.0013990117 1.97297297
333 657 1.39897548 0.00139897548 1.97297297
333 657 1.39896871 0.00139896871 1.97297297
333 657 1.3989724 0.0013989724 1.97297297
333 657 1.39896557 0.00139896557 1.97297297
333 657 1.3989687 0.0013989687 1.97297297
333 657 1.39896766 0.00139896766 1.97297297
333 657 1.39896792 0.00139896792 1.97297297
333 657 1.39896788 0.00139896788 1.97297297
333 657 1.3989679 0.0013989679 1.97297297
332 652 1.38612532 0.00138612532 1.96385542
332 652 1.38618795 0.00138618795 1.96385542
332 652 1.3861144 0.0013861144 1.96385542
332 652 1.38611733 0.00138611733 1.96385542
332 652 1.38611789 0.00138611789 1.96385542
332 652 1.38611783 0.00138611783 1.96385542
332 652 1.38611923 0.00138611923 1.96385542
332 652 1.3861198 0.0013861198 1.96385542
332 652 1.38612028 0.00138612028 1.96385542
332 652 1.38612065 0.00138612065 1.96385542
331 651 1.37234881 0.00137234881 1.96676737
330 650 1.36685089 0.00136685089 1.96969697
330 651 1.37082679 0.00137082679 1.97272727
330 652 1.37937488 0.00137937488 1.97575758
329 649 1.36964934 0.00136964934 1.97264438
329 649 1.36970605 0.00136970605 1.97264438
329 649 1.36965653 0.00136965653 1.97264438
329 649 1.36966404 0.00136966404 1.97264438
329 649 1.36965647 0.00136965647 1.97264438
329 649 1.36965679 0.00136965679 1.97264438
328 644 1.35704509 0.00135704509 1.96341463
328 644 1.35695663 0.00135695663 1.96341463
328 644 1.35695578 0.00135695578 1.96341463
328 644 1.35690176 0.00135690176 1.96341463
328 644 1.35687694 0.00135687694 1.96341463
328 644 1.35696767 0.00135696767 1.96341463
328 644 1.35688682 0.00135688682 1.96341463
328 644 1.3568801 0.0013568801 1.96341463
328 644 1.35696832 0.00135696832 1.96341463
328 644 1.35688651 0.00135688651 1.96341463
327 641 1.34189217 0.00134189217 1.96024465
327 642 1.34034853 0.00134034853 1.96330275
327 641 1.34201673 0.00134201673 1.96024465
327 641 1.34199754 0.00134199754 1.96024465
327 641 1.34200188 0.00134200188 1.96024465
327 641 1.34200262 0.00134200262 1.96024465
327 641 1.3420019 0.0013420019 1.96024465
327 641 1.34200184 0.00134200184 1.96024465
327 641 1.34200197 0.00134200197 1.96024465
327 641 1.34200193 0.00134200193 1.96024465
326 639 1.32715864 0.00132715864 1.9601227
326 639 1.32508058 0.00132508058 1.9601227
326 639 1.32700232 0.00132700232 1.9601227
326 639 1.32712172 0.00132712172 1.9601227
326 639 1.32715697 0.00132715697 1.9601227
326 639 1.32714156 0.00132714156 1.9601227
326 639 1.3271425 0.0013271425 1.9601227
326 639 1.3271437 0.0013271437 1.9601227
326 639 1.32714296 0.00132714296 1.9601227
326 639 1.32714317 0.00132714317 1.9601227
325 637 1.3127767 0.0013127767 1.96
325 637 1.31273457 0.00131273457 1.96
325 637 1.31285322 0.00131285322 1.96
325 637 1.31280762 0.00131280762 1.96
325 637 1.31281463 0.00131281463 1.96
325 637 1.31281027 0.00131281027 1.96
325 637 1.31281126 0.00131281126 1.96
325 637 1.31281177 0.00131281177 1.96
325 637 1.31281189 0.00131281189 1.96
325 637 1.31281193 0.00131281193 1.96
324 634 1.29600123 0.00129600123 1.95679012
324 635 1.29605153 0.00129605153 1.95987654
323 632 1.29590799 0.00129590799 1.95665635
323 632 1.29601483 0.00129601483 1.95665635
323 632 1.29586701 0.00129586701 1.95665635
323 632 1.29571528 0.00129571528 1.95665635
323 632 1.29581884 0.00129581884 1.95665635
323 631 1.29455367 0.00129455367 1.95356037
323 632 1.29580402 0.00129580402 1.95665635
323 632 1.29586201 0.00129586201 1.95665635
322 629 1.28103318 0.00128103318 1.95341615
322 629 1.28119316 0.00128119316 1.95341615
322 629 1.28105497 0.00128105497 1.95341615
322 629 1.28114029 0.00128114029 1.95341615
322 629 1.28122166 0.00128122166 1.95341615
322 629 1.28120919 0.00128120919 1.95341615
322 629 1.28119699 0.00128119699 1.95341615
322 629 1.2811976 0.0012811976 1.95341615
322 629 1.28119975 0.00128119975 1.95341615
322 629 1.28120084 0.00128120084 1.95341615
321 627 1.26653995 0.00126653995 1.95327103
321 627 1.26647516 0.00126647516 1.95327103
321 627 1.26662373 0.00126662373 1.95327103
321 627 1.26644033 0.00126644033 1.95327103
321 627 1.26650347 0.00126650347 1.95327103
321 627 1.26644988 0.00126644988 1.95327103
321 627 1.26660089 0.00126660089 1.95327103
321 627 1.26644236 0.00126644236 1.95327103
321 627 1.26650485 0.00126650485 1.95327103
321 627 1.26645161 0.00126645161 1.95327103
320 625 1.25158116 0.00125158116 1.953125
320 625 1.2518416 0.0012518416 1.953125
320 625 1.25127998 0.00125127998 1.953125
320 625 1.25166695 0.00125166695 1.953125
320 625 1.2520369 0.0012520369 1.953125
320 625 1.25188678 0.00125188678 1.953125
320 623 1.26456703 0.00126456703 1.946875
320 624 1.2790843 0.0012790843 1.95
320 624 1.27909452 0.00127909452 1.95
320 624 1.27906172 0.00127906172 1.95
319 621 1.26472388 0.00126472388 1.94670846
319 621 1.26457718 0.00126457718 1.94670846
319 621 1.26481559 0.00126481559 1.94670846
319 621 1.26476686 0.00126476686 1.94670846
319 621 1.26473927 0.00126473927 1.94670846
319 621 1.26474639 0.00126474639 1.94670846
319 621 1.264749 0.001264749 1.94670846
319 621 1.26474895 0.00126474895 1.94670846
319 621 1.26474853 0.00126474853 1.94670846
319 621 1.26474843 0.00126474843 1.94670846
318 619 1.24987272 0.00124987272 1.94654088
318 619 1.2498214 0.0012498214 1.94654088
318 619 1.24969341 0.00124969341 1.94654088
318 619 1.24969169 0.00124969169 1.94654088
318 619 1.24983105 0.00124983105 1.94654088
318 619 1.24989865 0.00124989865 1.94654088
318 615 1.24694431 0.00124694431 1.93396226
318 617 1.26131886 0.00126131886 1.94025157
318 618 1.27487543 0.00127487543 1.94339623
318 621 1.28640022 0.00128640022 1.95283019
317 616 1.27495271 0.00127495271 1.94321767
317 616 1.27492603 0.00127492603 1.94321767
317 616 1.2749228 0.0012749228 1.94321767
317 616 1.27491131 0.00127491131 1.94321767
317 616 1.27490359 0.00127490359 1.94321767
317 616 1.27490154 0.00127490154 1.94321767
317 616 1.27490039 0.00127490039 1.94321767
317 616 1.27489984 0.00127489984 1.94321767
317 616 1.27489944 0.00127489944 1.94321767
317 616 1.27489922 0.00127489922 1.94321767
316 614 1.26135633 0.00126135633 1.94303797
316 614 1.26139278 0.00126139278 1.94303797
316 614 1.26151767 0.00126151767 1.94303797
316 614 1.26149689 0.00126149689 1.94303797
316 614 1.26148011 0.00126148011 1.94303797
316 614 1.26148856 0.00126148856 1.94303797
316 614 1.26149206 0.00126149206 1.94303797
316 614 1.26149259 0.00126149259 1.94303797
316 614 1.26149371 0.00126149371 1.94303797
316 614 1.2614948 0.0012614948 1.94303797
315 612 1.24804448 0.00124804448 1.94285714
315 612 1.24775131 0.00124775131 1.94285714
315 612 1.24802079 0.00124802079 1.94285714
315 612 1.24771862 0.00124771862 1.94285714
315 612 1.24802875 0.00124802875 1.94285714
315 612 1.24771381 0.00124771381 1.94285714
315 612 1.2477895 0.0012477895 1.94285714
315 612 1.24778442 0.00124778442 1.94285714
315 612 1.24801942 0.00124801942 1.94285714
315 612 1.24771213 0.00124771213 1.94285714
314 609 1.23324116 0.00123324116 1.93949045
314 610 1.23280738 0.00123280738 1.94267516
314 609 1.23334638 0.00123334638 1.93949045
314 609 1.23322943 0.00123322943 1.93949045
314 609 1.23335306 0.00123335306 1.93949045
314 609 1.23318805 0.00123318805 1.93949045
314 609 1.23335004 0.00123335004 1.93949045
314 609 1.2331862 0.0012331862 1.93949045
314 609 1.23335077 0.00123335077 1.93949045
314 609 1.23318629 0.00123318629 1.93949045
313 607 1.21862261 0.00121862261 1.93929712
313 607 1.2185368 0.0012185368 1.93929712
313 607 1.21852962 0.00121852962 1.93929712
313 607 1.21852424 0.00121852424 1.93929712
313 607 1.21852694 0.00121852694 1.93929712
313 607 1.21852803 0.00121852803 1.93929712
313 607 1.21852887 0.00121852887 1.93929712
313 607 1.21852945 0.00121852945 1.93929712
313 607 1.21852982 0.00121852982 1.93929712
313 607 1.21853006 0.00121853006 1.93929712
312 606 1.20334627 0.00120334627 1.94230769
312 604 1.1966826 0.0011966826 1.93589744
312 605 1.20992735 0.00120992735 1.93910256
312 607 1.21817047 0.00121817047 1.94551282
312 604 1.24532749 0.00124532749 1.93589744
312 604 1.2530455 0.0012530455 1.93589744
312 603 1.24927373 0.00124927373 1.93269231
311 601 1.24521397 0.00124521397 1.93247588
310 598 1.23610361 0.00123610361 1.92903226
309 594 1.2250134 0.0012250134 1.9223301
308 590 1.2209891 0.0012209891 1.91558442
308 588 1.23949286 0.00123949286 1.90909091
307 586 1.22958743 0.00122958743 1.90879479
307 586 1.22951466 0.00122951466 1.90879479
307 586 1.22950599 0.00122950599 1.90879479
307 586 1.22945793 0.00122945793 1.90879479
307 586 1.22947056 0.00122947056 1.90879479
307 586 1.22943909 0.00122943909 1.90879479
307 586 1.22945838 0.00122945838 1.90879479
307 586 1.22942936 0.00122942936 1.90879479
306 584 1.21734045 0.00121734045 1.90849673
306 583 1.21541476 0.00121541476 1.90522876
306 581 1.20901443 0.00120901443 1.89869281
305 579 1.20896065 0.00120896065 1.89836066
304 577 1.20061012 0.00120061012 1.89802632
303 575 1.19222204 0.00119222204 1.89768977
302 573 1.18161419 0.00118161419 1.89735099
300 570 1.20687741 0.00120687741 1.9
299 566 1.2067129 0.0012067129 1.89297659
298 561 1.19690507 0.00119690507 1.88255034
297 558 1.18442454 0.00118442454 1.87878788
297 558 1.18427491 0.00118427491 1.87878788
297 558 1.18429266 0.00118429266 1.87878788
297 558 1.18442664 0.00118442664 1.87878788
297 558 1.18435261 0.00118435261 1.87878788
297 558 1.18434723 0.00118434723 1.87878788
297 558 1.18435807 0.00118435807 1.87878788
297 558 1.1844389 0.0011844389 1.87878788
297 558 1.18434533 0.00118434533 1.87878788
297 558 1.1844384 0.0011844384 1.87878788
296 555 1.1715047 0.0011715047 1.875
296 555 1.17151408 0.00117151408 1.875
296 555 1.17159022 0.00117159022 1.875
296 555 1.17158883 0.00117158883 1.875
296 555 1.17160006 0.00117160006 1.875
296 555 1.17160985 0.00117160985 1.875
296 555 1.17160669 0.00117160669 1.875
296 555 1.17160662 0.00117160662 1.875
296 555 1.17160775 0.00117160775 1.875
296 555 1.17160828 0.00117160828 1.875
295 553 1.15787208 0.00115787208 1.87457627
295 553 1.15764624 0.00115764624 1.87457627
295 553 1.15803813 0.00115803813 1.87457627
295 553 1.15797148 0.00115797148 1.87457627
295 553 1.15784805 0.00115784805 1.87457627
295 553 1.15791076 0.00115791076 1.87457627
295 553 1.15787531 0.00115787531 1.87457627
295 553 1.15792793 0.00115792793 1.87457627
295 553 1.15787452 0.00115787452 1.87457627
295 553 1.15793078 0.00115793078 1.87457627
294 550 1.14350443 0.00114350443 1.8707483
294 551 1.14403655 0.00114403655 1.87414966
294 551 1.14355802 0.00114355802 1.87414966
294 551 1.14379418 0.00114379418 1.87414966
294 551 1.14353453 0.00114353453 1.87414966
294 551 1.14379835 0.00114379835 1.87414966
294 551 1.14351065 0.00114351065 1.87414966
294 551 1.14379338 0.00114379338 1.87414966
294 551 1.14350943 0.00114350943 1.87414966
294 551 1.14379472 0.00114379472 1.87414966
293 548 1.12870035 0.00112870035 1.87030717
293 548 1.12860695 0.00112860695 1.87030717
293 548 1.12854647 0.00112854647 1.87030717
293 548 1.12856318 0.00112856318 1.87030717
293 548 1.12855453 0.00112855453 1.87030717
293 548 1.12861239 0.00112861239 1.87030717
293 548 1.12855962 0.00112855962 1.87030717
293 548 1.1285656 0.0011285656 1.87030717
293 548 1.12855644 0.00112855644 1.87030717
293 548 1.12861628 0.00112861628 1.87030717
292 545 1.11183016 0.00111183016 1.86643836
292 546 1.09565599 0.00109565599 1.86986301
292 545 1.11153131 0.00111153131 1.86643836
292 545 1.11154779 0.00111154779 1.86643836
292 545 1.1115231 0.0011115231 1.86643836
292 545 1.11154992 0.00111154992 1.86643836
292 545 1.11154794 0.00111154794 1.86643836
292 545 1.11152088 0.00111152088 1.86643836
292 545 1.11155047 0.00111155047 1.86643836
292 545 1.11154786 0.00111154786 1.86643836
291 543 1.09563857 0.00109563857 1.86597938
291 543 1.09554204 0.00109554204 1.86597938
291 543 1.09597399 0.00109597399 1.86597938
291 543 1.09593441 0.00109593441 1.86597938
291 543 1.09558872 0.00109558872 1.86597938
291 543 1.0958878 0.0010958878 1.86597938
291 543 1.09588941 0.00109588941 1.86597938
291 543 1.09558487 0.00109558487 1.86597938
291 543 1.09588726 0.00109588726 1.86597938
291 543 1.09588727 0.00109588727 1.86597938
290 539 1.07925962 0.00107925962 1.85862069
290 539 1.07905441 0.00107905441 1.85862069
290 539 1.07903242 0.00107903242 1.85862069
290 539 1.07904538 0.00107904538 1.85862069
290 539 1.07904104 0.00107904104 1.85862069
290 539 1.07904106 0.00107904106 1.85862069
290 539 1.07904113 0.00107904113 1.85862069
290 539 1.07904107 0.00107904107 1.85862069
290 539 1.07904108 0.00107904108 1.85862069
290 539 1.07904107 0.00107904107 1.85862069
289 535 1.05948732 0.00105948732 1.85121107
289 535 1.05940103 0.00105940103 1.85121107
289 536 1.05924165 0.00105924165 1.85467128
288 535 1.05315437 0.00105315437 1.85763889
288 535 1.05306709 0.00105306709 1.85763889
288 535 1.05302672 0.00105302672 1.85763889
288 535 1.053029 0.001053029 1.85763889
288 535 1.05302514 0.00105302514 1.85763889
288 535 1.05302361 0.00105302361 1.85763889
288 535 1.05302351 0.00105302351 1.85763889
287 531 1.03480817 0.00103480817 1.85017422
287 531 1.03495356 0.00103495356 1.85017422
287 531 1.03501718 0.00103501718 1.85017422
287 531 1.03503915 0.00103503915 1.85017422
287 531 1.03504122 0.00103504122 1.85017422
287 531 1.03504185 0.00103504185 1.85017422
287 531 1.03504211 0.00103504211 1.85017422
287 531 1.03504223 0.00103504223 1.85017422
287 531 1.03504228 0.00103504228 1.85017422
287 531 1.0350423 0.0010350423 1.85017422
286 529 1.01516408 0.00101516408 1.84965035
286 525 1.01350356 0.00101350356 1.83566434
286 526 1.03161612 0.00103161612 1.83916084
286 529 1.04690761 0.00104690761 1.84965035
286 530 1.06215066 0.00106215066 1.85314685
286 530 1.06203611 0.00106203611 1.85314685
286 530 1.06205622 0.00106205622 1.85314685
286 531 1.061756 0.001061756 1.85664336
286 531 1.06159147 0.00106159147 1.85664336
286 530 1.06195257 0.00106195257 1.85314685
285 528 1.0467043 0.0010467043 1.85263158
285 528 1.04662383 0.00104662383 1.85263158
285 528 1.04655535 0.00104655535 1.85263158
285 526 1.04594006 0.00104594006 1.84561404
285 527 1.04623049 0.00104623049 1.84912281
285 528 1.04661252 0.00104661252 1.85263158
285 528 1.04676785 0.00104676785 1.85263158
285 528 1.04674086 0.00104674086 1.85263158
285 528 1.04673071 0.00104673071 1.85263158
285 528 1.04672163 0.00104672163 1.85263158
284 524 1.03185208 0.00103185208 1.84507042
284 524 1.03166315 0.00103166315 1.84507042
284 524 1.03168622 0.00103168622 1.84507042
284 524 1.03165088 0.00103165088 1.84507042
284 524 1.0316706 0.0010316706 1.84507042
284 524 1.03165501 0.00103165501 1.84507042
284 524 1.03167068 0.00103167068 1.84507042
284 524 1.03165475 0.00103165475 1.84507042
284 524 1.03167066 0.00103167066 1.84507042
284 524 1.03165475 0.00103165475 1.84507042
283 520 1.01320531 0.00101320531 1.83745583
283 520 1.01362362 0.00101362362 1.83745583
283 520 1.01276641 0.00101276641 1.83745583
283 520 1.01355661 0.00101355661 1.83745583
283 520 1.01280006 0.00101280006 1.83745583
283 520 1.01355892 0.00101355892 1.83745583
283 520 1.01280021 0.00101280021 1.83745583
283 520 1.01355938 0.00101355938 1.83745583
283 520 1.0128003 0.0010128003 1.83745583
283 520 1.0135595 0.0010135595 1.83745583
282 518 0.993263004 0.000993263004 1.83687943
282 513 0.987922052 0.000987922052 1.81914894
282 516 1.00594844 0.00100594844 1.82978723
282 517 1.02085237 0.00102085237 1.83333333
282 517 1.02075223 0.00102075223 1.83333333
282 517 1.02033406 0.00102033406 1.83333333
282 517 1.02050914 0.00102050914 1.83333333
282 515 1.01964794 0.00101964794 1.82624113
282 516 1.02098243 0.00102098243 1.82978723
282 516 1.02117042 0.00102117042 1.82978723
281 513 1.00570976 0.00100570976 1.82562278
281 513 1.00595278 0.00100595278 1.82562278
281 513 1.0059226 0.0010059226 1.82562278
281 513 1.00596852 0.00100596852 1.82562278
281 513 1.00594799 0.00100594799 1.82562278
281 513 1.00596651 0.00100596651 1.82562278
281 513 1.00594842 0.00100594842 1.82562278
281 513 1.00596593 0.00100596593 1.82562278
281 513 1.00594849 0.00100594849 1.82562278
281 513 1.00596587 0.00100596587 1.82562278
280 509 0.987847605 0.000987847605 1.81785714
280 509 0.988068526 0.000988068526 1.81785714
280 509 0.987902509 0.000987902509 1.81785714
280 509 0.987880363 0.000987880363 1.81785714
280 509 0.987879553 0.000987879553 1.81785714
280 509 0.987879839 0.000987879839 1.81785714
280 509 0.987880027 0.000987880027 1.81785714
280 509 0.987880108 0.000987880108 1.81785714
280 509 0.987880159 0.000987880159 1.81785714
280 509 0.987880187 0.000987880187 1.81785714
279 507 0.967997386 0.000967997386 1.8172043
279 507 0.968049908 0.000968049908 1.8172043
279 507 0.967883406 0.000967883406 1.8172043
279 507 0.967560611 0.000967560611 1.8172043
279 507 0.967672584 0.000967672584 1.8172043
279 507 0.967543584 0.000967543584 1.8172043
279 507 0.967639807 0.000967639807 1.8172043
279 507 0.967713068 0.000967713068 1.8172043
279 507 0.967539657 0.000967539657 1.8172043
279 507 0.96764106 0.00096764106 1.8172043
278 504 0.944939558 0.000944939558 1.81294964
278 504 0.942365037 0.000942365037 1.81294964
278 504 0.941984955 0.000941984955 1.81294964
278 504 0.941836216 0.000941836216 1.81294964
278 504 0.942118018 0.000942118018 1.81294964
278 504 0.942223555 0.000942223555 1.81294964
278 504 0.941969707 0.000941969707 1.81294964
278 504 0.942151376 0.000942151376 1.81294964
278 504 0.942226859 0.000942226859 1.81294964
278 504 0.941965007 0.000941965007 1.81294964
277 502 0.923964196 0.000923964196 1.81227437
277 501 0.92128288 0.00092128288 1.80866426
277 503 0.936078187 0.000936078187 1.81588448
277 501 0.937990587 0.000937990587 1.80866426
277 501 0.937872522 0.000937872522 1.80866426
277 501 0.938114686 0.000938114686 1.80866426
277 501 0.938039574 0.000938039574 1.80866426
277 501 0.937404353 0.000937404353 1.80866426
277 501 0.938049577 0.000938049577 1.80866426
277 501 0.938001364 0.000938001364 1.80866426
276 499 0.921212662 0.000921212662 1.80797101
276 499 0.921164488 0.000921164488 1.80797101
276 499 0.921524894 0.000921524894 1.80797101
276 499 0.921618384 0.000921618384 1.80797101
276 499 0.921301579 0.000921301579 1.80797101
276 499 0.921508615 0.000921508615 1.80797101
276 499 0.921472369 0.000921472369 1.80797101
276 499 0.921587214 0.000921587214 1.80797101
276 499 0.921583391 0.000921583391 1.80797101
276 499 0.921584838 0.000921584838 1.80797101
275 497 0.902616096 0.000902616096 1.80727273
275 497 0.902237109 0.000902237109 1.80727273
275 497 0.902194059 0.000902194059 1.80727273
275 497 0.902298138 0.000902298138 1.80727273
275 497 0.901803154 0.000901803154 1.80727273
275 497 0.902172008 0.000902172008 1.80727273
275 497 0.901814791 0.000901814791 1.80727273
275 497 0.90222193 0.00090222193 1.80727273
275 497 0.902347463 0.000902347463 1.80727273
275 497 0.901807384 0.000901807384 1.80727273
274 495 0.881231819 0.000881231819 1.80656934
274 494 0.880891864 0.000880891864 1.80291971
274 494 0.886953157 0.000886953157 1.80291971
274 493 0.884374829 0.000884374829 1.79927007
274 494 0.880468493 0.000880468493 1.80291971
274 494 0.897930313 0.000897930313 1.80291971
274 496 0.896089417 0.000896089417 1.81021898
274 496 0.894280457 0.000894280457 1.81021898
274 494 0.896367474 0.000896367474 1.80291971
273 492 0.887327188 0.000887327188 1.8021978
272 490 0.873493175 0.000873493175 1.80147059
271 489 0.872831512 0.000872831512 1.80442804
271 489 0.874594477 0.000874594477 1.80442804
271 490 0.875750246 0.000875750246 1.80811808
271 490 0.879550748 0.000879550748 1.80811808
271 490 0.874859766 0.000874859766 1.80811808
270 487 0.869940593 0.000869940593 1.8037037
270 487 0.869545075 0.000869545075 1.8037037
270 487 0.869792012 0.000869792012 1.8037037
270 487 0.869859961 0.000869859961 1.8037037
269 486 0.85578915 0.00085578915 1.80669145
268 484 0.854141516 0.000854141516 1.80597015
267 482 0.86178112 0.00086178112 1.80524345
266 479 0.856856098 0.000856856098 1.80075188
266 479 0.85698982 0.00085698982 1.80075188
266 479 0.856873255 0.000856873255 1.80075188
266 478 0.856992643 0.000856992643 1.79699248
266 478 0.856865441 0.000856865441 1.79699248
265 477 0.856920211 0.000856920211 1.8
264 475 0.849011221 0.000849011221 1.79924242
263 474 0.836038952 0.000836038952 1.80228137
262 473 0.835911812 0.000835911812 1.80534351
262 473 0.835436754 0.000835436754 1.80534351
262 473 0.836101741 0.000836101741 1.80534351
262 473 0.835835196 0.000835835196 1.80534351
262 473 0.835693439 0.000835693439 1.80534351
262 473 0.835813881 0.000835813881 1.80534351
262 473 0.835665365 0.000835665365 1.80534351
262 473 0.835528722 0.000835528722 1.80534351
262 473 0.835844309 0.000835844309 1.80534351
261 470 0.82302758 0.00082302758 1.80076628
260 467 0.819205593 0.000819205593 1.79615385
260 467 0.81920832 0.00081920832 1.79615385
260 467 0.819114009 0.000819114009 1.79615385
260 467 0.819276507 0.000819276507 1.79615385
260 467 0.819288423 0.000819288423 1.79615385
260 467 0.819148503 0.000819148503 1.79615385
260 467 0.819188507 0.000819188507 1.79615385
260 467 0.819169951 0.000819169951 1.79615385
260 467 0.819129431 0.000819129431 1.79615385
259 465 0.805557835 0.000805557835 1.7953668
258 463 0.796453298 0.000796453298 1.79457364
254 456 0.786992121 0.000786992121 1.79527559
253 455 0.786999237 0.000786999237 1.79841897
252 452 0.787024033 0.000787024033 1.79365079
252 449 0.779814151 0.000779814151 1.78174603
252 449 0.779075043 0.000779075043 1.78174603
251 448 0.779085958 0.000779085958 1.78486056
251 449 0.768247417 0.000768247417 1.78884462
251 451 0.768940395 0.000768940395 1.79681275
250 447 0.768158512 0.000768158512 1.788
249 447 0.756855107 0.000756855107 1.79518072
249 447 0.756639688 0.000756639688 1.79518072
248 445 0.756794233 0.000756794233 1.79435484
247 439 0.756010203 0.000756010203 1.77732794
247 439 0.755958211 0.000755958211 1.77732794
247 439 0.756484921 0.000756484921 1.77732794
247 439 0.756552466 0.000756552466 1.77732794
247 439 0.75658356 0.00075658356 1.77732794
247 439 0.756652071 0.000756652071 1.77732794
246 438 0.743739126 0.000743739126 1.7804878
246 438 0.742249106 0.000742249106 1.7804878
246 436 0.74372728 0.00074372728 1.77235772
246 436 0.743466715 0.000743466715 1.77235772
246 438 0.742944392 0.000742944392 1.7804878
246 438 0.742841978 0.000742841978 1.7804878
246 438 0.743218218 0.000743218218 1.7804878
246 438 0.743013319 0.000743013319 1.7804878
246 438 0.743056778 0.000743056778 1.7804878
246 438 0.743067649 0.000743067649 1.7804878
245 435 0.730682446 0.000730682446 1.7755102
245 435 0.730641244 0.000730641244 1.7755102
245 435 0.730827724 0.000730827724 1.7755102
245 435 0.73074124 0.00073074124 1.7755102
245 435 0.730765778 0.000730765778 1.7755102
245 435 0.730781228 0.000730781228 1.7755102
245 435 0.730784073 0.000730784073 1.7755102
245 435 0.730784028 0.000730784028 1.7755102
245 435 0.730783467 0.000730783467 1.7755102
245 435 0.730782674 0.000730782674 1.7755102
244 431 0.716993647 0.000716993647 1.76639344
244 431 0.716836806 0.000716836806 1.76639344
244 431 0.716991851 0.000716991851 1.76639344
243 428 0.716742264 0.000716742264 1.76131687
242 424 0.70932447 0.00070932447 1.75206612
242 424 0.709185449 0.000709185449 1.75206612
242 424 0.709317539 0.000709317539 1.75206612
242 424 0.709317308 0.000709317308 1.75206612
242 424 0.709334571 0.000709334571 1.75206612
242 424 0.709349372 0.000709349372 1.75206612
241 420 0.696969657 0.000696969657 1.74273859
241 420 0.696721668 0.000696721668 1.74273859
241 423 0.696754594 0.000696754594 1.75518672
241 418 0.700015358 0.000700015358 1.73443983
241 418 0.700124707 0.000700124707 1.73443983
240 417 0.699942785 0.000699942785 1.7375
239 416 0.69991736 0.00069991736 1.74058577
238 412 0.688931041 0.000688931041 1.73109244
237 411 0.678482847 0.000678482847 1.73417722
236 406 0.666170186 0.000666170186 1.72033898
235 404 0.666086267 0.000666086267 1.71914894
234 401 0.666196835 0.000666196835 1.71367521
234 401 0.666071521 0.000666071521 1.71367521
234 401 0.66645173 0.00066645173 1.71367521
234 401 0.666272969 0.000666272969 1.71367521
234 401 0.666153964 0.000666153964 1.71367521
234 401 0.666525607 0.000666525607 1.71367521
234 401 0.666441302 0.000666441302 1.71367521
234 401 0.66647271 0.00066647271 1.71367521
234 401 0.665928061 0.000665928061 1.71367521
233 399 0.654208615 0.000654208615 1.71244635
233 399 0.654203106 0.000654203106 1.71244635
233 399 0.654269264 0.000654269264 1.71244635
233 399 0.654328407 0.000654328407 1.71244635
233 399 0.654346546 0.000654346546 1.71244635
233 399 0.654354961 0.000654354961 1.71244635
233 399 0.654358992 0.000654358992 1.71244635
233 399 0.654360201 0.000654360201 1.71244635
233 399 0.654360356 0.000654360356 1.71244635
233 399 0.654360302 0.000654360302 1.71244635
232 398 0.639938251 0.000639938251 1.71551724
232 397 0.638415915 0.000638415915 1.7112069
232 395 0.649973642 0.000649973642 1.70258621
232 395 0.650193052 0.000650193052 1.70258621
232 395 0.650178896 0.000650178896 1.70258621
232 395 0.650119859 0.000650119859 1.70258621
232 395 0.650112205 0.000650112205 1.70258621
232 395 0.650117329 0.000650117329 1.70258621
232 395 0.650119431 0.000650119431 1.70258621
232 395 0.650118387 0.000650118387 1.70258621
231 393 0.638044799 0.000638044799 1.7012987
231 393 0.63822982 0.00063822982 1.7012987
231 393 0.638226798 0.000638226798 1.7012987
231 393 0.638266135 0.000638266135 1.7012987
231 393 0.638278077 0.000638278077 1.7012987
231 393 0.638287414 0.000638287414 1.7012987
231 393 0.638288335 0.000638288335 1.7012987
231 393 0.638288254 0.000638288254 1.7012987
231 393 0.638287922 0.000638287922 1.7012987
231 393 0.638287974 0.000638287974 1.7012987
230 392 0.624677764 0.000624677764 1.70434783
230 392 0.624361065 0.000624361065 1.70434783
230 389 0.622002939 0.000622002939 1.69130435
230 392 0.624718683 0.000624718683 1.70434783
230 392 0.624391878 0.000624391878 1.70434783
230 392 0.624876101 0.000624876101 1.70434783
230 392 0.624364009 0.000624364009 1.70434783
230 392 0.624885147 0.000624885147 1.70434783
230 392 0.624359829 0.000624359829 1.70434783
230 392 0.62488982 0.00062488982 1.70434783
229 391 0.610795794 0.000610795794 1.70742358
229 391 0.610771803 0.000610771803 1.70742358
229 388 0.610343413 0.000610343413 1.69432314
228 385 0.598098959 0.000598098959 1.68859649
228 386 0.607652757 0.000607652757 1.69298246
227 383 0.607490056 0.000607490056 1.68722467
227 382 0.607631748 0.000607631748 1.68281938
227 382 0.59803456 0.00059803456 1.68281938
226 381 0.597941554 0.000597941554 1.68584071
225 380 0.587222254 0.000587222254 1.68888889
224 379 0.576463519 0.000576463519 1.69196429
224 379 0.576437241 0.000576437241 1.69196429
223 376 0.563269937 0.000563269937 1.68609865
222 373 0.563285815 0.000563285815 1.68018018
221 372 0.565956961 0.000565956961 1.68325792
221 369 0.559605154 0.000559605154 1.66968326
221 369 0.56886355 0.00056886355 1.66968326
220 368 0.559415087 0.000559415087 1.67272727
220 368 0.559476537 0.000559476537 1.67272727
220 368 0.559298225 0.000559298225 1.67272727
219 363 0.54520874 0.00054520874 1.65753425
219 367 0.543292062 0.000543292062 1.67579909
219 363 0.545265357 0.000545265357 1.65753425
219 363 0.545162179 0.000545162179 1.65753425
219 363 0.545234696 0.000545234696 1.65753425
219 363 0.545254919 0.000545254919 1.65753425
219 363 0.545257086 0.000545257086 1.65753425
219 363 0.545253387 0.000545253387 1.65753425
219 363 0.545252363 0.000545252363 1.65753425
219 363 0.545252486 0.000545252486 1.65753425
218 362 0.533153574 0.000533153574 1.66055046
218 362 0.533318184 0.000533318184 1.66055046
218 360 0.529614935 0.000529614935 1.65137615
218 359 0.525169603 0.000525169603 1.64678899
217 356 0.525184144 0.000525184144 1.640553
217 358 0.515857334 0.000515857334 1.64976959
216 355 0.515881097 0.000515881097 1.64351852
216 355 0.515826301 0.000515826301 1.64351852
216 356 0.505495077 0.000505495077 1.64814815
215 353 0.505517052 0.000505517052 1.64186047
212 349 0.499448363 0.000499448363 1.64622642
212 349 0.509121878 0.000509121878 1.64622642
210 344 0.50823838 0.00050823838 1.63809524
209 342 0.508233947 0.000508233947 1.63636364
208 340 0.507189547 0.000507189547 1.63461538
207 338 0.497958194 0.000497958194 1.63285024
206 337 0.497887481 0.000497887481 1.63592233
205 336 0.488278213 0.000488278213 1.63902439
205 335 0.479983195 0.000479983195 1.63414634
204 334 0.479969514 0.000479969514 1.6372549
203 332 0.475286967 0.000475286967 1.63546798
202 328 0.475417232 0.000475417232 1.62376238
201 327 0.475221755 0.000475221755 1.62686567
201 328 0.468594954 0.000468594954 1.6318408
200 326 0.468525959 0.000468525959 1.63
199 325 0.459513415 0.000459513415 1.63316583
198 322 0.450941848 0.000450941848 1.62626263
197 320 0.438274331 0.000438274331 1.62436548
196 318 0.438137134 0.000438137134 1.62244898
196 315 0.433566351 0.000433566351 1.60714286
195 314 0.433547654 0.000433547654 1.61025641
195 314 0.433467414 0.000433467414 1.61025641
194 312 0.422778306 0.000422778306 1.60824742
193 310 0.422858622 0.000422858622 1.60621762
193 310 0.414344102 0.000414344102 1.60621762
192 309 0.414304451 0.000414304451 1.609375
191 307 0.414308331 0.000414308331 1.60732984
189 302 0.412813362 0.000412813362 1.5978836
187 295 0.406488646 0.000406488646 1.57754011
183 289 0.406380519 0.000406380519 1.57923497
182 288 0.40637055 0.00040637055 1.58241758
182 288 0.410309888 0.000410309888 1.58241758
181 286 0.407864613 0.000407864613 1.5801105
180 285 0.402876088 0.000402876088 1.58333333
174 273 0.395740597 0.000395740597 1.56896552
173 272 0.388211049 0.000388211049 1.57225434
172 271 0.378984164 0.000378984164 1.5755814
171 268 0.367392402 0.000367392402 1.56725146
170 265 0.367304216 0.000367304216 1.55882353
170 265 0.367153408 0.000367153408 1.55882353
169 263 0.355852491 0.000355852491 1.55621302
168 262 0.355992774 0.000355992774 1.55952381
167 264 0.351925866 0.000351925866 1.58083832
167 260 0.351893439 0.000351893439 1.55688623
167 262 0.35191996 0.00035191996 1.56886228
166 260 0.351912622 0.000351912622 1.56626506
166 259 0.357785766 0.000357785766 1.56024096
165 255 0.357498849 0.000357498849 1.54545455
164 254 0.351385106 0.000351385106 1.54878049
164 254 0.351434776 0.000351434776 1.54878049
163 252 0.337182279 0.000337182279 1.54601227
162 251 0.337061824 0.000337061824 1.54938272
160 247 0.328302622 0.000328302622 1.54375
160 247 0.328184072 0.000328184072 1.54375
160 251 0.32822323 0.00032822323 1.56875
159 250 0.328281447 0.000328281447 1.57232704
158 249 0.328225852 0.000328225852 1.57594937
158 249 0.328220082 0.000328220082 1.57594937
157 248 0.328145459 0.000328145459 1.57961783
156 243 0.32810691 0.00032810691 1.55769231
152 235 0.314277976 0.000314277976 1.54605263
152 234 0.299720894 0.000299720894 1.53947368
152 234 0.301239348 0.000301239348 1.53947368
152 234 0.301237523 0.000301237523 1.53947368
151 233 0.30127252 0.00030127252 1.54304636
151 233 0.299554227 0.000299554227 1.54304636
150 232 0.299596988 0.000299596988 1.54666667
149 230 0.299266497 0.000299266497 1.54362416
148 227 0.289643899 0.000289643899 1.53378378
144 218 0.289556377 0.000289556377 1.51388889
143 217 0.289653554 0.000289653554 1.51748252
142 216 0.28957695 0.00028957695 1.52112676
140 208 0.273365805 0.000273365805 1.48571429
139 207 0.273475409 0.000273475409 1.48920863
139 208 0.273427302 0.000273427302 1.49640288
138 207 0.27341065 0.00027341065 1.5
138 207 0.277249452 0.000277249452 1.5
137 206 0.27728242 0.00027728242 1.50364964
136 205 0.277280897 0.000277280897 1.50735294
135 204 0.273434951 0.000273434951 1.51111111
134 201 0.256010817 0.000256010817 1.5
133 199 0.255833851 0.000255833851 1.4962406
132 197 0.255827463 0.000255827463 1.49242424
131 196 0.255839415 0.000255839415 1.49618321
131 196 0.25553956 0.00025553956 1.49618321
131 196 0.255422954 0.000255422954 1.49618321
130 194 0.23935881 0.00023935881 1.49230769
129 193 0.239634969 0.000239634969 1.49612403
127 188 0.221768801 0.000221768801 1.48031496
127 187 0.2216657 0.0002216657 1.47244094
126 186 0.221609055 0.000221609055 1.47619048
125 183 0.210308648 0.000210308648 1.464
124 182 0.210162595 0.000210162595 1.46774194
124 182 0.210170499 0.000210170499 1.46774194
124 182 0.210238274 0.000210238274 1.46774194
124 182 0.21028164 0.00021028164 1.46774194
124 182 0.209408883 0.000209408883 1.46774194
124 182 0.210049424 0.000210049424 1.46774194
124 182 0.210064495 0.000210064495 1.46774194
124 182 0.21003641 0.00021003641 1.46774194
123 180 0.191988685 0.000191988685 1.46341463
121 175 0.186547158 0.000186547158 1.44628099
119 171 0.186082119 0.000186082119 1.43697479
118 170 0.186428081 0.000186428081 1.44067797
117 169 0.186400707 0.000186400707 1.44444444
117 169 0.186327385 0.000186327385 1.44444444
117 169 0.186039423 0.000186039423 1.44444444
117 169 0.18614711 0.00018614711 1.44444444
117 169 0.186183074 0.000186183074 1.44444444
117 169 0.186017136 0.000186017136 1.44444444
116 167 0.166907531 0.000166907531 1.43965517
113 163 0.162756685 0.000162756685 1.44247788
112 162 0.16253156 0.00016253156 1.44642857
111 161 0.162902943 0.000162902943 1.45045045
111 160 0.157292595 0.000157292595 1.44144144
110 158 0.15745264 0.00015745264 1.43636364
109 158 0.157426152 0.000157426152 1.44954128
108 157 0.154302235 0.000154302235 1.4537037
108 157 0.154200061 0.000154200061 1.4537037
107 156 0.154167091 0.000154167091 1.45794393
106 154 0.134908037 0.000134908037 1.45283019
106 154 0.134487042 0.000134487042 1.45283019
106 154 0.134273012 0.000134273012 1.45283019
106 154 0.133810303 0.000133810303 1.45283019
106 154 0.13503314 0.00013503314 1.45283019
106 154 0.134197816 0.000134197816 1.45283019
106 154 0.135054258 0.000135054258 1.45283019
106 154 0.134320409 0.000134320409 1.45283019
106 154 0.135047883 0.000135047883 1.45283019
106 154 0.134357624 0.000134357624 1.45283019
105 153 0.114219183 0.000114219183 1.45714286
105 152 0.110589164 0.000110589164 1.44761905
104 149 0.108921723 0.000108921723 1.43269231
103 148 0.127333975 0.000127333975 1.4368932
102 147 0.126182184 0.000126182184 1.44117647
101 146 0.127023335 0.000127023335 1.44554455
100 145 0.12497866 0.00012497866 1.45
100 145 0.126491373 0.000126491373 1.45
100 145 0.126081455 0.000126081455 1.45
100 145 0.126436104 0.000126436104 1.45
99 143 0.110150953 0.000110150953 1.44444444
99 143 0.110150497 0.000110150497 1.44444444
95 137 0.0839279954 8.39279954e-05 1.44210526
91 130 0.0832167191 8.32167191e-05 1.42857143
90 130 0.0841178192 8.41178192e-05 1.44444444
89 128 0.0831774527 8.31774527e-05 1.43820225
89 128 0.0842299032 8.42299032e-05 1.43820225
88 126 0.0757635948 7.57635948e-05 1.43181818
87 125 0.0751424525 7.51424525e-05 1.43678161
87 124 0.0605110864 6.05110864e-05 1.42528736
86 124 0.064565922 6.4565922e-05 1.44186047
SP does not find any fixed points -> SP does not converge.
I am sorry I quit :(
