START ALGORITHM:
I am going to build an instance with N: 1000 variables and 4200 clauses with a clause density equal to 4.2
START DYNAMIC-I BSP WITH r=0.9:
Decimation scorer: cert
END UNIT PROPAGATION
1000 4200 8.51484912 0.00851484912 4.2
1000 4200 8.51498758 0.00851498758 4.2
1000 4200 8.51516814 0.00851516814 4.2
1000 4200 8.51520741 0.00851520741 4.2
1000 4200 8.51537766 0.00851537766 4.2
1000 4200 8.51540952 0.00851540952 4.2
1000 4200 8.51543367 0.00851543367 4.2
1000 4200 8.51539636 0.00851539636 4.2
1000 4200 8.51533863 0.00851533863 4.2
999 4194 8.5152973 0.0085152973 4.1981982
999 4194 8.51529591 0.00851529591 4.1981982
999 4194 8.51530685 0.00851530685 4.1981982
999 4194 8.51531762 0.00851531762 4.1981982
999 4194 8.51532374 0.00851532374 4.1981982
999 4194 8.51533051 0.00851533051 4.1981982
999 4194 8.51532839 0.00851532839 4.1981982
999 4194 8.51532379 0.00851532379 4.1981982
999 4194 8.51532006 0.00851532006 4.1981982
999 4194 8.51531836 0.00851531836 4.1981982
998 4189 8.51531866 0.00851531866 4.19739479
998 4191 8.51531972 0.00851531972 4.1993988
998 4191 8.51532098 0.00851532098 4.1993988
998 4191 8.51532164 0.00851532164 4.1993988
998 4191 8.51532189 0.00851532189 4.1993988
998 4191 8.51532162 0.00851532162 4.1993988
998 4191 8.51532131 0.00851532131 4.1993988
998 4191 8.51532107 0.00851532107 4.1993988
998 4191 8.51532104 0.00851532104 4.1993988
998 4191 8.51532114 0.00851532114 4.1993988
997 4185 8.51532117 0.00851532117 4.19759278
997 4185 8.51532128 0.00851532128 4.19759278
997 4186 8.51532133 0.00851532133 4.19859579
997 4186 8.51532134 0.00851532134 4.19859579
997 4186 8.5153213 0.0085153213 4.19859579
997 4186 8.51532127 0.00851532127 4.19859579
997 4186 8.51532125 0.00851532125 4.19859579
997 4186 8.51532125 0.00851532125 4.19859579
997 4186 8.51532126 0.00851532126 4.19859579
997 4186 8.51532127 0.00851532127 4.19859579
996 4180 8.51532127 0.00851532127 4.19678715
996 4180 8.51532128 0.00851532128 4.19678715
996 4180 8.51532127 0.00851532127 4.19678715
996 4180 8.51532127 0.00851532127 4.19678715
996 4180 8.51532127 0.00851532127 4.19678715
996 4180 8.51532127 0.00851532127 4.19678715
996 4180 8.51532127 0.00851532127 4.19678715
996 4180 8.51532127 0.00851532127 4.19678715
996 4180 8.51532127 0.00851532127 4.19678715
996 4180 8.51532127 0.00851532127 4.19678715
995 4172 8.51532127 0.00851532127 4.19296482
995 4172 8.51532127 0.00851532127 4.19296482
995 4172 8.51532126 0.00851532126 4.19296482
995 4172 8.51532126 0.00851532126 4.19296482
995 4172 8.51532126 0.00851532126 4.19296482
995 4172 8.51532126 0.00851532126 4.19296482
995 4172 8.51532126 0.00851532126 4.19296482
995 4172 8.51532126 0.00851532126 4.19296482
995 4172 8.51532126 0.00851532126 4.19296482
995 4172 8.51532126 0.00851532126 4.19296482
994 4167 8.51523839 0.00851523839 4.19215292
994 4167 8.51523821 0.00851523821 4.19215292
994 4167 8.5152382 0.0085152382 4.19215292
994 4167 8.51523842 0.00851523842 4.19215292
994 4167 8.51523844 0.00851523844 4.19215292
994 4167 8.51523841 0.00851523841 4.19215292
994 4167 8.51523836 0.00851523836 4.19215292
994 4167 8.51523835 0.00851523835 4.19215292
994 4167 8.51523839 0.00851523839 4.19215292
994 4167 8.5152384 0.0085152384 4.19215292
993 4154 8.51465475 0.00851465475 4.18328298
993 4154 8.51465472 0.00851465472 4.18328298
993 4154 8.51465466 0.00851465466 4.18328298
993 4154 8.51465446 0.00851465446 4.18328298
993 4154 8.51465444 0.00851465444 4.18328298
993 4154 8.51465448 0.00851465448 4.18328298
993 4154 8.51465449 0.00851465449 4.18328298
993 4154 8.5146545 0.0085146545 4.18328298
993 4154 8.51465453 0.00851465453 4.18328298
993 4154 8.51465453 0.00851465453 4.18328298
992 4146 8.51391849 0.00851391849 4.17943548
992 4146 8.51391889 0.00851391889 4.17943548
992 4146 8.51391777 0.00851391777 4.17943548
992 4146 8.51391832 0.00851391832 4.17943548
992 4146 8.51391892 0.00851391892 4.17943548
992 4146 8.51391913 0.00851391913 4.17943548
992 4146 8.51391912 0.00851391912 4.17943548
992 4146 8.51391908 0.00851391908 4.17943548
992 4146 8.51391907 0.00851391907 4.17943548
992 4146 8.51391907 0.00851391907 4.17943548
991 4136 8.51225319 0.00851225319 4.17356206
991 4136 8.512251 0.008512251 4.17356206
991 4136 8.51225144 0.00851225144 4.17356206
991 4136 8.51225092 0.00851225092 4.17356206
991 4136 8.51225037 0.00851225037 4.17356206
991 4136 8.51225078 0.00851225078 4.17356206
991 4136 8.51225105 0.00851225105 4.17356206
991 4136 8.51225104 0.00851225104 4.17356206
991 4136 8.51225101 0.00851225101 4.17356206
991 4136 8.51225098 0.00851225098 4.17356206
990 4133 8.51012431 0.00851012431 4.17474747
990 4133 8.51013299 0.00851013299 4.17474747
990 4133 8.51012988 0.00851012988 4.17474747
990 4133 8.51012076 0.00851012076 4.17474747
990 4133 8.51011207 0.00851011207 4.17474747
990 4133 8.51010729 0.00851010729 4.17474747
990 4133 8.51010691 0.00851010691 4.17474747
990 4133 8.51011027 0.00851011027 4.17474747
990 4133 8.51011342 0.00851011342 4.17474747
990 4133 8.51011675 0.00851011675 4.17474747
989 4127 8.50639858 0.00850639858 4.17290192
989 4127 8.50642759 0.00850642759 4.17290192
989 4127 8.50641888 0.00850641888 4.17290192
989 4127 8.50639502 0.00850639502 4.17290192
989 4127 8.50639017 0.00850639017 4.17290192
989 4127 8.50639054 0.00850639054 4.17290192
989 4127 8.50639022 0.00850639022 4.17290192
989 4127 8.50639252 0.00850639252 4.17290192
989 4127 8.50639273 0.00850639273 4.17290192
989 4127 8.50639294 0.00850639294 4.17290192
988 4116 8.50199977 0.00850199977 4.1659919
988 4116 8.50199608 0.00850199608 4.1659919
988 4116 8.50202182 0.00850202182 4.1659919
988 4116 8.50203012 0.00850203012 4.1659919
988 4116 8.50202982 0.00850202982 4.1659919
988 4116 8.50203265 0.00850203265 4.1659919
988 4116 8.50203516 0.00850203516 4.1659919
988 4116 8.50203691 0.00850203691 4.1659919
988 4116 8.50203832 0.00850203832 4.1659919
988 4116 8.50203914 0.00850203914 4.1659919
987 4109 8.49757764 0.00849757764 4.16312057
987 4109 8.49758483 0.00849758483 4.16312057
987 4109 8.4975838 0.0084975838 4.16312057
987 4109 8.49756408 0.00849756408 4.16312057
987 4109 8.49755431 0.00849755431 4.16312057
987 4109 8.49755382 0.00849755382 4.16312057
987 4109 8.49755419 0.00849755419 4.16312057
987 4109 8.49754989 0.00849754989 4.16312057
987 4109 8.49754538 0.00849754538 4.16312057
987 4109 8.49754225 0.00849754225 4.16312057
986 4098 8.49230684 0.00849230684 4.15618661
986 4100 8.49263825 0.00849263825 4.15821501
986 4100 8.49262822 0.00849262822 4.15821501
986 4100 8.49264873 0.00849264873 4.15821501
986 4100 8.49266197 0.00849266197 4.15821501
986 4100 8.49266701 0.00849266701 4.15821501
986 4100 8.49267064 0.00849267064 4.15821501
986 4100 8.49267249 0.00849267249 4.15821501
986 4100 8.49267357 0.00849267357 4.15821501
986 4100 8.49267463 0.00849267463 4.15821501
985 4093 8.48824281 0.00848824281 4.15532995
985 4093 8.48822201 0.00848822201 4.15532995
985 4093 8.48821183 0.00848821183 4.15532995
985 4093 8.48819582 0.00848819582 4.15532995
985 4093 8.48817088 0.00848817088 4.15532995
985 4093 8.48815872 0.00848815872 4.15532995
985 4093 8.48815461 0.00848815461 4.15532995
985 4093 8.48815605 0.00848815605 4.15532995
985 4093 8.48815493 0.00848815493 4.15532995
985 4093 8.48815706 0.00848815706 4.15532995
984 4085 8.48246704 0.00848246704 4.15142276
984 4089 8.48251232 0.00848251232 4.1554878
984 4089 8.4825358 0.0084825358 4.1554878
984 4089 8.48252362 0.00848252362 4.1554878
984 4089 8.48248009 0.00848248009 4.1554878
984 4089 8.48245522 0.00848245522 4.1554878
984 4089 8.48244734 0.00848244734 4.1554878
984 4089 8.48244689 0.00848244689 4.1554878
984 4089 8.48244458 0.00848244458 4.1554878
984 4089 8.48244878 0.00848244878 4.1554878
983 4081 8.47676472 0.00847676472 4.15157681
983 4081 8.47680584 0.00847680584 4.15157681
983 4081 8.47680507 0.00847680507 4.15157681
983 4081 8.47680016 0.00847680016 4.15157681
983 4081 8.4767964 0.0084767964 4.15157681
983 4081 8.47679385 0.00847679385 4.15157681
983 4081 8.47679361 0.00847679361 4.15157681
983 4081 8.47679248 0.00847679248 4.15157681
983 4081 8.47679299 0.00847679299 4.15157681
983 4081 8.47679285 0.00847679285 4.15157681
982 4076 8.47056596 0.00847056596 4.15071283
982 4076 8.47055478 0.00847055478 4.15071283
982 4076 8.47058841 0.00847058841 4.15071283
982 4076 8.47057032 0.00847057032 4.15071283
982 4076 8.47059078 0.00847059078 4.15071283
982 4076 8.47057792 0.00847057792 4.15071283
982 4076 8.47059285 0.00847059285 4.15071283
982 4076 8.47057157 0.00847057157 4.15071283
982 4076 8.47058816 0.00847058816 4.15071283
982 4076 8.47057062 0.00847057062 4.15071283
981 4065 8.46412347 0.00846412347 4.14373089
981 4068 8.46411308 0.00846411308 4.14678899
981 4065 8.46409353 0.00846409353 4.14373089
981 4068 8.46410614 0.00846410614 4.14678899
981 4065 8.46413211 0.00846413211 4.14373089
981 4068 8.46413236 0.00846413236 4.14678899
981 4065 8.46413668 0.00846413668 4.14373089
981 4068 8.46412733 0.00846412733 4.14678899
981 4065 8.46412709 0.00846412709 4.14373089
981 4068 8.4641197 0.0084641197 4.14678899
980 4057 8.4576158 0.0084576158 4.13979592
980 4057 8.45759738 0.00845759738 4.13979592
980 4057 8.45762919 0.00845762919 4.13979592
980 4057 8.45764096 0.00845764096 4.13979592
980 4057 8.4576484 0.0084576484 4.13979592
980 4057 8.45764449 0.00845764449 4.13979592
980 4057 8.45764343 0.00845764343 4.13979592
980 4057 8.45764273 0.00845764273 4.13979592
980 4057 8.45764346 0.00845764346 4.13979592
980 4057 8.45764339 0.00845764339 4.13979592
979 4049 8.45020441 0.00845020441 4.13585291
979 4052 8.4501802 0.0084501802 4.13891726
979 4052 8.45016373 0.00845016373 4.13891726
979 4052 8.45019749 0.00845019749 4.13891726
979 4052 8.45021387 0.00845021387 4.13891726
979 4052 8.45020879 0.00845020879 4.13891726
979 4052 8.45020695 0.00845020695 4.13891726
979 4052 8.45020605 0.00845020605 4.13891726
979 4052 8.450207 0.008450207 4.13891726
979 4052 8.45020716 0.00845020716 4.13891726
978 4044 8.44288253 0.00844288253 4.13496933
978 4044 8.44285741 0.00844285741 4.13496933
978 4044 8.44286184 0.00844286184 4.13496933
978 4044 8.44284801 0.00844284801 4.13496933
978 4044 8.44284152 0.00844284152 4.13496933
978 4044 8.44284023 0.00844284023 4.13496933
978 4044 8.44284189 0.00844284189 4.13496933
978 4044 8.44284284 0.00844284284 4.13496933
978 4044 8.44284298 0.00844284298 4.13496933
978 4044 8.4428429 0.0084428429 4.13496933
977 4034 8.43500933 0.00843500933 4.12896622
977 4034 8.43495888 0.00843495888 4.12896622
977 4034 8.43496972 0.00843496972 4.12896622
977 4034 8.43499982 0.00843499982 4.12896622
977 4034 8.43502646 0.00843502646 4.12896622
977 4034 8.43502764 0.00843502764 4.12896622
977 4034 8.43502375 0.00843502375 4.12896622
977 4034 8.43502112 0.00843502112 4.12896622
977 4034 8.43502117 0.00843502117 4.12896622
977 4034 8.4350214 0.0084350214 4.12896622
976 4023 8.42736745 0.00842736745 4.12192623
976 4023 8.4273786 0.0084273786 4.12192623
976 4023 8.42730113 0.00842730113 4.12192623
976 4023 8.42736145 0.00842736145 4.12192623
976 4023 8.42743897 0.00842743897 4.12192623
976 4023 8.42742434 0.00842742434 4.12192623
976 4023 8.42744759 0.00842744759 4.12192623
976 4023 8.42747761 0.00842747761 4.12192623
976 4023 8.42749445 0.00842749445 4.12192623
976 4023 8.42749775 0.00842749775 4.12192623
975 4014 8.41908139 0.00841908139 4.11692308
975 4014 8.41897475 0.00841897475 4.11692308
975 4014 8.41898442 0.00841898442 4.11692308
975 4014 8.41896271 0.00841896271 4.11692308
975 4014 8.41896119 0.00841896119 4.11692308
975 4014 8.41896274 0.00841896274 4.11692308
975 4014 8.41896068 0.00841896068 4.11692308
975 4014 8.41896116 0.00841896116 4.11692308
975 4014 8.41896119 0.00841896119 4.11692308
975 4014 8.41896105 0.00841896105 4.11692308
974 4009 8.41049309 0.00841049309 4.11601643
974 4009 8.41045631 0.00841045631 4.11601643
974 4009 8.41051203 0.00841051203 4.11601643
974 4009 8.41053289 0.00841053289 4.11601643
974 4009 8.41054046 0.00841054046 4.11601643
974 4009 8.41054404 0.00841054404 4.11601643
974 4009 8.41054801 0.00841054801 4.11601643
974 4009 8.41054947 0.00841054947 4.11601643
974 4009 8.41055157 0.00841055157 4.11601643
974 4009 8.41055352 0.00841055352 4.11601643
973 4004 8.40155463 0.00840155463 4.11510791
973 4003 8.40145158 0.00840145158 4.11408016
973 4004 8.40151168 0.00840151168 4.11510791
973 4004 8.40149142 0.00840149142 4.11510791
973 4004 8.40147116 0.00840147116 4.11510791
973 4003 8.40149042 0.00840149042 4.11408016
973 4004 8.40151565 0.00840151565 4.11510791
973 4004 8.40149766 0.00840149766 4.11510791
973 4004 8.40147459 0.00840147459 4.11510791
973 4003 8.40149034 0.00840149034 4.11408016
972 3998 8.39246934 0.00839246934 4.11316872
972 3998 8.39244427 0.00839244427 4.11316872
972 3998 8.39244067 0.00839244067 4.11316872
972 3998 8.39243823 0.00839243823 4.11316872
972 3998 8.39246742 0.00839246742 4.11316872
972 3998 8.39242826 0.00839242826 4.11316872
972 3995 8.39239882 0.00839239882 4.1100823
972 3998 8.39244932 0.00839244932 4.11316872
972 3998 8.39248875 0.00839248875 4.11316872
972 3998 8.39247421 0.00839247421 4.11316872
971 3989 8.38338398 0.00838338398 4.10813594
971 3989 8.38335851 0.00838335851 4.10813594
971 3989 8.38339174 0.00838339174 4.10813594
971 3989 8.38333956 0.00838333956 4.10813594
971 3989 8.38334539 0.00838334539 4.10813594
971 3989 8.38331914 0.00838331914 4.10813594
971 3989 8.38333655 0.00838333655 4.10813594
971 3989 8.38331921 0.00838331921 4.10813594
971 3989 8.38333785 0.00838333785 4.10813594
971 3989 8.38332006 0.00838332006 4.10813594
970 3984 8.37422023 0.00837422023 4.10721649
970 3984 8.37423964 0.00837423964 4.10721649
970 3983 8.37428323 0.00837428323 4.10618557
970 3979 8.37423652 0.00837423652 4.10206186
970 3983 8.37430051 0.00837430051 4.10618557
970 3984 8.37422437 0.00837422437 4.10721649
970 3979 8.37423647 0.00837423647 4.10206186
970 3983 8.37429248 0.00837429248 4.10618557
970 3979 8.37426224 0.00837426224 4.10206186
970 3984 8.37424197 0.00837424197 4.10721649
969 3974 8.36521867 0.00836521867 4.10113519
969 3974 8.36525018 0.00836525018 4.10113519
969 3974 8.36521633 0.00836521633 4.10113519
969 3974 8.36526243 0.00836526243 4.10113519
969 3974 8.36522681 0.00836522681 4.10113519
969 3974 8.36520796 0.00836520796 4.10113519
969 3974 8.36520638 0.00836520638 4.10113519
969 3974 8.36521961 0.00836521961 4.10113519
969 3974 8.36522709 0.00836522709 4.10113519
969 3974 8.3652305 0.0083652305 4.10113519
968 3964 8.35557163 0.00835557163 4.09504132
968 3963 8.35700083 0.00835700083 4.09400826
968 3960 8.35757682 0.00835757682 4.09090909
968 3960 8.35752003 0.00835752003 4.09090909
968 3960 8.35753274 0.00835753274 4.09090909
968 3961 8.35747975 0.00835747975 4.09194215
968 3960 8.35753641 0.00835753641 4.09090909
968 3961 8.35746679 0.00835746679 4.09194215
968 3960 8.35751857 0.00835751857 4.09090909
968 3961 8.35746435 0.00835746435 4.09194215
967 3951 8.34871259 0.00834871259 4.08583247
967 3951 8.34873585 0.00834873585 4.08583247
967 3951 8.34866171 0.00834866171 4.08583247
967 3951 8.34867594 0.00834867594 4.08583247
967 3951 8.34867385 0.00834867385 4.08583247
967 3951 8.34867392 0.00834867392 4.08583247
967 3951 8.3486735 0.0083486735 4.08583247
967 3951 8.34867167 0.00834867167 4.08583247
967 3951 8.34867206 0.00834867206 4.08583247
967 3951 8.34867157 0.00834867157 4.08583247
966 3945 8.33980076 0.00833980076 4.08385093
966 3945 8.33980431 0.00833980431 4.08385093
966 3945 8.33980528 0.00833980528 4.08385093
966 3945 8.33981247 0.00833981247 4.08385093
966 3945 8.33982078 0.00833982078 4.08385093
966 3945 8.33982451 0.00833982451 4.08385093
966 3945 8.33982486 0.00833982486 4.08385093
966 3945 8.3398243 0.0083398243 4.08385093
966 3945 8.33982448 0.00833982448 4.08385093
966 3945 8.3398242 0.0083398242 4.08385093
965 3940 8.3302758 0.0083302758 4.08290155
965 3940 8.33030288 0.00833030288 4.08290155
965 3940 8.33026075 0.00833026075 4.08290155
965 3940 8.33026641 0.00833026641 4.08290155
965 3940 8.33026788 0.00833026788 4.08290155
965 3940 8.33025929 0.00833025929 4.08290155
965 3940 8.33025473 0.00833025473 4.08290155
965 3940 8.33025193 0.00833025193 4.08290155
965 3940 8.33025232 0.00833025232 4.08290155
965 3940 8.33025358 0.00833025358 4.08290155
964 3932 8.32051389 0.00832051389 4.07883817
964 3932 8.3222167 0.0083222167 4.07883817
964 3932 8.3221409 0.0083221409 4.07883817
964 3932 8.32210707 0.00832210707 4.07883817
964 3932 8.32210409 0.00832210409 4.07883817
964 3932 8.32211803 0.00832211803 4.07883817
964 3932 8.32212072 0.00832212072 4.07883817
964 3932 8.32211921 0.00832211921 4.07883817
964 3932 8.3221168 0.0083221168 4.07883817
964 3932 8.32211684 0.00832211684 4.07883817
963 3927 8.31249755 0.00831249755 4.07788162
963 3927 8.31249762 0.00831249762 4.07788162
963 3927 8.31249356 0.00831249356 4.07788162
963 3927 8.31250077 0.00831250077 4.07788162
963 3927 8.31249843 0.00831249843 4.07788162
963 3927 8.31249792 0.00831249792 4.07788162
963 3927 8.31249564 0.00831249564 4.07788162
963 3927 8.31249498 0.00831249498 4.07788162
963 3927 8.31249552 0.00831249552 4.07788162
963 3927 8.31249607 0.00831249607 4.07788162
962 3919 8.3027751 0.0083027751 4.07380457
962 3919 8.30285734 0.00830285734 4.07380457
962 3919 8.30280462 0.00830280462 4.07380457
962 3919 8.30276332 0.00830276332 4.07380457
962 3919 8.3027631 0.0083027631 4.07380457
962 3919 8.3027799 0.0083027799 4.07380457
962 3919 8.30277397 0.00830277397 4.07380457
962 3919 8.30277518 0.00830277518 4.07380457
962 3919 8.30277382 0.00830277382 4.07380457
962 3919 8.3027716 0.0083027716 4.07380457
961 3912 8.29303684 0.00829303684 4.07075963
961 3912 8.29306009 0.00829306009 4.07075963
961 3912 8.29312223 0.00829312223 4.07075963
961 3912 8.29310598 0.00829310598 4.07075963
961 3912 8.29309487 0.00829309487 4.07075963
961 3912 8.29311124 0.00829311124 4.07075963
961 3912 8.29311172 0.00829311172 4.07075963
961 3912 8.29311027 0.00829311027 4.07075963
961 3912 8.29311067 0.00829311067 4.07075963
961 3912 8.29311069 0.00829311069 4.07075963
960 3905 8.2833674 0.0082833674 4.06770833
960 3905 8.28333478 0.00828333478 4.06770833
960 3905 8.28327107 0.00828327107 4.06770833
960 3905 8.28327341 0.00828327341 4.06770833
960 3905 8.28328163 0.00828328163 4.06770833
960 3905 8.28328419 0.00828328419 4.06770833
960 3905 8.28329088 0.00828329088 4.06770833
960 3905 8.28329808 0.00828329808 4.06770833
960 3905 8.28330284 0.00828330284 4.06770833
960 3905 8.2833022 0.0082833022 4.06770833
959 3900 8.27345935 0.00827345935 4.06673618
959 3900 8.27345963 0.00827345963 4.06673618
959 3900 8.27347304 0.00827347304 4.06673618
959 3900 8.27341912 0.00827341912 4.06673618
959 3900 8.27345984 0.00827345984 4.06673618
959 3900 8.2734349 0.0082734349 4.06673618
959 3900 8.27342287 0.00827342287 4.06673618
959 3900 8.2734766 0.0082734766 4.06673618
959 3900 8.27341472 0.00827341472 4.06673618
959 3900 8.2734532 0.0082734532 4.06673618
958 3893 8.26353608 0.00826353608 4.06367432
958 3893 8.26361944 0.00826361944 4.06367432
958 3893 8.26359301 0.00826359301 4.06367432
958 3893 8.26359253 0.00826359253 4.06367432
958 3893 8.26359429 0.00826359429 4.06367432
958 3893 8.2635918 0.0082635918 4.06367432
958 3893 8.26359203 0.00826359203 4.06367432
958 3893 8.26359209 0.00826359209 4.06367432
958 3893 8.26359195 0.00826359195 4.06367432
958 3893 8.26359244 0.00826359244 4.06367432
957 3887 8.2536925 0.0082536925 4.06165099
957 3888 8.25357081 0.00825357081 4.06269592
957 3887 8.25364168 0.00825364168 4.06165099
957 3887 8.25367755 0.00825367755 4.06165099
957 3888 8.25353566 0.00825353566 4.06269592
957 3887 8.25366093 0.00825366093 4.06165099
957 3887 8.25366491 0.00825366491 4.06165099
957 3887 8.25370349 0.00825370349 4.06165099
957 3888 8.253555 0.008253555 4.06269592
957 3887 8.25364766 0.00825364766 4.06165099
956 3879 8.24366831 0.00824366831 4.05753138
956 3880 8.24344859 0.00824344859 4.05857741
956 3879 8.2436615 0.0082436615 4.05753138
956 3880 8.2434818 0.0082434818 4.05857741
956 3879 8.24365815 0.00824365815 4.05753138
956 3880 8.24347509 0.00824347509 4.05857741
956 3879 8.24365606 0.00824365606 4.05753138
956 3880 8.24347439 0.00824347439 4.05857741
956 3879 8.24365445 0.00824365445 4.05753138
956 3880 8.24347326 0.00824347326 4.05857741
955 3874 8.23367421 0.00823367421 4.0565445
955 3874 8.23365144 0.00823365144 4.0565445
955 3874 8.23363847 0.00823363847 4.0565445
955 3874 8.23364918 0.00823364918 4.0565445
955 3874 8.23365638 0.00823365638 4.0565445
955 3874 8.23365494 0.00823365494 4.0565445
955 3874 8.23365309 0.00823365309 4.0565445
955 3874 8.23365241 0.00823365241 4.0565445
955 3874 8.23365249 0.00823365249 4.0565445
955 3874 8.23365264 0.00823365264 4.0565445
954 3869 8.22278764 0.00822278764 4.05555556
954 3869 8.22276902 0.00822276902 4.05555556
954 3869 8.22280381 0.00822280381 4.05555556
954 3869 8.22280671 0.00822280671 4.05555556
954 3869 8.22279923 0.00822279923 4.05555556
954 3869 8.22280168 0.00822280168 4.05555556
954 3869 8.22280324 0.00822280324 4.05555556
954 3869 8.22280362 0.00822280362 4.05555556
954 3869 8.2228036 0.0082228036 4.05555556
954 3869 8.22280341 0.00822280341 4.05555556
953 3863 8.21165178 0.00821165178 4.05351522
953 3863 8.21190571 0.00821190571 4.05351522
953 3863 8.21185158 0.00821185158 4.05351522
953 3863 8.21186551 0.00821186551 4.05351522
953 3863 8.21188202 0.00821188202 4.05351522
953 3863 8.21188627 0.00821188627 4.05351522
953 3863 8.2118849 0.0082118849 4.05351522
953 3863 8.21188374 0.00821188374 4.05351522
953 3863 8.21188329 0.00821188329 4.05351522
953 3863 8.21188339 0.00821188339 4.05351522
952 3858 8.2011209 0.0082011209 4.05252101
952 3858 8.2010332 0.0082010332 4.05252101
952 3858 8.20113097 0.00820113097 4.05252101
952 3858 8.20104136 0.00820104136 4.05252101
952 3858 8.20114378 0.00820114378 4.05252101
952 3858 8.20103682 0.00820103682 4.05252101
952 3858 8.20114205 0.00820114205 4.05252101
952 3858 8.20114184 0.00820114184 4.05252101
952 3858 8.20104228 0.00820104228 4.05252101
952 3858 8.2011352 0.0082011352 4.05252101
951 3853 8.19039144 0.00819039144 4.05152471
951 3853 8.19036551 0.00819036551 4.05152471
951 3853 8.19036066 0.00819036066 4.05152471
951 3853 8.19020267 0.00819020267 4.05152471
951 3853 8.19035954 0.00819035954 4.05152471
951 3853 8.19058509 0.00819058509 4.05152471
951 3853 8.19015907 0.00819015907 4.05152471
951 3853 8.19035323 0.00819035323 4.05152471
951 3853 8.19059454 0.00819059454 4.05152471
951 3853 8.19014316 0.00819014316 4.05152471
950 3844 8.17889784 0.00817889784 4.04631579
950 3846 8.18248996 0.00818248996 4.04842105
950 3846 8.18248106 0.00818248106 4.04842105
950 3846 8.18247258 0.00818247258 4.04842105
950 3846 8.18247782 0.00818247782 4.04842105
950 3846 8.18247724 0.00818247724 4.04842105
950 3846 8.18247793 0.00818247793 4.04842105
950 3846 8.18247764 0.00818247764 4.04842105
950 3846 8.1824777 0.0081824777 4.04842105
950 3846 8.18247767 0.00818247767 4.04842105
949 3841 8.17190691 0.00817190691 4.04741834
949 3841 8.17191434 0.00817191434 4.04741834
949 3841 8.17192217 0.00817192217 4.04741834
949 3841 8.17193306 0.00817193306 4.04741834
949 3841 8.17195055 0.00817195055 4.04741834
949 3841 8.17194952 0.00817194952 4.04741834
949 3841 8.17194592 0.00817194592 4.04741834
949 3841 8.17194303 0.00817194303 4.04741834
949 3841 8.17194228 0.00817194228 4.04741834
949 3841 8.1719422 0.0081719422 4.04741834
948 3831 8.16008659 0.00816008659 4.04113924
948 3831 8.16005512 0.00816005512 4.04113924
948 3831 8.16016174 0.00816016174 4.04113924
948 3831 8.16024916 0.00816024916 4.04113924
948 3831 8.16028 0.00816028 4.04113924
948 3831 8.16029416 0.00816029416 4.04113924
948 3831 8.16029597 0.00816029597 4.04113924
948 3831 8.16029781 0.00816029781 4.04113924
948 3831 8.16029621 0.00816029621 4.04113924
948 3831 8.16029387 0.00816029387 4.04113924
947 3821 8.14806983 0.00814806983 4.03484688
947 3821 8.14782136 0.00814782136 4.03484688
947 3821 8.14776862 0.00814776862 4.03484688
947 3821 8.14776551 0.00814776551 4.03484688
947 3821 8.14773853 0.00814773853 4.03484688
947 3821 8.14774257 0.00814774257 4.03484688
947 3821 8.14774346 0.00814774346 4.03484688
947 3821 8.14774541 0.00814774541 4.03484688
947 3821 8.14774802 0.00814774802 4.03484688
947 3821 8.14774937 0.00814774937 4.03484688
946 3814 8.13512888 0.00813512888 4.03171247
946 3814 8.13521081 0.00813521081 4.03171247
946 3814 8.13524241 0.00813524241 4.03171247
946 3814 8.13520375 0.00813520375 4.03171247
946 3814 8.13516167 0.00813516167 4.03171247
946 3814 8.13515476 0.00813515476 4.03171247
946 3814 8.13515513 0.00813515513 4.03171247
946 3814 8.13515628 0.00813515628 4.03171247
946 3814 8.13515752 0.00813515752 4.03171247
946 3814 8.13515817 0.00813515817 4.03171247
945 3808 8.12242182 0.00812242182 4.02962963
945 3805 8.12398856 0.00812398856 4.02645503
945 3805 8.12390767 0.00812390767 4.02645503
945 3805 8.12388525 0.00812388525 4.02645503
945 3805 8.12386032 0.00812386032 4.02645503
945 3805 8.12385681 0.00812385681 4.02645503
945 3805 8.12386181 0.00812386181 4.02645503
945 3805 8.12385917 0.00812385917 4.02645503
945 3805 8.12385926 0.00812385926 4.02645503
945 3805 8.12386018 0.00812386018 4.02645503
944 3798 8.11142386 0.00811142386 4.02330508
944 3798 8.11154818 0.00811154818 4.02330508
944 3798 8.11153612 0.00811153612 4.02330508
944 3798 8.11153541 0.00811153541 4.02330508
944 3798 8.11153497 0.00811153497 4.02330508
944 3798 8.11153525 0.00811153525 4.02330508
944 3798 8.11153608 0.00811153608 4.02330508
944 3798 8.11153608 0.00811153608 4.02330508
944 3798 8.11153611 0.00811153611 4.02330508
944 3798 8.11153608 0.00811153608 4.02330508
943 3790 8.0987615 0.0080987615 4.01908802
943 3790 8.09874538 0.00809874538 4.01908802
943 3790 8.0987136 0.0080987136 4.01908802
943 3790 8.09877337 0.00809877337 4.01908802
943 3790 8.09872718 0.00809872718 4.01908802
943 3790 8.09873459 0.00809873459 4.01908802
943 3790 8.09874507 0.00809874507 4.01908802
943 3790 8.09877291 0.00809877291 4.01908802
943 3790 8.09878583 0.00809878583 4.01908802
943 3790 8.0987822 0.0080987822 4.01908802
942 3784 8.08598654 0.00808598654 4.01698514
942 3784 8.08595026 0.00808595026 4.01698514
942 3784 8.08595727 0.00808595727 4.01698514
942 3784 8.08589004 0.00808589004 4.01698514
942 3784 8.08590305 0.00808590305 4.01698514
942 3784 8.0858973 0.0080858973 4.01698514
942 3784 8.08591935 0.00808591935 4.01698514
942 3784 8.08592813 0.00808592813 4.01698514
942 3784 8.08592782 0.00808592782 4.01698514
942 3784 8.08591981 0.00808591981 4.01698514
941 3775 8.07282389 0.00807282389 4.01168969
941 3773 8.07391914 0.00807391914 4.00956429
941 3773 8.07384247 0.00807384247 4.00956429
941 3773 8.073932 0.008073932 4.00956429
941 3773 8.07393529 0.00807393529 4.00956429
941 3773 8.07389078 0.00807389078 4.00956429
941 3773 8.07390433 0.00807390433 4.00956429
941 3773 8.07385827 0.00807385827 4.00956429
941 3773 8.07385211 0.00807385211 4.00956429
941 3773 8.07389026 0.00807389026 4.00956429
940 3767 8.06123233 0.00806123233 4.00744681
940 3767 8.06117849 0.00806117849 4.00744681
940 3767 8.06117433 0.00806117433 4.00744681
940 3767 8.06114255 0.00806114255 4.00744681
940 3767 8.06114749 0.00806114749 4.00744681
940 3767 8.06114604 0.00806114604 4.00744681
940 3767 8.06114458 0.00806114458 4.00744681
940 3767 8.06114655 0.00806114655 4.00744681
940 3767 8.06114633 0.00806114633 4.00744681
940 3767 8.06114614 0.00806114614 4.00744681
939 3759 8.04796104 0.00804796104 4.00319489
939 3759 8.04803633 0.00804803633 4.00319489
939 3752 8.04830208 0.00804830208 3.99574015
939 3752 8.0482794 0.0080482794 3.99574015
939 3752 8.0482704 0.0080482704 3.99574015
939 3752 8.04827577 0.00804827577 3.99574015
939 3752 8.04827554 0.00804827554 3.99574015
939 3752 8.04831422 0.00804831422 3.99574015
939 3752 8.04831677 0.00804831677 3.99574015
939 3752 8.04831442 0.00804831442 3.99574015
938 3746 8.03543969 0.00803543969 3.99360341
938 3746 8.03540953 0.00803540953 3.99360341
938 3746 8.0353412 0.0080353412 3.99360341
938 3746 8.03531895 0.00803531895 3.99360341
938 3746 8.03530365 0.00803530365 3.99360341
938 3746 8.03530544 0.00803530544 3.99360341
938 3746 8.03529758 0.00803529758 3.99360341
938 3746 8.03529529 0.00803529529 3.99360341
938 3746 8.03529392 0.00803529392 3.99360341
938 3746 8.03529503 0.00803529503 3.99360341
937 3738 8.02195509 0.00802195509 3.98932764
937 3738 8.02227753 0.00802227753 3.98932764
937 3738 8.02215871 0.00802215871 3.98932764
937 3738 8.02217829 0.00802217829 3.98932764
937 3738 8.02223173 0.00802223173 3.98932764
937 3738 8.02219197 0.00802219197 3.98932764
937 3738 8.02216933 0.00802216933 3.98932764
937 3738 8.02218967 0.00802218967 3.98932764
937 3738 8.02220742 0.00802220742 3.98932764
937 3738 8.02221356 0.00802221356 3.98932764
936 3730 8.00873823 0.00800873823 3.98504274
936 3727 8.01184745 0.00801184745 3.98183761
936 3727 8.0118146 0.0080118146 3.98183761
936 3727 8.01178144 0.00801178144 3.98183761
936 3727 8.01181925 0.00801181925 3.98183761
936 3727 8.01184007 0.00801184007 3.98183761
936 3727 8.01184558 0.00801184558 3.98183761
936 3727 8.01184144 0.00801184144 3.98183761
936 3727 8.01183853 0.00801183853 3.98183761
936 3727 8.01183861 0.00801183861 3.98183761
935 3719 7.99900147 0.00799900147 3.97754011
935 3719 7.99906553 0.00799906553 3.97754011
935 3719 7.99895747 0.00799895747 3.97754011
935 3719 7.99894113 0.00799894113 3.97754011
935 3719 7.99892395 0.00799892395 3.97754011
935 3719 7.99893126 0.00799893126 3.97754011
935 3719 7.99892977 0.00799892977 3.97754011
935 3719 7.99892904 0.00799892904 3.97754011
935 3719 7.99892981 0.00799892981 3.97754011
935 3719 7.99892994 0.00799892994 3.97754011
934 3711 7.98530665 0.00798530665 3.9732334
934 3711 7.98551127 0.00798551127 3.9732334
934 3711 7.98536535 0.00798536535 3.9732334
934 3711 7.98533022 0.00798533022 3.9732334
934 3711 7.98530253 0.00798530253 3.9732334
934 3711 7.98530874 0.00798530874 3.9732334
934 3711 7.98530096 0.00798530096 3.9732334
934 3711 7.98530054 0.00798530054 3.9732334
934 3711 7.98529677 0.00798529677 3.9732334
934 3711 7.98529694 0.00798529694 3.9732334
933 3703 7.9715889 0.0079715889 3.96891747
933 3703 7.97161957 0.00797161957 3.96891747
933 3704 7.97160304 0.00797160304 3.96998928
933 3704 7.97153562 0.00797153562 3.96998928
933 3703 7.97161407 0.00797161407 3.96891747
933 3703 7.97172064 0.00797172064 3.96891747
933 3703 7.97175984 0.00797175984 3.96891747
933 3703 7.97175321 0.00797175321 3.96891747
933 3703 7.97176004 0.00797176004 3.96891747
933 3703 7.97176928 0.00797176928 3.96891747
932 3697 7.95777053 0.00795777053 3.9667382
932 3697 7.95782002 0.00795782002 3.9667382
932 3697 7.95767003 0.00795767003 3.9667382
932 3697 7.95769197 0.00795769197 3.9667382
932 3697 7.95772828 0.00795772828 3.9667382
932 3697 7.95781436 0.00795781436 3.9667382
932 3697 7.95776613 0.00795776613 3.9667382
932 3697 7.95777655 0.00795777655 3.9667382
932 3697 7.95778476 0.00795778476 3.9667382
932 3697 7.95782129 0.00795782129 3.9667382
931 3687 7.94363035 0.00794363035 3.96025779
931 3684 7.94596609 0.00794596609 3.95703545
931 3683 7.9460214 0.0079460214 3.95596133
931 3683 7.94605476 0.00794605476 3.95596133
931 3683 7.94613832 0.00794613832 3.95596133
931 3683 7.94618133 0.00794618133 3.95596133
931 3683 7.94619367 0.00794619367 3.95596133
931 3683 7.94619996 0.00794619996 3.95596133
931 3683 7.94619597 0.00794619597 3.95596133
931 3683 7.94619117 0.00794619117 3.95596133
930 3677 7.93226897 0.00793226897 3.95376344
930 3677 7.93222737 0.00793222737 3.95376344
930 3677 7.93210037 0.00793210037 3.95376344
930 3677 7.93225521 0.00793225521 3.95376344
930 3677 7.93222919 0.00793222919 3.95376344
930 3677 7.93231009 0.00793231009 3.95376344
930 3677 7.93228095 0.00793228095 3.95376344
930 3677 7.93223634 0.00793223634 3.95376344
930 3677 7.9322395 0.0079322395 3.95376344
930 3677 7.93224078 0.00793224078 3.95376344
929 3670 7.91787678 0.00791787678 3.95048439
929 3670 7.917728 0.007917728 3.95048439
929 3670 7.91779887 0.00791779887 3.95048439
929 3670 7.91767158 0.00791767158 3.95048439
929 3670 7.91779083 0.00791779083 3.95048439
929 3670 7.9178235 0.0079178235 3.95048439
929 3670 7.91781784 0.00791781784 3.95048439
929 3670 7.91780964 0.00791780964 3.95048439
929 3670 7.91781152 0.00791781152 3.95048439
929 3670 7.91781234 0.00791781234 3.95048439
928 3659 7.90359906 0.00790359906 3.94288793
928 3659 7.90360814 0.00790360814 3.94288793
928 3658 7.90356339 0.00790356339 3.94181034
928 3660 7.90340039 0.00790340039 3.94396552
928 3660 7.90339314 0.00790339314 3.94396552
928 3658 7.90355932 0.00790355932 3.94181034
928 3658 7.9034415 0.0079034415 3.94181034
928 3659 7.9035565 0.0079035565 3.94288793
928 3658 7.90339298 0.00790339298 3.94181034
928 3660 7.90342728 0.00790342728 3.94396552
927 3653 7.88944002 0.00788944002 3.94066882
927 3653 7.88945836 0.00788945836 3.94066882
927 3653 7.8894188 0.0078894188 3.94066882
927 3653 7.88937894 0.00788937894 3.94066882
927 3653 7.88936758 0.00788936758 3.94066882
927 3653 7.88936146 0.00788936146 3.94066882
927 3653 7.8893488 0.0078893488 3.94066882
927 3653 7.88934963 0.00788934963 3.94066882
927 3653 7.889349 0.007889349 3.94066882
927 3653 7.88935045 0.00788935045 3.94066882
926 3644 7.87529356 0.00787529356 3.93520518
926 3644 7.87543799 0.00787543799 3.93520518
926 3644 7.87534033 0.00787534033 3.93520518
926 3644 7.87529464 0.00787529464 3.93520518
926 3644 7.87527231 0.00787527231 3.93520518
926 3644 7.87527454 0.00787527454 3.93520518
926 3644 7.87526635 0.00787526635 3.93520518
926 3644 7.87526159 0.00787526159 3.93520518
926 3644 7.8752601 0.0078752601 3.93520518
926 3644 7.8752593 0.0078752593 3.93520518
925 3637 7.86102641 0.00786102641 3.93189189
925 3637 7.86116242 0.00786116242 3.93189189
925 3637 7.86116967 0.00786116967 3.93189189
925 3637 7.86117028 0.00786117028 3.93189189
925 3637 7.86118198 0.00786118198 3.93189189
925 3637 7.86118299 0.00786118299 3.93189189
925 3637 7.86118183 0.00786118183 3.93189189
925 3637 7.86118108 0.00786118108 3.93189189
925 3637 7.86118088 0.00786118088 3.93189189
925 3637 7.86118085 0.00786118085 3.93189189
924 3628 7.8468938 0.0078468938 3.92640693
924 3633 7.85263632 0.00785263632 3.93181818
924 3633 7.85262915 0.00785262915 3.93181818
924 3630 7.85260584 0.00785260584 3.92857143
924 3633 7.85274501 0.00785274501 3.93181818
924 3633 7.85258933 0.00785258933 3.93181818
924 3633 7.85258764 0.00785258764 3.93181818
924 3630 7.85260408 0.00785260408 3.92857143
924 3633 7.85272981 0.00785272981 3.93181818
924 3633 7.85258603 0.00785258603 3.93181818
923 3624 7.8383491 0.0078383491 3.92632719
923 3624 7.83844006 0.00783844006 3.92632719
923 3624 7.83833608 0.00783833608 3.92632719
923 3624 7.83837986 0.00783837986 3.92632719
923 3624 7.83837713 0.00783837713 3.92632719
923 3624 7.83837818 0.00783837818 3.92632719
923 3624 7.83838113 0.00783838113 3.92632719
923 3624 7.83838054 0.00783838054 3.92632719
923 3624 7.83838069 0.00783838069 3.92632719
923 3624 7.83838072 0.00783838072 3.92632719
922 3615 7.823579 0.007823579 3.9208243
922 3615 7.82361219 0.00782361219 3.9208243
922 3615 7.8234741 0.0078234741 3.9208243
922 3615 7.82361502 0.00782361502 3.9208243
922 3615 7.82364374 0.00782364374 3.9208243
922 3615 7.82341976 0.00782341976 3.9208243
922 3615 7.82369604 0.00782369604 3.9208243
922 3615 7.82342219 0.00782342219 3.9208243
922 3615 7.82361171 0.00782361171 3.9208243
922 3615 7.82364981 0.00782364981 3.9208243
921 3605 7.80874434 0.00780874434 3.91422367
921 3606 7.80875405 0.00780875405 3.91530945
921 3605 7.80879812 0.00780879812 3.91422367
921 3605 7.8088322 0.0078088322 3.91422367
921 3605 7.80887754 0.00780887754 3.91422367
921 3605 7.80887571 0.00780887571 3.91422367
921 3605 7.80887483 0.00780887483 3.91422367
921 3605 7.80887494 0.00780887494 3.91422367
921 3605 7.80887526 0.00780887526 3.91422367
921 3605 7.80887552 0.00780887552 3.91422367
920 3597 7.79416823 0.00779416823 3.90978261
920 3596 7.79422299 0.00779422299 3.90869565
920 3597 7.79422422 0.00779422422 3.90978261
920 3596 7.79413419 0.00779413419 3.90869565
920 3597 7.79420236 0.00779420236 3.90978261
920 3596 7.7941426 0.0077941426 3.90869565
920 3597 7.79420096 0.00779420096 3.90978261
920 3596 7.79414081 0.00779414081 3.90869565
920 3597 7.79420204 0.00779420204 3.90978261
920 3596 7.79414008 0.00779414008 3.90869565
919 3588 7.77966806 0.00777966806 3.90424374
919 3588 7.77959328 0.00777959328 3.90424374
919 3588 7.77960555 0.00777960555 3.90424374
919 3588 7.77962294 0.00777962294 3.90424374
919 3588 7.7796166 0.0077796166 3.90424374
919 3588 7.77962365 0.00777962365 3.90424374
919 3588 7.7796279 0.0077796279 3.90424374
919 3588 7.77962688 0.00777962688 3.90424374
919 3588 7.77962519 0.00777962519 3.90424374
919 3588 7.77962463 0.00777962463 3.90424374
918 3582 7.76465259 0.00776465259 3.90196078
918 3582 7.76459229 0.00776459229 3.90196078
918 3582 7.76467424 0.00776467424 3.90196078
918 3582 7.76462881 0.00776462881 3.90196078
918 3582 7.76469708 0.00776469708 3.90196078
918 3582 7.76463401 0.00776463401 3.90196078
918 3582 7.76470358 0.00776470358 3.90196078
918 3582 7.76463294 0.00776463294 3.90196078
918 3582 7.7647039 0.0077647039 3.90196078
918 3582 7.76463371 0.00776463371 3.90196078
917 3576 7.74951002 0.00774951002 3.89967285
917 3576 7.74950418 0.00774950418 3.89967285
917 3576 7.74952521 0.00774952521 3.89967285
917 3576 7.74947534 0.00774947534 3.89967285
917 3576 7.74954234 0.00774954234 3.89967285
917 3576 7.74947571 0.00774947571 3.89967285
917 3576 7.74954324 0.00774954324 3.89967285
917 3576 7.74946995 0.00774946995 3.89967285
917 3576 7.74954367 0.00774954367 3.89967285
917 3576 7.74947004 0.00774947004 3.89967285
916 3566 7.73452551 0.00773452551 3.8930131
916 3566 7.73445138 0.00773445138 3.8930131
916 3571 7.73449015 0.00773449015 3.89847162
916 3574 7.74119314 0.00774119314 3.90174672
916 3567 7.74165433 0.00774165433 3.8941048
916 3567 7.74220058 0.00774220058 3.8941048
916 3567 7.74209869 0.00774209869 3.8941048
916 3567 7.7422694 0.0077422694 3.8941048
916 3567 7.74215089 0.00774215089 3.8941048
916 3567 7.74227072 0.00774227072 3.8941048
915 3562 7.72722496 0.00772722496 3.89289617
915 3564 7.72908535 0.00772908535 3.89508197
915 3564 7.72919834 0.00772919834 3.89508197
915 3563 7.72905922 0.00772905922 3.89398907
915 3564 7.72920507 0.00772920507 3.89508197
915 3564 7.72913406 0.00772913406 3.89508197
915 3564 7.72912688 0.00772912688 3.89508197
915 3564 7.72913569 0.00772913569 3.89508197
915 3564 7.72913807 0.00772913807 3.89508197
915 3564 7.72913806 0.00772913806 3.89508197
914 3555 7.7145917 0.0077145917 3.88949672
914 3555 7.71456231 0.00771456231 3.88949672
914 3555 7.71468758 0.00771468758 3.88949672
914 3555 7.71460469 0.00771460469 3.88949672
914 3557 7.71437702 0.00771437702 3.8916849
914 3555 7.71455834 0.00771455834 3.88949672
914 3555 7.71466065 0.00771466065 3.88949672
914 3557 7.71434708 0.00771434708 3.8916849
914 3555 7.71459521 0.00771459521 3.88949672
914 3555 7.71464927 0.00771464927 3.88949672
913 3548 7.69982745 0.00769982745 3.88608981
913 3548 7.69984747 0.00769984747 3.88608981
913 3549 7.69992673 0.00769992673 3.8871851
913 3549 7.69966018 0.00769966018 3.8871851
913 3549 7.69985495 0.00769985495 3.8871851
913 3549 7.70001575 0.00770001575 3.8871851
913 3549 7.69992994 0.00769992994 3.8871851
913 3549 7.69997632 0.00769997632 3.8871851
913 3549 7.69987683 0.00769987683 3.8871851
913 3549 7.69989677 0.00769989677 3.8871851
912 3539 7.6851803 0.0076851803 3.88048246
912 3539 7.68530015 0.00768530015 3.88048246
912 3539 7.68512348 0.00768512348 3.88048246
912 3541 7.68512572 0.00768512572 3.88267544
912 3547 7.68525713 0.00768525713 3.88925439
912 3548 7.68540909 0.00768540909 3.89035088
912 3548 7.68521321 0.00768521321 3.89035088
912 3550 7.68557744 0.00768557744 3.89254386
912 3557 7.68897832 0.00768897832 3.9002193
912 3563 7.6901067 0.0076901067 3.90679825
911 3556 7.67989631 0.00767989631 3.90340285
911 3556 7.68036484 0.00768036484 3.90340285
911 3557 7.68031662 0.00768031662 3.90450055
911 3556 7.68026216 0.00768026216 3.90340285
911 3557 7.68028763 0.00768028763 3.90450055
911 3556 7.68027079 0.00768027079 3.90340285
911 3556 7.68028411 0.00768028411 3.90340285
911 3556 7.68023463 0.00768023463 3.90340285
911 3556 7.68025173 0.00768025173 3.90340285
911 3556 7.68026523 0.00768026523 3.90340285
910 3550 7.66622113 0.00766622113 3.9010989
910 3550 7.66625071 0.00766625071 3.9010989
910 3550 7.66631376 0.00766631376 3.9010989
910 3550 7.66635799 0.00766635799 3.9010989
910 3550 7.66639727 0.00766639727 3.9010989
910 3541 7.66616432 0.00766616432 3.89120879
910 3550 7.66619896 0.00766619896 3.9010989
910 3550 7.66623117 0.00766623117 3.9010989
910 3550 7.66638608 0.00766638608 3.9010989
910 3550 7.66639684 0.00766639684 3.9010989
909 3536 7.65185592 0.00765185592 3.889989
909 3536 7.65193139 0.00765193139 3.889989
909 3536 7.6518854 0.0076518854 3.889989
909 3541 7.65174983 0.00765174983 3.89548955
909 3541 7.65172463 0.00765172463 3.89548955
909 3541 7.65174849 0.00765174849 3.89548955
909 3541 7.65173426 0.00765173426 3.89548955
909 3543 7.66039691 0.00766039691 3.89768977
909 3544 7.66061456 0.00766061456 3.89878988
909 3544 7.6605102 0.0076605102 3.89878988
908 3538 7.6464124 0.0076464124 3.89647577
908 3537 7.64648323 0.00764648323 3.89537445
908 3537 7.64635671 0.00764635671 3.89537445
908 3537 7.64651252 0.00764651252 3.89537445
908 3537 7.64650369 0.00764650369 3.89537445
908 3537 7.64651447 0.00764651447 3.89537445
908 3537 7.64652115 0.00764652115 3.89537445
908 3537 7.64651193 0.00764651193 3.89537445
908 3537 7.64650585 0.00764650585 3.89537445
908 3537 7.64650696 0.00764650696 3.89537445
907 3531 7.63260061 0.00763260061 3.89305402
907 3531 7.63263042 0.00763263042 3.89305402
907 3531 7.63269894 0.00763269894 3.89305402
907 3531 7.63246284 0.00763246284 3.89305402
907 3531 7.63264175 0.00763264175 3.89305402
907 3531 7.6324928 0.0076324928 3.89305402
907 3531 7.63265674 0.00763265674 3.89305402
907 3531 7.63273256 0.00763273256 3.89305402
907 3531 7.63281708 0.00763281708 3.89305402
907 3531 7.63252181 0.00763252181 3.89305402
906 3517 7.61790278 0.00761790278 3.88189845
906 3524 7.61767163 0.00761767163 3.88962472
906 3517 7.61804555 0.00761804555 3.88189845
906 3517 7.61799017 0.00761799017 3.88189845
906 3517 7.61816867 0.00761816867 3.88189845
906 3517 7.61793532 0.00761793532 3.88189845
906 3517 7.61793089 0.00761793089 3.88189845
906 3517 7.61791128 0.00761791128 3.88189845
906 3517 7.61790952 0.00761790952 3.88189845
906 3517 7.61789449 0.00761789449 3.88189845
905 3510 7.60291365 0.00760291365 3.87845304
905 3509 7.60296951 0.00760296951 3.87734807
905 3510 7.60290419 0.00760290419 3.87845304
905 3509 7.60280237 0.00760280237 3.87734807
905 3509 7.60288997 0.00760288997 3.87734807
905 3510 7.60301771 0.00760301771 3.87845304
905 3509 7.60280162 0.00760280162 3.87734807
905 3510 7.60290717 0.00760290717 3.87845304
905 3509 7.6028038 0.0076028038 3.87734807
905 3509 7.60288578 0.00760288578 3.87734807
904 3502 7.58775178 0.00758775178 3.87389381
904 3503 7.58823791 0.00758823791 3.875
904 3503 7.5884155 0.0075884155 3.875
904 3505 7.58843341 0.00758843341 3.87721239
904 3510 7.59080336 0.00759080336 3.88274336
904 3510 7.59075634 0.00759075634 3.88274336
904 3510 7.59081614 0.00759081614 3.88274336
904 3510 7.59081173 0.00759081173 3.88274336
904 3510 7.59073137 0.00759073137 3.88274336
904 3510 7.59071952 0.00759071952 3.88274336
903 3502 7.57600789 0.00757600789 3.87818383
903 3502 7.57607454 0.00757607454 3.87818383
903 3502 7.57598442 0.00757598442 3.87818383
903 3502 7.57613945 0.00757613945 3.87818383
903 3502 7.57611888 0.00757611888 3.87818383
903 3502 7.57611596 0.00757611596 3.87818383
903 3502 7.57602988 0.00757602988 3.87818383
903 3502 7.57612737 0.00757612737 3.87818383
903 3502 7.57610341 0.00757610341 3.87818383
903 3502 7.57611297 0.00757611297 3.87818383
902 3492 7.56123702 0.00756123702 3.8713969
902 3492 7.56118551 0.00756118551 3.8713969
902 3492 7.56122303 0.00756122303 3.8713969
902 3492 7.56118278 0.00756118278 3.8713969
902 3492 7.56132453 0.00756132453 3.8713969
902 3492 7.56132421 0.00756132421 3.8713969
902 3492 7.5612628 0.0075612628 3.8713969
902 3492 7.56114376 0.00756114376 3.8713969
902 3492 7.56100898 0.00756100898 3.8713969
902 3492 7.56126416 0.00756126416 3.8713969
901 3478 7.54641918 0.00754641918 3.86015538
901 3484 7.54627626 0.00754627626 3.86681465
901 3484 7.54629697 0.00754629697 3.86681465
901 3478 7.54630722 0.00754630722 3.86015538
901 3484 7.54632506 0.00754632506 3.86681465
901 3484 7.54627934 0.00754627934 3.86681465
901 3478 7.54633505 0.00754633505 3.86015538
901 3484 7.54632006 0.00754632006 3.86681465
901 3484 7.54627693 0.00754627693 3.86681465
901 3478 7.54632091 0.00754632091 3.86015538
900 3470 7.53159993 0.00753159993 3.85555556
900 3470 7.5315645 0.0075315645 3.85555556
900 3470 7.53159351 0.00753159351 3.85555556
900 3470 7.53142788 0.00753142788 3.85555556
900 3470 7.53142164 0.00753142164 3.85555556
900 3470 7.53140805 0.00753140805 3.85555556
900 3470 7.53141075 0.00753141075 3.85555556
900 3470 7.53141335 0.00753141335 3.85555556
900 3470 7.53141365 0.00753141365 3.85555556
900 3470 7.5314135 0.0075314135 3.85555556
899 3461 7.51572543 0.00751572543 3.84983315
899 3461 7.51986392 0.00751986392 3.84983315
899 3466 7.53573087 0.00753573087 3.85539488
899 3476 7.53695626 0.00753695626 3.86651835
899 3476 7.53695364 0.00753695364 3.86651835
899 3476 7.5369343 0.0075369343 3.86651835
899 3468 7.53695021 0.00753695021 3.85761958
899 3476 7.53691531 0.00753691531 3.86651835
899 3476 7.53697142 0.00753697142 3.86651835
899 3476 7.53688818 0.00753688818 3.86651835
898 3462 7.52280004 0.00752280004 3.85523385
898 3466 7.52253537 0.00752253537 3.8596882
898 3462 7.52280726 0.00752280726 3.85523385
898 3462 7.52272684 0.00752272684 3.85523385
898 3462 7.5228151 0.0075228151 3.85523385
898 3462 7.52286361 0.00752286361 3.85523385
898 3462 7.52288525 0.00752288525 3.85523385
898 3462 7.52282856 0.00752282856 3.85523385
898 3462 7.52277951 0.00752277951 3.85523385
898 3462 7.52289822 0.00752289822 3.85523385
897 3452 7.50853734 0.00750853734 3.8483835
897 3458 7.50822076 0.00750822076 3.85507246
897 3454 7.50825911 0.00750825911 3.85061315
897 3454 7.50832978 0.00750832978 3.85061315
897 3454 7.50840638 0.00750840638 3.85061315
897 3452 7.50862722 0.00750862722 3.8483835
897 3452 7.5084428 0.0075084428 3.8483835
897 3458 7.50821675 0.00750821675 3.85507246
897 3454 7.50833763 0.00750833763 3.85061315
897 3454 7.5083233 0.0075083233 3.85061315
896 3444 7.49411561 0.00749411561 3.84375
896 3444 7.49425923 0.00749425923 3.84375
896 3444 7.49422754 0.00749422754 3.84375
896 3444 7.49426532 0.00749426532 3.84375
896 3444 7.49426169 0.00749426169 3.84375
896 3444 7.49426462 0.00749426462 3.84375
896 3444 7.49426484 0.00749426484 3.84375
896 3444 7.49426525 0.00749426525 3.84375
896 3444 7.49426629 0.00749426629 3.84375
896 3444 7.49426612 0.00749426612 3.84375
895 3436 7.47943278 0.00747943278 3.83910615
895 3436 7.47930389 0.00747930389 3.83910615
895 3436 7.47929965 0.00747929965 3.83910615
895 3436 7.47924151 0.00747924151 3.83910615
895 3436 7.47924084 0.00747924084 3.83910615
895 3436 7.4792326 0.0074792326 3.83910615
895 3436 7.47922722 0.00747922722 3.83910615
895 3436 7.47922634 0.00747922634 3.83910615
895 3436 7.47922692 0.00747922692 3.83910615
895 3436 7.47922837 0.00747922837 3.83910615
894 3427 7.46402903 0.00746402903 3.83333333
894 3427 7.46410731 0.00746410731 3.83333333
894 3427 7.46397468 0.00746397468 3.83333333
894 3427 7.46399698 0.00746399698 3.83333333
894 3427 7.46400599 0.00746400599 3.83333333
894 3427 7.46400686 0.00746400686 3.83333333
894 3427 7.46400975 0.00746400975 3.83333333
894 3427 7.46401087 0.00746401087 3.83333333
894 3427 7.46401148 0.00746401148 3.83333333
894 3427 7.46401168 0.00746401168 3.83333333
893 3421 7.44832314 0.00744832314 3.83090705
893 3421 7.44849603 0.00744849603 3.83090705
893 3421 7.44832714 0.00744832714 3.83090705
893 3421 7.44829323 0.00744829323 3.83090705
893 3421 7.44829855 0.00744829855 3.83090705
893 3421 7.44830273 0.00744830273 3.83090705
893 3421 7.44831133 0.00744831133 3.83090705
893 3421 7.44831391 0.00744831391 3.83090705
893 3421 7.44831486 0.00744831486 3.83090705
893 3421 7.44831519 0.00744831519 3.83090705
892 3415 7.43277981 0.00743277981 3.82847534
892 3415 7.43296045 0.00743296045 3.82847534
892 3415 7.43294025 0.00743294025 3.82847534
892 3415 7.43295648 0.00743295648 3.82847534
892 3415 7.43296 0.00743296 3.82847534
892 3415 7.43295895 0.00743295895 3.82847534
892 3415 7.43295775 0.00743295775 3.82847534
892 3415 7.43296261 0.00743296261 3.82847534
892 3415 7.4329641 0.0074329641 3.82847534
892 3415 7.4329648 0.0074329648 3.82847534
891 3402 7.41704191 0.00741704191 3.81818182
891 3402 7.41771305 0.00741771305 3.81818182
891 3406 7.42239132 0.00742239132 3.82267116
891 3406 7.42229264 0.00742229264 3.82267116
891 3406 7.42227367 0.00742227367 3.82267116
891 3406 7.42227649 0.00742227649 3.82267116
891 3406 7.42228169 0.00742228169 3.82267116
891 3406 7.42228957 0.00742228957 3.82267116
891 3406 7.42229106 0.00742229106 3.82267116
891 3406 7.42229107 0.00742229107 3.82267116
890 3400 7.40723649 0.00740723649 3.82022472
890 3400 7.40730644 0.00740730644 3.82022472
890 3400 7.40736685 0.00740736685 3.82022472
890 3400 7.40729748 0.00740729748 3.82022472
890 3400 7.40730782 0.00740730782 3.82022472
890 3400 7.40734026 0.00740734026 3.82022472
890 3400 7.40734794 0.00740734794 3.82022472
890 3400 7.40734528 0.00740734528 3.82022472
890 3400 7.40734296 0.00740734296 3.82022472
890 3400 7.4073447 0.0074073447 3.82022472
889 3390 7.3916605 0.0073916605 3.81327334
889 3391 7.39155181 0.00739155181 3.8143982
889 3390 7.39172494 0.00739172494 3.81327334
889 3391 7.39156352 0.00739156352 3.8143982
889 3390 7.39169605 0.00739169605 3.81327334
889 3391 7.39156266 0.00739156266 3.8143982
889 3390 7.39169376 0.00739169376 3.81327334
889 3391 7.39154722 0.00739154722 3.8143982
889 3390 7.39168187 0.00739168187 3.81327334
889 3391 7.39154443 0.00739154443 3.8143982
888 3381 7.37579947 0.00737579947 3.80743243
888 3386 7.3757535 0.0073757535 3.81306306
888 3388 7.38144007 0.00738144007 3.81531532
888 3388 7.38148791 0.00738148791 3.81531532
888 3388 7.38136319 0.00738136319 3.81531532
888 3388 7.38145708 0.00738145708 3.81531532
888 3388 7.38141991 0.00738141991 3.81531532
888 3388 7.38147284 0.00738147284 3.81531532
888 3388 7.38147673 0.00738147673 3.81531532
888 3388 7.38147347 0.00738147347 3.81531532
887 3381 7.36615058 0.00736615058 3.81172492
887 3381 7.36610067 0.00736610067 3.81172492
887 3381 7.36616754 0.00736616754 3.81172492
887 3381 7.36616657 0.00736616657 3.81172492
887 3381 7.3661565 0.0073661565 3.81172492
887 3381 7.36616948 0.00736616948 3.81172492
887 3381 7.36617487 0.00736617487 3.81172492
887 3381 7.36617427 0.00736617427 3.81172492
887 3381 7.36617452 0.00736617452 3.81172492
887 3381 7.36617323 0.00736617323 3.81172492
886 3372 7.35096714 0.00735096714 3.80586907
886 3372 7.35092693 0.00735092693 3.80586907
886 3372 7.35091425 0.00735091425 3.80586907
886 3372 7.35091235 0.00735091235 3.80586907
886 3372 7.35092282 0.00735092282 3.80586907
886 3372 7.35093358 0.00735093358 3.80586907
886 3372 7.35092994 0.00735092994 3.80586907
886 3372 7.35092932 0.00735092932 3.80586907
886 3372 7.35093323 0.00735093323 3.80586907
886 3372 7.35093417 0.00735093417 3.80586907
885 3363 7.33545558 0.00733545558 3.8
885 3363 7.33546527 0.00733546527 3.8
885 3363 7.33545507 0.00733545507 3.8
885 3363 7.33545176 0.00733545176 3.8
885 3363 7.33545365 0.00733545365 3.8
885 3363 7.33546385 0.00733546385 3.8
885 3363 7.33546258 0.00733546258 3.8
885 3363 7.33546046 0.00733546046 3.8
885 3363 7.33546137 0.00733546137 3.8
885 3363 7.33546041 0.00733546041 3.8
884 3359 7.31970854 0.00731970854 3.79977376
884 3359 7.31972285 0.00731972285 3.79977376
884 3359 7.31971867 0.00731971867 3.79977376
884 3359 7.31961736 0.00731961736 3.79977376
884 3359 7.31980302 0.00731980302 3.79977376
884 3359 7.31960611 0.00731960611 3.79977376
884 3359 7.31978943 0.00731978943 3.79977376
884 3359 7.3196118 0.0073196118 3.79977376
884 3359 7.31978325 0.00731978325 3.79977376
884 3359 7.31961358 0.00731961358 3.79977376
883 3351 7.30381407 0.00730381407 3.79501699
883 3351 7.3037939 0.0073037939 3.79501699
883 3354 7.30365829 0.00730365829 3.7984145
883 3355 7.30380485 0.00730380485 3.799547
883 3354 7.3035714 0.0073035714 3.7984145
883 3351 7.30384105 0.00730384105 3.79501699
883 3355 7.3037993 0.0073037993 3.799547
883 3355 7.3037882 0.0073037882 3.799547
883 3351 7.30378839 0.00730378839 3.79501699
883 3354 7.30369361 0.00730369361 3.7984145
882 3350 7.28781134 0.00728781134 3.79818594
882 3350 7.28783555 0.00728783555 3.79818594
882 3350 7.28783252 0.00728783252 3.79818594
882 3350 7.28769185 0.00728769185 3.79818594
882 3346 7.28777105 0.00728777105 3.79365079
882 3346 7.28781248 0.00728781248 3.79365079
882 3346 7.28778452 0.00728778452 3.79365079
882 3346 7.28784504 0.00728784504 3.79365079
882 3346 7.28785059 0.00728785059 3.79365079
882 3346 7.28782432 0.00728782432 3.79365079
881 3341 7.27199616 0.00727199616 3.7922815
881 3341 7.27384818 0.00727384818 3.7922815
881 3339 7.27652017 0.00727652017 3.79001135
881 3338 7.28038473 0.00728038473 3.78887628
881 3338 7.28316699 0.00728316699 3.78887628
881 3339 7.29689436 0.00729689436 3.79001135
881 3339 7.29694185 0.00729694185 3.79001135
881 3339 7.2969254 0.0072969254 3.79001135
881 3339 7.29691622 0.00729691622 3.79001135
881 3339 7.2969241 0.0072969241 3.79001135
880 3330 7.28274513 0.00728274513 3.78409091
880 3331 7.28306622 0.00728306622 3.78522727
880 3329 7.28317425 0.00728317425 3.78295455
880 3326 7.28370859 0.00728370859 3.77954545
880 3326 7.28373429 0.00728373429 3.77954545
880 3326 7.28367629 0.00728367629 3.77954545
880 3326 7.28372345 0.00728372345 3.77954545
880 3326 7.28370987 0.00728370987 3.77954545
880 3326 7.28364863 0.00728364863 3.77954545
880 3326 7.28370733 0.00728370733 3.77954545
879 3322 7.26924249 0.00726924249 3.77929465
879 3321 7.26913028 0.00726913028 3.778157
879 3322 7.26925584 0.00726925584 3.77929465
879 3322 7.2693024 0.0072693024 3.77929465
879 3321 7.26918636 0.00726918636 3.778157
879 3322 7.26926815 0.00726926815 3.77929465
879 3321 7.26910806 0.00726910806 3.778157
879 3322 7.26928127 0.00726928127 3.77929465
879 3321 7.26913046 0.00726913046 3.778157
879 3322 7.26930347 0.00726930347 3.77929465
878 3317 7.25477741 0.00725477741 3.77790433
878 3317 7.25474971 0.00725474971 3.77790433
878 3317 7.25472411 0.00725472411 3.77790433
878 3317 7.25472271 0.00725472271 3.77790433
878 3317 7.25474886 0.00725474886 3.77790433
878 3317 7.25475625 0.00725475625 3.77790433
878 3317 7.25475403 0.00725475403 3.77790433
878 3317 7.25475264 0.00725475264 3.77790433
878 3317 7.25475252 0.00725475252 3.77790433
878 3317 7.25475216 0.00725475216 3.77790433
877 3313 7.2402708 0.0072402708 3.77765108
877 3313 7.24014355 0.00724014355 3.77765108
877 3313 7.24027937 0.00724027937 3.77765108
877 3313 7.24029875 0.00724029875 3.77765108
877 3313 7.24032926 0.00724032926 3.77765108
877 3313 7.24033834 0.00724033834 3.77765108
877 3313 7.24033377 0.00724033377 3.77765108
877 3313 7.24033228 0.00724033228 3.77765108
877 3313 7.24033353 0.00724033353 3.77765108
877 3313 7.24033021 0.00724033021 3.77765108
876 3308 7.22509251 0.00722509251 3.77625571
876 3308 7.22502973 0.00722502973 3.77625571
876 3308 7.22568036 0.00722568036 3.77625571
876 3309 7.22565026 0.00722565026 3.77739726
876 3308 7.22563073 0.00722563073 3.77625571
876 3308 7.22561359 0.00722561359 3.77625571
876 3308 7.22571308 0.00722571308 3.77625571
876 3308 7.22568107 0.00722568107 3.77625571
876 3308 7.22566731 0.00722566731 3.77625571
876 3308 7.22567502 0.00722567502 3.77625571
875 3304 7.21128031 0.00721128031 3.776
875 3304 7.21123017 0.00721123017 3.776
875 3304 7.21108101 0.00721108101 3.776
875 3304 7.2112107 0.0072112107 3.776
875 3304 7.21108735 0.00721108735 3.776
875 3304 7.2112317 0.0072112317 3.776
875 3304 7.21109903 0.00721109903 3.776
875 3304 7.21123193 0.00721123193 3.776
875 3304 7.21109693 0.00721109693 3.776
875 3304 7.21123098 0.00721123098 3.776
874 3300 7.19683213 0.00719683213 3.77574371
874 3300 7.19691316 0.00719691316 3.77574371
874 3300 7.19681963 0.00719681963 3.77574371
874 3300 7.1967991 0.0071967991 3.77574371
874 3300 7.19676598 0.00719676598 3.77574371
874 3300 7.19676454 0.00719676454 3.77574371
874 3300 7.1967708 0.0071967708 3.77574371
874 3300 7.19677529 0.00719677529 3.77574371
874 3300 7.19677616 0.00719677616 3.77574371
874 3300 7.19677699 0.00719677699 3.77574371
873 3292 7.18108207 0.00718108207 3.77090493
873 3292 7.18103742 0.00718103742 3.77090493
873 3290 7.18072675 0.00718072675 3.76861397
873 3291 7.18167312 0.00718167312 3.76975945
873 3290 7.18227864 0.00718227864 3.76861397
873 3290 7.18229448 0.00718229448 3.76861397
873 3286 7.18233698 0.00718233698 3.76403207
873 3286 7.18227343 0.00718227343 3.76403207
873 3286 7.18226933 0.00718226933 3.76403207
873 3286 7.18228888 0.00718228888 3.76403207
872 3282 7.16817074 0.00716817074 3.76376147
872 3282 7.16812841 0.00716812841 3.76376147
872 3282 7.16812308 0.00716812308 3.76376147
872 3282 7.16810872 0.00716810872 3.76376147
872 3282 7.16811074 0.00716811074 3.76376147
872 3282 7.16811572 0.00716811572 3.76376147
872 3282 7.1681172 0.0071681172 3.76376147
872 3282 7.16811844 0.00716811844 3.76376147
872 3282 7.16811856 0.00716811856 3.76376147
872 3282 7.16811821 0.00716811821 3.76376147
871 3278 7.15373818 0.00715373818 3.76349024
871 3278 7.15374298 0.00715374298 3.76349024
871 3278 7.15365306 0.00715365306 3.76349024
871 3278 7.15366668 0.00715366668 3.76349024
871 3278 7.15353453 0.00715353453 3.76349024
871 3278 7.15358567 0.00715358567 3.76349024
871 3278 7.15371347 0.00715371347 3.76349024
871 3278 7.15352907 0.00715352907 3.76349024
871 3278 7.15358919 0.00715358919 3.76349024
871 3278 7.15371004 0.00715371004 3.76349024
870 3267 7.13834157 0.00713834157 3.75517241
870 3267 7.13859811 0.00713859811 3.75517241
870 3267 7.13861693 0.00713861693 3.75517241
870 3267 7.13834809 0.00713834809 3.75517241
870 3267 7.13822979 0.00713822979 3.75517241
870 3267 7.13832291 0.00713832291 3.75517241
870 3267 7.1383713 0.0071383713 3.75517241
870 3267 7.13837082 0.00713837082 3.75517241
870 3267 7.1383656 0.0071383656 3.75517241
870 3267 7.13835425 0.00713835425 3.75517241
869 3255 7.12311715 0.00712311715 3.7456847
869 3255 7.12345112 0.00712345112 3.7456847
869 3255 7.12331973 0.00712331973 3.7456847
869 3255 7.12322671 0.00712322671 3.7456847
869 3255 7.12319369 0.00712319369 3.7456847
869 3255 7.1232018 0.0071232018 3.7456847
869 3255 7.12321396 0.00712321396 3.7456847
869 3255 7.12322109 0.00712322109 3.7456847
869 3255 7.12321781 0.00712321781 3.7456847
869 3255 7.12321664 0.00712321664 3.7456847
868 3247 7.10779575 0.00710779575 3.74078341
868 3247 7.10775888 0.00710775888 3.74078341
868 3247 7.10766817 0.00710766817 3.74078341
868 3247 7.10799519 0.00710799519 3.74078341
868 3247 7.10784862 0.00710784862 3.74078341
868 3247 7.10786728 0.00710786728 3.74078341
868 3247 7.10805464 0.00710805464 3.74078341
868 3247 7.10810565 0.00710810565 3.74078341
868 3247 7.10812449 0.00710812449 3.74078341
868 3247 7.10813411 0.00710813411 3.74078341
867 3241 7.09252878 0.00709252878 3.73817762
867 3239 7.09263685 0.00709263685 3.73587082
867 3245 7.09240045 0.00709240045 3.74279123
867 3239 7.09260849 0.00709260849 3.73587082
867 3239 7.09264004 0.00709264004 3.73587082
867 3245 7.09232162 0.00709232162 3.74279123
867 3241 7.09240352 0.00709240352 3.73817762
867 3240 7.09231342 0.00709231342 3.73702422
867 3240 7.09237375 0.00709237375 3.73702422
867 3240 7.0924997 0.0070924997 3.73702422
866 3234 7.07721759 0.00707721759 3.73441109
866 3237 7.07729311 0.00707729311 3.73787529
866 3236 7.07726204 0.00707726204 3.73672055
866 3236 7.07718602 0.00707718602 3.73672055
866 3236 7.07714189 0.00707714189 3.73672055
866 3236 7.07715933 0.00707715933 3.73672055
866 3237 7.0770955 0.0070770955 3.73787529
866 3236 7.07725516 0.00707725516 3.73672055
866 3236 7.07716487 0.00707716487 3.73672055
866 3237 7.07722389 0.00707722389 3.73787529
865 3228 7.06248307 0.00706248307 3.73179191
865 3228 7.06238376 0.00706238376 3.73179191
865 3228 7.06238175 0.00706238175 3.73179191
865 3228 7.06239463 0.00706239463 3.73179191
865 3228 7.06236777 0.00706236777 3.73179191
865 3228 7.06237036 0.00706237036 3.73179191
865 3228 7.06236866 0.00706236866 3.73179191
865 3228 7.06237075 0.00706237075 3.73179191
865 3228 7.06237118 0.00706237118 3.73179191
865 3228 7.06237062 0.00706237062 3.73179191
864 3220 7.04722137 0.00704722137 3.72685185
864 3217 7.04990969 0.00704990969 3.72337963
864 3217 7.04958336 0.00704958336 3.72337963
864 3217 7.04971632 0.00704971632 3.72337963
864 3217 7.0497506 0.0070497506 3.72337963
864 3217 7.04953248 0.00704953248 3.72337963
864 3217 7.0497363 0.0070497363 3.72337963
864 3217 7.04973587 0.00704973587 3.72337963
864 3217 7.04952005 0.00704952005 3.72337963
864 3217 7.04973882 0.00704973882 3.72337963
863 3209 7.03492453 0.00703492453 3.7184241
863 3209 7.03527416 0.00703527416 3.7184241
863 3209 7.03509084 0.00703509084 3.7184241
863 3209 7.0351124 0.0070351124 3.7184241
863 3209 7.03507277 0.00703507277 3.7184241
863 3209 7.03504985 0.00703504985 3.7184241
863 3209 7.03504293 0.00703504293 3.7184241
863 3209 7.03504159 0.00703504159 3.7184241
863 3209 7.03504514 0.00703504514 3.7184241
863 3209 7.03504592 0.00703504592 3.7184241
862 3201 7.02036908 0.00702036908 3.71345708
862 3201 7.02049481 0.00702049481 3.71345708
862 3201 7.02063446 0.00702063446 3.71345708
862 3201 7.02068888 0.00702068888 3.71345708
862 3201 7.02069415 0.00702069415 3.71345708
862 3201 7.02069821 0.00702069821 3.71345708
862 3201 7.02069954 0.00702069954 3.71345708
862 3201 7.02069769 0.00702069769 3.71345708
862 3201 7.0206978 0.0070206978 3.71345708
862 3201 7.02069944 0.00702069944 3.71345708
861 3195 7.00543308 0.00700543308 3.71080139
861 3197 7.00524453 0.00700524453 3.71312427
861 3197 7.00515348 0.00700515348 3.71312427
861 3197 7.00511392 0.00700511392 3.71312427
861 3197 7.00514365 0.00700514365 3.71312427
861 3197 7.00510677 0.00700510677 3.71312427
861 3197 7.00510333 0.00700510333 3.71312427
861 3197 7.0051103 0.0070051103 3.71312427
861 3197 7.00511503 0.00700511503 3.71312427
861 3197 7.00511433 0.00700511433 3.71312427
860 3190 6.99047113 0.00699047113 3.70930233
860 3190 6.99049253 0.00699049253 3.70930233
860 3190 6.99065252 0.00699065252 3.70930233
860 3190 6.99073788 0.00699073788 3.70930233
860 3190 6.99074171 0.00699074171 3.70930233
860 3190 6.99073651 0.00699073651 3.70930233
860 3190 6.9907325 0.0069907325 3.70930233
860 3190 6.99073136 0.00699073136 3.70930233
860 3190 6.99073482 0.00699073482 3.70930233
860 3190 6.99073658 0.00699073658 3.70930233
859 3184 6.97561372 0.00697561372 3.70663562
859 3184 6.97552908 0.00697552908 3.70663562
859 3184 6.97536699 0.00697536699 3.70663562
859 3184 6.97541458 0.00697541458 3.70663562
859 3188 6.97529279 0.00697529279 3.7112922
859 3188 6.97531113 0.00697531113 3.7112922
859 3188 6.97536307 0.00697536307 3.7112922
859 3188 6.97537164 0.00697537164 3.7112922
859 3188 6.9753532 0.0069753532 3.7112922
859 3188 6.97535318 0.00697535318 3.7112922
858 3182 6.9604382 0.0069604382 3.70862471
858 3182 6.96015276 0.00696015276 3.70862471
858 3182 6.96014592 0.00696014592 3.70862471
858 3182 6.9601858 0.0069601858 3.70862471
858 3182 6.9602025 0.0069602025 3.70862471
858 3182 6.96020876 0.00696020876 3.70862471
858 3182 6.96021186 0.00696021186 3.70862471
858 3182 6.96020872 0.00696020872 3.70862471
858 3182 6.96020891 0.00696020891 3.70862471
858 3182 6.96021093 0.00696021093 3.70862471
857 3178 6.94469251 0.00694469251 3.70828471
857 3178 6.94465739 0.00694465739 3.70828471
857 3178 6.94482344 0.00694482344 3.70828471
857 3178 6.94490363 0.00694490363 3.70828471
857 3178 6.94473213 0.00694473213 3.70828471
857 3178 6.94457904 0.00694457904 3.70828471
857 3178 6.94465931 0.00694465931 3.70828471
857 3178 6.94484588 0.00694484588 3.70828471
857 3178 6.9449089 0.0069449089 3.70828471
857 3178 6.94473193 0.00694473193 3.70828471
856 3171 6.92828281 0.00692828281 3.70443925
856 3169 6.92865697 0.00692865697 3.7021028
856 3169 6.92869384 0.00692869384 3.7021028
856 3169 6.92878201 0.00692878201 3.7021028
856 3169 6.92861597 0.00692861597 3.7021028
856 3169 6.92865323 0.00692865323 3.7021028
856 3169 6.9286573 0.0069286573 3.7021028
856 3169 6.92867122 0.00692867122 3.7021028
856 3169 6.9286397 0.0069286397 3.7021028
856 3173 6.92846914 0.00692846914 3.7067757
855 3167 6.91282399 0.00691282399 3.70409357
855 3167 6.91269079 0.00691269079 3.70409357
855 3167 6.91269163 0.00691269163 3.70409357
855 3167 6.91266903 0.00691266903 3.70409357
855 3167 6.91284495 0.00691284495 3.70409357
855 3167 6.91272506 0.00691272506 3.70409357
855 3167 6.91264748 0.00691264748 3.70409357
855 3167 6.91264542 0.00691264542 3.70409357
855 3167 6.91287132 0.00691287132 3.70409357
855 3167 6.9127415 0.0069127415 3.70409357
854 3160 6.89660844 0.00689660844 3.70023419
854 3158 6.8968086 0.0068968086 3.69789227
854 3158 6.89680821 0.00689680821 3.69789227
854 3158 6.89671967 0.00689671967 3.69789227
854 3158 6.8968279 0.0068968279 3.69789227
854 3158 6.8967023 0.0068967023 3.69789227
854 3158 6.89678946 0.00689678946 3.69789227
854 3158 6.89673899 0.00689673899 3.69789227
854 3158 6.89682522 0.00689682522 3.69789227
854 3155 6.89684141 0.00689684141 3.69437939
853 3148 6.88070391 0.00688070391 3.6905041
853 3151 6.88094238 0.00688094238 3.6940211
853 3151 6.88073472 0.00688073472 3.6940211
853 3149 6.88106333 0.00688106333 3.69167644
853 3149 6.88090393 0.00688090393 3.69167644
853 3149 6.88103209 0.00688103209 3.69167644
853 3149 6.88104716 0.00688104716 3.69167644
853 3149 6.88106133 0.00688106133 3.69167644
853 3149 6.88106122 0.00688106122 3.69167644
853 3149 6.8810652 0.0068810652 3.69167644
852 3142 6.86506567 0.00686506567 3.68779343
852 3145 6.8649159 0.0068649159 3.69131455
852 3144 6.86513846 0.00686513846 3.69014085
852 3144 6.86517656 0.00686517656 3.69014085
852 3144 6.86516784 0.00686516784 3.69014085
852 3144 6.86515523 0.00686515523 3.69014085
852 3144 6.86515586 0.00686515586 3.69014085
852 3144 6.86515749 0.00686515749 3.69014085
852 3144 6.86515788 0.00686515788 3.69014085
852 3144 6.86515783 0.00686515783 3.69014085
851 3138 6.84936739 0.00684936739 3.68742656
851 3138 6.84920071 0.00684920071 3.68742656
851 3138 6.84925941 0.00684925941 3.68742656
851 3138 6.84925709 0.00684925709 3.68742656
851 3138 6.84927475 0.00684927475 3.68742656
851 3138 6.8492814 0.0068492814 3.68742656
851 3138 6.8492761 0.0068492761 3.68742656
851 3138 6.84927869 0.00684927869 3.68742656
851 3138 6.8492796 0.0068492796 3.68742656
851 3138 6.84928181 0.00684928181 3.68742656
850 3131 6.83321974 0.00683321974 3.68352941
850 3131 6.83332177 0.00683332177 3.68352941
850 3131 6.83326761 0.00683326761 3.68352941
850 3131 6.83332655 0.00683332655 3.68352941
850 3131 6.83314207 0.00683314207 3.68352941
850 3131 6.83333655 0.00683333655 3.68352941
850 3131 6.83313884 0.00683313884 3.68352941
850 3131 6.83334946 0.00683334946 3.68352941
850 3131 6.83314623 0.00683314623 3.68352941
850 3131 6.83334492 0.00683334492 3.68352941
849 3122 6.81703431 0.00681703431 3.67726737
849 3124 6.81697261 0.00681697261 3.67962309
849 3122 6.81699302 0.00681699302 3.67726737
849 3122 6.81721548 0.00681721548 3.67726737
849 3122 6.81728742 0.00681728742 3.67726737
849 3122 6.8172977 0.0068172977 3.67726737
849 3122 6.81726996 0.00681726996 3.67726737
849 3122 6.81725757 0.00681725757 3.67726737
849 3122 6.8172463 0.0068172463 3.67726737
849 3122 6.81724718 0.00681724718 3.67726737
848 3115 6.80107288 0.00680107288 3.67334906
848 3115 6.80086417 0.00680086417 3.67334906
848 3115 6.80097508 0.00680097508 3.67334906
848 3115 6.80084518 0.00680084518 3.67334906
848 3115 6.8010723 0.0068010723 3.67334906
848 3115 6.80085011 0.00680085011 3.67334906
848 3115 6.80081656 0.00680081656 3.67334906
848 3115 6.80082291 0.00680082291 3.67334906
848 3115 6.80094612 0.00680094612 3.67334906
848 3115 6.80090654 0.00680090654 3.67334906
847 3111 6.78352556 0.00678352556 3.6729634
847 3111 6.78340989 0.00678340989 3.6729634
847 3111 6.78359184 0.00678359184 3.6729634
847 3111 6.7833311 0.0067833311 3.6729634
847 3111 6.78350603 0.00678350603 3.6729634
847 3111 6.78356098 0.00678356098 3.6729634
847 3111 6.78355779 0.00678355779 3.6729634
847 3111 6.7835417 0.0067835417 3.6729634
847 3111 6.78356729 0.00678356729 3.6729634
847 3111 6.78359059 0.00678359059 3.6729634
846 3104 6.76609331 0.00676609331 3.66903073
846 3108 6.76602471 0.00676602471 3.67375887
846 3106 6.76568598 0.00676568598 3.6713948
846 3106 6.76676782 0.00676676782 3.6713948
846 3109 6.7682006 0.0067682006 3.6749409
846 3105 6.78076706 0.00678076706 3.67021277
846 3105 6.78114392 0.00678114392 3.67021277
846 3109 6.78168114 0.00678168114 3.6749409
846 3109 6.78160305 0.00678160305 3.6749409
846 3109 6.7816924 0.0067816924 3.6749409
845 3100 6.76524066 0.00676524066 3.66863905
845 3100 6.76508168 0.00676508168 3.66863905
845 3100 6.76507823 0.00676507823 3.66863905
845 3100 6.76498769 0.00676498769 3.66863905
845 3100 6.76515128 0.00676515128 3.66863905
845 3100 6.76515971 0.00676515971 3.66863905
845 3100 6.76498956 0.00676498956 3.66863905
845 3100 6.76507077 0.00676507077 3.66863905
845 3100 6.76520673 0.00676520673 3.66863905
845 3100 6.76500094 0.00676500094 3.66863905
844 3096 6.74850753 0.00674850753 3.66824645
844 3096 6.74816722 0.00674816722 3.66824645
844 3093 6.74853119 0.00674853119 3.66469194
844 3096 6.748535 0.006748535 3.66824645
844 3096 6.7482953 0.0067482953 3.66824645
844 3093 6.74850659 0.00674850659 3.66469194
844 3096 6.74854009 0.00674854009 3.66824645
844 3096 6.74829246 0.00674829246 3.66824645
844 3093 6.74850892 0.00674850892 3.66469194
844 3096 6.74853665 0.00674853665 3.66824645
843 3089 6.73180893 0.00673180893 3.66429419
843 3089 6.73192035 0.00673192035 3.66429419
843 3089 6.73199675 0.00673199675 3.66429419
843 3089 6.73200538 0.00673200538 3.66429419
843 3089 6.73198349 0.00673198349 3.66429419
843 3089 6.73197842 0.00673197842 3.66429419
843 3089 6.73197886 0.00673197886 3.66429419
843 3089 6.73197974 0.00673197974 3.66429419
843 3089 6.73197976 0.00673197976 3.66429419
843 3089 6.73197964 0.00673197964 3.66429419
842 3086 6.71480529 0.00671480529 3.66508314
842 3085 6.71519229 0.00671519229 3.66389549
842 3084 6.71682636 0.00671682636 3.66270784
842 3084 6.71671822 0.00671671822 3.66270784
842 3087 6.71630412 0.00671630412 3.66627078
842 3084 6.716821 0.006716821 3.66270784
842 3084 6.71682126 0.00671682126 3.66270784
842 3084 6.71679267 0.00671679267 3.66270784
842 3084 6.71676094 0.00671676094 3.66270784
842 3084 6.71675793 0.00671675793 3.66270784
841 3080 6.70033447 0.00670033447 3.66230678
841 3080 6.70022024 0.00670022024 3.66230678
841 3080 6.70012628 0.00670012628 3.66230678
841 3080 6.70013955 0.00670013955 3.66230678
841 3080 6.70020161 0.00670020161 3.66230678
841 3080 6.70020977 0.00670020977 3.66230678
841 3080 6.70019771 0.00670019771 3.66230678
841 3080 6.70018679 0.00670018679 3.66230678
841 3080 6.70018946 0.00670018946 3.66230678
841 3080 6.70019547 0.00670019547 3.66230678
840 3071 6.68342886 0.00668342886 3.65595238
840 3071 6.68341654 0.00668341654 3.65595238
840 3071 6.68359376 0.00668359376 3.65595238
840 3071 6.68362313 0.00668362313 3.65595238
840 3071 6.68364326 0.00668364326 3.65595238
840 3071 6.68363729 0.00668363729 3.65595238
840 3071 6.68364542 0.00668364542 3.65595238
840 3071 6.68364456 0.00668364456 3.65595238
840 3071 6.68364158 0.00668364158 3.65595238
840 3071 6.6836435 0.0066836435 3.65595238
839 3064 6.66667558 0.00666667558 3.65196663
839 3064 6.66657042 0.00666657042 3.65196663
839 3064 6.66660164 0.00666660164 3.65196663
839 3064 6.66656341 0.00666656341 3.65196663
839 3064 6.66658549 0.00666658549 3.65196663
839 3064 6.66655749 0.00666655749 3.65196663
839 3064 6.66654902 0.00666654902 3.65196663
839 3064 6.6665564 0.0066665564 3.65196663
839 3064 6.66655324 0.00666655324 3.65196663
839 3064 6.66654909 0.00666654909 3.65196663
838 3053 6.64884294 0.00664884294 3.64319809
838 3053 6.64892782 0.00664892782 3.64319809
838 3053 6.64885823 0.00664885823 3.64319809
838 3053 6.64887576 0.00664887576 3.64319809
838 3053 6.64884854 0.00664884854 3.64319809
838 3053 6.64885389 0.00664885389 3.64319809
838 3053 6.64885795 0.00664885795 3.64319809
838 3053 6.64886068 0.00664886068 3.64319809
838 3053 6.64886049 0.00664886049 3.64319809
838 3053 6.64886041 0.00664886041 3.64319809
837 3048 6.63146161 0.00663146161 3.64157706
837 3048 6.63146866 0.00663146866 3.64157706
837 3048 6.63155078 0.00663155078 3.64157706
837 3048 6.63156234 0.00663156234 3.64157706
837 3048 6.6315351 0.0066315351 3.64157706
837 3048 6.63154782 0.00663154782 3.64157706
837 3048 6.63155509 0.00663155509 3.64157706
837 3048 6.63154683 0.00663154683 3.64157706
837 3048 6.63154545 0.00663154545 3.64157706
837 3048 6.63154487 0.00663154487 3.64157706
836 3037 6.6138941 0.0066138941 3.63277512
836 3037 6.61390855 0.00661390855 3.63277512
836 3037 6.61399314 0.00661399314 3.63277512
836 3037 6.61407782 0.00661407782 3.63277512
836 3037 6.61412422 0.00661412422 3.63277512
836 3037 6.61411524 0.00661411524 3.63277512
836 3037 6.61410809 0.00661410809 3.63277512
836 3037 6.61409833 0.00661409833 3.63277512
836 3037 6.61409429 0.00661409429 3.63277512
836 3037 6.61409379 0.00661409379 3.63277512
835 3033 6.59581584 0.00659581584 3.63233533
835 3033 6.59529728 0.00659529728 3.63233533
835 3033 6.59549655 0.00659549655 3.63233533
835 3033 6.59551726 0.00659551726 3.63233533
835 3033 6.59539705 0.00659539705 3.63233533
835 3033 6.59537866 0.00659537866 3.63233533
835 3031 6.59549844 0.00659549844 3.62994012
835 3031 6.5953399 0.0065953399 3.62994012
835 3029 6.59588553 0.00659588553 3.62754491
835 3029 6.59570794 0.00659570794 3.62754491
834 3025 6.57765333 0.00657765333 3.62709832
834 3023 6.57769101 0.00657769101 3.62470024
834 3023 6.57753525 0.00657753525 3.62470024
834 3023 6.57756835 0.00657756835 3.62470024
834 3023 6.57758566 0.00657758566 3.62470024
834 3023 6.57751817 0.00657751817 3.62470024
834 3023 6.57764836 0.00657764836 3.62470024
834 3023 6.57757876 0.00657757876 3.62470024
834 3023 6.57772915 0.00657772915 3.62470024
834 3023 6.57765508 0.00657765508 3.62470024
833 3019 6.55962004 0.00655962004 3.6242497
833 3018 6.55946802 0.00655946802 3.62304922
833 3014 6.55936206 0.00655936206 3.6182473
833 3012 6.56534048 0.00656534048 3.61584634
833 3017 6.5663377 0.0065663377 3.62184874
833 3017 6.57065883 0.00657065883 3.62184874
833 3017 6.5725519 0.0065725519 3.62184874
833 3017 6.57252813 0.00657252813 3.62184874
833 3024 6.572561 0.006572561 3.6302521
833 3018 6.57239094 0.00657239094 3.62304922
832 3014 6.55566427 0.00655566427 3.62259615
832 3014 6.55569089 0.00655569089 3.62259615
832 3014 6.55569771 0.00655569771 3.62259615
832 3014 6.55562858 0.00655562858 3.62259615
832 3014 6.5555924 0.0065555924 3.62259615
832 3014 6.55560351 0.00655560351 3.62259615
832 3014 6.55561608 0.00655561608 3.62259615
832 3014 6.5556153 0.0065556153 3.62259615
832 3014 6.55560822 0.00655560822 3.62259615
832 3014 6.55560608 0.00655560608 3.62259615
831 3003 6.53818996 0.00653818996 3.61371841
831 3003 6.53826859 0.00653826859 3.61371841
831 3003 6.53831739 0.00653831739 3.61371841
831 3003 6.53826186 0.00653826186 3.61371841
831 3003 6.53826903 0.00653826903 3.61371841
831 3003 6.53829562 0.00653829562 3.61371841
831 3003 6.53830254 0.00653830254 3.61371841
831 3003 6.53829705 0.00653829705 3.61371841
831 3003 6.53828851 0.00653828851 3.61371841
831 3003 6.53828743 0.00653828743 3.61371841
830 2992 6.52060574 0.00652060574 3.60481928
830 2996 6.52024107 0.00652024107 3.60963855
830 2995 6.52103569 0.00652103569 3.60843373
830 2995 6.52084269 0.00652084269 3.60843373
830 2999 6.52081714 0.00652081714 3.61325301
830 2999 6.52099463 0.00652099463 3.61325301
830 2999 6.5207593 0.0065207593 3.61325301
830 2995 6.52088687 0.00652088687 3.60843373
830 2995 6.52099243 0.00652099243 3.60843373
830 2998 6.52076836 0.00652076836 3.61204819
829 2987 6.50333856 0.00650333856 3.60313631
829 2994 6.50523991 0.00650523991 3.61158022
829 2996 6.5058986 0.0065058986 3.61399276
829 2991 6.5084623 0.0065084623 3.6079614
829 2991 6.51662631 0.00651662631 3.6079614
829 2988 6.52728207 0.00652728207 3.60434258
829 2988 6.52725043 0.00652725043 3.60434258
829 2988 6.52728506 0.00652728506 3.60434258
829 2988 6.52726663 0.00652726663 3.60434258
829 2988 6.52732443 0.00652732443 3.60434258
828 2984 6.51169311 0.00651169311 3.60386473
828 2981 6.51176331 0.00651176331 3.60024155
828 2984 6.51175161 0.00651175161 3.60386473
828 2981 6.5118455 0.0065118455 3.60024155
828 2984 6.51168173 0.00651168173 3.60386473
828 2981 6.51184945 0.00651184945 3.60024155
828 2984 6.51173393 0.00651173393 3.60386473
828 2981 6.51185467 0.00651185467 3.60024155
828 2984 6.51172529 0.00651172529 3.60386473
828 2981 6.51184589 0.00651184589 3.60024155
827 2977 6.49590223 0.00649590223 3.59975816
827 2977 6.4958741 0.0064958741 3.59975816
827 2977 6.49601876 0.00649601876 3.59975816
827 2977 6.49592008 0.00649592008 3.59975816
827 2975 6.4955826 0.0064955826 3.59733978
827 2975 6.49562278 0.00649562278 3.59733978
827 2975 6.49569843 0.00649569843 3.59733978
827 2975 6.49575461 0.00649575461 3.59733978
827 2975 6.49576518 0.00649576518 3.59733978
827 2975 6.49575527 0.00649575527 3.59733978
826 2968 6.48002138 0.00648002138 3.59322034
826 2968 6.47966613 0.00647966613 3.59322034
826 2968 6.47975092 0.00647975092 3.59322034
826 2968 6.47973552 0.00647973552 3.59322034
826 2968 6.47972947 0.00647972947 3.59322034
826 2968 6.47971679 0.00647971679 3.59322034
826 2968 6.47982899 0.00647982899 3.59322034
826 2968 6.4797445 0.0064797445 3.59322034
826 2968 6.47971767 0.00647971767 3.59322034
826 2968 6.47975298 0.00647975298 3.59322034
825 2961 6.46314102 0.00646314102 3.58909091
825 2961 6.46295688 0.00646295688 3.58909091
825 2958 6.46307947 0.00646307947 3.58545455
825 2958 6.47343952 0.00647343952 3.58545455
825 2955 6.48013621 0.00648013621 3.58181818
825 2958 6.48062777 0.00648062777 3.58545455
825 2957 6.48092173 0.00648092173 3.58424242
825 2957 6.4810151 0.0064810151 3.58424242
825 2957 6.4808541 0.0064808541 3.58424242
825 2957 6.48102779 0.00648102779 3.58424242
824 2954 6.465482 0.006465482 3.58495146
824 2954 6.465562 0.006465562 3.58495146
824 2954 6.4656555 0.0064656555 3.58495146
824 2954 6.46569306 0.00646569306 3.58495146
824 2954 6.46569573 0.00646569573 3.58495146
824 2954 6.46572366 0.00646572366 3.58495146
824 2954 6.46572109 0.00646572109 3.58495146
824 2954 6.4657198 0.0064657198 3.58495146
824 2954 6.46572017 0.00646572017 3.58495146
824 2954 6.46571831 0.00646571831 3.58495146
823 2947 6.45028361 0.00645028361 3.58080194
823 2946 6.45014827 0.00645014827 3.57958688
823 2946 6.45021325 0.00645021325 3.57958688
823 2946 6.45021062 0.00645021062 3.57958688
823 2946 6.45024396 0.00645024396 3.57958688
823 2946 6.45026724 0.00645026724 3.57958688
823 2946 6.45027165 0.00645027165 3.57958688
823 2946 6.4502754 0.0064502754 3.57958688
823 2946 6.45027767 0.00645027767 3.57958688
823 2946 6.45027717 0.00645027717 3.57958688
822 2939 6.43454846 0.00643454846 3.57542579
822 2939 6.43432832 0.00643432832 3.57542579
822 2939 6.4342534 0.0064342534 3.57542579
822 2940 6.4342936 0.0064342936 3.57664234
822 2940 6.43446154 0.00643446154 3.57664234
822 2940 6.43443752 0.00643443752 3.57664234
822 2940 6.43444659 0.00643444659 3.57664234
822 2940 6.43441183 0.00643441183 3.57664234
822 2940 6.43443251 0.00643443251 3.57664234
822 2940 6.43442314 0.00643442314 3.57664234
821 2932 6.41852233 0.00641852233 3.57125457
821 2932 6.41847923 0.00641847923 3.57125457
821 2932 6.41862792 0.00641862792 3.57125457
821 2932 6.41870598 0.00641870598 3.57125457
821 2932 6.41875258 0.00641875258 3.57125457
821 2932 6.41875456 0.00641875456 3.57125457
821 2932 6.41875963 0.00641875963 3.57125457
821 2932 6.41876427 0.00641876427 3.57125457
821 2932 6.41876685 0.00641876685 3.57125457
821 2932 6.41876718 0.00641876718 3.57125457
820 2928 6.40255692 0.00640255692 3.57073171
820 2928 6.40224754 0.00640224754 3.57073171
820 2928 6.40224215 0.00640224215 3.57073171
820 2928 6.40224555 0.00640224555 3.57073171
820 2928 6.40225344 0.00640225344 3.57073171
820 2928 6.40224423 0.00640224423 3.57073171
820 2928 6.40224418 0.00640224418 3.57073171
820 2928 6.40224555 0.00640224555 3.57073171
820 2928 6.40224558 0.00640224558 3.57073171
820 2928 6.40224564 0.00640224564 3.57073171
819 2922 6.38527919 0.00638527919 3.56776557
819 2922 6.38518391 0.00638518391 3.56776557
819 2922 6.385367 0.006385367 3.56776557
819 2915 6.38589133 0.00638589133 3.55921856
819 2917 6.38721816 0.00638721816 3.56166056
819 2919 6.38685759 0.00638685759 3.56410256
819 2921 6.38702108 0.00638702108 3.56654457
819 2917 6.38719451 0.00638719451 3.56166056
819 2917 6.38713505 0.00638713505 3.56166056
819 2917 6.38715739 0.00638715739 3.56166056
818 2915 6.37151267 0.00637151267 3.56356968
818 2915 6.37141316 0.00637141316 3.56356968
818 2915 6.37145554 0.00637145554 3.56356968
818 2915 6.37133586 0.00637133586 3.56356968
818 2916 6.37152564 0.00637152564 3.56479218
818 2913 6.37183652 0.00637183652 3.56112469
818 2908 6.37295506 0.00637295506 3.55501222
818 2906 6.37318499 0.00637318499 3.55256724
818 2906 6.37317516 0.00637317516 3.55256724
818 2910 6.37374262 0.00637374262 3.55745721
817 2906 6.35882722 0.00635882722 3.55691554
817 2904 6.35883713 0.00635883713 3.55446756
817 2904 6.35879859 0.00635879859 3.55446756
817 2904 6.35889217 0.00635889217 3.55446756
817 2904 6.35880673 0.00635880673 3.55446756
817 2904 6.35894095 0.00635894095 3.55446756
817 2904 6.35893189 0.00635893189 3.55446756
817 2904 6.35892329 0.00635892329 3.55446756
817 2904 6.35894214 0.00635894214 3.55446756
817 2904 6.35898844 0.00635898844 3.55446756
816 2900 6.34394362 0.00634394362 3.55392157
816 2900 6.34373675 0.00634373675 3.55392157
816 2895 6.34354697 0.00634354697 3.54779412
816 2895 6.3516831 0.0063516831 3.54779412
816 2893 6.35184363 0.00635184363 3.54534314
816 2893 6.35201851 0.00635201851 3.54534314
816 2895 6.35161903 0.00635161903 3.54779412
816 2893 6.35176407 0.00635176407 3.54534314
816 2893 6.35195638 0.00635195638 3.54534314
816 2895 6.35161124 0.00635161124 3.54779412
815 2887 6.33710679 0.00633710679 3.54233129
815 2887 6.33708117 0.00633708117 3.54233129
815 2892 6.336877 0.006336877 3.54846626
815 2887 6.33717133 0.00633717133 3.54233129
815 2887 6.33704832 0.00633704832 3.54233129
815 2887 6.33713058 0.00633713058 3.54233129
815 2887 6.33710942 0.00633710942 3.54233129
815 2887 6.33714592 0.00633714592 3.54233129
815 2887 6.33697569 0.00633697569 3.54233129
815 2887 6.33706329 0.00633706329 3.54233129
814 2883 6.3221015 0.0063221015 3.54176904
814 2883 6.32147416 0.00632147416 3.54176904
814 2888 6.32796096 0.00632796096 3.54791155
814 2885 6.33074463 0.00633074463 3.54422604
814 2885 6.33074079 0.00633074079 3.54422604
814 2885 6.33058081 0.00633058081 3.54422604
814 2885 6.33075871 0.00633075871 3.54422604
814 2885 6.33078793 0.00633078793 3.54422604
814 2885 6.33078163 0.00633078163 3.54422604
814 2885 6.33082859 0.00633082859 3.54422604
813 2879 6.31649789 0.00631649789 3.54120541
813 2886 6.31999644 0.00631999644 3.5498155
813 2883 6.32452327 0.00632452327 3.54612546
813 2883 6.34563138 0.00634563138 3.54612546
813 2881 6.34641311 0.00634641311 3.54366544
813 2888 6.3462931 0.0063462931 3.55227552
813 2881 6.34628976 0.00634628976 3.54366544
813 2888 6.34627108 0.00634627108 3.55227552
813 2881 6.34636571 0.00634636571 3.54366544
813 2888 6.34631258 0.00634631258 3.55227552
812 2876 6.33322905 0.00633322905 3.54187192
812 2876 6.33327799 0.00633327799 3.54187192
812 2876 6.33327724 0.00633327724 3.54187192
812 2876 6.33329469 0.00633329469 3.54187192
812 2876 6.3332906 0.0063332906 3.54187192
812 2876 6.33328775 0.00633328775 3.54187192
812 2876 6.33328806 0.00633328806 3.54187192
812 2876 6.33328777 0.00633328777 3.54187192
812 2876 6.33328772 0.00633328772 3.54187192
812 2876 6.33328757 0.00633328757 3.54187192
811 2874 6.31988781 0.00631988781 3.54377312
811 2874 6.31983674 0.00631983674 3.54377312
811 2874 6.31984252 0.00631984252 3.54377312
811 2874 6.31981048 0.00631981048 3.54377312
811 2874 6.31982495 0.00631982495 3.54377312
811 2874 6.31982568 0.00631982568 3.54377312
811 2874 6.31982956 0.00631982956 3.54377312
811 2874 6.3198255 0.0063198255 3.54377312
811 2874 6.31982032 0.00631982032 3.54377312
811 2874 6.3198193 0.0063198193 3.54377312
810 2870 6.30618206 0.00630618206 3.54320988
810 2870 6.30620507 0.00630620507 3.54320988
810 2870 6.30610294 0.00630610294 3.54320988
810 2870 6.3061594 0.0063061594 3.54320988
810 2870 6.30620664 0.00630620664 3.54320988
810 2870 6.30612297 0.00630612297 3.54320988
810 2870 6.30623712 0.00630623712 3.54320988
810 2870 6.3061449 0.0063061449 3.54320988
810 2870 6.30615906 0.00630615906 3.54320988
810 2870 6.3062182 0.0063062182 3.54320988
809 2860 6.29213073 0.00629213073 3.53522868
809 2867 6.2922231 0.0062922231 3.54388133
809 2860 6.29203851 0.00629203851 3.53522868
809 2867 6.29218458 0.00629218458 3.54388133
809 2867 6.29219572 0.00629219572 3.54388133
809 2860 6.29203994 0.00629203994 3.53522868
809 2867 6.29222256 0.00629222256 3.54388133
809 2867 6.29221683 0.00629221683 3.54388133
809 2860 6.29203932 0.00629203932 3.53522868
809 2867 6.29222063 0.00629222063 3.54388133
808 2856 6.27815578 0.00627815578 3.53465347
808 2857 6.27837161 0.00627837161 3.53589109
808 2857 6.27819655 0.00627819655 3.53589109
808 2857 6.27825238 0.00627825238 3.53589109
808 2857 6.27824438 0.00627824438 3.53589109
808 2857 6.27822553 0.00627822553 3.53589109
808 2857 6.27822985 0.00627822985 3.53589109
808 2857 6.27823973 0.00627823973 3.53589109
808 2857 6.27823394 0.00627823394 3.53589109
808 2857 6.27822892 0.00627822892 3.53589109
807 2846 6.26397088 0.00626397088 3.52664188
807 2846 6.26406843 0.00626406843 3.52664188
807 2846 6.26406612 0.00626406612 3.52664188
807 2846 6.26393469 0.00626393469 3.52664188
807 2853 6.2640888 0.0062640888 3.53531599
807 2853 6.26387311 0.00626387311 3.53531599
807 2853 6.26389079 0.00626389079 3.53531599
807 2853 6.26388594 0.00626388594 3.53531599
807 2846 6.26404466 0.00626404466 3.52664188
807 2846 6.2640292 0.0062640292 3.52664188
806 2842 6.24957001 0.00624957001 3.52605459
806 2842 6.24945126 0.00624945126 3.52605459
806 2842 6.24937331 0.00624937331 3.52605459
806 2842 6.24952191 0.00624952191 3.52605459
806 2842 6.2494337 0.0062494337 3.52605459
806 2842 6.24953977 0.00624953977 3.52605459
806 2842 6.24941241 0.00624941241 3.52605459
806 2842 6.2495373 0.0062495373 3.52605459
806 2847 6.24953449 0.00624953449 3.53225806
806 2844 6.25154236 0.00625154236 3.52853598
805 2840 6.23728822 0.00623728822 3.52795031
805 2840 6.23725878 0.00623725878 3.52795031
805 2840 6.23729005 0.00623729005 3.52795031
805 2840 6.23728419 0.00623728419 3.52795031
805 2840 6.23728451 0.00623728451 3.52795031
805 2840 6.23728637 0.00623728637 3.52795031
805 2840 6.23728606 0.00623728606 3.52795031
805 2840 6.23728434 0.00623728434 3.52795031
805 2840 6.23728248 0.00623728248 3.52795031
805 2840 6.23728213 0.00623728213 3.52795031
804 2832 6.22244946 0.00622244946 3.52238806
804 2832 6.22245957 0.00622245957 3.52238806
804 2829 6.22230729 0.00622230729 3.51865672
804 2832 6.2224275 0.0062224275 3.52238806
804 2830 6.2221076 0.0062221076 3.5199005
804 2827 6.22301901 0.00622301901 3.51616915
804 2827 6.22297526 0.00622297526 3.51616915
804 2827 6.22305202 0.00622305202 3.51616915
804 2827 6.22311851 0.00622311851 3.51616915
804 2827 6.22315887 0.00622315887 3.51616915
803 2823 6.2090614 0.0062090614 3.51556663
803 2823 6.20896178 0.00620896178 3.51556663
803 2823 6.20873836 0.00620873836 3.51556663
803 2823 6.20882847 0.00620882847 3.51556663
803 2823 6.20887461 0.00620887461 3.51556663
803 2823 6.20888925 0.00620888925 3.51556663
803 2823 6.20883996 0.00620883996 3.51556663
803 2823 6.20884843 0.00620884843 3.51556663
803 2823 6.2088782 0.0062088782 3.51556663
803 2823 6.20889805 0.00620889805 3.51556663
802 2815 6.19396918 0.00619396918 3.50997506
802 2815 6.19388805 0.00619388805 3.50997506
802 2812 6.19396113 0.00619396113 3.50623441
802 2812 6.19387927 0.00619387927 3.50623441
802 2812 6.19397336 0.00619397336 3.50623441
802 2812 6.19397384 0.00619397384 3.50623441
802 2812 6.19396977 0.00619396977 3.50623441
802 2812 6.19397208 0.00619397208 3.50623441
802 2812 6.19397213 0.00619397213 3.50623441
802 2812 6.19397299 0.00619397299 3.50623441
801 2804 6.17899216 0.00617899216 3.50062422
801 2804 6.17880983 0.00617880983 3.50062422
801 2807 6.17868321 0.00617868321 3.50436954
801 2811 6.17896935 0.00617896935 3.5093633
801 2811 6.17889743 0.00617889743 3.5093633
801 2811 6.17883107 0.00617883107 3.5093633
801 2811 6.17881349 0.00617881349 3.5093633
801 2811 6.1788134 0.0061788134 3.5093633
801 2811 6.17882158 0.00617882158 3.5093633
801 2811 6.17882889 0.00617882889 3.5093633
800 2800 6.16404754 0.00616404754 3.5
800 2800 6.16417828 0.00616417828 3.5
800 2800 6.16412987 0.00616412987 3.5
800 2800 6.16412573 0.00616412573 3.5
800 2800 6.1641047 0.0061641047 3.5
800 2800 6.16410286 0.00616410286 3.5
800 2800 6.16410071 0.00616410071 3.5
800 2800 6.16409979 0.00616409979 3.5
800 2800 6.16409805 0.00616409805 3.5
800 2800 6.16409698 0.00616409698 3.5
799 2792 6.14902181 0.00614902181 3.49436796
799 2794 6.14885248 0.00614885248 3.49687109
799 2797 6.14885837 0.00614885837 3.50062578
799 2794 6.14888259 0.00614888259 3.49687109
799 2792 6.14890446 0.00614890446 3.49436796
799 2794 6.14888869 0.00614888869 3.49687109
799 2792 6.14886863 0.00614886863 3.49436796
799 2794 6.14887198 0.00614887198 3.49687109
799 2792 6.14886126 0.00614886126 3.49436796
799 2794 6.14886688 0.00614886688 3.49687109
798 2786 6.13400759 0.00613400759 3.49122807
798 2786 6.13374261 0.00613374261 3.49122807
798 2786 6.1338343 0.0061338343 3.49122807
798 2786 6.13393162 0.00613393162 3.49122807
798 2786 6.1339529 0.0061339529 3.49122807
798 2786 6.133941 0.006133941 3.49122807
798 2786 6.13395032 0.00613395032 3.49122807
798 2786 6.13395793 0.00613395793 3.49122807
798 2786 6.13395523 0.00613395523 3.49122807
798 2786 6.1339561 0.0061339561 3.49122807
797 2780 6.11876723 0.00611876723 3.4880803
797 2780 6.11878883 0.00611878883 3.4880803
797 2780 6.11867766 0.00611867766 3.4880803
797 2780 6.11876638 0.00611876638 3.4880803
797 2780 6.11861467 0.00611861467 3.4880803
797 2780 6.11874961 0.00611874961 3.4880803
797 2780 6.11861759 0.00611861759 3.4880803
797 2780 6.11875054 0.00611875054 3.4880803
797 2780 6.11861585 0.00611861585 3.4880803
797 2780 6.11875118 0.00611875118 3.4880803
796 2775 6.10326308 0.00610326308 3.4861809
796 2775 6.10322811 0.00610322811 3.4861809
796 2777 6.10328361 0.00610328361 3.48869347
796 2783 6.10373978 0.00610373978 3.49623116
796 2783 6.1035903 0.0061035903 3.49623116
796 2783 6.10355296 0.00610355296 3.49623116
796 2783 6.10353489 0.00610353489 3.49623116
796 2783 6.10352617 0.00610352617 3.49623116
796 2783 6.10353927 0.00610353927 3.49623116
796 2783 6.10354989 0.00610354989 3.49623116
795 2772 6.08842293 0.00608842293 3.48679245
795 2772 6.0883159 0.0060883159 3.48679245
795 2772 6.08838582 0.00608838582 3.48679245
795 2772 6.08831416 0.00608831416 3.48679245
795 2772 6.08838469 0.00608838469 3.48679245
795 2772 6.08832793 0.00608832793 3.48679245
795 2772 6.08839967 0.00608839967 3.48679245
795 2772 6.08833355 0.00608833355 3.48679245
795 2772 6.08840156 0.00608840156 3.48679245
795 2772 6.08833447 0.00608833447 3.48679245
794 2767 6.07320746 0.00607320746 3.48488665
794 2767 6.0730683 0.0060730683 3.48488665
794 2767 6.07306729 0.00607306729 3.48488665
794 2767 6.07325325 0.00607325325 3.48488665
794 2767 6.07301733 0.00607301733 3.48488665
794 2767 6.0731952 0.0060731952 3.48488665
794 2767 6.07316229 0.00607316229 3.48488665
794 2767 6.07310636 0.00607310636 3.48488665
794 2767 6.0732732 0.0060732732 3.48488665
794 2767 6.0730066 0.0060730066 3.48488665
793 2759 6.05762386 0.00605762386 3.47919294
793 2759 6.05746319 0.00605746319 3.47919294
793 2759 6.05776424 0.00605776424 3.47919294
793 2759 6.05762555 0.00605762555 3.47919294
793 2759 6.05751041 0.00605751041 3.47919294
793 2759 6.05774916 0.00605774916 3.47919294
793 2759 6.05758784 0.00605758784 3.47919294
793 2759 6.05771709 0.00605771709 3.47919294
793 2759 6.05761131 0.00605761131 3.47919294
793 2759 6.05772433 0.00605772433 3.47919294
792 2754 6.0417734 0.0060417734 3.47727273
792 2758 6.04300764 0.00604300764 3.48232323
792 2758 6.04297507 0.00604297507 3.48232323
792 2758 6.04278448 0.00604278448 3.48232323
792 2758 6.04304247 0.00604304247 3.48232323
792 2758 6.04302963 0.00604302963 3.48232323
792 2758 6.04300679 0.00604300679 3.48232323
792 2758 6.04300688 0.00604300688 3.48232323
792 2758 6.04301551 0.00604301551 3.48232323
792 2758 6.0430199 0.0060430199 3.48232323
791 2753 6.02752396 0.00602752396 3.48040455
791 2753 6.02750432 0.00602750432 3.48040455
791 2753 6.02750557 0.00602750557 3.48040455
791 2753 6.02741066 0.00602741066 3.48040455
791 2753 6.0274355 0.0060274355 3.48040455
791 2753 6.02750254 0.00602750254 3.48040455
791 2753 6.02754269 0.00602754269 3.48040455
791 2753 6.02753736 0.00602753736 3.48040455
791 2753 6.02752534 0.00602752534 3.48040455
791 2753 6.02752249 0.00602752249 3.48040455
790 2745 6.01182492 0.00601182492 3.47468354
790 2745 6.01171751 0.00601171751 3.47468354
790 2745 6.01179605 0.00601179605 3.47468354
790 2745 6.01182548 0.00601182548 3.47468354
790 2745 6.01177963 0.00601177963 3.47468354
790 2745 6.01180631 0.00601180631 3.47468354
790 2745 6.01178294 0.00601178294 3.47468354
790 2745 6.01179005 0.00601179005 3.47468354
790 2745 6.0117817 0.0060117817 3.47468354
790 2745 6.01178351 0.00601178351 3.47468354
789 2735 5.99572353 0.00599572353 3.46641318
789 2735 5.99534641 0.00599534641 3.46641318
789 2737 5.99577873 0.00599577873 3.46894804
789 2737 5.99586055 0.00599586055 3.46894804
789 2742 5.99568161 0.00599568161 3.47528517
789 2744 5.99665911 0.00599665911 3.47782003
789 2747 5.99714823 0.00599714823 3.48162231
789 2743 6.01157999 0.00601157999 3.4765526
789 2740 6.01409083 0.00601409083 3.47275032
789 2742 6.01594369 0.00601594369 3.47528517
788 2729 6.01074304 0.00601074304 3.46319797
788 2733 6.01264645 0.00601264645 3.46827411
788 2733 6.01269025 0.00601269025 3.46827411
788 2728 6.01289232 0.00601289232 3.46192893
788 2728 6.01277205 0.00601277205 3.46192893
788 2732 6.01283754 0.00601283754 3.46700508
788 2735 6.01412659 0.00601412659 3.47081218
788 2738 6.01406659 0.00601406659 3.47461929
788 2734 6.01440977 0.00601440977 3.46954315
788 2736 6.01581086 0.00601581086 3.47208122
787 2730 6.00111421 0.00600111421 3.46886912
787 2730 6.00124175 0.00600124175 3.46886912
787 2730 6.00114929 0.00600114929 3.46886912
787 2730 6.00116404 0.00600116404 3.46886912
787 2730 6.0012131 0.0060012131 3.46886912
787 2730 6.00123711 0.00600123711 3.46886912
787 2730 6.00115435 0.00600115435 3.46886912
787 2730 6.00118033 0.00600118033 3.46886912
787 2730 6.0012465 0.0060012465 3.46886912
787 2730 6.00115596 0.00600115596 3.46886912
786 2728 5.98603543 0.00598603543 3.47073791
786 2725 5.98598839 0.00598598839 3.46692112
786 2728 5.98597768 0.00598597768 3.47073791
786 2725 5.98602974 0.00598602974 3.46692112
786 2728 5.98599873 0.00598599873 3.47073791
786 2725 5.98602509 0.00598602509 3.46692112
786 2728 5.98599621 0.00598599621 3.47073791
786 2725 5.98601766 0.00598601766 3.46692112
786 2728 5.98599741 0.00598599741 3.47073791
786 2725 5.98602068 0.00598602068 3.46692112
785 2723 5.97114566 0.00597114566 3.46878981
785 2723 5.97097664 0.00597097664 3.46878981
785 2723 5.97126334 0.00597126334 3.46878981
785 2723 5.97110969 0.00597110969 3.46878981
785 2723 5.97131579 0.00597131579 3.46878981
785 2723 5.97111439 0.00597111439 3.46878981
785 2723 5.97132699 0.00597132699 3.46878981
785 2723 5.9711242 0.0059711242 3.46878981
785 2723 5.97133032 0.00597133032 3.46878981
785 2723 5.97112463 0.00597112463 3.46878981
784 2717 5.95583684 0.00595583684 3.46556122
784 2717 5.95567021 0.00595567021 3.46556122
784 2717 5.95569926 0.00595569926 3.46556122
784 2717 5.95574423 0.00595574423 3.46556122
784 2717 5.9557573 0.0059557573 3.46556122
784 2717 5.95576292 0.00595576292 3.46556122
784 2717 5.95576474 0.00595576474 3.46556122
784 2717 5.955766 0.005955766 3.46556122
784 2717 5.95576683 0.00595576683 3.46556122
784 2717 5.955767 0.005955767 3.46556122
783 2713 5.94073187 0.00594073187 3.46487867
783 2710 5.94056566 0.00594056566 3.46104725
783 2710 5.94066086 0.00594066086 3.46104725
783 2710 5.94070336 0.00594070336 3.46104725
783 2710 5.94070086 0.00594070086 3.46104725
783 2710 5.94069929 0.00594069929 3.46104725
783 2710 5.94069443 0.00594069443 3.46104725
783 2710 5.94069026 0.00594069026 3.46104725
783 2710 5.94068871 0.00594068871 3.46104725
783 2710 5.94068787 0.00594068787 3.46104725
782 2706 5.92596592 0.00592596592 3.46035806
782 2706 5.92580232 0.00592580232 3.46035806
782 2705 5.92589687 0.00592589687 3.45907928
782 2705 5.92566785 0.00592566785 3.45907928
782 2706 5.92584326 0.00592584326 3.46035806
782 2705 5.92590183 0.00592590183 3.45907928
782 2706 5.92594888 0.00592594888 3.46035806
782 2706 5.92581646 0.00592581646 3.46035806
782 2705 5.92582992 0.00592582992 3.45907928
782 2706 5.9259383 0.0059259383 3.46035806
781 2700 5.91051002 0.00591051002 3.45710627
781 2702 5.91063686 0.00591063686 3.45966709
781 2701 5.9106845 0.0059106845 3.45838668
781 2700 5.91078868 0.00591078868 3.45710627
781 2700 5.91057451 0.00591057451 3.45710627
781 2701 5.9106122 0.0059106122 3.45838668
781 2700 5.91086565 0.00591086565 3.45710627
781 2697 5.91062999 0.00591062999 3.45326504
781 2697 5.91071624 0.00591071624 3.45326504
781 2697 5.91072137 0.00591072137 3.45326504
780 2695 5.89565334 0.00589565334 3.45512821
780 2695 5.89553229 0.00589553229 3.45512821
780 2697 5.89540057 0.00589540057 3.45769231
780 2695 5.89568379 0.00589568379 3.45512821
780 2697 5.89551137 0.00589551137 3.45769231
780 2695 5.8954713 0.0058954713 3.45512821
780 2697 5.89535531 0.00589535531 3.45769231
780 2695 5.89567546 0.00589567546 3.45512821
780 2695 5.89561143 0.00589561143 3.45512821
780 2695 5.89556798 0.00589556798 3.45512821
779 2691 5.88050427 0.00588050427 3.45442875
779 2691 5.88049728 0.00588049728 3.45442875
779 2691 5.88050202 0.00588050202 3.45442875
779 2691 5.88055162 0.00588055162 3.45442875
779 2691 5.88055301 0.00588055301 3.45442875
779 2691 5.88059442 0.00588059442 3.45442875
779 2691 5.88057442 0.00588057442 3.45442875
779 2691 5.88060282 0.00588060282 3.45442875
779 2691 5.88058039 0.00588058039 3.45442875
779 2691 5.88060223 0.00588060223 3.45442875
778 2683 5.86527027 0.00586527027 3.44858612
778 2681 5.86514003 0.00586514003 3.44601542
778 2681 5.86515155 0.00586515155 3.44601542
778 2683 5.86515205 0.00586515205 3.44858612
778 2685 5.86515113 0.00586515113 3.45115681
778 2678 5.86537995 0.00586537995 3.44215938
778 2674 5.86574616 0.00586574616 3.43701799
778 2668 5.86653229 0.00586653229 3.42930591
778 2672 5.86742825 0.00586742825 3.4344473
778 2676 5.87593286 0.00587593286 3.43958869
777 2668 5.86431649 0.00586431649 3.43371943
777 2664 5.86478351 0.00586478351 3.42857143
777 2664 5.86472411 0.00586472411 3.42857143
777 2661 5.86509967 0.00586509967 3.42471042
777 2660 5.87400111 0.00587400111 3.42342342
777 2659 5.87514377 0.00587514377 3.42213642
777 2659 5.87527878 0.00587527878 3.42213642
777 2659 5.87525114 0.00587525114 3.42213642
777 2659 5.87533116 0.00587533116 3.42213642
777 2659 5.87524562 0.00587524562 3.42213642
776 2651 5.86067661 0.00586067661 3.41623711
776 2651 5.86059966 0.00586059966 3.41623711
776 2650 5.86061293 0.00586061293 3.41494845
776 2650 5.8605332 0.0058605332 3.41494845
776 2651 5.8605546 0.0058605546 3.41623711
776 2651 5.8606141 0.0058606141 3.41623711
776 2650 5.8605867 0.0058605867 3.41494845
776 2650 5.86052579 0.00586052579 3.41494845
776 2651 5.86058255 0.00586058255 3.41623711
776 2651 5.86061735 0.00586061735 3.41623711
775 2646 5.84612678 0.00584612678 3.41419355
775 2646 5.84589494 0.00584589494 3.41419355
775 2646 5.84599088 0.00584599088 3.41419355
775 2648 5.84594188 0.00584594188 3.41677419
775 2648 5.84585837 0.00584585837 3.41677419
775 2648 5.8459233 0.0058459233 3.41677419
775 2648 5.84589835 0.00584589835 3.41677419
775 2648 5.84589017 0.00584589017 3.41677419
775 2648 5.84587983 0.00584587983 3.41677419
775 2646 5.84594024 0.00584594024 3.41419355
774 2640 5.83111969 0.00583111969 3.41085271
774 2640 5.83113863 0.00583113863 3.41085271
774 2640 5.83106108 0.00583106108 3.41085271
774 2639 5.83094982 0.00583094982 3.40956072
774 2639 5.83091433 0.00583091433 3.40956072
774 2640 5.83097581 0.00583097581 3.41085271
774 2640 5.83103773 0.00583103773 3.41085271
774 2640 5.83108026 0.00583108026 3.41085271
774 2640 5.83111399 0.00583111399 3.41085271
774 2640 5.83102267 0.00583102267 3.41085271
773 2631 5.81603863 0.00581603863 3.40362225
773 2631 5.81607827 0.00581607827 3.40362225
773 2629 5.81612906 0.00581612906 3.40103493
773 2629 5.8164665 0.0058164665 3.40103493
773 2628 5.81688807 0.00581688807 3.39974127
773 2629 5.81726006 0.00581726006 3.40103493
773 2629 5.81731859 0.00581731859 3.40103493
773 2629 5.8170933 0.0058170933 3.40103493
773 2629 5.81709191 0.00581709191 3.40103493
773 2629 5.81703113 0.00581703113 3.40103493
772 2620 5.80267775 0.00580267775 3.39378238
772 2624 5.80268107 0.00580268107 3.39896373
772 2624 5.80260382 0.00580260382 3.39896373
772 2624 5.80265285 0.00580265285 3.39896373
772 2624 5.80264687 0.00580264687 3.39896373
772 2624 5.80257803 0.00580257803 3.39896373
772 2620 5.8029162 0.0058029162 3.39378238
772 2620 5.80274898 0.00580274898 3.39378238
772 2620 5.80275076 0.00580275076 3.39378238
772 2620 5.80279619 0.00580279619 3.39378238
771 2615 5.78804943 0.00578804943 3.39169909
771 2615 5.78801582 0.00578801582 3.39169909
771 2620 5.78804393 0.00578804393 3.39818418
771 2615 5.78807887 0.00578807887 3.39169909
771 2615 5.78811192 0.00578811192 3.39169909
771 2615 5.78811999 0.00578811999 3.39169909
771 2615 5.78809782 0.00578809782 3.39169909
771 2615 5.78810581 0.00578810581 3.39169909
771 2615 5.78812562 0.00578812562 3.39169909
771 2615 5.78810475 0.00578810475 3.39169909
770 2611 5.77346613 0.00577346613 3.39090909
770 2611 5.77354884 0.00577354884 3.39090909
770 2611 5.77347498 0.00577347498 3.39090909
770 2611 5.7734459 0.0057734459 3.39090909
770 2611 5.77343708 0.00577343708 3.39090909
770 2611 5.77347296 0.00577347296 3.39090909
770 2611 5.77348207 0.00577348207 3.39090909
770 2611 5.77348719 0.00577348719 3.39090909
770 2611 5.77348794 0.00577348794 3.39090909
770 2611 5.77348886 0.00577348886 3.39090909
769 2605 5.75849592 0.00575849592 3.38751625
769 2605 5.75848971 0.00575848971 3.38751625
769 2608 5.75837187 0.00575837187 3.39141743
769 2605 5.75850116 0.00575850116 3.38751625
769 2605 5.75844959 0.00575844959 3.38751625
769 2608 5.7583554 0.0057583554 3.39141743
769 2605 5.75848331 0.00575848331 3.38751625
769 2605 5.75843687 0.00575843687 3.38751625
769 2608 5.75835946 0.00575835946 3.39141743
769 2605 5.7584863 0.0057584863 3.38751625
768 2597 5.7434664 0.0057434664 3.38151042
768 2597 5.74342331 0.00574342331 3.38151042
768 2597 5.74345105 0.00574345105 3.38151042
768 2597 5.74346648 0.00574346648 3.38151042
768 2597 5.74346526 0.00574346526 3.38151042
768 2597 5.74346829 0.00574346829 3.38151042
768 2597 5.74346847 0.00574346847 3.38151042
768 2597 5.74346745 0.00574346745 3.38151042
768 2597 5.74346646 0.00574346646 3.38151042
768 2597 5.74346572 0.00574346572 3.38151042
767 2593 5.72830805 0.00572830805 3.38070404
767 2595 5.72835324 0.00572835324 3.3833116
767 2595 5.72831306 0.00572831306 3.3833116
767 2595 5.72836074 0.00572836074 3.3833116
767 2595 5.72829357 0.00572829357 3.3833116
767 2595 5.72827155 0.00572827155 3.3833116
767 2595 5.72827183 0.00572827183 3.3833116
767 2595 5.72827712 0.00572827712 3.3833116
767 2595 5.72827871 0.00572827871 3.3833116
767 2595 5.72827455 0.00572827455 3.3833116
766 2587 5.71323546 0.00571323546 3.3772846
766 2592 5.71321495 0.00571321495 3.38381201
766 2587 5.71329856 0.00571329856 3.3772846
766 2587 5.71316583 0.00571316583 3.3772846
766 2592 5.71316199 0.00571316199 3.38381201
766 2587 5.71330483 0.00571330483 3.3772846
766 2587 5.71310304 0.00571310304 3.3772846
766 2592 5.71315516 0.00571315516 3.38381201
766 2587 5.71330365 0.00571330365 3.3772846
766 2587 5.71310318 0.00571310318 3.3772846
765 2584 5.6981474 0.0056981474 3.37777778
765 2584 5.69797309 0.00569797309 3.37777778
765 2584 5.69797265 0.00569797265 3.37777778
765 2586 5.69789479 0.00569789479 3.38039216
765 2584 5.69802145 0.00569802145 3.37777778
765 2584 5.69808122 0.00569808122 3.37777778
765 2586 5.69780765 0.00569780765 3.38039216
765 2584 5.69804912 0.00569804912 3.37777778
765 2584 5.69808029 0.00569808029 3.37777778
765 2586 5.69780705 0.00569780705 3.38039216
764 2578 5.68244122 0.00568244122 3.37434555
764 2578 5.68248986 0.00568248986 3.37434555
764 2578 5.68247735 0.00568247735 3.37434555
764 2578 5.68246739 0.00568246739 3.37434555
764 2578 5.68246245 0.00568246245 3.37434555
764 2578 5.68246123 0.00568246123 3.37434555
764 2578 5.68246077 0.00568246077 3.37434555
764 2578 5.68245978 0.00568245978 3.37434555
764 2578 5.68245941 0.00568245941 3.37434555
764 2578 5.68245922 0.00568245922 3.37434555
763 2572 5.66666667 0.00566666667 3.37090433
763 2571 5.66631427 0.00566631427 3.36959371
763 2572 5.66664934 0.00566664934 3.37090433
763 2572 5.66673167 0.00566673167 3.37090433
763 2571 5.66630323 0.00566630323 3.36959371
763 2572 5.66658788 0.00566658788 3.37090433
763 2572 5.66671599 0.00566671599 3.37090433
763 2571 5.66630734 0.00566630734 3.36959371
763 2572 5.66659964 0.00566659964 3.37090433
763 2572 5.66671958 0.00566671958 3.37090433
762 2565 5.65063326 0.00565063326 3.36614173
762 2565 5.65061863 0.00565061863 3.36614173
762 2565 5.65021473 0.00565021473 3.36614173
762 2564 5.65015525 0.00565015525 3.3648294
762 2567 5.65372385 0.00565372385 3.3687664
762 2571 5.65408709 0.00565408709 3.37401575
762 2571 5.65395311 0.00565395311 3.37401575
762 2571 5.6539788 0.0056539788 3.37401575
762 2571 5.65389739 0.00565389739 3.37401575
762 2571 5.65389889 0.00565389889 3.37401575
761 2563 5.63872118 0.00563872118 3.36793693
761 2563 5.63880436 0.00563880436 3.36793693
761 2563 5.63875832 0.00563875832 3.36793693
761 2563 5.63875878 0.00563875878 3.36793693
761 2563 5.63880749 0.00563880749 3.36793693
761 2563 5.63875842 0.00563875842 3.36793693
761 2564 5.6383316 0.0056383316 3.36925099
761 2563 5.63875553 0.00563875553 3.36793693
761 2563 5.63876054 0.00563876054 3.36793693
761 2563 5.63877078 0.00563877078 3.36793693
760 2557 5.62286563 0.00562286563 3.36447368
760 2556 5.6229066 0.0056229066 3.36315789
760 2556 5.62285902 0.00562285902 3.36315789
760 2556 5.62287121 0.00562287121 3.36315789
760 2556 5.62287182 0.00562287182 3.36315789
760 2556 5.62287807 0.00562287807 3.36315789
760 2556 5.62287904 0.00562287904 3.36315789
760 2556 5.6228779 0.0056228779 3.36315789
760 2556 5.62287676 0.00562287676 3.36315789
760 2556 5.62287632 0.00562287632 3.36315789
759 2550 5.60716911 0.00560716911 3.35968379
759 2550 5.60738047 0.00560738047 3.35968379
759 2550 5.60727814 0.00560727814 3.35968379
759 2550 5.60730877 0.00560730877 3.35968379
759 2550 5.60727494 0.00560727494 3.35968379
759 2550 5.60727597 0.00560727597 3.35968379
759 2550 5.60728068 0.00560728068 3.35968379
759 2550 5.60725933 0.00560725933 3.35968379
759 2550 5.60726649 0.00560726649 3.35968379
759 2550 5.60726153 0.00560726153 3.35968379
758 2540 5.59089495 0.00559089495 3.35092348
758 2543 5.59069718 0.00559069718 3.35488127
758 2543 5.59104118 0.00559104118 3.35488127
758 2543 5.590972 0.005590972 3.35488127
758 2543 5.59094882 0.00559094882 3.35488127
758 2543 5.59092157 0.00559092157 3.35488127
758 2543 5.59091659 0.00559091659 3.35488127
758 2543 5.5909079 0.0055909079 3.35488127
758 2543 5.59089443 0.00559089443 3.35488127
758 2543 5.59090108 0.00559090108 3.35488127
757 2534 5.57462186 0.00557462186 3.34742404
757 2534 5.57467653 0.00557467653 3.34742404
757 2534 5.57449166 0.00557449166 3.34742404
757 2534 5.57450939 0.00557450939 3.34742404
757 2534 5.57450372 0.00557450372 3.34742404
757 2534 5.57451015 0.00557451015 3.34742404
757 2534 5.57451017 0.00557451017 3.34742404
757 2534 5.57451026 0.00557451026 3.34742404
757 2534 5.57451046 0.00557451046 3.34742404
757 2534 5.57451034 0.00557451034 3.34742404
756 2531 5.55763667 0.00555763667 3.3478836
756 2533 5.55803011 0.00555803011 3.3505291
756 2537 5.55805441 0.00555805441 3.35582011
756 2539 5.56531222 0.00556531222 3.35846561
756 2543 5.56937278 0.00556937278 3.36375661
756 2547 5.57239881 0.00557239881 3.36904762
756 2547 5.57213956 0.00557213956 3.36904762
756 2547 5.57213547 0.00557213547 3.36904762
756 2547 5.57222137 0.00557222137 3.36904762
756 2547 5.57215572 0.00557215572 3.36904762
755 2539 5.55647061 0.00555647061 3.36291391
755 2537 5.55618084 0.00555618084 3.3602649
755 2537 5.55645315 0.00555645315 3.3602649
755 2537 5.55633553 0.00555633553 3.3602649
755 2537 5.55625562 0.00555625562 3.3602649
755 2537 5.55625906 0.00555625906 3.3602649
755 2537 5.55627015 0.00555627015 3.3602649
755 2537 5.556269 0.005556269 3.3602649
755 2537 5.55626187 0.00555626187 3.3602649
755 2537 5.55625923 0.00555625923 3.3602649
754 2529 5.54030319 0.00554030319 3.35411141
754 2529 5.54022394 0.00554022394 3.35411141
754 2529 5.54016679 0.00554016679 3.35411141
754 2529 5.54041081 0.00554041081 3.35411141
754 2529 5.5402117 0.0055402117 3.35411141
754 2529 5.54043258 0.00554043258 3.35411141
754 2529 5.54021528 0.00554021528 3.35411141
754 2529 5.54040785 0.00554040785 3.35411141
754 2529 5.54022045 0.00554022045 3.35411141
754 2529 5.54041586 0.00554041586 3.35411141
753 2520 5.52400053 0.00552400053 3.34661355
753 2521 5.52329809 0.00552329809 3.34794157
753 2520 5.52393481 0.00552393481 3.34661355
753 2524 5.52399993 0.00552399993 3.35192563
753 2524 5.52408426 0.00552408426 3.35192563
753 2524 5.5240628 0.0055240628 3.35192563
753 2524 5.52403524 0.00552403524 3.35192563
753 2524 5.5240426 0.0055240426 3.35192563
753 2524 5.52402993 0.00552402993 3.35192563
753 2524 5.52403261 0.00552403261 3.35192563
752 2514 5.50737263 0.00550737263 3.34308511
752 2517 5.50693702 0.00550693702 3.34707447
752 2515 5.50715608 0.00550715608 3.34441489
752 2515 5.50735363 0.00550735363 3.34441489
752 2515 5.50734558 0.00550734558 3.34441489
752 2515 5.50730428 0.00550730428 3.34441489
752 2515 5.50733238 0.00550733238 3.34441489
752 2515 5.50729055 0.00550729055 3.34441489
752 2515 5.5072892 0.0055072892 3.34441489
752 2515 5.50727977 0.00550727977 3.34441489
751 2505 5.49067196 0.00549067196 3.3355526
751 2508 5.4905057 0.0054905057 3.33954727
751 2505 5.49064819 0.00549064819 3.3355526
751 2508 5.48999912 0.00548999912 3.33954727
751 2505 5.49065661 0.00549065661 3.3355526
751 2508 5.49045022 0.00549045022 3.33954727
751 2505 5.49068369 0.00549068369 3.3355526
751 2508 5.49007528 0.00549007528 3.33954727
751 2505 5.49060212 0.00549060212 3.3355526
751 2508 5.49044688 0.00549044688 3.33954727
750 2499 5.4738785 0.0054738785 3.332
750 2498 5.47372317 0.00547372317 3.33066667
750 2498 5.47344731 0.00547344731 3.33066667
750 2498 5.47345088 0.00547345088 3.33066667
750 2498 5.47348884 0.00547348884 3.33066667
750 2498 5.473474 0.005473474 3.33066667
750 2498 5.47346314 0.00547346314 3.33066667
750 2498 5.47345392 0.00547345392 3.33066667
750 2498 5.47346199 0.00547346199 3.33066667
750 2498 5.47346021 0.00547346021 3.33066667
749 2492 5.45639953 0.00545639953 3.3271028
749 2494 5.46272462 0.00546272462 3.32977303
749 2496 5.46294237 0.00546294237 3.33244326
749 2496 5.46297369 0.00546297369 3.33244326
749 2496 5.46295834 0.00546295834 3.33244326
749 2496 5.46295362 0.00546295362 3.33244326
749 2496 5.46293981 0.00546293981 3.33244326
749 2496 5.46294593 0.00546294593 3.33244326
749 2496 5.46292935 0.00546292935 3.33244326
749 2496 5.46292877 0.00546292877 3.33244326
748 2486 5.44645771 0.00544645771 3.32352941
748 2486 5.44642414 0.00544642414 3.32352941
748 2486 5.44640279 0.00544640279 3.32352941
748 2486 5.44638212 0.00544638212 3.32352941
748 2486 5.44639311 0.00544639311 3.32352941
748 2486 5.44639584 0.00544639584 3.32352941
748 2486 5.44639662 0.00544639662 3.32352941
748 2486 5.44639499 0.00544639499 3.32352941
748 2486 5.44639479 0.00544639479 3.32352941
748 2486 5.44639549 0.00544639549 3.32352941
747 2477 5.42980535 0.00542980535 3.31593039
747 2480 5.42932901 0.00542932901 3.31994645
747 2477 5.42985152 0.00542985152 3.31593039
747 2477 5.4298999 0.0054298999 3.31593039
747 2480 5.42923985 0.00542923985 3.31994645
747 2477 5.42973939 0.00542973939 3.31593039
747 2477 5.42994137 0.00542994137 3.31593039
747 2480 5.42922203 0.00542922203 3.31994645
747 2477 5.42971773 0.00542971773 3.31593039
747 2477 5.42995026 0.00542995026 3.31593039
746 2471 5.41275223 0.00541275223 3.31233244
746 2473 5.41267443 0.00541267443 3.3150134
746 2473 5.41287854 0.00541287854 3.3150134
746 2474 5.41270967 0.00541270967 3.31635389
746 2482 5.41274469 0.00541274469 3.32707775
746 2480 5.41426349 0.00541426349 3.32439678
746 2480 5.41397058 0.00541397058 3.32439678
746 2480 5.41397779 0.00541397779 3.32439678
746 2482 5.41366625 0.00541366625 3.32707775
746 2480 5.41399931 0.00541399931 3.32439678
745 2476 5.39697137 0.00539697137 3.32348993
745 2476 5.39709992 0.00539709992 3.32348993
745 2476 5.3970732 0.0053970732 3.32348993
745 2476 5.39705966 0.00539705966 3.32348993
745 2476 5.39707759 0.00539707759 3.32348993
745 2476 5.39708673 0.00539708673 3.32348993
745 2476 5.39709474 0.00539709474 3.32348993
745 2476 5.39709966 0.00539709966 3.32348993
745 2476 5.39710254 0.00539710254 3.32348993
745 2476 5.39710405 0.00539710405 3.32348993
744 2469 5.37975384 0.00537975384 3.31854839
744 2469 5.37964345 0.00537964345 3.31854839
744 2469 5.37968457 0.00537968457 3.31854839
744 2469 5.37967273 0.00537967273 3.31854839
744 2469 5.37968363 0.00537968363 3.31854839
744 2469 5.37971406 0.00537971406 3.31854839
744 2469 5.37970367 0.00537970367 3.31854839
744 2469 5.37971127 0.00537971127 3.31854839
744 2469 5.37971653 0.00537971653 3.31854839
744 2469 5.37971458 0.00537971458 3.31854839
743 2458 5.36192988 0.00536192988 3.30820996
743 2458 5.36199731 0.00536199731 3.30820996
743 2461 5.361844 0.005361844 3.31224764
743 2461 5.36177276 0.00536177276 3.31224764
743 2461 5.36176886 0.00536176886 3.31224764
743 2461 5.36179609 0.00536179609 3.31224764
743 2461 5.36181182 0.00536181182 3.31224764
743 2461 5.36182167 0.00536182167 3.31224764
743 2461 5.36182768 0.00536182768 3.31224764
743 2461 5.36183139 0.00536183139 3.31224764
742 2454 5.34418088 0.00534418088 3.30727763
742 2451 5.34401285 0.00534401285 3.3032345
742 2451 5.34413033 0.00534413033 3.3032345
742 2454 5.34458082 0.00534458082 3.30727763
742 2454 5.34458879 0.00534458879 3.30727763
742 2454 5.34438837 0.00534438837 3.30727763
742 2454 5.34424638 0.00534424638 3.30727763
742 2454 5.34463136 0.00534463136 3.30727763
742 2454 5.34442593 0.00534442593 3.30727763
742 2454 5.34423649 0.00534423649 3.30727763
741 2448 5.32689661 0.00532689661 3.30364372
741 2447 5.3268865 0.0053268865 3.3022942
741 2447 5.32688165 0.00532688165 3.3022942
741 2448 5.32688673 0.00532688673 3.30364372
741 2448 5.32681117 0.00532681117 3.30364372
741 2448 5.3267167 0.0053267167 3.30364372
741 2448 5.32660234 0.00532660234 3.30364372
741 2448 5.32635341 0.00532635341 3.30364372
741 2448 5.32672838 0.00532672838 3.30364372
741 2448 5.32689116 0.00532689116 3.30364372
740 2442 5.30939277 0.00530939277 3.3
740 2442 5.30934841 0.00530934841 3.3
740 2442 5.30940797 0.00530940797 3.3
740 2442 5.30942507 0.00530942507 3.3
740 2442 5.30942797 0.00530942797 3.3
740 2442 5.30943681 0.00530943681 3.3
740 2442 5.30944154 0.00530944154 3.3
740 2442 5.30944487 0.00530944487 3.3
740 2442 5.30944671 0.00530944671 3.3
740 2442 5.30944774 0.00530944774 3.3
739 2435 5.29140549 0.00529140549 3.29499323
739 2435 5.29119018 0.00529119018 3.29499323
739 2435 5.29117538 0.00529117538 3.29499323
739 2435 5.29113458 0.00529113458 3.29499323
739 2435 5.29112679 0.00529112679 3.29499323
739 2435 5.29112466 0.00529112466 3.29499323
739 2435 5.29112278 0.00529112278 3.29499323
739 2435 5.29112176 0.00529112176 3.29499323
739 2435 5.29112113 0.00529112113 3.29499323
739 2435 5.2911207 0.0052911207 3.29499323
738 2432 5.27248936 0.00527248936 3.29539295
738 2432 5.27267876 0.00527267876 3.29539295
738 2432 5.27267035 0.00527267035 3.29539295
738 2432 5.2727046 0.0052727046 3.29539295
738 2432 5.27273584 0.00527273584 3.29539295
738 2432 5.27275624 0.00527275624 3.29539295
738 2432 5.27277609 0.00527277609 3.29539295
738 2432 5.27279129 0.00527279129 3.29539295
738 2432 5.27280075 0.00527280075 3.29539295
738 2432 5.27280663 0.00527280663 3.29539295
737 2426 5.25428551 0.00525428551 3.2917232
737 2426 5.25437381 0.00525437381 3.2917232
737 2426 5.25419333 0.00525419333 3.2917232
737 2426 5.25418593 0.00525418593 3.2917232
737 2426 5.25416591 0.00525416591 3.2917232
737 2426 5.25417824 0.00525417824 3.2917232
737 2426 5.25415018 0.00525415018 3.2917232
737 2426 5.2541347 0.0052541347 3.2917232
737 2426 5.25413683 0.00525413683 3.2917232
737 2426 5.25414255 0.00525414255 3.2917232
736 2417 5.23546651 0.00523546651 3.28396739
736 2417 5.23558818 0.00523558818 3.28396739
736 2417 5.23556339 0.00523556339 3.28396739
736 2417 5.23574912 0.00523574912 3.28396739
736 2417 5.23556737 0.00523556737 3.28396739
736 2417 5.23581609 0.00523581609 3.28396739
736 2417 5.23548204 0.00523548204 3.28396739
736 2417 5.23561414 0.00523561414 3.28396739
736 2417 5.23545504 0.00523545504 3.28396739
736 2417 5.23574738 0.00523574738 3.28396739
735 2413 5.21631857 0.00521631857 3.2829932
735 2417 5.21936008 0.00521936008 3.28843537
735 2417 5.21931175 0.00521931175 3.28843537
735 2417 5.21937675 0.00521937675 3.28843537
735 2417 5.21935073 0.00521935073 3.28843537
735 2417 5.21923984 0.00521923984 3.28843537
735 2417 5.21922465 0.00521922465 3.28843537
735 2417 5.21922685 0.00521922685 3.28843537
735 2417 5.21922613 0.00521922613 3.28843537
735 2417 5.21921012 0.00521921012 3.28843537
734 2408 5.20061292 0.00520061292 3.28065395
734 2411 5.20093521 0.00520093521 3.28474114
734 2413 5.20091044 0.00520091044 3.28746594
734 2411 5.20090691 0.00520090691 3.28474114
734 2406 5.2005246 0.0052005246 3.27792916
734 2400 5.21207864 0.00521207864 3.26975477
734 2400 5.2121258 0.0052121258 3.26975477
734 2400 5.21182547 0.00521182547 3.26975477
734 2400 5.21197168 0.00521197168 3.26975477
734 2400 5.21216351 0.00521216351 3.26975477
733 2396 5.19441777 0.00519441777 3.26875853
733 2398 5.19427689 0.00519427689 3.27148704
733 2398 5.19398709 0.00519398709 3.27148704
733 2398 5.19418588 0.00519418588 3.27148704
733 2396 5.19409219 0.00519409219 3.26875853
733 2398 5.19433434 0.00519433434 3.27148704
733 2398 5.19453343 0.00519453343 3.27148704
733 2398 5.19449271 0.00519449271 3.27148704
733 2398 5.19444639 0.00519444639 3.27148704
733 2398 5.19440044 0.00519440044 3.27148704
732 2389 5.17685273 0.00517685273 3.2636612
732 2392 5.17693355 0.00517693355 3.26775956
732 2392 5.17681962 0.00517681962 3.26775956
732 2389 5.17676542 0.00517676542 3.2636612
732 2392 5.17694139 0.00517694139 3.26775956
732 2392 5.17690433 0.00517690433 3.26775956
732 2392 5.17711519 0.00517711519 3.26775956
732 2392 5.17668773 0.00517668773 3.26775956
732 2392 5.17666126 0.00517666126 3.26775956
732 2392 5.1767802 0.0051767802 3.26775956
731 2383 5.15941722 0.00515941722 3.25991792
731 2383 5.15927939 0.00515927939 3.25991792
731 2386 5.15923849 0.00515923849 3.26402189
731 2383 5.15931925 0.00515931925 3.25991792
731 2386 5.15924664 0.00515924664 3.26402189
731 2386 5.1596232 0.0051596232 3.26402189
731 2386 5.1594223 0.0051594223 3.26402189
731 2386 5.15939744 0.00515939744 3.26402189
731 2386 5.15942061 0.00515942061 3.26402189
731 2386 5.15936181 0.00515936181 3.26402189
730 2377 5.14166421 0.00514166421 3.25616438
730 2377 5.14183991 0.00514183991 3.25616438
730 2377 5.14165496 0.00514165496 3.25616438
730 2377 5.14117225 0.00514117225 3.25616438
730 2377 5.14150427 0.00514150427 3.25616438
730 2377 5.14161854 0.00514161854 3.25616438
730 2377 5.14167692 0.00514167692 3.25616438
730 2377 5.14115508 0.00514115508 3.25616438
730 2377 5.14145897 0.00514145897 3.25616438
730 2377 5.14165223 0.00514165223 3.25616438
729 2368 5.1225165 0.0051225165 3.24828532
729 2371 5.12273876 0.00512273876 3.25240055
729 2376 5.1314705 0.0051314705 3.25925926
729 2378 5.13944373 0.00513944373 3.26200274
729 2378 5.13946117 0.00513946117 3.26200274
729 2378 5.13943547 0.00513943547 3.26200274
729 2378 5.13936038 0.00513936038 3.26200274
729 2378 5.13950077 0.00513950077 3.26200274
729 2378 5.13936779 0.00513936779 3.26200274
729 2378 5.13954161 0.00513954161 3.26200274
728 2371 5.12161969 0.00512161969 3.25686813
728 2371 5.12153158 0.00512153158 3.25686813
728 2371 5.1219157 0.0051219157 3.25686813
728 2371 5.12193357 0.00512193357 3.25686813
728 2371 5.12189277 0.00512189277 3.25686813
728 2371 5.12183107 0.00512183107 3.25686813
728 2371 5.12184354 0.00512184354 3.25686813
728 2371 5.12180805 0.00512180805 3.25686813
728 2371 5.12180786 0.00512180786 3.25686813
728 2371 5.12181281 0.00512181281 3.25686813
727 2362 5.10357424 0.00510357424 3.24896836
727 2362 5.10360755 0.00510360755 3.24896836
727 2362 5.10367999 0.00510367999 3.24896836
727 2362 5.10366857 0.00510366857 3.24896836
727 2362 5.10367238 0.00510367238 3.24896836
727 2362 5.10366713 0.00510366713 3.24896836
727 2362 5.10366448 0.00510366448 3.24896836
727 2362 5.10366477 0.00510366477 3.24896836
727 2362 5.10366651 0.00510366651 3.24896836
727 2362 5.10366697 0.00510366697 3.24896836
726 2353 5.08480097 0.00508480097 3.24104683
726 2356 5.08556802 0.00508556802 3.24517906
726 2354 5.10281188 0.00510281188 3.24242424
726 2357 5.10317653 0.00510317653 3.24655647
726 2354 5.10286682 0.00510286682 3.24242424
726 2357 5.10333549 0.00510333549 3.24655647
726 2354 5.10279001 0.00510279001 3.24242424
726 2357 5.1031733 0.0051031733 3.24655647
726 2354 5.10287208 0.00510287208 3.24242424
726 2357 5.10321125 0.00510321125 3.24655647
725 2350 5.08542794 0.00508542794 3.24137931
725 2350 5.08556616 0.00508556616 3.24137931
725 2350 5.08571751 0.00508571751 3.24137931
725 2350 5.08571116 0.00508571116 3.24137931
725 2350 5.08565397 0.00508565397 3.24137931
725 2350 5.08566026 0.00508566026 3.24137931
725 2350 5.0856265 0.0050856265 3.24137931
725 2350 5.08561805 0.00508561805 3.24137931
725 2350 5.08561318 0.00508561318 3.24137931
725 2350 5.08561308 0.00508561308 3.24137931
724 2341 5.06757815 0.00506757815 3.23342541
724 2339 5.06727524 0.00506727524 3.23066298
724 2344 5.06766918 0.00506766918 3.23756906
724 2344 5.06781921 0.00506781921 3.23756906
724 2344 5.06766435 0.00506766435 3.23756906
724 2344 5.06767416 0.00506767416 3.23756906
724 2344 5.06763895 0.00506763895 3.23756906
724 2344 5.06760997 0.00506760997 3.23756906
724 2344 5.06762982 0.00506762982 3.23756906
724 2344 5.06758362 0.00506758362 3.23756906
723 2335 5.04954554 0.00504954554 3.22959889
723 2335 5.04938568 0.00504938568 3.22959889
723 2335 5.04941611 0.00504941611 3.22959889
723 2335 5.04952134 0.00504952134 3.22959889
723 2335 5.04953222 0.00504953222 3.22959889
723 2335 5.04954674 0.00504954674 3.22959889
723 2335 5.04956047 0.00504956047 3.22959889
723 2335 5.04956889 0.00504956889 3.22959889
723 2335 5.04957414 0.00504957414 3.22959889
723 2335 5.0495777 0.0050495777 3.22959889
722 2328 5.0303248 0.0050303248 3.22437673
722 2328 5.03020205 0.00503020205 3.22437673
722 2328 5.03040157 0.00503040157 3.22437673
722 2328 5.030255 0.005030255 3.22437673
722 2328 5.03016999 0.00503016999 3.22437673
722 2328 5.02993802 0.00502993802 3.22437673
722 2328 5.02994305 0.00502994305 3.22437673
722 2328 5.02999986 0.00502999986 3.22437673
722 2328 5.03002915 0.00503002915 3.22437673
722 2328 5.03015557 0.00503015557 3.22437673
721 2320 5.01032594 0.00501032594 3.21775312
721 2323 5.01100646 0.00501100646 3.22191401
721 2323 5.0110303 0.0050110303 3.22191401
721 2323 5.01107799 0.00501107799 3.22191401
721 2323 5.01108127 0.00501108127 3.22191401
721 2323 5.01107675 0.00501107675 3.22191401
721 2323 5.01107735 0.00501107735 3.22191401
721 2323 5.01107546 0.00501107546 3.22191401
721 2323 5.01107405 0.00501107405 3.22191401
721 2323 5.01107288 0.00501107288 3.22191401
720 2316 4.9922569 0.0049922569 3.21666667
720 2316 4.99206942 0.00499206942 3.21666667
720 2316 4.99233198 0.00499233198 3.21666667
720 2316 4.99234761 0.00499234761 3.21666667
720 2316 4.99206802 0.00499206802 3.21666667
720 2316 4.99205614 0.00499205614 3.21666667
720 2316 4.99210217 0.00499210217 3.21666667
720 2316 4.99216297 0.00499216297 3.21666667
720 2316 4.99215544 0.00499215544 3.21666667
720 2316 4.9921189 0.0049921189 3.21666667
719 2312 4.97299005 0.00497299005 3.21557719
719 2313 4.97258408 0.00497258408 3.21696801
719 2312 4.97255356 0.00497255356 3.21557719
719 2313 4.9724174 0.0049724174 3.21696801
719 2312 4.97257694 0.00497257694 3.21557719
719 2313 4.97257216 0.00497257216 3.21696801
719 2312 4.97260631 0.00497260631 3.21557719
719 2316 4.97268405 0.00497268405 3.22114047
719 2313 4.97272025 0.00497272025 3.21696801
719 2312 4.97256129 0.00497256129 3.21557719
718 2309 4.95403743 0.00495403743 3.21587744
718 2309 4.95439043 0.00495439043 3.21587744
718 2309 4.95430958 0.00495430958 3.21587744
718 2309 4.954343 0.004954343 3.21587744
718 2309 4.95434547 0.00495434547 3.21587744
718 2309 4.95432449 0.00495432449 3.21587744
718 2309 4.95431974 0.00495431974 3.21587744
718 2309 4.95431703 0.00495431703 3.21587744
718 2309 4.95432424 0.00495432424 3.21587744
718 2309 4.95432565 0.00495432565 3.21587744
717 2304 4.93538658 0.00493538658 3.21338912
717 2304 4.93570785 0.00493570785 3.21338912
717 2304 4.93545785 0.00493545785 3.21338912
717 2304 4.93560077 0.00493560077 3.21338912
717 2304 4.93555996 0.00493555996 3.21338912
717 2304 4.93546041 0.00493546041 3.21338912
717 2304 4.93564049 0.00493564049 3.21338912
717 2304 4.93559801 0.00493559801 3.21338912
717 2304 4.93567218 0.00493567218 3.21338912
717 2304 4.9355854 0.0049355854 3.21338912
716 2300 4.91683659 0.00491683659 3.2122905
716 2299 4.91704343 0.00491704343 3.21089385
716 2299 4.91662055 0.00491662055 3.21089385
716 2299 4.91690813 0.00491690813 3.21089385
716 2299 4.91690941 0.00491690941 3.21089385
716 2299 4.91691425 0.00491691425 3.21089385
716 2299 4.91689666 0.00491689666 3.21089385
716 2299 4.91689338 0.00491689338 3.21089385
716 2299 4.91689946 0.00491689946 3.21089385
716 2299 4.91690142 0.00491690142 3.21089385
715 2292 4.89847999 0.00489847999 3.20559441
715 2296 4.91510185 0.00491510185 3.21118881
715 2303 4.91500432 0.00491500432 3.22097902
715 2303 4.91477066 0.00491477066 3.22097902
715 2303 4.915224 0.004915224 3.22097902
715 2303 4.92076516 0.00492076516 3.22097902
715 2306 4.93816933 0.00493816933 3.22517483
715 2307 4.94303927 0.00494303927 3.22657343
715 2316 4.945438 0.004945438 3.23916084
715 2322 4.94729089 0.00494729089 3.24755245
714 2315 4.93134684 0.00493134684 3.24229692
714 2316 4.93171173 0.00493171173 3.24369748
714 2316 4.93201736 0.00493201736 3.24369748
714 2316 4.93202096 0.00493202096 3.24369748
714 2316 4.93208934 0.00493208934 3.24369748
714 2316 4.93200901 0.00493200901 3.24369748
714 2316 4.93200069 0.00493200069 3.24369748
714 2316 4.93200449 0.00493200449 3.24369748
714 2316 4.93199224 0.00493199224 3.24369748
714 2316 4.93198866 0.00493198866 3.24369748
713 2306 4.91474733 0.00491474733 3.2342216
713 2306 4.91466799 0.00491466799 3.2342216
713 2305 4.91498318 0.00491498318 3.23281907
713 2305 4.91472899 0.00491472899 3.23281907
713 2304 4.91556926 0.00491556926 3.23141655
713 2304 4.91542752 0.00491542752 3.23141655
713 2304 4.91562016 0.00491562016 3.23141655
713 2304 4.9152329 0.0049152329 3.23141655
713 2304 4.91542596 0.00491542596 3.23141655
713 2304 4.91543438 0.00491543438 3.23141655
712 2300 4.89744518 0.00489744518 3.23033708
712 2299 4.89733549 0.00489733549 3.22893258
712 2299 4.8972814 0.0048972814 3.22893258
712 2299 4.89737876 0.00489737876 3.22893258
712 2299 4.8973877 0.0048973877 3.22893258
712 2299 4.89743337 0.00489743337 3.22893258
712 2299 4.89744139 0.00489744139 3.22893258
712 2299 4.89741772 0.00489741772 3.22893258
712 2299 4.89740012 0.00489740012 3.22893258
712 2299 4.89739774 0.00489739774 3.22893258
711 2289 4.87954347 0.00487954347 3.21940928
711 2289 4.8795053 0.0048795053 3.21940928
711 2289 4.87932924 0.00487932924 3.21940928
711 2289 4.87928641 0.00487928641 3.21940928
711 2289 4.87928904 0.00487928904 3.21940928
711 2289 4.87937094 0.00487937094 3.21940928
711 2289 4.87934144 0.00487934144 3.21940928
711 2289 4.87942186 0.00487942186 3.21940928
711 2289 4.87930483 0.00487930483 3.21940928
711 2289 4.87942739 0.00487942739 3.21940928
710 2283 4.8613553 0.0048613553 3.21549296
710 2284 4.8616576 0.0048616576 3.21690141
710 2288 4.86190591 0.00486190591 3.22253521
710 2288 4.86170389 0.00486170389 3.22253521
710 2288 4.8618468 0.0048618468 3.22253521
710 2288 4.86194382 0.00486194382 3.22253521
710 2288 4.86193008 0.00486193008 3.22253521
710 2288 4.86190921 0.00486190921 3.22253521
710 2288 4.86189 0.00486189 3.22253521
710 2288 4.86190144 0.00486190144 3.22253521
709 2278 4.84400679 0.00484400679 3.21297602
709 2278 4.84332468 0.00484332468 3.21297602
709 2278 4.84394005 0.00484394005 3.21297602
709 2281 4.84364491 0.00484364491 3.21720733
709 2283 4.84404527 0.00484404527 3.22002821
709 2283 4.84394314 0.00484394314 3.22002821
709 2283 4.84397592 0.00484397592 3.22002821
709 2283 4.84399255 0.00484399255 3.22002821
709 2283 4.84383957 0.00484383957 3.22002821
709 2283 4.84399452 0.00484399452 3.22002821
708 2273 4.82582366 0.00482582366 3.21045198
708 2273 4.82581776 0.00482581776 3.21045198
708 2277 4.82599439 0.00482599439 3.21610169
708 2277 4.82581054 0.00482581054 3.21610169
708 2277 4.8258531 0.0048258531 3.21610169
708 2277 4.82596022 0.00482596022 3.21610169
708 2277 4.82595017 0.00482595017 3.21610169
708 2277 4.82593146 0.00482593146 3.21610169
708 2277 4.82590753 0.00482590753 3.21610169
708 2277 4.8259164 0.0048259164 3.21610169
707 2267 4.80800173 0.00480800173 3.20650636
707 2267 4.80801481 0.00480801481 3.20650636
707 2267 4.80801088 0.00480801088 3.20650636
707 2267 4.80798265 0.00480798265 3.20650636
707 2267 4.80797181 0.00480797181 3.20650636
707 2267 4.80782482 0.00480782482 3.20650636
707 2267 4.80779724 0.00480779724 3.20650636
707 2267 4.80791308 0.00480791308 3.20650636
707 2267 4.80808381 0.00480808381 3.20650636
707 2267 4.80801182 0.00480801182 3.20650636
706 2257 4.78958605 0.00478958605 3.19688385
706 2252 4.78979009 0.00478979009 3.1898017
706 2252 4.7900351 0.0047900351 3.1898017
706 2252 4.78987167 0.00478987167 3.1898017
706 2252 4.79007108 0.00479007108 3.1898017
706 2252 4.79002017 0.00479002017 3.1898017
706 2252 4.78950505 0.00478950505 3.1898017
706 2252 4.78966852 0.00478966852 3.1898017
706 2252 4.78962359 0.00478962359 3.1898017
706 2252 4.78987431 0.00478987431 3.1898017
705 2248 4.77136282 0.00477136282 3.18865248
705 2247 4.77144146 0.00477144146 3.18723404
705 2248 4.77128599 0.00477128599 3.18865248
705 2248 4.77124492 0.00477124492 3.18865248
705 2247 4.77139844 0.00477139844 3.18723404
705 2248 4.77132542 0.00477132542 3.18865248
705 2248 4.77120774 0.00477120774 3.18865248
705 2247 4.77139661 0.00477139661 3.18723404
705 2248 4.77134466 0.00477134466 3.18865248
705 2247 4.77156612 0.00477156612 3.18723404
704 2243 4.75292455 0.00475292455 3.18607955
704 2243 4.75278036 0.00475278036 3.18607955
704 2243 4.75275588 0.00475275588 3.18607955
704 2243 4.75271716 0.00475271716 3.18607955
704 2243 4.75316314 0.00475316314 3.18607955
704 2243 4.75287487 0.00475287487 3.18607955
704 2243 4.7531651 0.0047531651 3.18607955
704 2243 4.75278008 0.00475278008 3.18607955
704 2243 4.75278687 0.00475278687 3.18607955
704 2243 4.7528575 0.0047528575 3.18607955
703 2237 4.73293274 0.00473293274 3.18207681
703 2238 4.73421049 0.00473421049 3.18349929
703 2238 4.73406532 0.00473406532 3.18349929
703 2238 4.73387556 0.00473387556 3.18349929
703 2238 4.73406035 0.00473406035 3.18349929
703 2238 4.73393444 0.00473393444 3.18349929
703 2238 4.73405262 0.00473405262 3.18349929
703 2238 4.73399767 0.00473399767 3.18349929
703 2238 4.73390961 0.00473390961 3.18349929
703 2238 4.7338799 0.0047338799 3.18349929
702 2234 4.71446438 0.00471446438 3.18233618
702 2235 4.71496203 0.00471496203 3.18376068
702 2238 4.71923563 0.00471923563 3.18803419
702 2239 4.72614148 0.00472614148 3.18945869
702 2239 4.73248739 0.00473248739 3.18945869
702 2239 4.73222802 0.00473222802 3.18945869
702 2239 4.73243527 0.00473243527 3.18945869
702 2239 4.73226961 0.00473226961 3.18945869
702 2239 4.73226448 0.00473226448 3.18945869
702 2239 4.73227274 0.00473227274 3.18945869
701 2235 4.7138563 0.0047138563 3.18830243
701 2235 4.71418138 0.00471418138 3.18830243
701 2235 4.71398888 0.00471398888 3.18830243
701 2235 4.71399054 0.00471399054 3.18830243
701 2235 4.71391546 0.00471391546 3.18830243
701 2235 4.71368323 0.00471368323 3.18830243
701 2236 4.71349797 0.00471349797 3.18972896
701 2235 4.71370246 0.00471370246 3.18830243
701 2235 4.71395033 0.00471395033 3.18830243
701 2235 4.71402104 0.00471402104 3.18830243
700 2229 4.69550062 0.00469550062 3.18428571
700 2229 4.69546947 0.00469546947 3.18428571
700 2229 4.69538448 0.00469538448 3.18428571
700 2229 4.69533526 0.00469533526 3.18428571
700 2229 4.69530387 0.00469530387 3.18428571
700 2229 4.69529196 0.00469529196 3.18428571
700 2229 4.69528671 0.00469528671 3.18428571
700 2229 4.69528336 0.00469528336 3.18428571
700 2229 4.69528054 0.00469528054 3.18428571
700 2229 4.69527917 0.00469527917 3.18428571
699 2225 4.67620076 0.00467620076 3.18311874
699 2221 4.67644537 0.00467644537 3.17739628
699 2221 4.67605544 0.00467605544 3.17739628
699 2224 4.67659921 0.00467659921 3.18168813
699 2224 4.67611464 0.00467611464 3.18168813
699 2226 4.67624628 0.00467624628 3.18454936
699 2221 4.67613023 0.00467613023 3.17739628
699 2221 4.67624279 0.00467624279 3.17739628
699 2221 4.6764341 0.0046764341 3.17739628
699 2221 4.67635907 0.00467635907 3.17739628
698 2217 4.65699842 0.00465699842 3.17621777
698 2218 4.65753663 0.00465753663 3.17765043
698 2218 4.65760449 0.00465760449 3.17765043
698 2218 4.65756861 0.00465756861 3.17765043
698 2218 4.65753407 0.00465753407 3.17765043
698 2218 4.65750429 0.00465750429 3.17765043
698 2218 4.65747181 0.00465747181 3.17765043
698 2218 4.65745581 0.00465745581 3.17765043
698 2218 4.65744533 0.00465744533 3.17765043
698 2218 4.65743899 0.00465743899 3.17765043
697 2214 4.6380552 0.0046380552 3.17647059
697 2212 4.63847871 0.00463847871 3.17360115
697 2211 4.64464501 0.00464464501 3.17216643
697 2216 4.64667758 0.00464667758 3.17934003
697 2216 4.64666953 0.00464666953 3.17934003
697 2214 4.64663064 0.00464663064 3.17647059
697 2214 4.64667341 0.00464667341 3.17647059
697 2214 4.64668631 0.00464668631 3.17647059
697 2214 4.64647161 0.00464647161 3.17647059
697 2214 4.64675999 0.00464675999 3.17647059
696 2206 4.62854136 0.00462854136 3.16954023
696 2210 4.62824503 0.00462824503 3.17528736
696 2206 4.62845253 0.00462845253 3.16954023
696 2206 4.62799819 0.00462799819 3.16954023
696 2206 4.62805449 0.00462805449 3.16954023
696 2206 4.62818837 0.00462818837 3.16954023
696 2206 4.62817726 0.00462817726 3.16954023
696 2206 4.62807227 0.00462807227 3.16954023
696 2206 4.62804346 0.00462804346 3.16954023
696 2206 4.62818026 0.00462818026 3.16954023
695 2202 4.60969446 0.00460969446 3.16834532
695 2202 4.60983854 0.00460983854 3.16834532
695 2202 4.60977889 0.00460977889 3.16834532
695 2202 4.60957823 0.00460957823 3.16834532
695 2202 4.60953765 0.00460953765 3.16834532
695 2202 4.60954547 0.00460954547 3.16834532
695 2202 4.60955686 0.00460955686 3.16834532
695 2202 4.6095471 0.0046095471 3.16834532
695 2202 4.60954219 0.00460954219 3.16834532
695 2202 4.60954277 0.00460954277 3.16834532
694 2195 4.59058298 0.00459058298 3.16282421
694 2197 4.59357027 0.00459357027 3.16570605
694 2199 4.59571717 0.00459571717 3.1685879
694 2196 4.59694244 0.00459694244 3.16426513
694 2200 4.59658701 0.00459658701 3.17002882
694 2196 4.59827439 0.00459827439 3.16426513
694 2196 4.59811404 0.00459811404 3.16426513
694 2203 4.61448461 0.00461448461 3.17435159
694 2202 4.61477062 0.00461477062 3.17291066
694 2202 4.61483912 0.00461483912 3.17291066
693 2194 4.59757318 0.00459757318 3.16594517
693 2194 4.59736901 0.00459736901 3.16594517
693 2194 4.59738365 0.00459738365 3.16594517
693 2194 4.59747567 0.00459747567 3.16594517
693 2194 4.59759428 0.00459759428 3.16594517
693 2194 4.59753378 0.00459753378 3.16594517
693 2194 4.59775506 0.00459775506 3.16594517
693 2194 4.5974403 0.0045974403 3.16594517
693 2194 4.59754646 0.00459754646 3.16594517
693 2194 4.59762579 0.00459762579 3.16594517
692 2188 4.57976537 0.00457976537 3.16184971
692 2188 4.5798191 0.0045798191 3.16184971
692 2188 4.57997527 0.00457997527 3.16184971
692 2188 4.57996032 0.00457996032 3.16184971
692 2188 4.57952303 0.00457952303 3.16184971
692 2188 4.57956613 0.00457956613 3.16184971
692 2188 4.5796723 0.0045796723 3.16184971
692 2188 4.57968784 0.00457968784 3.16184971
692 2188 4.57968411 0.00457968411 3.16184971
692 2188 4.57968757 0.00457968757 3.16184971
691 2184 4.56077317 0.00456077317 3.16063676
691 2184 4.56075087 0.00456075087 3.16063676
691 2184 4.56085073 0.00456085073 3.16063676
691 2184 4.56105775 0.00456105775 3.16063676
691 2184 4.5607496 0.0045607496 3.16063676
691 2184 4.56104865 0.00456104865 3.16063676
691 2184 4.56076367 0.00456076367 3.16063676
691 2184 4.5610441 0.0045610441 3.16063676
691 2184 4.56074858 0.00456074858 3.16063676
691 2184 4.5610447 0.0045610447 3.16063676
690 2177 4.54282108 0.00454282108 3.15507246
690 2177 4.54297638 0.00454297638 3.15507246
690 2177 4.54284495 0.00454284495 3.15507246
690 2177 4.54287268 0.00454287268 3.15507246
690 2177 4.54285418 0.00454285418 3.15507246
690 2177 4.54282456 0.00454282456 3.15507246
690 2177 4.54281154 0.00454281154 3.15507246
690 2177 4.54280431 0.00454280431 3.15507246
690 2177 4.54279946 0.00454279946 3.15507246
690 2177 4.54279628 0.00454279628 3.15507246
689 2173 4.52340101 0.00452340101 3.15384615
689 2173 4.52328741 0.00452328741 3.15384615
689 2173 4.52343351 0.00452343351 3.15384615
689 2173 4.52345537 0.00452345537 3.15384615
689 2173 4.52348172 0.00452348172 3.15384615
689 2173 4.52346848 0.00452346848 3.15384615
689 2173 4.52340039 0.00452340039 3.15384615
689 2172 4.52289145 0.00452289145 3.15239478
689 2173 4.52295672 0.00452295672 3.15384615
689 2170 4.5284238 0.0045284238 3.14949202
688 2164 4.51926127 0.00451926127 3.14534884
688 2163 4.53043411 0.00453043411 3.14389535
688 2168 4.53078212 0.00453078212 3.15116279
688 2165 4.53114496 0.00453114496 3.14680233
688 2165 4.54647406 0.00454647406 3.14680233
688 2165 4.54625839 0.00454625839 3.14680233
688 2165 4.54617457 0.00454617457 3.14680233
688 2165 4.54618374 0.00454618374 3.14680233
688 2165 4.54615301 0.00454615301 3.14680233
688 2165 4.54625061 0.00454625061 3.14680233
687 2161 4.52819753 0.00452819753 3.14556041
687 2161 4.52814534 0.00452814534 3.14556041
687 2161 4.52826745 0.00452826745 3.14556041
687 2161 4.52822223 0.00452822223 3.14556041
687 2161 4.52814984 0.00452814984 3.14556041
687 2161 4.52803617 0.00452803617 3.14556041
SP does not find any fixed points -> SP does not converge.
I am sorry I quit :(
