START ALGORITHM:
I am going to build an instance with N: 1000 variables and 4200 clauses with a clause density equal to 4.2
START BSP WITH r=0.9:
Decimation scorer: cert
END UNIT PROPAGATION
1000 4200 13.3929195 0.0133929195 4.2
1000 4200 13.3932153 0.0133932153 4.2
1000 4200 13.3930816 0.0133930816 4.2
1000 4200 13.3930318 0.0133930318 4.2
1000 4200 13.3930527 0.0133930527 4.2
1000 4200 13.3930487 0.0133930487 4.2
1000 4200 13.3930488 0.0133930488 4.2
1000 4200 13.3930486 0.0133930486 4.2
1000 4200 13.39305 0.01339305 4.2
999 4191 13.3887265 0.0133887265 4.1951952
999 4193 13.388833 0.013388833 4.1971972
999 4188 13.3894906 0.0133894906 4.19219219
999 4188 13.3929136 0.0133929136 4.19219219
999 4188 13.3929263 0.0133929263 4.19219219
999 4188 13.3929103 0.0133929103 4.19219219
999 4188 13.3929166 0.0133929166 4.19219219
999 4194 13.3930536 0.0133930536 4.1981982
999 4194 13.3930529 0.0133930529 4.1981982
999 4194 13.3930538 0.0133930538 4.1981982
998 4188 13.3920706 0.0133920706 4.19639279
998 4188 13.3920884 0.0133920884 4.19639279
998 4188 13.3920638 0.0133920638 4.19639279
998 4188 13.3920608 0.0133920608 4.19639279
998 4188 13.3920634 0.0133920634 4.19639279
998 4188 13.3920681 0.0133920681 4.19639279
998 4188 13.3920888 0.0133920888 4.19639279
998 4188 13.3920717 0.0133920717 4.19639279
998 4188 13.3920909 0.0133920909 4.19639279
998 4188 13.3921015 0.0133921015 4.19639279
997 4184 13.3880864 0.0133880864 4.19658977
997 4184 13.3880858 0.0133880858 4.19658977
997 4184 13.3880834 0.0133880834 4.19658977
997 4176 13.3884998 0.0133884998 4.1885657
997 4176 13.3885071 0.0133885071 4.1885657
997 4176 13.3885019 0.0133885019 4.1885657
997 4176 13.3885374 0.0133885374 4.1885657
997 4176 13.3885082 0.0133885082 4.1885657
997 4176 13.3885124 0.0133885124 4.1885657
997 4176 13.3919334 0.0133919334 4.1885657
996 4167 13.3865205 0.0133865205 4.18373494
996 4172 13.3879419 0.0133879419 4.18875502
996 4172 13.387968 0.013387968 4.18875502
996 4172 13.3879471 0.0133879471 4.18875502
996 4172 13.3879534 0.0133879534 4.18875502
996 4172 13.3879448 0.0133879448 4.18875502
996 4169 13.3919462 0.0133919462 4.18574297
996 4169 13.3919415 0.0133919415 4.18574297
996 4169 13.3919556 0.0133919556 4.18574297
996 4169 13.3919516 0.0133919516 4.18574297
995 4160 13.3865013 0.0133865013 4.18090452
995 4160 13.386514 0.013386514 4.18090452
995 4162 13.3877147 0.0133877147 4.18291457
995 4157 13.3883863 0.0133883863 4.17788945
995 4157 13.388375 0.013388375 4.17788945
995 4157 13.3883761 0.0133883761 4.17788945
995 4157 13.3884074 0.0133884074 4.17788945
995 4157 13.3883811 0.0133883811 4.17788945
995 4157 13.3883853 0.0133883853 4.17788945
995 4157 13.3884027 0.0133884027 4.17788945
994 4150 13.384176 0.013384176 4.1750503
994 4150 13.3841577 0.0133841577 4.1750503
994 4150 13.3825286 0.0133825286 4.1750503
994 4150 13.3825293 0.0133825293 4.1750503
994 4150 13.3825511 0.0133825511 4.1750503
994 4150 13.3825195 0.0133825195 4.1750503
994 4150 13.3825448 0.0133825448 4.1750503
994 4150 13.3825396 0.0133825396 4.1750503
994 4150 13.3825599 0.0133825599 4.1750503
994 4155 13.3843502 0.0133843502 4.18008048
993 4146 13.378995 0.013378995 4.17522659
993 4145 13.3790899 0.0133790899 4.17421954
993 4146 13.3800805 0.0133800805 4.17522659
993 4146 13.3800729 0.0133800729 4.17522659
993 4146 13.3800907 0.0133800907 4.17522659
993 4146 13.3801128 0.0133801128 4.17522659
993 4146 13.3800874 0.0133800874 4.17522659
993 4146 13.3801114 0.0133801114 4.17522659
993 4146 13.3801342 0.0133801342 4.17522659
993 4146 13.3800851 0.0133800851 4.17522659
992 4142 13.3761053 0.0133761053 4.17540323
992 4142 13.3760887 0.0133760887 4.17540323
992 4142 13.3760784 0.0133760784 4.17540323
992 4142 13.3760755 0.0133760755 4.17540323
992 4142 13.3760935 0.0133760935 4.17540323
992 4142 13.376099 0.013376099 4.17540323
992 4142 13.3760883 0.0133760883 4.17540323
992 4142 13.3760987 0.0133760987 4.17540323
992 4139 13.3768611 0.0133768611 4.17237903
992 4139 13.3768642 0.0133768642 4.17237903
991 4134 13.3711127 0.0133711127 4.1715439
991 4132 13.3716712 0.0133716712 4.16952573
991 4132 13.371704 0.013371704 4.16952573
991 4132 13.3716788 0.0133716788 4.16952573
991 4129 13.3716334 0.0133716334 4.16649849
991 4129 13.3716356 0.0133716356 4.16649849
991 4130 13.3725602 0.0133725602 4.16750757
991 4130 13.3725726 0.0133725726 4.16750757
991 4130 13.3726 0.0133726 4.16750757
991 4130 13.3725917 0.0133725917 4.16750757
990 4124 13.3660772 0.0133660772 4.16565657
990 4122 13.3669116 0.0133669116 4.16363636
990 4122 13.3669584 0.0133669584 4.16363636
990 4121 13.3672008 0.0133672008 4.16262626
990 4121 13.3672404 0.0133672404 4.16262626
990 4121 13.367292 0.013367292 4.16262626
990 4121 13.3672778 0.0133672778 4.16262626
990 4121 13.3672803 0.0133672803 4.16262626
990 4121 13.367271 0.013367271 4.16262626
990 4121 13.3672755 0.0133672755 4.16262626
989 4114 13.3607125 0.0133607125 4.15975733
989 4113 13.3607379 0.0133607379 4.15874621
989 4113 13.3607927 0.0133607927 4.15874621
989 4115 13.3617974 0.0133617974 4.16076845
989 4115 13.3617965 0.0133617965 4.16076845
989 4115 13.3617854 0.0133617854 4.16076845
989 4114 13.3619965 0.0133619965 4.15975733
989 4114 13.3620616 0.0133620616 4.15975733
989 4114 13.3620953 0.0133620953 4.15975733
989 4111 13.3619992 0.0133619992 4.15672396
988 4103 13.3554672 0.0133554672 4.15283401
988 4105 13.3564695 0.0133564695 4.1548583
988 4105 13.3564637 0.0133564637 4.1548583
988 4105 13.3564408 0.0133564408 4.1548583
988 4105 13.3564455 0.0133564455 4.1548583
988 4105 13.3564482 0.0133564482 4.1548583
988 4105 13.3564376 0.0133564376 4.1548583
988 4105 13.356441 0.013356441 4.1548583
988 4105 13.3564574 0.0133564574 4.1548583
988 4105 13.3564497 0.0133564497 4.1548583
987 4099 13.3493888 0.0133493888 4.15298886
987 4100 13.3508039 0.0133508039 4.15400203
987 4100 13.3507998 0.0133507998 4.15400203
987 4098 13.350811 0.013350811 4.15197568
987 4098 13.350804 0.013350804 4.15197568
987 4098 13.3508328 0.0133508328 4.15197568
987 4100 13.3508019 0.0133508019 4.15400203
987 4100 13.3507897 0.0133507897 4.15400203
987 4099 13.3510896 0.0133510896 4.15298886
987 4099 13.3511216 0.0133511216 4.15298886
986 4093 13.3440268 0.0133440268 4.15111562
986 4093 13.3440375 0.0133440375 4.15111562
986 4093 13.3440647 0.0133440647 4.15111562
986 4093 13.3440582 0.0133440582 4.15111562
986 4091 13.3455405 0.0133455405 4.14908722
986 4091 13.3456009 0.0133456009 4.14908722
986 4091 13.3455994 0.0133455994 4.14908722
986 4091 13.3456231 0.0133456231 4.14908722
986 4091 13.3456059 0.0133456059 4.14908722
986 4091 13.3456057 0.0133456057 4.14908722
985 4083 13.3390147 0.0133390147 4.14517766
985 4085 13.3399996 0.0133399996 4.14720812
985 4085 13.3399712 0.0133399712 4.14720812
985 4085 13.3399754 0.0133399754 4.14720812
985 4085 13.3399951 0.0133399951 4.14720812
985 4085 13.3399709 0.0133399709 4.14720812
985 4085 13.3399911 0.0133399911 4.14720812
985 4085 13.3399723 0.0133399723 4.14720812
985 4085 13.3399668 0.0133399668 4.14720812
985 4085 13.3399734 0.0133399734 4.14720812
984 4079 13.3329397 0.0133329397 4.1453252
984 4078 13.3333896 0.0133333896 4.14430894
984 4078 13.3333567 0.0133333567 4.14430894
984 4077 13.3335157 0.0133335157 4.14329268
984 4077 13.3335659 0.0133335659 4.14329268
984 4078 13.334383 0.013334383 4.14430894
984 4078 13.3343986 0.0133343986 4.14430894
984 4078 13.3343818 0.0133343818 4.14430894
984 4078 13.3343762 0.0133343762 4.14430894
984 4078 13.3343877 0.0133343877 4.14430894
983 4068 13.3272306 0.0133272306 4.13835198
983 4073 13.3285279 0.0133285279 4.14343845
983 4073 13.3285094 0.0133285094 4.14343845
983 4073 13.3285525 0.0133285525 4.14343845
983 4073 13.3285533 0.0133285533 4.14343845
983 4073 13.3285772 0.0133285772 4.14343845
983 4073 13.3285588 0.0133285588 4.14343845
983 4073 13.32855 0.01332855 4.14343845
983 4073 13.3285533 0.0133285533 4.14343845
983 4073 13.3285576 0.0133285576 4.14343845
982 4063 13.3213138 0.0133213138 4.13747454
982 4063 13.3213473 0.0133213473 4.13747454
982 4063 13.321389 0.013321389 4.13747454
982 4066 13.321878 0.013321878 4.14052953
982 4066 13.3219534 0.0133219534 4.14052953
982 4065 13.3220431 0.0133220431 4.1395112
982 4065 13.3220387 0.0133220387 4.1395112
982 4065 13.3220671 0.0133220671 4.1395112
982 4065 13.3220923 0.0133220923 4.1395112
982 4065 13.3221078 0.0133221078 4.1395112
981 4057 13.3149872 0.0133149872 4.13557594
981 4057 13.3150282 0.0133150282 4.13557594
981 4059 13.3156157 0.0133156157 4.13761468
981 4059 13.3156191 0.0133156191 4.13761468
981 4059 13.3156193 0.0133156193 4.13761468
981 4059 13.315604 0.013315604 4.13761468
981 4059 13.315626 0.013315626 4.13761468
981 4059 13.3156042 0.0133156042 4.13761468
981 4059 13.3156375 0.0133156375 4.13761468
981 4059 13.3156275 0.0133156275 4.13761468
980 4049 13.3067684 0.0133067684 4.13163265
980 4049 13.306752 0.013306752 4.13163265
980 4051 13.3085104 0.0133085104 4.13367347
980 4051 13.3085575 0.0133085575 4.13367347
980 4049 13.3087166 0.0133087166 4.13163265
980 4052 13.3091612 0.0133091612 4.13469388
980 4052 13.3092033 0.0133092033 4.13469388
980 4052 13.3092383 0.0133092383 4.13469388
980 4052 13.3092064 0.0133092064 4.13469388
980 4052 13.3092571 0.0133092571 4.13469388
979 4042 13.3022206 0.0133022206 4.12870276
979 4042 13.3022318 0.0133022318 4.12870276
979 4042 13.3022462 0.0133022462 4.12870276
979 4042 13.3022311 0.0133022311 4.12870276
979 4042 13.3022504 0.0133022504 4.12870276
979 4042 13.3022651 0.0133022651 4.12870276
979 4042 13.3022743 0.0133022743 4.12870276
979 4042 13.3022371 0.0133022371 4.12870276
979 4042 13.3022528 0.0133022528 4.12870276
979 4042 13.3022782 0.0133022782 4.12870276
978 4036 13.2951343 0.0132951343 4.12678937
978 4034 13.2952003 0.0132952003 4.12474438
978 4034 13.2952223 0.0132952223 4.12474438
978 4034 13.2952327 0.0132952327 4.12474438
978 4034 13.2952202 0.0132952202 4.12474438
978 4034 13.2952426 0.0132952426 4.12474438
978 4034 13.2951934 0.0132951934 4.12474438
978 4034 13.2952409 0.0132952409 4.12474438
978 4034 13.2952311 0.0132952311 4.12474438
978 4034 13.2952457 0.0132952457 4.12474438
977 4025 13.2857568 0.0132857568 4.11975435
977 4025 13.2857476 0.0132857476 4.11975435
977 4018 13.2875011 0.0132875011 4.11258956
977 4018 13.2874967 0.0132874967 4.11258956
977 4018 13.2875537 0.0132875537 4.11258956
977 4018 13.2875398 0.0132875398 4.11258956
977 4018 13.2875147 0.0132875147 4.11258956
977 4028 13.288172 0.013288172 4.12282497
977 4028 13.2881345 0.0132881345 4.12282497
977 4028 13.2881655 0.0132881655 4.12282497
976 4018 13.2792922 0.0132792922 4.11680328
976 4018 13.2793445 0.0132793445 4.11680328
976 4018 13.2792907 0.0132792907 4.11680328
976 4018 13.2793161 0.0132793161 4.11680328
976 4018 13.2793037 0.0132793037 4.11680328
976 4012 13.2803949 0.0132803949 4.11065574
976 4012 13.2804239 0.0132804239 4.11065574
976 4012 13.2803903 0.0132803903 4.11065574
976 4012 13.2804126 0.0132804126 4.11065574
976 4012 13.2804214 0.0132804214 4.11065574
975 4003 13.2703897 0.0132703897 4.10564103
975 4003 13.2704117 0.0132704117 4.10564103
975 4003 13.2706105 0.0132706105 4.10564103
975 4003 13.270603 0.013270603 4.10564103
975 4002 13.2751138 0.0132751138 4.10461538
975 4002 13.2751337 0.0132751337 4.10461538
975 4002 13.2750675 0.0132750675 4.10461538
975 4002 13.275086 0.013275086 4.10461538
975 4002 13.2750945 0.0132750945 4.10461538
975 4002 13.275098 0.013275098 4.10461538
974 3994 13.2658693 0.0132658693 4.10061602
974 3994 13.2658902 0.0132658902 4.10061602
974 3994 13.2659687 0.0132659687 4.10061602
974 3994 13.2660314 0.0132660314 4.10061602
974 3994 13.266013 0.013266013 4.10061602
974 3994 13.2660471 0.0132660471 4.10061602
974 3994 13.2660303 0.0132660303 4.10061602
974 3994 13.2659613 0.0132659613 4.10061602
974 3994 13.2660348 0.0132660348 4.10061602
974 3994 13.2660392 0.0132660392 4.10061602
973 3985 13.2561751 0.0132561751 4.09558068
973 3989 13.2575916 0.0132575916 4.09969168
973 3989 13.257534 0.013257534 4.09969168
973 3989 13.2576308 0.0132576308 4.09969168
973 3989 13.257585 0.013257585 4.09969168
973 3989 13.2575671 0.0132575671 4.09969168
973 3989 13.2575925 0.0132575925 4.09969168
973 3989 13.2576062 0.0132576062 4.09969168
973 3989 13.2575847 0.0132575847 4.09969168
973 3989 13.2575987 0.0132575987 4.09969168
972 3983 13.2478262 0.0132478262 4.09773663
972 3980 13.2480009 0.0132480009 4.09465021
972 3980 13.2480115 0.0132480115 4.09465021
972 3982 13.2481243 0.0132481243 4.09670782
972 3982 13.2481362 0.0132481362 4.09670782
972 3982 13.2481675 0.0132481675 4.09670782
972 3980 13.2484039 0.0132484039 4.09465021
972 3980 13.2484807 0.0132484807 4.09465021
972 3980 13.2485058 0.0132485058 4.09465021
972 3978 13.2489474 0.0132489474 4.09259259
971 3972 13.2372622 0.0132372622 4.09062822
971 3972 13.2372779 0.0132372779 4.09062822
971 3972 13.237315 0.013237315 4.09062822
971 3972 13.237257 0.013237257 4.09062822
971 3970 13.2399564 0.0132399564 4.08856849
971 3970 13.2399635 0.0132399635 4.08856849
971 3970 13.2400065 0.0132400065 4.08856849
971 3970 13.240084 0.013240084 4.08856849
971 3970 13.239995 0.013239995 4.08856849
971 3970 13.2400388 0.0132400388 4.08856849
970 3961 13.2304388 0.0132304388 4.08350515
970 3961 13.2304317 0.0132304317 4.08350515
970 3961 13.2304825 0.0132304825 4.08350515
970 3961 13.2304452 0.0132304452 4.08350515
970 3961 13.230445 0.013230445 4.08350515
970 3961 13.2304178 0.0132304178 4.08350515
970 3964 13.2304189 0.0132304189 4.08659794
970 3964 13.2304756 0.0132304756 4.08659794
970 3964 13.2304105 0.0132304105 4.08659794
970 3964 13.2304359 0.0132304359 4.08659794
969 3954 13.2179573 0.0132179573 4.08049536
969 3955 13.2198863 0.0132198863 4.08152735
969 3955 13.2198524 0.0132198524 4.08152735
969 3955 13.2198517 0.0132198517 4.08152735
969 3955 13.2198424 0.0132198424 4.08152735
969 3957 13.2210216 0.0132210216 4.08359133
969 3957 13.2210525 0.0132210525 4.08359133
969 3957 13.2210963 0.0132210963 4.08359133
969 3957 13.2210967 0.0132210967 4.08359133
969 3957 13.2211099 0.0132211099 4.08359133
968 3951 13.2089926 0.0132089926 4.08161157
968 3950 13.2104216 0.0132104216 4.08057851
968 3950 13.2104156 0.0132104156 4.08057851
968 3950 13.2103969 0.0132103969 4.08057851
968 3951 13.2093416 0.0132093416 4.08161157
968 3950 13.2103864 0.0132103864 4.08057851
968 3950 13.2103476 0.0132103476 4.08057851
968 3950 13.2103834 0.0132103834 4.08057851
968 3950 13.2103857 0.0132103857 4.08057851
968 3950 13.2104139 0.0132104139 4.08057851
967 3946 13.1982592 0.0131982592 4.08066184
967 3941 13.2008608 0.0132008608 4.07549121
967 3941 13.2008805 0.0132008805 4.07549121
967 3941 13.2008785 0.0132008785 4.07549121
967 3941 13.2008195 0.0132008195 4.07549121
967 3941 13.2008737 0.0132008737 4.07549121
967 3941 13.200878 0.013200878 4.07549121
967 3941 13.2009229 0.0132009229 4.07549121
967 3941 13.2009056 0.0132009056 4.07549121
967 3941 13.200848 0.013200848 4.07549121
966 3937 13.1887043 0.0131887043 4.07556936
966 3932 13.1913332 0.0131913332 4.07039337
966 3932 13.1913754 0.0131913754 4.07039337
966 3932 13.1913395 0.0131913395 4.07039337
966 3932 13.1913482 0.0131913482 4.07039337
966 3932 13.1914303 0.0131914303 4.07039337
966 3932 13.1913608 0.0131913608 4.07039337
966 3932 13.1913954 0.0131913954 4.07039337
966 3932 13.1914111 0.0131914111 4.07039337
966 3932 13.191369 0.013191369 4.07039337
965 3924 13.1788248 0.0131788248 4.06632124
965 3921 13.1749414 0.0131749414 4.06321244
965 3923 13.1777412 0.0131777412 4.06528497
965 3923 13.1777237 0.0131777237 4.06528497
965 3923 13.1777288 0.0131777288 4.06528497
965 3923 13.1777306 0.0131777306 4.06528497
965 3923 13.1777945 0.0131777945 4.06528497
965 3923 13.1777539 0.0131777539 4.06528497
965 3923 13.1777512 0.0131777512 4.06528497
965 3923 13.1776929 0.0131776929 4.06528497
964 3914 13.1672241 0.0131672241 4.06016598
964 3914 13.1672567 0.0131672567 4.06016598
964 3914 13.1672583 0.0131672583 4.06016598
964 3914 13.1672456 0.0131672456 4.06016598
964 3917 13.1682915 0.0131682915 4.06327801
964 3917 13.1682937 0.0131682937 4.06327801
964 3917 13.1682692 0.0131682692 4.06327801
964 3917 13.1682805 0.0131682805 4.06327801
964 3915 13.168423 0.013168423 4.06120332
964 3913 13.1708477 0.0131708477 4.05912863
963 3904 13.1579738 0.0131579738 4.05399792
963 3910 13.1585385 0.0131585385 4.06022845
963 3910 13.1585483 0.0131585483 4.06022845
963 3910 13.1585971 0.0131585971 4.06022845
963 3910 13.1586024 0.0131586024 4.06022845
963 3910 13.158594 0.013158594 4.06022845
963 3910 13.1586698 0.0131586698 4.06022845
963 3910 13.1585882 0.0131585882 4.06022845
963 3909 13.1589558 0.0131589558 4.05919003
963 3909 13.1589888 0.0131589888 4.05919003
962 3903 13.1485911 0.0131485911 4.05717256
962 3903 13.148595 0.013148595 4.05717256
962 3903 13.148536 0.013148536 4.05717256
962 3903 13.1485643 0.0131485643 4.05717256
962 3903 13.1485901 0.0131485901 4.05717256
962 3903 13.1485782 0.0131485782 4.05717256
962 3903 13.1486147 0.0131486147 4.05717256
962 3900 13.1504793 0.0131504793 4.05405405
962 3901 13.1526537 0.0131526537 4.05509356
962 3898 13.144687 0.013144687 4.05197505
961 3886 13.1337144 0.0131337144 4.04370447
961 3889 13.1350891 0.0131350891 4.04682622
961 3887 13.1387863 0.0131387863 4.04474506
961 3887 13.1387868 0.0131387868 4.04474506
961 3885 13.1379829 0.0131379829 4.04266389
961 3887 13.1387501 0.0131387501 4.04474506
961 3887 13.1388006 0.0131388006 4.04474506
961 3887 13.1388129 0.0131388129 4.04474506
961 3887 13.1388366 0.0131388366 4.04474506
961 3887 13.1388027 0.0131388027 4.04474506
960 3885 13.1376297 0.0131376297 4.046875
960 3885 13.1375986 0.0131375986 4.046875
960 3885 13.1376235 0.0131376235 4.046875
960 3885 13.1375898 0.0131375898 4.046875
960 3885 13.1375602 0.0131375602 4.046875
960 3885 13.1376125 0.0131376125 4.046875
960 3885 13.1375996 0.0131375996 4.046875
960 3885 13.1376022 0.0131376022 4.046875
960 3885 13.1375823 0.0131375823 4.046875
960 3885 13.1375754 0.0131375754 4.046875
959 3876 13.1282013 0.0131282013 4.04171011
959 3876 13.1281904 0.0131281904 4.04171011
959 3876 13.1281805 0.0131281805 4.04171011
959 3879 13.1290231 0.0131290231 4.04483837
959 3879 13.1289867 0.0131289867 4.04483837
959 3879 13.1290499 0.0131290499 4.04483837
959 3879 13.1289908 0.0131289908 4.04483837
959 3879 13.1290261 0.0131290261 4.04483837
959 3879 13.1290169 0.0131290169 4.04483837
959 3879 13.1290161 0.0131290161 4.04483837
958 3870 13.1195764 0.0131195764 4.03966597
958 3870 13.1196087 0.0131196087 4.03966597
958 3870 13.1196017 0.0131196017 4.03966597
958 3870 13.11961 0.01311961 4.03966597
958 3870 13.119596 0.013119596 4.03966597
958 3870 13.1195873 0.0131195873 4.03966597
958 3870 13.119595 0.013119595 4.03966597
958 3870 13.1196211 0.0131196211 4.03966597
958 3870 13.1195562 0.0131195562 4.03966597
958 3870 13.1196088 0.0131196088 4.03966597
957 3861 13.1090792 0.0131090792 4.03448276
957 3861 13.1090955 0.0131090955 4.03448276
957 3861 13.1100691 0.0131100691 4.03448276
957 3861 13.1101229 0.0131101229 4.03448276
957 3861 13.1100756 0.0131100756 4.03448276
957 3861 13.1101271 0.0131101271 4.03448276
957 3861 13.1101082 0.0131101082 4.03448276
957 3861 13.1100344 0.0131100344 4.03448276
957 3861 13.1100793 0.0131100793 4.03448276
957 3861 13.1100131 0.0131100131 4.03448276
956 3851 13.0972437 0.0130972437 4.02824268
956 3849 13.0987718 0.0130987718 4.02615063
956 3853 13.0993329 0.0130993329 4.03033473
956 3852 13.0996757 0.0130996757 4.0292887
956 3852 13.0996817 0.0130996817 4.0292887
956 3852 13.0997208 0.0130997208 4.0292887
956 3853 13.0993117 0.0130993117 4.03033473
956 3853 13.0993966 0.0130993966 4.03033473
956 3853 13.0992887 0.0130992887 4.03033473
956 3853 13.0993384 0.0130993384 4.03033473
955 3844 13.0851544 0.0130851544 4.02513089
955 3844 13.0852844 0.0130852844 4.02513089
955 3841 13.0877196 0.0130877196 4.02198953
955 3841 13.0878239 0.0130878239 4.02198953
955 3841 13.0879508 0.0130879508 4.02198953
955 3841 13.0880154 0.0130880154 4.02198953
955 3841 13.088059 0.013088059 4.02198953
955 3841 13.0880596 0.0130880596 4.02198953
955 3841 13.0881014 0.0130881014 4.02198953
955 3841 13.0881039 0.0130881039 4.02198953
954 3832 13.0735898 0.0130735898 4.01677149
954 3832 13.0779909 0.0130779909 4.01677149
954 3832 13.0780696 0.0130780696 4.01677149
954 3832 13.0780043 0.0130780043 4.01677149
954 3832 13.0779517 0.0130779517 4.01677149
954 3832 13.0780429 0.0130780429 4.01677149
954 3832 13.0780502 0.0130780502 4.01677149
954 3832 13.0780557 0.0130780557 4.01677149
954 3832 13.0780766 0.0130780766 4.01677149
954 3832 13.0780337 0.0130780337 4.01677149
953 3821 13.0625444 0.0130625444 4.00944386
953 3823 13.062642 0.013062642 4.0115425
953 3827 13.0518492 0.0130518492 4.01573977
953 3827 13.0522264 0.0130522264 4.01573977
953 3827 13.0523266 0.0130523266 4.01573977
953 3828 13.0624857 0.0130624857 4.01678909
953 3826 13.0635098 0.0130635098 4.01469045
953 3826 13.0636113 0.0130636113 4.01469045
953 3826 13.0636605 0.0130636605 4.01469045
953 3822 13.0651126 0.0130651126 4.01049318
952 3818 13.05375 0.01305375 4.0105042
952 3818 13.0536622 0.0130536622 4.0105042
952 3816 13.0539245 0.0130539245 4.00840336
952 3816 13.0539326 0.0130539326 4.00840336
952 3816 13.0540265 0.0130540265 4.00840336
952 3816 13.0539654 0.0130539654 4.00840336
952 3816 13.0540473 0.0130540473 4.00840336
952 3816 13.0540679 0.0130540679 4.00840336
952 3816 13.0540524 0.0130540524 4.00840336
952 3816 13.0540628 0.0130540628 4.00840336
951 3806 13.0467384 0.0130467384 4.00210305
951 3806 13.0467976 0.0130467976 4.00210305
951 3806 13.0468857 0.0130468857 4.00210305
951 3806 13.0468546 0.0130468546 4.00210305
951 3806 13.0468879 0.0130468879 4.00210305
951 3806 13.0468744 0.0130468744 4.00210305
951 3806 13.0468337 0.0130468337 4.00210305
951 3806 13.046814 0.013046814 4.00210305
951 3806 13.0467956 0.0130467956 4.00210305
951 3806 13.0468249 0.0130468249 4.00210305
950 3801 13.0302958 0.0130302958 4.00105263
950 3800 13.0323263 0.0130323263 4
950 3802 13.0323816 0.0130323816 4.00210526
950 3802 13.0324842 0.0130324842 4.00210526
950 3807 13.0356224 0.0130356224 4.00736842
950 3807 13.035759 0.013035759 4.00736842
950 3807 13.0356293 0.0130356293 4.00736842
950 3807 13.0356662 0.0130356662 4.00736842
950 3807 13.0357108 0.0130357108 4.00736842
950 3807 13.0356284 0.0130356284 4.00736842
949 3799 13.0216033 0.0130216033 4.00316122
949 3799 13.0216655 0.0130216655 4.00316122
949 3799 13.0217533 0.0130217533 4.00316122
949 3799 13.0217241 0.0130217241 4.00316122
949 3795 13.0228785 0.0130228785 3.99894626
949 3795 13.0229688 0.0130229688 3.99894626
949 3795 13.0230627 0.0130230627 3.99894626
949 3797 13.0233213 0.0130233213 4.00105374
949 3797 13.023332 0.013023332 4.00105374
949 3797 13.0232299 0.0130232299 4.00105374
948 3792 13.0069741 0.0130069741 4
948 3785 13.0108216 0.0130108216 3.99261603
948 3785 13.0107402 0.0130107402 3.99261603
948 3785 13.0107914 0.0130107914 3.99261603
948 3785 13.0107439 0.0130107439 3.99261603
948 3785 13.0108573 0.0130108573 3.99261603
948 3785 13.0106369 0.0130106369 3.99261603
948 3785 13.010794 0.013010794 3.99261603
948 3785 13.0108011 0.0130108011 3.99261603
948 3785 13.0108075 0.0130108075 3.99261603
947 3777 12.9967464 0.0129967464 3.98838437
947 3777 12.9968512 0.0129968512 3.98838437
947 3777 12.996868 0.012996868 3.98838437
947 3777 12.9968569 0.0129968569 3.98838437
947 3777 12.9969545 0.0129969545 3.98838437
947 3777 12.9969979 0.0129969979 3.98838437
947 3777 12.9968866 0.0129968866 3.98838437
947 3777 12.9969177 0.0129969177 3.98838437
947 3777 12.9970254 0.0129970254 3.98838437
947 3777 12.996935 0.012996935 3.98838437
946 3772 12.9806428 0.0129806428 3.98731501
946 3772 12.980817 0.012980817 3.98731501
946 3768 12.9843401 0.0129843401 3.98308668
946 3768 12.9844772 0.0129844772 3.98308668
946 3768 12.9845598 0.0129845598 3.98308668
946 3768 12.9844499 0.0129844499 3.98308668
946 3768 12.9845214 0.0129845214 3.98308668
946 3768 12.9844845 0.0129844845 3.98308668
946 3768 12.9844315 0.0129844315 3.98308668
946 3768 12.9845591 0.0129845591 3.98308668
945 3757 12.9692394 0.0129692394 3.97566138
945 3763 12.9712374 0.0129712374 3.98201058
945 3763 12.9713605 0.0129713605 3.98201058
945 3763 12.9714231 0.0129714231 3.98201058
945 3763 12.9714121 0.0129714121 3.98201058
945 3763 12.9714827 0.0129714827 3.98201058
945 3763 12.9714666 0.0129714666 3.98201058
945 3763 12.971537 0.012971537 3.98201058
945 3767 12.9707747 0.0129707747 3.98624339
945 3767 12.9707848 0.0129707848 3.98624339
944 3759 12.958421 0.012958421 3.98199153
944 3759 12.9583966 0.0129583966 3.98199153
944 3759 12.9584282 0.0129584282 3.98199153
944 3759 12.9584765 0.0129584765 3.98199153
944 3759 12.9585324 0.0129585324 3.98199153
944 3759 12.9583549 0.0129583549 3.98199153
944 3759 12.9566024 0.0129566024 3.98199153
944 3759 12.9566656 0.0129566656 3.98199153
944 3759 12.9566357 0.0129566357 3.98199153
944 3759 12.9566988 0.0129566988 3.98199153
943 3749 12.9404645 0.0129404645 3.97560976
943 3748 12.9412069 0.0129412069 3.97454931
943 3755 12.9428517 0.0129428517 3.98197243
943 3755 12.9427877 0.0129427877 3.98197243
943 3755 12.942912 0.012942912 3.98197243
943 3755 12.9428757 0.0129428757 3.98197243
943 3755 12.9494964 0.0129494964 3.98197243
943 3755 12.9493978 0.0129493978 3.98197243
943 3755 12.9493878 0.0129493878 3.98197243
943 3755 12.9494561 0.0129494561 3.98197243
942 3746 12.9346723 0.0129346723 3.97664544
942 3746 12.9346837 0.0129346837 3.97664544
942 3746 12.9347632 0.0129347632 3.97664544
942 3746 12.9347412 0.0129347412 3.97664544
942 3746 12.9347213 0.0129347213 3.97664544
942 3751 12.9358223 0.0129358223 3.98195329
942 3751 12.9356894 0.0129356894 3.98195329
942 3751 12.9357844 0.0129357844 3.98195329
942 3751 12.935897 0.012935897 3.98195329
942 3751 12.9357094 0.0129357094 3.98195329
941 3743 12.9199392 0.0129199392 3.97768332
941 3743 12.9198789 0.0129198789 3.97768332
941 3747 12.9202504 0.0129202504 3.98193411
941 3747 12.920279 0.012920279 3.98193411
941 3747 12.9202296 0.0129202296 3.98193411
941 3747 12.9202964 0.0129202964 3.98193411
941 3747 12.9202221 0.0129202221 3.98193411
941 3747 12.9203373 0.0129203373 3.98193411
941 3747 12.9202374 0.0129202374 3.98193411
941 3747 12.9202784 0.0129202784 3.98193411
940 3742 12.9016702 0.0129016702 3.98085106
940 3742 12.9017412 0.0129017412 3.98085106
940 3740 12.9019916 0.0129019916 3.9787234
940 3738 12.9058912 0.0129058912 3.97659574
940 3738 12.9059254 0.0129059254 3.97659574
940 3738 12.9059142 0.0129059142 3.97659574
940 3738 12.9059478 0.0129059478 3.97659574
940 3738 12.9058731 0.0129058731 3.97659574
940 3738 12.9059839 0.0129059839 3.97659574
940 3738 12.905977 0.012905977 3.97659574
939 3730 12.892975 0.012892975 3.97231097
939 3730 12.8929537 0.0128929537 3.97231097
939 3730 12.8929128 0.0128929128 3.97231097
939 3730 12.8928128 0.0128928128 3.97231097
939 3730 12.8929334 0.0128929334 3.97231097
939 3734 12.8888883 0.0128888883 3.97657082
939 3734 12.8887831 0.0128887831 3.97657082
939 3734 12.8887759 0.0128887759 3.97657082
939 3730 12.8929254 0.0128929254 3.97231097
939 3730 12.8930184 0.0128930184 3.97231097
938 3723 12.8748642 0.0128748642 3.96908316
938 3725 12.8757574 0.0128757574 3.97121535
938 3720 12.8769742 0.0128769742 3.96588486
938 3720 12.8768833 0.0128768833 3.96588486
938 3720 12.8769689 0.0128769689 3.96588486
938 3720 12.8770117 0.0128770117 3.96588486
938 3725 12.8793838 0.0128793838 3.97121535
938 3725 12.8792797 0.0128792797 3.97121535
938 3725 12.8794471 0.0128794471 3.97121535
938 3725 12.8793999 0.0128793999 3.97121535
937 3715 12.8603726 0.0128603726 3.96478122
937 3718 12.8621934 0.0128621934 3.96798292
937 3713 12.8642607 0.0128642607 3.96264674
937 3713 12.8641825 0.0128641825 3.96264674
937 3713 12.8641637 0.0128641637 3.96264674
937 3713 12.8641789 0.0128641789 3.96264674
937 3714 12.8639786 0.0128639786 3.96371398
937 3713 12.8642424 0.0128642424 3.96264674
937 3713 12.864289 0.012864289 3.96264674
937 3713 12.8641659 0.0128641659 3.96264674
936 3706 12.8460275 0.0128460275 3.95940171
936 3706 12.846115 0.012846115 3.95940171
936 3706 12.8460802 0.0128460802 3.95940171
936 3704 12.8468222 0.0128468222 3.95726496
936 3703 12.8486636 0.0128486636 3.95619658
936 3703 12.8487187 0.0128487187 3.95619658
936 3703 12.8487024 0.0128487024 3.95619658
936 3703 12.8487578 0.0128487578 3.95619658
936 3703 12.8486507 0.0128486507 3.95619658
936 3703 12.848756 0.012848756 3.95619658
935 3692 12.834476 0.012834476 3.9486631
935 3692 12.8343609 0.0128343609 3.9486631
935 3692 12.8343729 0.0128343729 3.9486631
935 3692 12.8343343 0.0128343343 3.9486631
935 3692 12.8343949 0.0128343949 3.9486631
935 3692 12.8344351 0.0128344351 3.9486631
935 3692 12.8343226 0.0128343226 3.9486631
935 3692 12.8343922 0.0128343922 3.9486631
935 3692 12.8344695 0.0128344695 3.9486631
935 3692 12.8343291 0.0128343291 3.9486631
934 3688 12.8147242 0.0128147242 3.94860814
934 3685 12.8169515 0.0128169515 3.94539615
934 3685 12.8172507 0.0128172507 3.94539615
934 3685 12.8167729 0.0128167729 3.94539615
934 3685 12.8168626 0.0128168626 3.94539615
934 3685 12.8167221 0.0128167221 3.94539615
934 3685 12.8168946 0.0128168946 3.94539615
934 3685 12.816897 0.012816897 3.94539615
934 3685 12.8168603 0.0128168603 3.94539615
934 3685 12.8167751 0.0128167751 3.94539615
933 3675 12.7980176 0.0127980176 3.93890675
933 3678 12.7994406 0.0127994406 3.94212219
933 3676 12.8006083 0.0128006083 3.93997856
933 3676 12.8006377 0.0128006377 3.93997856
933 3676 12.8006661 0.0128006661 3.93997856
933 3676 12.8007225 0.0128007225 3.93997856
933 3676 12.80083 0.01280083 3.93997856
933 3676 12.8007765 0.0128007765 3.93997856
933 3680 12.8001494 0.0128001494 3.94426581
933 3680 12.8002794 0.0128002794 3.94426581
932 3676 12.7806014 0.0127806014 3.94420601
932 3671 12.7844907 0.0127844907 3.9388412
932 3671 12.7847486 0.0127847486 3.9388412
932 3671 12.7846149 0.0127846149 3.9388412
932 3671 12.78454 0.01278454 3.9388412
932 3671 12.7844866 0.0127844866 3.9388412
932 3671 12.7844276 0.0127844276 3.9388412
932 3671 12.7845416 0.0127845416 3.9388412
932 3671 12.7845774 0.0127845774 3.9388412
932 3671 12.7845059 0.0127845059 3.9388412
931 3659 12.7648812 0.0127648812 3.9301826
931 3659 12.7648969 0.0127648969 3.9301826
931 3661 12.7654745 0.0127654745 3.93233083
931 3661 12.7654759 0.0127654759 3.93233083
931 3661 12.7655112 0.0127655112 3.93233083
931 3661 12.7655135 0.0127655135 3.93233083
931 3661 12.7653817 0.0127653817 3.93233083
931 3661 12.7653999 0.0127653999 3.93233083
931 3664 12.7681463 0.0127681463 3.93555317
931 3664 12.7681719 0.0127681719 3.93555317
930 3659 12.7514742 0.0127514742 3.9344086
930 3659 12.7515985 0.0127515985 3.9344086
930 3657 12.7523327 0.0127523327 3.93225806
930 3657 12.7524438 0.0127524438 3.93225806
930 3657 12.7525769 0.0127525769 3.93225806
930 3657 12.7526029 0.0127526029 3.93225806
930 3657 12.7525961 0.0127525961 3.93225806
930 3657 12.7526068 0.0127526068 3.93225806
930 3657 12.7525211 0.0127525211 3.93225806
930 3657 12.7525983 0.0127525983 3.93225806
929 3653 12.7334224 0.0127334224 3.93218515
929 3653 12.733372 0.012733372 3.93218515
929 3652 12.7357591 0.0127357591 3.93110872
929 3652 12.7357414 0.0127357414 3.93110872
929 3652 12.7356507 0.0127356507 3.93110872
929 3652 12.7357416 0.0127357416 3.93110872
929 3652 12.7357358 0.0127357358 3.93110872
929 3652 12.7357666 0.0127357666 3.93110872
929 3652 12.735701 0.012735701 3.93110872
929 3652 12.7357362 0.0127357362 3.93110872
928 3640 12.7158596 0.0127158596 3.92241379
928 3648 12.7165652 0.0127165652 3.93103448
928 3648 12.7166422 0.0127166422 3.93103448
928 3648 12.7165689 0.0127165689 3.93103448
928 3648 12.7166717 0.0127166717 3.93103448
928 3648 12.7166507 0.0127166507 3.93103448
928 3642 12.7175016 0.0127175016 3.92456897
928 3642 12.7172554 0.0127172554 3.92456897
928 3642 12.7174215 0.0127174215 3.92456897
928 3642 12.7175097 0.0127175097 3.92456897
927 3632 12.6967251 0.0126967251 3.9180151
927 3630 12.6974787 0.0126974787 3.91585761
927 3630 12.6973884 0.0126973884 3.91585761
927 3630 12.6973437 0.0126973437 3.91585761
927 3630 12.6973166 0.0126973166 3.91585761
927 3630 12.6973535 0.0126973535 3.91585761
927 3630 12.6973307 0.0126973307 3.91585761
927 3630 12.6973876 0.0126973876 3.91585761
927 3630 12.6973205 0.0126973205 3.91585761
927 3630 12.6972838 0.0126972838 3.91585761
926 3623 12.6765858 0.0126765858 3.912527
926 3620 12.6790358 0.0126790358 3.90928726
926 3628 12.6792233 0.0126792233 3.91792657
926 3628 12.6793003 0.0126793003 3.91792657
926 3628 12.6792184 0.0126792184 3.91792657
926 3628 12.6791884 0.0126791884 3.91792657
926 3628 12.6792379 0.0126792379 3.91792657
926 3628 12.6792133 0.0126792133 3.91792657
926 3628 12.679357 0.012679357 3.91792657
926 3628 12.6792875 0.0126792875 3.91792657
925 3620 12.65608 0.01265608 3.91351351
925 3621 12.6585032 0.0126585032 3.91459459
925 3618 12.6586886 0.0126586886 3.91135135
925 3618 12.6587498 0.0126587498 3.91135135
925 3618 12.6586941 0.0126586941 3.91135135
925 3618 12.6587191 0.0126587191 3.91135135
925 3618 12.6586295 0.0126586295 3.91135135
925 3618 12.6586679 0.0126586679 3.91135135
925 3618 12.6586797 0.0126586797 3.91135135
925 3618 12.658738 0.012658738 3.91135135
924 3611 12.6366591 0.0126366591 3.90800866
924 3606 12.6388808 0.0126388808 3.9025974
924 3606 12.6388569 0.0126388569 3.9025974
924 3606 12.6389496 0.0126389496 3.9025974
924 3606 12.6389435 0.0126389435 3.9025974
924 3606 12.6389261 0.0126389261 3.9025974
924 3606 12.6389165 0.0126389165 3.9025974
924 3609 12.63909 0.01263909 3.90584416
924 3610 12.6393756 0.0126393756 3.90692641
924 3610 12.6393771 0.0126393771 3.90692641
923 3603 12.6170392 0.0126170392 3.9035753
923 3606 12.6174356 0.0126174356 3.90682557
923 3600 12.6187823 0.0126187823 3.90032503
923 3600 12.6186129 0.0126186129 3.90032503
923 3603 12.6189936 0.0126189936 3.9035753
923 3603 12.618979 0.012618979 3.9035753
923 3603 12.6189816 0.0126189816 3.9035753
923 3603 12.6189355 0.0126189355 3.9035753
923 3603 12.6189437 0.0126189437 3.9035753
923 3603 12.6189332 0.0126189332 3.9035753
922 3596 12.5967799 0.0125967799 3.90021692
922 3596 12.5968092 0.0125968092 3.90021692
922 3596 12.5968176 0.0125968176 3.90021692
922 3596 12.5967818 0.0125967818 3.90021692
922 3596 12.5967839 0.0125967839 3.90021692
922 3599 12.5970401 0.0125970401 3.90347072
922 3593 12.5983097 0.0125983097 3.89696312
922 3593 12.5982992 0.0125982992 3.89696312
922 3593 12.5982918 0.0125982918 3.89696312
922 3593 12.5981773 0.0125981773 3.89696312
921 3585 12.5747935 0.0125747935 3.89250814
921 3585 12.5755358 0.0125755358 3.89250814
921 3585 12.5754695 0.0125754695 3.89250814
921 3585 12.575516 0.012575516 3.89250814
921 3585 12.575568 0.012575568 3.89250814
921 3585 12.5753685 0.0125753685 3.89250814
921 3589 12.5764063 0.0125764063 3.89685125
921 3589 12.576462 0.012576462 3.89685125
921 3589 12.5765387 0.0125765387 3.89685125
921 3589 12.5766098 0.0125766098 3.89685125
920 3582 12.5538683 0.0125538683 3.89347826
920 3581 12.5540216 0.0125540216 3.8923913
920 3581 12.5540797 0.0125540797 3.8923913
920 3581 12.5541069 0.0125541069 3.8923913
920 3582 12.5545773 0.0125545773 3.89347826
920 3586 12.5608211 0.0125608211 3.89782609
920 3586 12.5608687 0.0125608687 3.89782609
920 3586 12.5608364 0.0125608364 3.89782609
920 3586 12.5609417 0.0125609417 3.89782609
920 3586 12.5607959 0.0125607959 3.89782609
919 3573 12.5366649 0.0125366649 3.88792165
919 3578 12.5378227 0.0125378227 3.89336235
919 3578 12.5377135 0.0125377135 3.89336235
919 3578 12.5376515 0.0125376515 3.89336235
919 3578 12.5382385 0.0125382385 3.89336235
919 3578 12.5381255 0.0125381255 3.89336235
919 3578 12.5381613 0.0125381613 3.89336235
919 3578 12.5381042 0.0125381042 3.89336235
919 3578 12.5380609 0.0125380609 3.89336235
919 3578 12.5382126 0.0125382126 3.89336235
918 3571 12.5163104 0.0125163104 3.88997821
918 3571 12.5163344 0.0125163344 3.88997821
918 3573 12.5169647 0.0125169647 3.89215686
918 3573 12.5170112 0.0125170112 3.89215686
918 3573 12.5170182 0.0125170182 3.89215686
918 3573 12.5170102 0.0125170102 3.89215686
918 3573 12.5168737 0.0125168737 3.89215686
918 3573 12.5170961 0.0125170961 3.89215686
918 3573 12.5170325 0.0125170325 3.89215686
918 3573 12.5169992 0.0125169992 3.89215686
917 3567 12.4931414 0.0124931414 3.88985823
917 3567 12.4933215 0.0124933215 3.88985823
917 3570 12.4935355 0.0124935355 3.89312977
917 3570 12.4935435 0.0124935435 3.89312977
917 3570 12.4935953 0.0124935953 3.89312977
917 3570 12.4935825 0.0124935825 3.89312977
917 3570 12.4934927 0.0124934927 3.89312977
917 3570 12.4935914 0.0124935914 3.89312977
917 3565 12.494346 0.012494346 3.88767721
917 3566 12.4853793 0.0124853793 3.88876772
916 3559 12.4625212 0.0124625212 3.88537118
916 3558 12.4625021 0.0124625021 3.88427948
916 3558 12.4627517 0.0124627517 3.88427948
916 3558 12.4725122 0.0124725122 3.88427948
916 3558 12.472644 0.012472644 3.88427948
916 3558 12.4726955 0.0124726955 3.88427948
916 3558 12.4727296 0.0124727296 3.88427948
916 3558 12.472804 0.012472804 3.88427948
916 3558 12.4727281 0.0124727281 3.88427948
916 3558 12.4726642 0.0124726642 3.88427948
915 3555 12.4494341 0.0124494341 3.8852459
915 3555 12.4494063 0.0124494063 3.8852459
915 3551 12.4498625 0.0124498625 3.88087432
915 3551 12.4498863 0.0124498863 3.88087432
915 3551 12.4498781 0.0124498781 3.88087432
915 3551 12.4498854 0.0124498854 3.88087432
915 3551 12.4499404 0.0124499404 3.88087432
915 3551 12.4498173 0.0124498173 3.88087432
915 3551 12.4499075 0.0124499075 3.88087432
915 3550 12.4491068 0.0124491068 3.87978142
914 3543 12.4281497 0.0124281497 3.87636761
914 3543 12.4283505 0.0124283505 3.87636761
914 3544 12.428309 0.012428309 3.87746171
914 3544 12.4284323 0.0124284323 3.87746171
914 3545 12.4303605 0.0124303605 3.8785558
914 3543 12.439155 0.012439155 3.87636761
914 3542 12.4392606 0.0124392606 3.87527352
914 3542 12.4393907 0.0124393907 3.87527352
914 3542 12.4393692 0.0124393692 3.87527352
914 3542 12.4395194 0.0124395194 3.87527352
913 3534 12.4156138 0.0124156138 3.87075575
913 3535 12.41674 0.01241674 3.87185104
913 3535 12.4168874 0.0124168874 3.87185104
913 3535 12.4169349 0.0124169349 3.87185104
913 3536 12.4171204 0.0124171204 3.87294633
913 3536 12.4172451 0.0124172451 3.87294633
913 3531 12.4305435 0.0124305435 3.86746988
913 3530 12.4274258 0.0124274258 3.86637459
913 3530 12.4275267 0.0124275267 3.86637459
913 3530 12.4276446 0.0124276446 3.86637459
912 3520 12.4040264 0.0124040264 3.85964912
912 3524 12.4096497 0.0124096497 3.86403509
912 3524 12.4095065 0.0124095065 3.86403509
912 3524 12.4094753 0.0124094753 3.86403509
912 3524 12.4095555 0.0124095555 3.86403509
912 3524 12.4096422 0.0124096422 3.86403509
912 3524 12.4094951 0.0124094951 3.86403509
912 3524 12.4094791 0.0124094791 3.86403509
912 3524 12.4094863 0.0124094863 3.86403509
912 3524 12.4094502 0.0124094502 3.86403509
911 3516 12.3848349 0.0123848349 3.85949506
911 3514 12.3870211 0.0123870211 3.85729967
911 3511 12.3890502 0.0123890502 3.85400659
911 3511 12.3894469 0.0123894469 3.85400659
911 3511 12.3893956 0.0123893956 3.85400659
911 3511 12.3893861 0.0123893861 3.85400659
911 3511 12.3893412 0.0123893412 3.85400659
911 3511 12.389392 0.012389392 3.85400659
911 3509 12.3888446 0.0123888446 3.8518112
911 3509 12.3889351 0.0123889351 3.8518112
910 3501 12.365707 0.012365707 3.84725275
910 3502 12.3701015 0.0123701015 3.84835165
910 3502 12.3700558 0.0123700558 3.84835165
910 3502 12.3701336 0.0123701336 3.84835165
910 3502 12.370131 0.012370131 3.84835165
910 3502 12.370069 0.012370069 3.84835165
910 3502 12.3701429 0.0123701429 3.84835165
910 3502 12.3701502 0.0123701502 3.84835165
910 3502 12.3701216 0.0123701216 3.84835165
910 3502 12.3701227 0.0123701227 3.84835165
909 3495 12.3473888 0.0123473888 3.84488449
909 3495 12.3474836 0.0123474836 3.84488449
909 3495 12.3475078 0.0123475078 3.84488449
909 3495 12.3474926 0.0123474926 3.84488449
909 3496 12.348102 0.012348102 3.8459846
909 3496 12.3485437 0.0123485437 3.8459846
909 3496 12.348497 0.012348497 3.8459846
909 3496 12.3484286 0.0123484286 3.8459846
909 3496 12.3484569 0.0123484569 3.8459846
909 3496 12.348445 0.012348445 3.8459846
908 3487 12.3254094 0.0123254094 3.84030837
908 3491 12.325855 0.012325855 3.84471366
908 3490 12.3294993 0.0123294993 3.84361233
908 3490 12.3294022 0.0123294022 3.84361233
908 3490 12.3294432 0.0123294432 3.84361233
908 3490 12.3294062 0.0123294062 3.84361233
908 3490 12.3293761 0.0123293761 3.84361233
908 3490 12.3295286 0.0123295286 3.84361233
908 3490 12.3295592 0.0123295592 3.84361233
908 3490 12.3293672 0.0123293672 3.84361233
907 3480 12.3068244 0.0123068244 3.8368247
907 3482 12.3066258 0.0123066258 3.83902977
907 3482 12.306625 0.012306625 3.83902977
907 3483 12.3070467 0.0123070467 3.8401323
907 3479 12.3068863 0.0123068863 3.83572216
907 3479 12.3070417 0.0123070417 3.83572216
907 3483 12.3070874 0.0123070874 3.8401323
907 3483 12.3070655 0.0123070655 3.8401323
907 3483 12.3070854 0.0123070854 3.8401323
907 3483 12.3071801 0.0123071801 3.8401323
906 3475 12.284528 0.012284528 3.83554084
906 3474 12.2886873 0.0122886873 3.83443709
906 3474 12.2887602 0.0122887602 3.83443709
906 3474 12.2886659 0.0122886659 3.83443709
906 3474 12.2886402 0.0122886402 3.83443709
906 3474 12.2887333 0.0122887333 3.83443709
906 3474 12.2887056 0.0122887056 3.83443709
906 3474 12.2886194 0.0122886194 3.83443709
906 3474 12.2888057 0.0122888057 3.83443709
906 3474 12.2887075 0.0122887075 3.83443709
905 3464 12.2662044 0.0122662044 3.82762431
905 3464 12.2662975 0.0122662975 3.82762431
905 3469 12.2663878 0.0122663878 3.83314917
905 3469 12.2663147 0.0122663147 3.83314917
905 3466 12.2676399 0.0122676399 3.82983425
905 3466 12.267634 0.012267634 3.82983425
905 3466 12.2675856 0.0122675856 3.82983425
905 3466 12.267633 0.012267633 3.82983425
905 3466 12.267683 0.012267683 3.82983425
905 3466 12.2675995 0.0122675995 3.82983425
904 3461 12.2453967 0.0122453967 3.82853982
904 3461 12.2453085 0.0122453085 3.82853982
904 3460 12.2455928 0.0122455928 3.82743363
904 3456 12.2462402 0.0122462402 3.82300885
904 3456 12.2464694 0.0122464694 3.82300885
904 3456 12.2463321 0.0122463321 3.82300885
904 3456 12.2463966 0.0122463966 3.82300885
904 3458 12.2457636 0.0122457636 3.82522124
904 3458 12.2456427 0.0122456427 3.82522124
904 3458 12.2458413 0.0122458413 3.82522124
903 3447 12.2236312 0.0122236312 3.81727575
903 3447 12.2236891 0.0122236891 3.81727575
903 3447 12.2236855 0.0122236855 3.81727575
903 3447 12.2237492 0.0122237492 3.81727575
903 3447 12.2236831 0.0122236831 3.81727575
903 3447 12.2236101 0.0122236101 3.81727575
903 3447 12.2236539 0.0122236539 3.81727575
903 3447 12.2237747 0.0122237747 3.81727575
903 3447 12.2236678 0.0122236678 3.81727575
903 3447 12.2236619 0.0122236619 3.81727575
902 3442 12.2015801 0.0122015801 3.81596452
902 3437 12.2019165 0.0122019165 3.81042129
902 3437 12.2020443 0.0122020443 3.81042129
902 3437 12.2020029 0.0122020029 3.81042129
902 3437 12.2019695 0.0122019695 3.81042129
902 3437 12.2019156 0.0122019156 3.81042129
902 3437 12.2020466 0.0122020466 3.81042129
902 3437 12.2018208 0.0122018208 3.81042129
902 3437 12.2019595 0.0122019595 3.81042129
902 3437 12.2020033 0.0122020033 3.81042129
901 3427 12.1828829 0.0121828829 3.80355161
901 3427 12.1830889 0.0121830889 3.80355161
901 3432 12.1825348 0.0121825348 3.809101
901 3427 12.1830889 0.0121830889 3.80355161
901 3427 12.1830883 0.0121830883 3.80355161
901 3427 12.1830517 0.0121830517 3.80355161
901 3427 12.1830933 0.0121830933 3.80355161
901 3427 12.1830542 0.0121830542 3.80355161
901 3427 12.183103 0.012183103 3.80355161
901 3432 12.182754 0.012182754 3.809101
900 3425 12.1602346 0.0121602346 3.80555556
900 3425 12.1604782 0.0121604782 3.80555556
900 3426 12.1603691 0.0121603691 3.80666667
900 3426 12.1603786 0.0121603786 3.80666667
900 3426 12.1604888 0.0121604888 3.80666667
900 3426 12.1604925 0.0121604925 3.80666667
900 3426 12.1606787 0.0121606787 3.80666667
900 3426 12.1605623 0.0121605623 3.80666667
900 3426 12.1605608 0.0121605608 3.80666667
900 3426 12.1606124 0.0121606124 3.80666667
899 3417 12.1381734 0.0121381734 3.80088988
899 3416 12.1391827 0.0121391827 3.79977753
899 3416 12.1391028 0.0121391028 3.79977753
899 3413 12.1393504 0.0121393504 3.79644049
899 3413 12.1395723 0.0121395723 3.79644049
899 3413 12.1395007 0.0121395007 3.79644049
899 3413 12.1393757 0.0121393757 3.79644049
899 3415 12.1392246 0.0121392246 3.79866518
899 3415 12.1392996 0.0121392996 3.79866518
899 3415 12.1392197 0.0121392197 3.79866518
898 3407 12.1158432 0.0121158432 3.79398664
898 3406 12.1176943 0.0121176943 3.79287305
898 3406 12.1176784 0.0121176784 3.79287305
898 3406 12.1176653 0.0121176653 3.79287305
898 3406 12.1176946 0.0121176946 3.79287305
898 3406 12.1177002 0.0121177002 3.79287305
898 3406 12.1178129 0.0121178129 3.79287305
898 3406 12.1177764 0.0121177764 3.79287305
898 3406 12.1177454 0.0121177454 3.79287305
898 3406 12.1176956 0.0121176956 3.79287305
897 3395 12.0941364 0.0120941364 3.78483835
897 3402 12.0951432 0.0120951432 3.79264214
897 3398 12.0948209 0.0120948209 3.78818283
897 3398 12.0948585 0.0120948585 3.78818283
897 3400 12.0953124 0.0120953124 3.79041249
897 3400 12.0952685 0.0120952685 3.79041249
897 3400 12.0953949 0.0120953949 3.79041249
897 3400 12.0952985 0.0120952985 3.79041249
897 3400 12.0951869 0.0120951869 3.79041249
897 3400 12.0954629 0.0120954629 3.79041249
896 3397 12.0719092 0.0120719092 3.79129464
896 3397 12.0718951 0.0120718951 3.79129464
896 3397 12.0718483 0.0120718483 3.79129464
896 3392 12.0725033 0.0120725033 3.78571429
896 3392 12.0725875 0.0120725875 3.78571429
896 3392 12.0724621 0.0120724621 3.78571429
896 3392 12.0725633 0.0120725633 3.78571429
896 3392 12.0725201 0.0120725201 3.78571429
896 3392 12.0726429 0.0120726429 3.78571429
896 3392 12.0726319 0.0120726319 3.78571429
895 3384 12.0485204 0.0120485204 3.78100559
895 3384 12.0488841 0.0120488841 3.78100559
895 3386 12.0492779 0.0120492779 3.78324022
895 3386 12.0494037 0.0120494037 3.78324022
895 3386 12.0495473 0.0120495473 3.78324022
895 3386 12.0495564 0.0120495564 3.78324022
895 3386 12.0495939 0.0120495939 3.78324022
895 3389 12.0494008 0.0120494008 3.78659218
895 3389 12.0494385 0.0120494385 3.78659218
895 3389 12.0493435 0.0120493435 3.78659218
894 3385 12.0303561 0.0120303561 3.78635347
894 3385 12.030624 0.012030624 3.78635347
894 3381 12.0312029 0.0120312029 3.78187919
894 3381 12.0312745 0.0120312745 3.78187919
894 3381 12.0313103 0.0120313103 3.78187919
894 3381 12.0312244 0.0120312244 3.78187919
894 3381 12.0313247 0.0120313247 3.78187919
894 3381 12.031412 0.012031412 3.78187919
894 3381 12.0313137 0.0120313137 3.78187919
894 3381 12.0312712 0.0120312712 3.78187919
893 3378 12.0080451 0.0120080451 3.78275476
893 3378 12.008209 0.012008209 3.78275476
893 3377 12.0089308 0.0120089308 3.78163494
893 3377 12.0090242 0.0120090242 3.78163494
893 3377 12.009094 0.012009094 3.78163494
893 3377 12.0089768 0.0120089768 3.78163494
893 3377 12.009059 0.012009059 3.78163494
893 3377 12.0088621 0.0120088621 3.78163494
893 3377 12.0090387 0.0120090387 3.78163494
893 3377 12.0091256 0.0120091256 3.78163494
892 3374 11.9859863 0.0119859863 3.78251121
892 3374 11.9860554 0.0119860554 3.78251121
892 3374 11.9860482 0.0119860482 3.78251121
892 3374 11.9860791 0.0119860791 3.78251121
892 3374 11.9860218 0.0119860218 3.78251121
892 3369 11.9920788 0.0119920788 3.77690583
892 3369 11.9921644 0.0119921644 3.77690583
892 3369 11.9920869 0.0119920869 3.77690583
892 3369 11.9921093 0.0119921093 3.77690583
892 3369 11.9920937 0.0119920937 3.77690583
891 3364 11.9681557 0.0119681557 3.77553311
891 3361 11.9691227 0.0119691227 3.77216611
891 3361 11.9692558 0.0119692558 3.77216611
891 3361 11.9691441 0.0119691441 3.77216611
891 3361 11.9691864 0.0119691864 3.77216611
891 3361 11.9691453 0.0119691453 3.77216611
891 3366 11.9689685 0.0119689685 3.77777778
891 3366 11.9690155 0.0119690155 3.77777778
891 3366 11.9691155 0.0119691155 3.77777778
891 3366 11.9691229 0.0119691229 3.77777778
890 3359 11.9452606 0.0119452606 3.7741573
890 3358 11.9462964 0.0119462964 3.77303371
890 3358 11.946195 0.011946195 3.77303371
890 3358 11.9460785 0.0119460785 3.77303371
890 3358 11.9461771 0.0119461771 3.77303371
890 3358 11.9464705 0.0119464705 3.77303371
890 3358 11.9460154 0.0119460154 3.77303371
890 3358 11.9463618 0.0119463618 3.77303371
890 3358 11.9462284 0.0119462284 3.77303371
890 3358 11.946189 0.011946189 3.77303371
889 3353 11.9219665 0.0119219665 3.77165354
889 3348 11.9231985 0.0119231985 3.76602925
889 3348 11.9232024 0.0119232024 3.76602925
889 3348 11.9230691 0.0119230691 3.76602925
889 3348 11.9230482 0.0119230482 3.76602925
889 3347 11.9228675 0.0119228675 3.76490439
889 3347 11.9227785 0.0119227785 3.76490439
889 3347 11.9228367 0.0119228367 3.76490439
889 3350 11.9206091 0.0119206091 3.76827897
889 3350 11.920877 0.011920877 3.76827897
888 3340 11.8979571 0.0118979571 3.76126126
888 3340 11.8981157 0.0118981157 3.76126126
888 3340 11.8982271 0.0118982271 3.76126126
888 3340 11.8982957 0.0118982957 3.76126126
888 3340 11.89822 0.01189822 3.76126126
888 3340 11.8981771 0.0118981771 3.76126126
888 3340 11.8982434 0.0118982434 3.76126126
888 3340 11.8982971 0.0118982971 3.76126126
888 3340 11.8982173 0.0118982173 3.76126126
888 3340 11.8982122 0.0118982122 3.76126126
887 3329 11.8858707 0.0118858707 3.75310034
887 3329 11.88591 0.01188591 3.75310034
887 3331 11.8851899 0.0118851899 3.75535513
887 3331 11.8852675 0.0118852675 3.75535513
887 3331 11.8851981 0.0118851981 3.75535513
887 3331 11.8852985 0.0118852985 3.75535513
887 3331 11.8854286 0.0118854286 3.75535513
887 3331 11.8853332 0.0118853332 3.75535513
887 3331 11.88542 0.01188542 3.75535513
887 3331 11.8853209 0.0118853209 3.75535513
886 3326 11.8597746 0.0118597746 3.75395034
886 3326 11.8597185 0.0118597185 3.75395034
886 3321 11.86332 0.01186332 3.748307
886 3321 11.863339 0.011863339 3.748307
886 3321 11.8632353 0.0118632353 3.748307
886 3321 11.8633282 0.0118633282 3.748307
886 3321 11.8634418 0.0118634418 3.748307
886 3321 11.8633896 0.0118633896 3.748307
886 3321 11.8632386 0.0118632386 3.748307
886 3321 11.8634553 0.0118634553 3.748307
885 3316 11.8393818 0.0118393818 3.74689266
885 3316 11.839442 0.011839442 3.74689266
885 3316 11.8394426 0.0118394426 3.74689266
885 3316 11.8394388 0.0118394388 3.74689266
885 3316 11.8393108 0.0118393108 3.74689266
885 3316 11.8394061 0.0118394061 3.74689266
885 3316 11.8394629 0.0118394629 3.74689266
885 3316 11.8394117 0.0118394117 3.74689266
885 3316 11.8393553 0.0118393553 3.74689266
885 3316 11.839525 0.011839525 3.74689266
884 3310 11.8148804 0.0118148804 3.74434389
884 3309 11.8154198 0.0118154198 3.74321267
884 3309 11.8154063 0.0118154063 3.74321267
884 3309 11.8153612 0.0118153612 3.74321267
884 3309 11.8153159 0.0118153159 3.74321267
884 3309 11.8154221 0.0118154221 3.74321267
884 3309 11.8152817 0.0118152817 3.74321267
884 3309 11.8153384 0.0118153384 3.74321267
884 3309 11.8149127 0.0118149127 3.74321267
884 3309 11.8149576 0.0118149576 3.74321267
883 3305 11.7911679 0.0117911679 3.74292186
883 3299 11.7753989 0.0117753989 3.73612684
883 3299 11.7754456 0.0117754456 3.73612684
883 3299 11.7744249 0.0117744249 3.73612684
883 3299 11.7745501 0.0117745501 3.73612684
883 3299 11.7746682 0.0117746682 3.73612684
883 3297 11.7755248 0.0117755248 3.73386183
883 3302 11.7935205 0.0117935205 3.73952435
883 3302 11.7934588 0.0117934588 3.73952435
883 3302 11.7934126 0.0117934126 3.73952435
882 3292 11.7881248 0.0117881248 3.7324263
882 3292 11.7880341 0.0117880341 3.7324263
882 3292 11.7882744 0.0117882744 3.7324263
882 3292 11.7881421 0.0117881421 3.7324263
882 3292 11.7881153 0.0117881153 3.7324263
882 3292 11.7881657 0.0117881657 3.7324263
882 3292 11.7968952 0.0117968952 3.7324263
882 3292 11.7968355 0.0117968355 3.7324263
882 3292 11.7968443 0.0117968443 3.7324263
882 3292 11.79689 0.01179689 3.7324263
881 3287 11.7736844 0.0117736844 3.73098751
881 3287 11.7736626 0.0117736626 3.73098751
881 3287 11.7734974 0.0117734974 3.73098751
881 3287 11.7736728 0.0117736728 3.73098751
881 3287 11.7736527 0.0117736527 3.73098751
881 3287 11.7734032 0.0117734032 3.73098751
881 3283 11.7733313 0.0117733313 3.72644722
881 3283 11.7734766 0.0117734766 3.72644722
881 3283 11.7735455 0.0117735455 3.72644722
881 3283 11.7735714 0.0117735714 3.72644722
880 3279 11.7512145 0.0117512145 3.72613636
880 3279 11.7512502 0.0117512502 3.72613636
880 3279 11.7512044 0.0117512044 3.72613636
880 3279 11.7511704 0.0117511704 3.72613636
880 3279 11.7510545 0.0117510545 3.72613636
880 3279 11.7510427 0.0117510427 3.72613636
880 3279 11.7509898 0.0117509898 3.72613636
880 3279 11.7511551 0.0117511551 3.72613636
880 3281 11.7489898 0.0117489898 3.72840909
880 3275 11.752533 0.011752533 3.72159091
879 3270 11.7306632 0.0117306632 3.72013652
879 3264 11.7321217 0.0117321217 3.71331058
879 3264 11.7322295 0.0117322295 3.71331058
879 3266 11.735276 0.011735276 3.71558589
879 3266 11.7351692 0.0117351692 3.71558589
878 3262 11.7275579 0.0117275579 3.71526196
878 3262 11.7274427 0.0117274427 3.71526196
878 3262 11.7274706 0.0117274706 3.71526196
878 3262 11.7274391 0.0117274391 3.71526196
878 3262 11.7276222 0.0117276222 3.71526196
877 3258 11.7059748 0.0117059748 3.71493729
877 3258 11.7059983 0.0117059983 3.71493729
877 3258 11.7060696 0.0117060696 3.71493729
877 3258 11.7060876 0.0117060876 3.71493729
877 3258 11.706111 0.011706111 3.71493729
877 3258 11.7060034 0.0117060034 3.71493729
877 3258 11.7060285 0.0117060285 3.71493729
877 3260 11.7199785 0.0117199785 3.71721779
877 3260 11.7200811 0.0117200811 3.71721779
877 3260 11.7201369 0.0117201369 3.71721779
876 3257 11.6971246 0.0116971246 3.71803653
876 3257 11.6970515 0.0116970515 3.71803653
876 3257 11.6971192 0.0116971192 3.71803653
876 3254 11.6973231 0.0116973231 3.71461187
876 3254 11.6973916 0.0116973916 3.71461187
876 3254 11.6974766 0.0116974766 3.71461187
876 3254 11.6973631 0.0116973631 3.71461187
876 3254 11.6973689 0.0116973689 3.71461187
876 3248 11.6972494 0.0116972494 3.70776256
876 3248 11.6973065 0.0116973065 3.70776256
875 3240 11.6746794 0.0116746794 3.70285714
875 3240 11.6746226 0.0116746226 3.70285714
875 3240 11.6744762 0.0116744762 3.70285714
875 3243 11.6768833 0.0116768833 3.70628571
875 3243 11.676745 0.011676745 3.70628571
875 3243 11.6768198 0.0116768198 3.70628571
875 3243 11.6768026 0.0116768026 3.70628571
875 3243 11.6768279 0.0116768279 3.70628571
875 3243 11.6767263 0.0116767263 3.70628571
875 3252 11.6761853 0.0116761853 3.71657143
874 3244 11.6593302 0.0116593302 3.71167048
874 3244 11.6594808 0.0116594808 3.71167048
874 3235 11.6598508 0.0116598508 3.701373
874 3235 11.6597289 0.0116597289 3.701373
874 3235 11.6598955 0.0116598955 3.701373
874 3235 11.6597367 0.0116597367 3.701373
874 3235 11.6597039 0.0116597039 3.701373
874 3239 11.6497006 0.0116497006 3.70594966
874 3239 11.6498307 0.0116498307 3.70594966
874 3239 11.6499256 0.0116499256 3.70594966
873 3234 11.6252295 0.0116252295 3.70446735
873 3236 11.6261854 0.0116261854 3.7067583
873 3233 11.6290979 0.0116290979 3.70332188
873 3233 11.6291131 0.0116291131 3.70332188
873 3233 11.6291432 0.0116291432 3.70332188
873 3233 11.629138 0.011629138 3.70332188
873 3233 11.6291331 0.0116291331 3.70332188
873 3233 11.6291507 0.0116291507 3.70332188
873 3231 11.623524 0.011623524 3.70103093
873 3231 11.6234652 0.0116234652 3.70103093
872 3226 11.5994117 0.0115994117 3.69954128
872 3226 11.5993482 0.0115993482 3.69954128
872 3219 11.599966 0.011599966 3.69151376
872 3219 11.5999257 0.0115999257 3.69151376
872 3219 11.5999553 0.0115999553 3.69151376
872 3226 11.6002772 0.0116002772 3.69954128
872 3226 11.6001983 0.0116001983 3.69954128
872 3225 11.6070176 0.0116070176 3.6983945
872 3225 11.6071769 0.0116071769 3.6983945
872 3222 11.6141978 0.0116141978 3.69495413
871 3217 11.5908067 0.0115908067 3.6934558
871 3217 11.590831 0.011590831 3.6934558
871 3217 11.5908231 0.0115908231 3.6934558
871 3217 11.5908451 0.0115908451 3.6934558
871 3217 11.5908182 0.0115908182 3.6934558
871 3218 11.5945475 0.0115945475 3.6946039
871 3218 11.5946494 0.0115946494 3.6946039
871 3218 11.5945141 0.0115945141 3.6946039
871 3218 11.5946536 0.0115946536 3.6946039
871 3218 11.5947631 0.0115947631 3.6946039
870 3211 11.5701968 0.0115701968 3.6908046
870 3211 11.5701668 0.0115701668 3.6908046
870 3215 11.5713125 0.0115713125 3.6954023
869 3206 11.5458527 0.0115458527 3.68929804
869 3206 11.5459139 0.0115459139 3.68929804
869 3206 11.5458099 0.0115458099 3.68929804
869 3206 11.5458779 0.0115458779 3.68929804
869 3205 11.5674968 0.0115674968 3.6881473
869 3205 11.5675056 0.0115675056 3.6881473
869 3205 11.5674882 0.0115674882 3.6881473
868 3197 11.5425334 0.0115425334 3.68317972
868 3200 11.5472028 0.0115472028 3.68663594
868 3200 11.5472245 0.0115472245 3.68663594
868 3200 11.547452 0.011547452 3.68663594
868 3200 11.5474715 0.0115474715 3.68663594
868 3200 11.5473047 0.0115473047 3.68663594
868 3200 11.5472471 0.0115472471 3.68663594
868 3196 11.5457582 0.0115457582 3.68202765
868 3196 11.5457264 0.0115457264 3.68202765
868 3196 11.5457747 0.0115457747 3.68202765
867 3193 11.5258997 0.0115258997 3.6828143
867 3193 11.5258387 0.0115258387 3.6828143
867 3193 11.5258189 0.0115258189 3.6828143
867 3193 11.5259943 0.0115259943 3.6828143
867 3193 11.5259507 0.0115259507 3.6828143
867 3193 11.5257704 0.0115257704 3.6828143
867 3193 11.5259267 0.0115259267 3.6828143
867 3193 11.525969 0.011525969 3.6828143
867 3193 11.5258616 0.0115258616 3.6828143
867 3193 11.5257845 0.0115257845 3.6828143
866 3187 11.5014922 0.0115014922 3.68013857
866 3187 11.501384 0.011501384 3.68013857
866 3187 11.5013952 0.0115013952 3.68013857
866 3185 11.5014653 0.0115014653 3.6778291
866 3185 11.5013282 0.0115013282 3.6778291
866 3185 11.5013779 0.0115013779 3.6778291
866 3188 11.5026536 0.0115026536 3.6812933
866 3188 11.5026349 0.0115026349 3.6812933
866 3188 11.5025393 0.0115025393 3.6812933
866 3188 11.5025522 0.0115025522 3.6812933
865 3183 11.4782612 0.0114782612 3.67976879
865 3183 11.4783606 0.0114783606 3.67976879
865 3183 11.4781317 0.0114781317 3.67976879
865 3181 11.480229 0.011480229 3.67745665
865 3181 11.4801084 0.0114801084 3.67745665
865 3181 11.4801877 0.0114801877 3.67745665
865 3181 11.4802977 0.0114802977 3.67745665
865 3181 11.4802252 0.0114802252 3.67745665
865 3181 11.4801684 0.0114801684 3.67745665
865 3181 11.4802283 0.0114802283 3.67745665
864 3176 11.4550058 0.0114550058 3.67592593
864 3176 11.4564116 0.0114564116 3.67592593
864 3176 11.454968 0.011454968 3.67592593
863 3166 11.4408042 0.0114408042 3.66859791
863 3166 11.440682 0.011440682 3.66859791
863 3164 11.4416172 0.0114416172 3.66628042
863 3164 11.4414963 0.0114414963 3.66628042
863 3164 11.4415543 0.0114415543 3.66628042
863 3164 11.4415876 0.0114415876 3.66628042
863 3164 11.4414692 0.0114414692 3.66628042
862 3159 11.4184472 0.0114184472 3.66473318
862 3159 11.4184474 0.0114184474 3.66473318
862 3159 11.4183786 0.0114183786 3.66473318
862 3152 11.4224372 0.0114224372 3.65661253
862 3152 11.4224674 0.0114224674 3.65661253
862 3152 11.4224409 0.0114224409 3.65661253
862 3152 11.4224017 0.0114224017 3.65661253
862 3157 11.4112865 0.0114112865 3.66241299
862 3157 11.4112401 0.0114112401 3.66241299
862 3157 11.4112037 0.0114112037 3.66241299
861 3149 11.3877007 0.0113877007 3.65737515
861 3151 11.3870487 0.0113870487 3.65969803
861 3149 11.3877551 0.0113877551 3.65737515
861 3149 11.3876512 0.0113876512 3.65737515
861 3149 11.3876666 0.0113876666 3.65737515
861 3149 11.3877439 0.0113877439 3.65737515
861 3150 11.4085397 0.0114085397 3.65853659
861 3150 11.4085731 0.0114085731 3.65853659
861 3150 11.408501 0.011408501 3.65853659
861 3150 11.408486 0.011408486 3.65853659
860 3145 11.385592 0.011385592 3.65697674
860 3145 11.3853869 0.0113853869 3.65697674
860 3145 11.3855739 0.0113855739 3.65697674
860 3145 11.3853344 0.0113853344 3.65697674
860 3145 11.3853523 0.0113853523 3.65697674
860 3145 11.3853838 0.0113853838 3.65697674
860 3145 11.3853902 0.0113853902 3.65697674
860 3145 11.3853151 0.0113853151 3.65697674
860 3145 11.3852981 0.0113852981 3.65697674
860 3145 11.3853331 0.0113853331 3.65697674
859 3141 11.3623314 0.0113623314 3.65657742
859 3141 11.3623943 0.0113623943 3.65657742
859 3140 11.362872 0.011362872 3.65541327
859 3140 11.3627764 0.0113627764 3.65541327
859 3138 11.3641997 0.0113641997 3.65308498
859 3139 11.3635413 0.0113635413 3.65424913
859 3139 11.3634736 0.0113634736 3.65424913
859 3138 11.3692698 0.0113692698 3.65308498
859 3140 11.3668604 0.0113668604 3.65541327
859 3140 11.36689 0.01136689 3.65541327
858 3134 11.3438436 0.0113438436 3.65268065
858 3134 11.3439244 0.0113439244 3.65268065
858 3133 11.3476991 0.0113476991 3.65151515
858 3141 11.3459523 0.0113459523 3.66083916
858 3142 11.3483088 0.0113483088 3.66200466
858 3142 11.3485549 0.0113485549 3.66200466
858 3142 11.3486133 0.0113486133 3.66200466
858 3142 11.3486277 0.0113486277 3.66200466
858 3138 11.3606557 0.0113606557 3.65734266
858 3142 11.3577 0.0113577 3.66200466
857 3135 11.3399498 0.0113399498 3.65810968
857 3129 11.3409915 0.0113409915 3.65110852
857 3129 11.3410052 0.0113410052 3.65110852
857 3131 11.3264622 0.0113264622 3.65344224
857 3131 11.3344895 0.0113344895 3.65344224
857 3131 11.3343201 0.0113343201 3.65344224
857 3131 11.3343933 0.0113343933 3.65344224
857 3128 11.3373228 0.0113373228 3.64994166
857 3128 11.3371593 0.0113371593 3.64994166
857 3128 11.3371746 0.0113371746 3.64994166
856 3121 11.3135762 0.0113135762 3.64602804
856 3123 11.3151361 0.0113151361 3.64836449
856 3123 11.3151038 0.0113151038 3.64836449
856 3122 11.3154577 0.0113154577 3.64719626
856 3123 11.3192892 0.0113192892 3.64836449
856 3123 11.3195751 0.0113195751 3.64836449
856 3123 11.319567 0.011319567 3.64836449
856 3123 11.3195952 0.0113195952 3.64836449
856 3123 11.3195706 0.0113195706 3.64836449
856 3123 11.3195496 0.0113195496 3.64836449
855 3117 11.2975919 0.0112975919 3.64561404
855 3117 11.2976673 0.0112976673 3.64561404
855 3117 11.2977732 0.0112977732 3.64561404
855 3117 11.2977098 0.0112977098 3.64561404
855 3117 11.2977127 0.0112977127 3.64561404
855 3117 11.2978782 0.0112978782 3.64561404
855 3115 11.2974832 0.0112974832 3.64327485
855 3117 11.2998176 0.0112998176 3.64561404
855 3117 11.2997939 0.0112997939 3.64561404
855 3117 11.2997899 0.0112997899 3.64561404
854 3109 11.2778854 0.0112778854 3.64051522
854 3109 11.2778854 0.0112778854 3.64051522
854 3109 11.2779491 0.0112779491 3.64051522
854 3112 11.2782099 0.0112782099 3.6440281
854 3112 11.2781883 0.0112781883 3.6440281
854 3112 11.2783007 0.0112783007 3.6440281
854 3112 11.2781305 0.0112781305 3.6440281
854 3112 11.2775216 0.0112775216 3.6440281
854 3112 11.2773619 0.0112773619 3.6440281
854 3112 11.2774624 0.0112774624 3.6440281
853 3106 11.2537562 0.0112537562 3.64126612
853 3106 11.2536364 0.0112536364 3.64126612
853 3106 11.2537692 0.0112537692 3.64126612
853 3106 11.2567444 0.0112567444 3.64126612
853 3106 11.2566784 0.0112566784 3.64126612
853 3106 11.2567222 0.0112567222 3.64126612
853 3106 11.2567154 0.0112567154 3.64126612
853 3106 11.2566521 0.0112566521 3.64126612
853 3106 11.2566518 0.0112566518 3.64126612
853 3106 11.2566244 0.0112566244 3.64126612
852 3097 11.2303058 0.0112303058 3.63497653
852 3098 11.2323365 0.0112323365 3.63615023
852 3098 11.2325362 0.0112325362 3.63615023
852 3100 11.2335541 0.0112335541 3.63849765
852 3098 11.23507 0.01123507 3.63615023
852 3098 11.2346428 0.0112346428 3.63615023
852 3098 11.235028 0.011235028 3.63615023
852 3098 11.2350069 0.0112350069 3.63615023
852 3098 11.2352207 0.0112352207 3.63615023
852 3098 11.2349287 0.0112349287 3.63615023
851 3092 11.2143994 0.0112143994 3.6333725
851 3092 11.2145141 0.0112145141 3.6333725
851 3092 11.2145886 0.0112145886 3.6333725
851 3092 11.2146324 0.0112146324 3.6333725
851 3092 11.2146634 0.0112146634 3.6333725
851 3092 11.2145209 0.0112145209 3.6333725
851 3092 11.2144159 0.0112144159 3.6333725
851 3092 11.2146641 0.0112146641 3.6333725
851 3092 11.2143817 0.0112143817 3.6333725
851 3092 11.2146815 0.0112146815 3.6333725
850 3085 11.1905102 0.0111905102 3.62941176
850 3084 11.1927925 0.0111927925 3.62823529
850 3084 11.1928325 0.0111928325 3.62823529
850 3084 11.1928683 0.0111928683 3.62823529
850 3084 11.1927287 0.0111927287 3.62823529
850 3084 11.1927694 0.0111927694 3.62823529
850 3084 11.1928911 0.0111928911 3.62823529
850 3084 11.1926649 0.0111926649 3.62823529
850 3084 11.1926069 0.0111926069 3.62823529
850 3084 11.192796 0.011192796 3.62823529
849 3078 11.1670853 0.0111670853 3.6254417
849 3078 11.1708844 0.0111708844 3.6254417
849 3078 11.1710609 0.0111710609 3.6254417
849 3078 11.1707475 0.0111707475 3.6254417
849 3078 11.1707209 0.0111707209 3.6254417
849 3078 11.1708692 0.0111708692 3.6254417
849 3078 11.1710528 0.0111710528 3.6254417
849 3078 11.1708324 0.0111708324 3.6254417
849 3078 11.1708868 0.0111708868 3.6254417
849 3078 11.1710079 0.0111710079 3.6254417
848 3072 11.1484907 0.0111484907 3.62264151
848 3072 11.1484471 0.0111484471 3.62264151
848 3072 11.1484128 0.0111484128 3.62264151
848 3072 11.1484371 0.0111484371 3.62264151
848 3070 11.1477974 0.0111477974 3.62028302
848 3070 11.1478881 0.0111478881 3.62028302
848 3070 11.1478944 0.0111478944 3.62028302
848 3070 11.1478865 0.0111478865 3.62028302
848 3070 11.1477859 0.0111477859 3.62028302
848 3070 11.147795 0.011147795 3.62028302
847 3064 11.1225958 0.0111225958 3.61747344
847 3064 11.1226398 0.0111226398 3.61747344
847 3062 11.1231309 0.0111231309 3.61511216
847 3062 11.1233459 0.0111233459 3.61511216
847 3062 11.1234086 0.0111234086 3.61511216
847 3062 11.1234181 0.0111234181 3.61511216
847 3062 11.1234399 0.0111234399 3.61511216
847 3062 11.1232322 0.0111232322 3.61511216
847 3062 11.1233902 0.0111233902 3.61511216
847 3062 11.1234045 0.0111234045 3.61511216
846 3054 11.0991577 0.0110991577 3.60992908
846 3054 11.0992299 0.0110992299 3.60992908
846 3054 11.0992599 0.0110992599 3.60992908
846 3054 11.1050415 0.0111050415 3.60992908
846 3052 11.1099957 0.0111099957 3.60756501
846 3052 11.1100194 0.0111100194 3.60756501
846 3052 11.1098454 0.0111098454 3.60756501
846 3052 11.1099966 0.0111099966 3.60756501
846 3052 11.1098993 0.0111098993 3.60756501
846 3052 11.1064294 0.0111064294 3.60756501
845 3044 11.0821995 0.0110821995 3.60236686
845 3045 11.0938081 0.0110938081 3.6035503
845 3045 11.0938622 0.0110938622 3.6035503
845 3045 11.0938719 0.0110938719 3.6035503
845 3047 11.0973483 0.0110973483 3.60591716
845 3047 11.0972691 0.0110972691 3.60591716
845 3047 11.0973512 0.0110973512 3.60591716
845 3047 11.0974541 0.0110974541 3.60591716
845 3047 11.0975135 0.0110975135 3.60591716
845 3047 11.097347 0.011097347 3.60591716
844 3035 11.0769196 0.0110769196 3.59597156
844 3035 11.0757418 0.0110757418 3.59597156
844 3035 11.0755472 0.0110755472 3.59597156
844 3035 11.0757732 0.0110757732 3.59597156
844 3035 11.0757858 0.0110757858 3.59597156
844 3035 11.0758614 0.0110758614 3.59597156
844 3035 11.0756987 0.0110756987 3.59597156
844 3035 11.0757336 0.0110757336 3.59597156
844 3035 11.0757561 0.0110757561 3.59597156
844 3035 11.0755235 0.0110755235 3.59597156
843 3033 11.0552754 0.0110552754 3.59786477
843 3030 11.0393743 0.0110393743 3.59430605
843 3033 11.0520419 0.0110520419 3.59786477
843 3033 11.0576116 0.0110576116 3.59786477
843 3033 11.0576635 0.0110576635 3.59786477
843 3034 11.0582889 0.0110582889 3.59905101
843 3034 11.0584346 0.0110584346 3.59905101
843 3032 11.0522142 0.0110522142 3.59667853
843 3032 11.0521819 0.0110521819 3.59667853
843 3032 11.0522388 0.0110522388 3.59667853
842 3025 11.0283346 0.0110283346 3.59263658
842 3025 11.0282996 0.0110282996 3.59263658
842 3024 11.0286603 0.0110286603 3.59144893
842 3024 11.0361771 0.0110361771 3.59144893
842 3024 11.03607 0.01103607 3.59144893
842 3024 11.0361603 0.0110361603 3.59144893
842 3026 11.0526482 0.0110526482 3.59382423
842 3026 11.0526857 0.0110526857 3.59382423
842 3026 11.0526435 0.0110526435 3.59382423
842 3026 11.0527061 0.0110527061 3.59382423
841 3018 11.0343411 0.0110343411 3.58858502
841 3024 11.0297837 0.0110297837 3.59571938
841 3024 11.0297645 0.0110297645 3.59571938
841 3024 11.029757 0.011029757 3.59571938
841 3018 11.0217723 0.0110217723 3.58858502
841 3018 11.0216855 0.0110216855 3.58858502
841 3018 11.0219037 0.0110219037 3.58858502
841 3018 11.0215667 0.0110215667 3.58858502
841 3018 11.0216065 0.0110216065 3.58858502
841 3019 11.0406764 0.0110406764 3.58977408
840 3011 11.0162386 0.0110162386 3.58452381
840 3013 11.0167021 0.0110167021 3.58690476
840 3011 11.0172801 0.0110172801 3.58452381
840 3011 11.0171305 0.0110171305 3.58452381
840 3011 11.0171015 0.0110171015 3.58452381
840 3011 11.0172437 0.0110172437 3.58452381
840 3014 11.0218234 0.0110218234 3.58809524
840 3014 11.0215691 0.0110215691 3.58809524
840 3014 11.0216482 0.0110216482 3.58809524
840 3014 11.0219139 0.0110219139 3.58809524
839 3006 10.995977 0.010995977 3.58283671
839 3006 10.9970581 0.0109970581 3.58283671
839 3006 10.9969682 0.0109969682 3.58283671
839 3007 10.9979512 0.0109979512 3.58402861
839 3007 10.9979421 0.0109979421 3.58402861
839 3007 10.9979374 0.0109979374 3.58402861
839 3007 10.9986527 0.0109986527 3.58402861
839 3007 10.9984893 0.0109984893 3.58402861
839 3005 11.0003118 0.0110003118 3.58164482
839 3005 11.0003404 0.0110003404 3.58164482
838 2997 10.9760012 0.0109760012 3.57637232
838 2997 10.9764179 0.0109764179 3.57637232
838 2998 10.9777707 0.0109777707 3.57756563
838 2998 10.9777305 0.0109777305 3.57756563
838 2998 10.977782 0.010977782 3.57756563
838 2998 10.9777381 0.0109777381 3.57756563
838 2998 10.9777117 0.0109777117 3.57756563
838 2998 10.9777312 0.0109777312 3.57756563
838 2998 10.9777787 0.0109777787 3.57756563
838 2998 10.9774992 0.0109774992 3.57756563
837 2990 10.9540017 0.0109540017 3.57228196
837 2990 10.9537015 0.0109537015 3.57228196
837 2990 10.9538209 0.0109538209 3.57228196
837 2990 10.9537048 0.0109537048 3.57228196
837 2990 10.9537056 0.0109537056 3.57228196
837 2992 10.9535443 0.0109535443 3.57467145
837 2992 10.9533809 0.0109533809 3.57467145
837 2992 10.9535138 0.0109535138 3.57467145
837 2992 10.9534409 0.0109534409 3.57467145
837 2992 10.9533925 0.0109533925 3.57467145
836 2984 10.9284976 0.0109284976 3.56937799
836 2984 10.9286517 0.0109286517 3.56937799
836 2984 10.9284747 0.0109284747 3.56937799
836 2984 10.9300755 0.0109300755 3.56937799
836 2985 10.9318322 0.0109318322 3.57057416
836 2985 10.9316455 0.0109316455 3.57057416
836 2985 10.9312424 0.0109312424 3.57057416
836 2985 10.9317356 0.0109317356 3.57057416
836 2985 10.9316031 0.0109316031 3.57057416
836 2985 10.9316132 0.0109316132 3.57057416
835 2979 10.9084856 0.0109084856 3.56766467
835 2979 10.9083519 0.0109083519 3.56766467
835 2979 10.9085145 0.0109085145 3.56766467
835 2979 10.9084879 0.0109084879 3.56766467
835 2979 10.90838 0.01090838 3.56766467
835 2979 10.9085035 0.0109085035 3.56766467
835 2979 10.9085176 0.0109085176 3.56766467
835 2979 10.9084934 0.0109084934 3.56766467
835 2979 10.9084659 0.0109084659 3.56766467
835 2979 10.908384 0.010908384 3.56766467
834 2971 10.8852141 0.0108852141 3.56235012
834 2971 10.8855039 0.0108855039 3.56235012
834 2972 10.8864436 0.0108864436 3.56354916
834 2972 10.8863284 0.0108863284 3.56354916
834 2972 10.88626 0.01088626 3.56354916
834 2972 10.8863862 0.0108863862 3.56354916
834 2972 10.8863666 0.0108863666 3.56354916
834 2971 10.8870629 0.0108870629 3.56235012
834 2971 10.8823359 0.0108823359 3.56235012
834 2971 10.8822969 0.0108822969 3.56235012
833 2967 10.8594742 0.0108594742 3.56182473
833 2963 10.8782439 0.0108782439 3.55702281
833 2962 10.8710428 0.0108710428 3.55582233
833 2962 10.8710263 0.0108710263 3.55582233
833 2962 10.8710053 0.0108710053 3.55582233
832 2954 10.8531817 0.0108531817 3.55048077
832 2954 10.8532096 0.0108532096 3.55048077
832 2954 10.8531527 0.0108531527 3.55048077
832 2954 10.8532256 0.0108532256 3.55048077
832 2953 10.8402477 0.0108402477 3.54927885
831 2945 10.840236 0.010840236 3.54392298
831 2945 10.8402017 0.0108402017 3.54392298
831 2948 10.8388327 0.0108388327 3.54753309
831 2948 10.8388719 0.0108388719 3.54753309
831 2949 10.8516468 0.0108516468 3.54873646
831 2949 10.851655 0.010851655 3.54873646
831 2946 10.8435993 0.0108435993 3.54512635
831 2946 10.8435831 0.0108435831 3.54512635
831 2950 10.8417824 0.0108417824 3.54993983
831 2950 10.8417253 0.0108417253 3.54993983
830 2943 10.8183553 0.0108183553 3.54578313
830 2946 10.8198062 0.0108198062 3.54939759
830 2946 10.8294916 0.0108294916 3.54939759
830 2940 10.821144 0.010821144 3.54216867
830 2943 10.8187899 0.0108187899 3.54578313
830 2943 10.8186855 0.0108186855 3.54578313
830 2943 10.8187148 0.0108187148 3.54578313
830 2942 10.8024351 0.0108024351 3.54457831
830 2941 10.8059478 0.0108059478 3.54337349
830 2942 10.8168028 0.0108168028 3.54457831
829 2935 10.7935333 0.0107935333 3.54041013
829 2935 10.7932748 0.0107932748 3.54041013
829 2935 10.8033806 0.0108033806 3.54041013
829 2939 10.7989474 0.0107989474 3.54523522
829 2939 10.7988375 0.0107988375 3.54523522
829 2939 10.7988518 0.0107988518 3.54523522
829 2939 10.7989297 0.0107989297 3.54523522
829 2935 10.7919828 0.0107919828 3.54041013
829 2935 10.7919045 0.0107919045 3.54041013
829 2935 10.7920243 0.0107920243 3.54041013
828 2930 10.7809765 0.0107809765 3.53864734
828 2930 10.7808911 0.0107808911 3.53864734
828 2930 10.780999 0.010780999 3.53864734
828 2930 10.781024 0.010781024 3.53864734
828 2930 10.778325 0.010778325 3.53864734
828 2930 10.7783447 0.0107783447 3.53864734
828 2930 10.7781779 0.0107781779 3.53864734
828 2928 10.7781517 0.0107781517 3.53623188
828 2934 10.7809705 0.0107809705 3.54347826
827 2926 10.7749691 0.0107749691 3.53808948
826 2918 10.7527335 0.0107527335 3.53268765
826 2918 10.7537605 0.0107537605 3.53268765
826 2918 10.7538196 0.0107538196 3.53268765
826 2918 10.7538365 0.0107538365 3.53268765
826 2918 10.7538428 0.0107538428 3.53268765
826 2918 10.7538338 0.0107538338 3.53268765
826 2918 10.7538039 0.0107538039 3.53268765
826 2918 10.7538178 0.0107538178 3.53268765
826 2918 10.7538364 0.0107538364 3.53268765
826 2918 10.7538397 0.0107538397 3.53268765
825 2914 10.7299879 0.0107299879 3.53212121
825 2914 10.7300431 0.0107300431 3.53212121
825 2910 10.732199 0.010732199 3.52727273
825 2912 10.7316729 0.0107316729 3.52969697
825 2910 10.7322809 0.0107322809 3.52727273
825 2910 10.7320772 0.0107320772 3.52727273
825 2910 10.7321174 0.0107321174 3.52727273
825 2910 10.7322445 0.0107322445 3.52727273
825 2910 10.7320902 0.0107320902 3.52727273
825 2910 10.7321245 0.0107321245 3.52727273
824 2902 10.7098235 0.0107098235 3.52184466
824 2904 10.7102778 0.0107102778 3.52427184
824 2904 10.7102463 0.0107102463 3.52427184
824 2903 10.7100209 0.0107100209 3.52305825
824 2903 10.7099839 0.0107099839 3.52305825
824 2903 10.7099564 0.0107099564 3.52305825
824 2903 10.7098602 0.0107098602 3.52305825
824 2903 10.710095 0.010710095 3.52305825
824 2903 10.7098968 0.0107098968 3.52305825
824 2903 10.7100862 0.0107100862 3.52305825
823 2895 10.6881445 0.0106881445 3.51761847
823 2895 10.6882016 0.0106882016 3.51761847
823 2895 10.6882163 0.0106882163 3.51761847
823 2896 10.6961376 0.0106961376 3.51883354
823 2896 10.6961425 0.0106961425 3.51883354
823 2898 10.696085 0.010696085 3.52126367
823 2898 10.6960601 0.0106960601 3.52126367
823 2898 10.6960053 0.0106960053 3.52126367
823 2898 10.6960662 0.0106960662 3.52126367
823 2898 10.6960549 0.0106960549 3.52126367
822 2892 10.6740406 0.0106740406 3.51824818
822 2892 10.6740081 0.0106740081 3.51824818
822 2890 10.6749903 0.0106749903 3.51581509
822 2890 10.6749691 0.0106749691 3.51581509
822 2890 10.6749786 0.0106749786 3.51581509
822 2891 10.6666859 0.0106666859 3.51703163
822 2891 10.6666526 0.0106666526 3.51703163
822 2891 10.6666933 0.0106666933 3.51703163
822 2891 10.6667995 0.0106667995 3.51703163
822 2891 10.6666389 0.0106666389 3.51703163
821 2883 10.6443988 0.0106443988 3.51157125
821 2883 10.6444773 0.0106444773 3.51157125
821 2881 10.6444053 0.0106444053 3.5091352
821 2885 10.6457136 0.0106457136 3.51400731
821 2885 10.6455962 0.0106455962 3.51400731
821 2884 10.6537618 0.0106537618 3.51278928
821 2884 10.653928 0.010653928 3.51278928
821 2884 10.6539005 0.0106539005 3.51278928
821 2884 10.6539448 0.0106539448 3.51278928
821 2884 10.6539033 0.0106539033 3.51278928
820 2876 10.631836 0.010631836 3.50731707
820 2876 10.631713 0.010631713 3.50731707
820 2876 10.6316766 0.0106316766 3.50731707
820 2874 10.6316982 0.0106316982 3.50487805
820 2874 10.6314615 0.0106314615 3.50487805
820 2874 10.6314828 0.0106314828 3.50487805
820 2874 10.6314702 0.0106314702 3.50487805
820 2874 10.6314734 0.0106314734 3.50487805
820 2878 10.6322729 0.0106322729 3.5097561
820 2878 10.6323319 0.0106323319 3.5097561
819 2875 10.6083743 0.0106083743 3.51037851
819 2874 10.6088534 0.0106088534 3.50915751
819 2870 10.6115892 0.0106115892 3.5042735
819 2871 10.6036375 0.0106036375 3.50549451
819 2871 10.6036929 0.0106036929 3.50549451
818 2865 10.5922263 0.0105922263 3.50244499
818 2865 10.5922091 0.0105922091 3.50244499
818 2865 10.5921739 0.0105921739 3.50244499
818 2865 10.5922272 0.0105922272 3.50244499
818 2865 10.5921845 0.0105921845 3.50244499
817 2856 10.5702429 0.0105702429 3.49571603
817 2856 10.5702499 0.0105702499 3.49571603
817 2856 10.5702256 0.0105702256 3.49571603
817 2856 10.570104 0.010570104 3.49571603
817 2856 10.5703907 0.0105703907 3.49571603
817 2856 10.5701445 0.0105701445 3.49571603
817 2856 10.5701114 0.0105701114 3.49571603
817 2856 10.570333 0.010570333 3.49571603
817 2856 10.5703196 0.0105703196 3.49571603
817 2860 10.5707528 0.0105707528 3.500612
816 2851 10.5488779 0.0105488779 3.49387255
816 2851 10.5487981 0.0105487981 3.49387255
816 2851 10.5489054 0.0105489054 3.49387255
816 2851 10.5487928 0.0105487928 3.49387255
816 2851 10.5489439 0.0105489439 3.49387255
816 2851 10.5487689 0.0105487689 3.49387255
816 2851 10.5489034 0.0105489034 3.49387255
816 2850 10.5512339 0.0105512339 3.49264706
816 2850 10.5511625 0.0105511625 3.49264706
816 2850 10.5511034 0.0105511034 3.49264706
815 2846 10.529128 0.010529128 3.49202454
815 2848 10.5295222 0.0105295222 3.49447853
815 2848 10.5293332 0.0105293332 3.49447853
815 2848 10.5294229 0.0105294229 3.49447853
815 2845 10.5298911 0.0105298911 3.49079755
815 2845 10.5297706 0.0105297706 3.49079755
815 2845 10.5298107 0.0105298107 3.49079755
815 2845 10.5296851 0.0105296851 3.49079755
815 2845 10.529765 0.010529765 3.49079755
815 2845 10.5298701 0.0105298701 3.49079755
814 2841 10.5079421 0.0105079421 3.49017199
814 2841 10.5078621 0.0105078621 3.49017199
814 2841 10.5077898 0.0105077898 3.49017199
814 2837 10.5088088 0.0105088088 3.48525799
814 2837 10.5087427 0.0105087427 3.48525799
814 2839 10.5050762 0.0105050762 3.48771499
814 2839 10.5049278 0.0105049278 3.48771499
814 2839 10.5050765 0.0105050765 3.48771499
814 2839 10.5050466 0.0105050466 3.48771499
814 2840 10.506543 0.010506543 3.48894349
813 2833 10.4830863 0.0104830863 3.48462485
813 2833 10.482939 0.010482939 3.48462485
813 2837 10.4812727 0.0104812727 3.4895449
813 2837 10.4811831 0.0104811831 3.4895449
813 2837 10.4811675 0.0104811675 3.4895449
813 2837 10.4811501 0.0104811501 3.4895449
813 2834 10.4872746 0.0104872746 3.48585486
813 2834 10.4872111 0.0104872111 3.48585486
813 2834 10.4871436 0.0104871436 3.48585486
813 2834 10.4872618 0.0104872618 3.48585486
812 2825 10.4652912 0.0104652912 3.47906404
812 2829 10.4669737 0.0104669737 3.48399015
812 2829 10.4669631 0.0104669631 3.48399015
812 2829 10.4631799 0.0104631799 3.48399015
812 2829 10.4726718 0.0104726718 3.48399015
812 2829 10.4726621 0.0104726621 3.48399015
812 2829 10.472685 0.010472685 3.48399015
812 2829 10.4727475 0.0104727475 3.48399015
812 2829 10.4726388 0.0104726388 3.48399015
812 2829 10.4727023 0.0104727023 3.48399015
811 2822 10.4549494 0.0104549494 3.47965475
811 2822 10.4548877 0.0104548877 3.47965475
811 2822 10.4549502 0.0104549502 3.47965475
811 2822 10.4549224 0.0104549224 3.47965475
811 2822 10.4548247 0.0104548247 3.47965475
811 2824 10.4476302 0.0104476302 3.48212084
811 2824 10.4476309 0.0104476309 3.48212084
811 2824 10.4475987 0.0104475987 3.48212084
811 2824 10.4477152 0.0104477152 3.48212084
811 2824 10.4477275 0.0104477275 3.48212084
810 2811 10.4245201 0.0104245201 3.47037037
810 2816 10.4247318 0.0104247318 3.47654321
810 2816 10.4213596 0.0104213596 3.47654321
810 2816 10.4213098 0.0104213098 3.47654321
810 2816 10.4213461 0.0104213461 3.47654321
810 2816 10.4211937 0.0104211937 3.47654321
810 2816 10.4212511 0.0104212511 3.47654321
810 2816 10.4212309 0.0104212309 3.47654321
810 2811 10.4214498 0.0104214498 3.47037037
810 2802 10.4185422 0.0104185422 3.45925926
809 2798 10.3970497 0.0103970497 3.45859085
809 2798 10.3969345 0.0103969345 3.45859085
809 2798 10.3969429 0.0103969429 3.45859085
809 2798 10.3969836 0.0103969836 3.45859085
809 2798 10.3969958 0.0103969958 3.45859085
809 2798 10.396907 0.010396907 3.45859085
809 2798 10.3969732 0.0103969732 3.45859085
809 2798 10.3969138 0.0103969138 3.45859085
809 2798 10.3969916 0.0103969916 3.45859085
809 2798 10.3969254 0.0103969254 3.45859085
808 2790 10.3800965 0.0103800965 3.4529703
808 2790 10.3800694 0.0103800694 3.4529703
808 2790 10.3801786 0.0103801786 3.4529703
808 2790 10.3800721 0.0103800721 3.4529703
808 2790 10.3799629 0.0103799629 3.4529703
808 2792 10.3798836 0.0103798836 3.45544554
808 2792 10.3798516 0.0103798516 3.45544554
808 2791 10.3832768 0.0103832768 3.45420792
808 2791 10.3832551 0.0103832551 3.45420792
808 2791 10.3832645 0.0103832645 3.45420792
807 2787 10.3586609 0.0103586609 3.4535316
807 2783 10.3792328 0.0103792328 3.44857497
807 2783 10.3791678 0.0103791678 3.44857497
807 2783 10.3792739 0.0103792739 3.44857497
807 2783 10.379229 0.010379229 3.44857497
807 2783 10.3793166 0.0103793166 3.44857497
807 2783 10.37922 0.01037922 3.44857497
807 2783 10.3791251 0.0103791251 3.44857497
807 2783 10.379216 0.010379216 3.44857497
807 2783 10.3792411 0.0103792411 3.44857497
806 2777 10.3552025 0.0103552025 3.44540943
806 2779 10.3576739 0.0103576739 3.44789082
806 2779 10.3580366 0.0103580366 3.44789082
806 2779 10.3581032 0.0103581032 3.44789082
806 2779 10.3581683 0.0103581683 3.44789082
806 2779 10.3581183 0.0103581183 3.44789082
806 2779 10.3580546 0.0103580546 3.44789082
806 2779 10.3580124 0.0103580124 3.44789082
806 2779 10.3581452 0.0103581452 3.44789082
806 2779 10.3580141 0.0103580141 3.44789082
805 2772 10.3326762 0.0103326762 3.44347826
805 2772 10.3326987 0.0103326987 3.44347826
805 2772 10.3325434 0.0103325434 3.44347826
805 2771 10.333484 0.010333484 3.44223602
805 2777 10.3371575 0.0103371575 3.44968944
805 2777 10.3369338 0.0103369338 3.44968944
805 2777 10.3368523 0.0103368523 3.44968944
805 2777 10.3371265 0.0103371265 3.44968944
805 2777 10.3368098 0.0103368098 3.44968944
805 2777 10.3369411 0.0103369411 3.44968944
804 2767 10.3256299 0.0103256299 3.44154229
804 2761 10.3104741 0.0103104741 3.4340796
804 2761 10.3104167 0.0103104167 3.4340796
804 2761 10.3104277 0.0103104277 3.4340796
804 2761 10.3104486 0.0103104486 3.4340796
804 2761 10.3112008 0.0103112008 3.4340796
804 2761 10.311026 0.010311026 3.4340796
804 2761 10.3111334 0.0103111334 3.4340796
804 2761 10.3111025 0.0103111025 3.4340796
804 2761 10.3105912 0.0103105912 3.4340796
803 2759 10.3038527 0.0103038527 3.4358655
803 2759 10.3037914 0.0103037914 3.4358655
803 2759 10.3037592 0.0103037592 3.4358655
803 2759 10.3037748 0.0103037748 3.4358655
803 2759 10.3037979 0.0103037979 3.4358655
803 2759 10.3038234 0.0103038234 3.4358655
803 2759 10.3037077 0.0103037077 3.4358655
803 2759 10.3037208 0.0103037208 3.4358655
803 2759 10.3038462 0.0103038462 3.4358655
803 2759 10.3037778 0.0103037778 3.4358655
802 2754 10.2800606 0.0102800606 3.43391521
802 2754 10.2802228 0.0102802228 3.43391521
802 2752 10.2810487 0.0102810487 3.43142145
802 2752 10.2807501 0.0102807501 3.43142145
802 2752 10.2809706 0.0102809706 3.43142145
802 2752 10.2809981 0.0102809981 3.43142145
802 2752 10.2810563 0.0102810563 3.43142145
802 2752 10.2790326 0.0102790326 3.43142145
802 2749 10.281217 0.010281217 3.4276808
802 2749 10.2811081 0.0102811081 3.4276808
801 2743 10.2596844 0.0102596844 3.42446941
801 2745 10.259575 0.010259575 3.42696629
801 2742 10.2685385 0.0102685385 3.42322097
801 2742 10.2684729 0.0102684729 3.42322097
801 2742 10.2685615 0.0102685615 3.42322097
801 2743 10.2895767 0.0102895767 3.42446941
801 2743 10.2896813 0.0102896813 3.42446941
801 2743 10.2896554 0.0102896554 3.42446941
801 2743 10.2896729 0.0102896729 3.42446941
801 2743 10.2896857 0.0102896857 3.42446941
800 2735 10.2691132 0.0102691132 3.41875
800 2735 10.2690656 0.0102690656 3.41875
800 2735 10.2691032 0.0102691032 3.41875
800 2735 10.2689826 0.0102689826 3.41875
800 2735 10.2691194 0.0102691194 3.41875
800 2735 10.2686071 0.0102686071 3.41875
800 2735 10.2684174 0.0102684174 3.41875
800 2735 10.2690927 0.0102690927 3.41875
800 2735 10.269109 0.010269109 3.41875
800 2735 10.269076 0.010269076 3.41875
799 2728 10.2447338 0.0102447338 3.41426783
799 2731 10.2451112 0.0102451112 3.41802253
799 2731 10.2450962 0.0102450962 3.41802253
799 2727 10.2481144 0.0102481144 3.41301627
799 2727 10.2480873 0.0102480873 3.41301627
799 2727 10.248261 0.010248261 3.41301627
799 2727 10.2482147 0.0102482147 3.41301627
799 2727 10.2481281 0.0102481281 3.41301627
799 2727 10.2481492 0.0102481492 3.41301627
799 2727 10.2481782 0.0102481782 3.41301627
798 2722 10.224645 0.010224645 3.41102757
798 2722 10.2246781 0.0102246781 3.41102757
798 2723 10.2269102 0.0102269102 3.4122807
798 2723 10.2267996 0.0102267996 3.4122807
798 2723 10.226919 0.010226919 3.4122807
798 2723 10.2269913 0.0102269913 3.4122807
798 2723 10.2269495 0.0102269495 3.4122807
798 2723 10.2269151 0.0102269151 3.4122807
798 2723 10.2269249 0.0102269249 3.4122807
798 2723 10.2268406 0.0102268406 3.4122807
797 2718 10.204222 0.010204222 3.41028858
797 2717 10.2072935 0.0102072935 3.40903388
797 2717 10.2070066 0.0102070066 3.40903388
797 2717 10.2069637 0.0102069637 3.40903388
797 2717 10.2069023 0.0102069023 3.40903388
797 2717 10.2068757 0.0102068757 3.40903388
797 2717 10.2069043 0.0102069043 3.40903388
797 2717 10.2069369 0.0102069369 3.40903388
797 2717 10.2070711 0.0102070711 3.40903388
797 2717 10.2069501 0.0102069501 3.40903388
796 2715 10.1822292 0.0101822292 3.41080402
796 2715 10.1838561 0.0101838561 3.41080402
796 2715 10.1837715 0.0101837715 3.41080402
796 2715 10.1838398 0.0101838398 3.41080402
796 2715 10.1839969 0.0101839969 3.41080402
796 2715 10.1840281 0.0101840281 3.41080402
796 2712 10.1836058 0.0101836058 3.40703518
796 2712 10.1835887 0.0101835887 3.40703518
796 2712 10.1835604 0.0101835604 3.40703518
796 2712 10.1836237 0.0101836237 3.40703518
795 2704 10.1599772 0.0101599772 3.40125786
795 2707 10.1600595 0.0101600595 3.40503145
795 2707 10.1600361 0.0101600361 3.40503145
795 2707 10.1600429 0.0101600429 3.40503145
795 2707 10.1599244 0.0101599244 3.40503145
795 2704 10.1601965 0.0101601965 3.40125786
795 2704 10.1603347 0.0101603347 3.40125786
795 2704 10.1601936 0.0101601936 3.40125786
795 2704 10.1602387 0.0101602387 3.40125786
795 2704 10.1602798 0.0101602798 3.40125786
794 2699 10.1374945 0.0101374945 3.39924433
794 2702 10.1381236 0.0101381236 3.40302267
794 2702 10.1380549 0.0101380549 3.40302267
794 2702 10.1381836 0.0101381836 3.40302267
794 2702 10.1380621 0.0101380621 3.40302267
794 2703 10.133381 0.010133381 3.40428212
794 2703 10.1332357 0.0101332357 3.40428212
794 2703 10.1332978 0.0101332978 3.40428212
794 2703 10.1333876 0.0101333876 3.40428212
794 2703 10.1332675 0.0101332675 3.40428212
793 2698 10.1091052 0.0101091052 3.40226986
793 2694 10.1092344 0.0101092344 3.39722573
793 2698 10.112608 0.010112608 3.40226986
793 2698 10.112182 0.010112182 3.40226986
793 2698 10.1124301 0.0101124301 3.40226986
793 2698 10.1122449 0.0101122449 3.40226986
793 2698 10.1122445 0.0101122445 3.40226986
793 2698 10.1123528 0.0101123528 3.40226986
793 2698 10.1123222 0.0101123222 3.40226986
793 2698 10.1123805 0.0101123805 3.40226986
792 2691 10.0896055 0.0100896055 3.39772727
792 2693 10.1029144 0.0101029144 3.40025253
792 2696 10.1028392 0.0101028392 3.4040404
792 2696 10.1027185 0.0101027185 3.4040404
792 2696 10.1027555 0.0101027555 3.4040404
792 2696 10.1027205 0.0101027205 3.4040404
792 2696 10.1027687 0.0101027687 3.4040404
792 2696 10.1028683 0.0101028683 3.4040404
792 2696 10.1028056 0.0101028056 3.4040404
792 2696 10.1027729 0.0101027729 3.4040404
791 2688 10.0810509 0.0100810509 3.39823009
791 2688 10.0808329 0.0100808329 3.39823009
791 2688 10.0809193 0.0100809193 3.39823009
791 2688 10.0810871 0.0100810871 3.39823009
791 2688 10.0809929 0.0100809929 3.39823009
791 2688 10.0808968 0.0100808968 3.39823009
791 2688 10.0810186 0.0100810186 3.39823009
791 2688 10.0809179 0.0100809179 3.39823009
791 2688 10.080825 0.010080825 3.39823009
791 2688 10.0809257 0.0100809257 3.39823009
790 2681 10.0569398 0.0100569398 3.39367089
790 2683 10.0574443 0.0100574443 3.39620253
790 2682 10.05786 0.01005786 3.39493671
790 2682 10.0580797 0.0100580797 3.39493671
790 2682 10.0580299 0.0100580299 3.39493671
790 2682 10.0579577 0.0100579577 3.39493671
790 2682 10.0580296 0.0100580296 3.39493671
790 2682 10.0580648 0.0100580648 3.39493671
790 2682 10.0580265 0.0100580265 3.39493671
790 2682 10.0578869 0.0100578869 3.39493671
789 2674 10.0349279 0.0100349279 3.38910013
789 2674 10.0350481 0.0100350481 3.38910013
789 2674 10.0347837 0.0100347837 3.38910013
789 2676 10.0352798 0.0100352798 3.39163498
789 2676 10.0350764 0.0100350764 3.39163498
789 2679 10.0347892 0.0100347892 3.39543726
789 2679 10.0346801 0.0100346801 3.39543726
789 2679 10.0347017 0.0100347017 3.39543726
789 2679 10.0345969 0.0100345969 3.39543726
789 2677 10.0350312 0.0100350312 3.39290241
788 2672 10.0121865 0.0100121865 3.39086294
788 2672 10.0122499 0.0100122499 3.39086294
788 2672 10.0121475 0.0100121475 3.39086294
788 2672 10.0123767 0.0100123767 3.39086294
788 2672 10.0122288 0.0100122288 3.39086294
788 2669 10.0010412 0.0100010412 3.38705584
788 2669 10.0010596 0.0100010596 3.38705584
788 2665 10.0101825 0.0100101825 3.3819797
788 2665 10.0100687 0.0100100687 3.3819797
788 2667 10.0128986 0.0100128986 3.38451777
787 2663 9.98868515 0.00998868515 3.38373571
787 2663 9.99019913 0.00999019913 3.38373571
787 2663 9.99020703 0.00999020703 3.38373571
787 2660 10.0011062 0.0100011062 3.37992376
787 2660 10.0011072 0.0100011072 3.37992376
787 2660 10.0009835 0.0100009835 3.37992376
787 2660 10.0010136 0.0100010136 3.37992376
787 2660 10.0009492 0.0100009492 3.37992376
787 2660 10.0010719 0.0100010719 3.37992376
787 2660 10.0010774 0.0100010774 3.37992376
786 2653 9.97730969 0.00997730969 3.37531807
786 2654 9.97761586 0.00997761586 3.37659033
786 2658 9.97882128 0.00997882128 3.38167939
786 2653 9.97563824 0.00997563824 3.37531807
786 2653 9.97586408 0.00997586408 3.37531807
786 2653 9.97576531 0.00997576531 3.37531807
786 2653 9.97562665 0.00997562665 3.37531807
786 2653 9.9757543 0.0099757543 3.37531807
786 2653 9.97565166 0.00997565166 3.37531807
786 2656 9.98732996 0.00998732996 3.37913486
785 2652 9.96321547 0.00996321547 3.37834395
785 2648 9.96392467 0.00996392467 3.37324841
785 2648 9.96385956 0.00996385956 3.37324841
785 2648 9.96379147 0.00996379147 3.37324841
785 2647 9.96577872 0.00996577872 3.37197452
785 2647 9.965872 0.009965872 3.37197452
785 2647 9.96574781 0.00996574781 3.37197452
785 2647 9.96569781 0.00996569781 3.37197452
785 2647 9.96561816 0.00996561816 3.37197452
785 2647 9.96563567 0.00996563567 3.37197452
784 2640 9.94142475 0.00994142475 3.36734694
784 2641 9.94284622 0.00994284622 3.36862245
784 2641 9.94273422 0.00994273422 3.36862245
784 2641 9.94263893 0.00994263893 3.36862245
784 2641 9.94271771 0.00994271771 3.36862245
784 2641 9.94277077 0.00994277077 3.36862245
784 2642 9.94582505 0.00994582505 3.36989796
784 2642 9.94561534 0.00994561534 3.36989796
784 2642 9.94570795 0.00994570795 3.36989796
784 2642 9.94568553 0.00994568553 3.36989796
783 2638 9.92168755 0.00992168755 3.36909323
783 2634 9.92206279 0.00992206279 3.36398467
783 2634 9.92222573 0.00992222573 3.36398467
783 2634 9.92213884 0.00992213884 3.36398467
783 2639 9.92230878 0.00992230878 3.37037037
783 2639 9.92246057 0.00992246057 3.37037037
783 2639 9.92236313 0.00992236313 3.37037037
783 2639 9.92240824 0.00992240824 3.37037037
783 2636 9.92234697 0.00992234697 3.36653895
783 2636 9.92219971 0.00992219971 3.36653895
782 2633 9.89975105 0.00989975105 3.36700767
782 2633 9.89957339 0.00989957339 3.36700767
782 2633 9.89948641 0.00989948641 3.36700767
782 2633 9.89958492 0.00989958492 3.36700767
782 2633 9.89948114 0.00989948114 3.36700767
782 2633 9.89956839 0.00989956839 3.36700767
782 2633 9.89950094 0.00989950094 3.36700767
782 2633 9.89959881 0.00989959881 3.36700767
782 2633 9.899503 0.009899503 3.36700767
782 2633 9.89957117 0.00989957117 3.36700767
781 2625 9.8752869 0.0098752869 3.36107554
781 2625 9.87545966 0.00987545966 3.36107554
781 2629 9.87669459 0.00987669459 3.36619718
781 2629 9.87696295 0.00987696295 3.36619718
781 2628 9.87914773 0.00987914773 3.36491677
781 2628 9.87890252 0.00987890252 3.36491677
781 2628 9.87898189 0.00987898189 3.36491677
781 2630 9.89649879 0.00989649879 3.36747759
781 2630 9.89638897 0.00989638897 3.36747759
781 2630 9.89643661 0.00989643661 3.36747759
780 2624 9.87273611 0.00987273611 3.36410256
780 2624 9.87248446 0.00987248446 3.36410256
780 2625 9.8730151 0.0098730151 3.36538462
780 2622 9.87402844 0.00987402844 3.36153846
780 2626 9.87369176 0.00987369176 3.36666667
780 2626 9.89167313 0.00989167313 3.36666667
780 2626 9.89151308 0.00989151308 3.36666667
780 2626 9.89149696 0.00989149696 3.36666667
780 2627 9.87864307 0.00987864307 3.36794872
780 2627 9.87853227 0.00987853227 3.36794872
779 2619 9.85575878 0.00985575878 3.36200257
779 2623 9.86919944 0.00986919944 3.36713736
779 2623 9.86936118 0.00986936118 3.36713736
779 2623 9.86936156 0.00986936156 3.36713736
779 2623 9.86936725 0.00986936725 3.36713736
779 2623 9.86936879 0.00986936879 3.36713736
779 2623 9.86934202 0.00986934202 3.36713736
779 2623 9.86933438 0.00986933438 3.36713736
779 2623 9.86933989 0.00986933989 3.36713736
779 2623 9.86937176 0.00986937176 3.36713736
778 2615 9.8466228 0.0098466228 3.36118252
778 2615 9.84680633 0.00984680633 3.36118252
778 2615 9.84687138 0.00984687138 3.36118252
778 2615 9.84687352 0.00984687352 3.36118252
778 2615 9.84682491 0.00984682491 3.36118252
778 2615 9.84683199 0.00984683199 3.36118252
778 2615 9.84688771 0.00984688771 3.36118252
778 2615 9.8468791 0.0098468791 3.36118252
778 2615 9.84673466 0.00984673466 3.36118252
778 2615 9.84685607 0.00984685607 3.36118252
777 2611 9.82393482 0.00982393482 3.36036036
777 2611 9.82382145 0.00982382145 3.36036036
777 2611 9.82392085 0.00982392085 3.36036036
777 2611 9.82388784 0.00982388784 3.36036036
777 2607 9.82476351 0.00982476351 3.35521236
777 2607 9.82471328 0.00982471328 3.35521236
777 2607 9.82477669 0.00982477669 3.35521236
777 2607 9.82473039 0.00982473039 3.35521236
777 2607 9.82475058 0.00982475058 3.35521236
777 2607 9.8247585 0.0098247585 3.35521236
776 2602 9.80021795 0.00980021795 3.35309278
776 2602 9.80202462 0.00980202462 3.35309278
776 2602 9.80189835 0.00980189835 3.35309278
776 2602 9.80190335 0.00980190335 3.35309278
776 2602 9.80187015 0.00980187015 3.35309278
776 2602 9.8018815 0.0098018815 3.35309278
776 2602 9.80194781 0.00980194781 3.35309278
776 2602 9.80194931 0.00980194931 3.35309278
776 2603 9.80029019 0.00980029019 3.35438144
776 2603 9.80024968 0.00980024968 3.35438144
775 2599 9.77663595 0.00977663595 3.35354839
775 2598 9.77703313 0.00977703313 3.35225806
775 2599 9.77674482 0.00977674482 3.35354839
775 2599 9.77687005 0.00977687005 3.35354839
775 2598 9.77706928 0.00977706928 3.35225806
775 2598 9.77721553 0.00977721553 3.35225806
775 2598 9.77714202 0.00977714202 3.35225806
775 2598 9.77709689 0.00977709689 3.35225806
775 2597 9.77891943 0.00977891943 3.35096774
775 2599 9.77053052 0.00977053052 3.35354839
774 2594 9.74770106 0.00974770106 3.35142119
774 2595 9.74818194 0.00974818194 3.35271318
774 2595 9.74834751 0.00974834751 3.35271318
774 2597 9.74763745 0.00974763745 3.35529716
774 2594 9.76445959 0.00976445959 3.35142119
774 2594 9.76442051 0.00976442051 3.35142119
774 2595 9.76716347 0.00976716347 3.35271318
774 2595 9.76704027 0.00976704027 3.35271318
774 2595 9.76715583 0.00976715583 3.35271318
774 2595 9.76702369 0.00976702369 3.35271318
773 2590 9.74460265 0.00974460265 3.35058215
773 2587 9.7456722 0.0097456722 3.34670116
773 2583 9.74645753 0.00974645753 3.34152652
773 2587 9.74708174 0.00974708174 3.34670116
773 2587 9.74697786 0.00974697786 3.34670116
773 2591 9.76434041 0.00976434041 3.35187581
773 2587 9.76232191 0.00976232191 3.34670116
773 2590 9.76576985 0.00976576985 3.35058215
773 2590 9.76573807 0.00976573807 3.35058215
773 2590 9.76572539 0.00976572539 3.35058215
772 2586 9.74854964 0.00974854964 3.34974093
772 2586 9.74842306 0.00974842306 3.34974093
772 2585 9.74549655 0.00974549655 3.3484456
772 2582 9.75039152 0.00975039152 3.34455959
772 2582 9.75035583 0.00975035583 3.34455959
772 2582 9.75037497 0.00975037497 3.34455959
772 2582 9.75039615 0.00975039615 3.34455959
772 2583 9.74954389 0.00974954389 3.34585492
772 2583 9.74947956 0.00974947956 3.34585492
772 2585 9.74575562 0.00974575562 3.3484456
771 2577 9.72510992 0.00972510992 3.34241245
771 2577 9.72501726 0.00972501726 3.34241245
771 2577 9.72500432 0.00972500432 3.34241245
771 2577 9.72497851 0.00972497851 3.34241245
771 2577 9.72494817 0.00972494817 3.34241245
771 2577 9.72503183 0.00972503183 3.34241245
771 2577 9.72501486 0.00972501486 3.34241245
771 2577 9.72499545 0.00972499545 3.34241245
771 2577 9.72500997 0.00972500997 3.34241245
771 2577 9.72492149 0.00972492149 3.34241245
770 2575 9.70116499 0.00970116499 3.34415584
770 2573 9.70104862 0.00970104862 3.34155844
770 2573 9.70305977 0.00970305977 3.34155844
770 2571 9.70377028 0.00970377028 3.33896104
769 2563 9.6826259 0.0096826259 3.33289987
769 2563 9.68322966 0.00968322966 3.33289987
769 2563 9.68314399 0.00968314399 3.33289987
769 2563 9.68310801 0.00968310801 3.33289987
769 2563 9.68318123 0.00968318123 3.33289987
769 2564 9.69238085 0.00969238085 3.33420026
768 2560 9.66904405 0.00966904405 3.33333333
768 2560 9.66961588 0.00966961588 3.33333333
768 2560 9.67033619 0.00967033619 3.33333333
768 2556 9.67326445 0.00967326445 3.328125
768 2556 9.67327426 0.00967327426 3.328125
768 2556 9.67333218 0.00967333218 3.328125
768 2556 9.67333509 0.00967333509 3.328125
768 2556 9.67322864 0.00967322864 3.328125
768 2556 9.67335154 0.00967335154 3.328125
768 2556 9.67329218 0.00967329218 3.328125
767 2554 9.65027673 0.00965027673 3.32985658
767 2554 9.65028641 0.00965028641 3.32985658
767 2552 9.65083292 0.00965083292 3.32724902
767 2548 9.65199933 0.00965199933 3.3220339
767 2548 9.65209355 0.00965209355 3.3220339
767 2548 9.65204586 0.00965204586 3.3220339
767 2548 9.65199763 0.00965199763 3.3220339
767 2548 9.6521216 0.0096521216 3.3220339
767 2548 9.65209501 0.00965209501 3.3220339
767 2548 9.65213655 0.00965213655 3.3220339
766 2544 9.62940703 0.00962940703 3.32114883
766 2545 9.62963214 0.00962963214 3.32245431
766 2545 9.62976152 0.00962976152 3.32245431
766 2544 9.63121366 0.00963121366 3.32114883
766 2544 9.63113454 0.00963113454 3.32114883
766 2538 9.62766956 0.00962766956 3.31331593
766 2538 9.62760533 0.00962760533 3.31331593
766 2538 9.6276571 0.0096276571 3.31331593
766 2538 9.62760751 0.00962760751 3.31331593
766 2538 9.62770882 0.00962770882 3.31331593
765 2534 9.61799003 0.00961799003 3.3124183
765 2534 9.61796087 0.00961796087 3.3124183
765 2534 9.6180432 0.0096180432 3.3124183
765 2534 9.6179833 0.0096179833 3.3124183
765 2534 9.61795245 0.00961795245 3.3124183
765 2534 9.61796824 0.00961796824 3.3124183
765 2534 9.61800413 0.00961800413 3.3124183
765 2534 9.61800019 0.00961800019 3.3124183
765 2534 9.61792535 0.00961792535 3.3124183
765 2534 9.6180512 0.0096180512 3.3124183
764 2526 9.5958944 0.0095958944 3.30628272
764 2526 9.59595704 0.00959595704 3.30628272
764 2532 9.59584412 0.00959584412 3.31413613
764 2530 9.59626247 0.00959626247 3.31151832
764 2530 9.59623059 0.00959623059 3.31151832
764 2530 9.59619843 0.00959619843 3.31151832
764 2530 9.59627151 0.00959627151 3.31151832
764 2530 9.59627672 0.00959627672 3.31151832
764 2530 9.59632699 0.00959632699 3.31151832
764 2530 9.5962664 0.0095962664 3.31151832
763 2525 9.57417248 0.00957417248 3.30930537
763 2525 9.57411351 0.00957411351 3.30930537
763 2522 9.5745733 0.0095745733 3.30537353
763 2526 9.57514663 0.00957514663 3.31061599
763 2526 9.5752786 0.0095752786 3.31061599
763 2526 9.57520862 0.00957520862 3.31061599
763 2526 9.57511525 0.00957511525 3.31061599
763 2526 9.57513603 0.00957513603 3.31061599
763 2526 9.57519892 0.00957519892 3.31061599
763 2526 9.57515434 0.00957515434 3.31061599
762 2521 9.55290165 0.00955290165 3.30839895
762 2518 9.55368535 0.00955368535 3.30446194
762 2518 9.55356752 0.00955356752 3.30446194
762 2518 9.5536271 0.0095536271 3.30446194
762 2518 9.5536356 0.0095536356 3.30446194
762 2518 9.55349278 0.00955349278 3.30446194
762 2518 9.55362067 0.00955362067 3.30446194
762 2518 9.55354701 0.00955354701 3.30446194
762 2518 9.55351997 0.00955351997 3.30446194
762 2518 9.55360734 0.00955360734 3.30446194
761 2511 9.53011158 0.00953011158 3.29960578
761 2516 9.53279132 0.00953279132 3.30617608
761 2516 9.53270927 0.00953270927 3.30617608
761 2516 9.53278153 0.00953278153 3.30617608
761 2516 9.53277712 0.00953277712 3.30617608
761 2516 9.53273032 0.00953273032 3.30617608
761 2516 9.53271508 0.00953271508 3.30617608
761 2516 9.53272737 0.00953272737 3.30617608
761 2516 9.53274007 0.00953274007 3.30617608
761 2516 9.53272069 0.00953272069 3.30617608
760 2512 9.51040765 0.00951040765 3.30526316
760 2512 9.5106101 0.0095106101 3.30526316
760 2512 9.51064803 0.00951064803 3.30526316
760 2510 9.51072628 0.00951072628 3.30263158
760 2510 9.51064474 0.00951064474 3.30263158
760 2510 9.51061698 0.00951061698 3.30263158
760 2513 9.51026588 0.00951026588 3.30657895
760 2513 9.51016903 0.00951016903 3.30657895
760 2513 9.5102106 0.0095102106 3.30657895
760 2513 9.51015164 0.00951015164 3.30657895
759 2506 9.4881954 0.0094881954 3.30171278
759 2509 9.48867555 0.00948867555 3.30566535
759 2509 9.48862008 0.00948862008 3.30566535
759 2509 9.48858524 0.00948858524 3.30566535
759 2509 9.48867545 0.00948867545 3.30566535
759 2509 9.48863222 0.00948863222 3.30566535
759 2509 9.48863231 0.00948863231 3.30566535
759 2509 9.48864374 0.00948864374 3.30566535
759 2509 9.48857683 0.00948857683 3.30566535
759 2509 9.48863584 0.00948863584 3.30566535
758 2503 9.46732759 0.00946732759 3.30211082
758 2503 9.46725413 0.00946725413 3.30211082
758 2503 9.46729768 0.00946729768 3.30211082
758 2503 9.46728937 0.00946728937 3.30211082
758 2503 9.46730246 0.00946730246 3.30211082
758 2503 9.46733251 0.00946733251 3.30211082
758 2503 9.46728447 0.00946728447 3.30211082
758 2503 9.46729948 0.00946729948 3.30211082
758 2503 9.4673344 0.0094673344 3.30211082
758 2503 9.46728349 0.00946728349 3.30211082
757 2501 9.44294945 0.00944294945 3.30383091
757 2499 9.44430821 0.00944430821 3.3011889
757 2499 9.44431391 0.00944431391 3.3011889
757 2499 9.44428587 0.00944428587 3.3011889
757 2499 9.44423531 0.00944423531 3.3011889
757 2499 9.44507803 0.00944507803 3.3011889
757 2499 9.44510229 0.00944510229 3.3011889
757 2499 9.44506653 0.00944506653 3.3011889
757 2499 9.44505074 0.00944505074 3.3011889
757 2499 9.44498633 0.00944498633 3.3011889
756 2492 9.42072622 0.00942072622 3.2962963
756 2495 9.42239094 0.00942239094 3.30026455
756 2495 9.42240436 0.00942240436 3.30026455
756 2494 9.42372291 0.00942372291 3.2989418
756 2494 9.42473237 0.00942473237 3.2989418
756 2494 9.42456473 0.00942456473 3.2989418
756 2494 9.42452536 0.00942452536 3.2989418
756 2494 9.42452772 0.00942452772 3.2989418
756 2491 9.42510123 0.00942510123 3.29497354
756 2491 9.42518104 0.00942518104 3.29497354
755 2488 9.40151513 0.00940151513 3.29536424
755 2484 9.40377527 0.00940377527 3.29006623
755 2484 9.39068342 0.00939068342 3.29006623
755 2484 9.39074876 0.00939074876 3.29006623
755 2483 9.39286143 0.00939286143 3.28874172
755 2483 9.39286121 0.00939286121 3.28874172
755 2487 9.39360847 0.00939360847 3.29403974
755 2487 9.39355916 0.00939355916 3.29403974
755 2487 9.39350756 0.00939350756 3.29403974
755 2484 9.39223653 0.00939223653 3.29006623
754 2480 9.3764245 0.0093764245 3.28912467
754 2480 9.37639112 0.00937639112 3.28912467
754 2480 9.37629169 0.00937629169 3.28912467
754 2480 9.37645776 0.00937645776 3.28912467
754 2478 9.37878585 0.00937878585 3.28647215
754 2478 9.37868347 0.00937868347 3.28647215
754 2477 9.36438185 0.00936438185 3.28514589
754 2477 9.36432059 0.00936432059 3.28514589
754 2479 9.38124353 0.00938124353 3.28779841
754 2484 9.38025178 0.00938025178 3.29442971
753 2477 9.37591625 0.00937591625 3.28950863
753 2477 9.37584604 0.00937584604 3.28950863
753 2477 9.37587514 0.00937587514 3.28950863
753 2477 9.37584764 0.00937584764 3.28950863
753 2474 9.37551376 0.00937551376 3.28552457
753 2474 9.37543401 0.00937543401 3.28552457
753 2474 9.37542442 0.00937542442 3.28552457
753 2474 9.37544882 0.00937544882 3.28552457
753 2474 9.375484 0.009375484 3.28552457
753 2474 9.37546465 0.00937546465 3.28552457
752 2471 9.3541903 0.0093541903 3.28590426
752 2471 9.35430365 0.00935430365 3.28590426
752 2471 9.35422429 0.00935422429 3.28590426
752 2471 9.35422799 0.00935422799 3.28590426
752 2471 9.35424405 0.00935424405 3.28590426
752 2471 9.35428452 0.00935428452 3.28590426
752 2471 9.3542425 0.0093542425 3.28590426
752 2471 9.35337887 0.00935337887 3.28590426
752 2471 9.35342799 0.00935342799 3.28590426
752 2471 9.35336556 0.00935336556 3.28590426
751 2467 9.33074684 0.00933074684 3.2849534
751 2469 9.32982793 0.00932982793 3.28761651
751 2468 9.33221903 0.00933221903 3.28628495
751 2468 9.33219998 0.00933219998 3.28628495
751 2468 9.33219759 0.00933219759 3.28628495
751 2468 9.33219719 0.00933219719 3.28628495
751 2468 9.33224118 0.00933224118 3.28628495
751 2468 9.33213411 0.00933213411 3.28628495
751 2462 9.33308332 0.00933308332 3.27829561
751 2462 9.33305507 0.00933305507 3.27829561
750 2455 9.31073596 0.00931073596 3.27333333
750 2456 9.315249 0.009315249 3.27466667
750 2456 9.31518936 0.00931518936 3.27466667
750 2454 9.30775073 0.00930775073 3.272
750 2454 9.30771658 0.00930771658 3.272
750 2454 9.30768312 0.00930768312 3.272
750 2454 9.30775349 0.00930775349 3.272
750 2454 9.30765608 0.00930765608 3.272
750 2456 9.29957764 0.00929957764 3.27466667
750 2460 9.30621335 0.00930621335 3.28
749 2452 9.30413165 0.00930413165 3.27369826
749 2447 9.31064351 0.00931064351 3.2670227
749 2446 9.29440472 0.00929440472 3.26568758
749 2449 9.29761886 0.00929761886 3.26969292
749 2450 9.29716574 0.00929716574 3.27102804
749 2449 9.31700083 0.00931700083 3.26969292
749 2451 9.30887922 0.00930887922 3.27236315
749 2451 9.30888639 0.00930888639 3.27236315
749 2450 9.30130408 0.00930130408 3.27102804
749 2450 9.28569672 0.00928569672 3.27102804
748 2445 9.26465416 0.00926465416 3.26871658
748 2446 9.26654845 0.00926654845 3.27005348
748 2438 9.26640275 0.00926640275 3.25935829
748 2446 9.26846213 0.00926846213 3.27005348
747 2443 9.26575446 0.00926575446 3.27041499
746 2439 9.24850549 0.00924850549 3.269437
746 2436 9.23534781 0.00923534781 3.26541555
746 2436 9.23535576 0.00923535576 3.26541555
746 2436 9.24573562 0.00924573562 3.26541555
746 2436 9.24582065 0.00924582065 3.26541555
745 2432 9.22387549 0.00922387549 3.26442953
745 2432 9.22408527 0.00922408527 3.26442953
745 2432 9.22390512 0.00922390512 3.26442953
745 2432 9.22398046 0.00922398046 3.26442953
745 2428 9.24375064 0.00924375064 3.2590604
745 2428 9.24390564 0.00924390564 3.2590604
745 2428 9.24385515 0.00924385515 3.2590604
745 2428 9.24397421 0.00924397421 3.2590604
745 2428 9.24388006 0.00924388006 3.2590604
745 2438 9.23486949 0.00923486949 3.27248322
744 2433 9.22840436 0.00922840436 3.27016129
744 2433 9.22842227 0.00922842227 3.27016129
744 2436 9.21680632 0.00921680632 3.27419355
744 2435 9.21459779 0.00921459779 3.27284946
743 2429 9.20939636 0.00920939636 3.269179
743 2425 9.22446494 0.00922446494 3.26379542
743 2427 9.20800231 0.00920800231 3.26648721
742 2414 9.20211064 0.00920211064 3.25336927
742 2411 9.20866012 0.00920866012 3.24932615
742 2411 9.20870286 0.00920870286 3.24932615
741 2404 9.18722667 0.00918722667 3.24426451
741 2404 9.18546818 0.00918546818 3.24426451
741 2408 9.18786281 0.00918786281 3.24966262
741 2408 9.18766988 0.00918766988 3.24966262
741 2408 9.18780077 0.00918780077 3.24966262
741 2408 9.1878977 0.0091878977 3.24966262
741 2405 9.19717412 0.00919717412 3.24561404
741 2405 9.19718708 0.00919718708 3.24561404
741 2405 9.19717506 0.00919717506 3.24561404
741 2405 9.19720504 0.00919720504 3.24561404
740 2402 9.18935845 0.00918935845 3.24594595
740 2402 9.18918494 0.00918918494 3.24594595
740 2411 9.17809128 0.00917809128 3.25810811
740 2411 9.17813085 0.00917813085 3.25810811
740 2411 9.17797744 0.00917797744 3.25810811
739 2399 9.16901459 0.00916901459 3.24627876
739 2399 9.16896174 0.00916896174 3.24627876
739 2397 9.17075349 0.00917075349 3.2435724
739 2397 9.17075599 0.00917075599 3.2435724
739 2397 9.17081791 0.00917081791 3.2435724
738 2396 9.14955318 0.00914955318 3.24661247
738 2385 9.15011492 0.00915011492 3.23170732
738 2385 9.14990916 0.00914990916 3.23170732
738 2385 9.14990983 0.00914990983 3.23170732
738 2385 9.15008838 0.00915008838 3.23170732
738 2385 9.14998434 0.00914998434 3.23170732
738 2385 9.14995156 0.00914995156 3.23170732
738 2385 9.1500194 0.0091500194 3.23170732
738 2392 9.16147732 0.00916147732 3.24119241
738 2392 9.16146595 0.00916146595 3.24119241
737 2391 9.14052685 0.00914052685 3.24423338
737 2391 9.14040929 0.00914040929 3.24423338
737 2391 9.14033664 0.00914033664 3.24423338
737 2388 9.13216017 0.00913216017 3.24016282
737 2388 9.13211438 0.00913211438 3.24016282
737 2388 9.13212694 0.00913212694 3.24016282
737 2391 9.14028931 0.00914028931 3.24423338
737 2391 9.14038555 0.00914038555 3.24423338
737 2391 9.14043612 0.00914043612 3.24423338
737 2391 9.14033869 0.00914033869 3.24423338
736 2379 9.11945069 0.00911945069 3.23233696
736 2379 9.11949574 0.00911949574 3.23233696
736 2379 9.1194482 0.0091194482 3.23233696
736 2379 9.11938079 0.00911938079 3.23233696
736 2379 9.11950104 0.00911950104 3.23233696
736 2379 9.11938813 0.00911938813 3.23233696
736 2379 9.11952478 0.00911952478 3.23233696
736 2379 9.11943866 0.00911943866 3.23233696
736 2379 9.11947039 0.00911947039 3.23233696
736 2379 9.11953667 0.00911953667 3.23233696
735 2375 9.09832242 0.00909832242 3.23129252
735 2375 9.09830192 0.00909830192 3.23129252
735 2375 9.09844007 0.00909844007 3.23129252
735 2372 9.09955407 0.00909955407 3.22721088
735 2377 9.09787973 0.00909787973 3.23401361
735 2377 9.09770805 0.00909770805 3.23401361
735 2377 9.09781758 0.00909781758 3.23401361
735 2377 9.09785486 0.00909785486 3.23401361
735 2380 9.09852202 0.00909852202 3.23809524
735 2380 9.09854778 0.00909854778 3.23809524
734 2377 9.07566447 0.00907566447 3.23841962
734 2369 9.07541536 0.00907541536 3.22752044
734 2369 9.07589993 0.00907589993 3.22752044
734 2376 9.07697417 0.00907697417 3.23705722
734 2376 9.07147352 0.00907147352 3.23705722
734 2371 9.09932031 0.00909932031 3.23024523
734 2371 9.10340576 0.00910340576 3.23024523
733 2364 9.09301726 0.00909301726 3.22510232
733 2364 9.08562713 0.00908562713 3.22510232
733 2366 9.07917745 0.00907917745 3.22783083
732 2359 9.0567638 0.0090567638 3.2226776
732 2363 9.05786596 0.00905786596 3.22814208
732 2363 9.05784731 0.00905784731 3.22814208
732 2363 9.05683047 0.00905683047 3.22814208
732 2363 9.05677793 0.00905677793 3.22814208
732 2363 9.05663281 0.00905663281 3.22814208
732 2363 9.05684622 0.00905684622 3.22814208
732 2362 9.05767102 0.00905767102 3.22677596
732 2362 9.05757279 0.00905757279 3.22677596
732 2362 9.05761038 0.00905761038 3.22677596
731 2357 9.04955498 0.00904955498 3.22435021
731 2352 9.05876742 0.00905876742 3.21751026
731 2352 9.05872812 0.00905872812 3.21751026
731 2352 9.05875609 0.00905875609 3.21751026
731 2352 9.05875044 0.00905875044 3.21751026
731 2352 9.05880285 0.00905880285 3.21751026
731 2352 9.05870871 0.00905870871 3.21751026
731 2352 9.05866327 0.00905866327 3.21751026
731 2352 9.05873877 0.00905873877 3.21751026
731 2352 9.058714 0.009058714 3.21751026
730 2348 9.03651752 0.00903651752 3.21643836
730 2348 9.03652096 0.00903652096 3.21643836
730 2348 9.03632677 0.00903632677 3.21643836
730 2348 9.03661236 0.00903661236 3.21643836
730 2348 9.03654084 0.00903654084 3.21643836
730 2348 9.036555 0.009036555 3.21643836
730 2348 9.03655547 0.00903655547 3.21643836
730 2348 9.03647968 0.00903647968 3.21643836
730 2348 9.03655838 0.00903655838 3.21643836
730 2348 9.03655699 0.00903655699 3.21643836
729 2343 9.01608109 0.00901608109 3.21399177
729 2343 9.0160201 0.0090160201 3.21399177
729 2339 9.0270655 0.0090270655 3.2085048
729 2339 9.02697442 0.00902697442 3.2085048
729 2332 9.00806052 0.00900806052 3.19890261
729 2332 9.00810947 0.00900810947 3.19890261
729 2332 9.0079791 0.0090079791 3.19890261
729 2332 9.0080008 0.0090080008 3.19890261
729 2330 9.0324156 0.0090324156 3.19615912
729 2330 9.0324396 0.0090324396 3.19615912
728 2326 9.01736022 0.00901736022 3.19505495
728 2326 9.01736692 0.00901736692 3.19505495
728 2326 9.01734115 0.00901734115 3.19505495
728 2327 9.01104131 0.00901104131 3.19642857
728 2327 9.01100126 0.00901100126 3.19642857
728 2327 9.01105068 0.00901105068 3.19642857
728 2327 9.01107068 0.00901107068 3.19642857
728 2327 9.0108725 0.0090108725 3.19642857
728 2327 9.01091113 0.00901091113 3.19642857
728 2327 9.01089367 0.00901089367 3.19642857
727 2322 8.98912126 0.00898912126 3.19394773
727 2322 8.98924857 0.00898924857 3.19394773
727 2323 8.98903051 0.00898903051 3.19532325
727 2321 9.00318597 0.00900318597 3.19257221
727 2321 9.00314677 0.00900314677 3.19257221
727 2321 9.00315141 0.00900315141 3.19257221
727 2321 9.00323336 0.00900323336 3.19257221
727 2321 9.00306022 0.00900306022 3.19257221
727 2321 9.00316151 0.00900316151 3.19257221
727 2321 9.00317064 0.00900317064 3.19257221
726 2317 8.9807123 0.0089807123 3.19146006
726 2316 8.98111957 0.00898111957 3.19008264
726 2318 8.98159862 0.00898159862 3.19283747
726 2318 8.98171824 0.00898171824 3.19283747
726 2317 8.98150365 0.00898150365 3.19146006
726 2317 8.98160946 0.00898160946 3.19146006
726 2317 8.98141468 0.00898141468 3.19146006
726 2317 8.98153489 0.00898153489 3.19146006
726 2318 8.98248666 0.00898248666 3.19283747
726 2318 8.98249263 0.00898249263 3.19283747
725 2315 8.96081629 0.00896081629 3.19310345
725 2314 8.96089233 0.00896089233 3.19172414
725 2315 8.96007072 0.00896007072 3.19310345
725 2315 8.96010842 0.00896010842 3.19310345
725 2315 8.96010885 0.00896010885 3.19310345
725 2315 8.96009014 0.00896009014 3.19310345
725 2315 8.960115 0.008960115 3.19310345
725 2315 8.96009285 0.00896009285 3.19310345
725 2315 8.96011641 0.00896011641 3.19310345
725 2315 8.9600877 0.0089600877 3.19310345
724 2312 8.9368436 0.0089368436 3.19337017
724 2312 8.93807854 0.00893807854 3.19337017
724 2310 8.93810184 0.00893810184 3.19060773
724 2310 8.93799176 0.00893799176 3.19060773
724 2310 8.9381032 0.0089381032 3.19060773
724 2310 8.93810826 0.00893810826 3.19060773
724 2310 8.93818136 0.00893818136 3.19060773
724 2311 8.93903866 0.00893903866 3.19198895
724 2311 8.93909774 0.00893909774 3.19198895
724 2311 8.93888364 0.00893888364 3.19198895
723 2304 8.91657641 0.00891657641 3.18672199
723 2304 8.91653846 0.00891653846 3.18672199
723 2308 8.91766999 0.00891766999 3.1922545
723 2308 8.91762824 0.00891762824 3.1922545
723 2308 8.91765104 0.00891765104 3.1922545
723 2308 8.91775667 0.00891775667 3.1922545
723 2308 8.91747572 0.00891747572 3.1922545
723 2308 8.91763602 0.00891763602 3.1922545
723 2306 8.91812392 0.00891812392 3.18948824
723 2306 8.91811005 0.00891811005 3.18948824
722 2303 8.89647473 0.00889647473 3.18975069
722 2303 8.89641298 0.00889641298 3.18975069
722 2303 8.89635907 0.00889635907 3.18975069
722 2303 8.89642712 0.00889642712 3.18975069
722 2303 8.89641808 0.00889641808 3.18975069
722 2303 8.89639199 0.00889639199 3.18975069
722 2303 8.89632394 0.00889632394 3.18975069
722 2302 8.89661405 0.00889661405 3.18836565
722 2302 8.8965543 0.0088965543 3.18836565
722 2302 8.89656476 0.00889656476 3.18836565
721 2298 8.87648178 0.00887648178 3.18723994
721 2298 8.87658597 0.00887658597 3.18723994
721 2298 8.87649855 0.00887649855 3.18723994
721 2298 8.87653234 0.00887653234 3.18723994
721 2296 8.8717048 0.0088717048 3.18446602
721 2296 8.87009333 0.00887009333 3.18446602
721 2297 8.87538804 0.00887538804 3.18585298
721 2297 8.87543219 0.00887543219 3.18585298
721 2295 8.87856126 0.00887856126 3.18307906
721 2295 8.87838243 0.00887838243 3.18307906
720 2284 8.85715549 0.00885715549 3.17222222
720 2284 8.85710151 0.00885710151 3.17222222
720 2293 8.85819704 0.00885819704 3.18472222
720 2292 8.85597345 0.00885597345 3.18333333
720 2285 8.8566515 0.0088566515 3.17361111
720 2283 8.87091309 0.00887091309 3.17083333
720 2280 8.87178963 0.00887178963 3.16666667
720 2279 8.8687832 0.0088687832 3.16527778
720 2282 8.86514719 0.00886514719 3.16944444
719 2280 8.85049987 0.00885049987 3.17107093
718 2276 8.8294891 0.0088294891 3.16991643
718 2273 8.8300231 0.0088300231 3.16573816
718 2274 8.83343982 0.00883343982 3.16713092
717 2271 8.81452985 0.00881452985 3.16736402
717 2271 8.8145453 0.0088145453 3.16736402
717 2276 8.82080334 0.00882080334 3.17433752
717 2278 8.83273727 0.00883273727 3.17712692
717 2278 8.83270587 0.00883270587 3.17712692
717 2278 8.83273362 0.00883273362 3.17712692
717 2273 8.83417763 0.00883417763 3.17015342
716 2270 8.81082569 0.00881082569 3.17039106
716 2262 8.81370028 0.00881370028 3.15921788
716 2271 8.8207926 0.0088207926 3.17178771
716 2271 8.82079472 0.00882079472 3.17178771
716 2271 8.82080416 0.00882080416 3.17178771
716 2271 8.82072766 0.00882072766 3.17178771
716 2269 8.80600557 0.00880600557 3.16899441
716 2269 8.80597993 0.00880597993 3.16899441
716 2271 8.79282449 0.00879282449 3.17178771
716 2271 8.7928022 0.0087928022 3.17178771
715 2265 8.77132894 0.00877132894 3.16783217
715 2265 8.77140971 0.00877140971 3.16783217
715 2266 8.78708704 0.00878708704 3.16923077
715 2266 8.78710434 0.00878710434 3.16923077
715 2266 8.78716475 0.00878716475 3.16923077
715 2266 8.78710556 0.00878710556 3.16923077
715 2266 8.78708063 0.00878708063 3.16923077
714 2260 8.76481586 0.00876481586 3.16526611
714 2260 8.76470485 0.00876470485 3.16526611
714 2260 8.76465512 0.00876465512 3.16526611
713 2251 8.76465175 0.00876465175 3.15708275
713 2251 8.7646286 0.0087646286 3.15708275
713 2251 8.7645997 0.0087645997 3.15708275
713 2251 8.76461768 0.00876461768 3.15708275
713 2251 8.7646118 0.0087646118 3.15708275
713 2251 8.76462197 0.00876462197 3.15708275
713 2251 8.76469574 0.00876469574 3.15708275
713 2251 8.76467179 0.00876467179 3.15708275
713 2251 8.76468808 0.00876468808 3.15708275
713 2251 8.76465771 0.00876465771 3.15708275
712 2250 8.74270354 0.00874270354 3.16011236
712 2240 8.74302734 0.00874302734 3.14606742
712 2244 8.74415593 0.00874415593 3.15168539
712 2244 8.7442109 0.0087442109 3.15168539
712 2244 8.74421908 0.00874421908 3.15168539
712 2244 8.74417832 0.00874417832 3.15168539
712 2243 8.74466054 0.00874466054 3.1502809
712 2243 8.74466295 0.00874466295 3.1502809
712 2243 8.74462217 0.00874462217 3.1502809
712 2243 8.74467074 0.00874467074 3.1502809
711 2240 8.7224213 0.0087224213 3.15049226
711 2240 8.72239388 0.00872239388 3.15049226
711 2237 8.72532718 0.00872532718 3.14627286
711 2242 8.73941991 0.00873941991 3.1533052
711 2242 8.73947394 0.00873947394 3.1533052
711 2242 8.73951574 0.00873951574 3.1533052
711 2242 8.73946167 0.00873946167 3.1533052
711 2242 8.73949996 0.00873949996 3.1533052
711 2242 8.73947412 0.00873947412 3.1533052
711 2242 8.7394247 0.0087394247 3.1533052
710 2239 8.71647911 0.00871647911 3.15352113
710 2231 8.71733643 0.00871733643 3.14225352
710 2231 8.71815551 0.00871815551 3.14225352
710 2235 8.71909637 0.00871909637 3.14788732
710 2234 8.72531613 0.00872531613 3.14647887
710 2234 8.72528264 0.00872528264 3.14647887
710 2234 8.72523521 0.00872523521 3.14647887
710 2234 8.72530135 0.00872530135 3.14647887
710 2234 8.72530668 0.00872530668 3.14647887
710 2234 8.72531534 0.00872531534 3.14647887
709 2233 8.70312742 0.00870312742 3.14950635
709 2231 8.70345872 0.00870345872 3.14668547
709 2231 8.70350744 0.00870350744 3.14668547
709 2231 8.70349467 0.00870349467 3.14668547
709 2228 8.70385424 0.00870385424 3.14245416
709 2227 8.70485891 0.00870485891 3.14104372
709 2227 8.70494929 0.00870494929 3.14104372
709 2227 8.7049488 0.0087049488 3.14104372
709 2227 8.70496055 0.00870496055 3.14104372
709 2227 8.70486766 0.00870486766 3.14104372
708 2225 8.68234482 0.00868234482 3.14265537
708 2226 8.68321778 0.00868321778 3.1440678
708 2223 8.68069973 0.00868069973 3.13983051
708 2229 8.68419208 0.00868419208 3.14830508
708 2229 8.68419897 0.00868419897 3.14830508
708 2229 8.68417397 0.00868417397 3.14830508
708 2229 8.68416762 0.00868416762 3.14830508
708 2229 8.68413237 0.00868413237 3.14830508
708 2229 8.68413498 0.00868413498 3.14830508
708 2229 8.68419178 0.00868419178 3.14830508
707 2223 8.66304375 0.00866304375 3.14427157
707 2222 8.66422803 0.00866422803 3.14285714
707 2222 8.66429409 0.00866429409 3.14285714
707 2222 8.66424482 0.00866424482 3.14285714
707 2222 8.66426464 0.00866426464 3.14285714
707 2222 8.66426213 0.00866426213 3.14285714
707 2222 8.664271 0.008664271 3.14285714
707 2222 8.66432096 0.00866432096 3.14285714
707 2222 8.66428267 0.00866428267 3.14285714
707 2222 8.66424432 0.00866424432 3.14285714
706 2211 8.64221972 0.00864221972 3.13172805
706 2211 8.64337215 0.00864337215 3.13172805
706 2211 8.64329199 0.00864329199 3.13172805
706 2211 8.64318249 0.00864318249 3.13172805
706 2211 8.64317551 0.00864317551 3.13172805
706 2219 8.64533472 0.00864533472 3.14305949
706 2219 8.64532786 0.00864532786 3.14305949
706 2219 8.64531314 0.00864531314 3.14305949
706 2219 8.6452828 0.0086452828 3.14305949
706 2219 8.6452265 0.0086452265 3.14305949
705 2214 8.62249837 0.00862249837 3.14042553
705 2213 8.62446147 0.00862446147 3.13900709
705 2213 8.62446343 0.00862446343 3.13900709
705 2213 8.62441436 0.00862441436 3.13900709
705 2213 8.62446597 0.00862446597 3.13900709
705 2213 8.62442596 0.00862442596 3.13900709
705 2213 8.62442219 0.00862442219 3.13900709
705 2213 8.62441017 0.00862441017 3.13900709
705 2213 8.62443128 0.00862443128 3.13900709
705 2213 8.62439929 0.00862439929 3.13900709
704 2207 8.6009481 0.0086009481 3.13494318
704 2202 8.60277123 0.00860277123 3.12784091
704 2202 8.60269826 0.00860269826 3.12784091
704 2209 8.61726446 0.00861726446 3.13778409
704 2209 8.61721422 0.00861721422 3.13778409
704 2209 8.61728861 0.00861728861 3.13778409
704 2209 8.61725033 0.00861725033 3.13778409
704 2209 8.61721591 0.00861721591 3.13778409
704 2209 8.61726612 0.00861726612 3.13778409
704 2209 8.61729335 0.00861729335 3.13778409
703 2203 8.59314241 0.00859314241 3.13371266
703 2206 8.59271713 0.00859271713 3.13798009
703 2204 8.58903967 0.00858903967 3.13513514
703 2204 8.58910157 0.00858910157 3.13513514
703 2198 8.59707694 0.00859707694 3.12660028
703 2198 8.59703172 0.00859703172 3.12660028
703 2198 8.59710954 0.00859710954 3.12660028
703 2198 8.59708654 0.00859708654 3.12660028
703 2198 8.59706963 0.00859706963 3.12660028
703 2198 8.59710391 0.00859710391 3.12660028
702 2193 8.57497258 0.00857497258 3.12393162
702 2191 8.58008606 0.00858008606 3.12108262
702 2191 8.58009838 0.00858009838 3.12108262
702 2191 8.57999704 0.00857999704 3.12108262
702 2191 8.57993683 0.00857993683 3.12108262
702 2191 8.57990929 0.00857990929 3.12108262
702 2196 8.58088073 0.00858088073 3.12820513
702 2192 8.58170055 0.00858170055 3.12250712
702 2192 8.58166593 0.00858166593 3.12250712
702 2193 8.57474562 0.00857474562 3.12393162
701 2187 8.55287543 0.00855287543 3.11982882
701 2187 8.55278996 0.00855278996 3.11982882
701 2190 8.55392031 0.00855392031 3.12410842
701 2185 8.56256148 0.00856256148 3.11697575
701 2185 8.56247359 0.00856247359 3.11697575
701 2185 8.56255141 0.00856255141 3.11697575
701 2186 8.56860632 0.00856860632 3.11840228
701 2186 8.56857432 0.00856857432 3.11840228
700 2179 8.55099161 0.00855099161 3.11285714
700 2179 8.5508412 0.0085508412 3.11285714
699 2173 8.52750576 0.00852750576 3.10872675
699 2173 8.54466127 0.00854466127 3.10872675
699 2173 8.54449375 0.00854449375 3.10872675
699 2173 8.54450601 0.00854450601 3.10872675
699 2173 8.54445657 0.00854445657 3.10872675
699 2173 8.54455208 0.00854455208 3.10872675
699 2173 8.54448604 0.00854448604 3.10872675
699 2173 8.54446773 0.00854446773 3.10872675
699 2173 8.54446766 0.00854446766 3.10872675
699 2173 8.54454698 0.00854454698 3.10872675
698 2167 8.52099491 0.00852099491 3.10458453
698 2162 8.52430629 0.00852430629 3.0974212
698 2162 8.52411351 0.00852411351 3.0974212
698 2162 8.52401349 0.00852401349 3.0974212
698 2162 8.5240184 0.0085240184 3.0974212
698 2162 8.52397014 0.00852397014 3.0974212
698 2162 8.52389912 0.00852389912 3.0974212
698 2162 8.5238111 0.0085238111 3.0974212
698 2162 8.5239534 0.0085239534 3.0974212
698 2162 8.52387633 0.00852387633 3.0974212
697 2159 8.50385809 0.00850385809 3.09756098
697 2159 8.50381544 0.00850381544 3.09756098
697 2159 8.50383649 0.00850383649 3.09756098
697 2159 8.50379257 0.00850379257 3.09756098
697 2159 8.50379014 0.00850379014 3.09756098
697 2159 8.50387656 0.00850387656 3.09756098
697 2159 8.50382575 0.00850382575 3.09756098
697 2159 8.50378052 0.00850378052 3.09756098
697 2159 8.50384755 0.00850384755 3.09756098
697 2159 8.50379136 0.00850379136 3.09756098
696 2154 8.48138493 0.00848138493 3.09482759
696 2154 8.47511371 0.00847511371 3.09482759
696 2156 8.48086597 0.00848086597 3.09770115
696 2156 8.48082017 0.00848082017 3.09770115
696 2153 8.48235771 0.00848235771 3.0933908
696 2153 8.4822746 0.0084822746 3.0933908
696 2153 8.48215656 0.00848215656 3.0933908
696 2153 8.482242 0.008482242 3.0933908
696 2153 8.48220875 0.00848220875 3.0933908
696 2153 8.48231531 0.00848231531 3.0933908
695 2151 8.46005728 0.00846005728 3.09496403
695 2151 8.46009887 0.00846009887 3.09496403
695 2151 8.45998798 0.00845998798 3.09496403
695 2151 8.46004294 0.00846004294 3.09496403
695 2151 8.45990503 0.00845990503 3.09496403
695 2147 8.45665973 0.00845665973 3.08920863
695 2147 8.45666634 0.00845666634 3.08920863
695 2147 8.45666021 0.00845666021 3.08920863
695 2147 8.4566026 0.0084566026 3.08920863
695 2147 8.45662195 0.00845662195 3.08920863
694 2142 8.43401781 0.00843401781 3.08645533
694 2145 8.43828583 0.00843828583 3.0907781
694 2145 8.43846868 0.00843846868 3.0907781
694 2145 8.43834466 0.00843834466 3.0907781
694 2145 8.43832304 0.00843832304 3.0907781
694 2148 8.43700577 0.00843700577 3.09510086
694 2148 8.43712237 0.00843712237 3.09510086
694 2148 8.4370051 0.0084370051 3.09510086
694 2148 8.43697142 0.00843697142 3.09510086
694 2148 8.4370196 0.0084370196 3.09510086
693 2143 8.41357837 0.00841357837 3.09235209
693 2145 8.41418602 0.00841418602 3.0952381
693 2142 8.41478592 0.00841478592 3.09090909
693 2143 8.41541419 0.00841541419 3.09235209
693 2143 8.41527477 0.00841527477 3.09235209
693 2143 8.41527169 0.00841527169 3.09235209
693 2143 8.41036075 0.00841036075 3.09235209
693 2139 8.4178272 0.0084178272 3.08658009
693 2139 8.41763636 0.00841763636 3.08658009
693 2139 8.41775869 0.00841775869 3.08658009
692 2133 8.39651623 0.00839651623 3.08236994
692 2134 8.40818346 0.00840818346 3.08381503
692 2137 8.41507237 0.00841507237 3.08815029
692 2137 8.41499132 0.00841499132 3.08815029
691 2132 8.4054388 0.0084054388 3.0853835
691 2132 8.40532114 0.00840532114 3.0853835
691 2132 8.40512707 0.00840512707 3.0853835
691 2131 8.40765963 0.00840765963 3.08393632
691 2139 8.41645212 0.00841645212 3.09551375
691 2139 8.41643087 0.00841643087 3.09551375
690 2136 8.39348011 0.00839348011 3.09565217
690 2136 8.39448564 0.00839448564 3.09565217
690 2136 8.39453572 0.00839453572 3.09565217
690 2128 8.39566292 0.00839566292 3.08405797
690 2128 8.39557318 0.00839557318 3.08405797
690 2128 8.39544674 0.00839544674 3.08405797
690 2128 8.39527596 0.00839527596 3.08405797
690 2128 8.39528423 0.00839528423 3.08405797
690 2133 8.39575298 0.00839575298 3.09130435
690 2133 8.39574452 0.00839574452 3.09130435
689 2130 8.3753185 0.0083753185 3.09143687
689 2122 8.37457178 0.00837457178 3.07982583
689 2122 8.37451687 0.00837451687 3.07982583
689 2122 8.37453903 0.00837453903 3.07982583
689 2122 8.37455832 0.00837455832 3.07982583
689 2122 8.37462175 0.00837462175 3.07982583
689 2122 8.37459039 0.00837459039 3.07982583
689 2122 8.37445136 0.00837445136 3.07982583
689 2122 8.37447427 0.00837447427 3.07982583
689 2122 8.37449235 0.00837449235 3.07982583
688 2119 8.35187936 0.00835187936 3.07994186
688 2119 8.35652425 0.00835652425 3.07994186
688 2119 8.35641219 0.00835641219 3.07994186
688 2119 8.35637319 0.00835637319 3.07994186
688 2119 8.35636089 0.00835636089 3.07994186
688 2119 8.35634318 0.00835634318 3.07994186
688 2119 8.35628368 0.00835628368 3.07994186
688 2119 8.35622273 0.00835622273 3.07994186
688 2119 8.35620107 0.00835620107 3.07994186
688 2119 8.35612589 0.00835612589 3.07994186
687 2116 8.33354469 0.00833354469 3.08005822
687 2113 8.33485509 0.00833485509 3.07569141
687 2113 8.33469841 0.00833469841 3.07569141
687 2113 8.33470717 0.00833470717 3.07569141
687 2113 8.33458776 0.00833458776 3.07569141
687 2113 8.3345776 0.0083345776 3.07569141
687 2113 8.33454973 0.00833454973 3.07569141
687 2113 8.33442115 0.00833442115 3.07569141
687 2113 8.33430343 0.00833430343 3.07569141
687 2113 8.33417896 0.00833417896 3.07569141
686 2110 8.31136716 0.00831136716 3.07580175
686 2110 8.31124423 0.00831124423 3.07580175
686 2107 8.31203552 0.00831203552 3.07142857
686 2107 8.31170393 0.00831170393 3.07142857
686 2107 8.31120904 0.00831120904 3.07142857
686 2107 8.31067421 0.00831067421 3.07142857
686 2107 8.30983091 0.00830983091 3.07142857
686 2107 8.30893347 0.00830893347 3.07142857
686 2107 8.3076323 0.0083076323 3.07142857
686 2107 8.3060753 0.0083060753 3.07142857
685 2104 8.28481806 0.00828481806 3.07153285
685 2104 8.28202896 0.00828202896 3.07153285
685 2106 8.28027231 0.00828027231 3.07445255
685 2106 8.27232979 0.00827232979 3.07445255
685 2106 8.2605298 0.0082605298 3.07445255
685 2106 8.22896915 0.00822896915 3.07445255
685 2106 8.12154369 0.00812154369 3.07445255
685 2108 0 0 3.07737226
allocating memory...
allocating memory...
allocating memory...
allocating memory...
allocating memory...
allocating memory...
allocating memory...
allocating memory...
allocating memory...
allocating memory...
allocating memory...
allocating memory...
allocating memory...
allocating memory...
allocating memory...
allocating memory...
allocating memory...
allocating memory...
walksat version 35
command line = test -solcnf -cutoff 100000000 -best -seed 1234567 -numsol 10 ./residualformula_seed2.cnf
seed = 1234567
cutoff = 100000000
tries = 10
heuristic = best, noise 50 / 100
tail starts after flip = 3000
numatom = 1000, numclause = 2108, numliterals = 5817
wff read in

    lowest     final       avg     noise     noise     total                 avg        mean        mean
    #unsat    #unsat     noise   std dev     ratio     flips              length       flips       flips
      this      this      this      this      this      this   success   success       until         std
       try       try       try       try       try       try      rate     tries      assign         dev

         0         0      3.68      2.95      1.25     44707       100     44707    44707.00
         0         0      5.15      3.98      1.30     17589       100     31148    31148.00    19175.32
         0         0      7.14      3.33      2.15     26687       100     29661    29661.00    13801.45
         0         0      5.79      4.44      1.30     24194       100     28294    28294.25    11595.63
         0         0      4.99      3.38      1.48     44947       100     31624    31624.80    12502.27
         0         0      3.68      2.55      1.45     14170       100     28715    28715.67    13259.86
         0         0      5.94      2.83      2.10      8668       100     25851    25851.71    14280.60
         0         0      4.15      2.71      1.53      9581       100     23817    23817.88    14418.52
         0         0      0.00      0.00      0.00      2974       100     21501    21501.89    15171.72
         0         0      9.52      4.15      2.29     13930       100     20744    20744.70    14503.06

total elapsed seconds = 0.000000
average flips per second = -9223372036854775808
number solutions found = 10
final success rate = 100.000000
average length successful tries = 20744
mean flips until assign = 20744.700000
  variance = 210338851.566667
  standard deviation = 14503.063523
  standard error of mean = 4586.271378
mean seconds until assign = 0.000000
  variance = 0.000000
  standard deviation = 0.000000
  standard error of mean = 0.000000
mean restarts until assign = 1.000000
  variance = 0.000000
  standard deviation = 0.000000
  standard error of mean = 0.000000
final noise level statistics
    statistics over all runs:
      overall mean average noise level = 5.561317
      overall mean noise std deviation = 3.369933
      overall ratio mean noise to mean std dev = 1.650275
    statistics on successful runs:
      successful mean average noise level = 5.561317
      successful mean noise std deviation = 3.369933
      successful ratio mean noise to mean std dev = 1.650275
    statistics on nonsuccessful runs:
      nonsuccessful mean average noise level = 0.000000
      nonsuccessful mean noise std deviation = 0.000000
      nonsuccessful ratio mean noise to mean std dev = 0.000000
ASSIGNMENT FOUND
Check and white a solution
time of whitening    freezing probability
11	 	 	 	1
8	 	 	 	1
8	 	 	 	1
8	 	 	 	1
9	 	 	 	1
10	 	 	 	1
11	 	 	 	1
9	 	 	 	1
9	 	 	 	1
10	 	 	 	1
