START ALGORITHM:
I am going to build an instance with N: 1000 variables and 4200 clauses with a clause density equal to 4.2
START BSP WITH r=0.9:
Decimation scorer: cert
END UNIT PROPAGATION
1000 4200 9.82290409 0.00982290409 4.2
1000 4200 9.82275694 0.00982275694 4.2
1000 4200 9.82257496 0.00982257496 4.2
1000 4200 9.82265068 0.00982265068 4.2
1000 4200 9.82243139 0.00982243139 4.2
1000 4200 9.82248825 0.00982248825 4.2
1000 4200 9.82247821 0.00982247821 4.2
1000 4200 9.82249507 0.00982249507 4.2
1000 4200 9.8225007 0.0098225007 4.2
999 4195 9.82252073 0.00982252073 4.1991992
999 4195 9.82250455 0.00982250455 4.1991992
999 4195 9.82251217 0.00982251217 4.1991992
999 4195 9.8225063 0.0098225063 4.1991992
999 4195 9.82250672 0.00982250672 4.1991992
999 4195 9.82250721 0.00982250721 4.1991992
999 4195 9.82250987 0.00982250987 4.1991992
999 4195 9.82250601 0.00982250601 4.1991992
999 4195 9.8225067 0.0098225067 4.1991992
999 4195 9.82250844 0.00982250844 4.1991992
998 4190 9.82250968 0.00982250968 4.19839679
998 4190 9.82250855 0.00982250855 4.19839679
998 4190 9.82250876 0.00982250876 4.19839679
998 4190 9.8225088 0.0098225088 4.19839679
998 4190 9.82250935 0.00982250935 4.19839679
998 4190 9.82250878 0.00982250878 4.19839679
998 4190 9.82250775 0.00982250775 4.19839679
998 4190 9.82250878 0.00982250878 4.19839679
998 4190 9.82251008 0.00982251008 4.19839679
998 4190 9.82250845 0.00982250845 4.19839679
997 4178 9.82097924 0.00982097924 4.19057172
997 4178 9.82097972 0.00982097972 4.19057172
997 4178 9.82097937 0.00982097937 4.19057172
997 4178 9.82097338 0.00982097338 4.19057172
997 4178 9.8209823 0.0098209823 4.19057172
997 4178 9.82097445 0.00982097445 4.19057172
997 4178 9.8209814 0.0098209814 4.19057172
997 4182 9.82250853 0.00982250853 4.19458375
997 4182 9.82250622 0.00982250622 4.19458375
997 4182 9.82250997 0.00982250997 4.19458375
996 4173 9.82064328 0.00982064328 4.18975904
996 4176 9.8225086 0.0098225086 4.19277108
996 4176 9.82250894 0.00982250894 4.19277108
996 4176 9.82250904 0.00982250904 4.19277108
996 4176 9.82250985 0.00982250985 4.19277108
996 4176 9.82251524 0.00982251524 4.19277108
996 4176 9.8225093 0.0098225093 4.19277108
996 4176 9.82250566 0.00982250566 4.19277108
996 4176 9.82251131 0.00982251131 4.19277108
996 4176 9.82251246 0.00982251246 4.19277108
995 4168 9.82136537 0.00982136537 4.18894472
995 4168 9.82250802 0.00982250802 4.18894472
995 4168 9.82249479 0.00982249479 4.18894472
995 4168 9.82250528 0.00982250528 4.18894472
995 4168 9.82250917 0.00982250917 4.18894472
995 4168 9.82249364 0.00982249364 4.18894472
995 4168 9.8225072 0.0098225072 4.18894472
995 4168 9.8225051 0.0098225051 4.18894472
995 4168 9.82251207 0.00982251207 4.18894472
995 4168 9.82250595 0.00982250595 4.18894472
994 4160 9.81983744 0.00981983744 4.18511066
994 4160 9.81980862 0.00981980862 4.18511066
994 4160 9.81983044 0.00981983044 4.18511066
994 4158 9.82021329 0.00982021329 4.18309859
994 4158 9.82020485 0.00982020485 4.18309859
994 4158 9.82020324 0.00982020324 4.18309859
994 4159 9.82065072 0.00982065072 4.18410463
994 4159 9.82064523 0.00982064523 4.18410463
994 4159 9.82064688 0.00982064688 4.18410463
994 4161 9.82223276 0.00982223276 4.1861167
993 4151 9.81993516 0.00981993516 4.18026183
993 4152 9.82036915 0.00982036915 4.18126888
993 4152 9.82037177 0.00982037177 4.18126888
993 4152 9.82037025 0.00982037025 4.18126888
993 4152 9.82036688 0.00982036688 4.18126888
993 4149 9.82070387 0.00982070387 4.17824773
993 4149 9.82069631 0.00982069631 4.17824773
993 4149 9.82070284 0.00982070284 4.17824773
993 4149 9.82068481 0.00982068481 4.17824773
993 4149 9.82069605 0.00982069605 4.17824773
992 4141 9.81803716 0.00981803716 4.17439516
992 4141 9.81803244 0.00981803244 4.17439516
992 4139 9.81841128 0.00981841128 4.17237903
992 4139 9.81839568 0.00981839568 4.17237903
992 4139 9.8184007 0.0098184007 4.17237903
992 4139 9.81840226 0.00981840226 4.17237903
992 4139 9.81840017 0.00981840017 4.17237903
992 4139 9.81840354 0.00981840354 4.17237903
992 4139 9.81840521 0.00981840521 4.17237903
992 4139 9.81840816 0.00981840816 4.17237903
991 4130 9.8165458 0.0098165458 4.16750757
991 4130 9.81655001 0.00981655001 4.16750757
991 4130 9.81654466 0.00981654466 4.16750757
991 4130 9.81654602 0.00981654602 4.16750757
991 4130 9.81654527 0.00981654527 4.16750757
991 4130 9.81654598 0.00981654598 4.16750757
991 4130 9.81653405 0.00981653405 4.16750757
991 4130 9.81655177 0.00981655177 4.16750757
991 4130 9.81654563 0.00981654563 4.16750757
991 4130 9.81654531 0.00981654531 4.16750757
990 4119 9.81270898 0.00981270898 4.16060606
990 4119 9.81293795 0.00981293795 4.16060606
990 4117 9.81326741 0.00981326741 4.15858586
990 4117 9.81323712 0.00981323712 4.15858586
990 4124 9.81407241 0.00981407241 4.16565657
990 4124 9.8140752 0.0098140752 4.16565657
990 4122 9.81541529 0.00981541529 4.16363636
990 4122 9.8154106 0.0098154106 4.16363636
990 4122 9.81539661 0.00981539661 4.16363636
990 4122 9.81540204 0.00981540204 4.16363636
989 4113 9.81047522 0.00981047522 4.15874621
989 4113 9.81045536 0.00981045536 4.15874621
989 4113 9.81047351 0.00981047351 4.15874621
989 4114 9.81272497 0.00981272497 4.15975733
989 4114 9.81275386 0.00981275386 4.15975733
989 4114 9.81274909 0.00981274909 4.15975733
989 4114 9.81272712 0.00981272712 4.15975733
989 4114 9.81274758 0.00981274758 4.15975733
989 4114 9.81274859 0.00981274859 4.15975733
989 4114 9.81273733 0.00981273733 4.15975733
988 4108 9.81040499 0.00981040499 4.15789474
988 4108 9.81038978 0.00981038978 4.15789474
988 4108 9.81039875 0.00981039875 4.15789474
988 4108 9.81041927 0.00981041927 4.15789474
988 4108 9.81039376 0.00981039376 4.15789474
988 4108 9.81040822 0.00981040822 4.15789474
988 4108 9.81040991 0.00981040991 4.15789474
988 4108 9.81039812 0.00981039812 4.15789474
988 4108 9.81039295 0.00981039295 4.15789474
988 4108 9.81041207 0.00981041207 4.15789474
987 4097 9.80678872 0.00980678872 4.15096251
987 4097 9.80680495 0.00980680495 4.15096251
987 4100 9.8077287 0.0098077287 4.15400203
987 4100 9.80771869 0.00980771869 4.15400203
987 4100 9.80775027 0.00980775027 4.15400203
987 4100 9.8077206 0.0098077206 4.15400203
987 4100 9.80773011 0.00980773011 4.15400203
987 4100 9.80772542 0.00980772542 4.15400203
987 4100 9.80772537 0.00980772537 4.15400203
987 4100 9.8077202 0.0098077202 4.15400203
986 4090 9.8035107 0.0098035107 4.14807302
986 4090 9.80351086 0.00980351086 4.14807302
986 4087 9.80444273 0.00980444273 4.14503043
986 4087 9.80446249 0.00980446249 4.14503043
986 4087 9.80445312 0.00980445312 4.14503043
986 4087 9.80445695 0.00980445695 4.14503043
986 4087 9.80447055 0.00980447055 4.14503043
986 4087 9.80442775 0.00980442775 4.14503043
986 4087 9.80445086 0.00980445086 4.14503043
986 4087 9.80446433 0.00980446433 4.14503043
985 4078 9.79960435 0.00979960435 4.14010152
985 4078 9.79960558 0.00979960558 4.14010152
985 4078 9.79960125 0.00979960125 4.14010152
985 4077 9.80023814 0.00980023814 4.13908629
985 4077 9.80025507 0.00980025507 4.13908629
985 4076 9.80061244 0.00980061244 4.13807107
985 4076 9.80064375 0.00980064375 4.13807107
985 4076 9.80066924 0.00980066924 4.13807107
985 4076 9.80065123 0.00980065123 4.13807107
985 4076 9.80066707 0.00980066707 4.13807107
984 4067 9.79579851 0.00979579851 4.13313008
984 4067 9.79581297 0.00979581297 4.13313008
984 4067 9.79580999 0.00979580999 4.13313008
984 4067 9.79581662 0.00979581662 4.13313008
984 4067 9.79580653 0.00979580653 4.13313008
984 4067 9.79580204 0.00979580204 4.13313008
984 4067 9.79581507 0.00979581507 4.13313008
984 4065 9.7970583 0.0097970583 4.13109756
984 4065 9.79707741 0.00979707741 4.13109756
984 4065 9.79706848 0.00979706848 4.13109756
983 4054 9.79225588 0.00979225588 4.12410987
983 4054 9.79225951 0.00979225951 4.12410987
983 4055 9.79288704 0.00979288704 4.12512716
983 4055 9.79289266 0.00979289266 4.12512716
983 4055 9.79288839 0.00979288839 4.12512716
983 4055 9.79292006 0.00979292006 4.12512716
983 4055 9.79287691 0.00979287691 4.12512716
983 4055 9.79289433 0.00979289433 4.12512716
983 4055 9.79288155 0.00979288155 4.12512716
983 4055 9.79289525 0.00979289525 4.12512716
982 4048 9.78718967 0.00978718967 4.12219959
982 4046 9.78371769 0.00978371769 4.12016293
982 4045 9.7877172 0.0097877172 4.1191446
982 4045 9.78776949 0.00978776949 4.1191446
982 4046 9.7881359 0.0097881359 4.12016293
982 4046 9.78808474 0.00978808474 4.12016293
982 4046 9.78809978 0.00978809978 4.12016293
982 4046 9.78809507 0.00978809507 4.12016293
982 4046 9.78811337 0.00978811337 4.12016293
982 4046 9.78809495 0.00978809495 4.12016293
981 4037 9.78209907 0.00978209907 4.11518858
981 4035 9.78330156 0.00978330156 4.11314985
981 4035 9.78332225 0.00978332225 4.11314985
981 4035 9.78331511 0.00978331511 4.11314985
981 4035 9.78330097 0.00978330097 4.11314985
981 4035 9.78331359 0.00978331359 4.11314985
981 4035 9.78331959 0.00978331959 4.11314985
981 4035 9.78332322 0.00978332322 4.11314985
981 4035 9.78335324 0.00978335324 4.11314985
981 4035 9.78332954 0.00978332954 4.11314985
980 4025 9.77823559 0.00977823559 4.10714286
980 4021 9.77839168 0.00977839168 4.10306122
980 4021 9.77836556 0.00977836556 4.10306122
980 4021 9.77839824 0.00977839824 4.10306122
980 4021 9.77836925 0.00977836925 4.10306122
980 4021 9.77838658 0.00977838658 4.10306122
980 4021 9.77837159 0.00977837159 4.10306122
980 4021 9.77838998 0.00977838998 4.10306122
980 4021 9.77836982 0.00977836982 4.10306122
980 4021 9.77838603 0.00977838603 4.10306122
979 4014 9.77293043 0.00977293043 4.10010215
979 4012 9.7692961 0.0097692961 4.09805924
979 4019 9.77303939 0.00977303939 4.1052094
979 4012 9.77333299 0.00977333299 4.09805924
979 4012 9.77332881 0.00977332881 4.09805924
979 4012 9.77333085 0.00977333085 4.09805924
979 4012 9.7733146 0.0097733146 4.09805924
979 4012 9.77334538 0.00977334538 4.09805924
979 4012 9.77332411 0.00977332411 4.09805924
979 4012 9.77331064 0.00977331064 4.09805924
978 4002 9.76732869 0.00976732869 4.09202454
978 4005 9.76816262 0.00976816262 4.09509202
978 4005 9.76819673 0.00976819673 4.09509202
978 4005 9.76818722 0.00976818722 4.09509202
978 4001 9.76821897 0.00976821897 4.09100204
978 4001 9.76823532 0.00976823532 4.09100204
978 4001 9.76823911 0.00976823911 4.09100204
978 4001 9.76822564 0.00976822564 4.09100204
978 4001 9.76824136 0.00976824136 4.09100204
978 4001 9.76774709 0.00976774709 4.09100204
977 3994 9.76252172 0.00976252172 4.08802456
977 3994 9.76255617 0.00976255617 4.08802456
977 3992 9.76257918 0.00976257918 4.08597748
977 3992 9.76261218 0.00976261218 4.08597748
977 3992 9.76260965 0.00976260965 4.08597748
977 3992 9.76261126 0.00976261126 4.08597748
977 3992 9.76260266 0.00976260266 4.08597748
977 3992 9.76262524 0.00976262524 4.08597748
977 3992 9.76260253 0.00976260253 4.08597748
977 3992 9.76259972 0.00976259972 4.08597748
976 3981 9.75898951 0.00975898951 4.07889344
976 3981 9.75897766 0.00975897766 4.07889344
976 3981 9.75897224 0.00975897224 4.07889344
976 3981 9.7589945 0.0097589945 4.07889344
976 3981 9.75897119 0.00975897119 4.07889344
976 3981 9.75897749 0.00975897749 4.07889344
976 3981 9.75898744 0.00975898744 4.07889344
976 3981 9.75898399 0.00975898399 4.07889344
976 3981 9.75899233 0.00975899233 4.07889344
976 3981 9.75896072 0.00975896072 4.07889344
975 3974 9.7513747 0.0097513747 4.07589744
975 3979 9.75375752 0.00975375752 4.08102564
975 3979 9.7537562 0.0097537562 4.08102564
975 3979 9.75375287 0.00975375287 4.08102564
975 3979 9.75377194 0.00975377194 4.08102564
975 3979 9.75373083 0.00975373083 4.08102564
975 3979 9.75373084 0.00975373084 4.08102564
975 3979 9.75375429 0.00975375429 4.08102564
975 3979 9.75378679 0.00975378679 4.08102564
975 3979 9.75376489 0.00975376489 4.08102564
974 3972 9.7461909 0.0097461909 4.07802875
974 3966 9.74787071 0.00974787071 4.07186858
974 3966 9.74788597 0.00974788597 4.07186858
974 3966 9.74788789 0.00974788789 4.07186858
974 3966 9.74788745 0.00974788745 4.07186858
974 3966 9.74787726 0.00974787726 4.07186858
974 3966 9.74785879 0.00974785879 4.07186858
974 3971 9.74784484 0.00974784484 4.07700205
974 3971 9.74786737 0.00974786737 4.07700205
974 3972 9.74857419 0.00974857419 4.07802875
973 3959 9.74268912 0.00974268912 4.0688592
973 3959 9.74274551 0.00974274551 4.0688592
973 3965 9.74329468 0.00974329468 4.07502569
973 3963 9.74341117 0.00974341117 4.0729702
973 3963 9.74341555 0.00974341555 4.0729702
973 3963 9.74337526 0.00974337526 4.0729702
973 3963 9.74341535 0.00974341535 4.0729702
973 3963 9.74341389 0.00974341389 4.0729702
973 3963 9.74339684 0.00974339684 4.0729702
973 3963 9.74341141 0.00974341141 4.0729702
972 3956 9.73517786 0.00973517786 4.06995885
972 3950 9.73757999 0.00973757999 4.06378601
972 3950 9.73754857 0.00973754857 4.06378601
972 3950 9.73756136 0.00973756136 4.06378601
972 3950 9.73756662 0.00973756662 4.06378601
972 3950 9.73757601 0.00973757601 4.06378601
972 3950 9.73754856 0.00973754856 4.06378601
972 3950 9.73755036 0.00973755036 4.06378601
972 3950 9.73755395 0.00973755395 4.06378601
972 3950 9.73754836 0.00973754836 4.06378601
971 3940 9.73142626 0.00973142626 4.0576725
971 3942 9.73180443 0.00973180443 4.05973223
971 3942 9.73180243 0.00973180243 4.05973223
971 3942 9.73180342 0.00973180342 4.05973223
971 3948 9.73234739 0.00973234739 4.06591143
971 3948 9.73236187 0.00973236187 4.06591143
971 3948 9.73234811 0.00973234811 4.06591143
971 3948 9.73236031 0.00973236031 4.06591143
971 3948 9.73235606 0.00973235606 4.06591143
971 3948 9.73238356 0.00973238356 4.06591143
970 3939 9.72422403 0.00972422403 4.06082474
970 3935 9.72650093 0.00972650093 4.05670103
970 3935 9.72653728 0.00972653728 4.05670103
970 3935 9.72654487 0.00972654487 4.05670103
970 3935 9.72651237 0.00972651237 4.05670103
970 3935 9.72650552 0.00972650552 4.05670103
970 3935 9.72650989 0.00972650989 4.05670103
970 3935 9.72652723 0.00972652723 4.05670103
970 3935 9.72650428 0.00972650428 4.05670103
970 3935 9.72652552 0.00972652552 4.05670103
969 3931 9.71754153 0.00971754153 4.05675955
969 3928 9.71986159 0.00971986159 4.05366357
969 3928 9.71982433 0.00971982433 4.05366357
969 3931 9.72006148 0.00972006148 4.05675955
969 3931 9.72038534 0.00972038534 4.05675955
969 3931 9.72040308 0.00972040308 4.05675955
969 3931 9.72038814 0.00972038814 4.05675955
969 3931 9.72040153 0.00972040153 4.05675955
969 3931 9.72037908 0.00972037908 4.05675955
969 3931 9.72037555 0.00972037555 4.05675955
968 3923 9.71172364 0.00971172364 4.05268595
968 3922 9.71227219 0.00971227219 4.05165289
968 3922 9.71229246 0.00971229246 4.05165289
968 3924 9.71380154 0.00971380154 4.05371901
968 3927 9.7139973 0.0097139973 4.05681818
968 3927 9.71398746 0.00971398746 4.05681818
968 3927 9.71398629 0.00971398629 4.05681818
968 3927 9.71400259 0.00971400259 4.05681818
968 3927 9.71398259 0.00971398259 4.05681818
968 3927 9.71399958 0.00971399958 4.05681818
967 3920 9.70747591 0.00970747591 4.05377456
967 3920 9.70755417 0.00970755417 4.05377456
967 3920 9.70747047 0.00970747047 4.05377456
967 3920 9.7074954 0.0097074954 4.05377456
967 3920 9.70749025 0.00970749025 4.05377456
967 3920 9.70749601 0.00970749601 4.05377456
967 3920 9.70748469 0.00970748469 4.05377456
967 3920 9.70749495 0.00970749495 4.05377456
967 3917 9.70789781 0.00970789781 4.05067218
967 3917 9.70789387 0.00970789387 4.05067218
966 3908 9.69984791 0.00969984791 4.04554865
966 3908 9.69979507 0.00969979507 4.04554865
966 3908 9.69987446 0.00969987446 4.04554865
966 3908 9.6997999 0.0096997999 4.04554865
966 3906 9.7003609 0.0097003609 4.04347826
966 3906 9.70033173 0.00970033173 4.04347826
966 3906 9.70033249 0.00970033249 4.04347826
966 3906 9.7003416 0.0097003416 4.04347826
966 3910 9.70142099 0.00970142099 4.04761905
966 3910 9.70141399 0.00970141399 4.04761905
965 3906 9.69283083 0.00969283083 4.04766839
965 3906 9.69276442 0.00969276442 4.04766839
965 3906 9.69284552 0.00969284552 4.04766839
965 3899 9.69386255 0.00969386255 4.04041451
965 3901 9.69400947 0.00969400947 4.04248705
965 3901 9.69399973 0.00969399973 4.04248705
965 3901 9.69399991 0.00969399991 4.04248705
965 3901 9.69400525 0.00969400525 4.04248705
965 3901 9.69398616 0.00969398616 4.04248705
965 3901 9.69400169 0.00969400169 4.04248705
964 3890 9.68646542 0.00968646542 4.03526971
964 3890 9.68643813 0.00968643813 4.03526971
964 3890 9.68649839 0.00968649839 4.03526971
964 3890 9.68644981 0.00968644981 4.03526971
964 3890 9.68643879 0.00968643879 4.03526971
964 3890 9.68645483 0.00968645483 4.03526971
964 3890 9.68643895 0.00968643895 4.03526971
964 3890 9.6864859 0.0096864859 4.03526971
964 3890 9.6864294 0.0096864294 4.03526971
964 3890 9.68641832 0.00968641832 4.03526971
963 3883 9.67824587 0.00967824587 4.03219107
963 3883 9.67820096 0.00967820096 4.03219107
963 3883 9.67824241 0.00967824241 4.03219107
963 3883 9.67826852 0.00967826852 4.03219107
963 3883 9.67819099 0.00967819099 4.03219107
963 3883 9.67818775 0.00967818775 4.03219107
963 3883 9.67818686 0.00967818686 4.03219107
963 3881 9.67847486 0.00967847486 4.03011423
963 3881 9.67847722 0.00967847722 4.03011423
963 3881 9.6784638 0.0096784638 4.03011423
962 3871 9.66747581 0.00966747581 4.02390852
962 3871 9.66742603 0.00966742603 4.02390852
962 3874 9.67025581 0.00967025581 4.02702703
962 3874 9.67026867 0.00967026867 4.02702703
962 3874 9.67020411 0.00967020411 4.02702703
962 3874 9.67019542 0.00967019542 4.02702703
962 3874 9.67024417 0.00967024417 4.02702703
962 3874 9.67026004 0.00967026004 4.02702703
962 3874 9.67015456 0.00967015456 4.02702703
962 3874 9.67070642 0.00967070642 4.02702703
961 3871 9.65939517 0.00965939517 4.02809573
961 3866 9.6628947 0.0096628947 4.02289282
961 3866 9.66283248 0.00966283248 4.02289282
961 3866 9.6629021 0.0096629021 4.02289282
961 3866 9.66292841 0.00966292841 4.02289282
961 3866 9.66291285 0.00966291285 4.02289282
961 3866 9.66286638 0.00966286638 4.02289282
961 3866 9.66287139 0.00966287139 4.02289282
961 3866 9.66286214 0.00966286214 4.02289282
961 3866 9.66287811 0.00966287811 4.02289282
960 3863 9.65133214 0.00965133214 4.02395833
960 3862 9.65185323 0.00965185323 4.02291667
960 3862 9.65190287 0.00965190287 4.02291667
959 3856 9.64174049 0.00964174049 4.02085506
959 3858 9.64344092 0.00964344092 4.02294056
959 3858 9.6433453 0.0096433453 4.02294056
959 3858 9.64335436 0.00964335436 4.02294056
959 3858 9.6434483 0.0096434483 4.02294056
959 3858 9.64345938 0.00964345938 4.02294056
959 3858 9.64332993 0.00964332993 4.02294056
958 3853 9.63147978 0.00963147978 4.02192067
958 3847 9.63385232 0.00963385232 4.01565762
958 3847 9.63391905 0.00963391905 4.01565762
958 3847 9.63390564 0.00963390564 4.01565762
958 3847 9.63389124 0.00963389124 4.01565762
958 3847 9.6338781 0.0096338781 4.01565762
958 3847 9.63385816 0.00963385816 4.01565762
958 3847 9.63388923 0.00963388923 4.01565762
958 3847 9.63382868 0.00963382868 4.01565762
958 3847 9.63384411 0.00963384411 4.01565762
957 3837 9.62285416 0.00962285416 4.00940439
957 3840 9.62375037 0.00962375037 4.01253918
957 3841 9.62385864 0.00962385864 4.01358412
957 3845 9.62499536 0.00962499536 4.01776385
957 3845 9.62497074 0.00962497074 4.01776385
957 3845 9.62502751 0.00962502751 4.01776385
957 3840 9.62568874 0.00962568874 4.01253918
957 3840 9.62562793 0.00962562793 4.01253918
957 3840 9.62569704 0.00962569704 4.01253918
957 3840 9.62560846 0.00962560846 4.01253918
956 3830 9.61453593 0.00961453593 4.00627615
956 3833 9.6155043 0.0096155043 4.00941423
956 3833 9.61536343 0.00961536343 4.00941423
956 3834 9.61360985 0.00961360985 4.01046025
956 3834 9.61356378 0.00961356378 4.01046025
956 3834 9.61356146 0.00961356146 4.01046025
956 3834 9.61360419 0.00961360419 4.01046025
956 3834 9.61353739 0.00961353739 4.01046025
956 3837 9.60830608 0.00960830608 4.01359833
956 3842 9.60951761 0.00960951761 4.01882845
955 3834 9.60553709 0.00960553709 4.01465969
955 3834 9.60556279 0.00960556279 4.01465969
955 3834 9.60557964 0.00960557964 4.01465969
955 3827 9.60506087 0.00960506087 4.00732984
955 3827 9.60504035 0.00960504035 4.00732984
955 3831 9.60566773 0.00960566773 4.01151832
955 3831 9.60565983 0.00960565983 4.01151832
954 3825 9.6035298 0.0096035298 4.00943396
954 3825 9.60353702 0.00960353702 4.00943396
954 3825 9.60350344 0.00960350344 4.00943396
953 3814 9.59383859 0.00959383859 4.00209864
953 3814 9.59382387 0.00959382387 4.00209864
953 3814 9.5966299 0.0095966299 4.00209864
953 3814 9.59649727 0.00959649727 4.00209864
953 3814 9.59653751 0.00959653751 4.00209864
953 3814 9.59653917 0.00959653917 4.00209864
953 3814 9.59657231 0.00959657231 4.00209864
953 3817 9.59694141 0.00959694141 4.00524659
953 3817 9.59684059 0.00959684059 4.00524659
953 3817 9.59686038 0.00959686038 4.00524659
952 3809 9.58596588 0.00958596588 4.00105042
952 3809 9.5859819 0.0095859819 4.00105042
952 3809 9.58601268 0.00958601268 4.00105042
952 3810 9.58861933 0.00958861933 4.00210084
952 3810 9.58860427 0.00958860427 4.00210084
952 3810 9.58859816 0.00958859816 4.00210084
952 3810 9.58862792 0.00958862792 4.00210084
952 3810 9.58863651 0.00958863651 4.00210084
952 3810 9.58860453 0.00958860453 4.00210084
952 3810 9.5886196 0.0095886196 4.00210084
951 3802 9.5776266 0.0095776266 3.99789695
951 3802 9.57772735 0.00957772735 3.99789695
951 3799 9.57905441 0.00957905441 3.99474238
951 3799 9.57902011 0.00957902011 3.99474238
951 3799 9.57900213 0.00957900213 3.99474238
951 3799 9.57902218 0.00957902218 3.99474238
951 3799 9.57897803 0.00957897803 3.99474238
951 3799 9.57898963 0.00957898963 3.99474238
951 3799 9.57907954 0.00957907954 3.99474238
951 3799 9.57902593 0.00957902593 3.99474238
950 3796 9.56769982 0.00956769982 3.99578947
950 3792 9.56806637 0.00956806637 3.99157895
950 3792 9.56810149 0.00956810149 3.99157895
950 3792 9.56801418 0.00956801418 3.99157895
950 3792 9.56802353 0.00956802353 3.99157895
950 3792 9.56804152 0.00956804152 3.99157895
950 3792 9.56810058 0.00956810058 3.99157895
950 3792 9.56806187 0.00956806187 3.99157895
950 3792 9.56802161 0.00956802161 3.99157895
950 3791 9.56817266 0.00956817266 3.99052632
949 3784 9.55721655 0.00955721655 3.98735511
949 3784 9.55725208 0.00955725208 3.98735511
949 3781 9.55717913 0.00955717913 3.98419389
949 3781 9.55719453 0.00955719453 3.98419389
949 3781 9.55720431 0.00955720431 3.98419389
949 3781 9.55717898 0.00955717898 3.98419389
949 3781 9.55724168 0.00955724168 3.98419389
949 3781 9.5571906 0.0095571906 3.98419389
949 3781 9.55728487 0.00955728487 3.98419389
949 3781 9.5572077 0.0095572077 3.98419389
948 3774 9.54381157 0.00954381157 3.98101266
948 3776 9.54537318 0.00954537318 3.98312236
948 3776 9.54540053 0.00954540053 3.98312236
948 3776 9.54544655 0.00954544655 3.98312236
948 3778 9.54612537 0.00954612537 3.98523207
948 3778 9.54605967 0.00954605967 3.98523207
948 3778 9.54607336 0.00954607336 3.98523207
948 3778 9.5461243 0.0095461243 3.98523207
948 3778 9.54604182 0.00954604182 3.98523207
948 3778 9.54613351 0.00954613351 3.98523207
947 3770 9.53183379 0.00953183379 3.98099261
947 3770 9.53177789 0.00953177789 3.98099261
947 3775 9.53469908 0.00953469908 3.98627244
947 3775 9.53472043 0.00953472043 3.98627244
947 3775 9.53465078 0.00953465078 3.98627244
947 3766 9.53629639 0.00953629639 3.97676874
947 3766 9.53631007 0.00953631007 3.97676874
947 3766 9.536241 0.009536241 3.97676874
947 3766 9.53630029 0.00953630029 3.97676874
947 3766 9.53616426 0.00953616426 3.97676874
946 3762 9.52172263 0.00952172263 3.97674419
946 3763 9.52488536 0.00952488536 3.97780127
946 3763 9.52493527 0.00952493527 3.97780127
946 3763 9.52487463 0.00952487463 3.97780127
946 3763 9.5250129 0.0095250129 3.97780127
946 3763 9.52495544 0.00952495544 3.97780127
946 3763 9.52494028 0.00952494028 3.97780127
946 3763 9.52484961 0.00952484961 3.97780127
946 3763 9.52493767 0.00952493767 3.97780127
946 3763 9.52496942 0.00952496942 3.97780127
945 3753 9.51334258 0.00951334258 3.97142857
945 3753 9.51318893 0.00951318893 3.97142857
945 3758 9.51358369 0.00951358369 3.97671958
945 3758 9.51357258 0.00951357258 3.97671958
945 3758 9.51359271 0.00951359271 3.97671958
945 3758 9.51351132 0.00951351132 3.97671958
945 3758 9.51353767 0.00951353767 3.97671958
945 3758 9.51356516 0.00951356516 3.97671958
945 3758 9.51356143 0.00951356143 3.97671958
945 3758 9.51360413 0.00951360413 3.97671958
944 3748 9.50204417 0.00950204417 3.97033898
944 3748 9.50204373 0.00950204373 3.97033898
944 3748 9.50191352 0.00950191352 3.97033898
944 3748 9.5020513 0.0095020513 3.97033898
944 3748 9.5021 0.0095021 3.97033898
944 3748 9.50209474 0.00950209474 3.97033898
944 3748 9.50202291 0.00950202291 3.97033898
944 3748 9.50193089 0.00950193089 3.97033898
944 3751 9.50271329 0.00950271329 3.97351695
944 3751 9.50254633 0.00950254633 3.97351695
943 3741 9.48766209 0.00948766209 3.96712619
943 3747 9.4884856 0.0094884856 3.97348887
943 3747 9.48830677 0.00948830677 3.97348887
943 3744 9.48935781 0.00948935781 3.97030753
943 3744 9.4892753 0.0094892753 3.97030753
943 3744 9.48934886 0.00948934886 3.97030753
943 3744 9.48925845 0.00948925845 3.97030753
943 3741 9.49098481 0.00949098481 3.96712619
943 3741 9.49100109 0.00949100109 3.96712619
943 3741 9.4909092 0.0094909092 3.96712619
942 3735 9.47609525 0.00947609525 3.96496815
942 3735 9.47615652 0.00947615652 3.96496815
942 3729 9.47902266 0.00947902266 3.95859873
942 3729 9.47899209 0.00947899209 3.95859873
942 3729 9.47906064 0.00947906064 3.95859873
942 3729 9.47903438 0.00947903438 3.95859873
942 3729 9.47905051 0.00947905051 3.95859873
942 3729 9.47894246 0.00947894246 3.95859873
942 3729 9.47899094 0.00947899094 3.95859873
942 3729 9.47897662 0.00947897662 3.95859873
941 3725 9.46499418 0.00946499418 3.95855473
941 3722 9.46581075 0.00946581075 3.95536663
941 3722 9.46590686 0.00946590686 3.95536663
941 3722 9.46591671 0.00946591671 3.95536663
941 3722 9.46595849 0.00946595849 3.95536663
941 3722 9.46600159 0.00946600159 3.95536663
941 3722 9.46601637 0.00946601637 3.95536663
941 3722 9.46590718 0.00946590718 3.95536663
941 3722 9.46589546 0.00946589546 3.95536663
941 3722 9.46584216 0.00946584216 3.95536663
940 3714 9.45184235 0.00945184235 3.95106383
940 3714 9.45176105 0.00945176105 3.95106383
940 3714 9.45174271 0.00945174271 3.95106383
940 3713 9.45219985 0.00945219985 3.95
940 3713 9.45222447 0.00945222447 3.95
940 3713 9.45215967 0.00945215967 3.95
940 3713 9.45213143 0.00945213143 3.95
940 3713 9.4521758 0.0094521758 3.95
940 3713 9.45208743 0.00945208743 3.95
940 3713 9.45217536 0.00945217536 3.95
939 3709 9.43836277 0.00943836277 3.94994675
939 3709 9.4383761 0.0094383761 3.94994675
939 3709 9.43838639 0.00943838639 3.94994675
939 3709 9.4383378 0.0094383378 3.94994675
939 3709 9.43841191 0.00943841191 3.94994675
939 3709 9.43829771 0.00943829771 3.94994675
939 3707 9.43847966 0.00943847966 3.94781683
939 3707 9.43848939 0.00943848939 3.94781683
939 3709 9.43834605 0.00943834605 3.94994675
939 3709 9.43837561 0.00943837561 3.94994675
938 3699 9.42255075 0.00942255075 3.9434968
938 3701 9.42414612 0.00942414612 3.945629
938 3703 9.42490262 0.00942490262 3.94776119
938 3703 9.42487856 0.00942487856 3.94776119
938 3703 9.42483831 0.00942483831 3.94776119
938 3703 9.4249362 0.0094249362 3.94776119
938 3703 9.42486883 0.00942486883 3.94776119
938 3703 9.42484125 0.00942484125 3.94776119
938 3703 9.42486881 0.00942486881 3.94776119
938 3703 9.42485555 0.00942485555 3.94776119
937 3697 9.40879473 0.00940879473 3.94557097
937 3697 9.40849088 0.00940849088 3.94557097
937 3693 9.40932573 0.00940932573 3.94130203
937 3697 9.40965438 0.00940965438 3.94557097
937 3697 9.40967915 0.00940967915 3.94557097
937 3697 9.40969295 0.00940969295 3.94557097
937 3697 9.40969649 0.00940969649 3.94557097
937 3694 9.41056267 0.00941056267 3.94236926
937 3694 9.41049007 0.00941049007 3.94236926
937 3695 9.4104926 0.0094104926 3.9434365
936 3685 9.39570273 0.00939570273 3.93696581
936 3686 9.39594654 0.00939594654 3.93803419
936 3686 9.39606934 0.00939606934 3.93803419
936 3686 9.39600608 0.00939600608 3.93803419
936 3686 9.39594275 0.00939594275 3.93803419
936 3686 9.39607437 0.00939607437 3.93803419
936 3686 9.39604102 0.00939604102 3.93803419
936 3686 9.39602168 0.00939602168 3.93803419
936 3686 9.39598789 0.00939598789 3.93803419
936 3686 9.39594398 0.00939594398 3.93803419
935 3680 9.3796674 0.0093796674 3.93582888
935 3678 9.3807417 0.0093807417 3.93368984
935 3680 9.3823681 0.0093823681 3.93582888
935 3680 9.38220061 0.00938220061 3.93582888
935 3680 9.38231777 0.00938231777 3.93582888
935 3680 9.38242321 0.00938242321 3.93582888
935 3680 9.38233306 0.00938233306 3.93582888
935 3682 9.38599951 0.00938599951 3.93796791
935 3683 9.38644603 0.00938644603 3.93903743
935 3683 9.38642375 0.00938642375 3.93903743
934 3675 9.36905811 0.00936905811 3.93468951
934 3673 9.37158542 0.00937158542 3.93254818
934 3673 9.37158925 0.00937158925 3.93254818
934 3673 9.37158287 0.00937158287 3.93254818
934 3673 9.37165907 0.00937165907 3.93254818
934 3675 9.37166109 0.00937166109 3.93468951
934 3671 9.37834771 0.00937834771 3.93040685
934 3671 9.37838373 0.00937838373 3.93040685
934 3671 9.37833285 0.00937833285 3.93040685
934 3671 9.37834938 0.00937834938 3.93040685
933 3663 9.36299521 0.00936299521 3.92604502
933 3663 9.36296456 0.00936296456 3.92604502
933 3663 9.36291258 0.00936291258 3.92604502
933 3663 9.36302379 0.00936302379 3.92604502
933 3663 9.36309554 0.00936309554 3.92604502
933 3663 9.36303181 0.00936303181 3.92604502
933 3663 9.36594975 0.00936594975 3.92604502
933 3663 9.36586739 0.00936586739 3.92604502
933 3663 9.36600577 0.00936600577 3.92604502
933 3663 9.36603328 0.00936603328 3.92604502
932 3657 9.34886183 0.00934886183 3.92381974
932 3654 9.35375567 0.00935375567 3.92060086
932 3654 9.35376942 0.00935376942 3.92060086
932 3650 9.35035974 0.00935035974 3.91630901
932 3650 9.35032513 0.00935032513 3.91630901
932 3650 9.35026571 0.00935026571 3.91630901
932 3650 9.35047749 0.00935047749 3.91630901
932 3648 9.35515384 0.00935515384 3.91416309
932 3648 9.35519023 0.00935519023 3.91416309
932 3653 9.35472208 0.00935472208 3.9195279
931 3648 9.33941893 0.00933941893 3.91836735
931 3645 9.33919783 0.00933919783 3.91514501
931 3647 9.34057668 0.00934057668 3.91729323
931 3644 9.34213659 0.00934213659 3.91407089
931 3644 9.34209663 0.00934209663 3.91407089
931 3644 9.34217391 0.00934217391 3.91407089
931 3644 9.34223034 0.00934223034 3.91407089
931 3644 9.34214193 0.00934214193 3.91407089
931 3644 9.34208656 0.00934208656 3.91407089
931 3644 9.34219563 0.00934219563 3.91407089
930 3636 9.32763719 0.00932763719 3.90967742
930 3636 9.32758741 0.00932758741 3.90967742
930 3638 9.3276845 0.0093276845 3.91182796
930 3635 9.31949196 0.00931949196 3.90860215
930 3635 9.31935076 0.00931935076 3.90860215
930 3635 9.31944283 0.00931944283 3.90860215
930 3635 9.31940927 0.00931940927 3.90860215
930 3635 9.31938769 0.00931938769 3.90860215
930 3635 9.33174368 0.00933174368 3.90860215
930 3635 9.33180516 0.00933180516 3.90860215
929 3627 9.31767476 0.00931767476 3.90419806
929 3629 9.3194278 0.0093194278 3.90635091
929 3629 9.31941478 0.00931941478 3.90635091
929 3629 9.31932975 0.00931932975 3.90635091
929 3629 9.31934892 0.00931934892 3.90635091
929 3629 9.31935973 0.00931935973 3.90635091
929 3629 9.31932784 0.00931932784 3.90635091
929 3629 9.31934954 0.00931934954 3.90635091
929 3629 9.3195491 0.0093195491 3.90635091
929 3629 9.3193989 0.0093193989 3.90635091
928 3624 9.30535187 0.00930535187 3.90517241
928 3624 9.30528876 0.00930528876 3.90517241
928 3624 9.30541192 0.00930541192 3.90517241
928 3624 9.30524832 0.00930524832 3.90517241
928 3624 9.3053145 0.0093053145 3.90517241
928 3624 9.30542423 0.00930542423 3.90517241
928 3624 9.30541668 0.00930541668 3.90517241
928 3624 9.30538823 0.00930538823 3.90517241
928 3624 9.30534177 0.00930534177 3.90517241
928 3624 9.30545188 0.00930545188 3.90517241
927 3619 9.29061069 0.00929061069 3.90399137
927 3618 9.29154211 0.00929154211 3.90291262
927 3618 9.29149854 0.00929149854 3.90291262
927 3618 9.29150513 0.00929150513 3.90291262
927 3618 9.29147551 0.00929147551 3.90291262
927 3618 9.29150982 0.00929150982 3.90291262
927 3618 9.2914701 0.0092914701 3.90291262
927 3618 9.29147285 0.00929147285 3.90291262
927 3618 9.29143423 0.00929143423 3.90291262
927 3618 9.29153514 0.00929153514 3.90291262
926 3613 9.27510943 0.00927510943 3.90172786
926 3613 9.27672693 0.00927672693 3.90172786
926 3613 9.27680796 0.00927680796 3.90172786
926 3613 9.27676233 0.00927676233 3.90172786
926 3613 9.27686877 0.00927686877 3.90172786
926 3613 9.27679856 0.00927679856 3.90172786
926 3613 9.27666804 0.00927666804 3.90172786
926 3612 9.27724284 0.00927724284 3.90064795
926 3612 9.27733293 0.00927733293 3.90064795
926 3612 9.27723861 0.00927723861 3.90064795
925 3607 9.26269075 0.00926269075 3.89945946
925 3607 9.26265789 0.00926265789 3.89945946
925 3606 9.26295707 0.00926295707 3.89837838
925 3606 9.2631145 0.0092631145 3.89837838
925 3606 9.26288119 0.00926288119 3.89837838
925 3606 9.26300436 0.00926300436 3.89837838
925 3606 9.26302634 0.00926302634 3.89837838
925 3606 9.26294951 0.00926294951 3.89837838
925 3604 9.26051821 0.00926051821 3.89621622
925 3603 9.26736669 0.00926736669 3.89513514
924 3598 9.25351563 0.00925351563 3.89393939
924 3598 9.25345938 0.00925345938 3.89393939
924 3598 9.25357255 0.00925357255 3.89393939
924 3598 9.25350803 0.00925350803 3.89393939
924 3598 9.25350389 0.00925350389 3.89393939
924 3598 9.25350732 0.00925350732 3.89393939
924 3598 9.25349714 0.00925349714 3.89393939
924 3598 9.25360823 0.00925360823 3.89393939
924 3598 9.25347852 0.00925347852 3.89393939
924 3598 9.25357608 0.00925357608 3.89393939
923 3587 9.2379735 0.0092379735 3.88624052
923 3587 9.23786488 0.00923786488 3.88624052
923 3587 9.23795096 0.00923795096 3.88624052
923 3587 9.23778728 0.00923778728 3.88624052
923 3587 9.23806114 0.00923806114 3.88624052
923 3591 9.23821954 0.00923821954 3.89057421
923 3591 9.23814043 0.00923814043 3.89057421
923 3590 9.2390912 0.0092390912 3.88949079
923 3590 9.23899321 0.00923899321 3.88949079
923 3590 9.23909803 0.00923909803 3.88949079
922 3584 9.22085441 0.00922085441 3.88720174
922 3585 9.22241154 0.00922241154 3.88828633
922 3585 9.22226722 0.00922226722 3.88828633
922 3585 9.22249342 0.00922249342 3.88828633
922 3583 9.22376808 0.00922376808 3.88611714
922 3585 9.22462944 0.00922462944 3.88828633
922 3585 9.2247253 0.0092247253 3.88828633
922 3585 9.22477174 0.00922477174 3.88828633
922 3585 9.22459795 0.00922459795 3.88828633
922 3585 9.22473973 0.00922473973 3.88828633
921 3579 9.20659596 0.00920659596 3.88599349
921 3580 9.20828992 0.00920828992 3.88707926
921 3574 9.20968656 0.00920968656 3.8805646
921 3574 9.20971594 0.00920971594 3.8805646
921 3574 9.20959122 0.00920959122 3.8805646
921 3574 9.20974344 0.00920974344 3.8805646
921 3574 9.20966488 0.00920966488 3.8805646
921 3574 9.20964425 0.00920964425 3.8805646
921 3574 9.20956293 0.00920956293 3.8805646
921 3574 9.20963436 0.00920963436 3.8805646
920 3567 9.19445414 0.00919445414 3.87717391
920 3567 9.19447876 0.00919447876 3.87717391
920 3567 9.19451829 0.00919451829 3.87717391
920 3567 9.1943368 0.0091943368 3.87717391
920 3567 9.1944856 0.0091944856 3.87717391
920 3567 9.19455042 0.00919455042 3.87717391
920 3567 9.19444132 0.00919444132 3.87717391
920 3567 9.19456429 0.00919456429 3.87717391
920 3567 9.19457091 0.00919457091 3.87717391
920 3567 9.19450882 0.00919450882 3.87717391
919 3557 9.17544961 0.00917544961 3.87051143
919 3557 9.17536146 0.00917536146 3.87051143
919 3561 9.17554256 0.00917554256 3.87486398
919 3561 9.1756569 0.0091756569 3.87486398
919 3561 9.17556991 0.00917556991 3.87486398
919 3561 9.17557267 0.00917557267 3.87486398
919 3557 9.17602042 0.00917602042 3.87051143
919 3561 9.17225454 0.00917225454 3.87486398
919 3561 9.17209477 0.00917209477 3.87486398
919 3561 9.17202971 0.00917202971 3.87486398
918 3551 9.15298209 0.00915298209 3.86819172
918 3555 9.15309114 0.00915309114 3.87254902
918 3556 9.15508527 0.00915508527 3.87363834
918 3556 9.15463588 0.00915463588 3.87363834
918 3556 9.15505913 0.00915505913 3.87363834
918 3551 9.16005159 0.00916005159 3.86819172
918 3551 9.16013219 0.00916013219 3.86819172
918 3551 9.16017919 0.00916017919 3.86819172
918 3551 9.16017187 0.00916017187 3.86819172
918 3551 9.159907 0.009159907 3.86819172
917 3543 9.14237449 0.00914237449 3.86368593
917 3543 9.14232719 0.00914232719 3.86368593
917 3543 9.13195671 0.00913195671 3.86368593
917 3543 9.14234471 0.00914234471 3.86368593
917 3543 9.14236364 0.00914236364 3.86368593
917 3543 9.14220712 0.00914220712 3.86368593
917 3543 9.14242739 0.00914242739 3.86368593
917 3543 9.14225545 0.00914225545 3.86368593
917 3543 9.14221694 0.00914221694 3.86368593
917 3543 9.14228777 0.00914228777 3.86368593
916 3537 9.1243137 0.0091243137 3.86135371
916 3537 9.12418387 0.00912418387 3.86135371
916 3537 9.12431896 0.00912431896 3.86135371
916 3537 9.12439776 0.00912439776 3.86135371
916 3535 9.12606047 0.00912606047 3.85917031
916 3535 9.12601914 0.00912601914 3.85917031
916 3535 9.12592529 0.00912592529 3.85917031
916 3535 9.12585741 0.00912585741 3.85917031
916 3535 9.12598726 0.00912598726 3.85917031
916 3535 9.12583405 0.00912583405 3.85917031
915 3529 9.10693861 0.00910693861 3.8568306
915 3532 9.1100788 0.0091100788 3.86010929
915 3532 9.10999681 0.00910999681 3.86010929
915 3532 9.10998893 0.00910998893 3.86010929
915 3530 9.11107712 0.00911107712 3.8579235
915 3530 9.11121731 0.00911121731 3.8579235
915 3535 9.10962539 0.00910962539 3.86338798
915 3535 9.10950728 0.00910950728 3.86338798
915 3535 9.10954939 0.00910954939 3.86338798
915 3535 9.10954128 0.00910954128 3.86338798
914 3531 9.08894292 0.00908894292 3.86323851
914 3529 9.09183891 0.00909183891 3.86105033
914 3529 9.09186238 0.00909186238 3.86105033
914 3527 9.09529018 0.00909529018 3.85886214
914 3527 9.09517044 0.00909517044 3.85886214
914 3527 9.09504729 0.00909504729 3.85886214
914 3527 9.09516274 0.00909516274 3.85886214
914 3527 9.0952762 0.0090952762 3.85886214
914 3527 9.09520999 0.00909520999 3.85886214
914 3527 9.09521081 0.00909521081 3.85886214
913 3519 9.07646413 0.00907646413 3.8543264
913 3519 9.0764764 0.0090764764 3.8543264
913 3519 9.0764781 0.0090764781 3.8543264
913 3521 9.07789554 0.00907789554 3.85651698
913 3521 9.07792848 0.00907792848 3.85651698
913 3521 9.07783228 0.00907783228 3.85651698
913 3521 9.07771582 0.00907771582 3.85651698
913 3521 9.07780959 0.00907780959 3.85651698
913 3521 9.07787279 0.00907787279 3.85651698
913 3521 9.07782247 0.00907782247 3.85651698
912 3517 9.0569775 0.0090569775 3.85635965
912 3515 9.05810732 0.00905810732 3.85416667
912 3515 9.05993178 0.00905993178 3.85416667
912 3515 9.06008091 0.00906008091 3.85416667
912 3515 9.06013349 0.00906013349 3.85416667
912 3515 9.05994796 0.00905994796 3.85416667
912 3515 9.06003893 0.00906003893 3.85416667
912 3515 9.06023096 0.00906023096 3.85416667
912 3515 9.06019912 0.00906019912 3.85416667
912 3515 9.06014414 0.00906014414 3.85416667
911 3509 9.04062983 0.00904062983 3.8518112
911 3509 9.04076961 0.00904076961 3.8518112
911 3505 9.0415094 0.0090415094 3.84742042
911 3505 9.04160459 0.00904160459 3.84742042
911 3505 9.04168434 0.00904168434 3.84742042
911 3505 9.04182966 0.00904182966 3.84742042
911 3505 9.04170532 0.00904170532 3.84742042
911 3505 9.04164805 0.00904164805 3.84742042
911 3505 9.04157854 0.00904157854 3.84742042
911 3505 9.04152017 0.00904152017 3.84742042
910 3497 9.02202723 0.00902202723 3.84285714
910 3499 9.02251984 0.00902251984 3.84505495
910 3498 9.02255185 0.00902255185 3.84395604
910 3498 9.0224464 0.0090224464 3.84395604
910 3498 9.02255817 0.00902255817 3.84395604
910 3498 9.02264638 0.00902264638 3.84395604
910 3498 9.02251419 0.00902251419 3.84395604
910 3498 9.02256523 0.00902256523 3.84395604
910 3498 9.02266261 0.00902266261 3.84395604
910 3498 9.02246454 0.00902246454 3.84395604
909 3495 9.00174848 0.00900174848 3.84488449
909 3494 9.00305791 0.00900305791 3.84378438
909 3492 9.00410664 0.00900410664 3.84158416
909 3492 9.00414202 0.00900414202 3.84158416
909 3492 9.00408415 0.00900408415 3.84158416
909 3492 9.00422096 0.00900422096 3.84158416
909 3492 9.00414141 0.00900414141 3.84158416
909 3492 9.00408105 0.00900408105 3.84158416
909 3492 9.00405322 0.00900405322 3.84158416
909 3492 9.00407389 0.00900407389 3.84158416
908 3488 8.98414676 0.00898414676 3.84140969
908 3488 8.98426412 0.00898426412 3.84140969
908 3484 8.98514558 0.00898514558 3.83700441
908 3484 8.98516194 0.00898516194 3.83700441
908 3484 8.98505188 0.00898505188 3.83700441
908 3484 8.98517374 0.00898517374 3.83700441
908 3484 8.98526104 0.00898526104 3.83700441
908 3484 8.98521839 0.00898521839 3.83700441
908 3484 8.9852371 0.0089852371 3.83700441
908 3484 8.98511475 0.00898511475 3.83700441
907 3475 8.96443275 0.00896443275 3.83131202
907 3480 8.96512905 0.00896512905 3.8368247
907 3481 8.9646696 0.0089646696 3.83792723
907 3476 8.96573279 0.00896573279 3.83241455
907 3476 8.96581267 0.00896581267 3.83241455
907 3476 8.96591475 0.00896591475 3.83241455
907 3476 8.96568085 0.00896568085 3.83241455
907 3476 8.96580377 0.00896580377 3.83241455
907 3476 8.96588886 0.00896588886 3.83241455
907 3476 8.96584278 0.00896584278 3.83241455
906 3467 8.94509638 0.00894509638 3.82671082
906 3472 8.94617815 0.00894617815 3.83222958
906 3472 8.94639743 0.00894639743 3.83222958
906 3472 8.94628119 0.00894628119 3.83222958
906 3470 8.94614701 0.00894614701 3.83002208
906 3470 8.94619766 0.00894619766 3.83002208
906 3470 8.94620923 0.00894620923 3.83002208
906 3470 8.94627516 0.00894627516 3.83002208
906 3470 8.94621308 0.00894621308 3.83002208
906 3470 8.94621657 0.00894621657 3.83002208
905 3461 8.92603374 0.00892603374 3.82430939
905 3466 8.92686696 0.00892686696 3.82983425
905 3464 8.92640257 0.00892640257 3.82762431
905 3464 8.9264579 0.0089264579 3.82762431
905 3464 8.92647331 0.00892647331 3.82762431
905 3466 8.92675667 0.00892675667 3.82983425
905 3468 8.92622724 0.00892622724 3.8320442
905 3468 8.92627689 0.00892627689 3.8320442
905 3468 8.92605549 0.00892605549 3.8320442
905 3468 8.92643371 0.00892643371 3.8320442
904 3462 8.90722322 0.00890722322 3.82964602
904 3462 8.90720118 0.00890720118 3.82964602
904 3459 8.90440321 0.00890440321 3.82632743
904 3459 8.90437189 0.00890437189 3.82632743
904 3457 8.90450758 0.00890450758 3.82411504
904 3457 8.90445013 0.00890445013 3.82411504
904 3459 8.90885018 0.00890885018 3.82632743
904 3463 8.90936422 0.00890936422 3.83075221
904 3463 8.90939829 0.00890939829 3.83075221
904 3463 8.9092556 0.0089092556 3.83075221
903 3456 8.88836195 0.00888836195 3.82724252
903 3454 8.88906123 0.00888906123 3.82502769
903 3454 8.88898251 0.00888898251 3.82502769
903 3454 8.88877428 0.00888877428 3.82502769
903 3456 8.88979191 0.00888979191 3.82724252
903 3456 8.88942998 0.00888942998 3.82724252
903 3456 8.88946554 0.00888946554 3.82724252
903 3456 8.88955606 0.00888955606 3.82724252
903 3456 8.88949138 0.00888949138 3.82724252
903 3456 8.88957446 0.00888957446 3.82724252
902 3447 8.86976354 0.00886976354 3.82150776
902 3450 8.86968051 0.00886968051 3.8248337
902 3450 8.86981439 0.00886981439 3.8248337
902 3450 8.86971564 0.00886971564 3.8248337
902 3450 8.86979391 0.00886979391 3.8248337
902 3452 8.87048772 0.00887048772 3.827051
902 3452 8.87042582 0.00887042582 3.827051
902 3452 8.87044795 0.00887044795 3.827051
902 3452 8.87040226 0.00887040226 3.827051
902 3452 8.87038744 0.00887038744 3.827051
901 3444 8.84985252 0.00884985252 3.82241953
901 3444 8.84968037 0.00884968037 3.82241953
901 3445 8.8504295 0.0088504295 3.82352941
901 3445 8.85043332 0.00885043332 3.82352941
901 3443 8.85077294 0.00885077294 3.82130966
901 3443 8.85071143 0.00885071143 3.82130966
901 3443 8.85094698 0.00885094698 3.82130966
901 3443 8.85070305 0.00885070305 3.82130966
901 3443 8.85068286 0.00885068286 3.82130966
901 3445 8.85047724 0.00885047724 3.82352941
900 3435 8.82834547 0.00882834547 3.81666667
900 3436 8.8299015 0.0088299015 3.81777778
900 3436 8.82970876 0.00882970876 3.81777778
900 3436 8.82986463 0.00882986463 3.81777778
900 3437 8.83217092 0.00883217092 3.81888889
900 3437 8.83189772 0.00883189772 3.81888889
900 3437 8.8317417 0.0088317417 3.81888889
900 3435 8.83267434 0.00883267434 3.81666667
900 3435 8.8326523 0.0088326523 3.81666667
900 3435 8.83263267 0.00883263267 3.81666667
899 3425 8.81142821 0.00881142821 3.80978865
899 3425 8.81131403 0.00881131403 3.80978865
899 3428 8.81271521 0.00881271521 3.8131257
899 3427 8.81194172 0.00881194172 3.81201335
899 3428 8.81266977 0.00881266977 3.8131257
899 3428 8.81262845 0.00881262845 3.8131257
899 3428 8.81250976 0.00881250976 3.8131257
899 3428 8.81258566 0.00881258566 3.8131257
899 3428 8.8126647 0.0088126647 3.8131257
899 3428 8.81270024 0.00881270024 3.8131257
898 3420 8.79227505 0.00879227505 3.80846325
898 3420 8.79225062 0.00879225062 3.80846325
898 3418 8.79104125 0.00879104125 3.80623608
898 3418 8.79096151 0.00879096151 3.80623608
898 3421 8.79246098 0.00879246098 3.80957684
898 3421 8.79239898 0.00879239898 3.80957684
898 3421 8.79228273 0.00879228273 3.80957684
898 3421 8.79247089 0.00879247089 3.80957684
898 3421 8.79241718 0.00879241718 3.80957684
898 3421 8.79247007 0.00879247007 3.80957684
897 3409 8.77059997 0.00877059997 3.80044593
897 3411 8.77158786 0.00877158786 3.80267559
897 3412 8.77217172 0.00877217172 3.80379041
897 3412 8.77219765 0.00877219765 3.80379041
897 3412 8.77218064 0.00877218064 3.80379041
897 3412 8.77202715 0.00877202715 3.80379041
897 3412 8.77188458 0.00877188458 3.80379041
897 3412 8.77236068 0.00877236068 3.80379041
897 3412 8.77222287 0.00877222287 3.80379041
897 3412 8.77236511 0.00877236511 3.80379041
896 3402 8.75120178 0.00875120178 3.796875
896 3403 8.75622548 0.00875622548 3.79799107
896 3403 8.75615904 0.00875615904 3.79799107
896 3402 8.75706446 0.00875706446 3.796875
896 3402 8.75699365 0.00875699365 3.796875
896 3402 8.75675059 0.00875675059 3.796875
896 3402 8.75686327 0.00875686327 3.796875
896 3402 8.75682866 0.00875682866 3.796875
896 3402 8.75696693 0.00875696693 3.796875
896 3402 8.75692812 0.00875692812 3.796875
895 3399 8.73524987 0.00873524987 3.79776536
895 3395 8.73951292 0.00873951292 3.79329609
895 3395 8.73950347 0.00873950347 3.79329609
895 3395 8.73935439 0.00873935439 3.79329609
895 3395 8.7395192 0.0087395192 3.79329609
895 3395 8.73941037 0.00873941037 3.79329609
895 3395 8.73935501 0.00873935501 3.79329609
895 3395 8.73943626 0.00873943626 3.79329609
895 3395 8.73927308 0.00873927308 3.79329609
895 3395 8.73947461 0.00873947461 3.79329609
894 3388 8.71987492 0.00871987492 3.78970917
894 3388 8.71994866 0.00871994866 3.78970917
894 3388 8.71976024 0.00871976024 3.78970917
894 3388 8.71975815 0.00871975815 3.78970917
894 3388 8.71980902 0.00871980902 3.78970917
894 3388 8.7197945 0.0087197945 3.78970917
894 3388 8.71976678 0.00871976678 3.78970917
894 3388 8.71971679 0.00871971679 3.78970917
894 3388 8.71975893 0.00871975893 3.78970917
894 3388 8.71982978 0.00871982978 3.78970917
893 3382 8.69763863 0.00869763863 3.78723404
893 3386 8.69843589 0.00869843589 3.79171333
893 3378 8.69950721 0.00869950721 3.78275476
893 3378 8.6994108 0.0086994108 3.78275476
893 3378 8.69935663 0.00869935663 3.78275476
893 3378 8.69960064 0.00869960064 3.78275476
893 3378 8.69944369 0.00869944369 3.78275476
893 3378 8.69946481 0.00869946481 3.78275476
893 3378 8.69949908 0.00869949908 3.78275476
893 3378 8.69955661 0.00869955661 3.78275476
892 3372 8.67747844 0.00867747844 3.78026906
892 3370 8.67835474 0.00867835474 3.77802691
892 3370 8.67853523 0.00867853523 3.77802691
892 3370 8.67849596 0.00867849596 3.77802691
892 3370 8.67830584 0.00867830584 3.77802691
892 3370 8.67848346 0.00867848346 3.77802691
892 3370 8.67837954 0.00867837954 3.77802691
892 3370 8.67831927 0.00867831927 3.77802691
892 3370 8.67846542 0.00867846542 3.77802691
892 3370 8.67854461 0.00867854461 3.77802691
891 3367 8.65765588 0.00865765588 3.77890011
891 3362 8.65805542 0.00865805542 3.77328844
891 3362 8.65817174 0.00865817174 3.77328844
891 3362 8.65798238 0.00865798238 3.77328844
891 3362 8.65806218 0.00865806218 3.77328844
891 3362 8.65807824 0.00865807824 3.77328844
891 3362 8.65806191 0.00865806191 3.77328844
891 3360 8.65836115 0.00865836115 3.77104377
891 3360 8.65824345 0.00865824345 3.77104377
891 3360 8.6580441 0.0086580441 3.77104377
890 3351 8.63582217 0.00863582217 3.76516854
890 3349 8.64030948 0.00864030948 3.76292135
890 3349 8.63932236 0.00863932236 3.76292135
890 3349 8.63924751 0.00863924751 3.76292135
890 3349 8.63926047 0.00863926047 3.76292135
890 3352 8.64231785 0.00864231785 3.76629213
890 3352 8.6423561 0.0086423561 3.76629213
890 3352 8.64244137 0.00864244137 3.76629213
890 3352 8.64243286 0.00864243286 3.76629213
890 3352 8.64236158 0.00864236158 3.76629213
889 3344 8.62270446 0.00862270446 3.76152981
889 3342 8.62674726 0.00862674726 3.75928009
889 3342 8.62674099 0.00862674099 3.75928009
889 3342 8.62654685 0.00862654685 3.75928009
889 3342 8.62667669 0.00862667669 3.75928009
889 3342 8.62667181 0.00862667181 3.75928009
889 3342 8.62651393 0.00862651393 3.75928009
889 3342 8.62659293 0.00862659293 3.75928009
889 3342 8.62664397 0.00862664397 3.75928009
889 3342 8.62655304 0.00862655304 3.75928009
888 3336 8.60594318 0.00860594318 3.75675676
888 3334 8.60046867 0.00860046867 3.7545045
888 3336 8.60943737 0.00860943737 3.75675676
888 3336 8.60936878 0.00860936878 3.75675676
888 3336 8.60931701 0.00860931701 3.75675676
888 3336 8.6094731 0.0086094731 3.75675676
888 3336 8.60943019 0.00860943019 3.75675676
888 3336 8.60936176 0.00860936176 3.75675676
888 3336 8.60941478 0.00860941478 3.75675676
888 3340 8.60922862 0.00860922862 3.76126126
887 3337 8.58824389 0.00858824389 3.7621195
887 3329 8.58917419 0.00858917419 3.75310034
887 3332 8.59076481 0.00859076481 3.75648253
887 3332 8.5905371 0.0085905371 3.75648253
887 3332 8.59063244 0.00859063244 3.75648253
887 3332 8.59067772 0.00859067772 3.75648253
887 3332 8.59056898 0.00859056898 3.75648253
887 3335 8.59179516 0.00859179516 3.75986471
887 3335 8.59167027 0.00859167027 3.75986471
887 3335 8.5916908 0.0085916908 3.75986471
886 3327 8.57172978 0.00857172978 3.75507901
886 3325 8.57342267 0.00857342267 3.75282167
886 3325 8.57319359 0.00857319359 3.75282167
886 3325 8.5732286 0.0085732286 3.75282167
886 3325 8.57308858 0.00857308858 3.75282167
886 3323 8.57056095 0.00857056095 3.75056433
886 3327 8.57092648 0.00857092648 3.75507901
886 3327 8.57069743 0.00857069743 3.75507901
886 3327 8.57076153 0.00857076153 3.75507901
886 3327 8.57074589 0.00857074589 3.75507901
885 3323 8.55100675 0.00855100675 3.75480226
885 3319 8.55145313 0.00855145313 3.75028249
885 3319 8.55155428 0.00855155428 3.75028249
885 3319 8.55124837 0.00855124837 3.75028249
885 3319 8.55413925 0.00855413925 3.75028249
885 3319 8.55401947 0.00855401947 3.75028249
885 3319 8.55404104 0.00855404104 3.75028249
885 3319 8.55406325 0.00855406325 3.75028249
885 3319 8.5540346 0.0085540346 3.75028249
885 3319 8.55394802 0.00855394802 3.75028249
884 3310 8.53172182 0.00853172182 3.74434389
884 3311 8.53207888 0.00853207888 3.74547511
884 3311 8.53182166 0.00853182166 3.74547511
884 3317 8.53491219 0.00853491219 3.75226244
884 3317 8.53472612 0.00853472612 3.75226244
884 3317 8.53490509 0.00853490509 3.75226244
884 3317 8.53485792 0.00853485792 3.75226244
884 3317 8.53474772 0.00853474772 3.75226244
884 3317 8.53474391 0.00853474391 3.75226244
884 3317 8.53496494 0.00853496494 3.75226244
883 3301 8.51302158 0.00851302158 3.73839185
883 3301 8.51299875 0.00851299875 3.73839185
883 3309 8.51296295 0.00851296295 3.74745187
883 3309 8.5153806 0.0085153806 3.74745187
883 3309 8.51514964 0.00851514964 3.74745187
883 3309 8.51523257 0.00851523257 3.74745187
883 3309 8.51518863 0.00851518863 3.74745187
883 3309 8.51511912 0.00851511912 3.74745187
883 3309 8.51522853 0.00851522853 3.74745187
883 3309 8.5150977 0.0085150977 3.74745187
882 3301 8.49416897 0.00849416897 3.74263039
882 3301 8.49408375 0.00849408375 3.74263039
882 3301 8.4939331 0.0084939331 3.74263039
882 3305 8.49550221 0.00849550221 3.74716553
882 3305 8.49548724 0.00849548724 3.74716553
882 3305 8.49555142 0.00849555142 3.74716553
882 3303 8.49549705 0.00849549705 3.74489796
882 3303 8.49512626 0.00849512626 3.74489796
882 3303 8.49543191 0.00849543191 3.74489796
882 3303 8.49538651 0.00849538651 3.74489796
881 3294 8.47534659 0.00847534659 3.73893303
881 3294 8.47530353 0.00847530353 3.73893303
881 3292 8.47544932 0.00847544932 3.73666288
881 3292 8.47528099 0.00847528099 3.73666288
881 3292 8.47524416 0.00847524416 3.73666288
881 3292 8.47540992 0.00847540992 3.73666288
881 3292 8.47541519 0.00847541519 3.73666288
881 3292 8.47524893 0.00847524893 3.73666288
881 3292 8.47522788 0.00847522788 3.73666288
881 3292 8.47532808 0.00847532808 3.73666288
880 3289 8.45520487 0.00845520487 3.7375
880 3289 8.45511236 0.00845511236 3.7375
880 3283 8.45565064 0.00845565064 3.73068182
880 3290 8.45586027 0.00845586027 3.73863636
880 3290 8.45575378 0.00845575378 3.73863636
880 3290 8.45610828 0.00845610828 3.73863636
880 3290 8.45572935 0.00845572935 3.73863636
880 3290 8.45552698 0.00845552698 3.73863636
880 3290 8.45568284 0.00845568284 3.73863636
880 3290 8.45566529 0.00845566529 3.73863636
879 3277 8.43289993 0.00843289993 3.72810011
879 3277 8.43285353 0.00843285353 3.72810011
879 3274 8.43426966 0.00843426966 3.72468714
879 3274 8.43429334 0.00843429334 3.72468714
879 3274 8.43418961 0.00843418961 3.72468714
879 3274 8.43412303 0.00843412303 3.72468714
879 3281 8.43420267 0.00843420267 3.73265074
879 3281 8.43409037 0.00843409037 3.73265074
879 3282 8.43492097 0.00843492097 3.7337884
879 3282 8.43484468 0.00843484468 3.7337884
878 3276 8.41356351 0.00841356351 3.73120729
878 3276 8.41337064 0.00841337064 3.73120729
878 3271 8.41281221 0.00841281221 3.72551253
878 3271 8.41261112 0.00841261112 3.72551253
878 3276 8.41182011 0.00841182011 3.73120729
878 3281 8.41446268 0.00841446268 3.73690205
878 3281 8.41458706 0.00841458706 3.73690205
878 3281 8.414452 0.008414452 3.73690205
878 3281 8.41462932 0.00841462932 3.73690205
878 3281 8.41442623 0.00841442623 3.73690205
877 3273 8.39444721 0.00839444721 3.73204105
877 3273 8.39445071 0.00839445071 3.73204105
877 3273 8.39451545 0.00839451545 3.73204105
877 3273 8.39442962 0.00839442962 3.73204105
877 3273 8.39448861 0.00839448861 3.73204105
877 3273 8.39441292 0.00839441292 3.73204105
877 3273 8.39442943 0.00839442943 3.73204105
877 3273 8.39435852 0.00839435852 3.73204105
877 3273 8.39447636 0.00839447636 3.73204105
877 3273 8.39435646 0.00839435646 3.73204105
876 3265 8.37057185 0.00837057185 3.72716895
876 3262 8.37498005 0.00837498005 3.72374429
876 3262 8.37514282 0.00837514282 3.72374429
876 3262 8.37509464 0.00837509464 3.72374429
876 3262 8.37511027 0.00837511027 3.72374429
876 3262 8.37516966 0.00837516966 3.72374429
876 3262 8.37515822 0.00837515822 3.72374429
876 3262 8.37509472 0.00837509472 3.72374429
876 3262 8.37508271 0.00837508271 3.72374429
876 3262 8.37515064 0.00837515064 3.72374429
875 3256 8.35143289 0.00835143289 3.72114286
875 3257 8.3514691 0.0083514691 3.72228571
875 3257 8.35159719 0.00835159719 3.72228571
875 3257 8.35138525 0.00835138525 3.72228571
875 3257 8.35155025 0.00835155025 3.72228571
875 3257 8.35146033 0.00835146033 3.72228571
875 3257 8.35136724 0.00835136724 3.72228571
875 3257 8.35137967 0.00835137967 3.72228571
875 3257 8.35151545 0.00835151545 3.72228571
875 3256 8.3516616 0.0083516616 3.72114286
874 3245 8.32963407 0.00832963407 3.71281465
874 3248 8.32915166 0.00832915166 3.71624714
874 3248 8.33002452 0.00833002452 3.71624714
874 3248 8.32992483 0.00832992483 3.71624714
874 3248 8.32977152 0.00832977152 3.71624714
874 3248 8.3298304 0.0083298304 3.71624714
874 3248 8.3299238 0.0083299238 3.71624714
874 3248 8.3299061 0.0083299061 3.71624714
874 3248 8.32991228 0.00832991228 3.71624714
874 3251 8.33114151 0.00833114151 3.71967963
873 3235 8.30935773 0.00830935773 3.70561283
873 3235 8.30935934 0.00830935934 3.70561283
873 3238 8.30941195 0.00830941195 3.70904926
873 3238 8.30925748 0.00830925748 3.70904926
873 3238 8.30906954 0.00830906954 3.70904926
873 3238 8.30901272 0.00830901272 3.70904926
873 3238 8.30933147 0.00830933147 3.70904926
873 3238 8.30934986 0.00830934986 3.70904926
873 3235 8.30950098 0.00830950098 3.70561283
873 3235 8.3094915 0.0083094915 3.70561283
872 3226 8.28549215 0.00828549215 3.69954128
872 3227 8.28618968 0.00828618968 3.70068807
872 3224 8.28829385 0.00828829385 3.69724771
872 3224 8.28782904 0.00828782904 3.69724771
872 3224 8.28790149 0.00828790149 3.69724771
872 3224 8.28789067 0.00828789067 3.69724771
872 3224 8.2879869 0.0082879869 3.69724771
872 3232 8.28805419 0.00828805419 3.70642202
872 3232 8.28771983 0.00828771983 3.70642202
872 3232 8.28791409 0.00828791409 3.70642202
871 3224 8.26628379 0.00826628379 3.70149254
871 3224 8.26607102 0.00826607102 3.70149254
871 3224 8.26619272 0.00826619272 3.70149254
871 3224 8.2660672 0.0082660672 3.70149254
871 3224 8.26586518 0.00826586518 3.70149254
871 3224 8.26619838 0.00826619838 3.70149254
871 3224 8.26611844 0.00826611844 3.70149254
871 3224 8.2662048 0.0082662048 3.70149254
871 3224 8.26615803 0.00826615803 3.70149254
871 3216 8.27107887 0.00827107887 3.69230769
870 3206 8.24938141 0.00824938141 3.68505747
870 3211 8.24953079 0.00824953079 3.6908046
870 3211 8.24922272 0.00824922272 3.6908046
870 3211 8.24935811 0.00824935811 3.6908046
870 3211 8.24929549 0.00824929549 3.6908046
870 3211 8.24925499 0.00824925499 3.6908046
870 3211 8.24927901 0.00824927901 3.6908046
870 3211 8.24924308 0.00824924308 3.6908046
870 3211 8.24920587 0.00824920587 3.6908046
870 3211 8.24934639 0.00824934639 3.6908046
869 3205 8.22995511 0.00822995511 3.6881473
869 3205 8.23009758 0.00823009758 3.6881473
869 3205 8.23000332 0.00823000332 3.6881473
869 3205 8.22985234 0.00822985234 3.6881473
869 3205 8.23005945 0.00823005945 3.6881473
869 3205 8.2299256 0.0082299256 3.6881473
869 3201 8.22353095 0.00822353095 3.6835443
869 3201 8.22370237 0.00822370237 3.6835443
869 3201 8.22358176 0.00822358176 3.6835443
869 3201 8.22367583 0.00822367583 3.6835443
868 3196 8.20881994 0.00820881994 3.68202765
868 3196 8.2088041 0.0082088041 3.68202765
868 3196 8.208916 0.008208916 3.68202765
868 3197 8.20795553 0.00820795553 3.68317972
868 3189 8.21630571 0.00821630571 3.67396313
868 3194 8.21796144 0.00821796144 3.6797235
868 3189 8.2181915 0.0082181915 3.67396313
868 3189 8.21816693 0.00821816693 3.67396313
868 3189 8.21818437 0.00821818437 3.67396313
868 3189 8.21820995 0.00821820995 3.67396313
867 3184 8.19491745 0.00819491745 3.67243368
867 3182 8.19541366 0.00819541366 3.67012687
867 3181 8.19805881 0.00819805881 3.66897347
867 3180 8.19920391 0.00819920391 3.66782007
867 3180 8.19927568 0.00819927568 3.66782007
867 3180 8.19909867 0.00819909867 3.66782007
867 3180 8.19924752 0.00819924752 3.66782007
867 3180 8.19898999 0.00819898999 3.66782007
867 3180 8.19915019 0.00819915019 3.66782007
867 3180 8.19913468 0.00819913468 3.66782007
866 3173 8.17677248 0.00817677248 3.66397229
866 3171 8.17768664 0.00817768664 3.66166282
866 3169 8.17945064 0.00817945064 3.65935335
866 3169 8.17911891 0.00817911891 3.65935335
866 3170 8.17873626 0.00817873626 3.66050808
866 3170 8.17860989 0.00817860989 3.66050808
866 3170 8.17862992 0.00817862992 3.66050808
866 3170 8.17856941 0.00817856941 3.66050808
866 3170 8.1785673 0.0081785673 3.66050808
866 3170 8.17868622 0.00817868622 3.66050808
865 3160 8.15826557 0.00815826557 3.65317919
865 3160 8.15789819 0.00815789819 3.65317919
865 3165 8.15905462 0.00815905462 3.65895954
865 3165 8.15892746 0.00815892746 3.65895954
865 3165 8.15887257 0.00815887257 3.65895954
865 3167 8.15589092 0.00815589092 3.66127168
865 3167 8.15593106 0.00815593106 3.66127168
865 3167 8.15601624 0.00815601624 3.66127168
865 3167 8.15602605 0.00815602605 3.66127168
865 3167 8.15585355 0.00815585355 3.66127168
864 3160 8.13400658 0.00813400658 3.65740741
864 3160 8.13395896 0.00813395896 3.65740741
864 3158 8.13552058 0.00813552058 3.65509259
864 3158 8.1353049 0.0081353049 3.65509259
864 3158 8.13533848 0.00813533848 3.65509259
864 3158 8.13534863 0.00813534863 3.65509259
864 3158 8.13534856 0.00813534856 3.65509259
864 3151 8.13851485 0.00813851485 3.64699074
864 3151 8.13833031 0.00813833031 3.64699074
864 3151 8.13829799 0.00813829799 3.64699074
863 3143 8.11722018 0.00811722018 3.6419467
863 3143 8.11695786 0.00811695786 3.6419467
863 3142 8.12077366 0.00812077366 3.64078795
863 3142 8.12070725 0.00812070725 3.64078795
863 3142 8.12060831 0.00812060831 3.64078795
863 3142 8.12072617 0.00812072617 3.64078795
863 3142 8.12060772 0.00812060772 3.64078795
863 3142 8.12067504 0.00812067504 3.64078795
863 3142 8.12052999 0.00812052999 3.64078795
863 3142 8.12075912 0.00812075912 3.64078795
862 3133 8.09859376 0.00809859376 3.63457077
862 3133 8.09854435 0.00809854435 3.63457077
862 3135 8.10193131 0.00810193131 3.63689095
862 3135 8.10195229 0.00810195229 3.63689095
862 3135 8.1020324 0.0081020324 3.63689095
862 3135 8.10194664 0.00810194664 3.63689095
862 3135 8.10188871 0.00810188871 3.63689095
862 3135 8.10204414 0.00810204414 3.63689095
862 3135 8.10188289 0.00810188289 3.63689095
862 3135 8.10187476 0.00810187476 3.63689095
861 3127 8.08066957 0.00808066957 3.63182346
861 3127 8.08033459 0.00808033459 3.63182346
861 3130 8.07956482 0.00807956482 3.63530778
861 3125 8.08127729 0.00808127729 3.62950058
861 3125 8.08147621 0.00808147621 3.62950058
861 3125 8.08141532 0.00808141532 3.62950058
861 3125 8.08151181 0.00808151181 3.62950058
861 3125 8.08136702 0.00808136702 3.62950058
861 3125 8.08147285 0.00808147285 3.62950058
861 3125 8.08146205 0.00808146205 3.62950058
860 3121 8.05982445 0.00805982445 3.62906977
860 3117 8.06088347 0.00806088347 3.6244186
860 3117 8.06094801 0.00806094801 3.6244186
860 3117 8.06102755 0.00806102755 3.6244186
860 3121 8.06158363 0.00806158363 3.62906977
860 3121 8.06152854 0.00806152854 3.62906977
860 3121 8.06143111 0.00806143111 3.62906977
860 3121 8.06143492 0.00806143492 3.62906977
860 3121 8.06140224 0.00806140224 3.62906977
860 3121 8.06135535 0.00806135535 3.62906977
859 3112 8.03966426 0.00803966426 3.62281723
859 3112 8.03939318 0.00803939318 3.62281723
859 3114 8.04069151 0.00804069151 3.62514552
859 3114 8.04049945 0.00804049945 3.62514552
859 3114 8.04067875 0.00804067875 3.62514552
859 3114 8.04068738 0.00804068738 3.62514552
859 3114 8.04048824 0.00804048824 3.62514552
859 3114 8.04078265 0.00804078265 3.62514552
859 3114 8.04044472 0.00804044472 3.62514552
859 3114 8.04056298 0.00804056298 3.62514552
858 3108 8.01912371 0.00801912371 3.62237762
858 3106 8.019178 0.008019178 3.62004662
858 3106 8.01918591 0.00801918591 3.62004662
858 3106 8.02058594 0.00802058594 3.62004662
858 3106 8.0205676 0.0080205676 3.62004662
858 3106 8.02049522 0.00802049522 3.62004662
858 3106 8.02045351 0.00802045351 3.62004662
858 3106 8.02049843 0.00802049843 3.62004662
858 3106 8.02057854 0.00802057854 3.62004662
858 3106 8.02040595 0.00802040595 3.62004662
857 3097 7.9984857 0.0079984857 3.61376896
857 3099 7.9991481 0.0079991481 3.61610268
857 3099 7.99905903 0.00799905903 3.61610268
857 3101 7.99823034 0.00799823034 3.61843641
857 3097 7.99936843 0.00799936843 3.61376896
857 3097 7.99954318 0.00799954318 3.61376896
857 3097 7.99948667 0.00799948667 3.61376896
857 3097 7.99947112 0.00799947112 3.61376896
857 3097 7.99939374 0.00799939374 3.61376896
857 3097 7.9994627 0.0079994627 3.61376896
856 3089 7.97865112 0.00797865112 3.60864486
856 3089 7.97827996 0.00797827996 3.60864486
856 3089 7.97833298 0.00797833298 3.60864486
856 3089 7.97841757 0.00797841757 3.60864486
856 3089 7.97834117 0.00797834117 3.60864486
856 3089 7.97821882 0.00797821882 3.60864486
856 3091 7.97777169 0.00797777169 3.61098131
856 3091 7.97757679 0.00797757679 3.61098131
856 3091 7.97759669 0.00797759669 3.61098131
856 3091 7.97763465 0.00797763465 3.61098131
855 3084 7.95526785 0.00795526785 3.60701754
855 3084 7.95623118 0.00795623118 3.60701754
855 3084 7.95611969 0.00795611969 3.60701754
855 3084 7.95635295 0.00795635295 3.60701754
855 3084 7.95629511 0.00795629511 3.60701754
855 3082 7.95659386 0.00795659386 3.60467836
855 3087 7.95833504 0.00795833504 3.61052632
855 3085 7.95885722 0.00795885722 3.60818713
855 3085 7.95882858 0.00795882858 3.60818713
855 3086 7.96007857 0.00796007857 3.60935673
854 3078 7.93817202 0.00793817202 3.60421546
854 3077 7.93891671 0.00793891671 3.6030445
854 3077 7.93887205 0.00793887205 3.6030445
854 3077 7.93884762 0.00793884762 3.6030445
854 3077 7.9387462 0.0079387462 3.6030445
854 3077 7.93883227 0.00793883227 3.6030445
854 3077 7.93885764 0.00793885764 3.6030445
854 3077 7.93892304 0.00793892304 3.6030445
854 3077 7.93899172 0.00793899172 3.6030445
854 3077 7.93886844 0.00793886844 3.6030445
853 3070 7.91595146 0.00791595146 3.59906213
853 3070 7.91621799 0.00791621799 3.59906213
853 3071 7.91764021 0.00791764021 3.60023447
853 3070 7.91769166 0.00791769166 3.59906213
853 3070 7.91744884 0.00791744884 3.59906213
853 3070 7.91906666 0.00791906666 3.59906213
853 3070 7.91891286 0.00791891286 3.59906213
853 3072 7.91928604 0.00791928604 3.6014068
853 3072 7.91904663 0.00791904663 3.6014068
853 3072 7.91896565 0.00791896565 3.6014068
852 3066 7.89724692 0.00789724692 3.59859155
852 3064 7.89862267 0.00789862267 3.59624413
852 3064 7.89830642 0.00789830642 3.59624413
852 3064 7.89863132 0.00789863132 3.59624413
852 3064 7.89841561 0.00789841561 3.59624413
852 3064 7.89838983 0.00789838983 3.59624413
852 3064 7.89857143 0.00789857143 3.59624413
852 3064 7.89850012 0.00789850012 3.59624413
852 3064 7.89848685 0.00789848685 3.59624413
852 3063 7.89781578 0.00789781578 3.59507042
851 3054 7.87742797 0.00787742797 3.58871915
851 3053 7.87656357 0.00787656357 3.58754407
851 3053 7.87645151 0.00787645151 3.58754407
850 3045 7.8675798 0.0078675798 3.58235294
850 3045 7.86751242 0.00786751242 3.58235294
850 3045 7.86769096 0.00786769096 3.58235294
850 3045 7.8675293 0.0078675293 3.58235294
850 3045 7.86769418 0.00786769418 3.58235294
850 3045 7.86759496 0.00786759496 3.58235294
850 3046 7.86749755 0.00786749755 3.58352941
849 3040 7.8474337 0.0078474337 3.58068316
849 3040 7.84722457 0.00784722457 3.58068316
849 3040 7.84723181 0.00784723181 3.58068316
849 3043 7.84972045 0.00784972045 3.58421673
849 3043 7.84963019 0.00784963019 3.58421673
849 3043 7.84979352 0.00784979352 3.58421673
849 3043 7.84870764 0.00784870764 3.58421673
849 3043 7.84838371 0.00784838371 3.58421673
849 3042 7.84921703 0.00784921703 3.58303887
849 3042 7.84915716 0.00784915716 3.58303887
848 3037 7.82566738 0.00782566738 3.58136792
848 3033 7.82653949 0.00782653949 3.57665094
848 3033 7.82637524 0.00782637524 3.57665094
848 3033 7.82646668 0.00782646668 3.57665094
848 3031 7.8296655 0.0078296655 3.57429245
848 3030 7.81987856 0.00781987856 3.57311321
848 3032 7.83426008 0.00783426008 3.5754717
848 3034 7.84644375 0.00784644375 3.57783019
848 3034 7.846477 0.007846477 3.57783019
848 3034 7.8465679 0.0078465679 3.57783019
847 3028 7.82767189 0.00782767189 3.57497048
847 3032 7.82532562 0.00782532562 3.57969303
847 3029 7.82822156 0.00782822156 3.57615112
847 3029 7.82817689 0.00782817689 3.57615112
847 3030 7.81832587 0.00781832587 3.57733176
847 3030 7.81821982 0.00781821982 3.57733176
847 3027 7.81695413 0.00781695413 3.57378985
847 3027 7.8169621 0.0078169621 3.57378985
847 3027 7.81539822 0.00781539822 3.57378985
847 3032 7.81176515 0.00781176515 3.57969303
846 3025 7.79622041 0.00779622041 3.57565012
846 3025 7.79627887 0.00779627887 3.57565012
846 3025 7.79635865 0.00779635865 3.57565012
846 3025 7.79795017 0.00779795017 3.57565012
846 3025 7.79799792 0.00779799792 3.57565012
846 3025 7.79801066 0.00779801066 3.57565012
846 3031 7.79188798 0.00779188798 3.58274232
846 3025 7.80051362 0.00780051362 3.57565012
846 3029 7.80746665 0.00780746665 3.58037825
846 3029 7.80761277 0.00780761277 3.58037825
845 3021 7.78406862 0.00778406862 3.57514793
845 3016 7.79292944 0.00779292944 3.56923077
845 3016 7.7927039 0.0077927039 3.56923077
845 3016 7.79282687 0.00779282687 3.56923077
845 3016 7.79281026 0.00779281026 3.56923077
845 3016 7.79282197 0.00779282197 3.56923077
845 3016 7.79271473 0.00779271473 3.56923077
845 3016 7.79285103 0.00779285103 3.56923077
845 3016 7.79272958 0.00779272958 3.56923077
845 3016 7.79266753 0.00779266753 3.56923077
844 3011 7.76956102 0.00776956102 3.56753555
844 3011 7.76942609 0.00776942609 3.56753555
844 3008 7.7725861 0.0077725861 3.56398104
844 3008 7.77249979 0.00777249979 3.56398104
844 3008 7.77236624 0.00777236624 3.56398104
844 3008 7.77248125 0.00777248125 3.56398104
844 3008 7.77236799 0.00777236799 3.56398104
844 3006 7.78075558 0.00778075558 3.56161137
844 3006 7.78050668 0.00778050668 3.56161137
844 3006 7.78052382 0.00778052382 3.56161137
843 2998 7.7599229 0.0077599229 3.55634638
843 2998 7.75986569 0.00775986569 3.55634638
843 2999 7.76049017 0.00776049017 3.55753262
843 2999 7.76053723 0.00776053723 3.55753262
843 2996 7.75858374 0.00775858374 3.5539739
843 2996 7.75857444 0.00775857444 3.5539739
843 2996 7.75832607 0.00775832607 3.5539739
843 2996 7.7585582 0.0077585582 3.5539739
843 2999 7.76054886 0.00776054886 3.55753262
843 2999 7.76050298 0.00776050298 3.55753262
842 2994 7.73731181 0.00773731181 3.55581948
842 2994 7.73743374 0.00773743374 3.55581948
842 2992 7.73917791 0.00773917791 3.55344418
842 2992 7.73927405 0.00773927405 3.55344418
842 2992 7.73942746 0.00773942746 3.55344418
842 2991 7.74032876 0.00774032876 3.55225653
842 2991 7.74033862 0.00774033862 3.55225653
842 2991 7.74024658 0.00774024658 3.55225653
842 2991 7.74042688 0.00774042688 3.55225653
842 2991 7.74023298 0.00774023298 3.55225653
841 2983 7.71909847 0.00771909847 3.5469679
841 2983 7.71903527 0.00771903527 3.5469679
841 2983 7.71902543 0.00771902543 3.5469679
841 2983 7.71914295 0.00771914295 3.5469679
841 2983 7.71897029 0.00771897029 3.5469679
841 2983 7.72066999 0.00772066999 3.5469679
841 2983 7.72035961 0.00772035961 3.5469679
841 2983 7.72034511 0.00772034511 3.5469679
841 2983 7.72044844 0.00772044844 3.5469679
841 2983 7.72041227 0.00772041227 3.5469679
840 2975 7.6974816 0.0076974816 3.54166667
840 2976 7.6971592 0.0076971592 3.54285714
840 2976 7.69711319 0.00769711319 3.54285714
840 2976 7.69718703 0.00769718703 3.54285714
840 2976 7.69903644 0.00769903644 3.54285714
840 2976 7.69893767 0.00769893767 3.54285714
840 2976 7.69887987 0.00769887987 3.54285714
840 2976 7.69907917 0.00769907917 3.54285714
840 2976 7.69883935 0.00769883935 3.54285714
840 2976 7.69901637 0.00769901637 3.54285714
839 2969 7.67640698 0.00767640698 3.53873659
839 2969 7.67626915 0.00767626915 3.53873659
839 2969 7.67614052 0.00767614052 3.53873659
839 2969 7.67649149 0.00767649149 3.53873659
839 2971 7.67638602 0.00767638602 3.54112038
839 2971 7.67640118 0.00767640118 3.54112038
839 2971 7.67656732 0.00767656732 3.54112038
839 2971 7.67656487 0.00767656487 3.54112038
839 2971 7.67666921 0.00767666921 3.54112038
839 2971 7.67642439 0.00767642439 3.54112038
838 2966 7.65503562 0.00765503562 3.53937947
838 2966 7.65498382 0.00765498382 3.53937947
838 2966 7.65503783 0.00765503783 3.53937947
838 2966 7.65496062 0.00765496062 3.53937947
838 2966 7.65504435 0.00765504435 3.53937947
838 2963 7.65592269 0.00765592269 3.53579952
838 2963 7.65592552 0.00765592552 3.53579952
838 2963 7.65582019 0.00765582019 3.53579952
838 2963 7.65578802 0.00765578802 3.53579952
838 2963 7.65590946 0.00765590946 3.53579952
837 2962 7.63702509 0.00763702509 3.53882915
837 2962 7.63699469 0.00763699469 3.53882915
837 2962 7.63722462 0.00763722462 3.53882915
837 2962 7.63689904 0.00763689904 3.53882915
837 2962 7.63699523 0.00763699523 3.53882915
837 2962 7.63686114 0.00763686114 3.53882915
837 2965 7.65214048 0.00765214048 3.54241338
837 2965 7.65226258 0.00765226258 3.54241338
837 2965 7.65216706 0.00765216706 3.54241338
837 2965 7.65232805 0.00765232805 3.54241338
836 2958 7.62987704 0.00762987704 3.53827751
836 2958 7.62971036 0.00762971036 3.53827751
836 2960 7.63024592 0.00763024592 3.54066986
836 2960 7.63025383 0.00763025383 3.54066986
836 2958 7.63005232 0.00763005232 3.53827751
836 2958 7.63025015 0.00763025015 3.53827751
836 2958 7.63000993 0.00763000993 3.53827751
836 2957 7.63128847 0.00763128847 3.53708134
836 2957 7.63110712 0.00763110712 3.53708134
836 2957 7.63103818 0.00763103818 3.53708134
835 2951 7.60779327 0.00760779327 3.53413174
835 2952 7.60845212 0.00760845212 3.53532934
835 2952 7.60794685 0.00760794685 3.53532934
835 2950 7.60843077 0.00760843077 3.53293413
835 2953 7.60814604 0.00760814604 3.53652695
835 2952 7.6096805 0.0076096805 3.53532934
835 2952 7.60938582 0.00760938582 3.53532934
835 2952 7.6094215 0.0076094215 3.53532934
835 2952 7.60939549 0.00760939549 3.53532934
835 2952 7.60970883 0.00760970883 3.53532934
834 2945 7.58682799 0.00758682799 3.53117506
834 2945 7.5866235 0.0075866235 3.53117506
834 2948 7.58725164 0.00758725164 3.53477218
834 2945 7.58766739 0.00758766739 3.53117506
834 2945 7.58751457 0.00758751457 3.53117506
834 2945 7.58751509 0.00758751509 3.53117506
834 2945 7.58760663 0.00758760663 3.53117506
834 2945 7.58746522 0.00758746522 3.53117506
834 2945 7.5877642 0.0075877642 3.53117506
834 2945 7.58837338 0.00758837338 3.53117506
833 2936 7.56530803 0.00756530803 3.52460984
833 2936 7.56514487 0.00756514487 3.52460984
833 2936 7.5650822 0.0075650822 3.52460984
833 2936 7.56497746 0.00756497746 3.52460984
833 2936 7.56505407 0.00756505407 3.52460984
833 2936 7.57313919 0.00757313919 3.52460984
833 2936 7.57296493 0.00757296493 3.52460984
833 2936 7.57297232 0.00757297232 3.52460984
833 2936 7.57291867 0.00757291867 3.52460984
833 2936 7.57289403 0.00757289403 3.52460984
832 2929 7.55041036 0.00755041036 3.52043269
832 2929 7.55025679 0.00755025679 3.52043269
832 2929 7.55033196 0.00755033196 3.52043269
832 2929 7.55029824 0.00755029824 3.52043269
832 2929 7.55038985 0.00755038985 3.52043269
832 2929 7.55118029 0.00755118029 3.52043269
832 2929 7.55112875 0.00755112875 3.52043269
832 2929 7.55129632 0.00755129632 3.52043269
832 2931 7.55085705 0.00755085705 3.52283654
832 2931 7.55066151 0.00755066151 3.52283654
831 2925 7.52704615 0.00752704615 3.5198556
831 2925 7.52775388 0.00752775388 3.5198556
831 2925 7.52756756 0.00752756756 3.5198556
831 2924 7.52907824 0.00752907824 3.51865223
831 2924 7.52897051 0.00752897051 3.51865223
831 2925 7.52953441 0.00752953441 3.5198556
831 2927 7.53404733 0.00753404733 3.52226233
831 2927 7.53393045 0.00753393045 3.52226233
831 2927 7.53402725 0.00753402725 3.52226233
831 2927 7.53406411 0.00753406411 3.52226233
830 2918 7.51080175 0.00751080175 3.51566265
830 2922 7.51390469 0.00751390469 3.52048193
830 2922 7.51361686 0.00751361686 3.52048193
830 2922 7.51341355 0.00751341355 3.52048193
830 2922 7.5135074 0.0075135074 3.52048193
830 2921 7.50567225 0.00750567225 3.51927711
830 2921 7.50539222 0.00750539222 3.51927711
830 2925 7.51133322 0.00751133322 3.52409639
830 2925 7.51128178 0.00751128178 3.52409639
830 2925 7.51140445 0.00751140445 3.52409639
829 2917 7.49259711 0.00749259711 3.51869723
829 2917 7.49258343 0.00749258343 3.51869723
829 2917 7.49240879 0.00749240879 3.51869723
829 2917 7.48339161 0.00748339161 3.51869723
829 2917 7.4834195 0.0074834195 3.51869723
829 2915 7.48316553 0.00748316553 3.51628468
829 2915 7.48297092 0.00748297092 3.51628468
829 2915 7.4829215 0.0074829215 3.51628468
829 2915 7.48302261 0.00748302261 3.51628468
829 2915 7.48293423 0.00748293423 3.51628468
828 2910 7.46212809 0.00746212809 3.51449275
828 2910 7.46183061 0.00746183061 3.51449275
828 2910 7.46201345 0.00746201345 3.51449275
828 2910 7.46200489 0.00746200489 3.51449275
828 2908 7.47149463 0.00747149463 3.51207729
828 2908 7.47142336 0.00747142336 3.51207729
828 2908 7.47123257 0.00747123257 3.51207729
828 2910 7.47190695 0.00747190695 3.51449275
828 2910 7.47173041 0.00747173041 3.51449275
828 2910 7.47153099 0.00747153099 3.51449275
827 2904 7.4488283 0.0074488283 3.5114873
827 2903 7.44987439 0.00744987439 3.51027811
827 2903 7.44996533 0.00744996533 3.51027811
827 2903 7.44996448 0.00744996448 3.51027811
827 2899 7.46872304 0.00746872304 3.50544135
827 2899 7.46858748 0.00746858748 3.50544135
827 2899 7.46868044 0.00746868044 3.50544135
827 2899 7.46904281 0.00746904281 3.50544135
827 2899 7.46864449 0.00746864449 3.50544135
827 2899 7.46855277 0.00746855277 3.50544135
826 2894 7.44671154 0.00744671154 3.50363196
826 2893 7.4467847 0.0074467847 3.50242131
826 2893 7.4467587 0.0074467587 3.50242131
826 2893 7.43830858 0.00743830858 3.50242131
826 2893 7.43809814 0.00743809814 3.50242131
826 2893 7.43837951 0.00743837951 3.50242131
826 2893 7.43826799 0.00743826799 3.50242131
826 2893 7.43837957 0.00743837957 3.50242131
826 2893 7.43835883 0.00743835883 3.50242131
826 2893 7.43830049 0.00743830049 3.50242131
825 2886 7.41649286 0.00741649286 3.49818182
825 2886 7.41633067 0.00741633067 3.49818182
825 2888 7.43830674 0.00743830674 3.50060606
825 2888 7.43819349 0.00743819349 3.50060606
825 2888 7.4381983 0.0074381983 3.50060606
825 2888 7.43834361 0.00743834361 3.50060606
825 2888 7.43848491 0.00743848491 3.50060606
825 2888 7.43837772 0.00743837772 3.50060606
825 2888 7.43845463 0.00743845463 3.50060606
825 2888 7.438149 0.007438149 3.50060606
824 2882 7.41486289 0.00741486289 3.49757282
824 2885 7.41473221 0.00741473221 3.50121359
824 2887 7.41183271 0.00741183271 3.50364078
824 2887 7.4117876 0.0074117876 3.50364078
824 2887 7.41157391 0.00741157391 3.50364078
824 2882 7.41516726 0.00741516726 3.49757282
824 2884 7.41403207 0.00741403207 3.5
824 2884 7.41495755 0.00741495755 3.5
824 2884 7.41473702 0.00741473702 3.5
824 2884 7.41484243 0.00741484243 3.5
823 2877 7.39266349 0.00739266349 3.49574727
823 2879 7.39411548 0.00739411548 3.4981774
823 2879 7.39393348 0.00739393348 3.4981774
823 2879 7.39383693 0.00739383693 3.4981774
823 2879 7.39388081 0.00739388081 3.4981774
823 2879 7.39405114 0.00739405114 3.4981774
823 2878 7.39396339 0.00739396339 3.49696233
823 2878 7.39386733 0.00739386733 3.49696233
823 2878 7.39395136 0.00739395136 3.49696233
823 2878 7.39394414 0.00739394414 3.49696233
822 2873 7.36944377 0.00736944377 3.49513382
822 2871 7.37197061 0.00737197061 3.49270073
822 2871 7.37196487 0.00737196487 3.49270073
822 2873 7.37362411 0.00737362411 3.49513382
822 2873 7.37344206 0.00737344206 3.49513382
822 2873 7.37345598 0.00737345598 3.49513382
822 2873 7.37354704 0.00737354704 3.49513382
822 2873 7.37338461 0.00737338461 3.49513382
822 2873 7.37353316 0.00737353316 3.49513382
822 2873 7.37341386 0.00737341386 3.49513382
821 2866 7.3521148 0.0073521148 3.4908648
821 2866 7.35204167 0.00735204167 3.4908648
821 2866 7.35198962 0.00735198962 3.4908648
821 2866 7.35206347 0.00735206347 3.4908648
821 2866 7.35183862 0.00735183862 3.4908648
821 2866 7.35185261 0.00735185261 3.4908648
821 2866 7.35204258 0.00735204258 3.4908648
821 2866 7.3518777 0.0073518777 3.4908648
821 2866 7.35179159 0.00735179159 3.4908648
821 2866 7.35199756 0.00735199756 3.4908648
820 2862 7.32910817 0.00732910817 3.4902439
820 2862 7.3290067 0.0073290067 3.4902439
820 2860 7.33010814 0.00733010814 3.48780488
820 2860 7.33007483 0.00733007483 3.48780488
820 2860 7.33005525 0.00733005525 3.48780488
820 2860 7.33020487 0.00733020487 3.48780488
820 2860 7.33015947 0.00733015947 3.48780488
820 2860 7.33005349 0.00733005349 3.48780488
820 2860 7.33021663 0.00733021663 3.48780488
820 2860 7.32999731 0.00732999731 3.48780488
819 2852 7.30605366 0.00730605366 3.48229548
819 2854 7.3081623 0.0073081623 3.48473748
819 2854 7.30814412 0.00730814412 3.48473748
819 2854 7.30605112 0.00730605112 3.48473748
819 2849 7.31271303 0.00731271303 3.47863248
819 2849 7.31253379 0.00731253379 3.47863248
819 2849 7.31270421 0.00731270421 3.47863248
819 2849 7.31273397 0.00731273397 3.47863248
819 2849 7.31258322 0.00731258322 3.47863248
819 2849 7.31258598 0.00731258598 3.47863248
818 2843 7.29138296 0.00729138296 3.47555012
818 2843 7.29129004 0.00729129004 3.47555012
818 2843 7.2913607 0.0072913607 3.47555012
818 2843 7.30209912 0.00730209912 3.47555012
818 2843 7.30201363 0.00730201363 3.47555012
818 2843 7.30196855 0.00730196855 3.47555012
818 2843 7.3019049 0.0073019049 3.47555012
818 2843 7.30179405 0.00730179405 3.47555012
818 2843 7.30195301 0.00730195301 3.47555012
818 2843 7.3019829 0.0073019829 3.47555012
817 2839 7.27702323 0.00727702323 3.4749082
817 2838 7.27758569 0.00727758569 3.47368421
817 2840 7.27953856 0.00727953856 3.47613219
817 2840 7.2795228 0.0072795228 3.47613219
817 2840 7.27936402 0.00727936402 3.47613219
817 2840 7.27951898 0.00727951898 3.47613219
817 2840 7.27951306 0.00727951306 3.47613219
817 2840 7.27948701 0.00727948701 3.47613219
817 2840 7.27946987 0.00727946987 3.47613219
817 2840 7.27952993 0.00727952993 3.47613219
816 2832 7.2542604 0.0072542604 3.47058824
816 2833 7.25555587 0.00725555587 3.47181373
816 2833 7.2552431 0.0072552431 3.47181373
816 2833 7.25627637 0.00725627637 3.47181373
816 2833 7.2559912 0.0072559912 3.47181373
816 2834 7.25934903 0.00725934903 3.47303922
816 2834 7.25918328 0.00725918328 3.47303922
816 2834 7.25921045 0.00725921045 3.47303922
816 2834 7.25923426 0.00725923426 3.47303922
816 2834 7.25924234 0.00725924234 3.47303922
815 2830 7.23592151 0.00723592151 3.47239264
815 2830 7.23570149 0.00723570149 3.47239264
815 2829 7.23684196 0.00723684196 3.47116564
815 2829 7.2368749 0.0072368749 3.47116564
815 2829 7.23691524 0.00723691524 3.47116564
815 2829 7.23682476 0.00723682476 3.47116564
815 2829 7.23677184 0.00723677184 3.47116564
815 2827 7.23738222 0.00723738222 3.46871166
815 2827 7.23724947 0.00723724947 3.46871166
815 2827 7.23722603 0.00723722603 3.46871166
814 2823 7.21247109 0.00721247109 3.46805897
814 2824 7.20653272 0.00720653272 3.46928747
814 2827 7.21447841 0.00721447841 3.47297297
814 2827 7.21450392 0.00721450392 3.47297297
814 2827 7.21422855 0.00721422855 3.47297297
814 2827 7.2144383 0.0072144383 3.47297297
814 2827 7.21446998 0.00721446998 3.47297297
814 2827 7.21433671 0.00721433671 3.47297297
814 2827 7.21440841 0.00721440841 3.47297297
814 2827 7.21449366 0.00721449366 3.47297297
813 2819 7.190021 0.007190021 3.46740467
813 2820 7.19235202 0.00719235202 3.46863469
813 2820 7.19230561 0.00719230561 3.46863469
813 2820 7.19233562 0.00719233562 3.46863469
813 2820 7.1922529 0.0071922529 3.46863469
813 2820 7.1923574 0.0071923574 3.46863469
813 2820 7.19207534 0.00719207534 3.46863469
813 2820 7.19228301 0.00719228301 3.46863469
813 2820 7.19226497 0.00719226497 3.46863469
813 2820 7.19232368 0.00719232368 3.46863469
812 2813 7.17146315 0.00717146315 3.46428571
812 2813 7.17133268 0.00717133268 3.46428571
812 2813 7.17142418 0.00717142418 3.46428571
812 2813 7.17130071 0.00717130071 3.46428571
812 2813 7.17117656 0.00717117656 3.46428571
812 2813 7.17132451 0.00717132451 3.46428571
812 2813 7.17125932 0.00717125932 3.46428571
812 2813 7.17138203 0.00717138203 3.46428571
812 2813 7.17130732 0.00717130732 3.46428571
812 2813 7.17132608 0.00717132608 3.46428571
811 2806 7.1485877 0.0071485877 3.45992602
811 2806 7.14859674 0.00714859674 3.45992602
811 2806 7.14853753 0.00714853753 3.45992602
811 2806 7.14861202 0.00714861202 3.45992602
811 2806 7.14836387 0.00714836387 3.45992602
811 2806 7.14856379 0.00714856379 3.45992602
811 2806 7.14849959 0.00714849959 3.45992602
811 2803 7.14622935 0.00714622935 3.45622688
811 2803 7.14612347 0.00714612347 3.45622688
811 2803 7.14622593 0.00714622593 3.45622688
810 2800 7.12343432 0.00712343432 3.45679012
810 2796 7.13498211 0.00713498211 3.45185185
810 2796 7.13491883 0.00713491883 3.45185185
810 2796 7.13479842 0.00713479842 3.45185185
810 2796 7.1348706 0.0071348706 3.45185185
810 2800 7.13388329 0.00713388329 3.45679012
810 2800 7.13375225 0.00713375225 3.45679012
810 2800 7.13271244 0.00713271244 3.45679012
810 2800 7.13288061 0.00713288061 3.45679012
810 2800 7.13269659 0.00713269659 3.45679012
809 2793 7.11196028 0.00711196028 3.45241038
809 2793 7.11230961 0.00711230961 3.45241038
809 2793 7.11212278 0.00711212278 3.45241038
809 2793 7.11616027 0.00711616027 3.45241038
809 2797 7.11838634 0.00711838634 3.45735476
809 2797 7.11840196 0.00711840196 3.45735476
809 2797 7.11831208 0.00711831208 3.45735476
809 2797 7.11848526 0.00711848526 3.45735476
809 2797 7.11819164 0.00711819164 3.45735476
809 2797 7.11842586 0.00711842586 3.45735476
808 2790 7.09663267 0.00709663267 3.4529703
808 2790 7.09667139 0.00709667139 3.4529703
808 2790 7.09643156 0.00709643156 3.4529703
808 2790 7.09639595 0.00709639595 3.4529703
808 2790 7.09652236 0.00709652236 3.4529703
808 2790 7.09653194 0.00709653194 3.4529703
808 2790 7.09652765 0.00709652765 3.4529703
808 2790 7.09624853 0.00709624853 3.4529703
808 2790 7.09637989 0.00709637989 3.4529703
808 2790 7.09621525 0.00709621525 3.4529703
807 2784 7.07439532 0.00707439532 3.44981413
807 2784 7.07429443 0.00707429443 3.44981413
807 2784 7.07434978 0.00707434978 3.44981413
807 2784 7.07441689 0.00707441689 3.44981413
807 2784 7.07439235 0.00707439235 3.44981413
807 2784 7.07434833 0.00707434833 3.44981413
807 2786 7.07397753 0.00707397753 3.45229244
807 2785 7.07516152 0.00707516152 3.45105328
807 2785 7.07504319 0.00707504319 3.45105328
807 2785 7.07516735 0.00707516735 3.45105328
806 2777 7.050322 0.007050322 3.44540943
806 2782 7.03970635 0.00703970635 3.4516129
806 2779 7.05325489 0.00705325489 3.44789082
806 2779 7.05296081 0.00705296081 3.44789082
806 2779 7.05288361 0.00705288361 3.44789082
806 2779 7.05294457 0.00705294457 3.44789082
806 2779 7.05275638 0.00705275638 3.44789082
806 2779 7.05274347 0.00705274347 3.44789082
806 2779 7.05279308 0.00705279308 3.44789082
806 2779 7.05296582 0.00705296582 3.44789082
805 2772 7.02806208 0.00702806208 3.44347826
805 2775 7.0287593 0.0070287593 3.44720497
805 2772 7.02912025 0.00702912025 3.44347826
805 2772 7.02890638 0.00702890638 3.44347826
805 2772 7.02905766 0.00702905766 3.44347826
805 2773 7.02947592 0.00702947592 3.4447205
805 2773 7.02933084 0.00702933084 3.4447205
805 2773 7.02950304 0.00702950304 3.4447205
805 2773 7.02915409 0.00702915409 3.4447205
805 2773 7.02940677 0.00702940677 3.4447205
804 2769 7.00531099 0.00700531099 3.44402985
804 2765 7.00470699 0.00700470699 3.43905473
804 2765 7.00547194 0.00700547194 3.43905473
804 2768 7.0062845 0.0070062845 3.44278607
804 2768 7.00617206 0.00700617206 3.44278607
804 2768 7.0062652 0.0070062652 3.44278607
804 2768 7.00609715 0.00700609715 3.44278607
804 2768 7.00606641 0.00700606641 3.44278607
804 2768 7.00648957 0.00700648957 3.44278607
804 2768 7.00627177 0.00700627177 3.44278607
803 2760 6.98238929 0.00698238929 3.43711083
803 2760 6.9822969 0.0069822969 3.43711083
803 2763 6.98241727 0.00698241727 3.44084682
803 2763 6.98214473 0.00698214473 3.44084682
803 2762 6.981817 0.006981817 3.43960149
803 2762 6.9817783 0.0069817783 3.43960149
803 2762 6.98176034 0.00698176034 3.43960149
803 2762 6.9816176 0.0069816176 3.43960149
803 2762 6.98161523 0.00698161523 3.43960149
803 2762 6.98186414 0.00698186414 3.43960149
802 2757 6.95861055 0.00695861055 3.43765586
802 2757 6.95872361 0.00695872361 3.43765586
802 2757 6.95875364 0.00695875364 3.43765586
802 2755 6.9598756 0.0069598756 3.43516209
802 2755 6.96126949 0.00696126949 3.43516209
802 2753 6.96354796 0.00696354796 3.43266833
802 2753 6.96336767 0.00696336767 3.43266833
802 2751 6.96658419 0.00696658419 3.43017456
801 2745 6.95454206 0.00695454206 3.42696629
801 2745 6.95457238 0.00695457238 3.42696629
800 2741 6.93125539 0.00693125539 3.42625
800 2741 6.9310267 0.0069310267 3.42625
800 2740 6.93258905 0.00693258905 3.425
800 2740 6.93246583 0.00693246583 3.425
800 2740 6.93242604 0.00693242604 3.425
800 2740 6.93263084 0.00693263084 3.425
800 2741 6.92143468 0.00692143468 3.42625
800 2741 6.92153151 0.00692153151 3.42625
800 2741 6.92163647 0.00692163647 3.42625
800 2738 6.93303932 0.00693303932 3.4225
799 2733 6.90902355 0.00690902355 3.42052566
799 2732 6.91151138 0.00691151138 3.41927409
799 2732 6.91152377 0.00691152377 3.41927409
799 2734 6.90230628 0.00690230628 3.42177722
799 2735 6.90343282 0.00690343282 3.42302879
799 2736 6.90488114 0.00690488114 3.42428035
799 2736 6.90469774 0.00690469774 3.42428035
799 2736 6.90484175 0.00690484175 3.42428035
799 2736 6.90479979 0.00690479979 3.42428035
799 2736 6.90476507 0.00690476507 3.42428035
798 2730 6.89659526 0.00689659526 3.42105263
798 2730 6.89662632 0.00689662632 3.42105263
798 2730 6.89646799 0.00689646799 3.42105263
798 2730 6.89660573 0.00689660573 3.42105263
798 2730 6.8965033 0.0068965033 3.42105263
798 2730 6.89660441 0.00689660441 3.42105263
798 2730 6.89660101 0.00689660101 3.42105263
798 2730 6.89660116 0.00689660116 3.42105263
798 2730 6.89656058 0.00689656058 3.42105263
798 2730 6.89656326 0.00689656326 3.42105263
797 2725 6.87325809 0.00687325809 3.41907152
797 2725 6.87668745 0.00687668745 3.41907152
797 2725 6.8766394 0.0068766394 3.41907152
797 2725 6.87666471 0.00687666471 3.41907152
797 2725 6.8767072 0.0068767072 3.41907152
797 2725 6.87653269 0.00687653269 3.41907152
797 2725 6.87672059 0.00687672059 3.41907152
797 2725 6.87663078 0.00687663078 3.41907152
797 2725 6.87677119 0.00687677119 3.41907152
797 2725 6.87669733 0.00687669733 3.41907152
796 2715 6.85468043 0.00685468043 3.41080402
796 2720 6.85743827 0.00685743827 3.41708543
796 2720 6.85730425 0.00685730425 3.41708543
796 2720 6.85732741 0.00685732741 3.41708543
796 2720 6.8573914 0.0068573914 3.41708543
796 2720 6.85741702 0.00685741702 3.41708543
796 2720 6.85742768 0.00685742768 3.41708543
796 2720 6.85742241 0.00685742241 3.41708543
796 2720 6.85740069 0.00685740069 3.41708543
796 2720 6.85739464 0.00685739464 3.41708543
795 2710 6.83539698 0.00683539698 3.40880503
795 2710 6.83539309 0.00683539309 3.40880503
795 2710 6.83516463 0.00683516463 3.40880503
795 2713 6.83588709 0.00683588709 3.41257862
795 2713 6.83563578 0.00683563578 3.41257862
795 2713 6.83555033 0.00683555033 3.41257862
795 2713 6.83572795 0.00683572795 3.41257862
795 2710 6.83548115 0.00683548115 3.40880503
795 2717 6.83579767 0.00683579767 3.41761006
795 2717 6.83566085 0.00683566085 3.41761006
794 2710 6.81406623 0.00681406623 3.41309824
794 2710 6.81397988 0.00681397988 3.41309824
794 2710 6.81403567 0.00681403567 3.41309824
794 2710 6.81392702 0.00681392702 3.41309824
794 2710 6.81391978 0.00681391978 3.41309824
794 2710 6.81407292 0.00681407292 3.41309824
794 2710 6.81402543 0.00681402543 3.41309824
794 2710 6.8140229 0.0068140229 3.41309824
794 2703 6.81430401 0.00681430401 3.40428212
794 2703 6.8142344 0.0068142344 3.40428212
793 2700 6.79230523 0.00679230523 3.40479193
793 2700 6.79217379 0.00679217379 3.40479193
793 2700 6.79225481 0.00679225481 3.40479193
793 2700 6.79198865 0.00679198865 3.40479193
793 2700 6.7920964 0.0067920964 3.40479193
793 2700 6.79226045 0.00679226045 3.40479193
793 2700 6.79229645 0.00679229645 3.40479193
793 2700 6.79226055 0.00679226055 3.40479193
793 2700 6.79221518 0.00679221518 3.40479193
793 2698 6.7917986 0.0067917986 3.40226986
792 2691 6.7685127 0.0067685127 3.39772727
792 2691 6.76856914 0.00676856914 3.39772727
792 2686 6.76334098 0.00676334098 3.39141414
792 2684 6.77344736 0.00677344736 3.38888889
792 2684 6.77334592 0.00677334592 3.38888889
792 2684 6.77351233 0.00677351233 3.38888889
792 2684 6.77334896 0.00677334896 3.38888889
792 2684 6.77329321 0.00677329321 3.38888889
792 2684 6.77337865 0.00677337865 3.38888889
792 2684 6.77344378 0.00677344378 3.38888889
791 2681 6.749333 0.006749333 3.38938053
791 2680 6.74990013 0.00674990013 3.38811631
791 2680 6.75064838 0.00675064838 3.38811631
791 2680 6.7506042 0.0067506042 3.38811631
791 2680 6.75087449 0.00675087449 3.38811631
791 2678 6.75049224 0.00675049224 3.38558786
791 2679 6.75140927 0.00675140927 3.38685209
791 2679 6.75150822 0.00675150822 3.38685209
791 2679 6.75155175 0.00675155175 3.38685209
791 2679 6.75162577 0.00675162577 3.38685209
790 2672 6.72896698 0.00672896698 3.38227848
790 2672 6.72861778 0.00672861778 3.38227848
790 2676 6.72878054 0.00672878054 3.38734177
790 2674 6.72275635 0.00672275635 3.38481013
790 2674 6.72254577 0.00672254577 3.38481013
790 2674 6.72291176 0.00672291176 3.38481013
790 2674 6.72280105 0.00672280105 3.38481013
790 2678 6.72826301 0.00672826301 3.38987342
790 2678 6.72833302 0.00672833302 3.38987342
790 2678 6.73535271 0.00673535271 3.38987342
789 2675 6.71346889 0.00671346889 3.39036755
789 2674 6.71827782 0.00671827782 3.38910013
789 2674 6.71828356 0.00671828356 3.38910013
789 2674 6.71816516 0.00671816516 3.38910013
788 2667 6.69845347 0.00669845347 3.38451777
788 2667 6.69813269 0.00669813269 3.38451777
788 2667 6.69860018 0.00669860018 3.38451777
788 2667 6.69857042 0.00669857042 3.38451777
788 2667 6.69847232 0.00669847232 3.38451777
788 2667 6.69875843 0.00669875843 3.38451777
787 2661 6.67546616 0.00667546616 3.38119441
787 2660 6.66985148 0.00666985148 3.37992376
787 2661 6.67538695 0.00667538695 3.38119441
787 2661 6.67550759 0.00667550759 3.38119441
787 2661 6.6757426 0.0066757426 3.38119441
787 2661 6.67541099 0.00667541099 3.38119441
787 2661 6.67534483 0.00667534483 3.38119441
787 2661 6.67542074 0.00667542074 3.38119441
787 2661 6.67532581 0.00667532581 3.38119441
787 2661 6.67551493 0.00667551493 3.38119441
786 2654 6.65313055 0.00665313055 3.37659033
786 2654 6.65310042 0.00665310042 3.37659033
786 2656 6.65257953 0.00665257953 3.37913486
786 2654 6.65439071 0.00665439071 3.37659033
786 2654 6.65437726 0.00665437726 3.37659033
786 2651 6.65384955 0.00665384955 3.37277354
786 2651 6.65376958 0.00665376958 3.37277354
786 2651 6.65379609 0.00665379609 3.37277354
786 2651 6.65418593 0.00665418593 3.37277354
786 2651 6.6537724 0.0066537724 3.37277354
785 2645 6.63167271 0.00663167271 3.36942675
785 2645 6.63126893 0.00663126893 3.36942675
785 2642 6.6313883 0.0066313883 3.3656051
785 2644 6.63130231 0.00663130231 3.36815287
785 2644 6.63142413 0.00663142413 3.36815287
785 2644 6.63129053 0.00663129053 3.36815287
785 2644 6.63120901 0.00663120901 3.36815287
785 2644 6.6316605 0.0066316605 3.36815287
785 2644 6.63138433 0.00663138433 3.36815287
785 2646 6.6331923 0.0066331923 3.37070064
784 2639 6.61238503 0.00661238503 3.36607143
784 2636 6.61186359 0.00661186359 3.3622449
784 2636 6.61174325 0.00661174325 3.3622449
784 2634 6.61259463 0.00661259463 3.35969388
784 2642 6.61140108 0.00661140108 3.36989796
784 2634 6.61281948 0.00661281948 3.35969388
784 2634 6.6125035 0.0066125035 3.35969388
784 2637 6.61128698 0.00661128698 3.36352041
784 2637 6.61115031 0.00661115031 3.36352041
784 2637 6.61147368 0.00661147368 3.36352041
783 2633 6.58912625 0.00658912625 3.36270754
783 2630 6.5926543 0.0065926543 3.35887612
783 2630 6.59278788 0.00659278788 3.35887612
783 2631 6.58436724 0.00658436724 3.36015326
783 2631 6.58453015 0.00658453015 3.36015326
783 2631 6.58456685 0.00658456685 3.36015326
783 2631 6.57453425 0.00657453425 3.36015326
783 2631 6.57456281 0.00657456281 3.36015326
783 2631 6.57442456 0.00657442456 3.36015326
783 2631 6.57430481 0.00657430481 3.36015326
782 2624 6.55388773 0.00655388773 3.35549872
782 2626 6.5621452 0.0065621452 3.35805627
782 2626 6.56210469 0.00656210469 3.35805627
782 2622 6.5664354 0.0065664354 3.35294118
782 2622 6.56656178 0.00656656178 3.35294118
782 2622 6.56611285 0.00656611285 3.35294118
782 2622 6.56642903 0.00656642903 3.35294118
782 2622 6.5662623 0.0065662623 3.35294118
782 2621 6.56512786 0.00656512786 3.3516624
782 2626 6.56337895 0.00656337895 3.35805627
781 2616 6.54280979 0.00654280979 3.34955186
781 2620 6.54539722 0.00654539722 3.3546735
781 2623 6.54595524 0.00654595524 3.35851472
781 2627 6.54240105 0.00654240105 3.36363636
781 2630 6.53742249 0.00653742249 3.36747759
781 2632 6.51780167 0.00651780167 3.37003841
781 2631 6.52983186 0.00652983186 3.368758
781 2627 6.51984434 0.00651984434 3.36363636
781 2626 6.52964568 0.00652964568 3.36235595
781 2628 6.53020295 0.00653020295 3.36491677
780 2621 6.51993168 0.00651993168 3.36025641
780 2622 6.52039518 0.00652039518 3.36153846
779 2617 6.52032811 0.00652032811 3.35943517
778 2612 6.51069201 0.00651069201 3.35732648
778 2613 6.51413668 0.00651413668 3.35861183
778 2613 6.51396443 0.00651396443 3.35861183
778 2613 6.5141882 0.0065141882 3.35861183
778 2616 6.50420538 0.00650420538 3.36246787
778 2615 6.50819141 0.00650819141 3.36118252
778 2614 6.51435691 0.00651435691 3.35989717
777 2609 6.49631061 0.00649631061 3.35778636
777 2607 6.49222821 0.00649222821 3.35521236
777 2604 6.49957065 0.00649957065 3.35135135
777 2605 6.50477175 0.00650477175 3.35263835
777 2601 6.49996238 0.00649996238 3.34749035
777 2601 6.49991947 0.00649991947 3.34749035
777 2601 6.49989611 0.00649989611 3.34749035
777 2601 6.50027044 0.00650027044 3.34749035
777 2603 6.50539074 0.00650539074 3.35006435
777 2606 6.49228198 0.00649228198 3.35392535
776 2599 6.47299577 0.00647299577 3.3492268
776 2593 6.46621277 0.00646621277 3.34149485
776 2598 6.46545378 0.00646545378 3.34793814
776 2601 6.4853075 0.0064853075 3.35180412
775 2597 6.4720564 0.0064720564 3.35096774
775 2598 6.45530979 0.00645530979 3.35225806
775 2596 6.45245641 0.00645245641 3.34967742
775 2602 6.45562485 0.00645562485 3.35741935
775 2599 6.43935832 0.00643935832 3.35354839
775 2596 6.42962942 0.00642962942 3.34967742
774 2588 6.42699992 0.00642699992 3.34366925
773 2579 6.40812386 0.00640812386 3.33635188
773 2580 6.41088651 0.00641088651 3.33764554
773 2584 6.42161403 0.00642161403 3.34282018
773 2584 6.42161959 0.00642161959 3.34282018
773 2587 6.43734415 0.00643734415 3.34670116
772 2576 6.42880144 0.00642880144 3.33678756
772 2576 6.42733992 0.00642733992 3.33678756
772 2577 6.41098629 0.00641098629 3.3380829
771 2572 6.39356028 0.00639356028 3.33592737
770 2567 6.39121912 0.00639121912 3.33376623
770 2566 6.3749695 0.0063749695 3.33246753
770 2568 6.37114067 0.00637114067 3.33506494
770 2568 6.35604494 0.00635604494 3.33506494
770 2570 6.34864018 0.00634864018 3.33766234
769 2564 6.34820737 0.00634820737 3.33420026
769 2565 6.33672964 0.00633672964 3.33550065
768 2560 6.32602939 0.00632602939 3.33333333
768 2558 6.30862556 0.00630862556 3.33072917
767 2551 6.29731309 0.00629731309 3.32594524
766 2546 6.28727428 0.00628727428 3.32375979
766 2543 6.27456552 0.00627456552 3.31984334
766 2549 6.27309615 0.00627309615 3.32767624
765 2541 6.25807493 0.00625807493 3.32156863
765 2539 6.25854648 0.00625854648 3.31895425
765 2539 6.25817749 0.00625817749 3.31895425
765 2541 6.27306892 0.00627306892 3.32156863
765 2547 6.27349766 0.00627349766 3.32941176
765 2550 6.29018949 0.00629018949 3.33333333
765 2548 6.30743298 0.00630743298 3.33071895
764 2539 6.28948065 0.00628948065 3.32329843
764 2541 6.29360155 0.00629360155 3.32591623
764 2541 6.29345236 0.00629345236 3.32591623
764 2538 6.29789341 0.00629789341 3.32198953
764 2538 6.29173847 0.00629173847 3.32198953
764 2531 6.2913396 0.0062913396 3.31282723
764 2528 6.29567283 0.00629567283 3.30890052
764 2535 6.29627331 0.00629627331 3.31806283
764 2535 6.29610033 0.00629610033 3.31806283
764 2540 6.29859226 0.00629859226 3.32460733
763 2533 6.29617111 0.00629617111 3.3197903
763 2533 6.29610272 0.00629610272 3.3197903
763 2533 6.29621304 0.00629621304 3.3197903
763 2533 6.29622552 0.00629622552 3.3197903
763 2531 6.29769211 0.00629769211 3.31716907
763 2531 6.29762691 0.00629762691 3.31716907
763 2531 6.29751211 0.00629751211 3.31716907
763 2531 6.29746793 0.00629746793 3.31716907
763 2531 6.29777656 0.00629777656 3.31716907
763 2531 6.29743814 0.00629743814 3.31716907
762 2529 6.27906051 0.00627906051 3.31889764
762 2529 6.27863563 0.00627863563 3.31889764
762 2529 6.27885968 0.00627885968 3.31889764
762 2529 6.27878058 0.00627878058 3.31889764
762 2529 6.27881176 0.00627881176 3.31889764
762 2529 6.27876189 0.00627876189 3.31889764
762 2529 6.2788758 0.0062788758 3.31889764
762 2528 6.27230491 0.00627230491 3.3175853
762 2528 6.27232297 0.00627232297 3.3175853
762 2528 6.27220609 0.00627220609 3.3175853
761 2519 6.25376422 0.00625376422 3.31011827
761 2519 6.25361572 0.00625361572 3.31011827
761 2520 6.24399413 0.00624399413 3.31143233
761 2516 6.25214917 0.00625214917 3.30617608
761 2516 6.25207177 0.00625207177 3.30617608
761 2516 6.25220948 0.00625220948 3.30617608
761 2515 6.25498858 0.00625498858 3.30486202
761 2515 6.25484583 0.00625484583 3.30486202
760 2513 6.23685037 0.00623685037 3.30657895
760 2513 6.23690718 0.00623690718 3.30657895
759 2503 6.21569076 0.00621569076 3.29776021
759 2504 6.21624932 0.00621624932 3.29907773
759 2504 6.21626945 0.00621626945 3.29907773
759 2508 6.21747427 0.00621747427 3.30434783
759 2508 6.21740365 0.00621740365 3.30434783
759 2504 6.21419455 0.00621419455 3.29907773
759 2504 6.21441856 0.00621441856 3.29907773
759 2505 6.197834 0.006197834 3.30039526
759 2505 6.19755932 0.00619755932 3.30039526
759 2505 6.1975799 0.0061975799 3.30039526
758 2495 6.17663542 0.00617663542 3.29155673
758 2498 6.17321438 0.00617321438 3.29551451
758 2496 6.1772064 0.0061772064 3.29287599
758 2500 6.17853786 0.00617853786 3.29815303
758 2500 6.17847298 0.00617847298 3.29815303
758 2500 6.17851062 0.00617851062 3.29815303
758 2498 6.19770912 0.00619770912 3.29551451
758 2498 6.19790245 0.00619790245 3.29551451
758 2497 6.21473062 0.00621473062 3.29419525
758 2497 6.21459846 0.00621459846 3.29419525
757 2488 6.19350247 0.00619350247 3.28665786
757 2492 6.19905064 0.00619905064 3.29194188
757 2488 6.20304618 0.00620304618 3.28665786
757 2488 6.20317967 0.00620317967 3.28665786
757 2488 6.20312379 0.00620312379 3.28665786
757 2488 6.20310221 0.00620310221 3.28665786
757 2488 6.20308111 0.00620308111 3.28665786
757 2488 6.20326518 0.00620326518 3.28665786
757 2488 6.20339596 0.00620339596 3.28665786
757 2488 6.20938007 0.00620938007 3.28665786
756 2482 6.19007105 0.00619007105 3.28306878
756 2483 6.19112214 0.00619112214 3.28439153
756 2483 6.19095534 0.00619095534 3.28439153
755 2482 6.17564694 0.00617564694 3.28741722
755 2482 6.17559663 0.00617559663 3.28741722
755 2482 6.17570782 0.00617570782 3.28741722
755 2484 6.16545869 0.00616545869 3.29006623
755 2484 6.16543489 0.00616543489 3.29006623
755 2483 6.17121044 0.00617121044 3.28874172
755 2483 6.17125694 0.00617125694 3.28874172
754 2479 6.15250215 0.00615250215 3.28779841
754 2479 6.15237381 0.00615237381 3.28779841
754 2479 6.15251032 0.00615251032 3.28779841
754 2476 6.16056565 0.00616056565 3.28381963
754 2476 6.16029251 0.00616029251 3.28381963
754 2476 6.16053783 0.00616053783 3.28381963
754 2476 6.16028109 0.00616028109 3.28381963
754 2476 6.1604923 0.0061604923 3.28381963
754 2479 6.16138972 0.00616138972 3.28779841
754 2479 6.1613629 0.0061613629 3.28779841
753 2474 6.14102183 0.00614102183 3.28552457
753 2474 6.14087778 0.00614087778 3.28552457
753 2470 6.14140487 0.00614140487 3.28021248
753 2470 6.1414241 0.0061414241 3.28021248
753 2470 6.14135174 0.00614135174 3.28021248
753 2470 6.14138043 0.00614138043 3.28021248
753 2470 6.14133345 0.00614133345 3.28021248
753 2470 6.14505521 0.00614505521 3.28021248
753 2470 6.14506142 0.00614506142 3.28021248
753 2470 6.14509093 0.00614509093 3.28021248
752 2461 6.12565255 0.00612565255 3.27260638
752 2461 6.12557792 0.00612557792 3.27260638
752 2461 6.12538863 0.00612538863 3.27260638
752 2461 6.12555251 0.00612555251 3.27260638
752 2461 6.12547272 0.00612547272 3.27260638
752 2461 6.12538317 0.00612538317 3.27260638
752 2464 6.1263018 0.0061263018 3.27659574
752 2464 6.12621934 0.00612621934 3.27659574
752 2461 6.12554954 0.00612554954 3.27260638
752 2461 6.12564346 0.00612564346 3.27260638
751 2454 6.10460108 0.00610460108 3.26764314
751 2456 6.10527058 0.00610527058 3.27030626
751 2457 6.10697784 0.00610697784 3.27163782
751 2460 6.10863514 0.00610863514 3.27563249
751 2460 6.10831556 0.00610831556 3.27563249
751 2460 6.10863306 0.00610863306 3.27563249
751 2460 6.10859538 0.00610859538 3.27563249
751 2460 6.10870471 0.00610870471 3.27563249
751 2460 6.10827756 0.00610827756 3.27563249
751 2460 6.10864492 0.00610864492 3.27563249
750 2454 6.08848537 0.00608848537 3.272
750 2454 6.08881778 0.00608881778 3.272
750 2454 6.08884858 0.00608884858 3.272
750 2454 6.08875128 0.00608875128 3.272
750 2451 6.0891569 0.0060891569 3.268
750 2451 6.08909201 0.00608909201 3.268
750 2451 6.08903123 0.00608903123 3.268
750 2451 6.08920167 0.00608920167 3.268
750 2449 6.09437468 0.00609437468 3.26533333
750 2449 6.09433541 0.00609433541 3.26533333
749 2442 6.08788774 0.00608788774 3.26034713
749 2442 6.0880165 0.0060880165 3.26034713
749 2442 6.0878522 0.0060878522 3.26034713
749 2442 6.08786653 0.00608786653 3.26034713
749 2442 6.08804796 0.00608804796 3.26034713
749 2442 6.08806676 0.00608806676 3.26034713
749 2442 6.08804966 0.00608804966 3.26034713
749 2442 6.08809165 0.00608809165 3.26034713
749 2442 6.0881216 0.0060881216 3.26034713
749 2442 6.08796202 0.00608796202 3.26034713
748 2436 6.06632876 0.00606632876 3.25668449
748 2438 6.07082671 0.00607082671 3.25935829
748 2438 6.07055312 0.00607055312 3.25935829
748 2438 6.07057366 0.00607057366 3.25935829
748 2438 6.07049078 0.00607049078 3.25935829
748 2438 6.07053382 0.00607053382 3.25935829
748 2438 6.07087986 0.00607087986 3.25935829
748 2438 6.07077181 0.00607077181 3.25935829
748 2438 6.07062224 0.00607062224 3.25935829
748 2438 6.07034596 0.00607034596 3.25935829
747 2432 6.04914797 0.00604914797 3.25568942
747 2432 6.04911089 0.00604911089 3.25568942
747 2431 6.05016889 0.00605016889 3.25435074
747 2432 6.0509041 0.0060509041 3.25568942
747 2432 6.05094172 0.00605094172 3.25568942
747 2432 6.05098019 0.00605098019 3.25568942
747 2432 6.0509726 0.0060509726 3.25568942
747 2432 6.05095975 0.00605095975 3.25568942
747 2432 6.05103352 0.00605103352 3.25568942
747 2432 6.05086429 0.00605086429 3.25568942
746 2428 6.02877354 0.00602877354 3.25469169
746 2428 6.03000141 0.00603000141 3.25469169
746 2428 6.03012696 0.00603012696 3.25469169
746 2428 6.03010216 0.00603010216 3.25469169
746 2425 6.03091232 0.00603091232 3.25067024
746 2425 6.03088162 0.00603088162 3.25067024
746 2427 6.03119325 0.00603119325 3.25335121
746 2427 6.03127491 0.00603127491 3.25335121
746 2427 6.03110612 0.00603110612 3.25335121
746 2427 6.0312957 0.0060312957 3.25335121
745 2421 6.00967281 0.00600967281 3.24966443
745 2421 6.00966997 0.00600966997 3.24966443
745 2421 6.00975019 0.00600975019 3.24966443
745 2421 6.00958882 0.00600958882 3.24966443
745 2421 6.0097273 0.0060097273 3.24966443
745 2421 6.00960392 0.00600960392 3.24966443
745 2421 6.00958942 0.00600958942 3.24966443
745 2420 6.01133746 0.00601133746 3.24832215
745 2420 6.0112879 0.0060112879 3.24832215
745 2417 6.01252215 0.00601252215 3.2442953
744 2410 5.99077545 0.00599077545 3.23924731
744 2414 5.99146252 0.00599146252 3.24462366
744 2411 5.9931214 0.0059931214 3.2405914
744 2411 5.99326014 0.00599326014 3.2405914
744 2411 5.99315463 0.00599315463 3.2405914
744 2411 5.99333657 0.00599333657 3.2405914
744 2411 5.99338695 0.00599338695 3.2405914
744 2411 5.99341118 0.00599341118 3.2405914
744 2411 5.99311722 0.00599311722 3.2405914
744 2411 5.99320736 0.00599320736 3.2405914
743 2405 5.97184201 0.00597184201 3.23687752
743 2405 5.9716974 0.0059716974 3.23687752
743 2408 5.97278756 0.00597278756 3.24091521
743 2404 5.97313616 0.00597313616 3.23553163
743 2404 5.97306114 0.00597306114 3.23553163
743 2404 5.97308495 0.00597308495 3.23553163
743 2403 5.97462886 0.00597462886 3.23418573
743 2403 5.97451864 0.00597451864 3.23418573
743 2403 5.97461996 0.00597461996 3.23418573
743 2403 5.97453362 0.00597453362 3.23418573
742 2396 5.95504492 0.00595504492 3.22911051
742 2396 5.95488463 0.00595488463 3.22911051
742 2396 5.95503337 0.00595503337 3.22911051
742 2396 5.95501172 0.00595501172 3.22911051
742 2396 5.95464986 0.00595464986 3.22911051
742 2396 5.95470697 0.00595470697 3.22911051
742 2396 5.95491659 0.00595491659 3.22911051
742 2396 5.95458259 0.00595458259 3.22911051
742 2396 5.95456367 0.00595456367 3.22911051
742 2396 5.95461516 0.00595461516 3.22911051
741 2391 5.9334743 0.0059334743 3.22672065
741 2389 5.93374979 0.00593374979 3.22402159
741 2389 5.93360991 0.00593360991 3.22402159
741 2389 5.93370141 0.00593370141 3.22402159
741 2389 5.93355716 0.00593355716 3.22402159
741 2389 5.93530343 0.00593530343 3.22402159
741 2389 5.93542184 0.00593542184 3.22402159
741 2389 5.93541064 0.00593541064 3.22402159
741 2389 5.93547993 0.00593547993 3.22402159
741 2389 5.93553866 0.00593553866 3.22402159
740 2385 5.91365616 0.00591365616 3.22297297
740 2383 5.91450643 0.00591450643 3.22027027
740 2383 5.91437583 0.00591437583 3.22027027
740 2383 5.91444643 0.00591444643 3.22027027
740 2383 5.91447987 0.00591447987 3.22027027
740 2383 5.91438722 0.00591438722 3.22027027
740 2382 5.91421024 0.00591421024 3.21891892
740 2382 5.91417688 0.00591417688 3.21891892
740 2382 5.91419965 0.00591419965 3.21891892
740 2382 5.9142922 0.0059142922 3.21891892
739 2378 5.8914968 0.0058914968 3.21786198
739 2379 5.8926518 0.0058926518 3.21921516
739 2379 5.89295122 0.00589295122 3.21921516
739 2373 5.8870286 0.0058870286 3.21109608
739 2373 5.88699597 0.00588699597 3.21109608
739 2377 5.8942012 0.0058942012 3.2165088
739 2371 5.89403306 0.00589403306 3.20838972
739 2371 5.89390672 0.00589390672 3.20838972
739 2371 5.89423139 0.00589423139 3.20838972
739 2371 5.89416474 0.00589416474 3.20838972
738 2367 5.8730283 0.0058730283 3.20731707
738 2364 5.87352318 0.00587352318 3.20325203
738 2364 5.8749769 0.0058749769 3.20325203
738 2364 5.87500301 0.00587500301 3.20325203
738 2364 5.87484989 0.00587484989 3.20325203
738 2364 5.87479249 0.00587479249 3.20325203
738 2364 5.87526938 0.00587526938 3.20325203
738 2364 5.87514781 0.00587514781 3.20325203
738 2364 5.87492235 0.00587492235 3.20325203
738 2364 5.87445693 0.00587445693 3.20325203
737 2357 5.85601082 0.00585601082 3.19810041
737 2357 5.85549997 0.00585549997 3.19810041
737 2359 5.85413006 0.00585413006 3.20081411
737 2359 5.85403595 0.00585403595 3.20081411
737 2359 5.85406927 0.00585406927 3.20081411
737 2359 5.85385067 0.00585385067 3.20081411
737 2359 5.85401849 0.00585401849 3.20081411
737 2358 5.86018863 0.00586018863 3.19945726
737 2360 5.8455769 0.0058455769 3.20217096
737 2360 5.84553082 0.00584553082 3.20217096
736 2354 5.82462224 0.00582462224 3.19836957
736 2354 5.82479666 0.00582479666 3.19836957
736 2354 5.82464501 0.00582464501 3.19836957
736 2354 5.82461071 0.00582461071 3.19836957
736 2354 5.82462075 0.00582462075 3.19836957
736 2354 5.82473352 0.00582473352 3.19836957
736 2354 5.82475296 0.00582475296 3.19836957
736 2354 5.82456293 0.00582456293 3.19836957
736 2355 5.82746649 0.00582746649 3.19972826
736 2355 5.82759071 0.00582759071 3.19972826
735 2348 5.80940809 0.00580940809 3.19455782
735 2344 5.82421437 0.00582421437 3.18911565
735 2349 5.82328916 0.00582328916 3.19591837
735 2349 5.82333569 0.00582333569 3.19591837
735 2349 5.82334595 0.00582334595 3.19591837
735 2349 5.82325119 0.00582325119 3.19591837
735 2351 5.80758711 0.00580758711 3.19863946
735 2351 5.807549 0.005807549 3.19863946
735 2351 5.80758209 0.00580758209 3.19863946
735 2350 5.81844188 0.00581844188 3.19727891
734 2346 5.79617421 0.00579617421 3.19618529
734 2344 5.7968147 0.0057968147 3.19346049
734 2344 5.79744652 0.00579744652 3.19346049
734 2340 5.80397918 0.00580397918 3.1880109
734 2340 5.80393196 0.00580393196 3.1880109
734 2340 5.80389327 0.00580389327 3.1880109
734 2340 5.80398194 0.00580398194 3.1880109
734 2340 5.80391917 0.00580391917 3.1880109
734 2340 5.8039614 0.0058039614 3.1880109
734 2340 5.80399921 0.00580399921 3.1880109
733 2334 5.78409249 0.00578409249 3.18417462
733 2334 5.78417966 0.00578417966 3.18417462
733 2334 5.78433164 0.00578433164 3.18417462
733 2337 5.78506121 0.00578506121 3.18826739
733 2336 5.78760562 0.00578760562 3.18690314
733 2336 5.7873606 0.0057873606 3.18690314
733 2343 5.78987324 0.00578987324 3.19645293
733 2343 5.7896128 0.0057896128 3.19645293
733 2343 5.78973283 0.00578973283 3.19645293
733 2343 5.78966272 0.00578966272 3.19645293
732 2337 5.76900776 0.00576900776 3.19262295
732 2337 5.76909031 0.00576909031 3.19262295
732 2338 5.76902927 0.00576902927 3.19398907
732 2338 5.76898279 0.00576898279 3.19398907
732 2338 5.76901174 0.00576901174 3.19398907
732 2338 5.7690827 0.0057690827 3.19398907
732 2330 5.77375231 0.00577375231 3.18306011
732 2330 5.77371113 0.00577371113 3.18306011
732 2330 5.7737755 0.0057737755 3.18306011
732 2330 5.77372897 0.00577372897 3.18306011
731 2326 5.75172046 0.00575172046 3.18194254
731 2326 5.75177836 0.00575177836 3.18194254
731 2324 5.75238456 0.00575238456 3.17920657
731 2326 5.75416421 0.00575416421 3.18194254
731 2326 5.75415757 0.00575415757 3.18194254
731 2327 5.75498684 0.00575498684 3.18331053
731 2327 5.75514844 0.00575514844 3.18331053
731 2327 5.7547356 0.0057547356 3.18331053
731 2327 5.75501845 0.00575501845 3.18331053
731 2327 5.75484271 0.00575484271 3.18331053
730 2321 5.73355749 0.00573355749 3.17945205
730 2321 5.73426782 0.00573426782 3.17945205
730 2321 5.73412632 0.00573412632 3.17945205
730 2322 5.73525746 0.00573525746 3.18082192
730 2322 5.73530566 0.00573530566 3.18082192
730 2322 5.73515411 0.00573515411 3.18082192
730 2322 5.73542776 0.00573542776 3.18082192
730 2322 5.73525859 0.00573525859 3.18082192
730 2322 5.73504158 0.00573504158 3.18082192
730 2322 5.73532643 0.00573532643 3.18082192
729 2318 5.71266067 0.00571266067 3.17969822
729 2318 5.71547386 0.00571547386 3.17969822
729 2318 5.7153793 0.0057153793 3.17969822
729 2318 5.71548169 0.00571548169 3.17969822
729 2318 5.71543277 0.00571543277 3.17969822
729 2318 5.71538447 0.00571538447 3.17969822
729 2318 5.71557868 0.00571557868 3.17969822
729 2318 5.71533565 0.00571533565 3.17969822
729 2318 5.71543995 0.00571543995 3.17969822
729 2318 5.71533115 0.00571533115 3.17969822
728 2314 5.69399182 0.00569399182 3.17857143
728 2314 5.69403558 0.00569403558 3.17857143
728 2309 5.69419703 0.00569419703 3.1717033
728 2315 5.69234321 0.00569234321 3.17994505
728 2315 5.69243196 0.00569243196 3.17994505
728 2315 5.6924763 0.0056924763 3.17994505
728 2311 5.70979947 0.00570979947 3.17445055
728 2311 5.70975313 0.00570975313 3.17445055
728 2311 5.70977983 0.00570977983 3.17445055
728 2311 5.70971039 0.00570971039 3.17445055
727 2305 5.68927871 0.00568927871 3.17056396
727 2305 5.68914555 0.00568914555 3.17056396
727 2307 5.6904908 0.0056904908 3.17331499
727 2307 5.69052473 0.00569052473 3.17331499
727 2307 5.69025772 0.00569025772 3.17331499
727 2307 5.6905976 0.0056905976 3.17331499
727 2307 5.69027275 0.00569027275 3.17331499
727 2307 5.69047852 0.00569047852 3.17331499
727 2307 5.69034408 0.00569034408 3.17331499
727 2307 5.69045347 0.00569045347 3.17331499
726 2301 5.67032286 0.00567032286 3.16942149
726 2301 5.67015404 0.00567015404 3.16942149
726 2301 5.67027904 0.00567027904 3.16942149
726 2301 5.67018273 0.00567018273 3.16942149
726 2301 5.67022939 0.00567022939 3.16942149
726 2301 5.67038851 0.00567038851 3.16942149
726 2301 5.67027455 0.00567027455 3.16942149
726 2301 5.6703625 0.0056703625 3.16942149
726 2301 5.67036892 0.00567036892 3.16942149
726 2301 5.67029095 0.00567029095 3.16942149
725 2297 5.65005454 0.00565005454 3.16827586
725 2296 5.64511806 0.00564511806 3.16689655
725 2296 5.64626139 0.00564626139 3.16689655
725 2296 5.64638723 0.00564638723 3.16689655
725 2297 5.64509404 0.00564509404 3.16827586
725 2296 5.64533673 0.00564533673 3.16689655
725 2296 5.64522874 0.00564522874 3.16689655
725 2297 5.64510185 0.00564510185 3.16827586
725 2295 5.64622844 0.00564622844 3.16551724
725 2295 5.64633177 0.00564633177 3.16551724
724 2291 5.63750511 0.00563750511 3.16436464
724 2291 5.63762974 0.00563762974 3.16436464
724 2291 5.63759817 0.00563759817 3.16436464
724 2291 5.63746447 0.00563746447 3.16436464
724 2291 5.63759293 0.00563759293 3.16436464
724 2291 5.63779713 0.00563779713 3.16436464
724 2291 5.63744465 0.00563744465 3.16436464
724 2291 5.63746128 0.00563746128 3.16436464
724 2291 5.63756754 0.00563756754 3.16436464
724 2291 5.63748663 0.00563748663 3.16436464
723 2285 5.61638482 0.00561638482 3.1604426
723 2285 5.61630299 0.00561630299 3.1604426
723 2285 5.61635483 0.00561635483 3.1604426
723 2287 5.61652442 0.00561652442 3.16320885
723 2287 5.61819674 0.00561819674 3.16320885
723 2287 5.61810453 0.00561810453 3.16320885
723 2285 5.61811491 0.00561811491 3.1604426
723 2285 5.61832075 0.00561832075 3.1604426
723 2285 5.61810436 0.00561810436 3.1604426
723 2285 5.61816032 0.00561816032 3.1604426
722 2281 5.59761248 0.00559761248 3.15927978
722 2279 5.59747136 0.00559747136 3.1565097
722 2279 5.59738423 0.00559738423 3.1565097
722 2279 5.59744959 0.00559744959 3.1565097
722 2279 5.5975029 0.0055975029 3.1565097
722 2279 5.59735908 0.00559735908 3.1565097
722 2281 5.59887325 0.00559887325 3.15927978
722 2281 5.59901436 0.00559901436 3.15927978
722 2283 5.59817625 0.00559817625 3.16204986
722 2282 5.59439878 0.00559439878 3.16066482
721 2278 5.57339469 0.00557339469 3.15950069
721 2278 5.58934683 0.00558934683 3.15950069
721 2278 5.58927919 0.00558927919 3.15950069
721 2278 5.58930451 0.00558930451 3.15950069
721 2276 5.5897661 0.0055897661 3.15672677
721 2276 5.58981974 0.00558981974 3.15672677
721 2276 5.58987484 0.00558987484 3.15672677
721 2276 5.58990038 0.00558990038 3.15672677
721 2276 5.5899324 0.0055899324 3.15672677
721 2276 5.5898331 0.0055898331 3.15672677
720 2270 5.56896931 0.00556896931 3.15277778
720 2270 5.56898001 0.00556898001 3.15277778
720 2270 5.5689877 0.0055689877 3.15277778
720 2272 5.57075654 0.00557075654 3.15555556
720 2272 5.57063727 0.00557063727 3.15555556
720 2272 5.57077089 0.00557077089 3.15555556
720 2272 5.57068581 0.00557068581 3.15555556
720 2269 5.58881296 0.00558881296 3.15138889
720 2269 5.58870225 0.00558870225 3.15138889
720 2269 5.5886154 0.0055886154 3.15138889
719 2260 5.56770764 0.00556770764 3.14325452
719 2266 5.56682971 0.00556682971 3.15159944
719 2266 5.5668666 0.0055668666 3.15159944
719 2266 5.56696382 0.00556696382 3.15159944
719 2266 5.56668538 0.00556668538 3.15159944
719 2266 5.57118476 0.00557118476 3.15159944
719 2261 5.591771 0.005591771 3.14464534
719 2263 5.59417819 0.00559417819 3.14742698
719 2263 5.59443553 0.00559443553 3.14742698
719 2260 5.59148607 0.00559148607 3.14325452
718 2255 5.57489218 0.00557489218 3.14066852
718 2255 5.5750109 0.0055750109 3.14066852
718 2255 5.57487082 0.00557487082 3.14066852
717 2251 5.56255121 0.00556255121 3.13947001
717 2251 5.56240043 0.00556240043 3.13947001
717 2251 5.56240236 0.00556240236 3.13947001
717 2251 5.5625007 0.0055625007 3.13947001
717 2251 5.56238048 0.00556238048 3.13947001
717 2251 5.562575 0.005562575 3.13947001
717 2251 5.5625927 0.0055625927 3.13947001
716 2247 5.54111625 0.00554111625 3.13826816
716 2245 5.54277829 0.00554277829 3.13547486
716 2248 5.54358788 0.00554358788 3.1396648
716 2248 5.54359169 0.00554359169 3.1396648
716 2248 5.54361058 0.00554361058 3.1396648
716 2243 5.5440307 0.0055440307 3.13268156
716 2243 5.54381795 0.00554381795 3.13268156
716 2248 5.54381742 0.00554381742 3.1396648
716 2247 5.54372149 0.00554372149 3.13826816
716 2247 5.54357181 0.00554357181 3.13826816
715 2241 5.52254969 0.00552254969 3.13426573
715 2241 5.52260154 0.00552260154 3.13426573
715 2241 5.52425647 0.00552425647 3.13426573
715 2241 5.52406461 0.00552406461 3.13426573
715 2241 5.52760345 0.00552760345 3.13426573
715 2241 5.52778733 0.00552778733 3.13426573
715 2241 5.52783533 0.00552783533 3.13426573
715 2241 5.52778406 0.00552778406 3.13426573
715 2241 5.52766878 0.00552766878 3.13426573
715 2241 5.52765302 0.00552765302 3.13426573
714 2237 5.50789368 0.00550789368 3.13305322
714 2237 5.50767539 0.00550767539 3.13305322
714 2237 5.50811109 0.00550811109 3.13305322
714 2237 5.50772521 0.00550772521 3.13305322
714 2237 5.5077739 0.0055077739 3.13305322
714 2237 5.50803369 0.00550803369 3.13305322
714 2233 5.5094023 0.0055094023 3.12745098
714 2233 5.50936521 0.00550936521 3.12745098
714 2238 5.50936552 0.00550936552 3.13445378
714 2233 5.50948675 0.00550948675 3.12745098
713 2230 5.49069754 0.00549069754 3.12762973
713 2230 5.49080285 0.00549080285 3.12762973
713 2230 5.49062974 0.00549062974 3.12762973
713 2230 5.4907601 0.0054907601 3.12762973
713 2230 5.49061538 0.00549061538 3.12762973
713 2230 5.49082515 0.00549082515 3.12762973
713 2230 5.49052143 0.00549052143 3.12762973
713 2232 5.50254447 0.00550254447 3.13043478
713 2232 5.50245325 0.00550245325 3.13043478
713 2232 5.50251282 0.00550251282 3.13043478
712 2228 5.4827324 0.0054827324 3.12921348
712 2228 5.48255673 0.00548255673 3.12921348
712 2228 5.48257514 0.00548257514 3.12921348
712 2228 5.48258652 0.00548258652 3.12921348
712 2228 5.48255791 0.00548255791 3.12921348
712 2228 5.48254081 0.00548254081 3.12921348
712 2228 5.48250352 0.00548250352 3.12921348
712 2228 5.48247747 0.00548247747 3.12921348
712 2228 5.4828272 0.0054828272 3.12921348
712 2226 5.48307739 0.00548307739 3.12640449
711 2220 5.46379004 0.00546379004 3.12236287
710 2214 5.46839654 0.00546839654 3.11830986
710 2214 5.46841104 0.00546841104 3.11830986
710 2214 5.46834308 0.00546834308 3.11830986
710 2214 5.46827357 0.00546827357 3.11830986
710 2214 5.46823227 0.00546823227 3.11830986
710 2214 5.46837834 0.00546837834 3.11830986
710 2214 5.48510067 0.00548510067 3.11830986
710 2214 5.48480857 0.00548480857 3.11830986
710 2214 5.48520872 0.00548520872 3.11830986
709 2208 5.46828611 0.00546828611 3.11424542
709 2208 5.46834354 0.00546834354 3.11424542
709 2208 5.46838851 0.00546838851 3.11424542
709 2208 5.46839674 0.00546839674 3.11424542
709 2208 5.46841436 0.00546841436 3.11424542
709 2209 5.48075738 0.00548075738 3.11565585
708 2205 5.46245019 0.00546245019 3.11440678
708 2205 5.46259535 0.00546259535 3.11440678
708 2205 5.46256319 0.00546256319 3.11440678
708 2205 5.46260079 0.00546260079 3.11440678
707 2199 5.44345379 0.00544345379 3.11032532
707 2199 5.44340522 0.00544340522 3.11032532
707 2199 5.44365062 0.00544365062 3.11032532
707 2199 5.44346946 0.00544346946 3.11032532
707 2199 5.44333084 0.00544333084 3.11032532
707 2199 5.44355888 0.00544355888 3.11032532
707 2198 5.44429271 0.00544429271 3.10891089
707 2198 5.44401062 0.00544401062 3.10891089
707 2198 5.44428099 0.00544428099 3.10891089
707 2198 5.44402589 0.00544402589 3.10891089
706 2191 5.42190799 0.00542190799 3.10339943
706 2189 5.42514636 0.00542514636 3.10056657
706 2191 5.42134801 0.00542134801 3.10339943
706 2191 5.42152071 0.00542152071 3.10339943
706 2191 5.42106903 0.00542106903 3.10339943
706 2191 5.42141225 0.00542141225 3.10339943
706 2191 5.42135386 0.00542135386 3.10339943
706 2195 5.40564581 0.00540564581 3.10906516
706 2190 5.4215924 0.0054215924 3.101983
706 2188 5.42750425 0.00542750425 3.09915014
705 2181 5.40574534 0.00540574534 3.09361702
705 2182 5.40937672 0.00540937672 3.09503546
705 2182 5.40960718 0.00540960718 3.09503546
705 2182 5.40973848 0.00540973848 3.09503546
705 2182 5.40941745 0.00540941745 3.09503546
705 2182 5.40972542 0.00540972542 3.09503546
705 2182 5.4094406 0.0054094406 3.09503546
705 2188 5.40135052 0.00540135052 3.1035461
705 2183 5.40169343 0.00540169343 3.0964539
705 2183 5.40159275 0.00540159275 3.0964539
704 2179 5.38127884 0.00538127884 3.09517045
704 2177 5.38430713 0.00538430713 3.09232955
703 2171 5.36674242 0.00536674242 3.08819346
703 2171 5.36690014 0.00536690014 3.08819346
703 2171 5.36696035 0.00536696035 3.08819346
703 2171 5.36695037 0.00536695037 3.08819346
703 2171 5.36682903 0.00536682903 3.08819346
703 2171 5.3671213 0.0053671213 3.08819346
703 2171 5.36660631 0.00536660631 3.08819346
703 2171 5.37459084 0.00537459084 3.08819346
702 2167 5.35383252 0.00535383252 3.08689459
702 2166 5.35662882 0.00535662882 3.08547009
702 2166 5.35518637 0.00535518637 3.08547009
702 2166 5.35529847 0.00535529847 3.08547009
702 2167 5.36530913 0.00536530913 3.08689459
702 2162 5.36049927 0.00536049927 3.07977208
702 2162 5.36044772 0.00536044772 3.07977208
702 2162 5.36031156 0.00536031156 3.07977208
702 2164 5.35610639 0.00535610639 3.08262108
702 2164 5.3559877 0.0053559877 3.08262108
701 2159 5.33619795 0.00533619795 3.07988588
701 2157 5.34455557 0.00534455557 3.07703281
700 2153 5.33577895 0.00533577895 3.07571429
699 2148 5.31922296 0.00531922296 3.07296137
699 2148 5.3191345 0.0053191345 3.07296137
699 2148 5.31914024 0.00531914024 3.07296137
699 2148 5.3190885 0.0053190885 3.07296137
699 2148 5.31917382 0.00531917382 3.07296137
699 2151 5.32043876 0.00532043876 3.07725322
699 2151 5.32044172 0.00532044172 3.07725322
698 2143 5.3041019 0.0053041019 3.07020057
698 2143 5.30407497 0.00530407497 3.07020057
698 2141 5.31427106 0.00531427106 3.06733524
698 2141 5.31405449 0.00531405449 3.06733524
698 2142 5.31221009 0.00531221009 3.06876791
698 2142 5.3120971 0.0053120971 3.06876791
698 2141 5.30006957 0.00530006957 3.06733524
698 2141 5.30006366 0.00530006366 3.06733524
698 2141 5.30002942 0.00530002942 3.06733524
698 2141 5.30010011 0.00530010011 3.06733524
697 2134 5.2801417 0.0052801417 3.06169297
697 2136 5.28615942 0.00528615942 3.06456241
697 2136 5.28629675 0.00528629675 3.06456241
697 2137 5.29257091 0.00529257091 3.06599713
696 2130 5.28115264 0.00528115264 3.06034483
696 2128 5.27940918 0.00527940918 3.05747126
696 2125 5.27861373 0.00527861373 3.05316092
696 2125 5.27851306 0.00527851306 3.05316092
696 2125 5.27851975 0.00527851975 3.05316092
695 2120 5.26125212 0.00526125212 3.05035971
694 2113 5.24113193 0.00524113193 3.04466859
694 2115 5.24268223 0.00524268223 3.04755043
694 2115 5.24246978 0.00524246978 3.04755043
694 2115 5.24269956 0.00524269956 3.04755043
694 2115 5.24259303 0.00524259303 3.04755043
693 2108 5.22978339 0.00522978339 3.04184704
693 2108 5.22975091 0.00522975091 3.04184704
693 2108 5.22984293 0.00522984293 3.04184704
693 2108 5.22980031 0.00522980031 3.04184704
693 2108 5.22969928 0.00522969928 3.04184704
692 2100 5.2116954 0.0052116954 3.03468208
692 2100 5.21171038 0.00521171038 3.03468208
692 2100 5.21154495 0.00521154495 3.03468208
692 2100 5.21166902 0.00521166902 3.03468208
692 2095 5.20557058 0.00520557058 3.02745665
692 2095 5.20561249 0.00520561249 3.02745665
692 2095 5.20695003 0.00520695003 3.02745665
692 2095 5.20693612 0.00520693612 3.02745665
692 2093 5.18915982 0.00518915982 3.02456647
692 2094 5.20935449 0.00520935449 3.02601156
691 2088 5.19872123 0.00519872123 3.02170767
691 2088 5.19869079 0.00519869079 3.02170767
691 2088 5.19869036 0.00519869036 3.02170767
690 2081 5.18713849 0.00518713849 3.01594203
690 2084 5.19146476 0.00519146476 3.02028986
690 2084 5.19157434 0.00519157434 3.02028986
690 2084 5.19159303 0.00519159303 3.02028986
690 2084 5.19159262 0.00519159262 3.02028986
690 2084 5.19152866 0.00519152866 3.02028986
690 2084 5.1914062 0.0051914062 3.02028986
689 2080 5.17189476 0.00517189476 3.01886792
689 2080 5.17297036 0.00517297036 3.01886792
689 2074 5.17263894 0.00517263894 3.01015965
689 2078 5.18116453 0.00518116453 3.01596517
689 2078 5.18129027 0.00518129027 3.01596517
689 2078 5.18130842 0.00518130842 3.01596517
689 2078 5.18130757 0.00518130757 3.01596517
689 2078 5.18144197 0.00518144197 3.01596517
689 2078 5.18111816 0.00518111816 3.01596517
689 2078 5.18128485 0.00518128485 3.01596517
688 2073 5.16211687 0.00516211687 3.0130814
688 2073 5.16223155 0.00516223155 3.0130814
688 2073 5.16213485 0.00516213485 3.0130814
688 2073 5.16205511 0.00516205511 3.0130814
688 2073 5.16203352 0.00516203352 3.0130814
688 2071 5.16208161 0.00516208161 3.01017442
688 2071 5.16214431 0.00516214431 3.01017442
688 2071 5.1621514 0.0051621514 3.01017442
688 2071 5.16214389 0.00516214389 3.01017442
688 2071 5.16210221 0.00516210221 3.01017442
687 2067 5.14385324 0.00514385324 3.00873362
687 2066 5.14397087 0.00514397087 3.00727802
687 2066 5.143903 0.005143903 3.00727802
687 2066 5.14383443 0.00514383443 3.00727802
687 2066 5.1437686 0.0051437686 3.00727802
687 2066 5.14398036 0.00514398036 3.00727802
687 2063 5.14398989 0.00514398989 3.00291121
687 2063 5.14418402 0.00514418402 3.00291121
687 2063 5.14412667 0.00514412667 3.00291121
687 2063 5.1440624 0.0051440624 3.00291121
686 2060 5.12608858 0.00512608858 3.00291545
686 2060 5.12617145 0.00512617145 3.00291545
686 2060 5.12619852 0.00512619852 3.00291545
686 2060 5.12616648 0.00512616648 3.00291545
686 2060 5.12615273 0.00512615273 3.00291545
686 2060 5.1261486 0.0051261486 3.00291545
686 2060 5.12567937 0.00512567937 3.00291545
686 2060 5.12577355 0.00512577355 3.00291545
686 2060 5.1257225 0.0051257225 3.00291545
686 2060 5.12575125 0.00512575125 3.00291545
685 2055 5.10547093 0.00510547093 3
685 2056 5.10634261 0.00510634261 3.00145985
685 2056 5.10618789 0.00510618789 3.00145985
685 2056 5.10627373 0.00510627373 3.00145985
685 2055 5.10734131 0.00510734131 3
685 2055 5.10733002 0.00510733002 3
685 2055 5.10735775 0.00510735775 3
685 2055 5.10730398 0.00510730398 3
685 2055 5.10734327 0.00510734327 3
685 2055 5.10723149 0.00510723149 3
684 2051 5.08767269 0.00508767269 2.99853801
684 2049 5.08932121 0.00508932121 2.99561404
684 2049 5.08920898 0.00508920898 2.99561404
684 2049 5.08926491 0.00508926491 2.99561404
684 2052 5.09353824 0.00509353824 3
684 2053 5.09109461 0.00509109461 3.00146199
683 2049 5.07288943 0.00507288943 3
683 2052 5.07401716 0.00507401716 3.00439239
683 2052 5.07428614 0.00507428614 3.00439239
683 2056 5.07594599 0.00507594599 3.0102489
682 2052 5.05682895 0.00505682895 3.00879765
682 2051 5.05664627 0.00505664627 3.00733138
682 2050 5.05754054 0.00505754054 3.0058651
682 2050 5.05768085 0.00505768085 3.0058651
682 2050 5.05922856 0.00505922856 3.0058651
682 2047 5.04358118 0.00504358118 3.00146628
682 2050 5.03939442 0.00503939442 3.0058651
681 2038 5.02186397 0.00502186397 2.99265786
681 2045 5.02641727 0.00502641727 3.00293686
681 2045 5.03253273 0.00503253273 3.00293686
680 2037 5.01687672 0.00501687672 2.99558824
680 2040 5.03107912 0.00503107912 3
680 2040 5.03133043 0.00503133043 3
679 2034 5.01673338 0.00501673338 2.99558174
679 2034 5.01690104 0.00501690104 2.99558174
679 2034 5.0167532 0.0050167532 2.99558174
679 2034 5.01681905 0.00501681905 2.99558174
679 2035 5.0110385 0.0050110385 2.99705449
679 2041 4.99625692 0.00499625692 3.00589102
679 2041 4.99630984 0.00499630984 3.00589102
678 2035 4.97951696 0.00497951696 3.00147493
677 2027 4.97662666 0.00497662666 2.99409158
677 2025 4.97630942 0.00497630942 2.99113737
677 2028 4.98353193 0.00498353193 2.99556869
677 2028 4.98337437 0.00498337437 2.99556869
676 2025 4.97054379 0.00497054379 2.99556213
676 2025 4.9704896 0.0049704896 2.99556213
676 2025 4.97041677 0.00497041677 2.99556213
676 2025 4.97056028 0.00497056028 2.99556213
675 2015 4.95825861 0.00495825861 2.98518519
674 2009 4.95097675 0.00495097675 2.98071217
674 2009 4.951011 0.004951011 2.98071217
674 2005 4.95108339 0.00495108339 2.97477745
674 2005 4.95114171 0.00495114171 2.97477745
673 2000 4.93387031 0.00493387031 2.9717682
672 1996 4.91935364 0.00491935364 2.9702381
672 1991 4.91202022 0.00491202022 2.96279762
671 1986 4.90698728 0.00490698728 2.95976155
671 1985 4.9021109 0.0049021109 2.95827124
670 1979 4.88821723 0.00488821723 2.95373134
669 1972 4.87359615 0.00487359615 2.94768311
669 1972 4.88025341 0.00488025341 2.94768311
669 1971 4.87980978 0.00487980978 2.94618834
668 1966 4.87520987 0.00487520987 2.94311377
668 1969 4.88034165 0.00488034165 2.94760479
668 1966 4.89282598 0.00489282598 2.94311377
668 1973 4.89270131 0.00489270131 2.95359281
668 1966 4.87657597 0.00487657597 2.94311377
668 1965 4.87002022 0.00487002022 2.94161677
668 1964 4.87674673 0.00487674673 2.94011976
667 1962 4.86323602 0.00486323602 2.94152924
667 1958 4.85710512 0.00485710512 2.93553223
667 1964 4.84650717 0.00484650717 2.94452774
667 1963 4.85813555 0.00485813555 2.94302849
666 1958 4.84626903 0.00484626903 2.93993994
665 1946 4.84580298 0.00484580298 2.92631579
664 1942 4.84065394 0.00484065394 2.9246988
664 1946 4.83290921 0.00483290921 2.93072289
664 1950 4.83304298 0.00483304298 2.93674699
664 1951 4.83240009 0.00483240009 2.93825301
663 1946 4.81862642 0.00481862642 2.93514329
662 1938 4.81730301 0.00481730301 2.92749245
662 1939 4.80243047 0.00480243047 2.92900302
662 1939 4.79417005 0.00479417005 2.92900302
662 1937 4.80502691 0.00480502691 2.92598187
661 1931 4.80505165 0.00480505165 2.92133132
661 1927 4.81312731 0.00481312731 2.91527988
661 1931 4.80428476 0.00480428476 2.92133132
660 1926 4.79768036 0.00479768036 2.91818182
660 1926 4.79764825 0.00479764825 2.91818182
659 1919 4.78209616 0.00478209616 2.91198786
659 1925 4.77178709 0.00477178709 2.92109256
659 1926 4.77479959 0.00477479959 2.92261002
659 1924 4.7791273 0.0047791273 2.91957511
659 1924 4.779113 0.004779113 2.91957511
659 1923 4.77625401 0.00477625401 2.91805766
658 1914 4.77129305 0.00477129305 2.90881459
658 1914 4.77116536 0.00477116536 2.90881459
657 1908 4.76363269 0.00476363269 2.90410959
657 1908 4.76356868 0.00476356868 2.90410959
656 1900 4.76077503 0.00476077503 2.89634146
656 1900 4.76066416 0.00476066416 2.89634146
656 1899 4.75384328 0.00475384328 2.89481707
656 1899 4.75388086 0.00475388086 2.89481707
656 1899 4.75383349 0.00475383349 2.89481707
656 1905 4.77655487 0.00477655487 2.90396341
656 1905 4.77675151 0.00477675151 2.90396341
656 1907 4.77937132 0.00477937132 2.9070122
656 1905 4.77487566 0.00477487566 2.90396341
656 1905 4.7749189 0.0047749189 2.90396341
655 1901 4.76262123 0.00476262123 2.90229008
654 1897 4.75504775 0.00475504775 2.90061162
654 1898 4.74346682 0.00474346682 2.90214067
654 1901 4.74569913 0.00474569913 2.90672783
654 1901 4.7455079 0.0047455079 2.90672783
653 1896 4.73205868 0.00473205868 2.90352221
653 1896 4.7313397 0.0047313397 2.90352221
653 1896 4.73121448 0.00473121448 2.90352221
653 1896 4.73130428 0.00473130428 2.90352221
652 1891 4.71585242 0.00471585242 2.90030675
651 1885 4.69835579 0.00469835579 2.89554531
651 1883 4.70034381 0.00470034381 2.89247312
651 1887 4.71607403 0.00471607403 2.89861751
651 1887 4.71614026 0.00471614026 2.89861751
651 1880 4.71089817 0.00471089817 2.88786482
651 1880 4.71073821 0.00471073821 2.88786482
651 1884 4.71185193 0.00471185193 2.89400922
651 1888 4.73891835 0.00473891835 2.90015361
651 1888 4.7387136 0.0047387136 2.90015361
651 1887 4.72322355 0.00472322355 2.89861751
650 1883 4.70785677 0.00470785677 2.89692308
650 1883 4.69369117 0.00469369117 2.89692308
650 1884 4.69843004 0.00469843004 2.89846154
650 1885 4.69851548 0.00469851548 2.9
649 1880 4.69064308 0.00469064308 2.89676425
649 1881 4.69601492 0.00469601492 2.89830508
649 1881 4.68165471 0.00468165471 2.89830508
649 1880 4.69782835 0.00469782835 2.89676425
649 1883 4.69611165 0.00469611165 2.90138675
649 1885 4.69046224 0.00469046224 2.90446841
648 1882 4.69039183 0.00469039183 2.90432099
648 1882 4.69038356 0.00469038356 2.90432099
648 1879 4.70273082 0.00470273082 2.89969136
648 1878 4.71431287 0.00471431287 2.89814815
648 1878 4.71437783 0.00471437783 2.89814815
647 1873 4.70414336 0.00470414336 2.89489954
646 1866 4.6906933 0.0046906933 2.88854489
646 1867 4.69592163 0.00469592163 2.89009288
646 1866 4.70834169 0.00470834169 2.88854489
646 1866 4.70853137 0.00470853137 2.88854489
645 1863 4.69246668 0.00469246668 2.88837209
645 1863 4.69233833 0.00469233833 2.88837209
645 1861 4.70160954 0.00470160954 2.88527132
645 1861 4.70136806 0.00470136806 2.88527132
645 1861 4.70156092 0.00470156092 2.88527132
645 1861 4.70139996 0.00470139996 2.88527132
645 1861 4.70135031 0.00470135031 2.88527132
645 1861 4.70903529 0.00470903529 2.88527132
645 1861 4.7090265 0.0047090265 2.88527132
645 1861 4.70904813 0.00470904813 2.88527132
644 1857 4.69328743 0.00469328743 2.88354037
644 1857 4.69314899 0.00469314899 2.88354037
644 1857 4.69295064 0.00469295064 2.88354037
644 1860 4.689376 0.004689376 2.88819876
644 1860 4.68954497 0.00468954497 2.88819876
644 1860 4.68949037 0.00468949037 2.88819876
644 1860 4.68937895 0.00468937895 2.88819876
644 1860 4.68948177 0.00468948177 2.88819876
644 1860 4.68935166 0.00468935166 2.88819876
644 1860 4.68936102 0.00468936102 2.88819876
643 1854 4.67316658 0.00467316658 2.88335925
643 1853 4.67324165 0.00467324165 2.88180404
643 1853 4.67310553 0.00467310553 2.88180404
643 1856 4.67180898 0.00467180898 2.88646967
643 1856 4.67167031 0.00467167031 2.88646967
643 1856 4.67179405 0.00467179405 2.88646967
643 1856 4.67178312 0.00467178312 2.88646967
643 1853 4.6755755 0.0046755755 2.88180404
643 1853 4.67551252 0.00467551252 2.88180404
643 1853 4.67555966 0.00467555966 2.88180404
642 1841 4.66000096 0.00466000096 2.86760125
642 1841 4.66010032 0.00466010032 2.86760125
642 1841 4.66027115 0.00466027115 2.86760125
642 1841 4.65999582 0.00465999582 2.86760125
642 1841 4.6600499 0.0046600499 2.86760125
642 1843 4.65804506 0.00465804506 2.87071651
641 1837 4.6448611 0.0046448611 2.86583463
641 1837 4.64497904 0.00464497904 2.86583463
641 1840 4.63501872 0.00463501872 2.87051482
641 1840 4.63489747 0.00463489747 2.87051482
640 1835 4.61877154 0.00461877154 2.8671875
640 1835 4.61878232 0.00461878232 2.8671875
640 1834 4.619281 0.004619281 2.865625
640 1834 4.61929325 0.00461929325 2.865625
640 1834 4.61918026 0.00461918026 2.865625
640 1834 4.62934741 0.00462934741 2.865625
640 1829 4.6215426 0.0046215426 2.8578125
640 1828 4.62167962 0.00462167962 2.85625
640 1828 4.62165524 0.00462165524 2.85625
640 1828 4.62168455 0.00462168455 2.85625
639 1823 4.60478191 0.00460478191 2.85289515
639 1822 4.60607195 0.00460607195 2.8513302
639 1823 4.60725358 0.00460725358 2.85289515
639 1823 4.60725791 0.00460725791 2.85289515
639 1823 4.6072213 0.0046072213 2.85289515
639 1823 4.60721104 0.00460721104 2.85289515
639 1823 4.60719555 0.00460719555 2.85289515
638 1821 4.60385116 0.00460385116 2.85423197
638 1821 4.60407931 0.00460407931 2.85423197
638 1821 4.60392202 0.00460392202 2.85423197
637 1816 4.58777493 0.00458777493 2.85086342
637 1818 4.58867351 0.00458867351 2.85400314
637 1818 4.5885772 0.0045885772 2.85400314
637 1818 4.58869774 0.00458869774 2.85400314
637 1818 4.58869006 0.00458869006 2.85400314
637 1818 4.58861887 0.00458861887 2.85400314
637 1818 4.58871013 0.00458871013 2.85400314
637 1818 4.5886408 0.0045886408 2.85400314
637 1818 4.58856499 0.00458856499 2.85400314
637 1818 4.58853424 0.00458853424 2.85400314
636 1812 4.57286882 0.00457286882 2.8490566
636 1812 4.57292272 0.00457292272 2.8490566
636 1812 4.57285128 0.00457285128 2.8490566
636 1812 4.57293075 0.00457293075 2.8490566
636 1812 4.57290524 0.00457290524 2.8490566
636 1812 4.57287785 0.00457287785 2.8490566
636 1812 4.57293538 0.00457293538 2.8490566
636 1812 4.57290482 0.00457290482 2.8490566
636 1812 4.5728557 0.0045728557 2.8490566
636 1812 4.57286896 0.00457286896 2.8490566
635 1808 4.55326817 0.00455326817 2.84724409
635 1807 4.55670653 0.00455670653 2.84566929
635 1807 4.55653822 0.00455653822 2.84566929
635 1808 4.55696615 0.00455696615 2.84724409
635 1809 4.55729483 0.00455729483 2.8488189
635 1809 4.55716096 0.00455716096 2.8488189
635 1808 4.55681217 0.00455681217 2.84724409
635 1808 4.55680255 0.00455680255 2.84724409
635 1808 4.55685601 0.00455685601 2.84724409
635 1808 4.55710092 0.00455710092 2.84724409
634 1803 4.53961128 0.00453961128 2.84384858
634 1802 4.5435211 0.0045435211 2.84227129
634 1802 4.54356412 0.00454356412 2.84227129
634 1799 4.54391456 0.00454391456 2.83753943
634 1799 4.54395551 0.00454395551 2.83753943
634 1799 4.54397729 0.00454397729 2.83753943
634 1799 4.5438216 0.0045438216 2.83753943
634 1799 4.54392358 0.00454392358 2.83753943
634 1800 4.54389394 0.00454389394 2.83911672
634 1800 4.5438892 0.0045438892 2.83911672
633 1796 4.52636098 0.00452636098 2.83728278
633 1796 4.52693544 0.00452693544 2.83728278
633 1795 4.52780258 0.00452780258 2.835703
633 1794 4.52851716 0.00452851716 2.83412322
633 1794 4.52840427 0.00452840427 2.83412322
633 1794 4.52843982 0.00452843982 2.83412322
633 1794 4.52827454 0.00452827454 2.83412322
633 1794 4.52826633 0.00452826633 2.83412322
633 1796 4.52985771 0.00452985771 2.83728278
633 1796 4.5300281 0.0045300281 2.83728278
632 1791 4.51432038 0.00451432038 2.83386076
631 1788 4.50231536 0.00450231536 2.83359746
631 1788 4.50235293 0.00450235293 2.83359746
631 1792 4.50708556 0.00450708556 2.83993661
631 1793 4.50517882 0.00450517882 2.84152139
631 1793 4.50519964 0.00450519964 2.84152139
631 1793 4.50514833 0.00450514833 2.84152139
631 1792 4.4926452 0.0044926452 2.83993661
631 1792 4.49262863 0.00449262863 2.83993661
631 1788 4.50401786 0.00450401786 2.83359746
630 1784 4.48778263 0.00448778263 2.83174603
630 1784 4.49132927 0.00449132927 2.83174603
630 1792 4.49472357 0.00449472357 2.84444444
630 1783 4.48483834 0.00448483834 2.83015873
630 1783 4.4848077 0.0044848077 2.83015873
630 1783 4.48484969 0.00448484969 2.83015873
630 1783 4.48478701 0.00448478701 2.83015873
630 1783 4.48469054 0.00448469054 2.83015873
630 1783 4.48475033 0.00448475033 2.83015873
630 1783 4.48470355 0.00448470355 2.83015873
629 1780 4.46889168 0.00446889168 2.82988871
629 1779 4.46921934 0.00446921934 2.82829889
629 1781 4.46981176 0.00446981176 2.83147854
629 1788 4.46680063 0.00446680063 2.84260731
629 1788 4.4668221 0.0044668221 2.84260731
629 1793 4.45822633 0.00445822633 2.85055644
629 1793 4.45838958 0.00445838958 2.85055644
629 1793 4.45833158 0.00445833158 2.85055644
629 1790 4.46235943 0.00446235943 2.84578696
629 1790 4.46242525 0.00446242525 2.84578696
628 1786 4.4451851 0.0044451851 2.84394904
628 1786 4.44753526 0.00444753526 2.84394904
628 1786 4.44752521 0.00444752521 2.84394904
628 1787 4.44946318 0.00444946318 2.8455414
628 1787 4.44949444 0.00444949444 2.8455414
627 1777 4.44817536 0.00444817536 2.83413078
627 1777 4.44809041 0.00444809041 2.83413078
626 1769 4.44227646 0.00444227646 2.82587859
626 1769 4.44218072 0.00444218072 2.82587859
626 1769 4.44212398 0.00444212398 2.82587859
625 1763 4.42684277 0.00442684277 2.8208
625 1763 4.42681761 0.00442681761 2.8208
625 1763 4.42694389 0.00442694389 2.8208
625 1763 4.42670071 0.00442670071 2.8208
625 1763 4.42692632 0.00442692632 2.8208
625 1763 4.42673604 0.00442673604 2.8208
625 1763 4.42685589 0.00442685589 2.8208
625 1763 4.42692743 0.00442692743 2.8208
625 1763 4.42683508 0.00442683508 2.8208
625 1763 4.42690749 0.00442690749 2.8208
624 1758 4.41109975 0.00441109975 2.81730769
624 1758 4.41098792 0.00441098792 2.81730769
624 1758 4.41086586 0.00441086586 2.81730769
624 1758 4.41103465 0.00441103465 2.81730769
624 1758 4.41097303 0.00441097303 2.81730769
624 1758 4.41098807 0.00441098807 2.81730769
624 1758 4.41103111 0.00441103111 2.81730769
624 1758 4.41092609 0.00441092609 2.81730769
624 1758 4.41111287 0.00441111287 2.81730769
624 1758 4.41113215 0.00441113215 2.81730769
623 1754 4.39386302 0.00439386302 2.81540931
623 1754 4.393874 0.004393874 2.81540931
623 1754 4.39514638 0.00439514638 2.81540931
623 1754 4.39499967 0.00439499967 2.81540931
623 1752 4.40448124 0.00440448124 2.81219904
623 1752 4.40446511 0.00440446511 2.81219904
623 1752 4.4046213 0.0044046213 2.81219904
623 1752 4.40449333 0.00440449333 2.81219904
623 1752 4.40450773 0.00440450773 2.81219904
623 1752 4.40447134 0.00440447134 2.81219904
622 1748 4.40081524 0.00440081524 2.81028939
622 1748 4.40086576 0.00440086576 2.81028939
622 1748 4.40074588 0.00440074588 2.81028939
622 1748 4.40081979 0.00440081979 2.81028939
622 1748 4.40077891 0.00440077891 2.81028939
622 1748 4.40078311 0.00440078311 2.81028939
622 1748 4.40077494 0.00440077494 2.81028939
622 1748 4.40073475 0.00440073475 2.81028939
622 1748 4.40075555 0.00440075555 2.81028939
622 1748 4.40083645 0.00440083645 2.81028939
621 1746 4.38398587 0.00438398587 2.8115942
621 1739 4.37497884 0.00437497884 2.80032206
621 1739 4.37483729 0.00437483729 2.80032206
621 1740 4.38121466 0.00438121466 2.80193237
621 1740 4.38123959 0.00438123959 2.80193237
621 1740 4.38115133 0.00438115133 2.80193237
621 1740 4.3812376 0.0043812376 2.80193237
621 1740 4.38133097 0.00438133097 2.80193237
620 1738 4.3749035 0.0043749035 2.80322581
620 1738 4.37491138 0.00437491138 2.80322581
619 1733 4.35855398 0.00435855398 2.7996769
619 1733 4.35871608 0.00435871608 2.7996769
619 1733 4.35836679 0.00435836679 2.7996769
619 1733 4.35843778 0.00435843778 2.7996769
619 1732 4.36024779 0.00436024779 2.79806139
619 1732 4.36021925 0.00436021925 2.79806139
619 1732 4.3602761 0.0043602761 2.79806139
619 1732 4.36034434 0.00436034434 2.79806139
619 1734 4.3562004 0.0043562004 2.80129241
619 1734 4.35636932 0.00435636932 2.80129241
618 1729 4.34004677 0.00434004677 2.79773463
618 1728 4.34049566 0.00434049566 2.7961165
618 1728 4.34049211 0.00434049211 2.7961165
618 1727 4.33969396 0.00433969396 2.79449838
618 1727 4.33633753 0.00433633753 2.79449838
618 1727 4.33633974 0.00433633974 2.79449838
618 1730 4.3384377 0.0043384377 2.79935275
618 1732 4.32385202 0.00432385202 2.802589
618 1732 4.32396505 0.00432396505 2.802589
618 1731 4.32654208 0.00432654208 2.80097087
617 1726 4.326582 0.004326582 2.79740681
617 1726 4.32668587 0.00432668587 2.79740681
617 1727 4.3278692 0.0043278692 2.79902755
617 1727 4.32786459 0.00432786459 2.79902755
617 1727 4.3278311 0.0043278311 2.79902755
617 1727 4.32789134 0.00432789134 2.79902755
617 1727 4.32788522 0.00432788522 2.79902755
617 1727 4.32776193 0.00432776193 2.79902755
617 1727 4.3278715 0.0043278715 2.79902755
617 1727 4.32789666 0.00432789666 2.79902755
616 1722 4.31555626 0.00431555626 2.79545455
616 1722 4.31560713 0.00431560713 2.79545455
616 1722 4.31574453 0.00431574453 2.79545455
616 1722 4.31552931 0.00431552931 2.79545455
616 1722 4.31557298 0.00431557298 2.79545455
616 1722 4.31557525 0.00431557525 2.79545455
616 1722 4.31556102 0.00431556102 2.79545455
616 1722 4.31575487 0.00431575487 2.79545455
616 1722 4.3156837 0.0043156837 2.79545455
616 1722 4.31556306 0.00431556306 2.79545455
615 1716 4.31044946 0.00431044946 2.7902439
614 1707 4.30192955 0.00430192955 2.78013029
614 1707 4.30188799 0.00430188799 2.78013029
614 1707 4.30207644 0.00430207644 2.78013029
614 1707 4.30206615 0.00430206615 2.78013029
614 1707 4.30208042 0.00430208042 2.78013029
613 1703 4.28436717 0.00428436717 2.77814029
613 1703 4.28438619 0.00428438619 2.77814029
613 1703 4.2952804 0.0042952804 2.77814029
613 1703 4.29517547 0.00429517547 2.77814029
612 1698 4.27882863 0.00427882863 2.7745098
612 1697 4.28437827 0.00428437827 2.77287582
612 1697 4.28428398 0.00428428398 2.77287582
612 1697 4.2843785 0.0042843785 2.77287582
612 1697 4.2844652 0.0042844652 2.77287582
612 1697 4.28422147 0.00428422147 2.77287582
612 1697 4.28443463 0.00428443463 2.77287582
612 1697 4.28431408 0.00428431408 2.77287582
611 1692 4.27260577 0.00427260577 2.76923077
611 1692 4.27259795 0.00427259795 2.76923077
610 1687 4.25705167 0.00425705167 2.76557377
610 1687 4.25703353 0.00425703353 2.76557377
610 1689 4.2721932 0.0042721932 2.76885246
610 1689 4.32734772 0.00432734772 2.76885246
610 1689 4.32775 0.00432775 2.76885246
610 1689 4.3276616 0.0043276616 2.76885246
610 1689 4.32758366 0.00432758366 2.76885246
610 1689 4.32760927 0.00432760927 2.76885246
610 1689 4.32769938 0.00432769938 2.76885246
610 1689 4.32772467 0.00432772467 2.76885246
609 1683 4.31253152 0.00431253152 2.7635468
609 1683 4.31248629 0.00431248629 2.7635468
609 1683 4.31238535 0.00431238535 2.7635468
609 1683 4.31242634 0.00431242634 2.7635468
609 1683 4.31238712 0.00431238712 2.7635468
609 1683 4.31237791 0.00431237791 2.7635468
609 1683 4.31240749 0.00431240749 2.7635468
609 1683 4.31242169 0.00431242169 2.7635468
609 1684 4.32177266 0.00432177266 2.76518883
609 1684 4.3216854 0.0043216854 2.76518883
608 1677 4.30483832 0.00430483832 2.75822368
608 1679 4.30519271 0.00430519271 2.76151316
608 1679 4.30507533 0.00430507533 2.76151316
608 1679 4.30509656 0.00430509656 2.76151316
608 1679 4.30495588 0.00430495588 2.76151316
608 1679 4.30521534 0.00430521534 2.76151316
608 1678 4.30662706 0.00430662706 2.75986842
608 1678 4.30650194 0.00430650194 2.75986842
608 1678 4.30649662 0.00430649662 2.75986842
608 1678 4.30664484 0.00430664484 2.75986842
607 1674 4.29156786 0.00429156786 2.75782537
607 1674 4.29123858 0.00429123858 2.75782537
607 1674 4.29176717 0.00429176717 2.75782537
607 1674 4.29157699 0.00429157699 2.75782537
607 1674 4.29140494 0.00429140494 2.75782537
607 1674 4.29145042 0.00429145042 2.75782537
607 1674 4.29145612 0.00429145612 2.75782537
607 1674 4.29141356 0.00429141356 2.75782537
607 1674 4.29140414 0.00429140414 2.75782537
607 1674 4.29150531 0.00429150531 2.75782537
606 1669 4.27373569 0.00427373569 2.75412541
606 1669 4.27379178 0.00427379178 2.75412541
606 1669 4.27561651 0.00427561651 2.75412541
606 1668 4.27624989 0.00427624989 2.75247525
606 1668 4.27623872 0.00427623872 2.75247525
606 1668 4.27610035 0.00427610035 2.75247525
606 1668 4.27623038 0.00427623038 2.75247525
606 1668 4.27620036 0.00427620036 2.75247525
606 1668 4.27632484 0.00427632484 2.75247525
606 1668 4.27612293 0.00427612293 2.75247525
605 1662 4.25755756 0.00425755756 2.74710744
604 1654 4.25552436 0.00425552436 2.7384106
604 1654 4.25551191 0.00425551191 2.7384106
604 1654 4.25551374 0.00425551374 2.7384106
604 1654 4.25560528 0.00425560528 2.7384106
604 1654 4.25558775 0.00425558775 2.7384106
604 1654 4.25557694 0.00425557694 2.7384106
604 1654 4.25564041 0.00425564041 2.7384106
604 1654 4.25565629 0.00425565629 2.7384106
604 1654 4.25566391 0.00425566391 2.7384106
603 1649 4.24028547 0.00424028547 2.73466003
603 1649 4.23952359 0.00423952359 2.73466003
603 1648 4.24582376 0.00424582376 2.73300166
603 1652 4.26104651 0.00426104651 2.73963516
603 1653 4.26478315 0.00426478315 2.74129353
603 1653 4.26479279 0.00426479279 2.74129353
603 1657 4.26741704 0.00426741704 2.74792703
603 1657 4.26727767 0.00426727767 2.74792703
603 1660 4.25850196 0.00425850196 2.75290216
603 1660 4.25843743 0.00425843743 2.75290216
602 1654 4.24370937 0.00424370937 2.74750831
602 1654 4.2438823 0.0042438823 2.74750831
602 1655 4.24315444 0.00424315444 2.74916944
602 1655 4.24326816 0.00424326816 2.74916944
602 1653 4.25585598 0.00425585598 2.74584718
602 1652 4.25168587 0.00425168587 2.74418605
602 1652 4.25182637 0.00425182637 2.74418605
602 1652 4.25173664 0.00425173664 2.74418605
602 1652 4.24739974 0.00424739974 2.74418605
601 1647 4.23893339 0.00423893339 2.74043261
600 1643 4.23817759 0.00423817759 2.73833333
600 1643 4.23814952 0.00423814952 2.73833333
600 1643 4.23828873 0.00423828873 2.73833333
600 1643 4.23828763 0.00423828763 2.73833333
600 1643 4.23817486 0.00423817486 2.73833333
600 1643 4.2383228 0.0042383228 2.73833333
600 1643 4.23829784 0.00423829784 2.73833333
600 1643 4.23814202 0.00423814202 2.73833333
600 1643 4.23834021 0.00423834021 2.73833333
600 1641 4.24532406 0.00424532406 2.735
599 1634 4.23030831 0.00423030831 2.7278798
599 1634 4.22995929 0.00422995929 2.7278798
599 1635 4.23108818 0.00423108818 2.72954925
599 1635 4.23115242 0.00423115242 2.72954925
599 1634 4.23089865 0.00423089865 2.7278798
599 1634 4.23068958 0.00423068958 2.7278798
599 1634 4.23087648 0.00423087648 2.7278798
598 1627 4.21633777 0.00421633777 2.72073579
598 1627 4.21622339 0.00421622339 2.72073579
598 1627 4.21639313 0.00421639313 2.72073579
597 1622 4.19745552 0.00419745552 2.71691792
597 1622 4.19838881 0.00419838881 2.71691792
597 1622 4.19779496 0.00419779496 2.71691792
597 1623 4.19967297 0.00419967297 2.71859296
597 1623 4.19944354 0.00419944354 2.71859296
597 1623 4.1995529 0.0041995529 2.71859296
597 1623 4.19955771 0.00419955771 2.71859296
597 1623 4.19959864 0.00419959864 2.71859296
597 1623 4.19942472 0.00419942472 2.71859296
597 1623 4.1995507 0.0041995507 2.71859296
596 1618 4.18152485 0.00418152485 2.7147651
596 1618 4.18158483 0.00418158483 2.7147651
596 1618 4.18162239 0.00418162239 2.7147651
596 1618 4.18116009 0.00418116009 2.7147651
596 1619 4.18286427 0.00418286427 2.71644295
596 1617 4.184434 0.004184434 2.71308725
596 1617 4.18447849 0.00418447849 2.71308725
596 1617 4.18457731 0.00418457731 2.71308725
596 1617 4.18458087 0.00418458087 2.71308725
596 1616 4.1831789 0.0041831789 2.7114094
595 1611 4.16544791 0.00416544791 2.70756303
595 1611 4.16812938 0.00416812938 2.70756303
595 1612 4.16914744 0.00416914744 2.7092437
595 1612 4.16896297 0.00416896297 2.7092437
595 1612 4.16896571 0.00416896571 2.7092437
595 1612 4.16892423 0.00416892423 2.7092437
595 1612 4.17204488 0.00417204488 2.7092437
595 1612 4.17210019 0.00417210019 2.7092437
595 1612 4.1719603 0.0041719603 2.7092437
595 1612 4.17199613 0.00417199613 2.7092437
594 1611 4.15434823 0.00415434823 2.71212121
594 1611 4.15479982 0.00415479982 2.71212121
594 1608 4.15525412 0.00415525412 2.70707071
594 1608 4.15527886 0.00415527886 2.70707071
594 1608 4.15509405 0.00415509405 2.70707071
594 1608 4.15518171 0.00415518171 2.70707071
594 1608 4.15523531 0.00415523531 2.70707071
594 1608 4.15515504 0.00415515504 2.70707071
594 1608 4.1551796 0.0041551796 2.70707071
594 1608 4.15516967 0.00415516967 2.70707071
593 1607 4.13885798 0.00413885798 2.70994941
592 1600 4.12478476 0.00412478476 2.7027027
592 1600 4.12464677 0.00412464677 2.7027027
592 1600 4.12464241 0.00412464241 2.7027027
592 1600 4.12463205 0.00412463205 2.7027027
592 1600 4.12480093 0.00412480093 2.7027027
592 1600 4.12454614 0.00412454614 2.7027027
592 1600 4.12460889 0.00412460889 2.7027027
592 1599 4.12265315 0.00412265315 2.70101351
592 1599 4.12295485 0.00412295485 2.70101351
591 1593 4.10347678 0.00410347678 2.69543147
591 1595 4.10418675 0.00410418675 2.69881557
591 1595 4.1041641 0.0041041641 2.69881557
591 1594 4.10548004 0.00410548004 2.69712352
591 1594 4.10559126 0.00410559126 2.69712352
591 1594 4.10540069 0.00410540069 2.69712352
591 1594 4.10547774 0.00410547774 2.69712352
591 1594 4.10552436 0.00410552436 2.69712352
591 1594 4.10561956 0.00410561956 2.69712352
591 1594 4.10545072 0.00410545072 2.69712352
590 1588 4.08545175 0.00408545175 2.69152542
590 1590 4.08718135 0.00408718135 2.69491525
590 1590 4.08716173 0.00408716173 2.69491525
590 1590 4.08720683 0.00408720683 2.69491525
590 1591 4.08417073 0.00408417073 2.69661017
590 1591 4.08427175 0.00408427175 2.69661017
590 1591 4.08414643 0.00408414643 2.69661017
590 1591 4.0889016 0.0040889016 2.69661017
590 1590 4.09175989 0.00409175989 2.69491525
590 1592 4.09291393 0.00409291393 2.69830508
589 1588 4.07477137 0.00407477137 2.69609508
588 1583 4.05828405 0.00405828405 2.69217687
588 1580 4.05809474 0.00405809474 2.68707483
588 1580 4.05808329 0.00405808329 2.68707483
588 1580 4.05804149 0.00405804149 2.68707483
588 1580 4.05801949 0.00405801949 2.68707483
588 1580 4.05667008 0.00405667008 2.68707483
588 1580 4.05660829 0.00405660829 2.68707483
588 1580 4.05662488 0.00405662488 2.68707483
588 1580 4.05654961 0.00405654961 2.68707483
587 1576 4.03949449 0.00403949449 2.68483816
587 1576 4.03665358 0.00403665358 2.68483816
587 1576 4.03659455 0.00403659455 2.68483816
587 1576 4.03941689 0.00403941689 2.68483816
587 1576 4.03943742 0.00403943742 2.68483816
587 1578 4.04026997 0.00404026997 2.68824532
587 1578 4.04021311 0.00404021311 2.68824532
587 1578 4.04024603 0.00404024603 2.68824532
587 1578 4.04018059 0.00404018059 2.68824532
587 1578 4.04024864 0.00404024864 2.68824532
586 1577 4.02192952 0.00402192952 2.69112628
586 1574 4.02391524 0.00402391524 2.68600683
586 1574 4.02397267 0.00402397267 2.68600683
586 1574 4.02398454 0.00402398454 2.68600683
586 1574 4.01963457 0.00401963457 2.68600683
586 1574 4.01951859 0.00401951859 2.68600683
586 1574 4.01917944 0.00401917944 2.68600683
586 1574 4.01919484 0.00401919484 2.68600683
586 1574 4.01914545 0.00401914545 2.68600683
586 1574 4.01919716 0.00401919716 2.68600683
585 1571 4.00122878 0.00400122878 2.68547009
585 1569 4.00182605 0.00400182605 2.68205128
585 1569 4.00245032 0.00400245032 2.68205128
585 1569 4.00254295 0.00400254295 2.68205128
585 1571 4.00278414 0.00400278414 2.68547009
585 1571 4.00275246 0.00400275246 2.68547009
585 1571 4.00273319 0.00400273319 2.68547009
585 1571 4.00275396 0.00400275396 2.68547009
585 1569 4.00931112 0.00400931112 2.68205128
585 1569 4.00916783 0.00400916783 2.68205128
584 1566 3.9912889 0.0039912889 2.68150685
584 1564 3.99180691 0.00399180691 2.67808219
584 1564 3.99169183 0.00399169183 2.67808219
584 1566 3.99176066 0.00399176066 2.68150685
584 1566 3.99183448 0.00399183448 2.68150685
584 1566 3.99314125 0.00399314125 2.68150685
584 1566 3.99298507 0.00399298507 2.68150685
584 1566 3.99285497 0.00399285497 2.68150685
584 1566 3.99296328 0.00399296328 2.68150685
584 1566 3.99303208 0.00399303208 2.68150685
583 1559 3.97435082 0.00397435082 2.67409949
583 1561 3.97569184 0.00397569184 2.67753002
583 1561 3.97522804 0.00397522804 2.67753002
583 1561 3.9752762 0.0039752762 2.67753002
583 1562 3.9772405 0.0039772405 2.67924528
583 1562 3.97721142 0.00397721142 2.67924528
583 1562 3.97710553 0.00397710553 2.67924528
583 1562 3.97714657 0.00397714657 2.67924528
583 1562 3.97730209 0.00397730209 2.67924528
583 1562 3.97723601 0.00397723601 2.67924528
582 1558 3.95916189 0.00395916189 2.67697595
582 1557 3.96126381 0.00396126381 2.67525773
582 1559 3.96841831 0.00396841831 2.67869416
582 1560 3.97782256 0.00397782256 2.68041237
582 1561 3.98693276 0.00398693276 2.68213058
582 1561 3.98691219 0.00398691219 2.68213058
582 1561 3.98690471 0.00398690471 2.68213058
582 1561 3.98707949 0.00398707949 2.68213058
582 1561 3.98703646 0.00398703646 2.68213058
582 1561 3.98694662 0.00398694662 2.68213058
581 1557 3.97106174 0.00397106174 2.67986231
581 1557 3.97084357 0.00397084357 2.67986231
581 1556 3.97091376 0.00397091376 2.67814114
581 1556 3.97080059 0.00397080059 2.67814114
581 1556 3.97076892 0.00397076892 2.67814114
581 1556 3.97096928 0.00397096928 2.67814114
581 1556 3.97085685 0.00397085685 2.67814114
581 1556 3.97090457 0.00397090457 2.67814114
581 1556 3.97082225 0.00397082225 2.67814114
581 1556 3.97081378 0.00397081378 2.67814114
580 1552 3.95186191 0.00395186191 2.67586207
580 1552 3.95478322 0.00395478322 2.67586207
580 1552 3.95464613 0.00395464613 2.67586207
580 1552 3.95449977 0.00395449977 2.67586207
580 1552 3.9545501 0.0039545501 2.67586207
580 1552 3.95460457 0.00395460457 2.67586207
580 1552 3.95479573 0.00395479573 2.67586207
580 1552 3.95455727 0.00395455727 2.67586207
580 1552 3.95448867 0.00395448867 2.67586207
580 1552 3.95455388 0.00395455388 2.67586207
579 1547 3.93708303 0.00393708303 2.67184801
579 1547 3.93714692 0.00393714692 2.67184801
579 1547 3.9372675 0.0039372675 2.67184801
579 1547 3.93693893 0.00393693893 2.67184801
579 1547 3.93657784 0.00393657784 2.67184801
579 1547 3.93695611 0.00393695611 2.67184801
579 1547 3.93658604 0.00393658604 2.67184801
579 1549 3.93866674 0.00393866674 2.67530225
579 1549 3.93888034 0.00393888034 2.67530225
579 1549 3.93869186 0.00393869186 2.67530225
578 1543 3.91945267 0.00391945267 2.66955017
578 1543 3.91919617 0.00391919617 2.66955017
578 1545 3.91847566 0.00391847566 2.67301038
578 1545 3.91859146 0.00391859146 2.67301038
578 1548 3.92061701 0.00392061701 2.67820069
578 1548 3.92031314 0.00392031314 2.67820069
578 1548 3.92044274 0.00392044274 2.67820069
578 1547 3.91383198 0.00391383198 2.67647059
578 1547 3.91374388 0.00391374388 2.67647059
578 1550 3.92541503 0.00392541503 2.6816609
577 1545 3.90808075 0.00390808075 2.67764298
577 1545 3.90806973 0.00390806973 2.67764298
577 1545 3.90811646 0.00390811646 2.67764298
577 1545 3.90768735 0.00390768735 2.67764298
577 1545 3.90762642 0.00390762642 2.67764298
577 1545 3.90796366 0.00390796366 2.67764298
577 1545 3.9080465 0.0039080465 2.67764298
577 1545 3.90802443 0.00390802443 2.67764298
577 1545 3.9077935 0.0039077935 2.67764298
577 1545 3.9079763 0.0039079763 2.67764298
576 1544 3.8876442 0.0038876442 2.68055556
576 1540 3.88927848 0.00388927848 2.67361111
576 1540 3.88909551 0.00388909551 2.67361111
576 1542 3.88873152 0.00388873152 2.67708333
576 1542 3.88888292 0.00388888292 2.67708333
576 1541 3.88961716 0.00388961716 2.67534722
576 1541 3.89066681 0.00389066681 2.67534722
576 1541 3.89088552 0.00389088552 2.67534722
576 1541 3.89085871 0.00389085871 2.67534722
576 1541 3.89116347 0.00389116347 2.67534722
575 1534 3.87130032 0.00387130032 2.66782609
575 1537 3.87354034 0.00387354034 2.67304348
575 1537 3.87330861 0.00387330861 2.67304348
575 1537 3.87335381 0.00387335381 2.67304348
575 1537 3.87294547 0.00387294547 2.67304348
575 1537 3.87300905 0.00387300905 2.67304348
575 1537 3.87266199 0.00387266199 2.67304348
575 1537 3.87270602 0.00387270602 2.67304348
575 1537 3.87271384 0.00387271384 2.67304348
575 1537 3.87274373 0.00387274373 2.67304348
574 1533 3.85431679 0.00385431679 2.67073171
574 1530 3.85337513 0.00385337513 2.66550523
574 1533 3.86145722 0.00386145722 2.67073171
574 1530 3.86395608 0.00386395608 2.66550523
574 1533 3.87559773 0.00387559773 2.67073171
574 1533 3.87531173 0.00387531173 2.67073171
574 1533 3.87543079 0.00387543079 2.67073171
574 1533 3.87540976 0.00387540976 2.67073171
574 1533 3.88575712 0.00388575712 2.67073171
574 1531 3.88517942 0.00388517942 2.66724739
573 1527 3.86840452 0.00386840452 2.66492147
573 1527 3.86867626 0.00386867626 2.66492147
573 1527 3.86851498 0.00386851498 2.66492147
573 1527 3.86854231 0.00386854231 2.66492147
573 1527 3.86911022 0.00386911022 2.66492147
573 1527 3.86898 0.00386898 2.66492147
573 1527 3.86912389 0.00386912389 2.66492147
573 1527 3.86897139 0.00386897139 2.66492147
573 1527 3.86893684 0.00386893684 2.66492147
573 1527 3.86897957 0.00386897957 2.66492147
572 1523 3.85194726 0.00385194726 2.66258741
572 1523 3.85199186 0.00385199186 2.66258741
572 1523 3.85202333 0.00385202333 2.66258741
572 1524 3.85349322 0.00385349322 2.66433566
572 1524 3.85343943 0.00385343943 2.66433566
572 1524 3.85373266 0.00385373266 2.66433566
572 1524 3.85343737 0.00385343737 2.66433566
572 1524 3.85347909 0.00385347909 2.66433566
572 1524 3.85347365 0.00385347365 2.66433566
572 1524 3.85346465 0.00385346465 2.66433566
571 1521 3.83448944 0.00383448944 2.66374781
571 1519 3.83729766 0.00383729766 2.66024518
571 1519 3.83930457 0.00383930457 2.66024518
571 1519 3.83949193 0.00383949193 2.66024518
571 1519 3.83923354 0.00383923354 2.66024518
571 1519 3.83922473 0.00383922473 2.66024518
571 1519 3.83926218 0.00383926218 2.66024518
571 1519 3.83928383 0.00383928383 2.66024518
571 1519 3.83927871 0.00383927871 2.66024518
571 1519 3.83942227 0.00383942227 2.66024518
570 1514 3.82141236 0.00382141236 2.65614035
570 1514 3.82127982 0.00382127982 2.65614035
570 1514 3.82312305 0.00382312305 2.65614035
570 1514 3.82293415 0.00382293415 2.65614035
570 1514 3.82302649 0.00382302649 2.65614035
570 1514 3.82298286 0.00382298286 2.65614035
570 1514 3.82295965 0.00382295965 2.65614035
570 1514 3.82301979 0.00382301979 2.65614035
570 1514 3.82302746 0.00382302746 2.65614035
570 1515 3.83923442 0.00383923442 2.65789474
569 1508 3.82028648 0.00382028648 2.65026362
569 1508 3.82019656 0.00382019656 2.65026362
569 1510 3.82144589 0.00382144589 2.65377856
569 1510 3.8212485 0.0038212485 2.65377856
569 1510 3.8213105 0.0038213105 2.65377856
569 1510 3.82143237 0.00382143237 2.65377856
569 1510 3.82128916 0.00382128916 2.65377856
569 1510 3.8212762 0.0038212762 2.65377856
569 1510 3.8217945 0.0038217945 2.65377856
569 1510 3.82124204 0.00382124204 2.65377856
568 1505 3.80372938 0.00380372938 2.64964789
568 1505 3.80357109 0.00380357109 2.64964789
568 1507 3.80217657 0.00380217657 2.65316901
568 1507 3.8026627 0.0038026627 2.65316901
568 1507 3.80243329 0.00380243329 2.65316901
568 1507 3.8023162 0.0038023162 2.65316901
568 1507 3.80251342 0.00380251342 2.65316901
568 1507 3.80230238 0.00380230238 2.65316901
568 1505 3.80343841 0.00380343841 2.64964789
568 1506 3.80477782 0.00380477782 2.65140845
567 1501 3.78713982 0.00378713982 2.64726631
567 1501 3.78716455 0.00378716455 2.64726631
567 1501 3.78728085 0.00378728085 2.64726631
567 1501 3.7874549 0.0037874549 2.64726631
567 1501 3.78714188 0.00378714188 2.64726631
567 1503 3.78711104 0.00378711104 2.65079365
567 1503 3.78711114 0.00378711114 2.65079365
567 1503 3.78710747 0.00378710747 2.65079365
567 1503 3.78714113 0.00378714113 2.65079365
567 1503 3.78731686 0.00378731686 2.65079365
566 1496 3.76642011 0.00376642011 2.64310954
566 1501 3.76709859 0.00376709859 2.65194346
566 1498 3.76266061 0.00376266061 2.64664311
566 1498 3.7626872 0.0037626872 2.64664311
566 1496 3.76495817 0.00376495817 2.64310954
566 1497 3.77715942 0.00377715942 2.64487633
566 1497 3.77712252 0.00377712252 2.64487633
566 1497 3.77723105 0.00377723105 2.64487633
566 1497 3.77701915 0.00377701915 2.64487633
565 1495 3.76507788 0.00376507788 2.6460177
564 1492 3.74627387 0.00374627387 2.64539007
564 1486 3.74790678 0.00374790678 2.63475177
564 1486 3.74820216 0.00374820216 2.63475177
564 1486 3.74798413 0.00374798413 2.63475177
564 1486 3.74803217 0.00374803217 2.63475177
564 1490 3.75283345 0.00375283345 2.64184397
564 1490 3.75292676 0.00375292676 2.64184397
564 1490 3.75273858 0.00375273858 2.64184397
564 1490 3.75276417 0.00375276417 2.64184397
564 1490 3.75278964 0.00375278964 2.64184397
563 1488 3.73559701 0.00373559701 2.64298401
563 1483 3.76085892 0.00376085892 2.63410302
563 1483 3.76082052 0.00376082052 2.63410302
563 1483 3.76078014 0.00376078014 2.63410302
563 1483 3.76103047 0.00376103047 2.63410302
563 1483 3.76076102 0.00376076102 2.63410302
563 1483 3.76102193 0.00376102193 2.63410302
563 1482 3.77894367 0.00377894367 2.63232682
563 1482 3.77913462 0.00377913462 2.63232682
563 1482 3.77881227 0.00377881227 2.63232682
562 1479 3.75998205 0.00375998205 2.6316726
562 1476 3.75943905 0.00375943905 2.62633452
562 1479 3.76138834 0.00376138834 2.6316726
562 1479 3.76126022 0.00376126022 2.6316726
562 1477 3.76316638 0.00376316638 2.62811388
562 1477 3.76297665 0.00376297665 2.62811388
562 1478 3.76431163 0.00376431163 2.62989324
562 1478 3.76424931 0.00376424931 2.62989324
562 1478 3.76424844 0.00376424844 2.62989324
562 1478 3.76423143 0.00376423143 2.62989324
561 1475 3.74526063 0.00374526063 2.62923351
561 1473 3.7489641 0.0037489641 2.62566845
561 1473 3.74908906 0.00374908906 2.62566845
561 1473 3.74916126 0.00374916126 2.62566845
561 1473 3.74914097 0.00374914097 2.62566845
561 1473 3.7489825 0.0037489825 2.62566845
561 1473 3.74896891 0.00374896891 2.62566845
561 1473 3.74917025 0.00374917025 2.62566845
561 1473 3.74916079 0.00374916079 2.62566845
561 1473 3.74899016 0.00374899016 2.62566845
560 1470 3.73066733 0.00373066733 2.625
560 1469 3.73146088 0.00373146088 2.62321429
560 1469 3.73153943 0.00373153943 2.62321429
560 1468 3.7322941 0.0037322941 2.62142857
560 1468 3.73218856 0.00373218856 2.62142857
560 1468 3.73205258 0.00373205258 2.62142857
560 1470 3.73085337 0.00373085337 2.625
560 1470 3.73073106 0.00373073106 2.625
560 1470 3.73062236 0.00373062236 2.625
560 1468 3.73228569 0.00373228569 2.62142857
559 1465 3.71479334 0.00371479334 2.62075134
559 1465 3.7149969 0.0037149969 2.62075134
559 1465 3.7148453 0.0037148453 2.62075134
559 1465 3.71483508 0.00371483508 2.62075134
559 1465 3.71487372 0.00371487372 2.62075134
559 1465 3.71500646 0.00371500646 2.62075134
559 1465 3.71484932 0.00371484932 2.62075134
559 1465 3.71490226 0.00371490226 2.62075134
559 1465 3.7150123 0.0037150123 2.62075134
559 1465 3.71485172 0.00371485172 2.62075134
558 1461 3.69580367 0.00369580367 2.61827957
558 1462 3.69768149 0.00369768149 2.62007168
558 1462 3.69787327 0.00369787327 2.62007168
558 1462 3.69767151 0.00369767151 2.62007168
558 1462 3.6980285 0.0036980285 2.62007168
558 1462 3.69770392 0.00369770392 2.62007168
558 1462 3.69778738 0.00369778738 2.62007168
558 1462 3.69770224 0.00369770224 2.62007168
558 1462 3.69785697 0.00369785697 2.62007168
558 1462 3.69778759 0.00369778759 2.62007168
557 1458 3.68020141 0.00368020141 2.61759425
557 1458 3.68005158 0.00368005158 2.61759425
557 1458 3.68031504 0.00368031504 2.61759425
557 1458 3.68013743 0.00368013743 2.61759425
557 1458 3.68026923 0.00368026923 2.61759425
557 1455 3.67884262 0.00367884262 2.61220826
557 1455 3.67900459 0.00367900459 2.61220826
557 1455 3.6788673 0.0036788673 2.61220826
557 1455 3.67884033 0.00367884033 2.61220826
557 1455 3.67887801 0.00367887801 2.61220826
556 1449 3.65925435 0.00365925435 2.60611511
556 1449 3.6593977 0.0036593977 2.60611511
556 1451 3.66193678 0.00366193678 2.60971223
556 1451 3.66172407 0.00366172407 2.60971223
556 1451 3.66176736 0.00366176736 2.60971223
556 1455 3.65478193 0.00365478193 2.61690647
556 1455 3.65462926 0.00365462926 2.61690647
556 1455 3.65465274 0.00365465274 2.61690647
556 1455 3.65468164 0.00365468164 2.61690647
556 1455 3.65465758 0.00365465758 2.61690647
555 1449 3.6355503 0.0036355503 2.61081081
555 1449 3.65471147 0.00365471147 2.61081081
555 1449 3.65469987 0.00365469987 2.61081081
555 1449 3.65473148 0.00365473148 2.61081081
555 1445 3.65271803 0.00365271803 2.6036036
555 1445 3.65269819 0.00365269819 2.6036036
555 1445 3.65288839 0.00365288839 2.6036036
555 1445 3.65851771 0.00365851771 2.6036036
555 1445 3.65846394 0.00365846394 2.6036036
555 1445 3.65859635 0.00365859635 2.6036036
554 1441 3.63869517 0.00363869517 2.60108303
554 1442 3.64213812 0.00364213812 2.60288809
554 1442 3.64211635 0.00364211635 2.60288809
554 1442 3.64188153 0.00364188153 2.60288809
554 1442 3.64229342 0.00364229342 2.60288809
554 1442 3.64227313 0.00364227313 2.60288809
554 1442 3.64205515 0.00364205515 2.60288809
554 1442 3.64193115 0.00364193115 2.60288809
554 1442 3.64207975 0.00364207975 2.60288809
554 1442 3.64239405 0.00364239405 2.60288809
553 1436 3.62155912 0.00362155912 2.59674503
553 1439 3.62386376 0.00362386376 2.60216998
553 1439 3.62391765 0.00362391765 2.60216998
553 1439 3.62403933 0.00362403933 2.60216998
553 1439 3.62404815 0.00362404815 2.60216998
553 1438 3.6245553 0.0036245553 2.60036166
553 1438 3.62432436 0.00362432436 2.60036166
553 1438 3.6246274 0.0036246274 2.60036166
553 1438 3.6245287 0.0036245287 2.60036166
553 1438 3.62439721 0.00362439721 2.60036166
552 1434 3.60449066 0.00360449066 2.59782609
552 1435 3.60489852 0.00360489852 2.59963768
552 1435 3.60659299 0.00360659299 2.59963768
552 1435 3.60658131 0.00360658131 2.59963768
552 1435 3.60649866 0.00360649866 2.59963768
552 1435 3.60641095 0.00360641095 2.59963768
552 1435 3.60629412 0.00360629412 2.59963768
552 1435 3.60643838 0.00360643838 2.59963768
552 1435 3.60669955 0.00360669955 2.59963768
552 1435 3.60644384 0.00360644384 2.59963768
551 1433 3.58727024 0.00358727024 2.60072595
551 1433 3.58749494 0.00358749494 2.60072595
551 1433 3.58723867 0.00358723867 2.60072595
551 1433 3.58765543 0.00358765543 2.60072595
551 1433 3.58743567 0.00358743567 2.60072595
551 1433 3.5871703 0.0035871703 2.60072595
551 1433 3.5873334 0.0035873334 2.60072595
551 1433 3.58700218 0.00358700218 2.60072595
551 1432 3.588111 0.003588111 2.59891107
551 1432 3.58842172 0.00358842172 2.59891107
550 1430 3.5683401 0.0035683401 2.6
550 1429 3.56829776 0.00356829776 2.59818182
550 1426 3.56844869 0.00356844869 2.59272727
550 1426 3.56816151 0.00356816151 2.59272727
550 1426 3.56810393 0.00356810393 2.59272727
550 1426 3.56811586 0.00356811586 2.59272727
549 1420 3.55858961 0.00355858961 2.58652095
549 1421 3.5625579 0.0035625579 2.58834244
549 1421 3.56250725 0.00356250725 2.58834244
549 1421 3.56260328 0.00356260328 2.58834244
548 1420 3.54036283 0.00354036283 2.59124088
548 1419 3.54005521 0.00354005521 2.58941606
548 1419 3.54000737 0.00354000737 2.58941606
548 1417 3.5450844 0.0035450844 2.58576642
548 1417 3.54443636 0.00354443636 2.58576642
548 1417 3.54443937 0.00354443937 2.58576642
548 1417 3.54503549 0.00354503549 2.58576642
548 1417 3.54505057 0.00354505057 2.58576642
548 1417 3.54501892 0.00354501892 2.58576642
548 1417 3.54542654 0.00354542654 2.58576642
547 1410 3.52450915 0.00352450915 2.57769653
547 1410 3.52474462 0.00352474462 2.57769653
547 1411 3.52703695 0.00352703695 2.57952468
547 1410 3.52657524 0.00352657524 2.57769653
547 1410 3.52667703 0.00352667703 2.57769653
547 1410 3.52686601 0.00352686601 2.57769653
547 1410 3.52661093 0.00352661093 2.57769653
547 1414 3.5265062 0.0035265062 2.58500914
547 1414 3.52646846 0.00352646846 2.58500914
547 1414 3.52668511 0.00352668511 2.58500914
546 1410 3.50497292 0.00350497292 2.58241758
546 1410 3.50837962 0.00350837962 2.58241758
546 1410 3.50808413 0.00350808413 2.58241758
546 1408 3.50839069 0.00350839069 2.57875458
546 1407 3.51046538 0.00351046538 2.57692308
546 1407 3.51027589 0.00351027589 2.57692308
546 1407 3.5105502 0.0035105502 2.57692308
546 1407 3.51027861 0.00351027861 2.57692308
546 1407 3.51030511 0.00351030511 2.57692308
546 1407 3.51040141 0.00351040141 2.57692308
545 1404 3.49191985 0.00349191985 2.57614679
545 1404 3.49212705 0.00349212705 2.57614679
545 1404 3.4922127 0.0034922127 2.57614679
545 1404 3.49194416 0.00349194416 2.57614679
545 1404 3.49205162 0.00349205162 2.57614679
545 1404 3.49223617 0.00349223617 2.57614679
545 1404 3.4919176 0.0034919176 2.57614679
545 1404 3.49175341 0.00349175341 2.57614679
545 1400 3.4917123 0.0034917123 2.56880734
545 1400 3.49148343 0.00349148343 2.56880734
544 1396 3.4700422 0.0034700422 2.56617647
544 1395 3.47242036 0.00347242036 2.56433824
544 1397 3.47330763 0.00347330763 2.56801471
544 1397 3.47325313 0.00347325313 2.56801471
544 1397 3.47325511 0.00347325511 2.56801471
544 1397 3.47330832 0.00347330832 2.56801471
544 1397 3.47362262 0.00347362262 2.56801471
544 1397 3.47314278 0.00347314278 2.56801471
544 1397 3.47355615 0.00347355615 2.56801471
544 1395 3.47359225 0.00347359225 2.56433824
543 1393 3.45236586 0.00345236586 2.56537753
543 1389 3.45203966 0.00345203966 2.55801105
543 1390 3.45476582 0.00345476582 2.55985267
543 1392 3.4551784 0.0034551784 2.56353591
543 1392 3.45532675 0.00345532675 2.56353591
543 1392 3.4553787 0.0034553787 2.56353591
543 1392 3.45553915 0.00345553915 2.56353591
543 1392 3.45535142 0.00345535142 2.56353591
543 1392 3.45537662 0.00345537662 2.56353591
543 1392 3.4551582 0.0034551582 2.56353591
542 1387 3.43615056 0.00343615056 2.55904059
542 1387 3.4360317 0.0034360317 2.55904059
542 1387 3.43622804 0.00343622804 2.55904059
542 1387 3.43623869 0.00343623869 2.55904059
542 1387 3.4363699 0.0034363699 2.55904059
542 1385 3.43974473 0.00343974473 2.55535055
542 1385 3.43991994 0.00343991994 2.55535055
542 1385 3.4396921 0.0034396921 2.55535055
542 1385 3.43992583 0.00343992583 2.55535055
542 1385 3.43994239 0.00343994239 2.55535055
541 1381 3.41910297 0.00341910297 2.55268022
541 1381 3.41595805 0.00341595805 2.55268022
541 1388 3.4169576 0.0034169576 2.56561922
541 1386 3.43535333 0.00343535333 2.56192237
541 1386 3.43537419 0.00343537419 2.56192237
541 1386 3.43521635 0.00343521635 2.56192237
541 1386 3.4356562 0.0034356562 2.56192237
541 1386 3.43531356 0.00343531356 2.56192237
541 1386 3.43539973 0.00343539973 2.56192237
541 1386 3.43583258 0.00343583258 2.56192237
540 1379 3.41409234 0.00341409234 2.5537037
540 1382 3.41909966 0.00341909966 2.55925926
540 1382 3.42262366 0.00342262366 2.55925926
540 1382 3.42099199 0.00342099199 2.55925926
540 1382 3.42107385 0.00342107385 2.55925926
540 1379 3.40726696 0.00340726696 2.5537037
540 1379 3.40725751 0.00340725751 2.5537037
540 1379 3.40732595 0.00340732595 2.5537037
540 1381 3.41625835 0.00341625835 2.55740741
540 1383 3.44771014 0.00344771014 2.56111111
539 1377 3.42780852 0.00342780852 2.55473098
539 1376 3.42825799 0.00342825799 2.5528757
539 1380 3.43420862 0.00343420862 2.56029685
539 1380 3.43407705 0.00343407705 2.56029685
539 1380 3.43433503 0.00343433503 2.56029685
539 1380 3.43427629 0.00343427629 2.56029685
539 1382 3.42092854 0.00342092854 2.56400742
539 1382 3.42093677 0.00342093677 2.56400742
539 1382 3.42121255 0.00342121255 2.56400742
539 1382 3.4218286 0.0034218286 2.56400742
538 1380 3.40107734 0.00340107734 2.56505576
538 1379 3.40373866 0.00340373866 2.56319703
538 1379 3.40359073 0.00340359073 2.56319703
538 1379 3.40377737 0.00340377737 2.56319703
538 1379 3.40405042 0.00340405042 2.56319703
538 1379 3.40379992 0.00340379992 2.56319703
538 1379 3.40382923 0.00340382923 2.56319703
538 1379 3.40481893 0.00340481893 2.56319703
538 1379 3.42185031 0.00342185031 2.56319703
538 1379 3.4218895 0.0034218895 2.56319703
537 1377 3.40110898 0.00340110898 2.56424581
537 1377 3.40091187 0.00340091187 2.56424581
537 1378 3.39905732 0.00339905732 2.56610801
537 1378 3.39899856 0.00339899856 2.56610801
537 1378 3.39908669 0.00339908669 2.56610801
537 1376 3.40501331 0.00340501331 2.56238361
537 1376 3.40502481 0.00340502481 2.56238361
537 1376 3.40515282 0.00340515282 2.56238361
537 1376 3.40498412 0.00340498412 2.56238361
537 1376 3.40512322 0.00340512322 2.56238361
536 1374 3.38390421 0.00338390421 2.56343284
536 1374 3.38402922 0.00338402922 2.56343284
536 1369 3.38570683 0.00338570683 2.55410448
536 1369 3.3859552 0.0033859552 2.55410448
536 1370 3.38379941 0.00338379941 2.55597015
536 1370 3.38409773 0.00338409773 2.55597015
536 1369 3.38590376 0.00338590376 2.55410448
536 1372 3.38734062 0.00338734062 2.55970149
536 1372 3.38737615 0.00338737615 2.55970149
536 1372 3.38740762 0.00338740762 2.55970149
535 1371 3.36545915 0.00336545915 2.56261682
535 1370 3.36696648 0.00336696648 2.56074766
535 1370 3.36739871 0.00336739871 2.56074766
535 1366 3.37958559 0.00337958559 2.55327103
535 1366 3.37962466 0.00337962466 2.55327103
535 1366 3.37974473 0.00337974473 2.55327103
535 1366 3.37945451 0.00337945451 2.55327103
535 1367 3.37896845 0.00337896845 2.55514019
535 1366 3.37962202 0.00337962202 2.55327103
535 1366 3.3797549 0.0033797549 2.55327103
534 1365 3.35765668 0.00335765668 2.55617978
534 1361 3.35896105 0.00335896105 2.54868914
534 1360 3.36092486 0.00336092486 2.54681648
534 1360 3.3608972 0.0033608972 2.54681648
534 1360 3.36086679 0.00336086679 2.54681648
534 1363 3.36155026 0.00336155026 2.55243446
534 1363 3.3616541 0.0033616541 2.55243446
534 1363 3.36182544 0.00336182544 2.55243446
534 1363 3.36138406 0.00336138406 2.55243446
534 1363 3.36150973 0.00336150973 2.55243446
533 1359 3.34581748 0.00334581748 2.54971857
533 1359 3.34600087 0.00334600087 2.54971857
533 1359 3.34580207 0.00334580207 2.54971857
533 1359 3.34563701 0.00334563701 2.54971857
533 1359 3.34581755 0.00334581755 2.54971857
533 1359 3.345528 0.003345528 2.54971857
533 1359 3.34565833 0.00334565833 2.54971857
533 1358 3.34257708 0.00334257708 2.5478424
533 1358 3.34234512 0.00334234512 2.5478424
533 1358 3.34263365 0.00334263365 2.5478424
532 1350 3.32041219 0.00332041219 2.53759398
532 1355 3.32436894 0.00332436894 2.54699248
531 1350 3.32284198 0.00332284198 2.54237288
531 1350 3.32296907 0.00332296907 2.54237288
531 1350 3.322896 0.003322896 2.54237288
531 1350 3.3230479 0.0033230479 2.54237288
531 1350 3.32339756 0.00332339756 2.54237288
531 1350 3.32297341 0.00332297341 2.54237288
531 1350 3.32291397 0.00332291397 2.54237288
531 1350 3.32310299 0.00332310299 2.54237288
530 1342 3.3023701 0.0033023701 2.53207547
530 1343 3.30425514 0.00330425514 2.53396226
530 1343 3.30444363 0.00330444363 2.53396226
530 1343 3.30423496 0.00330423496 2.53396226
530 1343 3.30423269 0.00330423269 2.53396226
530 1343 3.30436564 0.00330436564 2.53396226
530 1343 3.30412206 0.00330412206 2.53396226
530 1343 3.30422637 0.00330422637 2.53396226
530 1344 3.30691446 0.00330691446 2.53584906
530 1344 3.30696322 0.00330696322 2.53584906
529 1336 3.28630639 0.00328630639 2.52551985
529 1337 3.28846935 0.00328846935 2.52741021
529 1337 3.28853841 0.00328853841 2.52741021
529 1337 3.28825495 0.00328825495 2.52741021
529 1337 3.28863124 0.00328863124 2.52741021
529 1337 3.28837694 0.00328837694 2.52741021
529 1337 3.28844587 0.00328844587 2.52741021
529 1337 3.28849282 0.00328849282 2.52741021
529 1337 3.28879073 0.00328879073 2.52741021
529 1337 3.28865521 0.00328865521 2.52741021
528 1334 3.26583785 0.00326583785 2.52651515
528 1334 3.2663478 0.0032663478 2.52651515
528 1332 3.26820421 0.00326820421 2.52272727
528 1332 3.26783484 0.00326783484 2.52272727
528 1335 3.26857029 0.00326857029 2.52840909
528 1329 3.26814079 0.00326814079 2.51704545
528 1329 3.26836934 0.00326836934 2.51704545
528 1329 3.26799374 0.00326799374 2.51704545
528 1329 3.26842136 0.00326842136 2.51704545
528 1329 3.26849892 0.00326849892 2.51704545
527 1325 3.24664174 0.00324664174 2.5142315
527 1326 3.24924266 0.00324924266 2.51612903
526 1322 3.23538405 0.00323538405 2.51330798
526 1322 3.23525621 0.00323525621 2.51330798
526 1326 3.24909163 0.00324909163 2.52091255
526 1326 3.24895326 0.00324895326 2.52091255
526 1326 3.24895662 0.00324895662 2.52091255
526 1326 3.24880535 0.00324880535 2.52091255
526 1326 3.24912116 0.00324912116 2.52091255
526 1326 3.24893993 0.00324893993 2.52091255
525 1320 3.22914886 0.00322914886 2.51428571
525 1318 3.22984647 0.00322984647 2.51047619
525 1324 3.22904712 0.00322904712 2.52190476
525 1324 3.2288732 0.0032288732 2.52190476
525 1324 3.2288132 0.0032288132 2.52190476
525 1324 3.22941648 0.00322941648 2.52190476
525 1324 3.22868845 0.00322868845 2.52190476
525 1324 3.22871947 0.00322871947 2.52190476
525 1324 3.22876218 0.00322876218 2.52190476
525 1324 3.22917443 0.00322917443 2.52190476
524 1319 3.20816522 0.00320816522 2.51717557
524 1319 3.20816188 0.00320816188 2.51717557
524 1319 3.20794223 0.00320794223 2.51717557
524 1318 3.20879276 0.00320879276 2.51526718
524 1318 3.20861649 0.00320861649 2.51526718
524 1318 3.20854766 0.00320854766 2.51526718
524 1322 3.20851101 0.00320851101 2.52290076
524 1316 3.2115003 0.0032115003 2.51145038
524 1317 3.20952337 0.00320952337 2.51335878
524 1317 3.2096432 0.0032096432 2.51335878
523 1314 3.18680024 0.00318680024 2.5124283
523 1312 3.18835743 0.00318835743 2.50860421
523 1313 3.18810099 0.00318810099 2.51051625
523 1313 3.18804772 0.00318804772 2.51051625
523 1313 3.18813195 0.00318813195 2.51051625
523 1313 3.18867419 0.00318867419 2.51051625
523 1313 3.18798442 0.00318798442 2.51051625
523 1314 3.19096192 0.00319096192 2.5124283
523 1314 3.19082319 0.00319082319 2.5124283
523 1314 3.19063475 0.00319063475 2.5124283
522 1312 3.17674602 0.00317674602 2.51340996
522 1312 3.17653247 0.00317653247 2.51340996
522 1312 3.17685061 0.00317685061 2.51340996
522 1311 3.16866566 0.00316866566 2.51149425
522 1311 3.16863272 0.00316863272 2.51149425
522 1311 3.16841404 0.00316841404 2.51149425
522 1307 3.15233206 0.00315233206 2.50383142
522 1305 3.15384919 0.00315384919 2.5
522 1313 3.16398159 0.00316398159 2.51532567
522 1313 3.1637344 0.0031637344 2.51532567
521 1304 3.14710688 0.00314710688 2.50287908
521 1304 3.14678779 0.00314678779 2.50287908
521 1304 3.14696542 0.00314696542 2.50287908
521 1301 3.16242683 0.00316242683 2.49712092
521 1307 3.1737978 0.0031737978 2.50863724
521 1307 3.17360941 0.00317360941 2.50863724
521 1307 3.17365063 0.00317365063 2.50863724
521 1306 3.17538406 0.00317538406 2.50671785
521 1306 3.17521443 0.00317521443 2.50671785
521 1306 3.17514388 0.00317514388 2.50671785
520 1301 3.15509013 0.00315509013 2.50192308
520 1301 3.15501236 0.00315501236 2.50192308
520 1301 3.15505584 0.00315505584 2.50192308
520 1301 3.15508181 0.00315508181 2.50192308
520 1301 3.15529404 0.00315529404 2.50192308
520 1301 3.155423 0.003155423 2.50192308
520 1301 3.15546856 0.00315546856 2.50192308
520 1298 3.15677269 0.00315677269 2.49615385
520 1305 3.16493913 0.00316493913 2.50961538
520 1304 3.16854093 0.00316854093 2.50769231
519 1300 3.15014916 0.00315014916 2.50481696
518 1298 3.1501388 0.0031501388 2.50579151
518 1302 3.1464094 0.0031464094 2.51351351
518 1297 3.15925524 0.00315925524 2.503861
518 1296 3.16146557 0.00316146557 2.5019305
518 1296 3.16148531 0.00316148531 2.5019305
518 1296 3.16130214 0.00316130214 2.5019305
518 1297 3.16988449 0.00316988449 2.503861
518 1297 3.16990533 0.00316990533 2.503861
518 1297 3.17004098 0.00317004098 2.503861
517 1289 3.15032075 0.00315032075 2.49323017
517 1296 3.15073122 0.00315073122 2.50676983
517 1296 3.15100886 0.00315100886 2.50676983
517 1296 3.15089836 0.00315089836 2.50676983
517 1296 3.1510246 0.0031510246 2.50676983
517 1296 3.15102409 0.00315102409 2.50676983
517 1293 3.15403937 0.00315403937 2.50096712
517 1293 3.15418341 0.00315418341 2.50096712
517 1293 3.15406118 0.00315406118 2.50096712
517 1293 3.15416941 0.00315416941 2.50096712
515 1284 3.137058 0.003137058 2.49320388
515 1284 3.13737562 0.00313737562 2.49320388
515 1282 3.12720638 0.00312720638 2.48932039
515 1282 3.12743295 0.00312743295 2.48932039
515 1282 3.12756289 0.00312756289 2.48932039
515 1282 3.12724842 0.00312724842 2.48932039
515 1282 3.12698179 0.00312698179 2.48932039
515 1282 3.13583541 0.00313583541 2.48932039
515 1282 3.13601373 0.00313601373 2.48932039
515 1282 3.1358886 0.0031358886 2.48932039
514 1279 3.11920954 0.00311920954 2.48832685
514 1279 3.11958508 0.00311958508 2.48832685
514 1278 3.12717895 0.00312717895 2.48638132
514 1278 3.12696411 0.00312696411 2.48638132
514 1278 3.1272809 0.0031272809 2.48638132
514 1278 3.12716896 0.00312716896 2.48638132
514 1278 3.12736692 0.00312736692 2.48638132
514 1278 3.12759079 0.00312759079 2.48638132
514 1278 3.1275038 0.0031275038 2.48638132
514 1278 3.12732208 0.00312732208 2.48638132
513 1270 3.10862338 0.00310862338 2.47563353
513 1277 3.10904443 0.00310904443 2.48927875
513 1277 3.10898388 0.00310898388 2.48927875
513 1277 3.10914907 0.00310914907 2.48927875
513 1277 3.10904523 0.00310904523 2.48927875
513 1277 3.10902603 0.00310902603 2.48927875
513 1277 3.10910356 0.00310910356 2.48927875
513 1275 3.11078039 0.00311078039 2.48538012
513 1275 3.11060044 0.00311060044 2.48538012
513 1275 3.11085912 0.00311085912 2.48538012
512 1271 3.08927136 0.00308927136 2.48242188
512 1272 3.0890636 0.0030890636 2.484375
512 1271 3.09354965 0.00309354965 2.48242188
512 1271 3.09346388 0.00309346388 2.48242188
512 1271 3.09356465 0.00309356465 2.48242188
512 1271 3.09353755 0.00309353755 2.48242188
512 1271 3.09364505 0.00309364505 2.48242188
512 1271 3.09391261 0.00309391261 2.48242188
512 1271 3.09358812 0.00309358812 2.48242188
512 1271 3.09343549 0.00309343549 2.48242188
511 1268 3.07587115 0.00307587115 2.481409
511 1268 3.07646744 0.00307646744 2.481409
511 1268 3.07555688 0.00307555688 2.481409
511 1270 3.07513874 0.00307513874 2.4853229
511 1270 3.07506825 0.00307506825 2.4853229
511 1270 3.07483264 0.00307483264 2.4853229
511 1270 3.07525568 0.00307525568 2.4853229
511 1268 3.07628227 0.00307628227 2.481409
511 1268 3.07613568 0.00307613568 2.481409
511 1268 3.07611017 0.00307611017 2.481409
510 1260 3.05724221 0.00305724221 2.47058824
510 1260 3.05758437 0.00305758437 2.47058824
510 1260 3.05733895 0.00305733895 2.47058824
510 1267 3.05816254 0.00305816254 2.48431373
510 1267 3.05803696 0.00305803696 2.48431373
510 1267 3.05848595 0.00305848595 2.48431373
510 1267 3.05786786 0.00305786786 2.48431373
510 1267 3.05797451 0.00305797451 2.48431373
510 1267 3.05820395 0.00305820395 2.48431373
510 1267 3.05808022 0.00305808022 2.48431373
509 1264 3.03627278 0.00303627278 2.48330059
509 1260 3.03715559 0.00303715559 2.47544204
509 1262 3.0402483 0.0030402483 2.47937132
509 1262 3.04017298 0.00304017298 2.47937132
509 1262 3.04051538 0.00304051538 2.47937132
509 1262 3.0402465 0.0030402465 2.47937132
509 1262 3.04015199 0.00304015199 2.47937132
509 1262 3.03998365 0.00303998365 2.47937132
509 1262 3.04019451 0.00304019451 2.47937132
509 1262 3.04052557 0.00304052557 2.47937132
508 1260 3.01923538 0.00301923538 2.48031496
508 1258 3.01872244 0.00301872244 2.47637795
508 1258 3.01927446 0.00301927446 2.47637795
508 1254 3.02147161 0.00302147161 2.46850394
508 1254 3.02129272 0.00302129272 2.46850394
508 1254 3.02123607 0.00302123607 2.46850394
508 1254 3.02133094 0.00302133094 2.46850394
508 1254 3.02160004 0.00302160004 2.46850394
508 1254 3.02120687 0.00302120687 2.46850394
508 1254 3.02130212 0.00302130212 2.46850394
507 1250 3.00031436 0.00300031436 2.46548323
507 1250 3.00039999 0.00300039999 2.46548323
507 1247 3.00098415 0.00300098415 2.45956607
507 1247 3.00107962 0.00300107962 2.45956607
507 1247 3.00096864 0.00300096864 2.45956607
507 1247 3.00081228 0.00300081228 2.45956607
507 1247 3.00105524 0.00300105524 2.45956607
507 1247 3.00096383 0.00300096383 2.45956607
507 1247 3.00099843 0.00300099843 2.45956607
507 1247 3.00091036 0.00300091036 2.45956607
506 1245 2.97973907 0.00297973907 2.46047431
506 1245 2.97966912 0.00297966912 2.46047431
506 1245 2.97986426 0.00297986426 2.46047431
506 1244 2.98183639 0.00298183639 2.45849802
506 1244 2.98174346 0.00298174346 2.45849802
506 1244 2.98180578 0.00298180578 2.45849802
506 1244 2.98187602 0.00298187602 2.45849802
506 1244 2.98188847 0.00298188847 2.45849802
506 1244 2.98152055 0.00298152055 2.45849802
506 1244 2.98174179 0.00298174179 2.45849802
505 1238 2.95928294 0.00295928294 2.45148515
505 1240 2.96056945 0.00296056945 2.45544554
505 1240 2.96077464 0.00296077464 2.45544554
505 1242 2.96019643 0.00296019643 2.45940594
505 1240 2.96037741 0.00296037741 2.45544554
505 1240 2.96070588 0.00296070588 2.45544554
504 1241 2.97225282 0.00297225282 2.46230159
504 1241 2.9721415 0.0029721415 2.46230159
504 1241 2.97250316 0.00297250316 2.46230159
504 1241 2.97217208 0.00297217208 2.46230159
503 1234 2.9518252 0.0029518252 2.45328032
503 1234 2.95195174 0.00295195174 2.45328032
503 1234 2.95231579 0.00295231579 2.45328032
503 1234 2.95186408 0.00295186408 2.45328032
503 1234 2.95208936 0.00295208936 2.45328032
503 1234 2.95176817 0.00295176817 2.45328032
503 1234 2.95178407 0.00295178407 2.45328032
503 1234 2.95219889 0.00295219889 2.45328032
503 1238 2.95866304 0.00295866304 2.4612326
503 1238 2.95888936 0.00295888936 2.4612326
502 1232 2.93756029 0.00293756029 2.45418327
502 1233 2.96315394 0.00296315394 2.4561753
502 1239 2.97279389 0.00297279389 2.46812749
502 1239 2.97301275 0.00297301275 2.46812749
502 1239 2.97263853 0.00297263853 2.46812749
502 1239 2.97299619 0.00297299619 2.46812749
502 1239 2.97328204 0.00297328204 2.46812749
502 1239 2.97273976 0.00297273976 2.46812749
502 1239 2.97277957 0.00297277957 2.46812749
502 1239 2.97265095 0.00297265095 2.46812749
501 1231 2.95352793 0.00295352793 2.45708583
501 1231 2.95378077 0.00295378077 2.45708583
501 1231 2.95363449 0.00295363449 2.45708583
501 1231 2.95349278 0.00295349278 2.45708583
501 1236 2.951275 0.002951275 2.46706587
501 1236 2.95130016 0.00295130016 2.46706587
501 1236 2.95131051 0.00295131051 2.46706587
501 1236 2.95167135 0.00295167135 2.46706587
501 1236 2.95113305 0.00295113305 2.46706587
501 1236 2.95121554 0.00295121554 2.46706587
500 1232 2.92939424 0.00292939424 2.464
500 1232 2.92925394 0.00292925394 2.464
500 1232 2.93061573 0.00293061573 2.464
500 1232 2.93034244 0.00293034244 2.464
500 1232 2.93089761 0.00293089761 2.464
500 1229 2.9310734 0.0029310734 2.458
500 1229 2.9308782 0.0029308782 2.458
500 1229 2.93101029 0.00293101029 2.458
500 1229 2.93051607 0.00293051607 2.458
500 1229 2.93094442 0.00293094442 2.458
499 1221 2.91345832 0.00291345832 2.44689379
499 1225 2.91562753 0.00291562753 2.45490982
499 1225 2.91558233 0.00291558233 2.45490982
499 1224 2.9177069 0.0029177069 2.45290581
499 1224 2.91767591 0.00291767591 2.45290581
499 1224 2.91784392 0.00291784392 2.45290581
499 1224 2.91715113 0.00291715113 2.45290581
499 1224 2.91743101 0.00291743101 2.45290581
499 1224 2.91743983 0.00291743983 2.45290581
499 1224 2.91773904 0.00291773904 2.45290581
498 1217 2.89613214 0.00289613214 2.4437751
498 1218 2.89654307 0.00289654307 2.44578313
498 1218 2.89643988 0.00289643988 2.44578313
498 1218 2.89649959 0.00289649959 2.44578313
498 1218 2.89657053 0.00289657053 2.44578313
498 1218 2.89594721 0.00289594721 2.44578313
498 1218 2.89671504 0.00289671504 2.44578313
498 1218 2.89655329 0.00289655329 2.44578313
498 1218 2.8964726 0.0028964726 2.44578313
498 1218 2.89669516 0.00289669516 2.44578313
497 1213 2.87613254 0.00287613254 2.44064386
497 1217 2.8762723 0.0028762723 2.44869215
497 1215 2.87520456 0.00287520456 2.44466801
497 1215 2.87667776 0.00287667776 2.44466801
497 1215 2.87668049 0.00287668049 2.44466801
497 1213 2.8762448 0.0028762448 2.44064386
497 1213 2.87634674 0.00287634674 2.44064386
497 1213 2.87615539 0.00287615539 2.44064386
497 1213 2.87617619 0.00287617619 2.44064386
497 1213 2.8765299 0.0028765299 2.44064386
496 1211 2.85440412 0.00285440412 2.44153226
496 1210 2.85512636 0.00285512636 2.43951613
496 1210 2.85576463 0.00285576463 2.43951613
496 1210 2.85586964 0.00285586964 2.43951613
496 1210 2.85580163 0.00285580163 2.43951613
496 1210 2.85592642 0.00285592642 2.43951613
496 1210 2.85608666 0.00285608666 2.43951613
496 1210 2.85571513 0.00285571513 2.43951613
496 1210 2.85535512 0.00285535512 2.43951613
496 1210 2.85579962 0.00285579962 2.43951613
495 1203 2.84508954 0.00284508954 2.43030303
495 1203 2.84510871 0.00284510871 2.43030303
495 1203 2.84516495 0.00284516495 2.43030303
495 1203 2.8448878 0.0028448878 2.43030303
495 1205 2.84645464 0.00284645464 2.43434343
495 1199 2.84565252 0.00284565252 2.42222222
495 1199 2.84525864 0.00284525864 2.42222222
495 1205 2.84675574 0.00284675574 2.43434343
495 1208 2.85304381 0.00285304381 2.44040404
495 1208 2.85297183 0.00285297183 2.44040404
494 1204 2.84058618 0.00284058618 2.43724696
494 1201 2.83405189 0.00283405189 2.43117409
494 1201 2.83383263 0.00283383263 2.43117409
494 1201 2.83420724 0.00283420724 2.43117409
494 1201 2.83404619 0.00283404619 2.43117409
494 1201 2.83411005 0.00283411005 2.43117409
494 1204 2.83894001 0.00283894001 2.43724696
494 1204 2.83898168 0.00283898168 2.43724696
494 1201 2.84227768 0.00284227768 2.43117409
494 1201 2.84250856 0.00284250856 2.43117409
493 1197 2.82793719 0.00282793719 2.42799189
493 1199 2.822923 0.002822923 2.43204868
493 1199 2.82292757 0.00282292757 2.43204868
493 1199 2.82306084 0.00282306084 2.43204868
493 1199 2.82318189 0.00282318189 2.43204868
493 1199 2.82286171 0.00282286171 2.43204868
493 1199 2.82263903 0.00282263903 2.43204868
493 1199 2.82303163 0.00282303163 2.43204868
493 1197 2.83681248 0.00283681248 2.42799189
493 1197 2.83664711 0.00283664711 2.42799189
492 1190 2.81831926 0.00281831926 2.41869919
492 1196 2.82286709 0.00282286709 2.43089431
492 1196 2.82284379 0.00282284379 2.43089431
492 1199 2.8312804 0.0028312804 2.43699187
492 1199 2.83099671 0.00283099671 2.43699187
492 1199 2.83111904 0.00283111904 2.43699187
492 1199 2.8311247 0.0028311247 2.43699187
492 1199 2.83148633 0.00283148633 2.43699187
492 1199 2.83167864 0.00283167864 2.43699187
492 1199 2.83165631 0.00283165631 2.43699187
491 1196 2.81131723 0.00281131723 2.43584521
491 1196 2.8113488 0.0028113488 2.43584521
491 1196 2.81159551 0.00281159551 2.43584521
491 1196 2.81139714 0.00281139714 2.43584521
491 1196 2.81144397 0.00281144397 2.43584521
491 1192 2.81227074 0.00281227074 2.42769857
491 1192 2.81212918 0.00281212918 2.42769857
491 1192 2.81228964 0.00281228964 2.42769857
491 1192 2.81219487 0.00281219487 2.42769857
491 1192 2.81202718 0.00281202718 2.42769857
490 1188 2.79075197 0.00279075197 2.4244898
490 1188 2.79075389 0.00279075389 2.4244898
490 1188 2.79059878 0.00279059878 2.4244898
490 1184 2.79345011 0.00279345011 2.41632653
490 1184 2.79314643 0.00279314643 2.41632653
490 1184 2.79364063 0.00279364063 2.41632653
490 1184 2.79352694 0.00279352694 2.41632653
490 1184 2.79347933 0.00279347933 2.41632653
490 1184 2.79338104 0.00279338104 2.41632653
490 1184 2.79358842 0.00279358842 2.41632653
489 1181 2.77187078 0.00277187078 2.41513292
489 1181 2.77210664 0.00277210664 2.41513292
489 1181 2.77361175 0.00277361175 2.41513292
489 1181 2.77387531 0.00277387531 2.41513292
489 1181 2.77348872 0.00277348872 2.41513292
489 1181 2.77372136 0.00277372136 2.41513292
489 1181 2.7737789 0.0027737789 2.41513292
489 1181 2.77380102 0.00277380102 2.41513292
489 1181 2.77382922 0.00277382922 2.41513292
489 1181 2.77387655 0.00277387655 2.41513292
488 1178 2.75215401 0.00275215401 2.41393443
488 1176 2.75431912 0.00275431912 2.40983607
488 1176 2.75415872 0.00275415872 2.40983607
488 1175 2.75460561 0.00275460561 2.40778689
488 1175 2.74455641 0.00274455641 2.40778689
488 1175 2.74420097 0.00274420097 2.40778689
488 1174 2.74796111 0.00274796111 2.4057377
488 1174 2.74786184 0.00274786184 2.4057377
488 1177 2.76588753 0.00276588753 2.41188525
488 1178 2.76755479 0.00276755479 2.41393443
487 1173 2.74845562 0.00274845562 2.40862423
487 1173 2.74828696 0.00274828696 2.40862423
487 1175 2.74856985 0.00274856985 2.41273101
487 1175 2.74869019 0.00274869019 2.41273101
487 1175 2.74833026 0.00274833026 2.41273101
487 1175 2.74832652 0.00274832652 2.41273101
487 1175 2.74843912 0.00274843912 2.41273101
487 1175 2.74847751 0.00274847751 2.41273101
487 1175 2.74823087 0.00274823087 2.41273101
487 1175 2.7484898 0.0027484898 2.41273101
486 1169 2.73559195 0.00273559195 2.40534979
486 1169 2.73546759 0.00273546759 2.40534979
486 1169 2.73571184 0.00273571184 2.40534979
486 1169 2.73566699 0.00273566699 2.40534979
486 1169 2.73552614 0.00273552614 2.40534979
486 1169 2.73597938 0.00273597938 2.40534979
486 1169 2.73547777 0.00273547777 2.40534979
486 1169 2.73521933 0.00273521933 2.40534979
486 1169 2.73569919 0.00273569919 2.40534979
486 1169 2.73534671 0.00273534671 2.40534979
485 1166 2.7146274 0.0027146274 2.40412371
485 1166 2.71453883 0.00271453883 2.40412371
485 1161 2.7162576 0.0027162576 2.39381443
485 1161 2.71602657 0.00271602657 2.39381443
485 1161 2.71625197 0.00271625197 2.39381443
485 1161 2.71597835 0.00271597835 2.39381443
485 1161 2.71593225 0.00271593225 2.39381443
485 1161 2.71590614 0.00271590614 2.39381443
485 1161 2.71647808 0.00271647808 2.39381443
485 1161 2.71657868 0.00271657868 2.39381443
484 1158 2.69318203 0.00269318203 2.39256198
484 1158 2.69599558 0.00269599558 2.39256198
484 1158 2.6962954 0.0026962954 2.39256198
484 1159 2.69446298 0.00269446298 2.3946281
484 1159 2.69428467 0.00269428467 2.3946281
484 1159 2.69424531 0.00269424531 2.3946281
484 1158 2.6962142 0.0026962142 2.39256198
484 1158 2.69625994 0.00269625994 2.39256198
484 1158 2.69662001 0.00269662001 2.39256198
484 1158 2.69627058 0.00269627058 2.39256198
483 1156 2.67709108 0.00267709108 2.39337474
483 1156 2.67704279 0.00267704279 2.39337474
483 1156 2.67715524 0.00267715524 2.39337474
483 1156 2.67698261 0.00267698261 2.39337474
483 1156 2.67710919 0.00267710919 2.39337474
483 1156 2.67726693 0.00267726693 2.39337474
483 1156 2.6774175 0.0026774175 2.39337474
483 1156 2.67699045 0.00267699045 2.39337474
483 1156 2.67725279 0.00267725279 2.39337474
483 1156 2.67692337 0.00267692337 2.39337474
482 1155 2.65530906 0.00265530906 2.39626556
482 1155 2.65442777 0.00265442777 2.39626556
482 1150 2.65486544 0.00265486544 2.38589212
482 1150 2.6546007 0.0026546007 2.38589212
482 1155 2.65522403 0.00265522403 2.39626556
482 1155 2.65532642 0.00265532642 2.39626556
482 1155 2.65502828 0.00265502828 2.39626556
482 1155 2.65521662 0.00265521662 2.39626556
482 1155 2.65568356 0.00265568356 2.39626556
482 1155 2.65544786 0.00265544786 2.39626556
481 1152 2.63449118 0.00263449118 2.3950104
481 1152 2.63456016 0.00263456016 2.3950104
481 1152 2.63440309 0.00263440309 2.3950104
481 1149 2.63065657 0.00263065657 2.38877339
481 1147 2.64113085 0.00264113085 2.38461538
481 1147 2.64089323 0.00264089323 2.38461538
481 1147 2.64083868 0.00264083868 2.38461538
481 1142 2.64591276 0.00264591276 2.37422037
481 1142 2.64617807 0.00264617807 2.37422037
481 1142 2.64585953 0.00264585953 2.37422037
480 1140 2.62401016 0.00262401016 2.375
480 1141 2.62514344 0.00262514344 2.37708333
480 1141 2.62523895 0.00262523895 2.37708333
480 1140 2.62811209 0.00262811209 2.375
480 1140 2.62795952 0.00262795952 2.375
480 1140 2.62771808 0.00262771808 2.375
480 1140 2.6271292 0.0026271292 2.375
480 1140 2.62785209 0.00262785209 2.375
480 1140 2.62771024 0.00262771024 2.375
480 1144 2.63154344 0.00263154344 2.38333333
479 1141 2.60981337 0.00260981337 2.38204593
479 1141 2.60991484 0.00260991484 2.38204593
479 1142 2.60968065 0.00260968065 2.38413361
479 1142 2.6099569 0.0026099569 2.38413361
479 1139 2.61273377 0.00261273377 2.37787056
479 1139 2.61303095 0.00261303095 2.37787056
479 1141 2.6113983 0.0026113983 2.38204593
479 1141 2.61148653 0.00261148653 2.38204593
479 1137 2.61448098 0.00261448098 2.3736952
479 1137 2.61424651 0.00261424651 2.3736952
478 1135 2.59868998 0.00259868998 2.37447699
478 1135 2.59882296 0.00259882296 2.37447699
478 1135 2.5982068 0.0025982068 2.37447699
478 1135 2.59876838 0.00259876838 2.37447699
478 1135 2.59878532 0.00259878532 2.37447699
478 1135 2.59882345 0.00259882345 2.37447699
478 1135 2.59872122 0.00259872122 2.37447699
478 1135 2.59873895 0.00259873895 2.37447699
478 1135 2.59831226 0.00259831226 2.37447699
478 1135 2.59873809 0.00259873809 2.37447699
477 1130 2.57909275 0.00257909275 2.36897275
477 1132 2.57798578 0.00257798578 2.37316562
477 1132 2.57853607 0.00257853607 2.37316562
477 1132 2.57784631 0.00257784631 2.37316562
477 1130 2.57924193 0.00257924193 2.36897275
477 1130 2.5792607 0.0025792607 2.36897275
477 1130 2.57877447 0.00257877447 2.36897275
477 1130 2.57881094 0.00257881094 2.36897275
477 1130 2.57889206 0.00257889206 2.36897275
477 1130 2.57907086 0.00257907086 2.36897275
476 1128 2.55678469 0.00255678469 2.3697479
476 1128 2.55655799 0.00255655799 2.3697479
476 1129 2.55816783 0.00255816783 2.37184874
476 1129 2.55800423 0.00255800423 2.37184874
476 1129 2.55791725 0.00255791725 2.37184874
476 1129 2.55815512 0.00255815512 2.37184874
476 1129 2.55827645 0.00255827645 2.37184874
476 1124 2.55780526 0.00255780526 2.36134454
476 1124 2.55781475 0.00255781475 2.36134454
476 1124 2.55777736 0.00255777736 2.36134454
475 1122 2.53598232 0.00253598232 2.36210526
475 1122 2.53681104 0.00253681104 2.36210526
475 1119 2.53821377 0.00253821377 2.35578947
475 1119 2.53837447 0.00253837447 2.35578947
475 1119 2.53823546 0.00253823546 2.35578947
475 1119 2.53842058 0.00253842058 2.35578947
475 1119 2.53874778 0.00253874778 2.35578947
475 1119 2.53820455 0.00253820455 2.35578947
475 1123 2.54160798 0.00254160798 2.36421053
475 1123 2.54116309 0.00254116309 2.36421053
474 1121 2.52366786 0.00252366786 2.3649789
474 1121 2.52372598 0.00252372598 2.3649789
474 1121 2.52375977 0.00252375977 2.3649789
474 1121 2.523666 0.002523666 2.3649789
474 1121 2.52382758 0.00252382758 2.3649789
474 1121 2.52365265 0.00252365265 2.3649789
474 1121 2.52389109 0.00252389109 2.3649789
474 1121 2.52396063 0.00252396063 2.3649789
474 1123 2.51747767 0.00251747767 2.36919831
474 1123 2.51739744 0.00251739744 2.36919831
473 1119 2.49765523 0.00249765523 2.36575053
473 1117 2.50323279 0.00250323279 2.3615222
473 1117 2.50299892 0.00250299892 2.3615222
473 1117 2.50293697 0.00250293697 2.3615222
473 1117 2.50320709 0.00250320709 2.3615222
473 1117 2.50327123 0.00250327123 2.3615222
473 1117 2.50315237 0.00250315237 2.3615222
473 1121 2.52087692 0.00252087692 2.36997886
473 1121 2.52083741 0.00252083741 2.36997886
473 1121 2.52069463 0.00252069463 2.36997886
472 1116 2.50121642 0.00250121642 2.36440678
472 1120 2.50531519 0.00250531519 2.37288136
472 1120 2.50514714 0.00250514714 2.37288136
472 1120 2.50502346 0.00250502346 2.37288136
472 1121 2.50279451 0.00250279451 2.375
472 1121 2.5026573 0.0025026573 2.375
472 1121 2.50284563 0.00250284563 2.375
472 1121 2.50262178 0.00250262178 2.375
472 1121 2.50277146 0.00250277146 2.375
472 1121 2.50299114 0.00250299114 2.375
471 1114 2.48783162 0.00248783162 2.36518047
471 1114 2.4878778 0.0024878778 2.36518047
471 1111 2.48247411 0.00248247411 2.35881104
471 1111 2.48289631 0.00248289631 2.35881104
471 1108 2.51442749 0.00251442749 2.35244161
471 1109 2.49740334 0.00249740334 2.35456476
471 1109 2.49744149 0.00249744149 2.35456476
471 1109 2.49751969 0.00249751969 2.35456476
471 1109 2.49742151 0.00249742151 2.35456476
471 1115 2.49884228 0.00249884228 2.36730361
470 1110 2.48288272 0.00248288272 2.36170213
470 1114 2.49764659 0.00249764659 2.37021277
470 1114 2.49748989 0.00249748989 2.37021277
470 1116 2.51559206 0.00251559206 2.37446809
470 1116 2.51567144 0.00251567144 2.37446809
470 1109 2.51578389 0.00251578389 2.35957447
470 1109 2.51583411 0.00251583411 2.35957447
470 1109 2.51589757 0.00251589757 2.35957447
470 1109 2.51594344 0.00251594344 2.35957447
470 1110 2.51259493 0.00251259493 2.36170213
469 1107 2.49131264 0.00249131264 2.36034115
469 1107 2.49145862 0.00249145862 2.36034115
469 1104 2.4981143 0.0024981143 2.35394456
469 1104 2.49830547 0.00249830547 2.35394456
469 1104 2.49824884 0.00249824884 2.35394456
469 1104 2.49822628 0.00249822628 2.35394456
469 1104 2.49828427 0.00249828427 2.35394456
469 1104 2.49813887 0.00249813887 2.35394456
469 1104 2.49806656 0.00249806656 2.35394456
469 1104 2.4983327 0.0024983327 2.35394456
468 1101 2.48609101 0.00248609101 2.3525641
468 1101 2.48641508 0.00248641508 2.3525641
468 1101 2.4868286 0.0024868286 2.3525641
468 1101 2.48696532 0.00248696532 2.3525641
468 1101 2.48594205 0.00248594205 2.3525641
468 1101 2.48624775 0.00248624775 2.3525641
468 1101 2.48615899 0.00248615899 2.3525641
468 1101 2.48621234 0.00248621234 2.3525641
468 1098 2.47437469 0.00247437469 2.34615385
468 1098 2.47440966 0.00247440966 2.34615385
467 1094 2.45522812 0.00245522812 2.34261242
467 1097 2.4594684 0.0024594684 2.3490364
467 1097 2.46998243 0.00246998243 2.3490364
467 1099 2.46631587 0.00246631587 2.35331906
467 1099 2.4663644 0.0024663644 2.35331906
467 1099 2.46638041 0.00246638041 2.35331906
467 1099 2.46635773 0.00246635773 2.35331906
467 1099 2.46656689 0.00246656689 2.35331906
466 1094 2.45836542 0.00245836542 2.34763948
466 1094 2.45847725 0.00245847725 2.34763948
465 1091 2.44949434 0.00244949434 2.34623656
465 1091 2.44945958 0.00244945958 2.34623656
465 1091 2.44940542 0.00244940542 2.34623656
465 1091 2.44921097 0.00244921097 2.34623656
465 1091 2.44938797 0.00244938797 2.34623656
465 1091 2.44959845 0.00244959845 2.34623656
465 1091 2.44982068 0.00244982068 2.34623656
465 1091 2.44953358 0.00244953358 2.34623656
465 1091 2.44935835 0.00244935835 2.34623656
465 1091 2.44960818 0.00244960818 2.34623656
464 1089 2.42921282 0.00242921282 2.34698276
464 1089 2.42920405 0.00242920405 2.34698276
464 1089 2.42932137 0.00242932137 2.34698276
464 1089 2.42961609 0.00242961609 2.34698276
464 1089 2.42946385 0.00242946385 2.34698276
464 1088 2.43122965 0.00243122965 2.34482759
464 1088 2.43119344 0.00243119344 2.34482759
464 1088 2.43153378 0.00243153378 2.34482759
464 1088 2.43120793 0.00243120793 2.34482759
464 1088 2.43122909 0.00243122909 2.34482759
463 1084 2.41184688 0.00241184688 2.3412527
463 1084 2.41214556 0.00241214556 2.3412527
463 1083 2.41520246 0.00241520246 2.33909287
463 1083 2.41543078 0.00241543078 2.33909287
463 1083 2.41496656 0.00241496656 2.33909287
463 1083 2.41550037 0.00241550037 2.33909287
463 1083 2.41531874 0.00241531874 2.33909287
463 1083 2.41504625 0.00241504625 2.33909287
463 1083 2.41523059 0.00241523059 2.33909287
463 1082 2.41663954 0.00241663954 2.33693305
462 1078 2.39568382 0.00239568382 2.33333333
462 1080 2.39668053 0.00239668053 2.33766234
462 1080 2.39688974 0.00239688974 2.33766234
462 1080 2.39692534 0.00239692534 2.33766234
462 1080 2.396826 0.002396826 2.33766234
462 1080 2.39682055 0.00239682055 2.33766234
462 1076 2.39259365 0.00239259365 2.32900433
462 1076 2.39266567 0.00239266567 2.32900433
462 1076 2.39249642 0.00239249642 2.32900433
462 1078 2.39626653 0.00239626653 2.33333333
461 1075 2.37591169 0.00237591169 2.3318872
461 1075 2.37838075 0.00237838075 2.3318872
461 1074 2.38038024 0.00238038024 2.329718
461 1074 2.38025582 0.00238025582 2.329718
461 1074 2.38055975 0.00238055975 2.329718
461 1074 2.3802652 0.0023802652 2.329718
461 1074 2.38025019 0.00238025019 2.329718
461 1075 2.37912468 0.00237912468 2.3318872
461 1078 2.38751679 0.00238751679 2.33839479
461 1076 2.39216086 0.00239216086 2.3340564
460 1072 2.38721925 0.00238721925 2.33043478
460 1072 2.38719351 0.00238719351 2.33043478
460 1072 2.38712277 0.00238712277 2.33043478
460 1072 2.38731079 0.00238731079 2.33043478
460 1072 2.38719033 0.00238719033 2.33043478
460 1072 2.38735254 0.00238735254 2.33043478
460 1072 2.38716134 0.00238716134 2.33043478
460 1072 2.38732474 0.00238732474 2.33043478
460 1072 2.38713064 0.00238713064 2.33043478
459 1068 2.37190278 0.00237190278 2.32679739
458 1067 2.34949159 0.00234949159 2.32969432
458 1064 2.35244256 0.00235244256 2.3231441
458 1064 2.3529046 0.0023529046 2.3231441
458 1064 2.35215863 0.00235215863 2.3231441
458 1065 2.37177532 0.00237177532 2.32532751
458 1065 2.37202404 0.00237202404 2.32532751
458 1065 2.37177542 0.00237177542 2.32532751
458 1063 2.3724076 0.0023724076 2.3209607
458 1062 2.37558789 0.00237558789 2.31877729
457 1059 2.3710419 0.0023710419 2.31728665
456 1056 2.35260009 0.00235260009 2.31578947
456 1056 2.35274196 0.00235274196 2.31578947
456 1056 2.35281037 0.00235281037 2.31578947
456 1056 2.3526254 0.0023526254 2.31578947
456 1056 2.35268866 0.00235268866 2.31578947
456 1054 2.35468245 0.00235468245 2.31140351
456 1054 2.35461054 0.00235461054 2.31140351
456 1054 2.35478412 0.00235478412 2.31140351
456 1054 2.35454462 0.00235454462 2.31140351
456 1054 2.35467278 0.00235467278 2.31140351
455 1051 2.33347885 0.00233347885 2.30989011
455 1051 2.33047818 0.00233047818 2.30989011
455 1056 2.34842082 0.00234842082 2.32087912
455 1054 2.34838656 0.00234838656 2.31648352
455 1054 2.34861807 0.00234861807 2.31648352
455 1054 2.34827636 0.00234827636 2.31648352
455 1054 2.34828031 0.00234828031 2.31648352
455 1054 2.3484699 0.0023484699 2.31648352
455 1050 2.3505792 0.0023505792 2.30769231
455 1050 2.35059882 0.00235059882 2.30769231
454 1047 2.32989205 0.00232989205 2.3061674
454 1047 2.32978732 0.00232978732 2.3061674
454 1048 2.3349109 0.0023349109 2.30837004
454 1048 2.3346627 0.0023346627 2.30837004
454 1048 2.33479793 0.00233479793 2.30837004
454 1048 2.33489227 0.00233489227 2.30837004
454 1048 2.33501342 0.00233501342 2.30837004
454 1048 2.33472359 0.00233472359 2.30837004
454 1048 2.33488715 0.00233488715 2.30837004
454 1048 2.33483807 0.00233483807 2.30837004
453 1044 2.31566392 0.00231566392 2.30463576
453 1044 2.31580234 0.00231580234 2.30463576
453 1044 2.31560488 0.00231560488 2.30463576
453 1044 2.31580021 0.00231580021 2.30463576
453 1044 2.3156795 0.0023156795 2.30463576
453 1044 2.31573064 0.00231573064 2.30463576
453 1044 2.31549369 0.00231549369 2.30463576
453 1044 2.31536397 0.00231536397 2.30463576
453 1044 2.31537472 0.00231537472 2.30463576
453 1044 2.31528299 0.00231528299 2.30463576
452 1039 2.29480038 0.00229480038 2.29867257
452 1041 2.29741972 0.00229741972 2.30309735
452 1041 2.29751088 0.00229751088 2.30309735
452 1041 2.29765839 0.00229765839 2.30309735
452 1041 2.2975579 0.0022975579 2.30309735
452 1041 2.29742389 0.00229742389 2.30309735
452 1041 2.2973561 0.0022973561 2.30309735
452 1042 2.29705912 0.00229705912 2.30530973
452 1042 2.29702041 0.00229702041 2.30530973
452 1042 2.29721692 0.00229721692 2.30530973
451 1041 2.27474567 0.00227474567 2.30820399
451 1039 2.27888196 0.00227888196 2.3037694
451 1039 2.2788113 0.0022788113 2.3037694
451 1039 2.27896503 0.00227896503 2.3037694
451 1039 2.27899926 0.00227899926 2.3037694
451 1039 2.27893637 0.00227893637 2.3037694
451 1037 2.27875129 0.00227875129 2.29933481
451 1037 2.27883096 0.00227883096 2.29933481
451 1037 2.27880992 0.00227880992 2.29933481
451 1037 2.27885766 0.00227885766 2.29933481
450 1036 2.2590165 0.0022590165 2.30222222
450 1032 2.25956265 0.00225956265 2.29333333
450 1032 2.25956461 0.00225956461 2.29333333
450 1034 2.25726274 0.00225726274 2.29777778
450 1032 2.26253496 0.00226253496 2.29333333
450 1032 2.26315015 0.00226315015 2.29333333
450 1032 2.26318473 0.00226318473 2.29333333
450 1032 2.26279964 0.00226279964 2.29333333
450 1034 2.26338369 0.00226338369 2.29777778
450 1035 2.26005367 0.00226005367 2.3
449 1032 2.24504772 0.00224504772 2.29844098
449 1032 2.24512163 0.00224512163 2.29844098
449 1032 2.24531617 0.00224531617 2.29844098
449 1032 2.24526313 0.00224526313 2.29844098
449 1032 2.24531693 0.00224531693 2.29844098
449 1032 2.24517374 0.00224517374 2.29844098
449 1032 2.2441199 0.0022441199 2.29844098
449 1031 2.24479678 0.00224479678 2.29621381
449 1031 2.244867 0.002244867 2.29621381
449 1031 2.24507176 0.00224507176 2.29621381
448 1026 2.23073335 0.00223073335 2.29017857
448 1026 2.23067437 0.00223067437 2.29017857
448 1023 2.22750725 0.00222750725 2.28348214
448 1023 2.2274016 0.0022274016 2.28348214
448 1023 2.22736827 0.00222736827 2.28348214
448 1023 2.2272535 0.0022272535 2.28348214
448 1023 2.22744619 0.00222744619 2.28348214
448 1023 2.22744903 0.00222744903 2.28348214
448 1023 2.22747253 0.00222747253 2.28348214
448 1023 2.22735015 0.00222735015 2.28348214
447 1022 2.20827789 0.00220827789 2.28635347
447 1022 2.20816917 0.00220816917 2.28635347
447 1022 2.20820073 0.00220820073 2.28635347
447 1021 2.20925871 0.00220925871 2.28411633
447 1021 2.20988834 0.00220988834 2.28411633
447 1021 2.20917093 0.00220917093 2.28411633
447 1021 2.20935197 0.00220935197 2.28411633
447 1021 2.20902766 0.00220902766 2.28411633
447 1021 2.20903127 0.00220903127 2.28411633
447 1020 2.21359906 0.00221359906 2.28187919
446 1018 2.19340911 0.00219340911 2.28251121
446 1018 2.19355957 0.00219355957 2.28251121
446 1018 2.19351505 0.00219351505 2.28251121
446 1018 2.19603094 0.00219603094 2.28251121
446 1018 2.19578996 0.00219578996 2.28251121
446 1018 2.19608494 0.00219608494 2.28251121
446 1018 2.19597813 0.00219597813 2.28251121
446 1018 2.19595415 0.00219595415 2.28251121
446 1018 2.19585995 0.00219585995 2.28251121
446 1018 2.19582487 0.00219582487 2.28251121
445 1017 2.17719397 0.00217719397 2.28539326
445 1013 2.17681964 0.00217681964 2.27640449
444 1011 2.16756563 0.00216756563 2.27702703
444 1011 2.16740835 0.00216740835 2.27702703
444 1010 2.17373791 0.00217373791 2.27477477
444 1010 2.1736284 0.0021736284 2.27477477
444 1011 2.17500975 0.00217500975 2.27702703
444 1011 2.17510852 0.00217510852 2.27702703
444 1011 2.17491145 0.00217491145 2.27702703
444 1011 2.17468858 0.00217468858 2.27702703
443 1008 2.15972935 0.00215972935 2.27539503
443 1008 2.15990652 0.00215990652 2.27539503
443 1009 2.14820701 0.00214820701 2.27765237
443 1009 2.14760375 0.00214760375 2.27765237
443 1009 2.14825498 0.00214825498 2.27765237
443 1007 2.1504921 0.0021504921 2.2731377
443 1007 2.15022426 0.00215022426 2.2731377
443 1007 2.1504893 0.0021504893 2.2731377
443 1007 2.15067779 0.00215067779 2.2731377
443 1007 2.15063236 0.00215063236 2.2731377
442 1005 2.13328092 0.00213328092 2.27375566
442 1007 2.15305746 0.00215305746 2.27828054
442 1007 2.15299655 0.00215299655 2.27828054
442 1007 2.15285502 0.00215285502 2.27828054
442 1007 2.1531296 0.0021531296 2.27828054
442 1007 2.1529994 0.0021529994 2.27828054
442 1007 2.15283272 0.00215283272 2.27828054
441 1002 2.15282481 0.00215282481 2.27210884
441 1002 2.15739161 0.00215739161 2.27210884
441 1002 2.15745445 0.00215745445 2.27210884
440 1000 2.14033184 0.00214033184 2.27272727
440 1000 2.14017601 0.00214017601 2.27272727
440 1000 2.13994853 0.00213994853 2.27272727
440 1000 2.14019932 0.00214019932 2.27272727
440 1000 2.14008382 0.00214008382 2.27272727
440 1000 2.14019539 0.00214019539 2.27272727
440 998 2.14299565 0.00214299565 2.26818182
440 998 2.14264919 0.00214264919 2.26818182
440 998 2.14276564 0.00214276564 2.26818182
440 998 2.1429134 0.0021429134 2.26818182
439 994 2.1222006 0.0021222006 2.2642369
439 997 2.12521219 0.00212521219 2.27107062
439 996 2.12566327 0.00212566327 2.26879271
439 996 2.12582192 0.00212582192 2.26879271
439 996 2.12576751 0.00212576751 2.26879271
439 993 2.12597438 0.00212597438 2.261959
439 997 2.12550206 0.00212550206 2.27107062
439 997 2.12549977 0.00212549977 2.27107062
439 997 2.12518926 0.00212518926 2.27107062
439 997 2.12550313 0.00212550313 2.27107062
438 996 2.10484322 0.00210484322 2.2739726
438 994 2.10759049 0.00210759049 2.26940639
438 994 2.1077047 0.0021077047 2.26940639
438 994 2.10776652 0.00210776652 2.26940639
438 994 2.10798037 0.00210798037 2.26940639
438 994 2.10737749 0.00210737749 2.26940639
438 994 2.1078144 0.0021078144 2.26940639
438 994 2.10761088 0.00210761088 2.26940639
438 994 2.10751834 0.00210751834 2.26940639
438 994 2.10788957 0.00210788957 2.26940639
437 991 2.08569608 0.00208569608 2.26773455
437 990 2.07651187 0.00207651187 2.26544622
437 990 2.08871666 0.00208871666 2.26544622
437 985 2.08632144 0.00208632144 2.25400458
437 985 2.08649552 0.00208649552 2.25400458
437 985 2.08642642 0.00208642642 2.25400458
437 985 2.08628471 0.00208628471 2.25400458
437 985 2.0866813 0.0020866813 2.25400458
436 981 2.08619054 0.00208619054 2.25
435 977 2.06654822 0.00206654822 2.24597701
434 976 2.05052596 0.00205052596 2.24884793
434 976 2.05001392 0.00205001392 2.24884793
434 973 2.05951732 0.00205951732 2.24193548
434 973 2.05938193 0.00205938193 2.24193548
434 973 2.05935765 0.00205935765 2.24193548
434 973 2.05920256 0.00205920256 2.24193548
433 971 2.05884286 0.00205884286 2.24249423
433 971 2.05947979 0.00205947979 2.24249423
433 971 2.05953857 0.00205953857 2.24249423
433 971 2.05932684 0.00205932684 2.24249423
432 969 2.03904382 0.00203904382 2.24305556
432 969 2.0423284 0.0020423284 2.24305556
432 968 2.0425828 0.0020425828 2.24074074
432 969 2.04365867 0.00204365867 2.24305556
432 969 2.04314876 0.00204314876 2.24305556
432 969 2.04378817 0.00204378817 2.24305556
432 969 2.04362592 0.00204362592 2.24305556
432 969 2.04348676 0.00204348676 2.24305556
432 969 2.04362156 0.00204362156 2.24305556
432 969 2.0432507 0.0020432507 2.24305556
431 966 2.02349515 0.00202349515 2.2412993
431 965 2.02549267 0.00202549267 2.23897912
431 965 2.025696 0.002025696 2.23897912
431 965 2.02549167 0.00202549167 2.23897912
431 965 2.02537924 0.00202537924 2.23897912
431 966 2.02721422 0.00202721422 2.2412993
431 966 2.02708832 0.00202708832 2.2412993
431 966 2.02735521 0.00202735521 2.2412993
431 965 2.02127732 0.00202127732 2.23897912
431 965 2.02131831 0.00202131831 2.23897912
430 962 2.00112602 0.00200112602 2.2372093
430 959 2.00020326 0.00200020326 2.23023256
430 963 2.00498034 0.00200498034 2.23953488
430 960 1.99117342 0.00199117342 2.23255814
430 960 1.99117868 0.00199117868 2.23255814
430 960 1.9912517 0.0019912517 2.23255814
430 960 1.99120301 0.00199120301 2.23255814
430 960 1.99113663 0.00199113663 2.23255814
430 960 1.99123012 0.00199123012 2.23255814
430 960 1.99119724 0.00199119724 2.23255814
429 956 1.97487102 0.00197487102 2.22843823
429 956 1.97433077 0.00197433077 2.22843823
429 954 1.97185809 0.00197185809 2.22377622
429 954 1.97165762 0.00197165762 2.22377622
429 954 1.95855259 0.00195855259 2.22377622
429 953 1.95965385 0.00195965385 2.22144522
429 954 1.95966828 0.00195966828 2.22377622
429 954 1.95979934 0.00195979934 2.22377622
429 951 1.96691919 0.00196691919 2.21678322
429 950 1.96311354 0.00196311354 2.21445221
428 947 1.95317812 0.00195317812 2.21261682
428 947 1.95300149 0.00195300149 2.21261682
428 947 1.95329324 0.00195329324 2.21261682
428 947 1.95320479 0.00195320479 2.21261682
428 947 1.96079683 0.00196079683 2.21261682
428 947 1.96099316 0.00196099316 2.21261682
428 948 1.96068521 0.00196068521 2.21495327
428 948 1.9607983 0.0019607983 2.21495327
428 948 1.96114351 0.00196114351 2.21495327
428 949 1.96059769 0.00196059769 2.21728972
427 947 1.94702304 0.00194702304 2.21779859
427 947 1.94648318 0.00194648318 2.21779859
427 947 1.94675773 0.00194675773 2.21779859
427 947 1.9468319 0.0019468319 2.21779859
427 947 1.95947504 0.00195947504 2.21779859
427 946 1.94952988 0.00194952988 2.21545667
427 946 1.94954912 0.00194954912 2.21545667
427 946 1.94953604 0.00194953604 2.21545667
426 939 1.93104898 0.00193104898 2.20422535
426 943 1.93384826 0.00193384826 2.21361502
425 942 1.92917302 0.00192917302 2.21647059
424 939 1.91519394 0.00191519394 2.21462264
424 939 1.91512094 0.00191512094 2.21462264
424 939 1.91236776 0.00191236776 2.21462264
424 939 1.91393124 0.00191393124 2.21462264
423 935 1.90039751 0.00190039751 2.21040189
423 935 1.90058176 0.00190058176 2.21040189
422 933 1.88652797 0.00188652797 2.21090047
422 932 1.87217345 0.00187217345 2.20853081
422 932 1.872324 0.001872324 2.20853081
421 930 1.87228542 0.00187228542 2.20902613
421 930 1.87210842 0.00187210842 2.20902613
421 930 1.87218092 0.00187218092 2.20902613
421 930 1.87226342 0.00187226342 2.20902613
421 929 1.88194257 0.00188194257 2.20665083
420 927 1.8819483 0.0018819483 2.20714286
420 927 1.88199497 0.00188199497 2.20714286
419 924 1.87203528 0.00187203528 2.2052506
419 924 1.87222933 0.00187222933 2.2052506
419 924 1.87198931 0.00187198931 2.2052506
418 922 1.85586019 0.00185586019 2.20574163
418 922 1.85585424 0.00185585424 2.20574163
418 921 1.86302703 0.00186302703 2.20334928
418 921 1.86290267 0.00186290267 2.20334928
418 918 1.85914389 0.00185914389 2.19617225
417 916 1.85226284 0.00185226284 2.19664269
417 916 1.85222032 0.00185222032 2.19664269
417 916 1.85246815 0.00185246815 2.19664269
417 916 1.85290632 0.00185290632 2.19664269
416 911 1.83481379 0.00183481379 2.18990385
415 908 1.82100799 0.00182100799 2.18795181
414 905 1.81101803 0.00181101803 2.18599034
413 901 1.8109351 0.0018109351 2.18159806
413 905 1.80818102 0.00180818102 2.19128329
413 905 1.80832133 0.00180832133 2.19128329
412 903 1.79431986 0.00179431986 2.19174757
411 901 1.78003423 0.00178003423 2.19221411
410 895 1.76711553 0.00176711553 2.18292683
409 889 1.75040788 0.00175040788 2.17359413
409 889 1.75039634 0.00175039634 2.17359413
408 883 1.74585402 0.00174585402 2.16421569
408 883 1.74621376 0.00174621376 2.16421569
408 883 1.74613369 0.00174613369 2.16421569
408 885 1.75149591 0.00175149591 2.16911765
408 885 1.75115782 0.00175115782 2.16911765
408 885 1.75139824 0.00175139824 2.16911765
407 883 1.75125171 0.00175125171 2.16953317
407 884 1.74110659 0.00174110659 2.17199017
406 880 1.74101632 0.00174101632 2.16748768
406 877 1.74364106 0.00174364106 2.16009852
404 867 1.73112522 0.00173112522 2.1460396
404 867 1.73095151 0.00173095151 2.1460396
404 869 1.71647767 0.00171647767 2.1509901
403 865 1.71630425 0.00171630425 2.14640199
403 865 1.71583399 0.00171583399 2.14640199
402 864 1.70358438 0.00170358438 2.14925373
402 864 1.70384733 0.00170384733 2.14925373
401 862 1.69957688 0.00169957688 2.14962594
401 861 1.69968708 0.00169968708 2.14713217
401 861 1.69028419 0.00169028419 2.14713217
400 858 1.67358965 0.00167358965 2.145
399 854 1.66415355 0.00166415355 2.14035088
398 852 1.65388643 0.00165388643 2.14070352
398 852 1.65375053 0.00165375053 2.14070352
397 849 1.64733093 0.00164733093 2.13853904
397 849 1.64751971 0.00164751971 2.13853904
396 846 1.6450161 0.0016450161 2.13636364
396 846 1.64506372 0.00164506372 2.13636364
396 842 1.64493099 0.00164493099 2.12626263
395 837 1.63309194 0.00163309194 2.11898734
393 831 1.6173748 0.0016173748 2.11450382
392 828 1.60425039 0.00160425039 2.1122449
392 831 1.60428476 0.00160428476 2.11989796
392 835 1.59793726 0.00159793726 2.13010204
392 838 1.59797843 0.00159797843 2.1377551
392 840 1.5991819 0.0015991819 2.14285714
392 838 1.59973433 0.00159973433 2.1377551
391 833 1.59796314 0.00159796314 2.13043478
390 828 1.59801164 0.00159801164 2.12307692
390 828 1.5979186 0.0015979186 2.12307692
389 826 1.5831335 0.0015831335 2.12339332
389 825 1.58159349 0.00158159349 2.12082262
388 821 1.58197334 0.00158197334 2.11597938
387 818 1.58220583 0.00158220583 2.11369509
386 814 1.58207826 0.00158207826 2.10880829
386 814 1.58206064 0.00158206064 2.10880829
386 814 1.58218273 0.00158218273 2.10880829
386 814 1.58240346 0.00158240346 2.10880829
385 813 1.57022263 0.00157022263 2.11168831
385 813 1.5708278 0.0015708278 2.11168831
384 805 1.56488403 0.00156488403 2.09635417
383 803 1.55186446 0.00155186446 2.09660574
383 803 1.55190087 0.00155190087 2.09660574
383 803 1.5519111 0.0015519111 2.09660574
382 802 1.55177675 0.00155177675 2.09947644
382 802 1.55183568 0.00155183568 2.09947644
382 800 1.53186594 0.00153186594 2.09424084
382 800 1.53159401 0.00153159401 2.09424084
382 799 1.52852299 0.00152852299 2.09162304
381 797 1.52849056 0.00152849056 2.09186352
380 792 1.52873517 0.00152873517 2.08421053
380 793 1.528705 0.001528705 2.08684211
380 793 1.52921335 0.00152921335 2.08684211
379 791 1.51700253 0.00151700253 2.08707124
379 791 1.51744366 0.00151744366 2.08707124
379 792 1.51947313 0.00151947313 2.08970976
379 792 1.51918674 0.00151918674 2.08970976
379 792 1.51922355 0.00151922355 2.08970976
378 789 1.51932155 0.00151932155 2.08730159
378 789 1.51957697 0.00151957697 2.08730159
377 787 1.5046844 0.0015046844 2.08753316
377 788 1.50173684 0.00150173684 2.09018568
377 788 1.50175373 0.00150175373 2.09018568
377 788 1.50130765 0.00150130765 2.09018568
377 788 1.50117082 0.00150117082 2.09018568
377 785 1.50130024 0.00150130024 2.08222812
377 785 1.50136912 0.00150136912 2.08222812
377 785 1.50121315 0.00150121315 2.08222812
375 776 1.48160632 0.00148160632 2.06933333
374 773 1.48154243 0.00148154243 2.06684492
373 771 1.46778276 0.00146778276 2.06702413
373 767 1.46802923 0.00146802923 2.05630027
372 761 1.46535799 0.00146535799 2.04569892
371 759 1.44622957 0.00144622957 2.0458221
371 760 1.44607589 0.00144607589 2.04851752
370 759 1.43288857 0.00143288857 2.05135135
369 756 1.41917778 0.00141917778 2.04878049
368 754 1.41919438 0.00141919438 2.04891304
368 754 1.42205333 0.00142205333 2.04891304
367 750 1.40230014 0.00140230014 2.04359673
366 747 1.39396799 0.00139396799 2.04098361
365 742 1.39059673 0.00139059673 2.03287671
365 745 1.39043411 0.00139043411 2.04109589
365 746 1.38643872 0.00138643872 2.04383562
365 746 1.38603033 0.00138603033 2.04383562
364 742 1.38664114 0.00138664114 2.03846154
364 742 1.38625762 0.00138625762 2.03846154
363 740 1.37873897 0.00137873897 2.03856749
363 740 1.37856922 0.00137856922 2.03856749
363 740 1.37860069 0.00137860069 2.03856749
362 736 1.36769966 0.00136769966 2.03314917
362 736 1.36777794 0.00136777794 2.03314917
362 736 1.36810768 0.00136810768 2.03314917
361 733 1.34787079 0.00134787079 2.03047091
361 733 1.34801765 0.00134801765 2.03047091
360 732 1.34232855 0.00134232855 2.03333333
360 732 1.3426642 0.0013426642 2.03333333
357 724 1.34161686 0.00134161686 2.0280112
357 724 1.34206455 0.00134206455 2.0280112
357 724 1.34175175 0.00134175175 2.0280112
356 722 1.32639717 0.00132639717 2.02808989
356 722 1.327305 0.001327305 2.02808989
356 722 1.32768141 0.00132768141 2.02808989
356 722 1.32750589 0.00132750589 2.02808989
356 722 1.34144172 0.00134144172 2.02808989
355 720 1.34127242 0.00134127242 2.02816901
355 720 1.34082393 0.00134082393 2.02816901
355 720 1.34087599 0.00134087599 2.02816901
355 720 1.34109185 0.00134109185 2.02816901
355 720 1.34085199 0.00134085199 2.02816901
354 714 1.32361905 0.00132361905 2.01694915
354 714 1.32341832 0.00132341832 2.01694915
354 714 1.32379323 0.00132379323 2.01694915
354 714 1.3240768 0.0013240768 2.01694915
354 714 1.32363735 0.00132363735 2.01694915
354 714 1.32362503 0.00132362503 2.01694915
354 714 1.32357451 0.00132357451 2.01694915
354 714 1.32387916 0.00132387916 2.01694915
354 714 1.32360675 0.00132360675 2.01694915
354 714 1.32361846 0.00132361846 2.01694915
353 710 1.30708391 0.00130708391 2.01133144
353 710 1.30693543 0.00130693543 2.01133144
353 710 1.30680121 0.00130680121 2.01133144
353 710 1.30679756 0.00130679756 2.01133144
353 710 1.3071923 0.0013071923 2.01133144
353 710 1.30738807 0.00130738807 2.01133144
353 710 1.30678631 0.00130678631 2.01133144
353 710 1.30694525 0.00130694525 2.01133144
353 710 1.30662797 0.00130662797 2.01133144
353 712 1.30732846 0.00130732846 2.01699717
352 706 1.29021199 0.00129021199 2.00568182
352 706 1.28983181 0.00128983181 2.00568182
352 706 1.29036627 0.00129036627 2.00568182
352 706 1.29044865 0.00129044865 2.00568182
352 710 1.29252478 0.00129252478 2.01704545
352 710 1.29255235 0.00129255235 2.01704545
352 710 1.29270601 0.00129270601 2.01704545
352 710 1.2926709 0.0012926709 2.01704545
352 710 1.2926176 0.0012926176 2.01704545
352 710 1.29252973 0.00129252973 2.01704545
351 706 1.27160765 0.00127160765 2.01139601
351 704 1.2745291 0.0012745291 2.00569801
351 704 1.27453145 0.00127453145 2.00569801
351 704 1.27441583 0.00127441583 2.00569801
351 708 1.27751028 0.00127751028 2.01709402
351 707 1.27709722 0.00127709722 2.01424501
351 707 1.29300998 0.00129300998 2.01424501
351 707 1.29288451 0.00129288451 2.01424501
351 707 1.29239727 0.00129239727 2.01424501
351 707 1.29346748 0.00129346748 2.01424501
350 704 1.27614377 0.00127614377 2.01142857
350 703 1.27669197 0.00127669197 2.00857143
350 703 1.27623969 0.00127623969 2.00857143
350 706 1.27774277 0.00127774277 2.01714286
349 704 1.2664188 0.0012664188 2.01719198
348 697 1.2853184 0.0012853184 2.00287356
348 697 1.28542619 0.00128542619 2.00287356
348 697 1.28535756 0.00128535756 2.00287356
348 697 1.28489457 0.00128489457 2.00287356
348 697 1.28494763 0.00128494763 2.00287356
347 693 1.26679929 0.00126679929 1.99711816
347 695 1.26995675 0.00126995675 2.00288184
347 692 1.2851607 0.0012851607 1.99423631
347 692 1.28539541 0.00128539541 1.99423631
347 692 1.28526685 0.00128526685 1.99423631
347 692 1.28518834 0.00128518834 1.99423631
347 692 1.28518813 0.00128518813 1.99423631
347 692 1.28514804 0.00128514804 1.99423631
347 692 1.28489357 0.00128489357 1.99423631
347 692 1.28524479 0.00128524479 1.99423631
346 690 1.2675223 0.0012675223 1.99421965
346 688 1.26973598 0.00126973598 1.98843931
346 688 1.26937115 0.00126937115 1.98843931
346 686 1.26726735 0.00126726735 1.98265896
346 690 1.2700687 0.0012700687 1.99421965
346 690 1.27029497 0.00127029497 1.99421965
346 690 1.27020602 0.00127020602 1.99421965
346 690 1.27013684 0.00127013684 1.99421965
346 690 1.2707245 0.0012707245 1.99421965
346 690 1.26999993 0.00126999993 1.99421965
345 689 1.25715401 0.00125715401 1.99710145
345 689 1.25710531 0.00125710531 1.99710145
345 689 1.25719282 0.00125719282 1.99710145
345 689 1.25714964 0.00125714964 1.99710145
345 689 1.25691606 0.00125691606 1.99710145
345 689 1.25702377 0.00125702377 1.99710145
345 689 1.25677937 0.00125677937 1.99710145
345 689 1.25716623 0.00125716623 1.99710145
345 689 1.25757423 0.00125757423 1.99710145
345 689 1.25703696 0.00125703696 1.99710145
344 686 1.23830732 0.00123830732 1.99418605
344 686 1.24139308 0.00124139308 1.99418605
344 686 1.24145753 0.00124145753 1.99418605
344 686 1.2411671 0.0012411671 1.99418605
344 686 1.24102852 0.00124102852 1.99418605
344 686 1.24100951 0.00124100951 1.99418605
344 686 1.24094491 0.00124094491 1.99418605
344 686 1.24116735 0.00124116735 1.99418605
344 686 1.24082401 0.00124082401 1.99418605
344 686 1.24114141 0.00124114141 1.99418605
343 683 1.22045537 0.00122045537 1.99125364
343 682 1.22322997 0.00122322997 1.98833819
343 682 1.22315899 0.00122315899 1.98833819
343 682 1.22339735 0.00122339735 1.98833819
343 682 1.22264567 0.00122264567 1.98833819
343 682 1.22277195 0.00122277195 1.98833819
343 683 1.22346197 0.00122346197 1.99125364
343 683 1.22374816 0.00122374816 1.99125364
343 682 1.22555223 0.00122555223 1.98833819
343 682 1.22470982 0.00122470982 1.98833819
342 679 1.20460004 0.00120460004 1.98538012
342 678 1.20648385 0.00120648385 1.98245614
342 678 1.20705208 0.00120705208 1.98245614
342 678 1.20659142 0.00120659142 1.98245614
342 678 1.2069275 0.0012069275 1.98245614
342 676 1.20756643 0.00120756643 1.97660819
342 678 1.20338221 0.00120338221 1.98245614
342 678 1.20343335 0.00120343335 1.98245614
342 678 1.21981789 0.00121981789 1.98245614
342 678 1.21966974 0.00121966974 1.98245614
341 675 1.19942569 0.00119942569 1.97947214
341 675 1.20091949 0.00120091949 1.97947214
341 675 1.20037443 0.00120037443 1.97947214
341 675 1.20076415 0.00120076415 1.97947214
341 672 1.20186782 0.00120186782 1.97067449
341 672 1.20220123 0.00120220123 1.97067449
341 672 1.20227059 0.00120227059 1.97067449
341 672 1.201557 0.001201557 1.97067449
341 672 1.20220679 0.00120220679 1.97067449
341 672 1.20225481 0.00120225481 1.97067449
340 669 1.18387096 0.00118387096 1.96764706
340 670 1.17985932 0.00117985932 1.97058824
340 670 1.17953759 0.00117953759 1.97058824
340 674 1.1917733 0.0011917733 1.98235294
340 674 1.1916727 0.0011916727 1.98235294
340 674 1.19177773 0.00119177773 1.98235294
340 675 1.20765882 0.00120765882 1.98529412
340 675 1.20761864 0.00120761864 1.98529412
340 675 1.20779953 0.00120779953 1.98529412
340 675 1.20739263 0.00120739263 1.98529412
339 672 1.18945481 0.00118945481 1.98230088
339 672 1.18934019 0.00118934019 1.98230088
339 669 1.19083979 0.00119083979 1.97345133
339 669 1.19093177 0.00119093177 1.97345133
339 669 1.19096563 0.00119096563 1.97345133
339 673 1.19101177 0.00119101177 1.98525074
339 673 1.19109105 0.00119109105 1.98525074
339 673 1.19116104 0.00119116104 1.98525074
339 673 1.19071451 0.00119071451 1.98525074
339 673 1.19107855 0.00119107855 1.98525074
338 669 1.17555756 0.00117555756 1.97928994
338 669 1.175772 0.001175772 1.97928994
338 669 1.17560878 0.00117560878 1.97928994
338 668 1.16015964 0.00116015964 1.97633136
338 668 1.1602684 0.0011602684 1.97633136
338 668 1.16028448 0.00116028448 1.97633136
338 668 1.16056424 0.00116056424 1.97633136
338 668 1.16070426 0.00116070426 1.97633136
338 668 1.16034 0.00116034 1.97633136
338 668 1.1605463 0.0011605463 1.97633136
337 665 1.14143523 0.00114143523 1.97329377
337 666 1.13665757 0.00113665757 1.97626113
337 666 1.1364536 0.0011364536 1.97626113
337 665 1.14129405 0.00114129405 1.97329377
337 665 1.14137633 0.00114137633 1.97329377
337 667 1.14032005 0.00114032005 1.97922849
337 667 1.14010271 0.00114010271 1.97922849
337 667 1.14027016 0.00114027016 1.97922849
337 669 1.18553552 0.00118553552 1.9851632
337 669 1.19011683 0.00119011683 1.9851632
336 663 1.17234782 0.00117234782 1.97321429
336 663 1.17255298 0.00117255298 1.97321429
336 663 1.17242291 0.00117242291 1.97321429
336 663 1.17202326 0.00117202326 1.97321429
336 667 1.17407455 0.00117407455 1.98511905
336 667 1.17447505 0.00117447505 1.98511905
336 667 1.17800829 0.00117800829 1.98511905
336 667 1.17764462 0.00117764462 1.98511905
336 667 1.17787603 0.00117787603 1.98511905
336 667 1.17800273 0.00117800273 1.98511905
335 663 1.16105948 0.00116105948 1.97910448
335 664 1.16184243 0.00116184243 1.98208955
335 664 1.16139013 0.00116139013 1.98208955
335 666 1.1624613 0.0011624613 1.9880597
335 666 1.16274495 0.00116274495 1.9880597
335 666 1.16274353 0.00116274353 1.9880597
335 666 1.16252104 0.00116252104 1.9880597
335 666 1.1628072 0.0011628072 1.9880597
335 666 1.16262545 0.00116262545 1.9880597
335 666 1.16269336 0.00116269336 1.9880597
334 663 1.14389033 0.00114389033 1.98502994
334 663 1.1457139 0.0011457139 1.98502994
334 663 1.14611205 0.00114611205 1.98502994
334 663 1.14587261 0.00114587261 1.98502994
334 663 1.14620721 0.00114620721 1.98502994
334 663 1.14574399 0.00114574399 1.98502994
334 664 1.14836478 0.00114836478 1.98802395
334 664 1.14817964 0.00114817964 1.98802395
334 664 1.14813214 0.00114813214 1.98802395
334 664 1.1480291 0.0011480291 1.98802395
333 661 1.13043874 0.00113043874 1.98498498
333 661 1.13293013 0.00113293013 1.98498498
333 658 1.13179917 0.00113179917 1.97597598
333 658 1.13172942 0.00113172942 1.97597598
333 661 1.13335556 0.00113335556 1.98498498
333 661 1.13327261 0.00113327261 1.98498498
333 661 1.1326293 0.0011326293 1.98498498
333 661 1.13333213 0.00113333213 1.98498498
333 661 1.13303842 0.00113303842 1.98498498
333 661 1.13308152 0.00113308152 1.98498498
332 657 1.11749595 0.00111749595 1.97891566
332 657 1.11744541 0.00111744541 1.97891566
332 657 1.11696851 0.00111696851 1.97891566
332 657 1.11736585 0.00111736585 1.97891566
332 657 1.11815725 0.00111815725 1.97891566
332 657 1.11764193 0.00111764193 1.97891566
332 657 1.11746757 0.00111746757 1.97891566
332 657 1.11794461 0.00111794461 1.97891566
332 657 1.1177293 0.0011177293 1.97891566
332 657 1.11752411 0.00111752411 1.97891566
331 655 1.09838996 0.00109838996 1.97885196
331 651 1.10042428 0.00110042428 1.96676737
331 651 1.10035248 0.00110035248 1.96676737
331 651 1.1008842 0.0011008842 1.96676737
331 651 1.10096608 0.00110096608 1.96676737
331 651 1.10058538 0.00110058538 1.96676737
331 651 1.10096586 0.00110096586 1.96676737
331 651 1.10061868 0.00110061868 1.96676737
331 651 1.10072362 0.00110072362 1.96676737
331 651 1.10099526 0.00110099526 1.96676737
330 647 1.07803717 0.00107803717 1.96060606
330 649 1.08200381 0.00108200381 1.96666667
330 648 1.08287108 0.00108287108 1.96363636
330 648 1.08315036 0.00108315036 1.96363636
330 648 1.08316244 0.00108316244 1.96363636
330 648 1.08343417 0.00108343417 1.96363636
330 648 1.08305399 0.00108305399 1.96363636
330 648 1.08288348 0.00108288348 1.96363636
330 648 1.08334202 0.00108334202 1.96363636
330 648 1.08210415 0.00108210415 1.96363636
329 645 1.06590395 0.00106590395 1.96048632
329 645 1.06604566 0.00106604566 1.96048632
329 645 1.06571131 0.00106571131 1.96048632
329 645 1.06618888 0.00106618888 1.96048632
329 646 1.06063067 0.00106063067 1.96352584
329 646 1.0610116 0.0010610116 1.96352584
329 646 1.07844914 0.00107844914 1.96352584
329 651 1.0955437 0.0010955437 1.9787234
329 651 1.09547457 0.00109547457 1.9787234
329 651 1.09552687 0.00109552687 1.9787234
326 641 1.08588011 0.00108588011 1.96625767
326 641 1.0857555 0.0010857555 1.96625767
326 641 1.08544193 0.00108544193 1.96625767
326 641 1.08577886 0.00108577886 1.96625767
326 641 1.08559691 0.00108559691 1.96625767
326 641 1.08545125 0.00108545125 1.96625767
326 641 1.0854783 0.0010854783 1.96625767
326 641 1.08530805 0.00108530805 1.96625767
326 641 1.0855494 0.0010855494 1.96625767
326 641 1.08541651 0.00108541651 1.96625767
325 638 1.06684508 0.00106684508 1.96307692
325 638 1.06700077 0.00106700077 1.96307692
325 638 1.06692059 0.00106692059 1.96307692
325 638 1.06665106 0.00106665106 1.96307692
325 638 1.06687697 0.00106687697 1.96307692
325 638 1.06673653 0.00106673653 1.96307692
325 637 1.06885384 0.00106885384 1.96
325 638 1.06836106 0.00106836106 1.96307692
325 638 1.06809574 0.00106809574 1.96307692
325 638 1.06807356 0.00106807356 1.96307692
324 635 1.04947392 0.00104947392 1.95987654
324 635 1.04833637 0.00104833637 1.95987654
324 633 1.04978916 0.00104978916 1.9537037
324 633 1.05093198 0.00105093198 1.9537037
324 635 1.04916015 0.00104916015 1.95987654
324 635 1.04998508 0.00104998508 1.95987654
324 633 1.05033627 0.00105033627 1.9537037
324 633 1.04998191 0.00104998191 1.9537037
324 633 1.04999544 0.00104999544 1.9537037
324 633 1.04982453 0.00104982453 1.9537037
323 630 1.0305355 0.0010305355 1.9504644
323 630 1.0301513 0.0010301513 1.9504644
323 630 1.03363868 0.00103363868 1.9504644
323 630 1.03332834 0.00103332834 1.9504644
323 630 1.03388965 0.00103388965 1.9504644
323 630 1.03293816 0.00103293816 1.9504644
323 630 1.03431324 0.00103431324 1.9504644
323 630 1.03300808 0.00103300808 1.9504644
323 627 1.03287782 0.00103287782 1.94117647
323 627 1.03246519 0.00103246519 1.94117647
322 624 1.01375435 0.00101375435 1.9378882
322 620 1.01414772 0.00101414772 1.92546584
322 620 1.01371226 0.00101371226 1.92546584
322 620 1.01415638 0.00101415638 1.92546584
322 620 1.01380148 0.00101380148 1.92546584
322 620 1.01431952 0.00101431952 1.92546584
322 625 1.0139885 0.0010139885 1.94099379
322 628 1.01489346 0.00101489346 1.95031056
322 628 1.01603144 0.00101603144 1.95031056
322 628 1.01490034 0.00101490034 1.95031056
321 625 0.991992118 0.000991992118 1.9470405
321 624 0.99499218 0.00099499218 1.94392523
321 624 0.994450265 0.000994450265 1.94392523
321 624 0.998403236 0.000998403236 1.94392523
321 622 0.998663746 0.000998663746 1.9376947
321 622 0.998693686 0.000998693686 1.9376947
321 622 0.998873743 0.000998873743 1.9376947
321 622 0.998502242 0.000998502242 1.9376947
321 622 0.998850002 0.000998850002 1.9376947
321 622 0.999294868 0.000999294868 1.9376947
320 618 0.983327511 0.000983327511 1.93125
320 618 0.982627188 0.000982627188 1.93125
320 619 0.983452042 0.000983452042 1.934375
320 619 0.982408737 0.000982408737 1.934375
320 617 0.983807267 0.000983807267 1.928125
320 617 0.983757265 0.000983757265 1.928125
320 618 0.983675002 0.000983675002 1.93125
320 621 0.99496516 0.00099496516 1.940625
320 621 0.994988274 0.000994988274 1.940625
320 621 0.9953509 0.0009953509 1.940625
319 618 0.976860616 0.000976860616 1.93730408
319 618 0.97879734 0.00097879734 1.93730408
319 618 0.978531042 0.000978531042 1.93730408
319 616 0.97820269 0.00097820269 1.93103448
319 616 0.977730005 0.000977730005 1.93103448
319 616 0.977433116 0.000977433116 1.93103448
319 616 0.978239706 0.000978239706 1.93103448
319 619 0.979155697 0.000979155697 1.94043887
319 619 0.979094909 0.000979094909 1.94043887
319 619 0.979494518 0.000979494518 1.94043887
318 612 0.962583577 0.000962583577 1.9245283
318 612 0.962986463 0.000962986463 1.9245283
318 612 0.961193527 0.000961193527 1.9245283
318 612 0.962334226 0.000962334226 1.9245283
318 612 0.962658225 0.000962658225 1.9245283
318 612 0.962190261 0.000962190261 1.9245283
318 612 0.962476116 0.000962476116 1.9245283
318 612 0.962380153 0.000962380153 1.9245283
318 612 0.96219871 0.00096219871 1.9245283
318 612 0.962172658 0.000962172658 1.9245283
317 607 0.944521748 0.000944521748 1.9148265
317 609 0.943800499 0.000943800499 1.92113565
317 609 0.945902409 0.000945902409 1.92113565
317 609 0.945785257 0.000945785257 1.92113565
317 609 0.946279323 0.000946279323 1.92113565
317 609 0.946127046 0.000946127046 1.92113565
317 609 0.94556247 0.00094556247 1.92113565
317 609 0.945584577 0.000945584577 1.92113565
317 609 0.958147859 0.000958147859 1.92113565
317 609 0.957846955 0.000957846955 1.92113565
316 604 0.944681642 0.000944681642 1.91139241
316 606 0.937535688 0.000937535688 1.91772152
316 605 0.950737473 0.000950737473 1.91455696
316 605 0.950278695 0.000950278695 1.91455696
316 605 0.950110695 0.000950110695 1.91455696
316 605 0.950219866 0.000950219866 1.91455696
316 605 0.950435679 0.000950435679 1.91455696
316 605 0.949549822 0.000949549822 1.91455696
316 608 0.953546263 0.000953546263 1.92405063
316 611 0.951362705 0.000951362705 1.9335443
315 610 0.929396247 0.000929396247 1.93650794
315 608 0.934563106 0.000934563106 1.93015873
315 608 0.934093686 0.000934093686 1.93015873
315 608 0.934502593 0.000934502593 1.93015873
315 608 0.935031192 0.000935031192 1.93015873
315 608 0.934174973 0.000934174973 1.93015873
315 608 0.933731203 0.000933731203 1.93015873
315 608 0.93435903 0.00093435903 1.93015873
315 608 0.934761186 0.000934761186 1.93015873
315 605 0.937588986 0.000937588986 1.92063492
314 603 0.923337387 0.000923337387 1.92038217
314 603 0.923446021 0.000923446021 1.92038217
314 603 0.923120696 0.000923120696 1.92038217
314 603 0.923259854 0.000923259854 1.92038217
314 603 0.922914707 0.000922914707 1.92038217
314 603 0.923352086 0.000923352086 1.92038217
314 603 0.923185061 0.000923185061 1.92038217
314 603 0.923972465 0.000923972465 1.92038217
314 599 0.924025043 0.000924025043 1.90764331
314 599 0.922643293 0.000922643293 1.90764331
313 596 0.907197724 0.000907197724 1.90415335
313 596 0.906251215 0.000906251215 1.90415335
313 597 0.906867182 0.000906867182 1.90734824
313 597 0.90696035 0.00090696035 1.90734824
313 597 0.907139686 0.000907139686 1.90734824
313 597 0.906742423 0.000906742423 1.90734824
313 597 0.906946159 0.000906946159 1.90734824
313 597 0.907898927 0.000907898927 1.90734824
313 597 0.907423902 0.000907423902 1.90734824
313 597 0.906872123 0.000906872123 1.90734824
312 596 0.888440559 0.000888440559 1.91025641
312 593 0.887587842 0.000887587842 1.90064103
312 593 0.887675762 0.000887675762 1.90064103
312 594 0.887935735 0.000887935735 1.90384615
312 594 0.888167497 0.000888167497 1.90384615
312 594 0.891349781 0.000891349781 1.90384615
312 594 0.890703368 0.000890703368 1.90384615
312 594 0.890928778 0.000890928778 1.90384615
312 594 0.890165987 0.000890165987 1.90384615
312 594 0.890907087 0.000890907087 1.90384615
311 590 0.871586092 0.000871586092 1.89710611
311 590 0.872140907 0.000872140907 1.89710611
311 590 0.872302035 0.000872302035 1.89710611
311 590 0.871854797 0.000871854797 1.89710611
311 589 0.868604235 0.000868604235 1.89389068
311 589 0.868417253 0.000868417253 1.89389068
311 590 0.884039524 0.000884039524 1.89710611
311 590 0.900376397 0.000900376397 1.89710611
311 590 0.90011683 0.00090011683 1.89710611
311 590 0.900503635 0.000900503635 1.89710611
310 585 0.882417662 0.000882417662 1.88709677
310 587 0.883100215 0.000883100215 1.89354839
310 587 0.883533036 0.000883533036 1.89354839
310 587 0.883169919 0.000883169919 1.89354839
310 587 0.882789386 0.000882789386 1.89354839
310 587 0.883713058 0.000883713058 1.89354839
310 587 0.901145025 0.000901145025 1.89354839
310 587 0.900984166 0.000900984166 1.89354839
310 587 0.901041662 0.000901041662 1.89354839
310 587 0.900789623 0.000900789623 1.89354839
309 584 0.881835481 0.000881835481 1.88996764
309 586 0.884849756 0.000884849756 1.89644013
309 586 0.883988343 0.000883988343 1.89644013
309 586 0.884872741 0.000884872741 1.89644013
309 586 0.884386709 0.000884386709 1.89644013
309 586 0.88451885 0.00088451885 1.89644013
309 586 0.884487899 0.000884487899 1.89644013
309 586 0.88452648 0.00088452648 1.89644013
309 586 0.885150592 0.000885150592 1.89644013
309 586 0.884332755 0.000884332755 1.89644013
308 584 0.86390306 0.00086390306 1.8961039
308 584 0.858734021 0.000858734021 1.8961039
308 583 0.869690758 0.000869690758 1.89285714
308 583 0.868227677 0.000868227677 1.89285714
308 583 0.867930013 0.000867930013 1.89285714
308 583 0.868965556 0.000868965556 1.89285714
308 583 0.868349694 0.000868349694 1.89285714
308 583 0.868917982 0.000868917982 1.89285714
308 583 0.868719824 0.000868719824 1.89285714
308 583 0.868543385 0.000868543385 1.89285714
307 578 0.850903854 0.000850903854 1.88273616
307 581 0.845550698 0.000845550698 1.89250814
307 581 0.844719279 0.000844719279 1.89250814
307 581 0.844149517 0.000844149517 1.89250814
307 581 0.846243009 0.000846243009 1.89250814
307 581 0.846974449 0.000846974449 1.89250814
307 581 0.845655213 0.000845655213 1.89250814
307 581 0.845035519 0.000845035519 1.89250814
307 581 0.845505759 0.000845505759 1.89250814
307 581 0.846426693 0.000846426693 1.89250814
306 580 0.825075858 0.000825075858 1.89542484
306 578 0.828486895 0.000828486895 1.88888889
306 578 0.828124009 0.000828124009 1.88888889
306 578 0.828536323 0.000828536323 1.88888889
306 578 0.829065769 0.000829065769 1.88888889
306 580 0.844937714 0.000844937714 1.89542484
306 580 0.845279797 0.000845279797 1.89542484
306 580 0.84531946 0.00084531946 1.89542484
306 580 0.845459681 0.000845459681 1.89542484
306 580 0.845783466 0.000845783466 1.89542484
305 577 0.82540078 0.00082540078 1.89180328
305 576 0.827367837 0.000827367837 1.88852459
305 577 0.829344548 0.000829344548 1.89180328
305 577 0.829160713 0.000829160713 1.89180328
305 577 0.829539845 0.000829539845 1.89180328
305 577 0.830441945 0.000830441945 1.89180328
305 577 0.830330877 0.000830330877 1.89180328
305 578 0.836974992 0.000836974992 1.89508197
305 578 0.836520074 0.000836520074 1.89508197
305 582 0.835967582 0.000835967582 1.90819672
304 575 0.821134211 0.000821134211 1.89144737
304 575 0.821624884 0.000821624884 1.89144737
304 575 0.821378628 0.000821378628 1.89144737
304 576 0.834893498 0.000834893498 1.89473684
304 576 0.834297489 0.000834297489 1.89473684
304 576 0.834201535 0.000834201535 1.89473684
304 576 0.834078457 0.000834078457 1.89473684
304 576 0.834475153 0.000834475153 1.89473684
304 576 0.834338974 0.000834338974 1.89473684
304 576 0.834623297 0.000834623297 1.89473684
303 573 0.814203008 0.000814203008 1.89108911
303 573 0.816722895 0.000816722895 1.89108911
303 573 0.814851763 0.000814851763 1.89108911
303 573 0.815535628 0.000815535628 1.89108911
303 572 0.817558773 0.000817558773 1.88778878
303 572 0.817759008 0.000817759008 1.88778878
303 572 0.814974607 0.000814974607 1.88778878
303 572 0.816622073 0.000816622073 1.88778878
303 572 0.818225573 0.000818225573 1.88778878
303 573 0.820485528 0.000820485528 1.89108911
302 572 0.800706844 0.000800706844 1.89403974
302 570 0.804928146 0.000804928146 1.88741722
302 570 0.805206364 0.000805206364 1.88741722
302 570 0.805221447 0.000805221447 1.88741722
302 570 0.805639124 0.000805639124 1.88741722
302 570 0.805255941 0.000805255941 1.88741722
302 570 0.806081366 0.000806081366 1.88741722
302 570 0.798741097 0.000798741097 1.88741722
302 570 0.797600246 0.000797600246 1.88741722
302 570 0.798086745 0.000798086745 1.88741722
301 567 0.797522085 0.000797522085 1.88372093
301 567 0.798181964 0.000798181964 1.88372093
301 567 0.797030866 0.000797030866 1.88372093
301 567 0.797329642 0.000797329642 1.88372093
301 567 0.797739258 0.000797739258 1.88372093
301 567 0.798148448 0.000798148448 1.88372093
301 567 0.798851695 0.000798851695 1.88372093
301 567 0.799043995 0.000799043995 1.88372093
301 567 0.797270035 0.000797270035 1.88372093
301 567 0.797979244 0.000797979244 1.88372093
300 566 0.781008704 0.000781008704 1.88666667
300 562 0.768422457 0.000768422457 1.87333333
300 562 0.769375755 0.000769375755 1.87333333
300 564 0.785444061 0.000785444061 1.88
300 564 0.785987263 0.000785987263 1.88
300 564 0.785078768 0.000785078768 1.88
300 564 0.785244431 0.000785244431 1.88
300 564 0.784744466 0.000784744466 1.88
300 564 0.785449684 0.000785449684 1.88
300 564 0.785231823 0.000785231823 1.88
299 560 0.766559145 0.000766559145 1.8729097
299 560 0.766900092 0.000766900092 1.8729097
299 560 0.766035307 0.000766035307 1.8729097
299 560 0.766424916 0.000766424916 1.8729097
299 560 0.766914913 0.000766914913 1.8729097
299 560 0.767119491 0.000767119491 1.8729097
299 561 0.767403774 0.000767403774 1.87625418
299 561 0.769309557 0.000769309557 1.87625418
299 561 0.769165821 0.000769165821 1.87625418
299 560 0.78493164 0.00078493164 1.8729097
298 557 0.768877697 0.000768877697 1.86912752
298 557 0.768820714 0.000768820714 1.86912752
298 555 0.762259156 0.000762259156 1.86241611
298 556 0.762201057 0.000762201057 1.86577181
298 555 0.775777944 0.000775777944 1.86241611
298 555 0.775229139 0.000775229139 1.86241611
298 555 0.775891149 0.000775891149 1.86241611
298 559 0.764416215 0.000764416215 1.87583893
298 559 0.764722217 0.000764722217 1.87583893
298 559 0.772252741 0.000772252741 1.87583893
297 558 0.756567775 0.000756567775 1.87878788
297 558 0.754553767 0.000754553767 1.87878788
297 557 0.762863929 0.000762863929 1.87542088
297 556 0.749633282 0.000749633282 1.87205387
297 550 0.757658872 0.000757658872 1.85185185
297 550 0.755631684 0.000755631684 1.85185185
297 549 0.771510803 0.000771510803 1.84848485
297 549 0.770277347 0.000770277347 1.84848485
297 549 0.770438497 0.000770438497 1.84848485
297 549 0.768807483 0.000768807483 1.84848485
296 545 0.749954567 0.000749954567 1.84121622
296 545 0.749679104 0.000749679104 1.84121622
296 548 0.755879148 0.000755879148 1.85135135
296 548 0.755749453 0.000755749453 1.85135135
296 548 0.756136842 0.000756136842 1.85135135
296 548 0.755451339 0.000755451339 1.85135135
296 548 0.756201264 0.000756201264 1.85135135
296 548 0.756258051 0.000756258051 1.85135135
296 548 0.75574336 0.00075574336 1.85135135
296 548 0.7561328 0.0007561328 1.85135135
295 547 0.745752793 0.000745752793 1.85423729
295 547 0.746134001 0.000746134001 1.85423729
295 547 0.745838369 0.000745838369 1.85423729
295 547 0.745277572 0.000745277572 1.85423729
295 547 0.746930717 0.000746930717 1.85423729
295 547 0.746763403 0.000746763403 1.85423729
295 547 0.746529936 0.000746529936 1.85423729
295 547 0.745942555 0.000745942555 1.85423729
295 547 0.745898558 0.000745898558 1.85423729
295 547 0.74494563 0.00074494563 1.85423729
294 544 0.727000916 0.000727000916 1.85034014
294 546 0.73071716 0.00073071716 1.85714286
294 546 0.726542001 0.000726542001 1.85714286
294 546 0.728863182 0.000728863182 1.85714286
294 544 0.729655606 0.000729655606 1.85034014
294 544 0.728922871 0.000728922871 1.85034014
294 544 0.727790308 0.000727790308 1.85034014
294 544 0.730360144 0.000730360144 1.85034014
294 544 0.727118424 0.000727118424 1.85034014
294 542 0.730979457 0.000730979457 1.84353741
293 539 0.707256439 0.000707256439 1.83959044
293 539 0.713183819 0.000713183819 1.83959044
293 539 0.71395318 0.00071395318 1.83959044
293 538 0.712781345 0.000712781345 1.83617747
293 538 0.713856008 0.000713856008 1.83617747
293 538 0.711643109 0.000711643109 1.83617747
293 538 0.709826718 0.000709826718 1.83617747
293 538 0.711064674 0.000711064674 1.83617747
293 538 0.709855932 0.000709855932 1.83617747
293 541 0.710920734 0.000710920734 1.84641638
292 538 0.690325124 0.000690325124 1.84246575
292 538 0.698185724 0.000698185724 1.84246575
292 538 0.698648962 0.000698648962 1.84246575
292 537 0.699705532 0.000699705532 1.8390411
292 537 0.698085897 0.000698085897 1.8390411
292 537 0.702237651 0.000702237651 1.8390411
292 537 0.701448224 0.000701448224 1.8390411
292 537 0.70126897 0.00070126897 1.8390411
292 536 0.708197103 0.000708197103 1.83561644
292 536 0.701106096 0.000701106096 1.83561644
291 532 0.680849952 0.000680849952 1.82817869
291 533 0.686362623 0.000686362623 1.83161512
291 533 0.683966551 0.000683966551 1.83161512
291 533 0.685320555 0.000685320555 1.83161512
291 532 0.685486542 0.000685486542 1.82817869
291 532 0.68287389 0.00068287389 1.82817869
291 532 0.682006776 0.000682006776 1.82817869
291 534 0.67778844 0.00067778844 1.83505155
291 533 0.665958193 0.000665958193 1.83161512
291 533 0.669564495 0.000669564495 1.83161512
290 532 0.671019053 0.000671019053 1.83448276
290 532 0.669089553 0.000669089553 1.83448276
290 534 0.665752692 0.000665752692 1.84137931
290 534 0.669208651 0.000669208651 1.84137931
290 536 0.677229856 0.000677229856 1.84827586
290 536 0.676561898 0.000676561898 1.84827586
290 537 0.67575795 0.00067575795 1.85172414
290 537 0.689779684 0.000689779684 1.85172414
290 537 0.689794192 0.000689794192 1.85172414
290 537 0.690111306 0.000690111306 1.85172414
289 534 0.684442701 0.000684442701 1.84775087
289 534 0.684389453 0.000684389453 1.84775087
289 534 0.68612997 0.00068612997 1.84775087
289 534 0.683634392 0.000683634392 1.84775087
289 534 0.685342211 0.000685342211 1.84775087
289 534 0.683414566 0.000683414566 1.84775087
289 533 0.688140432 0.000688140432 1.84429066
289 530 0.671650366 0.000671650366 1.83391003
289 530 0.67320589 0.00067320589 1.83391003
289 533 0.673104577 0.000673104577 1.84429066
288 532 0.65766529 0.00065766529 1.84722222
288 528 0.658352359 0.000658352359 1.83333333
288 528 0.657281738 0.000657281738 1.83333333
288 532 0.673916601 0.000673916601 1.84722222
287 527 0.663660302 0.000663660302 1.83623693
286 524 0.649427842 0.000649427842 1.83216783
286 524 0.649471531 0.000649471531 1.83216783
286 524 0.652060302 0.000652060302 1.83216783
286 524 0.648556373 0.000648556373 1.83216783
286 524 0.651839005 0.000651839005 1.83216783
285 520 0.640049031 0.000640049031 1.8245614
285 520 0.638728709 0.000638728709 1.8245614
285 520 0.638631316 0.000638631316 1.8245614
285 520 0.637667097 0.000637667097 1.8245614
285 520 0.634942362 0.000634942362 1.8245614
285 520 0.635292063 0.000635292063 1.8245614
285 520 0.636376107 0.000636376107 1.8245614
285 520 0.639929238 0.000639929238 1.8245614
285 520 0.638043749 0.000638043749 1.8245614
285 520 0.63548451 0.00063548451 1.8245614
284 517 0.624637184 0.000624637184 1.82042254
284 515 0.620079232 0.000620079232 1.81338028
281 507 0.604236197 0.000604236197 1.80427046
279 503 0.603320761 0.000603320761 1.80286738
279 503 0.604148536 0.000604148536 1.80286738
279 501 0.591224633 0.000591224633 1.79569892
278 495 0.590023017 0.000590023017 1.78057554
277 493 0.590323436 0.000590323436 1.77978339
277 497 0.592591167 0.000592591167 1.79422383
277 499 0.595023601 0.000595023601 1.80144404
276 495 0.589101388 0.000589101388 1.79347826
276 495 0.589399846 0.000589399846 1.79347826
276 497 0.578155389 0.000578155389 1.80072464
275 496 0.576130053 0.000576130053 1.80363636
275 496 0.576096066 0.000576096066 1.80363636
275 496 0.576291818 0.000576291818 1.80363636
274 495 0.570151535 0.000570151535 1.80656934
274 493 0.567811912 0.000567811912 1.79927007
273 490 0.56778097 0.00056778097 1.79487179
273 490 0.567539582 0.000567539582 1.79487179
272 489 0.549727147 0.000549727147 1.79779412
272 486 0.568077526 0.000568077526 1.78676471
272 486 0.567489986 0.000567489986 1.78676471
271 484 0.558749423 0.000558749423 1.78597786
270 480 0.557235862 0.000557235862 1.77777778
268 474 0.538616559 0.000538616559 1.76865672
268 472 0.532650018 0.000532650018 1.76119403
268 473 0.532765025 0.000532765025 1.76492537
267 468 0.520125791 0.000520125791 1.75280899
266 467 0.520368925 0.000520368925 1.7556391
265 464 0.503602293 0.000503602293 1.7509434
265 464 0.503695651 0.000503695651 1.7509434
265 465 0.520214984 0.000520214984 1.75471698
265 465 0.52046675 0.00052046675 1.75471698
265 465 0.520571176 0.000520571176 1.75471698
264 464 0.521771454 0.000521771454 1.75757576
264 464 0.521739101 0.000521739101 1.75757576
263 461 0.506229058 0.000506229058 1.75285171
263 461 0.507847196 0.000507847196 1.75285171
263 461 0.507651727 0.000507651727 1.75285171
261 457 0.49721047 0.00049721047 1.75095785
261 457 0.496481499 0.000496481499 1.75095785
261 457 0.495499814 0.000495499814 1.75095785
261 457 0.496075088 0.000496075088 1.75095785
261 457 0.496674746 0.000496674746 1.75095785
261 457 0.494793142 0.000494793142 1.75095785
261 457 0.496604574 0.000496604574 1.75095785
261 457 0.482302736 0.000482302736 1.75095785
261 457 0.482853298 0.000482853298 1.75095785
261 457 0.481900902 0.000481900902 1.75095785
260 453 0.464882375 0.000464882375 1.74230769
260 454 0.456605208 0.000456605208 1.74615385
260 454 0.457773174 0.000457773174 1.74615385
259 452 0.456027152 0.000456027152 1.74517375
258 447 0.440699413 0.000440699413 1.73255814
257 444 0.434901726 0.000434901726 1.72762646
256 443 0.43489085 0.00043489085 1.73046875
253 435 0.435937927 0.000435937927 1.71936759
253 435 0.434347694 0.000434347694 1.71936759
253 435 0.434196969 0.000434196969 1.71936759
252 434 0.415587362 0.000415587362 1.72222222
252 433 0.421875788 0.000421875788 1.71825397
252 433 0.43677701 0.00043677701 1.71825397
252 433 0.434909542 0.000434909542 1.71825397
251 431 0.434409527 0.000434409527 1.71713147
251 431 0.434866426 0.000434866426 1.71713147
250 430 0.434472485 0.000434472485 1.72
250 430 0.433836428 0.000433836428 1.72
250 430 0.43127866 0.00043127866 1.72
250 430 0.434392462 0.000434392462 1.72
249 428 0.421007704 0.000421007704 1.7188755
249 428 0.421053791 0.000421053791 1.7188755
249 428 0.42051067 0.00042051067 1.7188755
249 428 0.420333934 0.000420333934 1.7188755
248 426 0.41494651 0.00041494651 1.71774194
248 426 0.414814482 0.000414814482 1.71774194
248 426 0.414142034 0.000414142034 1.71774194
248 426 0.415027284 0.000415027284 1.71774194
248 426 0.415266408 0.000415266408 1.71774194
247 425 0.38869599 0.00038869599 1.72064777
246 422 0.368209398 0.000368209398 1.71544715
246 424 0.370080424 0.000370080424 1.72357724
246 424 0.372818341 0.000372818341 1.72357724
246 422 0.374804982 0.000374804982 1.71544715
246 422 0.37587307 0.00037587307 1.71544715
246 423 0.38362195 0.00038362195 1.7195122
246 423 0.383095761 0.000383095761 1.7195122
245 421 0.385446629 0.000385446629 1.71836735
245 421 0.385839773 0.000385839773 1.71836735
245 421 0.38308555 0.00038308555 1.71836735
244 419 0.365021615 0.000365021615 1.71721311
244 420 0.366497776 0.000366497776 1.72131148
244 420 0.364979364 0.000364979364 1.72131148
244 419 0.355994786 0.000355994786 1.71721311
244 419 0.355424808 0.000355424808 1.71721311
244 419 0.356370864 0.000356370864 1.71721311
244 419 0.35612571 0.00035612571 1.71721311
244 419 0.356071438 0.000356071438 1.71721311
244 419 0.35519547 0.00035519547 1.71721311
244 419 0.356188679 0.000356188679 1.71721311
243 418 0.35538723 0.00035538723 1.72016461
243 418 0.355990567 0.000355990567 1.72016461
243 418 0.356207514 0.000356207514 1.72016461
243 418 0.356858922 0.000356858922 1.72016461
241 411 0.329916994 0.000329916994 1.70539419
241 411 0.331285529 0.000331285529 1.70539419
241 411 0.332430262 0.000332430262 1.70539419
240 410 0.319013889 0.000319013889 1.70833333
239 408 0.31857701 0.00031857701 1.70711297
238 407 0.319178347 0.000319178347 1.71008403
236 400 0.306296294 0.000306296294 1.69491525
236 403 0.307127543 0.000307127543 1.70762712
236 403 0.306552165 0.000306552165 1.70762712
236 403 0.307188491 0.000307188491 1.70762712
236 403 0.306979775 0.000306979775 1.70762712
236 403 0.307148207 0.000307148207 1.70762712
235 402 0.307164081 0.000307164081 1.7106383
235 402 0.306577161 0.000306577161 1.7106383
235 402 0.303965462 0.000303965462 1.7106383
235 402 0.30587334 0.00030587334 1.7106383
234 400 0.307490325 0.000307490325 1.70940171
234 398 0.295262005 0.000295262005 1.7008547
234 398 0.294237296 0.000294237296 1.7008547
234 398 0.293097698 0.000293097698 1.7008547
233 394 0.29501897 0.00029501897 1.69098712
233 394 0.292283191 0.000292283191 1.69098712
233 394 0.292287068 0.000292287068 1.69098712
233 394 0.292798737 0.000292798737 1.69098712
233 394 0.293510788 0.000293510788 1.69098712
233 394 0.293690557 0.000293690557 1.69098712
232 390 0.268207833 0.000268207833 1.68103448
232 391 0.280112303 0.000280112303 1.68534483
232 391 0.26642826 0.00026642826 1.68534483
232 391 0.268557605 0.000268557605 1.68534483
232 391 0.266546047 0.000266546047 1.68534483
232 391 0.266645267 0.000266645267 1.68534483
232 391 0.265853156 0.000265853156 1.68534483
232 391 0.262172326 0.000262172326 1.68534483
231 389 0.249734226 0.000249734226 1.68398268
231 389 0.24861269 0.00024861269 1.68398268
230 386 0.231512651 0.000231512651 1.67826087
230 386 0.23231379 0.00023231379 1.67826087
230 389 0.250657898 0.000250657898 1.69130435
230 388 0.251673537 0.000251673537 1.68695652
230 388 0.258220497 0.000258220497 1.68695652
230 388 0.250654254 0.000250654254 1.68695652
230 388 0.256127633 0.000256127633 1.68695652
230 388 0.253289246 0.000253289246 1.68695652
230 388 0.254151005 0.000254151005 1.68695652
229 387 0.256340763 0.000256340763 1.68995633
228 386 0.239642096 0.000239642096 1.69298246
228 386 0.236496597 0.000236496597 1.69298246
228 386 0.239650101 0.000239650101 1.69298246
228 386 0.240558355 0.000240558355 1.69298246
228 386 0.238374688 0.000238374688 1.69298246
228 386 0.240002314 0.000240002314 1.69298246
228 386 0.240354601 0.000240354601 1.69298246
228 386 0.240245714 0.000240245714 1.69298246
228 386 0.240825985 0.000240825985 1.69298246
228 384 0.255175884 0.000255175884 1.68421053
227 383 0.224279668 0.000224279668 1.68722467
227 382 0.239779532 0.000239779532 1.68281938
227 382 0.240581611 0.000240581611 1.68281938
227 382 0.238609643 0.000238609643 1.68281938
226 378 0.22119484 0.00022119484 1.67256637
225 376 0.221960306 0.000221960306 1.67111111
225 376 0.221994851 0.000221994851 1.67111111
225 376 0.222195372 0.000222195372 1.67111111
225 376 0.223296075 0.000223296075 1.67111111
223 368 0.193695181 0.000193695181 1.65022422
222 366 0.180089346 0.000180089346 1.64864865
222 366 0.179891655 0.000179891655 1.64864865
222 366 0.179330367 0.000179330367 1.64864865
SP does not find any fixed points -> SP does not converge.
I am sorry I quit :(
