START ALGORITHM:
I am going to build an instance with N: 1000 variables and 4200 clauses with a clause density equal to 4.2
START BSP WITH r=0.9:
Decimation scorer: cert
END UNIT PROPAGATION
1000 4200 2.87550251 0.00287550251 4.2
1000 4200 2.87629403 0.00287629403 4.2
1000 4200 2.87503594 0.00287503594 4.2
1000 4200 2.87582259 0.00287582259 4.2
1000 4200 2.87554647 0.00287554647 4.2
1000 4200 2.87569655 0.00287569655 4.2
1000 4200 2.87567798 0.00287567798 4.2
1000 4200 2.87559357 0.00287559357 4.2
1000 4200 2.87560746 0.00287560746 4.2
999 4195 2.87563496 0.00287563496 4.1991992
999 4195 2.87561816 0.00287561816 4.1991992
999 4195 2.87562627 0.00287562627 4.1991992
999 4195 2.87562849 0.00287562849 4.1991992
999 4195 2.87562532 0.00287562532 4.1991992
999 4195 2.87563131 0.00287563131 4.1991992
999 4195 2.87562582 0.00287562582 4.1991992
999 4195 2.87563181 0.00287563181 4.1991992
999 4195 2.87562968 0.00287562968 4.1991992
999 4195 2.87562563 0.00287562563 4.1991992
998 4190 2.87425343 0.00287425343 4.19839679
998 4193 2.8746391 0.0028746391 4.20140281
998 4193 2.87463511 0.00287463511 4.20140281
998 4193 2.87463656 0.00287463656 4.20140281
998 4193 2.87463659 0.00287463659 4.20140281
998 4193 2.87463719 0.00287463719 4.20140281
998 4193 2.87463642 0.00287463642 4.20140281
998 4193 2.87463651 0.00287463651 4.20140281
998 4193 2.87463668 0.00287463668 4.20140281
998 4193 2.87463671 0.00287463671 4.20140281
997 4188 2.87326305 0.00287326305 4.20060181
997 4188 2.8732711 0.0028732711 4.20060181
997 4188 2.8732739 0.0028732739 4.20060181
997 4188 2.87327628 0.00287327628 4.20060181
997 4188 2.87327684 0.00287327684 4.20060181
997 4188 2.87327696 0.00287327696 4.20060181
997 4188 2.87327841 0.00287327841 4.20060181
997 4188 2.87327769 0.00287327769 4.20060181
997 4188 2.87327738 0.00287327738 4.20060181
997 4188 2.8732766 0.0028732766 4.20060181
996 4181 2.86808675 0.00286808675 4.19779116
996 4178 2.86895749 0.00286895749 4.19477912
996 4178 2.86897806 0.00286897806 4.19477912
996 4178 2.86898985 0.00286898985 4.19477912
996 4178 2.86899679 0.00286899679 4.19477912
996 4178 2.86899793 0.00286899793 4.19477912
996 4178 2.86899967 0.00286899967 4.19477912
996 4178 2.86899969 0.00286899969 4.19477912
996 4178 2.8689972 0.0028689972 4.19477912
996 4178 2.86899593 0.00286899593 4.19477912
995 4171 2.86381767 0.00286381767 4.1919598
995 4166 2.86627666 0.00286627666 4.18693467
995 4166 2.86629119 0.00286629119 4.18693467
995 4166 2.8663008 0.0028663008 4.18693467
995 4166 2.86630475 0.00286630475 4.18693467
995 4166 2.86630403 0.00286630403 4.18693467
995 4166 2.86630544 0.00286630544 4.18693467
995 4166 2.86630464 0.00286630464 4.18693467
995 4166 2.86630326 0.00286630326 4.18693467
995 4166 2.86630188 0.00286630188 4.18693467
994 4159 2.8611408 0.0028611408 4.18410463
994 4159 2.86113262 0.00286113262 4.18410463
994 4159 2.86113084 0.00286113084 4.18410463
994 4159 2.86113745 0.00286113745 4.18410463
994 4159 2.86114957 0.00286114957 4.18410463
994 4159 2.86115931 0.00286115931 4.18410463
994 4159 2.86113869 0.00286113869 4.18410463
994 4159 2.86114909 0.00286114909 4.18410463
994 4159 2.85833487 0.00285833487 4.18410463
994 4159 2.85835084 0.00285835084 4.18410463
993 4153 2.85314093 0.00285314093 4.18227593
993 4153 2.8531433 0.0028531433 4.18227593
993 4153 2.85315021 0.00285315021 4.18227593
993 4153 2.85315921 0.00285315921 4.18227593
993 4153 2.85317091 0.00285317091 4.18227593
993 4153 2.85314313 0.00285314313 4.18227593
993 4153 2.85314467 0.00285314467 4.18227593
993 4153 2.85314549 0.00285314549 4.18227593
993 4153 2.85314399 0.00285314399 4.18227593
993 4153 2.85314809 0.00285314809 4.18227593
992 4148 2.84776549 0.00284776549 4.18145161
992 4142 2.84805425 0.00284805425 4.17540323
992 4142 2.84809686 0.00284809686 4.17540323
992 4142 2.84812053 0.00284812053 4.17540323
992 4142 2.84812741 0.00284812741 4.17540323
992 4142 2.84811514 0.00284811514 4.17540323
992 4142 2.84810344 0.00284810344 4.17540323
992 4142 2.84809512 0.00284809512 4.17540323
992 4142 2.84808967 0.00284808967 4.17540323
992 4142 2.84808514 0.00284808514 4.17540323
991 4137 2.84272495 0.00284272495 4.17457114
991 4135 2.84807887 0.00284807887 4.17255298
991 4135 2.84806381 0.00284806381 4.17255298
991 4135 2.84807577 0.00284807577 4.17255298
991 4135 2.8480618 0.0028480618 4.17255298
991 4135 2.84809692 0.00284809692 4.17255298
991 4135 2.84809067 0.00284809067 4.17255298
991 4135 2.84812475 0.00284812475 4.17255298
991 4135 2.84809379 0.00284809379 4.17255298
991 4135 2.84808539 0.00284808539 4.17255298
990 4130 2.84273239 0.00284273239 4.17171717
990 4126 2.84283623 0.00284283623 4.16767677
990 4126 2.84287431 0.00284287431 4.16767677
990 4126 2.84293561 0.00284293561 4.16767677
990 4126 2.84292699 0.00284292699 4.16767677
990 4126 2.8429242 0.0028429242 4.16767677
990 4126 2.84292592 0.00284292592 4.16767677
990 4126 2.84293327 0.00284293327 4.16767677
990 4126 2.84293366 0.00284293366 4.16767677
990 4126 2.84293249 0.00284293249 4.16767677
989 4121 2.83755024 0.00283755024 4.16683519
989 4118 2.83704682 0.00283704682 4.16380182
989 4122 2.83932695 0.00283932695 4.16784631
989 4122 2.83938111 0.00283938111 4.16784631
989 4122 2.83940256 0.00283940256 4.16784631
989 4122 2.83939366 0.00283939366 4.16784631
989 4123 2.83925122 0.00283925122 4.16885743
989 4122 2.83939971 0.00283939971 4.16784631
989 4122 2.83937573 0.00283937573 4.16784631
989 4122 2.8393685 0.0028393685 4.16784631
988 4117 2.8341441 0.0028341441 4.16700405
988 4113 2.83422591 0.00283422591 4.16295547
988 4117 2.83415573 0.00283415573 4.16700405
988 4113 2.83425594 0.00283425594 4.16295547
988 4113 2.83419989 0.00283419989 4.16295547
988 4113 2.83419178 0.00283419178 4.16295547
988 4113 2.83420548 0.00283420548 4.16295547
988 4117 2.83417541 0.00283417541 4.16700405
988 4113 2.83425276 0.00283425276 4.16295547
988 4113 2.83421186 0.00283421186 4.16295547
987 4104 2.82826954 0.00282826954 4.15805471
987 4108 2.82901462 0.00282901462 4.1621074
987 4108 2.82901168 0.00282901168 4.1621074
987 4108 2.82899742 0.00282899742 4.1621074
987 4108 2.82899107 0.00282899107 4.1621074
987 4108 2.8289906 0.0028289906 4.1621074
987 4108 2.8289781 0.0028289781 4.1621074
987 4108 2.82898771 0.00282898771 4.1621074
987 4108 2.82899607 0.00282899607 4.1621074
987 4108 2.82899634 0.00282899634 4.1621074
986 4100 2.82198798 0.00282198798 4.15821501
986 4100 2.82192036 0.00282192036 4.15821501
986 4100 2.82188374 0.00282188374 4.15821501
986 4100 2.82189486 0.00282189486 4.15821501
986 4100 2.82192321 0.00282192321 4.15821501
986 4100 2.82194194 0.00282194194 4.15821501
986 4100 2.82195321 0.00282195321 4.15821501
986 4100 2.82194528 0.00282194528 4.15821501
986 4100 2.82193355 0.00282193355 4.15821501
986 4100 2.82193201 0.00282193201 4.15821501
985 4084 2.81466946 0.00281466946 4.14619289
985 4084 2.81468605 0.00281468605 4.14619289
985 4084 2.81473135 0.00281473135 4.14619289
985 4084 2.81474611 0.00281474611 4.14619289
985 4091 2.81607346 0.00281607346 4.15329949
985 4091 2.81609059 0.00281609059 4.15329949
985 4091 2.81609944 0.00281609944 4.15329949
985 4091 2.8161034 0.0028161034 4.15329949
985 4091 2.81610279 0.00281610279 4.15329949
985 4091 2.81610285 0.00281610285 4.15329949
984 4076 2.808529 0.002808529 4.14227642
984 4076 2.80846436 0.00280846436 4.14227642
984 4076 2.80850732 0.00280850732 4.14227642
984 4076 2.80846951 0.00280846951 4.14227642
984 4076 2.80848025 0.00280848025 4.14227642
984 4076 2.8084929 0.0028084929 4.14227642
984 4076 2.80849672 0.00280849672 4.14227642
984 4076 2.80849165 0.00280849165 4.14227642
984 4076 2.80849325 0.00280849325 4.14227642
984 4076 2.80849061 0.00280849061 4.14227642
983 4069 2.8002702 0.0028002702 4.13936928
983 4069 2.80023045 0.00280023045 4.13936928
983 4069 2.8002308 0.0028002308 4.13936928
983 4069 2.80020539 0.00280020539 4.13936928
983 4069 2.80018743 0.00280018743 4.13936928
983 4069 2.80018715 0.00280018715 4.13936928
983 4069 2.80020461 0.00280020461 4.13936928
983 4069 2.80022848 0.00280022848 4.13936928
983 4069 2.80024241 0.00280024241 4.13936928
983 4069 2.800245 0.002800245 4.13936928
982 4061 2.79201581 0.00279201581 4.13543788
982 4061 2.79203406 0.00279203406 4.13543788
982 4062 2.79396187 0.00279396187 4.13645621
982 4053 2.79490938 0.00279490938 4.12729124
982 4053 2.79483703 0.00279483703 4.12729124
982 4053 2.7949413 0.0027949413 4.12729124
982 4053 2.79497346 0.00279497346 4.12729124
982 4053 2.79495041 0.00279495041 4.12729124
982 4053 2.7948497 0.0027948497 4.12729124
982 4053 2.79487135 0.00279487135 4.12729124
981 4046 2.78680197 0.00278680197 4.1243629
981 4046 2.78682632 0.00278682632 4.1243629
981 4046 2.78675164 0.00278675164 4.1243629
981 4046 2.78678674 0.00278678674 4.1243629
981 4046 2.78677277 0.00278677277 4.1243629
981 4046 2.78675947 0.00278675947 4.1243629
981 4046 2.7867554 0.0027867554 4.1243629
981 4046 2.78675831 0.00278675831 4.1243629
981 4046 2.78675907 0.00278675907 4.1243629
981 4046 2.78675913 0.00278675913 4.1243629
980 4033 2.77771657 0.00277771657 4.11530612
980 4032 2.77448352 0.00277448352 4.11428571
980 4032 2.7744414 0.0027744414 4.11428571
980 4032 2.77449734 0.00277449734 4.11428571
980 4032 2.77455616 0.00277455616 4.11428571
980 4032 2.77454657 0.00277454657 4.11428571
980 4032 2.77457101 0.00277457101 4.11428571
980 4032 2.7745639 0.0027745639 4.11428571
980 4032 2.77454214 0.00277454214 4.11428571
980 4032 2.77454048 0.00277454048 4.11428571
979 4022 2.76590092 0.00276590092 4.10827375
979 4019 2.76909341 0.00276909341 4.1052094
979 4025 2.76947667 0.00276947667 4.1113381
979 4025 2.76951497 0.00276951497 4.1113381
979 4025 2.76958393 0.00276958393 4.1113381
979 4025 2.76962358 0.00276962358 4.1113381
979 4025 2.76970178 0.00276970178 4.1113381
979 4025 2.76968842 0.00276968842 4.1113381
979 4025 2.76971955 0.00276971955 4.1113381
979 4025 2.76969434 0.00276969434 4.1113381
978 4011 2.76108784 0.00276108784 4.10122699
978 4011 2.76096041 0.00276096041 4.10122699
978 4015 2.75926189 0.00275926189 4.10531697
978 4015 2.75928558 0.00275928558 4.10531697
978 4016 2.75575994 0.00275575994 4.10633947
978 4016 2.75579352 0.00275579352 4.10633947
978 4013 2.76186841 0.00276186841 4.10327198
978 4013 2.76182304 0.00276182304 4.10327198
978 4013 2.76183396 0.00276183396 4.10327198
978 4007 2.76329705 0.00276329705 4.09713701
977 3999 2.75514309 0.00275514309 4.09314227
977 3999 2.75512584 0.00275512584 4.09314227
977 3999 2.7551529 0.0027551529 4.09314227
977 3999 2.75515324 0.00275515324 4.09314227
977 3999 2.75515714 0.00275515714 4.09314227
977 3999 2.75519052 0.00275519052 4.09314227
977 3999 2.75520831 0.00275520831 4.09314227
977 3999 2.75521897 0.00275521897 4.09314227
977 3999 2.75522298 0.00275522298 4.09314227
977 3999 2.75522167 0.00275522167 4.09314227
976 3987 2.74630251 0.00274630251 4.08504098
976 3987 2.74612626 0.00274612626 4.08504098
976 3992 2.74711714 0.00274711714 4.09016393
976 3992 2.74709639 0.00274709639 4.09016393
976 3992 2.74699244 0.00274699244 4.09016393
976 3992 2.74703511 0.00274703511 4.09016393
976 3992 2.74710391 0.00274710391 4.09016393
976 3992 2.74700911 0.00274700911 4.09016393
976 3992 2.74701545 0.00274701545 4.09016393
976 3992 2.74702454 0.00274702454 4.09016393
975 3983 2.73876826 0.00273876826 4.08512821
975 3983 2.73855198 0.00273855198 4.08512821
975 3983 2.73875391 0.00273875391 4.08512821
975 3983 2.73857489 0.00273857489 4.08512821
975 3983 2.73869926 0.00273869926 4.08512821
975 3983 2.73872424 0.00273872424 4.08512821
975 3983 2.73877936 0.00273877936 4.08512821
975 3983 2.73879502 0.00273879502 4.08512821
975 3983 2.73881253 0.00273881253 4.08512821
975 3983 2.73881575 0.00273881575 4.08512821
974 3975 2.72892203 0.00272892203 4.08110883
974 3977 2.72917161 0.00272917161 4.08316222
974 3971 2.72972519 0.00272972519 4.07700205
974 3971 2.7297004 0.0027297004 4.07700205
974 3971 2.72982476 0.00272982476 4.07700205
974 3971 2.72985784 0.00272985784 4.07700205
974 3971 2.72988156 0.00272988156 4.07700205
974 3971 2.72989196 0.00272989196 4.07700205
974 3971 2.72990637 0.00272990637 4.07700205
974 3971 2.72991852 0.00272991852 4.07700205
973 3963 2.71994889 0.00271994889 4.0729702
973 3963 2.71984355 0.00271984355 4.0729702
973 3965 2.72037792 0.00272037792 4.07502569
973 3965 2.72016784 0.00272016784 4.07502569
973 3965 2.72037207 0.00272037207 4.07502569
973 3965 2.72029202 0.00272029202 4.07502569
973 3965 2.72029866 0.00272029866 4.07502569
973 3965 2.72033587 0.00272033587 4.07502569
973 3965 2.72006687 0.00272006687 4.07502569
973 3965 2.72027518 0.00272027518 4.07502569
972 3953 2.70955233 0.00270955233 4.06687243
972 3957 2.71035708 0.00271035708 4.07098765
972 3957 2.71042944 0.00271042944 4.07098765
972 3957 2.71052789 0.00271052789 4.07098765
972 3957 2.71030847 0.00271030847 4.07098765
972 3957 2.71031207 0.00271031207 4.07098765
972 3957 2.710351 0.002710351 4.07098765
972 3957 2.71034207 0.00271034207 4.07098765
972 3957 2.71035115 0.00271035115 4.07098765
972 3957 2.71035494 0.00271035494 4.07098765
971 3952 2.69936469 0.00269936469 4.0700309
971 3947 2.70042311 0.00270042311 4.06488157
971 3947 2.70026608 0.00270026608 4.06488157
971 3947 2.70022463 0.00270022463 4.06488157
971 3947 2.70035679 0.00270035679 4.06488157
971 3947 2.70020475 0.00270020475 4.06488157
971 3947 2.70024277 0.00270024277 4.06488157
971 3947 2.70023028 0.00270023028 4.06488157
971 3947 2.70022449 0.00270022449 4.06488157
971 3947 2.70021107 0.00270021107 4.06488157
970 3942 2.68930993 0.00268930993 4.06391753
970 3941 2.6895653 0.0026895653 4.0628866
970 3941 2.68949774 0.00268949774 4.0628866
970 3941 2.68937959 0.00268937959 4.0628866
970 3941 2.68948963 0.00268948963 4.0628866
970 3941 2.68953212 0.00268953212 4.0628866
970 3941 2.68955606 0.00268955606 4.0628866
970 3941 2.68955295 0.00268955295 4.0628866
970 3941 2.6895201 0.0026895201 4.0628866
970 3941 2.68950192 0.00268950192 4.0628866
969 3928 2.6781593 0.0026781593 4.05366357
969 3936 2.67844162 0.00267844162 4.0619195
969 3936 2.67846697 0.00267846697 4.0619195
969 3936 2.678531 0.002678531 4.0619195
969 3936 2.67860749 0.00267860749 4.0619195
969 3936 2.67869969 0.00267869969 4.0619195
969 3936 2.67868791 0.00267868791 4.0619195
969 3936 2.67866076 0.00267866076 4.0619195
969 3936 2.6786361 0.0026786361 4.0619195
969 3936 2.67861734 0.00267861734 4.0619195
968 3923 2.66746997 0.00266746997 4.05268595
968 3930 2.66503958 0.00266503958 4.05991736
968 3930 2.66488667 0.00266488667 4.05991736
968 3926 2.66529563 0.00266529563 4.05578512
968 3926 2.66513018 0.00266513018 4.05578512
968 3918 2.66884712 0.00266884712 4.04752066
968 3918 2.66870478 0.00266870478 4.04752066
968 3918 2.66871834 0.00266871834 4.04752066
968 3918 2.66884169 0.00266884169 4.04752066
968 3918 2.66892773 0.00266892773 4.04752066
967 3912 2.65850907 0.00265850907 4.04550155
967 3917 2.65919917 0.00265919917 4.05067218
967 3917 2.65911038 0.00265911038 4.05067218
967 3917 2.65919387 0.00265919387 4.05067218
967 3917 2.65904859 0.00265904859 4.05067218
967 3917 2.65916414 0.00265916414 4.05067218
967 3917 2.65910127 0.00265910127 4.05067218
967 3917 2.65929355 0.00265929355 4.05067218
967 3917 2.65919712 0.00265919712 4.05067218
967 3917 2.65929467 0.00265929467 4.05067218
966 3909 2.64823378 0.00264823378 4.04658385
966 3909 2.64809503 0.00264809503 4.04658385
966 3909 2.64816648 0.00264816648 4.04658385
966 3909 2.64804996 0.00264804996 4.04658385
966 3909 2.64824022 0.00264824022 4.04658385
966 3909 2.64794524 0.00264794524 4.04658385
966 3909 2.6481289 0.0026481289 4.04658385
966 3909 2.64801594 0.00264801594 4.04658385
966 3907 2.64894604 0.00264894604 4.04451346
966 3907 2.6487582 0.0026487582 4.04451346
965 3899 2.63791714 0.00263791714 4.04041451
965 3899 2.63805677 0.00263805677 4.04041451
965 3899 2.63805813 0.00263805813 4.04041451
965 3899 2.6380388 0.0026380388 4.04041451
965 3899 2.63797498 0.00263797498 4.04041451
965 3899 2.63790601 0.00263790601 4.04041451
965 3899 2.63783716 0.00263783716 4.04041451
965 3899 2.63782852 0.00263782852 4.04041451
965 3899 2.63783419 0.00263783419 4.04041451
965 3899 2.63786375 0.00263786375 4.04041451
964 3895 2.62600489 0.00262600489 4.04045643
964 3887 2.62655305 0.00262655305 4.03215768
964 3887 2.62692495 0.00262692495 4.03215768
964 3887 2.62661574 0.00262661574 4.03215768
964 3887 2.62674513 0.00262674513 4.03215768
964 3887 2.62662192 0.00262662192 4.03215768
964 3887 2.62652663 0.00262652663 4.03215768
964 3887 2.62660215 0.00262660215 4.03215768
964 3887 2.62673112 0.00262673112 4.03215768
964 3887 2.62668442 0.00262668442 4.03215768
963 3876 2.61494207 0.00261494207 4.02492212
963 3876 2.61487037 0.00261487037 4.02492212
963 3876 2.61493658 0.00261493658 4.02492212
963 3876 2.61496462 0.00261496462 4.02492212
963 3876 2.61494557 0.00261494557 4.02492212
963 3876 2.6149577 0.0026149577 4.02492212
963 3876 2.61496917 0.00261496917 4.02492212
963 3876 2.61495188 0.00261495188 4.02492212
963 3876 2.61497024 0.00261497024 4.02492212
963 3876 2.61495637 0.00261495637 4.02492212
962 3866 2.60263238 0.00260263238 4.01871102
962 3866 2.60255308 0.00260255308 4.01871102
962 3866 2.60250862 0.00260250862 4.01871102
962 3866 2.60282293 0.00260282293 4.01871102
962 3866 2.60275391 0.00260275391 4.01871102
962 3866 2.6028528 0.0026028528 4.01871102
962 3866 2.6029981 0.0026029981 4.01871102
962 3866 2.60294523 0.00260294523 4.01871102
962 3866 2.60293394 0.00260293394 4.01871102
962 3866 2.60296342 0.00260296342 4.01871102
961 3858 2.59021895 0.00259021895 4.01456816
961 3862 2.59087258 0.00259087258 4.01873049
961 3862 2.59087256 0.00259087256 4.01873049
961 3862 2.59093578 0.00259093578 4.01873049
961 3862 2.59090002 0.00259090002 4.01873049
961 3862 2.59108607 0.00259108607 4.01873049
961 3862 2.59110857 0.00259110857 4.01873049
961 3862 2.59110375 0.00259110375 4.01873049
961 3862 2.59112551 0.00259112551 4.01873049
961 3862 2.59112492 0.00259112492 4.01873049
960 3854 2.57821372 0.00257821372 4.01458333
960 3858 2.57787844 0.00257787844 4.01875
960 3858 2.57804939 0.00257804939 4.01875
960 3858 2.57797706 0.00257797706 4.01875
960 3858 2.57818703 0.00257818703 4.01875
960 3858 2.5784085 0.0025784085 4.01875
960 3858 2.57842681 0.00257842681 4.01875
960 3858 2.57840443 0.00257840443 4.01875
960 3858 2.57845873 0.00257845873 4.01875
960 3858 2.5784808 0.0025784808 4.01875
959 3850 2.56562331 0.00256562331 4.01459854
959 3852 2.56545766 0.00256545766 4.01668405
959 3852 2.56575508 0.00256575508 4.01668405
959 3852 2.56595799 0.00256595799 4.01668405
959 3848 2.5667448 0.0025667448 4.01251303
959 3848 2.56653251 0.00256653251 4.01251303
959 3848 2.56662844 0.00256662844 4.01251303
959 3848 2.56672814 0.00256672814 4.01251303
959 3848 2.56663522 0.00256663522 4.01251303
959 3848 2.56673823 0.00256673823 4.01251303
958 3840 2.55399876 0.00255399876 4.00835073
958 3839 2.55090716 0.00255090716 4.00730689
958 3841 2.55085242 0.00255085242 4.00939457
958 3841 2.55083954 0.00255083954 4.00939457
958 3841 2.55095121 0.00255095121 4.00939457
958 3841 2.55096864 0.00255096864 4.00939457
958 3841 2.55090929 0.00255090929 4.00939457
958 3841 2.5509765 0.0025509765 4.00939457
958 3841 2.55085796 0.00255085796 4.00939457
958 3841 2.55091533 0.00255091533 4.00939457
957 3835 2.53818909 0.00253818909 4.00731452
957 3835 2.53820872 0.00253820872 4.00731452
957 3835 2.53831843 0.00253831843 4.00731452
957 3835 2.53835955 0.00253835955 4.00731452
957 3835 2.53826958 0.00253826958 4.00731452
957 3835 2.53831594 0.00253831594 4.00731452
957 3835 2.53830235 0.00253830235 4.00731452
957 3835 2.53827737 0.00253827737 4.00731452
957 3835 2.53828171 0.00253828171 4.00731452
957 3835 2.53827633 0.00253827633 4.00731452
956 3828 2.52610097 0.00252610097 4.0041841
956 3828 2.52619071 0.00252619071 4.0041841
956 3828 2.52621319 0.00252621319 4.0041841
956 3828 2.5262605 0.0025262605 4.0041841
956 3828 2.52626634 0.00252626634 4.0041841
956 3828 2.52628726 0.00252628726 4.0041841
956 3828 2.52629632 0.00252629632 4.0041841
956 3828 2.5263014 0.0025263014 4.0041841
956 3828 2.52630734 0.00252630734 4.0041841
956 3828 2.52629993 0.00252629993 4.0041841
955 3818 2.51346769 0.00251346769 3.99790576
955 3818 2.51327962 0.00251327962 3.99790576
955 3819 2.51414205 0.00251414205 3.99895288
955 3819 2.51414385 0.00251414385 3.99895288
955 3819 2.51424601 0.00251424601 3.99895288
955 3819 2.51427494 0.00251427494 3.99895288
955 3819 2.51431075 0.00251431075 3.99895288
955 3819 2.51430293 0.00251430293 3.99895288
955 3819 2.51430624 0.00251430624 3.99895288
955 3819 2.5142936 0.0025142936 3.99895288
954 3810 2.50151752 0.00250151752 3.99371069
954 3810 2.50145458 0.00250145458 3.99371069
954 3809 2.50175039 0.00250175039 3.99266247
954 3808 2.50628184 0.00250628184 3.99161426
954 3805 2.50520915 0.00250520915 3.9884696
954 3805 2.50537732 0.00250537732 3.9884696
954 3807 2.50694291 0.00250694291 3.99056604
954 3807 2.50682231 0.00250682231 3.99056604
954 3807 2.50695126 0.00250695126 3.99056604
954 3807 2.5069478 0.0025069478 3.99056604
953 3798 2.49428184 0.00249428184 3.98530955
953 3798 2.49418196 0.00249418196 3.98530955
953 3798 2.49423453 0.00249423453 3.98530955
953 3801 2.49513309 0.00249513309 3.9884575
953 3801 2.4953619 0.0024953619 3.9884575
953 3801 2.49546185 0.00249546185 3.9884575
953 3801 2.49555619 0.00249555619 3.9884575
953 3801 2.49558281 0.00249558281 3.9884575
953 3801 2.49508794 0.00249508794 3.9884575
953 3801 2.49532129 0.00249532129 3.9884575
952 3792 2.48289867 0.00248289867 3.98319328
952 3792 2.48304706 0.00248304706 3.98319328
952 3792 2.48288127 0.00248288127 3.98319328
952 3792 2.4826898 0.0024826898 3.98319328
952 3792 2.48259166 0.00248259166 3.98319328
952 3792 2.48267677 0.00248267677 3.98319328
952 3792 2.48278671 0.00248278671 3.98319328
952 3792 2.48284382 0.00248284382 3.98319328
952 3792 2.48284934 0.00248284934 3.98319328
952 3792 2.48283739 0.00248283739 3.98319328
951 3786 2.47021548 0.00247021548 3.98107256
951 3786 2.47012574 0.00247012574 3.98107256
951 3786 2.47006308 0.00247006308 3.98107256
951 3786 2.47008773 0.00247008773 3.98107256
951 3786 2.47018719 0.00247018719 3.98107256
951 3786 2.47018204 0.00247018204 3.98107256
951 3786 2.47017968 0.00247017968 3.98107256
951 3786 2.4701676 0.0024701676 3.98107256
951 3786 2.4701641 0.0024701641 3.98107256
951 3786 2.47016579 0.00247016579 3.98107256
950 3783 2.45614376 0.00245614376 3.98210526
950 3779 2.45753879 0.00245753879 3.97789474
950 3779 2.45742273 0.00245742273 3.97789474
950 3779 2.45755011 0.00245755011 3.97789474
950 3779 2.45750134 0.00245750134 3.97789474
950 3779 2.45753234 0.00245753234 3.97789474
950 3779 2.45767148 0.00245767148 3.97789474
950 3779 2.45742363 0.00245742363 3.97789474
950 3779 2.45752794 0.00245752794 3.97789474
950 3779 2.45769968 0.00245769968 3.97789474
949 3776 2.44404311 0.00244404311 3.97892518
949 3776 2.44388842 0.00244388842 3.97892518
949 3776 2.44362087 0.00244362087 3.97892518
949 3776 2.44368362 0.00244368362 3.97892518
949 3776 2.44402947 0.00244402947 3.97892518
949 3776 2.44431362 0.00244431362 3.97892518
949 3776 2.44444775 0.00244444775 3.97892518
949 3776 2.44447521 0.00244447521 3.97892518
949 3776 2.44444789 0.00244444789 3.97892518
949 3776 2.44441158 0.00244441158 3.97892518
948 3767 2.43051452 0.00243051452 3.97362869
948 3767 2.43031873 0.00243031873 3.97362869
948 3767 2.42988537 0.00242988537 3.97362869
948 3767 2.42979181 0.00242979181 3.97362869
948 3767 2.42980531 0.00242980531 3.97362869
948 3767 2.42992029 0.00242992029 3.97362869
948 3768 2.42995541 0.00242995541 3.97468354
948 3762 2.42969692 0.00242969692 3.96835443
948 3762 2.4296902 0.0024296902 3.96835443
948 3762 2.42990342 0.00242990342 3.96835443
947 3750 2.41561414 0.00241561414 3.95987328
947 3750 2.41518557 0.00241518557 3.95987328
947 3750 2.41539941 0.00241539941 3.95987328
947 3750 2.41538777 0.00241538777 3.95987328
947 3750 2.41539108 0.00241539108 3.95987328
947 3750 2.41538397 0.00241538397 3.95987328
947 3750 2.41538475 0.00241538475 3.95987328
947 3750 2.41539055 0.00241539055 3.95987328
947 3750 2.41539576 0.00241539576 3.95987328
947 3750 2.41539293 0.00241539293 3.95987328
946 3744 2.3997036 0.0023997036 3.9577167
946 3743 2.38552805 0.00238552805 3.95665962
946 3752 2.3872329 0.0023872329 3.96617336
946 3747 2.40195953 0.00240195953 3.96088795
946 3747 2.40197112 0.00240197112 3.96088795
946 3747 2.40226584 0.00240226584 3.96088795
946 3747 2.40222225 0.00240222225 3.96088795
946 3747 2.40220916 0.00240220916 3.96088795
946 3747 2.40223269 0.00240223269 3.96088795
946 3747 2.40224599 0.00240224599 3.96088795
945 3741 2.38667691 0.00238667691 3.95873016
945 3741 2.3865167 0.0023865167 3.95873016
945 3741 2.38653914 0.00238653914 3.95873016
945 3743 2.38683866 0.00238683866 3.96084656
945 3743 2.38693227 0.00238693227 3.96084656
945 3743 2.38675382 0.00238675382 3.96084656
945 3743 2.38677888 0.00238677888 3.96084656
945 3741 2.386038 0.002386038 3.95873016
945 3737 2.38626013 0.00238626013 3.95449735
945 3740 2.38682188 0.00238682188 3.95767196
944 3736 2.3717242 0.0023717242 3.95762712
944 3736 2.37203512 0.00237203512 3.95762712
944 3736 2.37192741 0.00237192741 3.95762712
944 3736 2.37184221 0.00237184221 3.95762712
944 3736 2.37192135 0.00237192135 3.95762712
944 3734 2.3713499 0.0023713499 3.95550847
944 3737 2.37180488 0.00237180488 3.95868644
944 3737 2.37173939 0.00237173939 3.95868644
944 3737 2.3718301 0.0023718301 3.95868644
944 3737 2.37182776 0.00237182776 3.95868644
943 3727 2.35681604 0.00235681604 3.95227996
943 3731 2.35703454 0.00235703454 3.95652174
943 3731 2.35702645 0.00235702645 3.95652174
943 3731 2.35683215 0.00235683215 3.95652174
943 3731 2.35705321 0.00235705321 3.95652174
943 3731 2.35679014 0.00235679014 3.95652174
943 3731 2.35677312 0.00235677312 3.95652174
943 3731 2.35684107 0.00235684107 3.95652174
943 3731 2.356794 0.002356794 3.95652174
943 3732 2.3566903 0.0023566903 3.95758218
942 3726 2.34208587 0.00234208587 3.95541401
942 3721 2.3425637 0.0023425637 3.95010616
942 3721 2.34222619 0.00234222619 3.95010616
942 3722 2.34187615 0.00234187615 3.95116773
942 3726 2.34213252 0.00234213252 3.95541401
942 3725 2.3420697 0.0023420697 3.95435244
942 3724 2.34169849 0.00234169849 3.95329087
942 3724 2.34150111 0.00234150111 3.95329087
942 3720 2.34144005 0.00234144005 3.94904459
942 3718 2.34078986 0.00234078986 3.94692144
941 3714 2.32764927 0.00232764927 3.94686504
941 3714 2.32753431 0.00232753431 3.94686504
941 3715 2.32823596 0.00232823596 3.94792774
941 3715 2.32805146 0.00232805146 3.94792774
941 3715 2.32806918 0.00232806918 3.94792774
941 3721 2.32813447 0.00232813447 3.95430393
941 3724 2.32788794 0.00232788794 3.95749203
941 3722 2.32821998 0.00232821998 3.95536663
941 3718 2.32781938 0.00232781938 3.95111583
941 3719 2.32802304 0.00232802304 3.95217853
940 3712 2.31494978 0.00231494978 3.94893617
940 3713 2.31658197 0.00231658197 3.95
940 3711 2.31680285 0.00231680285 3.94787234
940 3717 2.32041048 0.00232041048 3.95425532
940 3716 2.32121841 0.00232121841 3.95319149
939 3707 2.30970566 0.00230970566 3.94781683
939 3708 2.30900287 0.00230900287 3.94888179
939 3706 2.31216715 0.00231216715 3.94675186
939 3701 2.31040487 0.00231040487 3.94142705
939 3703 2.43031998 0.00243031998 3.94355698
938 3699 2.43144813 0.00243144813 3.9434968
938 3699 2.43216199 0.00243216199 3.9434968
938 3698 2.43406767 0.00243406767 3.9424307
938 3690 2.44187141 0.00244187141 3.93390192
938 3683 2.44509837 0.00244509837 3.92643923
938 3687 2.44870837 0.00244870837 3.93070362
938 3692 2.45654552 0.00245654552 3.93603412
938 3692 2.4645873 0.0024645873 3.93603412
938 3692 2.46751331 0.00246751331 3.93603412
938 3694 2.47206581 0.00247206581 3.93816631
937 3686 2.47058993 0.00247058993 3.93383138
937 3689 2.46954957 0.00246954957 3.93703308
937 3685 2.4688205 0.0024688205 3.93276414
937 3688 2.47394886 0.00247394886 3.93596585
937 3693 2.47687654 0.00247687654 3.94130203
937 3689 2.47710034 0.00247710034 3.93703308
937 3686 2.48125185 0.00248125185 3.93383138
937 3689 2.48090821 0.00248090821 3.93703308
937 3689 2.48135904 0.00248135904 3.93703308
937 3686 2.48220996 0.00248220996 3.93383138
936 3680 2.48058892 0.00248058892 3.93162393
936 3682 2.50367458 0.00250367458 3.93376068
936 3676 2.50178199 0.00250178199 3.92735043
936 3676 2.50288759 0.00250288759 3.92735043
936 3666 2.5179624 0.0025179624 3.91666667
936 3671 2.51685568 0.00251685568 3.92200855
936 3671 2.52969971 0.00252969971 3.92200855
936 3671 2.5291224 0.0025291224 3.92200855
936 3664 2.58452518 0.00258452518 3.91452991
936 3658 2.58701579 0.00258701579 3.90811966
935 3651 2.58684018 0.00258684018 3.90481283
935 3646 2.5843045 0.0025843045 3.89946524
935 3650 2.58249397 0.00258249397 3.90374332
935 3657 2.60516644 0.00260516644 3.91122995
935 3664 2.60725354 0.00260725354 3.91871658
935 3667 2.63020784 0.00263020784 3.92192513
935 3664 2.62970638 0.00262970638 3.91871658
935 3666 2.63180664 0.00263180664 3.92085561
935 3661 2.63284479 0.00263284479 3.91550802
935 3668 2.63303954 0.00263303954 3.92299465
934 3654 2.63121322 0.00263121322 3.91220557
934 3665 2.63399452 0.00263399452 3.92398287
934 3665 2.65570173 0.00265570173 3.92398287
934 3670 2.67130717 0.00267130717 3.92933619
934 3672 2.68143047 0.00268143047 3.93147752
934 3672 2.68480608 0.00268480608 3.93147752
934 3678 2.68368613 0.00268368613 3.9379015
934 3674 2.68813718 0.00268813718 3.93361884
934 3679 2.68632563 0.00268632563 3.93897216
934 3682 2.68582582 0.00268582582 3.94218415
933 3675 2.68347922 0.00268347922 3.93890675
933 3669 2.69396732 0.00269396732 3.93247588
933 3675 2.69169051 0.00269169051 3.93890675
933 3679 2.68973317 0.00268973317 3.943194
933 3676 2.68972843 0.00268972843 3.93997856
933 3675 2.69173277 0.00269173277 3.93890675
933 3677 2.69947848 0.00269947848 3.94105038
933 3680 2.72434343 0.00272434343 3.94426581
933 3681 2.72210626 0.00272210626 3.94533762
933 3682 2.71980653 0.00271980653 3.94640943
932 3675 2.71978747 0.00271978747 3.94313305
932 3670 2.72181956 0.00272181956 3.93776824
932 3668 2.72424851 0.00272424851 3.93562232
932 3664 2.72442372 0.00272442372 3.93133047
932 3664 2.72436256 0.00272436256 3.93133047
932 3664 2.72435832 0.00272435832 3.93133047
932 3664 2.72436504 0.00272436504 3.93133047
932 3664 2.72434919 0.00272434919 3.93133047
932 3664 2.72436554 0.00272436554 3.93133047
932 3664 2.72436634 0.00272436634 3.93133047
931 3657 2.72157792 0.00272157792 3.92803437
931 3657 2.72158457 0.00272158457 3.92803437
931 3657 2.72160623 0.00272160623 3.92803437
931 3657 2.72160423 0.00272160423 3.92803437
931 3657 2.72160298 0.00272160298 3.92803437
931 3657 2.72159516 0.00272159516 3.92803437
931 3657 2.72159892 0.00272159892 3.92803437
931 3657 2.72159336 0.00272159336 3.92803437
931 3657 2.72159875 0.00272159875 3.92803437
931 3657 2.72160624 0.00272160624 3.92803437
930 3651 2.71863017 0.00271863017 3.92580645
930 3651 2.71861468 0.00271861468 3.92580645
930 3655 2.71912328 0.00271912328 3.93010753
930 3655 2.71907575 0.00271907575 3.93010753
930 3655 2.71910147 0.00271910147 3.93010753
930 3655 2.71911744 0.00271911744 3.93010753
930 3655 2.71908586 0.00271908586 3.93010753
930 3655 2.71908872 0.00271908872 3.93010753
930 3655 2.71908226 0.00271908226 3.93010753
930 3655 2.71908375 0.00271908375 3.93010753
929 3649 2.71620584 0.00271620584 3.92787944
929 3649 2.71621537 0.00271621537 3.92787944
929 3649 2.71620028 0.00271620028 3.92787944
929 3649 2.71618948 0.00271618948 3.92787944
929 3649 2.71622301 0.00271622301 3.92787944
929 3651 2.71617485 0.00271617485 3.93003229
929 3651 2.71617358 0.00271617358 3.93003229
929 3651 2.71617105 0.00271617105 3.93003229
929 3651 2.71615016 0.00271615016 3.93003229
929 3651 2.71615334 0.00271615334 3.93003229
928 3643 2.71316323 0.00271316323 3.92564655
928 3645 2.71342064 0.00271342064 3.92780172
928 3645 2.71344056 0.00271344056 3.92780172
928 3645 2.71345814 0.00271345814 3.92780172
928 3645 2.7134485 0.0027134485 3.92780172
928 3645 2.71344746 0.00271344746 3.92780172
928 3645 2.71344596 0.00271344596 3.92780172
928 3645 2.71344415 0.00271344415 3.92780172
928 3645 2.71345154 0.00271345154 3.92780172
928 3645 2.71345472 0.00271345472 3.92780172
927 3637 2.71059625 0.00271059625 3.92340885
927 3637 2.71061169 0.00271061169 3.92340885
927 3637 2.71062118 0.00271062118 3.92340885
927 3637 2.71061498 0.00271061498 3.92340885
927 3637 2.71062521 0.00271062521 3.92340885
927 3637 2.71067535 0.00271067535 3.92340885
927 3637 2.71072587 0.00271072587 3.92340885
927 3637 2.71075361 0.00271075361 3.92340885
927 3637 2.71073882 0.00271073882 3.92340885
927 3637 2.7107127 0.0027107127 3.92340885
926 3626 2.70770301 0.00270770301 3.91576674
926 3626 2.70770042 0.00270770042 3.91576674
926 3626 2.70776793 0.00270776793 3.91576674
926 3626 2.70777996 0.00270777996 3.91576674
926 3626 2.70778109 0.00270778109 3.91576674
926 3627 2.70694659 0.00270694659 3.91684665
926 3626 2.70781187 0.00270781187 3.91576674
926 3627 2.70773268 0.00270773268 3.91684665
926 3623 2.70751147 0.00270751147 3.912527
926 3623 2.70752192 0.00270752192 3.912527
925 3613 2.70457157 0.00270457157 3.90594595
925 3613 2.70458863 0.00270458863 3.90594595
925 3613 2.70461508 0.00270461508 3.90594595
925 3613 2.70460952 0.00270460952 3.90594595
925 3613 2.70462608 0.00270462608 3.90594595
925 3613 2.70464166 0.00270464166 3.90594595
925 3613 2.70464022 0.00270464022 3.90594595
925 3613 2.70463554 0.00270463554 3.90594595
925 3613 2.70463569 0.00270463569 3.90594595
925 3615 2.70453132 0.00270453132 3.90810811
924 3605 2.70169966 0.00270169966 3.90151515
924 3609 2.70241512 0.00270241512 3.90584416
924 3609 2.70239499 0.00270239499 3.90584416
924 3609 2.70240222 0.00270240222 3.90584416
924 3609 2.70242182 0.00270242182 3.90584416
924 3609 2.70243648 0.00270243648 3.90584416
924 3609 2.70244422 0.00270244422 3.90584416
924 3609 2.70243925 0.00270243925 3.90584416
924 3609 2.70244037 0.00270244037 3.90584416
924 3609 2.70243586 0.00270243586 3.90584416
923 3601 2.69959146 0.00269959146 3.90140845
923 3601 2.69956254 0.00269956254 3.90140845
923 3601 2.69954969 0.00269954969 3.90140845
923 3601 2.69955074 0.00269955074 3.90140845
923 3601 2.69956475 0.00269956475 3.90140845
923 3601 2.69957318 0.00269957318 3.90140845
923 3601 2.69957568 0.00269957568 3.90140845
923 3601 2.6995742 0.0026995742 3.90140845
923 3601 2.69957753 0.00269957753 3.90140845
923 3601 2.69957836 0.00269957836 3.90140845
922 3590 2.69655768 0.00269655768 3.89370933
922 3596 2.69637094 0.00269637094 3.90021692
922 3603 2.69723142 0.00269723142 3.90780911
922 3602 2.69509168 0.00269509168 3.90672451
922 3601 2.6949911 0.0026949911 3.90563991
922 3596 2.69727981 0.00269727981 3.90021692
922 3596 2.69726846 0.00269726846 3.90021692
922 3596 2.69727887 0.00269727887 3.90021692
922 3596 2.69726585 0.00269726585 3.90021692
921 3591 2.69453728 0.00269453728 3.8990228
920 3583 2.69150679 0.00269150679 3.89456522
920 3581 2.69135022 0.00269135022 3.8923913
920 3584 2.69198005 0.00269198005 3.89565217
920 3584 2.69200453 0.00269200453 3.89565217
920 3584 2.69200171 0.00269200171 3.89565217
920 3584 2.6920145 0.0026920145 3.89565217
920 3584 2.69197897 0.00269197897 3.89565217
920 3584 2.69200531 0.00269200531 3.89565217
920 3584 2.69197285 0.00269197285 3.89565217
920 3584 2.69198481 0.00269198481 3.89565217
919 3574 2.68878605 0.00268878605 3.88900979
918 3567 2.68585525 0.00268585525 3.88562092
918 3567 2.68586074 0.00268586074 3.88562092
918 3567 2.68590723 0.00268590723 3.88562092
918 3567 2.68592077 0.00268592077 3.88562092
918 3567 2.6859382 0.0026859382 3.88562092
918 3567 2.68595079 0.00268595079 3.88562092
918 3567 2.68594037 0.00268594037 3.88562092
918 3567 2.68593526 0.00268593526 3.88562092
918 3567 2.68593827 0.00268593827 3.88562092
917 3559 2.68266507 0.00268266507 3.88113413
917 3559 2.68321507 0.00268321507 3.88113413
917 3559 2.68323602 0.00268323602 3.88113413
917 3559 2.68325222 0.00268325222 3.88113413
917 3559 2.68325786 0.00268325786 3.88113413
917 3559 2.68326693 0.00268326693 3.88113413
917 3559 2.68325519 0.00268325519 3.88113413
917 3559 2.68325377 0.00268325377 3.88113413
917 3559 2.68326017 0.00268326017 3.88113413
917 3559 2.68325692 0.00268325692 3.88113413
916 3551 2.67999091 0.00267999091 3.87663755
916 3554 2.67898734 0.00267898734 3.87991266
916 3553 2.68090038 0.00268090038 3.87882096
916 3548 2.68149418 0.00268149418 3.87336245
916 3548 2.68147081 0.00268147081 3.87336245
916 3548 2.68148391 0.00268148391 3.87336245
916 3548 2.68148325 0.00268148325 3.87336245
916 3548 2.68147414 0.00268147414 3.87336245
916 3548 2.68148275 0.00268148275 3.87336245
916 3548 2.68150084 0.00268150084 3.87336245
915 3541 2.67866435 0.00267866435 3.86994536
915 3541 2.67867754 0.00267867754 3.86994536
915 3543 2.67899974 0.00267899974 3.87213115
915 3543 2.67898711 0.00267898711 3.87213115
915 3543 2.67897262 0.00267897262 3.87213115
915 3543 2.67901316 0.00267901316 3.87213115
915 3543 2.67898376 0.00267898376 3.87213115
915 3543 2.67899094 0.00267899094 3.87213115
915 3543 2.67898302 0.00267898302 3.87213115
915 3543 2.67899122 0.00267899122 3.87213115
914 3539 2.67590358 0.00267590358 3.87199125
914 3539 2.67589724 0.00267589724 3.87199125
914 3539 2.67591086 0.00267591086 3.87199125
914 3539 2.67591995 0.00267591995 3.87199125
914 3539 2.67592693 0.00267592693 3.87199125
914 3539 2.67592559 0.00267592559 3.87199125
914 3539 2.67591176 0.00267591176 3.87199125
914 3539 2.67591047 0.00267591047 3.87199125
914 3539 2.67591355 0.00267591355 3.87199125
914 3539 2.67591169 0.00267591169 3.87199125
913 3531 2.67260447 0.00267260447 3.86746988
913 3533 2.67246902 0.00267246902 3.86966046
913 3530 2.67276879 0.00267276879 3.86637459
913 3530 2.67279726 0.00267279726 3.86637459
913 3530 2.67282216 0.00267282216 3.86637459
913 3530 2.67281184 0.00267281184 3.86637459
913 3530 2.67278928 0.00267278928 3.86637459
913 3530 2.6727965 0.0026727965 3.86637459
913 3530 2.67278873 0.00267278873 3.86637459
913 3530 2.67285503 0.00267285503 3.86637459
912 3523 2.66993564 0.00266993564 3.8629386
912 3523 2.66994109 0.00266994109 3.8629386
912 3526 2.66988913 0.00266988913 3.86622807
912 3522 2.67123417 0.00267123417 3.86184211
912 3522 2.67119842 0.00267119842 3.86184211
912 3522 2.67125238 0.00267125238 3.86184211
912 3522 2.67126076 0.00267126076 3.86184211
912 3522 2.6712212 0.0026712212 3.86184211
912 3522 2.67125061 0.00267125061 3.86184211
912 3522 2.67123442 0.00267123442 3.86184211
911 3515 2.66835453 0.00266835453 3.85839737
911 3515 2.66840875 0.00266840875 3.85839737
911 3515 2.66839821 0.00266839821 3.85839737
911 3515 2.66841278 0.00266841278 3.85839737
911 3515 2.66842412 0.00266842412 3.85839737
911 3515 2.66839612 0.00266839612 3.85839737
911 3515 2.66841718 0.00266841718 3.85839737
911 3515 2.66842395 0.00266842395 3.85839737
911 3515 2.66841791 0.00266841791 3.85839737
911 3515 2.66843202 0.00266843202 3.85839737
910 3506 2.66517054 0.00266517054 3.85274725
910 3511 2.66509603 0.00266509603 3.85824176
910 3511 2.66509511 0.00266509511 3.85824176
910 3511 2.66552943 0.00266552943 3.85824176
910 3511 2.66551838 0.00266551838 3.85824176
910 3511 2.66550112 0.00266550112 3.85824176
910 3511 2.66551332 0.00266551332 3.85824176
910 3511 2.66550882 0.00266550882 3.85824176
910 3511 2.66552191 0.00266552191 3.85824176
910 3511 2.66551012 0.00266551012 3.85824176
909 3502 2.66237865 0.00266237865 3.85258526
909 3507 2.66223599 0.00266223599 3.85808581
909 3507 2.6622118 0.0026622118 3.85808581
909 3505 2.66215033 0.00266215033 3.85588559
909 3505 2.66216964 0.00266216964 3.85588559
909 3505 2.66218545 0.00266218545 3.85588559
909 3505 2.6621666 0.0026621666 3.85588559
909 3505 2.66217366 0.00266217366 3.85588559
909 3502 2.66237045 0.00266237045 3.85258526
909 3502 2.66232422 0.00266232422 3.85258526
908 3498 2.65949475 0.00265949475 3.85242291
908 3498 2.65948789 0.00265948789 3.85242291
908 3498 2.65948457 0.00265948457 3.85242291
908 3498 2.65948997 0.00265948997 3.85242291
908 3498 2.65944911 0.00265944911 3.85242291
908 3498 2.65943448 0.00265943448 3.85242291
908 3498 2.65945421 0.00265945421 3.85242291
908 3498 2.65944866 0.00265944866 3.85242291
908 3498 2.65944889 0.00265944889 3.85242291
908 3498 2.65945239 0.00265945239 3.85242291
907 3491 2.65627447 0.00265627447 3.84895259
907 3494 2.65648646 0.00265648646 3.8522602
907 3491 2.65643421 0.00265643421 3.84895259
907 3491 2.65643536 0.00265643536 3.84895259
907 3491 2.65644918 0.00265644918 3.84895259
907 3494 2.65644129 0.00265644129 3.8522602
907 3494 2.65642743 0.00265642743 3.8522602
907 3494 2.65643019 0.00265643019 3.8522602
907 3494 2.65640414 0.00265640414 3.8522602
907 3494 2.65642478 0.00265642478 3.8522602
906 3487 2.65317876 0.00265317876 3.84878587
906 3487 2.65345473 0.00265345473 3.84878587
906 3487 2.65343816 0.00265343816 3.84878587
906 3487 2.6534621 0.0026534621 3.84878587
906 3487 2.65346919 0.00265346919 3.84878587
906 3487 2.65347304 0.00265347304 3.84878587
906 3487 2.65347744 0.00265347744 3.84878587
906 3487 2.65348445 0.00265348445 3.84878587
906 3487 2.65349326 0.00265349326 3.84878587
906 3487 2.65349895 0.00265349895 3.84878587
905 3479 2.65020335 0.00265020335 3.8441989
905 3480 2.65026226 0.00265026226 3.84530387
905 3480 2.65022953 0.00265022953 3.84530387
905 3480 2.65024773 0.00265024773 3.84530387
905 3480 2.65026138 0.00265026138 3.84530387
905 3480 2.6502687 0.0026502687 3.84530387
905 3480 2.65026952 0.00265026952 3.84530387
905 3480 2.6502225 0.0026502225 3.84530387
905 3480 2.65023863 0.00265023863 3.84530387
905 3480 2.65025282 0.00265025282 3.84530387
904 3476 2.6469636 0.0026469636 3.84513274
904 3471 2.64703037 0.00264703037 3.83960177
904 3472 2.64697231 0.00264697231 3.84070796
904 3476 2.64697423 0.00264697423 3.84513274
904 3471 2.64696944 0.00264696944 3.83960177
904 3469 2.64686033 0.00264686033 3.83738938
904 3469 2.64688132 0.00264688132 3.83738938
904 3471 2.64697948 0.00264697948 3.83960177
904 3471 2.64697977 0.00264697977 3.83960177
904 3471 2.6470253 0.0026470253 3.83960177
903 3467 2.64378691 0.00264378691 3.83942414
903 3462 2.64376169 0.00264376169 3.83388704
903 3463 2.64373643 0.00264373643 3.83499446
903 3467 2.6437892 0.0026437892 3.83942414
903 3467 2.64378676 0.00264378676 3.83942414
903 3467 2.64382117 0.00264382117 3.83942414
903 3467 2.64382526 0.00264382526 3.83942414
903 3468 2.64381572 0.00264381572 3.84053156
903 3467 2.64379487 0.00264379487 3.83942414
902 3458 2.64135229 0.00264135229 3.83370288
901 3449 2.63821689 0.00263821689 3.82796892
901 3449 2.63821168 0.00263821168 3.82796892
901 3449 2.6382056 0.0026382056 3.82796892
901 3451 2.63824844 0.00263824844 3.83018868
901 3449 2.63823366 0.00263823366 3.82796892
901 3451 2.63824791 0.00263824791 3.83018868
901 3451 2.63826307 0.00263826307 3.83018868
901 3451 2.63825208 0.00263825208 3.83018868
901 3451 2.63823326 0.00263823326 3.83018868
901 3451 2.63823382 0.00263823382 3.83018868
900 3442 2.63509829 0.00263509829 3.82444444
900 3443 2.6353158 0.0026353158 3.82555556
900 3443 2.63533576 0.00263533576 3.82555556
900 3443 2.63528934 0.00263528934 3.82555556
900 3443 2.63531636 0.00263531636 3.82555556
900 3443 2.63532039 0.00263532039 3.82555556
900 3443 2.63532898 0.00263532898 3.82555556
900 3443 2.63533323 0.00263533323 3.82555556
900 3443 2.63533699 0.00263533699 3.82555556
900 3443 2.63533982 0.00263533982 3.82555556
899 3438 2.63216484 0.00263216484 3.82424917
899 3438 2.6321584 0.0026321584 3.82424917
899 3438 2.63215437 0.00263215437 3.82424917
899 3436 2.63212673 0.00263212673 3.82202447
899 3437 2.63212967 0.00263212967 3.82313682
899 3437 2.63212762 0.00263212762 3.82313682
899 3437 2.63213861 0.00263213861 3.82313682
899 3437 2.63214676 0.00263214676 3.82313682
899 3437 2.63215043 0.00263215043 3.82313682
899 3437 2.63215487 0.00263215487 3.82313682
898 3430 2.62899625 0.00262899625 3.81959911
898 3430 2.62863761 0.00262863761 3.81959911
898 3430 2.62922271 0.00262922271 3.81959911
898 3432 2.62925349 0.00262925349 3.82182628
898 3430 2.62922063 0.00262922063 3.81959911
898 3429 2.62948889 0.00262948889 3.81848552
898 3429 2.62950958 0.00262950958 3.81848552
898 3429 2.62948555 0.00262948555 3.81848552
898 3429 2.62947667 0.00262947667 3.81848552
898 3429 2.62948123 0.00262948123 3.81848552
897 3424 2.62636773 0.00262636773 3.81716834
897 3424 2.62637416 0.00262637416 3.81716834
897 3424 2.62638046 0.00262638046 3.81716834
897 3424 2.62638798 0.00262638798 3.81716834
897 3424 2.62638848 0.00262638848 3.81716834
897 3424 2.62639599 0.00262639599 3.81716834
897 3424 2.62640331 0.00262640331 3.81716834
897 3424 2.6264108 0.0026264108 3.81716834
897 3424 2.62641699 0.00262641699 3.81716834
897 3424 2.62642161 0.00262642161 3.81716834
896 3416 2.62322771 0.00262322771 3.8125
896 3416 2.62213507 0.00262213507 3.8125
896 3416 2.62322334 0.00262322334 3.8125
896 3415 2.62318194 0.00262318194 3.81138393
896 3415 2.62313563 0.00262313563 3.81138393
896 3415 2.6232018 0.0026232018 3.81138393
896 3415 2.6231839 0.0026231839 3.81138393
896 3415 2.62320845 0.00262320845 3.81138393
896 3415 2.62318228 0.00262318228 3.81138393
896 3415 2.62311735 0.00262311735 3.81138393
895 3407 2.62003394 0.00262003394 3.80670391
895 3407 2.62005985 0.00262005985 3.80670391
895 3407 2.6200635 0.0026200635 3.80670391
895 3407 2.6200146 0.0026200146 3.80670391
895 3407 2.62005915 0.00262005915 3.80670391
895 3407 2.62004611 0.00262004611 3.80670391
895 3407 2.62002795 0.00262002795 3.80670391
895 3407 2.62004497 0.00262004497 3.80670391
895 3407 2.62005684 0.00262005684 3.80670391
895 3407 2.62003691 0.00262003691 3.80670391
894 3399 2.61669149 0.00261669149 3.80201342
894 3402 2.61697887 0.00261697887 3.80536913
894 3402 2.61697423 0.00261697423 3.80536913
894 3402 2.6169679 0.0026169679 3.80536913
894 3402 2.61696615 0.00261696615 3.80536913
894 3402 2.61697186 0.00261697186 3.80536913
894 3402 2.61697229 0.00261697229 3.80536913
894 3402 2.61697612 0.00261697612 3.80536913
894 3402 2.6169726 0.0026169726 3.80536913
894 3402 2.61697742 0.00261697742 3.80536913
893 3398 2.61355992 0.00261355992 3.80515118
893 3394 2.61376643 0.00261376643 3.80067189
893 3394 2.61376523 0.00261376523 3.80067189
893 3394 2.61376114 0.00261376114 3.80067189
893 3394 2.61376507 0.00261376507 3.80067189
893 3394 2.61377457 0.00261377457 3.80067189
893 3394 2.61377696 0.00261377696 3.80067189
893 3394 2.61377433 0.00261377433 3.80067189
893 3394 2.61377469 0.00261377469 3.80067189
893 3394 2.61377914 0.00261377914 3.80067189
892 3390 2.61038531 0.00261038531 3.80044843
892 3386 2.61048781 0.00261048781 3.79596413
892 3386 2.61047191 0.00261047191 3.79596413
892 3386 2.6104632 0.0026104632 3.79596413
892 3386 2.61046486 0.00261046486 3.79596413
892 3386 2.61046929 0.00261046929 3.79596413
892 3386 2.61047345 0.00261047345 3.79596413
892 3386 2.61047285 0.00261047285 3.79596413
892 3386 2.61047417 0.00261047417 3.79596413
892 3386 2.61047727 0.00261047727 3.79596413
891 3382 2.60710003 0.00260710003 3.79573513
891 3380 2.60677449 0.00260677449 3.79349046
891 3384 2.61005077 0.00261005077 3.7979798
891 3384 2.6100326 0.0026100326 3.7979798
891 3384 2.61003942 0.00261003942 3.7979798
891 3384 2.61006233 0.00261006233 3.7979798
891 3384 2.61005442 0.00261005442 3.7979798
891 3384 2.6100425 0.0026100425 3.7979798
891 3384 2.61005024 0.00261005024 3.7979798
891 3384 2.61004924 0.00261004924 3.7979798
890 3376 2.60677625 0.00260677625 3.79325843
890 3376 2.60677353 0.00260677353 3.79325843
890 3376 2.60678529 0.00260678529 3.79325843
890 3378 2.60624059 0.00260624059 3.79550562
890 3378 2.60699897 0.00260699897 3.79550562
890 3377 2.60704769 0.00260704769 3.79438202
890 3377 2.6070761 0.0026070761 3.79438202
890 3377 2.60707012 0.00260707012 3.79438202
890 3377 2.60706651 0.00260706651 3.79438202
890 3377 2.6071207 0.0026071207 3.79438202
889 3369 2.60399654 0.00260399654 3.78965129
889 3369 2.60403828 0.00260403828 3.78965129
889 3369 2.60404082 0.00260404082 3.78965129
889 3369 2.60401589 0.00260401589 3.78965129
889 3369 2.60401784 0.00260401784 3.78965129
889 3369 2.60400131 0.00260400131 3.78965129
889 3369 2.60398937 0.00260398937 3.78965129
889 3369 2.60398853 0.00260398853 3.78965129
889 3369 2.6040365 0.0026040365 3.78965129
889 3369 2.60398751 0.00260398751 3.78965129
888 3361 2.60090054 0.00260090054 3.78490991
888 3361 2.60090037 0.00260090037 3.78490991
888 3361 2.60091839 0.00260091839 3.78490991
888 3361 2.60090193 0.00260090193 3.78490991
888 3361 2.60095505 0.00260095505 3.78490991
888 3361 2.6009154 0.0026009154 3.78490991
888 3361 2.60093131 0.00260093131 3.78490991
888 3361 2.6009414 0.0026009414 3.78490991
888 3361 2.60093921 0.00260093921 3.78490991
888 3361 2.60090348 0.00260090348 3.78490991
887 3357 2.59743496 0.00259743496 3.78466742
887 3357 2.59745609 0.00259745609 3.78466742
887 3357 2.59742562 0.00259742562 3.78466742
887 3357 2.59741229 0.00259741229 3.78466742
887 3357 2.59741415 0.00259741415 3.78466742
887 3357 2.59742748 0.00259742748 3.78466742
887 3357 2.59742895 0.00259742895 3.78466742
887 3357 2.59743502 0.00259743502 3.78466742
887 3357 2.597429 0.002597429 3.78466742
887 3357 2.59743012 0.00259743012 3.78466742
886 3353 2.59384347 0.00259384347 3.78442438
886 3353 2.59384593 0.00259384593 3.78442438
886 3353 2.59385591 0.00259385591 3.78442438
886 3347 2.59395167 0.00259395167 3.77765237
886 3347 2.5939137 0.0025939137 3.77765237
886 3347 2.59390516 0.00259390516 3.77765237
886 3347 2.59389441 0.00259389441 3.77765237
886 3351 2.59406354 0.00259406354 3.78216704
886 3351 2.59406538 0.00259406538 3.78216704
886 3351 2.59404485 0.00259404485 3.78216704
885 3347 2.59047901 0.00259047901 3.7819209
885 3347 2.59048185 0.00259048185 3.7819209
885 3348 2.59047823 0.00259047823 3.78305085
885 3347 2.59049008 0.00259049008 3.7819209
885 3348 2.59050317 0.00259050317 3.78305085
885 3348 2.59050081 0.00259050081 3.78305085
885 3348 2.59048913 0.00259048913 3.78305085
885 3348 2.59051538 0.00259051538 3.78305085
885 3347 2.59050288 0.00259050288 3.7819209
885 3344 2.59049914 0.00259049914 3.77853107
884 3341 2.58700386 0.00258700386 3.77941176
884 3341 2.58697427 0.00258697427 3.77941176
884 3338 2.58668437 0.00258668437 3.7760181
884 3341 2.58696916 0.00258696916 3.77941176
884 3341 2.58698658 0.00258698658 3.77941176
884 3341 2.58698878 0.00258698878 3.77941176
884 3341 2.5870303 0.0025870303 3.77941176
884 3344 2.58695388 0.00258695388 3.78280543
884 3344 2.58697842 0.00258697842 3.78280543
884 3344 2.58697567 0.00258697567 3.78280543
883 3338 2.58343876 0.00258343876 3.78029445
883 3337 2.58358418 0.00258358418 3.77916195
883 3337 2.58358018 0.00258358018 3.77916195
883 3337 2.58356255 0.00258356255 3.77916195
883 3337 2.58355126 0.00258355126 3.77916195
883 3337 2.58356394 0.00258356394 3.77916195
883 3337 2.58357222 0.00258357222 3.77916195
883 3337 2.58358607 0.00258358607 3.77916195
883 3337 2.58357243 0.00258357243 3.77916195
883 3337 2.58358627 0.00258358627 3.77916195
882 3331 2.58006819 0.00258006819 3.77664399
882 3331 2.58008189 0.00258008189 3.77664399
882 3327 2.58012533 0.00258012533 3.77210884
882 3327 2.580098 0.002580098 3.77210884
882 3327 2.58009168 0.00258009168 3.77210884
882 3327 2.58010425 0.00258010425 3.77210884
882 3327 2.5801018 0.0025801018 3.77210884
882 3327 2.58014141 0.00258014141 3.77210884
882 3327 2.58016635 0.00258016635 3.77210884
882 3327 2.58008304 0.00258008304 3.77210884
881 3321 2.57658033 0.00257658033 3.76958002
881 3321 2.57660333 0.00257660333 3.76958002
881 3321 2.57661272 0.00257661272 3.76958002
881 3321 2.57661922 0.00257661922 3.76958002
881 3321 2.57661298 0.00257661298 3.76958002
881 3321 2.57663671 0.00257663671 3.76958002
881 3321 2.57660056 0.00257660056 3.76958002
881 3321 2.57661456 0.00257661456 3.76958002
881 3321 2.57657534 0.00257657534 3.76958002
881 3321 2.57661118 0.00257661118 3.76958002
880 3307 2.57296703 0.00257296703 3.75795455
880 3315 2.57305274 0.00257305274 3.76704545
880 3315 2.5729754 0.0025729754 3.76704545
880 3312 2.57299098 0.00257299098 3.76363636
880 3312 2.5730304 0.0025730304 3.76363636
880 3312 2.57311707 0.00257311707 3.76363636
880 3312 2.57306493 0.00257306493 3.76363636
880 3312 2.57300965 0.00257300965 3.76363636
880 3312 2.57309488 0.00257309488 3.76363636
880 3312 2.57296412 0.00257296412 3.76363636
879 3304 2.56933993 0.00256933993 3.75881684
879 3303 2.56937466 0.00256937466 3.75767918
879 3298 2.56942953 0.00256942953 3.7519909
879 3298 2.56935486 0.00256935486 3.7519909
879 3304 2.5694824 0.0025694824 3.75881684
879 3304 2.56930667 0.00256930667 3.75881684
879 3299 2.56929292 0.00256929292 3.75312856
879 3304 2.56937256 0.00256937256 3.75881684
879 3304 2.5693551 0.0025693551 3.75881684
879 3304 2.56932428 0.00256932428 3.75881684
878 3292 2.56571816 0.00256571816 3.74943052
878 3300 2.56576814 0.00256576814 3.75854214
878 3290 2.56576733 0.00256576733 3.74715262
878 3290 2.56580173 0.00256580173 3.74715262
878 3290 2.56573727 0.00256573727 3.74715262
878 3290 2.5657853 0.0025657853 3.74715262
878 3294 2.5655336 0.0025655336 3.75170843
878 3300 2.5657703 0.0025657703 3.75854214
878 3298 2.56539511 0.00256539511 3.75626424
878 3300 2.56583337 0.00256583337 3.75854214
877 3291 2.56250884 0.00256250884 3.75256556
877 3286 2.5623083 0.0025623083 3.74686431
877 3291 2.5625548 0.0025625548 3.75256556
877 3291 2.5625299 0.0025625299 3.75256556
877 3291 2.56252033 0.00256252033 3.75256556
877 3295 2.5627216 0.0025627216 3.75712657
877 3289 2.56282308 0.00256282308 3.75028506
877 3289 2.56278305 0.00256278305 3.75028506
877 3289 2.56138214 0.00256138214 3.75028506
877 3289 2.56135862 0.00256135862 3.75028506
876 3285 2.5594743 0.0025594743 3.75
876 3285 2.55944322 0.00255944322 3.75
876 3285 2.55943214 0.00255943214 3.75
876 3285 2.55943062 0.00255943062 3.75
876 3285 2.55947483 0.00255947483 3.75
876 3285 2.55945743 0.00255945743 3.75
876 3285 2.55943832 0.00255943832 3.75
876 3285 2.5594218 0.0025594218 3.75
876 3285 2.5594643 0.0025594643 3.75
876 3285 2.55940955 0.00255940955 3.75
875 3273 2.5559815 0.0025559815 3.74057143
875 3273 2.55595095 0.00255595095 3.74057143
875 3273 2.55597081 0.00255597081 3.74057143
875 3273 2.55596064 0.00255596064 3.74057143
875 3273 2.55596316 0.00255596316 3.74057143
875 3273 2.55595832 0.00255595832 3.74057143
875 3273 2.55591518 0.00255591518 3.74057143
875 3273 2.55595626 0.00255595626 3.74057143
875 3273 2.55591884 0.00255591884 3.74057143
875 3271 2.55600802 0.00255600802 3.73828571
874 3268 2.55232941 0.00255232941 3.73913043
874 3265 2.55226871 0.00255226871 3.73569794
874 3276 2.55236079 0.00255236079 3.74828375
874 3276 2.55235006 0.00255235006 3.74828375
874 3276 2.55236721 0.00255236721 3.74828375
874 3276 2.55233956 0.00255233956 3.74828375
874 3276 2.55234437 0.00255234437 3.74828375
874 3276 2.55234737 0.00255234737 3.74828375
874 3276 2.55234035 0.00255234035 3.74828375
874 3276 2.55233664 0.00255233664 3.74828375
873 3269 2.54878739 0.00254878739 3.74455899
873 3269 2.5488133 0.0025488133 3.74455899
873 3264 2.54882718 0.00254882718 3.73883162
873 3264 2.5488842 0.0025488842 3.73883162
873 3264 2.54886709 0.00254886709 3.73883162
873 3264 2.54887652 0.00254887652 3.73883162
873 3264 2.54886561 0.00254886561 3.73883162
873 3264 2.54885259 0.00254885259 3.73883162
873 3264 2.54885034 0.00254885034 3.73883162
873 3262 2.54892871 0.00254892871 3.73654066
872 3252 2.54535038 0.00254535038 3.7293578
872 3252 2.54533925 0.00254533925 3.7293578
872 3252 2.54533592 0.00254533592 3.7293578
872 3252 2.54532648 0.00254532648 3.7293578
872 3252 2.54534294 0.00254534294 3.7293578
872 3252 2.54536218 0.00254536218 3.7293578
872 3250 2.54546829 0.00254546829 3.72706422
872 3250 2.54544372 0.00254544372 3.72706422
872 3250 2.54546385 0.00254546385 3.72706422
872 3250 2.54545685 0.00254545685 3.72706422
871 3240 2.5418821 0.0025418821 3.71986223
871 3240 2.54186668 0.00254186668 3.71986223
871 3240 2.54183293 0.00254183293 3.71986223
871 3240 2.54181096 0.00254181096 3.71986223
871 3240 2.54178586 0.00254178586 3.71986223
871 3240 2.54175238 0.00254175238 3.71986223
871 3240 2.54172529 0.00254172529 3.71986223
871 3240 2.54169669 0.00254169669 3.71986223
871 3240 2.54167266 0.00254167266 3.71986223
871 3240 2.54165068 0.00254165068 3.71986223
870 3233 2.53802968 0.00253802968 3.71609195
870 3232 2.53782777 0.00253782777 3.71494253
870 3235 2.53804056 0.00253804056 3.7183908
870 3235 2.53835118 0.00253835118 3.7183908
870 3233 2.53831545 0.00253831545 3.71609195
870 3233 2.53835044 0.00253835044 3.71609195
870 3233 2.53810621 0.00253810621 3.71609195
870 3236 2.53807326 0.00253807326 3.71954023
870 3236 2.53834521 0.00253834521 3.71954023
870 3238 2.53836639 0.00253836639 3.72183908
869 3226 2.53485995 0.00253485995 3.712313
869 3226 2.53492009 0.00253492009 3.712313
869 3226 2.53472463 0.00253472463 3.712313
869 3226 2.53472107 0.00253472107 3.712313
869 3226 2.53486827 0.00253486827 3.712313
869 3226 2.53485221 0.00253485221 3.712313
869 3226 2.53486065 0.00253486065 3.712313
869 3226 2.53480099 0.00253480099 3.712313
869 3226 2.53487976 0.00253487976 3.712313
869 3226 2.5347865 0.0025347865 3.712313
868 3218 2.53145516 0.00253145516 3.70737327
868 3218 2.53130693 0.00253130693 3.70737327
868 3216 2.53058193 0.00253058193 3.70506912
868 3219 2.53057734 0.00253057734 3.70852535
868 3219 2.53056403 0.00253056403 3.70852535
868 3219 2.53066299 0.00253066299 3.70852535
868 3219 2.53067621 0.00253067621 3.70852535
868 3219 2.53060968 0.00253060968 3.70852535
868 3219 2.53066392 0.00253066392 3.70852535
868 3219 2.53063932 0.00253063932 3.70852535
867 3212 2.52707177 0.00252707177 3.70472895
867 3211 2.52790063 0.00252790063 3.70357555
867 3211 2.52796375 0.00252796375 3.70357555
867 3211 2.52791655 0.00252791655 3.70357555
867 3211 2.52790279 0.00252790279 3.70357555
867 3211 2.52786977 0.00252786977 3.70357555
867 3211 2.52792545 0.00252792545 3.70357555
867 3211 2.52789873 0.00252789873 3.70357555
867 3211 2.52789166 0.00252789166 3.70357555
867 3211 2.52791377 0.00252791377 3.70357555
866 3204 2.52439884 0.00252439884 3.69976905
866 3201 2.52449965 0.00252449965 3.69630485
866 3201 2.52450109 0.00252450109 3.69630485
866 3201 2.5245359 0.0025245359 3.69630485
866 3201 2.52450368 0.00252450368 3.69630485
866 3201 2.52452464 0.00252452464 3.69630485
866 3201 2.52451911 0.00252451911 3.69630485
866 3201 2.52452153 0.00252452153 3.69630485
866 3201 2.52451757 0.00252451757 3.69630485
866 3201 2.52450882 0.00252450882 3.69630485
865 3194 2.52102746 0.00252102746 3.69248555
864 3190 2.51936325 0.00251936325 3.69212963
864 3190 2.51930585 0.00251930585 3.69212963
864 3190 2.51933392 0.00251933392 3.69212963
864 3190 2.5193523 0.0025193523 3.69212963
864 3190 2.5193297 0.0025193297 3.69212963
864 3190 2.51933168 0.00251933168 3.69212963
864 3190 2.51934551 0.00251934551 3.69212963
864 3190 2.51933122 0.00251933122 3.69212963
864 3190 2.51931672 0.00251931672 3.69212963
863 3180 2.51575633 0.00251575633 3.68482039
863 3183 2.5176463 0.0025176463 3.68829664
863 3183 2.51765163 0.00251765163 3.68829664
863 3183 2.51764502 0.00251764502 3.68829664
863 3183 2.51765349 0.00251765349 3.68829664
863 3183 2.51767292 0.00251767292 3.68829664
863 3183 2.51764029 0.00251764029 3.68829664
863 3183 2.51763641 0.00251763641 3.68829664
863 3183 2.51765249 0.00251765249 3.68829664
863 3182 2.5163782 0.0025163782 3.68713789
862 3172 2.51280639 0.00251280639 3.67981439
862 3172 2.51279042 0.00251279042 3.67981439
862 3180 2.51279504 0.00251279504 3.68909513
862 3176 2.51416594 0.00251416594 3.68445476
862 3176 2.51418934 0.00251418934 3.68445476
862 3176 2.51420987 0.00251420987 3.68445476
862 3176 2.51419912 0.00251419912 3.68445476
862 3176 2.51419459 0.00251419459 3.68445476
862 3176 2.51420549 0.00251420549 3.68445476
862 3176 2.51420017 0.00251420017 3.68445476
861 3174 2.51062015 0.00251062015 3.68641115
861 3174 2.51064908 0.00251064908 3.68641115
861 3174 2.51063095 0.00251063095 3.68641115
861 3166 2.51064979 0.00251064979 3.67711963
861 3166 2.5106131 0.0025106131 3.67711963
861 3166 2.51065724 0.00251065724 3.67711963
861 3166 2.51063678 0.00251063678 3.67711963
861 3166 2.51064654 0.00251064654 3.67711963
861 3166 2.51064444 0.00251064444 3.67711963
861 3166 2.51064655 0.00251064655 3.67711963
860 3160 2.50694876 0.00250694876 3.6744186
860 3157 2.50723863 0.00250723863 3.67093023
860 3157 2.50724238 0.00250724238 3.67093023
860 3157 2.50724215 0.00250724215 3.67093023
860 3157 2.50723767 0.00250723767 3.67093023
860 3157 2.50723845 0.00250723845 3.67093023
860 3157 2.50723208 0.00250723208 3.67093023
860 3157 2.50722777 0.00250722777 3.67093023
860 3157 2.50722835 0.00250722835 3.67093023
860 3157 2.50722582 0.00250722582 3.67093023
859 3151 2.5036191 0.0025036191 3.66821886
859 3155 2.50373063 0.00250373063 3.67287544
859 3155 2.5037062 0.0025037062 3.67287544
859 3159 2.50312507 0.00250312507 3.67753201
859 3151 2.50363001 0.00250363001 3.66821886
859 3149 2.50211933 0.00250211933 3.66589057
859 3150 2.50420711 0.00250420711 3.66705471
859 3150 2.50419186 0.00250419186 3.66705471
859 3150 2.50406695 0.00250406695 3.66705471
859 3150 2.50418147 0.00250418147 3.66705471
858 3143 2.50078028 0.00250078028 3.66317016
858 3143 2.50079427 0.00250079427 3.66317016
858 3143 2.50078884 0.00250078884 3.66317016
858 3143 2.50079309 0.00250079309 3.66317016
858 3143 2.50075633 0.00250075633 3.66317016
858 3143 2.50080174 0.00250080174 3.66317016
858 3143 2.50078201 0.00250078201 3.66317016
858 3143 2.50080987 0.00250080987 3.66317016
858 3143 2.50077135 0.00250077135 3.66317016
858 3143 2.50081387 0.00250081387 3.66317016
857 3140 2.49717016 0.00249717016 3.66394399
857 3141 2.49738555 0.00249738555 3.66511085
857 3139 2.49728198 0.00249728198 3.66277713
857 3141 2.49726188 0.00249726188 3.66511085
857 3141 2.49731485 0.00249731485 3.66511085
857 3141 2.49731059 0.00249731059 3.66511085
857 3141 2.49725967 0.00249725967 3.66511085
857 3141 2.49727138 0.00249727138 3.66511085
857 3141 2.49730117 0.00249730117 3.66511085
857 3141 2.49730434 0.00249730434 3.66511085
856 3138 2.49375368 0.00249375368 3.66588785
856 3138 2.49377631 0.00249377631 3.66588785
856 3137 2.49377641 0.00249377641 3.66471963
856 3137 2.49379678 0.00249379678 3.66471963
856 3137 2.49382636 0.00249382636 3.66471963
856 3137 2.49374897 0.00249374897 3.66471963
856 3137 2.49392888 0.00249392888 3.66471963
856 3137 2.49376163 0.00249376163 3.66471963
856 3137 2.49388402 0.00249388402 3.66471963
856 3137 2.49382228 0.00249382228 3.66471963
855 3134 2.49037266 0.00249037266 3.66549708
855 3134 2.49030967 0.00249030967 3.66549708
855 3134 2.49029367 0.00249029367 3.66549708
855 3134 2.49031353 0.00249031353 3.66549708
855 3134 2.49025223 0.00249025223 3.66549708
855 3134 2.4902749 0.0024902749 3.66549708
855 3134 2.490295 0.002490295 3.66549708
855 3134 2.49028496 0.00249028496 3.66549708
855 3134 2.49025834 0.00249025834 3.66549708
855 3134 2.49030173 0.00249030173 3.66549708
854 3129 2.48649663 0.00248649663 3.66393443
854 3128 2.48670222 0.00248670222 3.66276347
854 3128 2.48672263 0.00248672263 3.66276347
854 3128 2.4867302 0.0024867302 3.66276347
854 3128 2.48674016 0.00248674016 3.66276347
854 3128 2.48677314 0.00248677314 3.66276347
854 3128 2.48679332 0.00248679332 3.66276347
854 3128 2.4867949 0.0024867949 3.66276347
854 3128 2.48682035 0.00248682035 3.66276347
854 3131 2.48670123 0.00248670123 3.66627635
853 3126 2.48296968 0.00248296968 3.66471278
853 3126 2.48300712 0.00248300712 3.66471278
853 3125 2.48310731 0.00248310731 3.66354045
853 3125 2.4831473 0.0024831473 3.66354045
853 3125 2.48316145 0.00248316145 3.66354045
853 3125 2.48314976 0.00248314976 3.66354045
853 3125 2.48318281 0.00248318281 3.66354045
853 3125 2.4831887 0.0024831887 3.66354045
853 3125 2.48320859 0.00248320859 3.66354045
853 3125 2.48322262 0.00248322262 3.66354045
852 3120 2.47957415 0.00247957415 3.66197183
852 3120 2.47946273 0.00247946273 3.66197183
852 3120 2.47945719 0.00247945719 3.66197183
852 3120 2.47946084 0.00247946084 3.66197183
852 3120 2.47945501 0.00247945501 3.66197183
852 3120 2.47946998 0.00247946998 3.66197183
852 3120 2.47952467 0.00247952467 3.66197183
852 3120 2.47946857 0.00247946857 3.66197183
852 3120 2.47947603 0.00247947603 3.66197183
852 3120 2.47947564 0.00247947564 3.66197183
851 3115 2.47570111 0.00247570111 3.66039953
851 3116 2.47582248 0.00247582248 3.66157462
851 3114 2.475707 0.002475707 3.65922444
851 3114 2.47573015 0.00247573015 3.65922444
851 3114 2.47575276 0.00247575276 3.65922444
851 3114 2.47572488 0.00247572488 3.65922444
851 3114 2.47570529 0.00247570529 3.65922444
851 3114 2.47569772 0.00247569772 3.65922444
851 3114 2.47568355 0.00247568355 3.65922444
851 3114 2.47567702 0.00247567702 3.65922444
850 3109 2.47191864 0.00247191864 3.65764706
850 3109 2.4719498 0.0024719498 3.65764706
850 3109 2.47198113 0.00247198113 3.65764706
850 3109 2.47198485 0.00247198485 3.65764706
850 3109 2.47199703 0.00247199703 3.65764706
850 3109 2.47200085 0.00247200085 3.65764706
850 3109 2.47200042 0.00247200042 3.65764706
850 3109 2.47199624 0.00247199624 3.65764706
850 3109 2.47199143 0.00247199143 3.65764706
850 3109 2.47198778 0.00247198778 3.65764706
849 3104 2.46811583 0.00246811583 3.65606596
849 3105 2.46826374 0.00246826374 3.65724382
849 3105 2.46825428 0.00246825428 3.65724382
849 3105 2.4682625 0.0024682625 3.65724382
849 3105 2.46855299 0.00246855299 3.65724382
849 3104 2.46851472 0.00246851472 3.65606596
849 3105 2.4685416 0.0024685416 3.65724382
849 3105 2.46855965 0.00246855965 3.65724382
849 3105 2.46853648 0.00246853648 3.65724382
849 3104 2.46855986 0.00246855986 3.65606596
848 3100 2.46484152 0.00246484152 3.65566038
848 3100 2.46489849 0.00246489849 3.65566038
848 3100 2.46487824 0.00246487824 3.65566038
848 3100 2.46488828 0.00246488828 3.65566038
848 3100 2.46488052 0.00246488052 3.65566038
848 3100 2.46487952 0.00246487952 3.65566038
848 3100 2.46488707 0.00246488707 3.65566038
848 3100 2.46487768 0.00246487768 3.65566038
848 3100 2.46487932 0.00246487932 3.65566038
848 3100 2.4648819 0.0024648819 3.65566038
847 3094 2.46092434 0.00246092434 3.65289256
847 3094 2.46093342 0.00246093342 3.65289256
847 3094 2.46092211 0.00246092211 3.65289256
847 3095 2.46113037 0.00246113037 3.6540732
847 3095 2.46115387 0.00246115387 3.6540732
847 3095 2.4611686 0.0024611686 3.6540732
847 3095 2.46116173 0.00246116173 3.6540732
847 3095 2.46114263 0.00246114263 3.6540732
847 3095 2.46113548 0.00246113548 3.6540732
847 3095 2.46112611 0.00246112611 3.6540732
846 3087 2.45715589 0.00245715589 3.64893617
846 3089 2.45553488 0.00245553488 3.65130024
846 3087 2.45715846 0.00245715846 3.64893617
846 3087 2.45715505 0.00245715505 3.64893617
846 3087 2.45715157 0.00245715157 3.64893617
846 3087 2.45716274 0.00245716274 3.64893617
846 3087 2.45715028 0.00245715028 3.64893617
846 3087 2.45716482 0.00245716482 3.64893617
846 3087 2.45716044 0.00245716044 3.64893617
846 3087 2.4571725 0.0024571725 3.64893617
845 3081 2.45328323 0.00245328323 3.64615385
845 3081 2.453283 0.002453283 3.64615385
845 3081 2.45329044 0.00245329044 3.64615385
845 3081 2.45325997 0.00245325997 3.64615385
845 3081 2.45325112 0.00245325112 3.64615385
845 3081 2.4532924 0.0024532924 3.64615385
845 3081 2.45328012 0.00245328012 3.64615385
845 3081 2.45328344 0.00245328344 3.64615385
845 3081 2.45327799 0.00245327799 3.64615385
845 3081 2.45327386 0.00245327386 3.64615385
844 3075 2.44940149 0.00244940149 3.64336493
844 3075 2.44941259 0.00244941259 3.64336493
844 3075 2.44939322 0.00244939322 3.64336493
844 3073 2.44937491 0.00244937491 3.64099526
844 3073 2.44936743 0.00244936743 3.64099526
844 3075 2.44940093 0.00244940093 3.64336493
844 3075 2.44877155 0.00244877155 3.64336493
844 3075 2.44996747 0.00244996747 3.64336493
844 3075 2.44996621 0.00244996621 3.64336493
844 3075 2.44995985 0.00244995985 3.64336493
843 3069 2.44611085 0.00244611085 3.6405694
843 3069 2.44609928 0.00244609928 3.6405694
843 3068 2.44667671 0.00244667671 3.63938316
843 3068 2.4466806 0.0024466806 3.63938316
843 3068 2.44668514 0.00244668514 3.63938316
843 3068 2.44664401 0.00244664401 3.63938316
843 3068 2.44664188 0.00244664188 3.63938316
843 3068 2.4466412 0.0024466412 3.63938316
843 3068 2.44662468 0.00244662468 3.63938316
843 3068 2.44663735 0.00244663735 3.63938316
842 3059 2.4427315 0.0024427315 3.63301663
842 3061 2.44283706 0.00244283706 3.63539192
842 3061 2.44284735 0.00244284735 3.63539192
842 3061 2.44275755 0.00244275755 3.63539192
842 3062 2.4412403 0.0024412403 3.63657957
842 3062 2.44127589 0.00244127589 3.63657957
842 3062 2.44123454 0.00244123454 3.63657957
842 3062 2.44124945 0.00244124945 3.63657957
842 3062 2.44123887 0.00244123887 3.63657957
842 3062 2.44124855 0.00244124855 3.63657957
841 3056 2.43741312 0.00243741312 3.63376932
841 3054 2.43745136 0.00243745136 3.6313912
841 3054 2.43743412 0.00243743412 3.6313912
841 3056 2.43743279 0.00243743279 3.63376932
841 3054 2.43741488 0.00243741488 3.6313912
841 3054 2.43744198 0.00243744198 3.6313912
841 3054 2.4374201 0.0024374201 3.6313912
841 3054 2.4374209 0.0024374209 3.6313912
841 3054 2.43742291 0.00243742291 3.6313912
841 3054 2.43742931 0.00243742931 3.6313912
840 3048 2.43361967 0.00243361967 3.62857143
840 3048 2.43364385 0.00243364385 3.62857143
840 3048 2.43360045 0.00243360045 3.62857143
840 3048 2.43361994 0.00243361994 3.62857143
840 3048 2.43361527 0.00243361527 3.62857143
840 3048 2.43359816 0.00243359816 3.62857143
840 3048 2.43361126 0.00243361126 3.62857143
840 3048 2.43359988 0.00243359988 3.62857143
840 3048 2.43361599 0.00243361599 3.62857143
840 3048 2.43360353 0.00243360353 3.62857143
839 3040 2.42978626 0.00242978626 3.62336114
839 3040 2.42977439 0.00242977439 3.62336114
839 3040 2.42973253 0.00242973253 3.62336114
839 3042 2.42976044 0.00242976044 3.62574493
839 3040 2.42972383 0.00242972383 3.62336114
839 3040 2.42967323 0.00242967323 3.62336114
839 3040 2.42973986 0.00242973986 3.62336114
839 3042 2.42929267 0.00242929267 3.62574493
839 3039 2.42939209 0.00242939209 3.62216925
839 3042 2.42971442 0.00242971442 3.62574493
838 3034 2.42594623 0.00242594623 3.62052506
838 3034 2.42595774 0.00242595774 3.62052506
838 3034 2.42596432 0.00242596432 3.62052506
838 3034 2.42595334 0.00242595334 3.62052506
838 3034 2.42596334 0.00242596334 3.62052506
838 3034 2.42595919 0.00242595919 3.62052506
838 3034 2.42595458 0.00242595458 3.62052506
838 3034 2.42596787 0.00242596787 3.62052506
838 3034 2.4259645 0.0024259645 3.62052506
838 3034 2.42596231 0.00242596231 3.62052506
837 3027 2.42210335 0.00242210335 3.61648746
837 3027 2.42212019 0.00242212019 3.61648746
837 3027 2.42210941 0.00242210941 3.61648746
837 3027 2.42211216 0.00242211216 3.61648746
837 3027 2.42211058 0.00242211058 3.61648746
837 3027 2.42210543 0.00242210543 3.61648746
837 3027 2.42211052 0.00242211052 3.61648746
837 3027 2.4221089 0.0024221089 3.61648746
837 3027 2.42210408 0.00242210408 3.61648746
837 3027 2.42210558 0.00242210558 3.61648746
836 3020 2.41820257 0.00241820257 3.61244019
836 3023 2.41801175 0.00241801175 3.61602871
836 3025 2.42017943 0.00242017943 3.61842105
836 3024 2.42216264 0.00242216264 3.61722488
836 3024 2.42206325 0.00242206325 3.61722488
836 3024 2.42212358 0.00242212358 3.61722488
836 3024 2.42217478 0.00242217478 3.61722488
836 3024 2.42212377 0.00242212377 3.61722488
836 3023 2.42186397 0.00242186397 3.61602871
836 3023 2.42192812 0.00242192812 3.61602871
835 3017 2.41842282 0.00241842282 3.61317365
835 3019 2.41793528 0.00241793528 3.61556886
835 3019 2.4179354 0.0024179354 3.61556886
835 3019 2.41793725 0.00241793725 3.61556886
835 3019 2.4179227 0.0024179227 3.61556886
835 3019 2.41794512 0.00241794512 3.61556886
835 3019 2.41794286 0.00241794286 3.61556886
835 3019 2.41794268 0.00241794268 3.61556886
835 3019 2.41794568 0.00241794568 3.61556886
835 3019 2.41794873 0.00241794873 3.61556886
834 3012 2.41396386 0.00241396386 3.61151079
834 3011 2.41470341 0.00241470341 3.61031175
834 3011 2.41470852 0.00241470852 3.61031175
834 3011 2.41475004 0.00241475004 3.61031175
834 3011 2.4147417 0.0024147417 3.61031175
834 3011 2.41469939 0.00241469939 3.61031175
834 3011 2.4146578 0.0024146578 3.61031175
834 3011 2.41475162 0.00241475162 3.61031175
834 3011 2.41475351 0.00241475351 3.61031175
834 3011 2.41474833 0.00241474833 3.61031175
833 3002 2.41074613 0.00241074613 3.60384154
833 3003 2.41085993 0.00241085993 3.60504202
833 3003 2.41086968 0.00241086968 3.60504202
833 3003 2.41083677 0.00241083677 3.60504202
833 3003 2.41078654 0.00241078654 3.60504202
833 3003 2.41076336 0.00241076336 3.60504202
833 3003 2.41077414 0.00241077414 3.60504202
833 3003 2.4107864 0.0024107864 3.60504202
833 3003 2.4107879 0.0024107879 3.60504202
833 3003 2.41079423 0.00241079423 3.60504202
832 2994 2.40688001 0.00240688001 3.59855769
832 2995 2.40692475 0.00240692475 3.59975962
832 2994 2.40691404 0.00240691404 3.59855769
832 2995 2.40695031 0.00240695031 3.59975962
832 2995 2.40692543 0.00240692543 3.59975962
832 2995 2.40698717 0.00240698717 3.59975962
832 2995 2.40695913 0.00240695913 3.59975962
832 2995 2.40695179 0.00240695179 3.59975962
832 2995 2.40694093 0.00240694093 3.59975962
832 2995 2.40693919 0.00240693919 3.59975962
831 2986 2.40302947 0.00240302947 3.59326113
831 2988 2.40305975 0.00240305975 3.59566787
831 2988 2.40304066 0.00240304066 3.59566787
831 2988 2.40305227 0.00240305227 3.59566787
831 2988 2.40301007 0.00240301007 3.59566787
831 2988 2.40299986 0.00240299986 3.59566787
831 2988 2.40299576 0.00240299576 3.59566787
831 2988 2.40301804 0.00240301804 3.59566787
831 2988 2.40303042 0.00240303042 3.59566787
831 2988 2.40303844 0.00240303844 3.59566787
830 2979 2.39912397 0.00239912397 3.58915663
830 2979 2.3991001 0.0023991001 3.58915663
830 2977 2.39906277 0.00239906277 3.58674699
830 2979 2.39911386 0.00239911386 3.58915663
830 2979 2.39914446 0.00239914446 3.58915663
830 2977 2.39908046 0.00239908046 3.58674699
830 2975 2.39911373 0.00239911373 3.58433735
830 2975 2.39915124 0.00239915124 3.58433735
830 2975 2.39912329 0.00239912329 3.58433735
830 2975 2.39913314 0.00239913314 3.58433735
829 2968 2.39525259 0.00239525259 3.58021713
829 2968 2.39521266 0.00239521266 3.58021713
829 2968 2.39525169 0.00239525169 3.58021713
829 2970 2.39520055 0.00239520055 3.58262967
829 2968 2.39521911 0.00239521911 3.58021713
829 2968 2.39523626 0.00239523626 3.58021713
829 2968 2.39524888 0.00239524888 3.58021713
829 2968 2.39524925 0.00239524925 3.58021713
829 2968 2.39524176 0.00239524176 3.58021713
829 2968 2.39524564 0.00239524564 3.58021713
828 2963 2.39132641 0.00239132641 3.57850242
828 2959 2.39145423 0.00239145423 3.5736715
828 2959 2.39152343 0.00239152343 3.5736715
828 2959 2.39152499 0.00239152499 3.5736715
828 2959 2.3915078 0.0023915078 3.5736715
828 2959 2.39149836 0.00239149836 3.5736715
828 2959 2.39149732 0.00239149732 3.5736715
828 2959 2.39149978 0.00239149978 3.5736715
828 2959 2.39149695 0.00239149695 3.5736715
828 2959 2.3914989 0.0023914989 3.5736715
827 2954 2.38754928 0.00238754928 3.5719468
827 2950 2.38892143 0.00238892143 3.56711004
827 2950 2.38887947 0.00238887947 3.56711004
827 2950 2.3889265 0.0023889265 3.56711004
827 2950 2.38885757 0.00238885757 3.56711004
827 2950 2.38889387 0.00238889387 3.56711004
827 2950 2.38889481 0.00238889481 3.56711004
827 2950 2.38888054 0.00238888054 3.56711004
827 2950 2.38888505 0.00238888505 3.56711004
827 2950 2.38888721 0.00238888721 3.56711004
826 2945 2.38498907 0.00238498907 3.5653753
826 2945 2.38503321 0.00238503321 3.5653753
826 2945 2.38498865 0.00238498865 3.5653753
826 2945 2.38498459 0.00238498459 3.5653753
826 2945 2.38502289 0.00238502289 3.5653753
826 2945 2.38502055 0.00238502055 3.5653753
826 2945 2.38502422 0.00238502422 3.5653753
826 2945 2.38501754 0.00238501754 3.5653753
826 2945 2.38501023 0.00238501023 3.5653753
826 2945 2.38499519 0.00238499519 3.5653753
825 2942 2.3808523 0.0023808523 3.56606061
825 2940 2.38081286 0.00238081286 3.56363636
825 2941 2.38083529 0.00238083529 3.56484848
825 2947 2.38088534 0.00238088534 3.57212121
825 2947 2.38087426 0.00238087426 3.57212121
825 2947 2.38090233 0.00238090233 3.57212121
825 2947 2.38085523 0.00238085523 3.57212121
825 2943 2.38087744 0.00238087744 3.56727273
825 2943 2.38086913 0.00238086913 3.56727273
825 2943 2.38083996 0.00238083996 3.56727273
824 2935 2.3769117 0.0023769117 3.5618932
824 2939 2.37381776 0.00237381776 3.56674757
824 2946 2.37256656 0.00237256656 3.57524272
824 2952 2.36984438 0.00236984438 3.58252427
824 2953 2.37236262 0.00237236262 3.58373786
824 2955 2.37508426 0.00237508426 3.58616505
824 2952 2.37491075 0.00237491075 3.58252427
824 2948 2.37595251 0.00237595251 3.5776699
824 2945 2.37616923 0.00237616923 3.57402913
823 2944 2.37244339 0.00237244339 3.57715674
822 2937 2.36861807 0.00236861807 3.5729927
822 2937 2.36858103 0.00236858103 3.5729927
822 2937 2.36859293 0.00236859293 3.5729927
822 2937 2.368622 0.002368622 3.5729927
822 2936 2.3690594 0.0023690594 3.57177616
822 2936 2.3690615 0.0023690615 3.57177616
822 2936 2.36906183 0.00236906183 3.57177616
822 2936 2.36905672 0.00236905672 3.57177616
822 2936 2.36904046 0.00236904046 3.57177616
822 2936 2.3690555 0.0023690555 3.57177616
821 2929 2.36521823 0.00236521823 3.56760049
821 2929 2.36516251 0.00236516251 3.56760049
821 2929 2.36519681 0.00236519681 3.56760049
821 2932 2.36530205 0.00236530205 3.57125457
821 2932 2.36523663 0.00236523663 3.57125457
821 2932 2.36527332 0.00236527332 3.57125457
821 2932 2.36523547 0.00236523547 3.57125457
821 2932 2.36522681 0.00236522681 3.57125457
821 2932 2.36521792 0.00236521792 3.57125457
821 2932 2.36520787 0.00236520787 3.57125457
820 2925 2.36133507 0.00236133507 3.56707317
820 2926 2.36131306 0.00236131306 3.56829268
820 2926 2.36236398 0.00236236398 3.56829268
820 2924 2.36251565 0.00236251565 3.56585366
820 2920 2.36162352 0.00236162352 3.56097561
820 2919 2.36337137 0.00236337137 3.5597561
820 2929 2.3642048 0.0023642048 3.57195122
820 2924 2.36377733 0.00236377733 3.56585366
820 2924 2.36527057 0.00236527057 3.56585366
820 2921 2.36486555 0.00236486555 3.56219512
819 2917 2.36175676 0.00236175676 3.56166056
819 2917 2.36176065 0.00236176065 3.56166056
819 2917 2.36173368 0.00236173368 3.56166056
819 2917 2.36173715 0.00236173715 3.56166056
819 2917 2.36173184 0.00236173184 3.56166056
819 2917 2.36172724 0.00236172724 3.56166056
819 2917 2.36172267 0.00236172267 3.56166056
819 2917 2.36171097 0.00236171097 3.56166056
819 2917 2.36170596 0.00236170596 3.56166056
819 2917 2.36170359 0.00236170359 3.56166056
818 2912 2.35801024 0.00235801024 3.5599022
818 2912 2.35804144 0.00235804144 3.5599022
818 2911 2.35854278 0.00235854278 3.55867971
818 2911 2.35847286 0.00235847286 3.55867971
818 2911 2.35849518 0.00235849518 3.55867971
818 2911 2.3584897 0.0023584897 3.55867971
818 2911 2.35848595 0.00235848595 3.55867971
818 2911 2.35857904 0.00235857904 3.55867971
818 2911 2.35858734 0.00235858734 3.55867971
818 2911 2.35858913 0.00235858913 3.55867971
817 2906 2.3549055 0.0023549055 3.55691554
817 2906 2.35491066 0.00235491066 3.55691554
817 2906 2.3548767 0.0023548767 3.55691554
817 2906 2.35489374 0.00235489374 3.55691554
817 2906 2.35486062 0.00235486062 3.55691554
817 2906 2.35489399 0.00235489399 3.55691554
817 2906 2.35488728 0.00235488728 3.55691554
817 2906 2.35488422 0.00235488422 3.55691554
817 2906 2.35488436 0.00235488436 3.55691554
817 2906 2.3548743 0.0023548743 3.55691554
816 2902 2.35111971 0.00235111971 3.55637255
816 2902 2.35109706 0.00235109706 3.55637255
816 2902 2.3510959 0.0023510959 3.55637255
816 2898 2.35207905 0.00235207905 3.55147059
816 2898 2.35206819 0.00235206819 3.55147059
816 2898 2.35208585 0.00235208585 3.55147059
816 2898 2.35207773 0.00235207773 3.55147059
816 2898 2.35202516 0.00235202516 3.55147059
816 2898 2.35202156 0.00235202156 3.55147059
816 2898 2.35202884 0.00235202884 3.55147059
815 2894 2.34826825 0.00234826825 3.55092025
815 2894 2.34831471 0.00234831471 3.55092025
815 2894 2.34827832 0.00234827832 3.55092025
815 2894 2.34826122 0.00234826122 3.55092025
815 2894 2.34829453 0.00234829453 3.55092025
815 2894 2.34828652 0.00234828652 3.55092025
815 2894 2.34829219 0.00234829219 3.55092025
815 2894 2.34829121 0.00234829121 3.55092025
815 2894 2.34829024 0.00234829024 3.55092025
815 2894 2.34829358 0.00234829358 3.55092025
814 2888 2.34446296 0.00234446296 3.54791155
814 2885 2.34414714 0.00234414714 3.54422604
814 2888 2.34446139 0.00234446139 3.54791155
814 2888 2.34449027 0.00234449027 3.54791155
814 2888 2.34448488 0.00234448488 3.54791155
814 2888 2.34447378 0.00234447378 3.54791155
814 2888 2.34447585 0.00234447585 3.54791155
814 2888 2.3444803 0.0023444803 3.54791155
814 2888 2.34447453 0.00234447453 3.54791155
814 2888 2.34448197 0.00234448197 3.54791155
813 2881 2.34063002 0.00234063002 3.54366544
813 2881 2.34056372 0.00234056372 3.54366544
813 2879 2.34071686 0.00234071686 3.54120541
813 2879 2.34073417 0.00234073417 3.54120541
813 2879 2.34074233 0.00234074233 3.54120541
813 2879 2.34072271 0.00234072271 3.54120541
813 2879 2.34073781 0.00234073781 3.54120541
813 2879 2.34074141 0.00234074141 3.54120541
813 2878 2.34072057 0.00234072057 3.5399754
813 2873 2.34064505 0.00234064505 3.53382534
812 2869 2.33690035 0.00233690035 3.53325123
812 2869 2.33692494 0.00233692494 3.53325123
812 2869 2.33696657 0.00233696657 3.53325123
812 2869 2.33691095 0.00233691095 3.53325123
812 2869 2.33696784 0.00233696784 3.53325123
812 2869 2.336944 0.002336944 3.53325123
812 2869 2.33696386 0.00233696386 3.53325123
812 2869 2.33691235 0.00233691235 3.53325123
812 2869 2.33695274 0.00233695274 3.53325123
812 2869 2.33697144 0.00233697144 3.53325123
811 2862 2.33318379 0.00233318379 3.52897657
811 2862 2.33320118 0.00233320118 3.52897657
811 2862 2.33312219 0.00233312219 3.52897657
811 2862 2.33307569 0.00233307569 3.52897657
811 2862 2.33309529 0.00233309529 3.52897657
811 2862 2.33321032 0.00233321032 3.52897657
811 2862 2.3332 0.0023332 3.52897657
811 2862 2.33318948 0.00233318948 3.52897657
811 2862 2.33312388 0.00233312388 3.52897657
811 2862 2.33308826 0.00233308826 3.52897657
810 2853 2.3292087 0.0023292087 3.52222222
810 2853 2.32920765 0.00232920765 3.52222222
810 2853 2.32919138 0.00232919138 3.52222222
810 2853 2.32922514 0.00232922514 3.52222222
810 2853 2.32918883 0.00232918883 3.52222222
810 2853 2.329217 0.002329217 3.52222222
810 2853 2.32923806 0.00232923806 3.52222222
810 2853 2.32917791 0.00232917791 3.52222222
810 2853 2.32926154 0.00232926154 3.52222222
810 2853 2.32919036 0.00232919036 3.52222222
809 2847 2.3251878 0.0023251878 3.51915946
809 2844 2.32528824 0.00232528824 3.51545117
809 2844 2.32525164 0.00232525164 3.51545117
809 2844 2.32535567 0.00232535567 3.51545117
809 2844 2.32525479 0.00232525479 3.51545117
809 2844 2.32533369 0.00232533369 3.51545117
809 2844 2.32539187 0.00232539187 3.51545117
809 2844 2.32528748 0.00232528748 3.51545117
809 2844 2.32536854 0.00232536854 3.51545117
809 2844 2.32536197 0.00232536197 3.51545117
808 2838 2.32126564 0.00232126564 3.51237624
808 2837 2.32138018 0.00232138018 3.51113861
808 2837 2.32135097 0.00232135097 3.51113861
808 2837 2.32144264 0.00232144264 3.51113861
808 2837 2.32136101 0.00232136101 3.51113861
808 2837 2.32142766 0.00232142766 3.51113861
808 2837 2.32148434 0.00232148434 3.51113861
808 2837 2.32140112 0.00232140112 3.51113861
808 2837 2.32146709 0.00232146709 3.51113861
808 2837 2.32145968 0.00232145968 3.51113861
807 2831 2.31741319 0.00231741319 3.50805452
807 2828 2.31585526 0.00231585526 3.50433705
807 2829 2.31902109 0.00231902109 3.50557621
807 2829 2.31908451 0.00231908451 3.50557621
807 2829 2.31908196 0.00231908196 3.50557621
807 2832 2.32006614 0.00232006614 3.50929368
807 2832 2.32023106 0.00232023106 3.50929368
807 2832 2.3202441 0.0023202441 3.50929368
807 2832 2.32023766 0.00232023766 3.50929368
807 2832 2.32024825 0.00232024825 3.50929368
806 2823 2.31631167 0.00231631167 3.50248139
806 2825 2.31646889 0.00231646889 3.50496278
806 2825 2.31646955 0.00231646955 3.50496278
806 2825 2.31639992 0.00231639992 3.50496278
806 2825 2.31641241 0.00231641241 3.50496278
806 2825 2.31641387 0.00231641387 3.50496278
806 2825 2.31640244 0.00231640244 3.50496278
806 2825 2.31640616 0.00231640616 3.50496278
806 2825 2.31639432 0.00231639432 3.50496278
806 2825 2.31638413 0.00231638413 3.50496278
805 2823 2.31245108 0.00231245108 3.5068323
805 2823 2.31252066 0.00231252066 3.5068323
805 2823 2.31248445 0.00231248445 3.5068323
805 2823 2.3124568 0.0023124568 3.5068323
805 2823 2.31242113 0.00231242113 3.5068323
805 2823 2.31247899 0.00231247899 3.5068323
805 2816 2.31246418 0.00231246418 3.49813665
805 2816 2.31252862 0.00231252862 3.49813665
805 2816 2.31241264 0.00231241264 3.49813665
805 2816 2.312494 0.002312494 3.49813665
804 2809 2.30849484 0.00230849484 3.49378109
804 2809 2.30857465 0.00230857465 3.49378109
804 2809 2.30854732 0.00230854732 3.49378109
804 2809 2.30851362 0.00230851362 3.49378109
804 2809 2.30858264 0.00230858264 3.49378109
804 2809 2.30845195 0.00230845195 3.49378109
804 2809 2.30854235 0.00230854235 3.49378109
804 2814 2.30857662 0.00230857662 3.5
804 2814 2.30856755 0.00230856755 3.5
804 2814 2.30846828 0.00230846828 3.5
803 2807 2.30460482 0.00230460482 3.49564134
803 2807 2.30452322 0.00230452322 3.49564134
803 2807 2.30463478 0.00230463478 3.49564134
803 2807 2.30452775 0.00230452775 3.49564134
803 2807 2.30456467 0.00230456467 3.49564134
803 2807 2.30461918 0.00230461918 3.49564134
803 2807 2.30455087 0.00230455087 3.49564134
803 2807 2.30460638 0.00230460638 3.49564134
803 2807 2.30461458 0.00230461458 3.49564134
803 2807 2.3045456 0.0023045456 3.49564134
802 2799 2.30060678 0.00230060678 3.49002494
802 2799 2.3006182 0.0023006182 3.49002494
802 2799 2.30064774 0.00230064774 3.49002494
802 2799 2.30052779 0.00230052779 3.49002494
802 2799 2.30055032 0.00230055032 3.49002494
802 2799 2.30060025 0.00230060025 3.49002494
802 2799 2.30053872 0.00230053872 3.49002494
802 2799 2.30058695 0.00230058695 3.49002494
802 2799 2.30060093 0.00230060093 3.49002494
802 2799 2.30063322 0.00230063322 3.49002494
801 2796 2.29643 0.00229643 3.4906367
801 2796 2.29640714 0.00229640714 3.4906367
801 2795 2.29576364 0.00229576364 3.48938826
801 2795 2.29487507 0.00229487507 3.48938826
801 2800 2.29603992 0.00229603992 3.49563046
801 2804 2.29853253 0.00229853253 3.50062422
801 2802 2.30138744 0.00230138744 3.49812734
801 2804 2.30435496 0.00230435496 3.50062422
801 2808 2.3047873 0.0023047873 3.50561798
801 2805 2.30714591 0.00230714591 3.50187266
800 2798 2.30336632 0.00230336632 3.4975
800 2798 2.30328936 0.00230328936 3.4975
800 2798 2.30334407 0.00230334407 3.4975
800 2798 2.30328275 0.00230328275 3.4975
800 2798 2.30333862 0.00230333862 3.4975
800 2798 2.30328885 0.00230328885 3.4975
800 2798 2.30332925 0.00230332925 3.4975
800 2798 2.30328123 0.00230328123 3.4975
800 2798 2.3033225 0.0023033225 3.4975
800 2798 2.30329067 0.00230329067 3.4975
799 2789 2.29950105 0.00229950105 3.49061327
799 2791 2.2996487 0.0022996487 3.4931164
799 2791 2.29960293 0.00229960293 3.4931164
799 2791 2.29960228 0.00229960228 3.4931164
799 2791 2.29953376 0.00229953376 3.4931164
799 2791 2.29958738 0.00229958738 3.4931164
799 2791 2.29950188 0.00229950188 3.4931164
799 2791 2.29965682 0.00229965682 3.4931164
799 2791 2.29969155 0.00229969155 3.4931164
799 2791 2.29949168 0.00229949168 3.4931164
798 2782 2.29564989 0.00229564989 3.48621554
798 2782 2.29572811 0.00229572811 3.48621554
798 2782 2.29582541 0.00229582541 3.48621554
798 2782 2.29564255 0.00229564255 3.48621554
798 2782 2.29579278 0.00229579278 3.48621554
798 2782 2.29567734 0.00229567734 3.48621554
798 2782 2.29569256 0.00229569256 3.48621554
798 2782 2.29585449 0.00229585449 3.48621554
798 2782 2.2956854 0.0022956854 3.48621554
798 2782 2.29575719 0.00229575719 3.48621554
797 2774 2.2918479 0.0022918479 3.48055207
797 2774 2.2916223 0.0022916223 3.48055207
797 2780 2.29187192 0.00229187192 3.4880803
797 2780 2.29180818 0.00229180818 3.4880803
797 2780 2.29175442 0.00229175442 3.4880803
797 2780 2.29186877 0.00229186877 3.4880803
797 2780 2.29170676 0.00229170676 3.4880803
797 2780 2.29192524 0.00229192524 3.4880803
797 2780 2.29173274 0.00229173274 3.4880803
797 2780 2.29175037 0.00229175037 3.4880803
796 2772 2.28788494 0.00228788494 3.48241206
796 2772 2.28772216 0.00228772216 3.48241206
796 2772 2.28782505 0.00228782505 3.48241206
796 2772 2.2878727 0.0022878727 3.48241206
796 2772 2.2880081 0.0022880081 3.48241206
796 2772 2.28767181 0.00228767181 3.48241206
796 2772 2.28799192 0.00228799192 3.48241206
796 2772 2.28776321 0.00228776321 3.48241206
796 2772 2.28807142 0.00228807142 3.48241206
796 2772 2.28752728 0.00228752728 3.48241206
795 2765 2.28371739 0.00228371739 3.47798742
795 2765 2.28373952 0.00228373952 3.47798742
795 2765 2.28385159 0.00228385159 3.47798742
795 2765 2.28393456 0.00228393456 3.47798742
795 2765 2.28373087 0.00228373087 3.47798742
795 2765 2.28384955 0.00228384955 3.47798742
795 2765 2.283893 0.002283893 3.47798742
795 2765 2.28400017 0.00228400017 3.47798742
795 2765 2.28380195 0.00228380195 3.47798742
795 2765 2.28399089 0.00228399089 3.47798742
794 2758 2.27946962 0.00227946962 3.47355164
794 2758 2.27980147 0.00227980147 3.47355164
794 2758 2.27978307 0.00227978307 3.47355164
794 2758 2.27982184 0.00227982184 3.47355164
794 2758 2.2795009 0.0022795009 3.47355164
794 2758 2.27984042 0.00227984042 3.47355164
794 2760 2.27966956 0.00227966956 3.47607053
794 2760 2.27938698 0.00227938698 3.47607053
794 2760 2.27974927 0.00227974927 3.47607053
794 2762 2.27939647 0.00227939647 3.47858942
793 2755 2.27546106 0.00227546106 3.4741488
793 2751 2.27367593 0.00227367593 3.46910467
793 2751 2.27357885 0.00227357885 3.46910467
793 2751 2.27405739 0.00227405739 3.46910467
793 2751 2.27365669 0.00227365669 3.46910467
793 2751 2.27395858 0.00227395858 3.46910467
793 2751 2.27398407 0.00227398407 3.46910467
793 2755 2.27582762 0.00227582762 3.4741488
793 2755 2.2756813 0.0022756813 3.4741488
793 2755 2.27578695 0.00227578695 3.4741488
792 2748 2.27131539 0.00227131539 3.46969697
792 2748 2.27129276 0.00227129276 3.46969697
792 2748 2.27150845 0.00227150845 3.46969697
792 2748 2.27161415 0.00227161415 3.46969697
792 2748 2.27133162 0.00227133162 3.46969697
792 2748 2.27144131 0.00227144131 3.46969697
792 2748 2.27141879 0.00227141879 3.46969697
792 2748 2.27155874 0.00227155874 3.46969697
792 2748 2.27158614 0.00227158614 3.46969697
792 2748 2.27157824 0.00227157824 3.46969697
791 2742 2.26714 0.00226714 3.4664981
791 2742 2.26741953 0.00226741953 3.4664981
791 2742 2.26716281 0.00226716281 3.4664981
791 2742 2.26716788 0.00226716788 3.4664981
791 2742 2.26755047 0.00226755047 3.4664981
791 2743 2.26751241 0.00226751241 3.46776233
791 2743 2.2675134 0.0022675134 3.46776233
791 2743 2.26701644 0.00226701644 3.46776233
791 2743 2.2674124 0.0022674124 3.46776233
791 2743 2.26727668 0.00226727668 3.46776233
790 2737 2.26304747 0.00226304747 3.46455696
790 2737 2.26311244 0.00226311244 3.46455696
790 2737 2.26305627 0.00226305627 3.46455696
790 2737 2.26309895 0.00226309895 3.46455696
790 2737 2.26305193 0.00226305193 3.46455696
790 2737 2.26314255 0.00226314255 3.46455696
790 2737 2.26292953 0.00226292953 3.46455696
790 2737 2.26333448 0.00226333448 3.46455696
790 2737 2.26279145 0.00226279145 3.46455696
790 2737 2.2631948 0.0022631948 3.46455696
789 2731 2.25871364 0.00225871364 3.46134347
789 2731 2.25884427 0.00225884427 3.46134347
789 2731 2.25862014 0.00225862014 3.46134347
789 2730 2.25854578 0.00225854578 3.46007605
789 2730 2.25881564 0.00225881564 3.46007605
789 2730 2.25877279 0.00225877279 3.46007605
789 2730 2.25875863 0.00225875863 3.46007605
789 2730 2.25855319 0.00225855319 3.46007605
789 2730 2.25853272 0.00225853272 3.46007605
789 2730 2.25873468 0.00225873468 3.46007605
788 2724 2.25396776 0.00225396776 3.45685279
788 2724 2.25414451 0.00225414451 3.45685279
788 2724 2.25429985 0.00225429985 3.45685279
788 2724 2.25451391 0.00225451391 3.45685279
788 2724 2.25418642 0.00225418642 3.45685279
788 2724 2.25439452 0.00225439452 3.45685279
788 2724 2.25443016 0.00225443016 3.45685279
788 2724 2.25431931 0.00225431931 3.45685279
788 2724 2.25446542 0.00225446542 3.45685279
788 2724 2.2543322 0.0022543322 3.45685279
787 2717 2.24994051 0.00224994051 3.4523507
787 2718 2.24983218 0.00224983218 3.45362135
787 2717 2.2491774 0.0022491774 3.4523507
787 2718 2.25354204 0.00225354204 3.45362135
787 2718 2.25337481 0.00225337481 3.45362135
787 2718 2.25335723 0.00225335723 3.45362135
787 2718 2.25349797 0.00225349797 3.45362135
787 2718 2.25346084 0.00225346084 3.45362135
787 2718 2.25342294 0.00225342294 3.45362135
787 2718 2.25340187 0.00225340187 3.45362135
786 2712 2.24917986 0.00224917986 3.45038168
786 2711 2.2492872 0.0022492872 3.44910941
786 2710 2.24842035 0.00224842035 3.44783715
786 2711 2.24909953 0.00224909953 3.44910941
786 2711 2.2491698 0.0022491698 3.44910941
786 2711 2.2489779 0.0022489779 3.44910941
786 2711 2.24918832 0.00224918832 3.44910941
786 2711 2.24874828 0.00224874828 3.44910941
786 2711 2.24920646 0.00224920646 3.44910941
786 2711 2.24881504 0.00224881504 3.44910941
785 2703 2.24467853 0.00224467853 3.4433121
785 2705 2.24450026 0.00224450026 3.44585987
785 2695 2.2453435 0.0022453435 3.43312102
785 2695 2.24544001 0.00224544001 3.43312102
785 2695 2.24549136 0.00224549136 3.43312102
785 2694 2.24509898 0.00224509898 3.43184713
785 2694 2.24521269 0.00224521269 3.43184713
785 2695 2.24534952 0.00224534952 3.43312102
785 2695 2.24563829 0.00224563829 3.43312102
785 2695 2.24566144 0.00224566144 3.43312102
784 2690 2.24126578 0.00224126578 3.43112245
784 2690 2.24127134 0.00224127134 3.43112245
784 2690 2.24139149 0.00224139149 3.43112245
784 2690 2.24133034 0.00224133034 3.43112245
784 2690 2.24140787 0.00224140787 3.43112245
784 2690 2.24141245 0.00224141245 3.43112245
784 2687 2.24148128 0.00224148128 3.42729592
784 2687 2.24119383 0.00224119383 3.42729592
784 2687 2.24133877 0.00224133877 3.42729592
784 2687 2.24138791 0.00224138791 3.42729592
783 2679 2.23650966 0.00223650966 3.42145594
783 2680 2.23709959 0.00223709959 3.42273308
783 2680 2.23694919 0.00223694919 3.42273308
783 2680 2.23701602 0.00223701602 3.42273308
783 2680 2.23701851 0.00223701851 3.42273308
783 2680 2.23694937 0.00223694937 3.42273308
783 2680 2.23711673 0.00223711673 3.42273308
783 2680 2.23691903 0.00223691903 3.42273308
783 2680 2.23713668 0.00223713668 3.42273308
783 2680 2.23702647 0.00223702647 3.42273308
782 2672 2.23237312 0.00223237312 3.4168798
782 2673 2.23279369 0.00223279369 3.41815857
782 2675 2.23308969 0.00223308969 3.42071611
782 2675 2.23287777 0.00223287777 3.42071611
782 2675 2.23289668 0.00223289668 3.42071611
782 2675 2.23308372 0.00223308372 3.42071611
782 2675 2.23297164 0.00223297164 3.42071611
782 2675 2.23299041 0.00223299041 3.42071611
782 2675 2.23295625 0.00223295625 3.42071611
782 2675 2.23298134 0.00223298134 3.42071611
781 2667 2.22829026 0.00222829026 3.41485275
781 2668 2.22873754 0.00222873754 3.41613316
781 2668 2.22860398 0.00222860398 3.41613316
781 2668 2.22877953 0.00222877953 3.41613316
781 2668 2.22867734 0.00222867734 3.41613316
781 2668 2.2286838 0.0022286838 3.41613316
781 2668 2.22880812 0.00222880812 3.41613316
781 2668 2.22866293 0.00222866293 3.41613316
781 2668 2.22872169 0.00222872169 3.41613316
781 2668 2.22875159 0.00222875159 3.41613316
780 2664 2.22405734 0.00222405734 3.41538462
780 2664 2.22395411 0.00222395411 3.41538462
780 2664 2.22405598 0.00222405598 3.41538462
780 2664 2.22407554 0.00222407554 3.41538462
780 2660 2.22417681 0.00222417681 3.41025641
780 2660 2.22414231 0.00222414231 3.41025641
780 2660 2.22416194 0.00222416194 3.41025641
780 2660 2.22409592 0.00222409592 3.41025641
780 2660 2.22414991 0.00222414991 3.41025641
780 2660 2.22411247 0.00222411247 3.41025641
779 2650 2.2192762 0.0022192762 3.40179718
779 2654 2.22038638 0.00222038638 3.40693196
779 2658 2.21913963 0.00221913963 3.41206675
779 2658 2.21915217 0.00221915217 3.41206675
779 2658 2.21918723 0.00221918723 3.41206675
779 2658 2.21913222 0.00221913222 3.41206675
779 2658 2.21913868 0.00221913868 3.41206675
779 2658 2.21915359 0.00221915359 3.41206675
779 2658 2.21911774 0.00221911774 3.41206675
779 2658 2.21915273 0.00221915273 3.41206675
778 2653 2.21435128 0.00221435128 3.41002571
778 2650 2.21589149 0.00221589149 3.40616967
778 2650 2.21594752 0.00221594752 3.40616967
778 2650 2.21591389 0.00221591389 3.40616967
778 2650 2.21591242 0.00221591242 3.40616967
778 2650 2.21591918 0.00221591918 3.40616967
778 2650 2.21588403 0.00221588403 3.40616967
778 2650 2.21592994 0.00221592994 3.40616967
778 2650 2.21591826 0.00221591826 3.40616967
778 2650 2.21589353 0.00221589353 3.40616967
777 2645 2.21110405 0.00221110405 3.4041184
777 2642 2.21015941 0.00221015941 3.4002574
777 2641 2.21098528 0.00221098528 3.3989704
777 2645 2.2111102 0.0022111102 3.4041184
777 2645 2.21112517 0.00221112517 3.4041184
777 2645 2.2110832 0.0022110832 3.4041184
777 2644 2.20684215 0.00220684215 3.4028314
777 2645 2.21107772 0.00221107772 3.4041184
777 2645 2.21110439 0.00221110439 3.4041184
777 2645 2.21107214 0.00221107214 3.4041184
776 2637 2.20674708 0.00220674708 3.39819588
776 2637 2.20681755 0.00220681755 3.39819588
776 2637 2.20678966 0.00220678966 3.39819588
776 2637 2.20678387 0.00220678387 3.39819588
776 2637 2.20673574 0.00220673574 3.39819588
776 2637 2.20680455 0.00220680455 3.39819588
776 2637 2.20676409 0.00220676409 3.39819588
776 2637 2.20682287 0.00220682287 3.39819588
776 2637 2.20678879 0.00220678879 3.39819588
776 2637 2.20683184 0.00220683184 3.39819588
775 2628 2.20247005 0.00220247005 3.39096774
775 2634 2.19922053 0.00219922053 3.39870968
775 2634 2.19930196 0.00219930196 3.39870968
774 2625 2.19837059 0.00219837059 3.39147287
774 2625 2.19838824 0.00219838824 3.39147287
774 2625 2.19849466 0.00219849466 3.39147287
774 2622 2.20134123 0.00220134123 3.3875969
774 2625 2.20146527 0.00220146527 3.39147287
774 2625 2.20131372 0.00220131372 3.39147287
774 2625 2.20135747 0.00220135747 3.39147287
773 2615 2.19655241 0.00219655241 3.38292367
773 2618 2.19747919 0.00219747919 3.38680466
773 2618 2.19742307 0.00219742307 3.38680466
773 2618 2.19744803 0.00219744803 3.38680466
773 2618 2.19757665 0.00219757665 3.38680466
773 2618 2.19746703 0.00219746703 3.38680466
773 2618 2.19733985 0.00219733985 3.38680466
773 2618 2.19749743 0.00219749743 3.38680466
773 2618 2.19736396 0.00219736396 3.38680466
773 2618 2.19730922 0.00219730922 3.38680466
772 2613 2.19242963 0.00219242963 3.38471503
771 2606 2.19101284 0.00219101284 3.38002594
771 2606 2.19079486 0.00219079486 3.38002594
771 2606 2.1909103 0.0021909103 3.38002594
771 2606 2.19083378 0.00219083378 3.38002594
771 2606 2.19091598 0.00219091598 3.38002594
771 2606 2.19084317 0.00219084317 3.38002594
771 2606 2.19088356 0.00219088356 3.38002594
771 2606 2.19083308 0.00219083308 3.38002594
771 2606 2.19081916 0.00219081916 3.38002594
770 2596 2.1860283 0.0021860283 3.37142857
770 2596 2.18605822 0.00218605822 3.37142857
770 2596 2.18599647 0.00218599647 3.37142857
770 2596 2.18606137 0.00218606137 3.37142857
770 2596 2.18606571 0.00218606571 3.37142857
770 2596 2.18600543 0.00218600543 3.37142857
770 2596 2.18607007 0.00218607007 3.37142857
770 2596 2.18603625 0.00218603625 3.37142857
770 2596 2.18601552 0.00218601552 3.37142857
770 2596 2.1860784 0.0021860784 3.37142857
769 2590 2.18116817 0.00218116817 3.3680104
769 2589 2.18150427 0.00218150427 3.36671001
769 2589 2.18161071 0.00218161071 3.36671001
769 2589 2.18165181 0.00218165181 3.36671001
769 2589 2.1815916 0.0021815916 3.36671001
769 2589 2.18164763 0.00218164763 3.36671001
769 2589 2.18162402 0.00218162402 3.36671001
769 2589 2.18158529 0.00218158529 3.36671001
769 2589 2.18163348 0.00218163348 3.36671001
769 2589 2.18159475 0.00218159475 3.36671001
768 2583 2.17664234 0.00217664234 3.36328125
768 2583 2.17663193 0.00217663193 3.36328125
768 2583 2.17670391 0.00217670391 3.36328125
768 2583 2.1766216 0.0021766216 3.36328125
768 2583 2.17669074 0.00217669074 3.36328125
768 2583 2.17655966 0.00217655966 3.36328125
768 2583 2.17670089 0.00217670089 3.36328125
768 2583 2.17653257 0.00217653257 3.36328125
768 2583 2.17671942 0.00217671942 3.36328125
768 2583 2.17653225 0.00217653225 3.36328125
767 2576 2.17161493 0.00217161493 3.35853977
767 2578 2.17171449 0.00217171449 3.36114733
767 2578 2.17166891 0.00217166891 3.36114733
767 2578 2.17167632 0.00217167632 3.36114733
767 2578 2.1716319 0.0021716319 3.36114733
766 2575 2.16934734 0.00216934734 3.3616188
766 2575 2.16924372 0.00216924372 3.3616188
766 2575 2.16926181 0.00216926181 3.3616188
766 2575 2.16922674 0.00216922674 3.3616188
766 2575 2.16921976 0.00216921976 3.3616188
765 2571 2.16422477 0.00216422477 3.36078431
765 2566 2.16407744 0.00216407744 3.35424837
765 2572 2.16415173 0.00216415173 3.3620915
765 2569 2.16169778 0.00216169778 3.35816993
765 2569 2.16179688 0.00216179688 3.35816993
765 2569 2.16157903 0.00216157903 3.35816993
765 2569 2.16181344 0.00216181344 3.35816993
765 2569 2.16173836 0.00216173836 3.35816993
765 2569 2.16168157 0.00216168157 3.35816993
765 2569 2.16171404 0.00216171404 3.35816993
764 2562 2.15666506 0.00215666506 3.35340314
764 2563 2.15939523 0.00215939523 3.35471204
764 2563 2.15927426 0.00215927426 3.35471204
764 2563 2.15926759 0.00215926759 3.35471204
764 2563 2.15941624 0.00215941624 3.35471204
764 2563 2.1591315 0.0021591315 3.35471204
764 2563 2.15921854 0.00215921854 3.35471204
764 2563 2.15940543 0.00215940543 3.35471204
764 2563 2.15907027 0.00215907027 3.35471204
764 2563 2.15916714 0.00215916714 3.35471204
763 2556 2.15421868 0.00215421868 3.34993447
763 2556 2.15431678 0.00215431678 3.34993447
763 2559 2.15445115 0.00215445115 3.35386632
763 2559 2.15420607 0.00215420607 3.35386632
763 2559 2.15447616 0.00215447616 3.35386632
763 2559 2.15410097 0.00215410097 3.35386632
763 2559 2.15433143 0.00215433143 3.35386632
763 2555 2.15402399 0.00215402399 3.34862385
763 2556 2.15469634 0.00215469634 3.34993447
763 2556 2.15400739 0.00215400739 3.34993447
762 2553 2.14916084 0.00214916084 3.3503937
762 2553 2.14921242 0.00214921242 3.3503937
762 2548 2.14928977 0.00214928977 3.34383202
762 2548 2.14896853 0.00214896853 3.34383202
762 2548 2.14927508 0.00214927508 3.34383202
762 2548 2.14885748 0.00214885748 3.34383202
762 2548 2.149083 0.002149083 3.34383202
762 2551 2.14946567 0.00214946567 3.34776903
762 2551 2.1490136 0.0021490136 3.34776903
762 2551 2.14933026 0.00214933026 3.34776903
761 2542 2.1447334 0.0021447334 3.34034166
761 2542 2.14482966 0.00214482966 3.34034166
761 2542 2.14387989 0.00214387989 3.34034166
761 2544 2.14471362 0.00214471362 3.34296978
761 2544 2.14514747 0.00214514747 3.34296978
761 2544 2.14431626 0.00214431626 3.34296978
761 2544 2.14517486 0.00214517486 3.34296978
761 2544 2.14570538 0.00214570538 3.34296978
761 2544 2.1434849 0.0021434849 3.34296978
761 2544 2.14396018 0.00214396018 3.34296978
760 2539 2.13974538 0.00213974538 3.34078947
760 2537 2.1379616 0.0021379616 3.33815789
760 2540 2.13791519 0.00213791519 3.34210526
760 2540 2.14040887 0.00214040887 3.34210526
760 2540 2.14004085 0.00214004085 3.34210526
move filter found no candidate: legacy top-1 fallback
SP does not find any fixed points -> SP does not converge.
I am sorry I quit :(
