START ALGORITHM:
I am going to build an instance with N: 1000 variables and 4150 clauses with a clause density equal to 4.15
START BSP WITH r=0.9:
Decimation scorer: cert
END UNIT PROPAGATION
1000 4150 12.9493547 0.0129493547 4.15
1000 4150 12.9491343 0.0129491343 4.15
1000 4150 12.9490172 0.0129490172 4.15
1000 4150 12.9492053 0.0129492053 4.15
1000 4150 12.9491592 0.0129491592 4.15
1000 4150 12.9491558 0.0129491558 4.15
1000 4150 12.94916 0.01294916 4.15
1000 4150 12.9491712 0.0129491712 4.15
1000 4150 12.9491662 0.0129491662 4.15
999 4142 12.9491644 0.0129491644 4.14614615
999 4142 12.9491654 0.0129491654 4.14614615
999 4142 12.9491643 0.0129491643 4.14614615
999 4142 12.9491641 0.0129491641 4.14614615
999 4142 12.9491639 0.0129491639 4.14614615
999 4142 12.9491614 0.0129491614 4.14614615
999 4142 12.9491623 0.0129491623 4.14614615
999 4142 12.9491637 0.0129491637 4.14614615
999 4142 12.9491593 0.0129491593 4.14614615
999 4142 12.9491648 0.0129491648 4.14614615
998 4132 12.9468531 0.0129468531 4.14028056
998 4134 12.9491649 0.0129491649 4.14228457
998 4134 12.9491642 0.0129491642 4.14228457
998 4134 12.9491638 0.0129491638 4.14228457
998 4134 12.9491637 0.0129491637 4.14228457
998 4134 12.9491619 0.0129491619 4.14228457
998 4134 12.949167 0.012949167 4.14228457
998 4134 12.9491632 0.0129491632 4.14228457
998 4134 12.9491663 0.0129491663 4.14228457
998 4134 12.9491604 0.0129491604 4.14228457
997 4127 12.9487972 0.0129487972 4.13941825
997 4127 12.9487914 0.0129487914 4.13941825
997 4127 12.9487982 0.0129487982 4.13941825
997 4127 12.9487961 0.0129487961 4.13941825
997 4129 12.949164 0.012949164 4.14142427
997 4129 12.9491644 0.0129491644 4.14142427
997 4129 12.9491641 0.0129491641 4.14142427
997 4129 12.9491641 0.0129491641 4.14142427
997 4129 12.9491643 0.0129491643 4.14142427
997 4129 12.9491604 0.0129491604 4.14142427
996 4121 12.9491674 0.0129491674 4.1375502
996 4121 12.9491638 0.0129491638 4.1375502
996 4121 12.9491645 0.0129491645 4.1375502
996 4121 12.9491659 0.0129491659 4.1375502
996 4121 12.9491644 0.0129491644 4.1375502
996 4121 12.949164 0.012949164 4.1375502
996 4121 12.949167 0.012949167 4.1375502
996 4121 12.9491638 0.0129491638 4.1375502
996 4121 12.9491639 0.0129491639 4.1375502
996 4121 12.9491587 0.0129491587 4.1375502
995 4119 12.9446394 0.0129446394 4.13969849
995 4116 12.9491672 0.0129491672 4.13668342
995 4116 12.9491635 0.0129491635 4.13668342
995 4116 12.9491631 0.0129491631 4.13668342
995 4116 12.9491593 0.0129491593 4.13668342
995 4116 12.9491593 0.0129491593 4.13668342
995 4116 12.9491669 0.0129491669 4.13668342
995 4116 12.949165 0.012949165 4.13668342
995 4116 12.949166 0.012949166 4.13668342
995 4116 12.9491662 0.0129491662 4.13668342
994 4107 12.9446434 0.0129446434 4.13179074
994 4109 12.9487971 0.0129487971 4.13380282
994 4109 12.9487952 0.0129487952 4.13380282
994 4109 12.9487964 0.0129487964 4.13380282
994 4109 12.9487953 0.0129487953 4.13380282
994 4109 12.9488031 0.0129488031 4.13380282
994 4109 12.9487964 0.0129487964 4.13380282
994 4109 12.9487938 0.0129487938 4.13380282
994 4109 12.94879 0.01294879 4.13380282
994 4109 12.9487899 0.0129487899 4.13380282
993 4101 12.9461693 0.0129461693 4.12990937
993 4103 12.9487983 0.0129487983 4.13192346
993 4103 12.9488001 0.0129488001 4.13192346
993 4103 12.9487959 0.0129487959 4.13192346
993 4103 12.9487901 0.0129487901 4.13192346
993 4103 12.9487937 0.0129487937 4.13192346
993 4103 12.9488091 0.0129488091 4.13192346
993 4103 12.9487987 0.0129487987 4.13192346
993 4103 12.9487905 0.0129487905 4.13192346
993 4103 12.9487923 0.0129487923 4.13192346
992 4093 12.9464881 0.0129464881 4.12600806
992 4093 12.9464803 0.0129464803 4.12600806
992 4093 12.9464849 0.0129464849 4.12600806
992 4093 12.9464818 0.0129464818 4.12600806
992 4093 12.9464813 0.0129464813 4.12600806
992 4093 12.9464736 0.0129464736 4.12600806
992 4093 12.9464693 0.0129464693 4.12600806
992 4093 12.9464825 0.0129464825 4.12600806
992 4095 12.9474186 0.0129474186 4.12802419
992 4095 12.9474181 0.0129474181 4.12802419
991 4086 12.9442118 0.0129442118 4.12310797
991 4086 12.9442231 0.0129442231 4.12310797
991 4086 12.9442154 0.0129442154 4.12310797
991 4086 12.9441966 0.0129441966 4.12310797
991 4087 12.9447857 0.0129447857 4.12411705
991 4085 12.9451176 0.0129451176 4.12209889
991 4085 12.9451078 0.0129451078 4.12209889
991 4085 12.9451059 0.0129451059 4.12209889
991 4085 12.9450929 0.0129450929 4.12209889
991 4085 12.9451049 0.0129451049 4.12209889
990 4083 12.9405852 0.0129405852 4.12424242
990 4079 12.9406997 0.0129406997 4.12020202
990 4079 12.9407018 0.0129407018 4.12020202
990 4079 12.9406931 0.0129406931 4.12020202
990 4079 12.9406977 0.0129406977 4.12020202
990 4079 12.9407138 0.0129407138 4.12020202
990 4079 12.9407136 0.0129407136 4.12020202
990 4079 12.9406802 0.0129406802 4.12020202
990 4077 12.9424821 0.0129424821 4.11818182
990 4077 12.9424811 0.0129424811 4.11818182
989 4066 12.9376141 0.0129376141 4.11122346
989 4071 12.9380671 0.0129380671 4.11627907
989 4071 12.9380685 0.0129380685 4.11627907
989 4071 12.93809 0.01293809 4.11627907
989 4071 12.9380671 0.0129380671 4.11627907
989 4071 12.9380624 0.0129380624 4.11627907
989 4071 12.938038 0.012938038 4.11627907
989 4071 12.9380586 0.0129380586 4.11627907
989 4071 12.9380889 0.0129380889 4.11627907
989 4071 12.9380399 0.0129380399 4.11627907
988 4061 12.9323291 0.0129323291 4.11032389
988 4061 12.9323361 0.0129323361 4.11032389
988 4061 12.9322873 0.0129322873 4.11032389
988 4062 12.9349051 0.0129349051 4.11133603
988 4062 12.9348942 0.0129348942 4.11133603
988 4062 12.9348962 0.0129348962 4.11133603
988 4062 12.9348812 0.0129348812 4.11133603
988 4062 12.9348925 0.0129348925 4.11133603
988 4062 12.9348978 0.0129348978 4.11133603
988 4062 12.9348986 0.0129348986 4.11133603
987 4053 12.9286011 0.0129286011 4.10638298
987 4053 12.928574 0.012928574 4.10638298
987 4053 12.9304127 0.0129304127 4.10638298
987 4053 12.9303985 0.0129303985 4.10638298
987 4053 12.930405 0.012930405 4.10638298
987 4053 12.9304081 0.0129304081 4.10638298
987 4060 12.9304025 0.0129304025 4.11347518
987 4060 12.9303991 0.0129303991 4.11347518
987 4060 12.9304119 0.0129304119 4.11347518
987 4060 12.9304067 0.0129304067 4.11347518
986 4050 12.9246838 0.0129246838 4.10750507
986 4050 12.9247232 0.0129247232 4.10750507
986 4049 12.925608 0.012925608 4.10649087
986 4052 12.9259478 0.0129259478 4.10953347
986 4052 12.9259604 0.0129259604 4.10953347
986 4052 12.9259756 0.0129259756 4.10953347
986 4052 12.9259358 0.0129259358 4.10953347
986 4052 12.9259549 0.0129259549 4.10953347
986 4052 12.9259627 0.0129259627 4.10953347
986 4052 12.9259489 0.0129259489 4.10953347
985 4043 12.918941 0.012918941 4.10456853
985 4042 12.9201939 0.0129201939 4.1035533
985 4042 12.9203313 0.0129203313 4.1035533
985 4042 12.920329 0.012920329 4.1035533
985 4042 12.9203026 0.0129203026 4.1035533
985 4041 12.9211791 0.0129211791 4.10253807
985 4041 12.9212046 0.0129212046 4.10253807
985 4041 12.9211981 0.0129211981 4.10253807
985 4041 12.9211868 0.0129211868 4.10253807
985 4041 12.9211676 0.0129211676 4.10253807
984 4032 12.9150549 0.0129150549 4.09756098
984 4032 12.9150547 0.0129150547 4.09756098
984 4032 12.9150404 0.0129150404 4.09756098
984 4032 12.9150487 0.0129150487 4.09756098
984 4032 12.9150476 0.0129150476 4.09756098
984 4031 12.9154358 0.0129154358 4.09654472
984 4031 12.915451 0.012915451 4.09654472
984 4031 12.915614 0.012915614 4.09654472
984 4031 12.9156177 0.0129156177 4.09654472
984 4031 12.9155867 0.0129155867 4.09654472
983 4021 12.9098928 0.0129098928 4.09053917
983 4021 12.9098954 0.0129098954 4.09053917
983 4021 12.9099154 0.0129099154 4.09053917
983 4021 12.9099137 0.0129099137 4.09053917
983 4021 12.9099217 0.0129099217 4.09053917
983 4021 12.9099038 0.0129099038 4.09053917
983 4021 12.9099341 0.0129099341 4.09053917
983 4021 12.909931 0.012909931 4.09053917
983 4021 12.9098972 0.0129098972 4.09053917
983 4021 12.9099099 0.0129099099 4.09053917
982 4012 12.9029406 0.0129029406 4.08553971
982 4012 12.9029375 0.0129029375 4.08553971
982 4012 12.9029468 0.0129029468 4.08553971
982 4012 12.9029371 0.0129029371 4.08553971
982 4008 12.9041935 0.0129041935 4.0814664
982 4011 12.9042314 0.0129042314 4.08452138
982 4011 12.9042189 0.0129042189 4.08452138
982 4011 12.9042139 0.0129042139 4.08452138
982 4011 12.9042034 0.0129042034 4.08452138
982 4011 12.9042128 0.0129042128 4.08452138
981 3998 12.8969854 0.0128969854 4.07543323
981 4001 12.8980592 0.0128980592 4.07849134
981 4003 12.8998848 0.0128998848 4.08053007
981 4003 12.8998613 0.0128998613 4.08053007
981 4003 12.899883 0.012899883 4.08053007
981 4003 12.8998888 0.0128998888 4.08053007
981 4003 12.8998572 0.0128998572 4.08053007
981 4003 12.8998829 0.0128998829 4.08053007
981 4003 12.8998911 0.0128998911 4.08053007
981 4003 12.8998896 0.0128998896 4.08053007
980 3992 12.8922925 0.0128922925 4.07346939
980 3994 12.8929474 0.0128929474 4.0755102
980 3994 12.8929886 0.0128929886 4.0755102
980 3994 12.89294 0.01289294 4.0755102
980 3994 12.8929443 0.0128929443 4.0755102
980 3994 12.8929589 0.0128929589 4.0755102
980 3994 12.8929758 0.0128929758 4.0755102
980 3993 12.8937232 0.0128937232 4.0744898
980 3990 12.8941391 0.0128941391 4.07142857
980 3990 12.8941294 0.0128941294 4.07142857
979 3977 12.8869193 0.0128869193 4.06230848
979 3977 12.8869298 0.0128869298 4.06230848
979 3977 12.8869069 0.0128869069 4.06230848
979 3981 12.888087 0.012888087 4.06639428
979 3981 12.8881153 0.0128881153 4.06639428
979 3981 12.8881233 0.0128881233 4.06639428
979 3981 12.8881167 0.0128881167 4.06639428
979 3981 12.8881158 0.0128881158 4.06639428
979 3981 12.8881087 0.0128881087 4.06639428
979 3981 12.8881329 0.0128881329 4.06639428
978 3967 12.8792482 0.0128792482 4.05623722
978 3974 12.8799807 0.0128799807 4.06339468
978 3968 12.8809312 0.0128809312 4.05725971
978 3968 12.8808775 0.0128808775 4.05725971
978 3971 12.8819624 0.0128819624 4.0603272
978 3971 12.881952 0.012881952 4.0603272
978 3971 12.8819223 0.0128819223 4.0603272
978 3971 12.8819298 0.0128819298 4.0603272
978 3971 12.8819156 0.0128819156 4.0603272
978 3971 12.8819621 0.0128819621 4.0603272
977 3957 12.8730244 0.0128730244 4.05015353
977 3957 12.8730175 0.0128730175 4.05015353
977 3961 12.873892 0.012873892 4.0542477
977 3961 12.8738692 0.0128738692 4.0542477
977 3958 12.8747689 0.0128747689 4.05117707
977 3958 12.8747725 0.0128747725 4.05117707
977 3958 12.8747791 0.0128747791 4.05117707
977 3958 12.8747787 0.0128747787 4.05117707
977 3958 12.8747505 0.0128747505 4.05117707
977 3958 12.8747572 0.0128747572 4.05117707
976 3954 12.8653861 0.0128653861 4.05122951
976 3947 12.8672448 0.0128672448 4.04405738
976 3948 12.8668029 0.0128668029 4.04508197
976 3948 12.8668126 0.0128668126 4.04508197
976 3948 12.8667939 0.0128667939 4.04508197
976 3948 12.8668234 0.0128668234 4.04508197
976 3950 12.8680115 0.0128680115 4.04713115
976 3950 12.8680319 0.0128680319 4.04713115
976 3950 12.8680533 0.0128680533 4.04713115
976 3950 12.8680221 0.0128680221 4.04713115
975 3946 12.8589282 0.0128589282 4.04717949
975 3946 12.8589448 0.0128589448 4.04717949
975 3946 12.8589632 0.0128589632 4.04717949
975 3939 12.8612691 0.0128612691 4.04
975 3939 12.8612918 0.0128612918 4.04
975 3939 12.8612875 0.0128612875 4.04
975 3939 12.8612537 0.0128612537 4.04
975 3939 12.8612772 0.0128612772 4.04
975 3939 12.8612661 0.0128612661 4.04
975 3939 12.8612748 0.0128612748 4.04
974 3931 12.8512074 0.0128512074 4.03593429
974 3933 12.8535996 0.0128535996 4.03798768
974 3933 12.8536325 0.0128536325 4.03798768
974 3933 12.8536306 0.0128536306 4.03798768
974 3933 12.853611 0.012853611 4.03798768
974 3933 12.8536205 0.0128536205 4.03798768
974 3933 12.8536451 0.0128536451 4.03798768
974 3933 12.853644 0.012853644 4.03798768
974 3933 12.8535985 0.0128535985 4.03798768
974 3930 12.8542827 0.0128542827 4.0349076
973 3923 12.8447669 0.0128447669 4.03186023
973 3922 12.8442945 0.0128442945 4.03083248
973 3923 12.8447385 0.0128447385 4.03186023
973 3923 12.8447449 0.0128447449 4.03186023
973 3923 12.8465809 0.0128465809 4.03186023
973 3923 12.8465718 0.0128465718 4.03186023
973 3924 12.8466081 0.0128466081 4.03288798
973 3924 12.8466474 0.0128466474 4.03288798
973 3924 12.8466716 0.0128466716 4.03288798
973 3917 12.8472477 0.0128472477 4.02569373
972 3913 12.8381787 0.0128381787 4.02572016
972 3911 12.8394938 0.0128394938 4.02366255
972 3911 12.8395657 0.0128395657 4.02366255
972 3911 12.8395534 0.0128395534 4.02366255
972 3911 12.8395439 0.0128395439 4.02366255
972 3911 12.8395623 0.0128395623 4.02366255
972 3911 12.8395271 0.0128395271 4.02366255
972 3911 12.8395554 0.0128395554 4.02366255
972 3911 12.8395694 0.0128395694 4.02366255
972 3911 12.8395382 0.0128395382 4.02366255
971 3907 12.8302946 0.0128302946 4.02368692
971 3897 12.8307606 0.0128307606 4.01338826
971 3897 12.8307717 0.0128307717 4.01338826
971 3897 12.8307862 0.0128307862 4.01338826
971 3897 12.8307324 0.0128307324 4.01338826
971 3897 12.830763 0.012830763 4.01338826
971 3904 12.831819 0.012831819 4.02059732
971 3901 12.8325986 0.0128325986 4.01750772
971 3901 12.8325966 0.0128325966 4.01750772
971 3901 12.8325967 0.0128325967 4.01750772
970 3887 12.82413 0.01282413 4.00721649
970 3887 12.8240939 0.0128240939 4.00721649
970 3887 12.8240931 0.0128240931 4.00721649
970 3887 12.8241041 0.0128241041 4.00721649
970 3887 12.8240946 0.0128240946 4.00721649
970 3887 12.8240887 0.0128240887 4.00721649
970 3887 12.8241262 0.0128241262 4.00721649
970 3887 12.8240928 0.0128240928 4.00721649
970 3887 12.8240962 0.0128240962 4.00721649
970 3887 12.8240943 0.0128240943 4.00721649
969 3880 12.8128663 0.0128128663 4.00412797
969 3883 12.815425 0.012815425 4.00722394
969 3883 12.8154111 0.0128154111 4.00722394
969 3883 12.8154065 0.0128154065 4.00722394
969 3883 12.8154066 0.0128154066 4.00722394
969 3883 12.8153808 0.0128153808 4.00722394
969 3883 12.8153936 0.0128153936 4.00722394
969 3883 12.8154342 0.0128154342 4.00722394
969 3883 12.8154146 0.0128154146 4.00722394
969 3883 12.8154186 0.0128154186 4.00722394
968 3877 12.8054683 0.0128054683 4.00516529
968 3879 12.8064339 0.0128064339 4.0072314
968 3879 12.8064792 0.0128064792 4.0072314
968 3879 12.8064668 0.0128064668 4.0072314
968 3879 12.8064647 0.0128064647 4.0072314
968 3879 12.8064595 0.0128064595 4.0072314
968 3877 12.8076845 0.0128076845 4.00516529
968 3877 12.8076619 0.0128076619 4.00516529
968 3877 12.8076803 0.0128076803 4.00516529
968 3877 12.8076622 0.0128076622 4.00516529
967 3873 12.7987087 0.0127987087 4.00517063
967 3873 12.798713 0.012798713 4.00517063
967 3873 12.7987272 0.0127987272 4.00517063
967 3873 12.7987159 0.0127987159 4.00517063
967 3873 12.7987004 0.0127987004 4.00517063
967 3873 12.7987244 0.0127987244 4.00517063
967 3873 12.798698 0.012798698 4.00517063
967 3873 12.7986774 0.0127986774 4.00517063
967 3873 12.798696 0.012798696 4.00517063
967 3873 12.7987129 0.0127987129 4.00517063
966 3867 12.7886843 0.0127886843 4.00310559
966 3867 12.7886397 0.0127886397 4.00310559
966 3867 12.7886569 0.0127886569 4.00310559
966 3862 12.7886374 0.0127886374 3.99792961
966 3862 12.7886339 0.0127886339 3.99792961
966 3862 12.7886208 0.0127886208 3.99792961
966 3866 12.7895333 0.0127895333 4.00207039
966 3866 12.7895486 0.0127895486 4.00207039
966 3865 12.7888871 0.0127888871 4.0010352
966 3865 12.7888392 0.0127888392 4.0010352
965 3854 12.7800048 0.0127800048 3.99378238
965 3854 12.7799381 0.0127799381 3.99378238
965 3851 12.7807132 0.0127807132 3.99067358
965 3851 12.780713 0.012780713 3.99067358
965 3851 12.7807223 0.0127807223 3.99067358
965 3851 12.78075 0.01278075 3.99067358
965 3851 12.7807508 0.0127807508 3.99067358
965 3851 12.7807435 0.0127807435 3.99067358
965 3851 12.7807593 0.0127807593 3.99067358
965 3851 12.7807416 0.0127807416 3.99067358
964 3845 12.7707473 0.0127707473 3.98858921
964 3845 12.7707649 0.0127707649 3.98858921
964 3845 12.7707987 0.0127707987 3.98858921
964 3840 12.770756 0.012770756 3.98340249
964 3840 12.7707493 0.0127707493 3.98340249
964 3840 12.7707587 0.0127707587 3.98340249
964 3840 12.770784 0.012770784 3.98340249
964 3840 12.7707547 0.0127707547 3.98340249
964 3840 12.7707802 0.0127707802 3.98340249
964 3840 12.770789 0.012770789 3.98340249
963 3837 12.7580432 0.0127580432 3.98442368
963 3833 12.7599252 0.0127599252 3.98026999
963 3833 12.7599936 0.0127599936 3.98026999
963 3834 12.7608717 0.0127608717 3.98130841
963 3834 12.760894 0.012760894 3.98130841
963 3834 12.7609349 0.0127609349 3.98130841
963 3834 12.7609372 0.0127609372 3.98130841
963 3834 12.7608982 0.0127608982 3.98130841
963 3834 12.760924 0.012760924 3.98130841
963 3836 12.7619467 0.0127619467 3.98338525
962 3829 12.7495711 0.0127495711 3.98024948
962 3829 12.7513413 0.0127513413 3.98024948
962 3829 12.751246 0.012751246 3.98024948
962 3829 12.7512449 0.0127512449 3.98024948
962 3829 12.75127 0.01275127 3.98024948
962 3829 12.7512788 0.0127512788 3.98024948
962 3830 12.752096 0.012752096 3.98128898
962 3830 12.7521212 0.0127521212 3.98128898
962 3830 12.7520664 0.0127520664 3.98128898
962 3830 12.7521078 0.0127521078 3.98128898
961 3823 12.7410171 0.0127410171 3.97814776
961 3823 12.7409546 0.0127409546 3.97814776
961 3823 12.7410078 0.0127410078 3.97814776
961 3823 12.7409872 0.0127409872 3.97814776
961 3823 12.7409802 0.0127409802 3.97814776
961 3823 12.7409738 0.0127409738 3.97814776
961 3823 12.7413479 0.0127413479 3.97814776
961 3827 12.7415676 0.0127415676 3.98231009
961 3827 12.7415796 0.0127415796 3.98231009
961 3827 12.7416385 0.0127416385 3.98231009
960 3816 12.7291411 0.0127291411 3.975
960 3816 12.7291129 0.0127291129 3.975
960 3823 12.7300385 0.0127300385 3.98229167
960 3820 12.7308757 0.0127308757 3.97916667
960 3820 12.7308267 0.0127308267 3.97916667
960 3820 12.730883 0.012730883 3.97916667
960 3820 12.7308283 0.0127308283 3.97916667
960 3820 12.7308581 0.0127308581 3.97916667
960 3820 12.7308448 0.0127308448 3.97916667
960 3820 12.7308804 0.0127308804 3.97916667
959 3811 12.718423 0.012718423 3.97393118
959 3812 12.7230099 0.0127230099 3.97497393
959 3812 12.7230481 0.0127230481 3.97497393
959 3812 12.7230493 0.0127230493 3.97497393
959 3812 12.7229607 0.0127229607 3.97497393
959 3812 12.7229894 0.0127229894 3.97497393
959 3812 12.7230108 0.0127230108 3.97497393
959 3812 12.7230197 0.0127230197 3.97497393
959 3812 12.722961 0.012722961 3.97497393
959 3812 12.7230187 0.0127230187 3.97497393
958 3805 12.7104808 0.0127104808 3.97181628
958 3805 12.710449 0.012710449 3.97181628
958 3805 12.7104517 0.0127104517 3.97181628
958 3808 12.711808 0.012711808 3.97494781
958 3808 12.7118045 0.0127118045 3.97494781
958 3808 12.7118038 0.0127118038 3.97494781
958 3808 12.7118213 0.0127118213 3.97494781
958 3805 12.7145837 0.0127145837 3.97181628
958 3805 12.7145866 0.0127145866 3.97181628
958 3805 12.714583 0.012714583 3.97181628
957 3794 12.7037286 0.0127037286 3.96447231
957 3801 12.7035296 0.0127035296 3.97178683
957 3801 12.7034742 0.0127034742 3.97178683
957 3801 12.7035077 0.0127035077 3.97178683
957 3801 12.7035187 0.0127035187 3.97178683
957 3797 12.7037293 0.0127037293 3.96760711
957 3797 12.7036783 0.0127036783 3.96760711
957 3797 12.7037113 0.0127037113 3.96760711
957 3797 12.7037332 0.0127037332 3.96760711
957 3797 12.7037322 0.0127037322 3.96760711
956 3794 12.6910711 0.0126910711 3.96861925
956 3794 12.6911386 0.0126911386 3.96861925
956 3794 12.6911187 0.0126911187 3.96861925
956 3794 12.6910969 0.0126910969 3.96861925
956 3793 12.692778 0.012692778 3.96757322
956 3793 12.6927492 0.0126927492 3.96757322
956 3793 12.6927633 0.0126927633 3.96757322
956 3793 12.6927959 0.0126927959 3.96757322
956 3793 12.6927561 0.0126927561 3.96757322
956 3790 12.6933166 0.0126933166 3.96443515
955 3786 12.6824131 0.0126824131 3.96439791
955 3786 12.6823584 0.0126823584 3.96439791
955 3786 12.6824369 0.0126824369 3.96439791
955 3786 12.6824112 0.0126824112 3.96439791
955 3786 12.6824389 0.0126824389 3.96439791
954 3780 12.6749938 0.0126749938 3.96226415
954 3780 12.6750115 0.0126750115 3.96226415
954 3780 12.6750391 0.0126750391 3.96226415
954 3780 12.674935 0.012674935 3.96226415
954 3780 12.6749635 0.0126749635 3.96226415
953 3771 12.6621204 0.0126621204 3.95697796
953 3777 12.662489 0.012662489 3.96327387
953 3777 12.6624886 0.0126624886 3.96327387
953 3777 12.662473 0.012662473 3.96327387
953 3777 12.6624553 0.0126624553 3.96327387
953 3777 12.6625004 0.0126625004 3.96327387
953 3777 12.6625411 0.0126625411 3.96327387
953 3777 12.662534 0.012662534 3.96327387
953 3777 12.6625135 0.0126625135 3.96327387
953 3777 12.6624671 0.0126624671 3.96327387
952 3768 12.6496001 0.0126496001 3.95798319
952 3772 12.6508868 0.0126508868 3.96218487
952 3772 12.6508026 0.0126508026 3.96218487
952 3772 12.6508814 0.0126508814 3.96218487
952 3772 12.6508891 0.0126508891 3.96218487
952 3772 12.6508503 0.0126508503 3.96218487
952 3772 12.6508401 0.0126508401 3.96218487
952 3772 12.6508441 0.0126508441 3.96218487
952 3772 12.6508862 0.0126508862 3.96218487
952 3772 12.6509163 0.0126509163 3.96218487
951 3763 12.6376863 0.0126376863 3.95688749
951 3763 12.6377137 0.0126377137 3.95688749
951 3763 12.6377514 0.0126377514 3.95688749
951 3763 12.6376728 0.0126376728 3.95688749
951 3763 12.6376907 0.0126376907 3.95688749
951 3763 12.6376967 0.0126376967 3.95688749
951 3763 12.6377173 0.0126377173 3.95688749
951 3763 12.6391413 0.0126391413 3.95688749
951 3763 12.6391816 0.0126391816 3.95688749
951 3756 12.6430677 0.0126430677 3.94952681
950 3747 12.6298556 0.0126298556 3.94421053
950 3753 12.630597 0.012630597 3.95052632
950 3753 12.6306249 0.0126306249 3.95052632
950 3749 12.6305258 0.0126305258 3.94631579
950 3749 12.6305608 0.0126305608 3.94631579
950 3749 12.6305132 0.0126305132 3.94631579
950 3753 12.6306512 0.0126306512 3.95052632
950 3753 12.6306739 0.0126306739 3.95052632
950 3753 12.6305576 0.0126305576 3.95052632
950 3753 12.6306958 0.0126306958 3.95052632
949 3744 12.6179368 0.0126179368 3.94520548
949 3744 12.6199903 0.0126199903 3.94520548
949 3744 12.6199394 0.0126199394 3.94520548
949 3744 12.6199235 0.0126199235 3.94520548
949 3744 12.6198674 0.0126198674 3.94520548
949 3744 12.6199246 0.0126199246 3.94520548
949 3744 12.6198921 0.0126198921 3.94520548
949 3744 12.6199379 0.0126199379 3.94520548
949 3744 12.6199312 0.0126199312 3.94520548
949 3744 12.6199643 0.0126199643 3.94520548
948 3738 12.6061428 0.0126061428 3.94303797
948 3738 12.6061653 0.0126061653 3.94303797
948 3738 12.6061165 0.0126061165 3.94303797
948 3732 12.6068202 0.0126068202 3.93670886
948 3732 12.6067931 0.0126067931 3.93670886
948 3732 12.606767 0.012606767 3.93670886
948 3739 12.6069537 0.0126069537 3.94409283
948 3739 12.6068924 0.0126068924 3.94409283
948 3739 12.6068582 0.0126068582 3.94409283
948 3734 12.6080025 0.0126080025 3.93881857
947 3725 12.5948567 0.0125948567 3.93347413
947 3722 12.5952974 0.0125952974 3.93030623
947 3722 12.5953062 0.0125953062 3.93030623
947 3722 12.5952396 0.0125952396 3.93030623
947 3722 12.595334 0.012595334 3.93030623
947 3727 12.5955518 0.0125955518 3.93558606
947 3727 12.5953837 0.0125953837 3.93558606
947 3727 12.5953645 0.0125953645 3.93558606
947 3727 12.5954605 0.0125954605 3.93558606
947 3727 12.5954136 0.0125954136 3.93558606
946 3720 12.581707 0.012581707 3.93234672
946 3720 12.5816891 0.0125816891 3.93234672
946 3718 12.5823754 0.0125823754 3.93023256
946 3718 12.5823128 0.0125823128 3.93023256
946 3718 12.582285 0.012582285 3.93023256
946 3718 12.5822985 0.0125822985 3.93023256
946 3722 12.5821662 0.0125821662 3.93446089
946 3718 12.582339 0.012582339 3.93023256
946 3718 12.582345 0.012582345 3.93023256
946 3718 12.5824051 0.0125824051 3.93023256
945 3706 12.569708 0.012569708 3.92169312
945 3706 12.5695854 0.0125695854 3.92169312
945 3706 12.5696186 0.0125696186 3.92169312
945 3706 12.5696753 0.0125696753 3.92169312
945 3706 12.5696497 0.0125696497 3.92169312
945 3706 12.5696814 0.0125696814 3.92169312
945 3706 12.5696941 0.0125696941 3.92169312
945 3706 12.5696237 0.0125696237 3.92169312
945 3706 12.5696623 0.0125696623 3.92169312
945 3706 12.5696445 0.0125696445 3.92169312
944 3698 12.5531529 0.0125531529 3.91737288
944 3703 12.5548434 0.0125548434 3.92266949
944 3694 12.5548601 0.0125548601 3.91313559
944 3694 12.5548496 0.0125548496 3.91313559
944 3701 12.5565666 0.0125565666 3.92055085
944 3701 12.5565807 0.0125565807 3.92055085
944 3701 12.5570551 0.0125570551 3.92055085
944 3701 12.5570161 0.0125570161 3.92055085
944 3701 12.5571056 0.0125571056 3.92055085
944 3701 12.5570784 0.0125570784 3.92055085
943 3693 12.5401608 0.0125401608 3.91622481
943 3693 12.5401103 0.0125401103 3.91622481
943 3693 12.5402255 0.0125402255 3.91622481
943 3695 12.5434696 0.0125434696 3.91834571
943 3695 12.5435462 0.0125435462 3.91834571
943 3695 12.5435417 0.0125435417 3.91834571
943 3695 12.5434556 0.0125434556 3.91834571
943 3695 12.5434362 0.0125434362 3.91834571
943 3695 12.5434729 0.0125434729 3.91834571
943 3695 12.5434292 0.0125434292 3.91834571
942 3686 12.5304808 0.0125304808 3.91295117
942 3686 12.5304827 0.0125304827 3.91295117
942 3686 12.5304542 0.0125304542 3.91295117
942 3686 12.5304511 0.0125304511 3.91295117
942 3686 12.5304279 0.0125304279 3.91295117
942 3686 12.5305325 0.0125305325 3.91295117
942 3686 12.5304162 0.0125304162 3.91295117
942 3686 12.5305276 0.0125305276 3.91295117
942 3686 12.5305091 0.0125305091 3.91295117
942 3686 12.5303976 0.0125303976 3.91295117
941 3674 12.5158708 0.0125158708 3.90435707
941 3674 12.5158043 0.0125158043 3.90435707
941 3679 12.5168608 0.0125168608 3.90967056
941 3679 12.5169791 0.0125169791 3.90967056
941 3679 12.5168904 0.0125168904 3.90967056
941 3679 12.5169456 0.0125169456 3.90967056
941 3679 12.5169526 0.0125169526 3.90967056
941 3679 12.5169445 0.0125169445 3.90967056
941 3679 12.5168831 0.0125168831 3.90967056
941 3679 12.516994 0.012516994 3.90967056
940 3667 12.5010611 0.0125010611 3.90106383
940 3667 12.50115 0.01250115 3.90106383
940 3676 12.5023218 0.0125023218 3.9106383
940 3676 12.5023338 0.0125023338 3.9106383
940 3676 12.5023609 0.0125023609 3.9106383
940 3676 12.5022967 0.0125022967 3.9106383
940 3676 12.5022983 0.0125022983 3.9106383
940 3676 12.5023083 0.0125023083 3.9106383
940 3676 12.5022799 0.0125022799 3.9106383
940 3676 12.5023168 0.0125023168 3.9106383
939 3670 12.4856602 0.0124856602 3.90841321
939 3670 12.4856065 0.0124856065 3.90841321
939 3670 12.485592 0.012485592 3.90841321
939 3668 12.4856917 0.0124856917 3.90628328
939 3668 12.4856813 0.0124856813 3.90628328
939 3664 12.4865681 0.0124865681 3.90202343
939 3664 12.4866249 0.0124866249 3.90202343
939 3664 12.486516 0.012486516 3.90202343
939 3664 12.4865447 0.0124865447 3.90202343
939 3664 12.4865142 0.0124865142 3.90202343
938 3658 12.4695496 0.0124695496 3.89978678
938 3658 12.4696452 0.0124696452 3.89978678
938 3658 12.4695686 0.0124695686 3.89978678
938 3658 12.469605 0.012469605 3.89978678
938 3658 12.4695054 0.0124695054 3.89978678
938 3658 12.4696081 0.0124696081 3.89978678
938 3658 12.4696461 0.0124696461 3.89978678
938 3652 12.4720348 0.0124720348 3.89339019
938 3652 12.4721108 0.0124721108 3.89339019
938 3652 12.4721482 0.0124721482 3.89339019
937 3644 12.4555782 0.0124555782 3.88900747
937 3644 12.4556348 0.0124556348 3.88900747
937 3644 12.4565669 0.0124565669 3.88900747
937 3644 12.4566421 0.0124566421 3.88900747
937 3644 12.4566273 0.0124566273 3.88900747
937 3644 12.4565703 0.0124565703 3.88900747
937 3644 12.4565859 0.0124565859 3.88900747
937 3644 12.4565305 0.0124565305 3.88900747
937 3644 12.4565593 0.0124565593 3.88900747
937 3644 12.4565364 0.0124565364 3.88900747
936 3638 12.438398 0.012438398 3.88675214
936 3639 12.4383721 0.0124383721 3.88782051
936 3638 12.4394195 0.0124394195 3.88675214
936 3638 12.4395075 0.0124395075 3.88675214
936 3636 12.4396582 0.0124396582 3.88461538
936 3636 12.4397137 0.0124397137 3.88461538
936 3636 12.4396587 0.0124396587 3.88461538
936 3636 12.4397343 0.0124397343 3.88461538
936 3636 12.4396949 0.0124396949 3.88461538
936 3636 12.4395602 0.0124395602 3.88461538
935 3628 12.4213794 0.0124213794 3.8802139
935 3629 12.4224226 0.0124224226 3.88128342
935 3629 12.4224584 0.0124224584 3.88128342
935 3629 12.4226147 0.0124226147 3.88128342
935 3629 12.4225609 0.0124225609 3.88128342
935 3629 12.4226139 0.0124226139 3.88128342
935 3631 12.421682 0.012421682 3.88342246
935 3631 12.4217103 0.0124217103 3.88342246
935 3631 12.4217012 0.0124217012 3.88342246
935 3629 12.4154547 0.0124154547 3.88128342
934 3621 12.3990055 0.0123990055 3.87687366
934 3623 12.4154114 0.0124154114 3.87901499
934 3623 12.4154018 0.0124154018 3.87901499
934 3623 12.4154272 0.0124154272 3.87901499
934 3623 12.4153591 0.0124153591 3.87901499
934 3623 12.4154455 0.0124154455 3.87901499
934 3623 12.4153924 0.0124153924 3.87901499
934 3625 12.4170628 0.0124170628 3.88115632
934 3625 12.417045 0.012417045 3.88115632
934 3625 12.4170693 0.0124170693 3.88115632
933 3621 12.3994581 0.0123994581 3.88102894
933 3619 12.3992551 0.0123992551 3.87888532
933 3619 12.3988118 0.0123988118 3.87888532
933 3619 12.3981641 0.0123981641 3.87888532
933 3618 12.403003 0.012403003 3.8778135
933 3618 12.4030279 0.0124030279 3.8778135
933 3618 12.4030529 0.0124030529 3.8778135
933 3618 12.4029918 0.0124029918 3.8778135
933 3618 12.4030856 0.0124030856 3.8778135
933 3618 12.4029569 0.0124029569 3.8778135
932 3611 12.3857994 0.0123857994 3.87446352
932 3613 12.3874442 0.0123874442 3.87660944
932 3613 12.3874472 0.0123874472 3.87660944
932 3613 12.3874739 0.0123874739 3.87660944
932 3612 12.387936 0.012387936 3.87553648
932 3619 12.3863768 0.0123863768 3.88304721
932 3618 12.3866262 0.0123866262 3.88197425
932 3618 12.3865453 0.0123865453 3.88197425
932 3617 12.3790826 0.0123790826 3.88090129
932 3616 12.3866261 0.0123866261 3.87982833
931 3610 12.370614 0.012370614 3.87755102
931 3610 12.3707081 0.0123707081 3.87755102
931 3611 12.371015 0.012371015 3.87862513
931 3611 12.3711561 0.0123711561 3.87862513
931 3611 12.3711481 0.0123711481 3.87862513
931 3611 12.3711292 0.0123711292 3.87862513
931 3611 12.3710937 0.0123710937 3.87862513
931 3611 12.3711394 0.0123711394 3.87862513
931 3611 12.3710649 0.0123710649 3.87862513
931 3611 12.3711183 0.0123711183 3.87862513
930 3599 12.3575983 0.0123575983 3.86989247
930 3599 12.3576268 0.0123576268 3.86989247
930 3599 12.3575153 0.0123575153 3.86989247
930 3599 12.3575825 0.0123575825 3.86989247
930 3599 12.3576349 0.0123576349 3.86989247
930 3599 12.3575845 0.0123575845 3.86989247
930 3599 12.3576099 0.0123576099 3.86989247
930 3599 12.3576019 0.0123576019 3.86989247
930 3599 12.3576163 0.0123576163 3.86989247
930 3599 12.3576381 0.0123576381 3.86989247
929 3591 12.3403186 0.0123403186 3.86544672
929 3592 12.3407996 0.0123407996 3.86652314
929 3592 12.3408677 0.0123408677 3.86652314
929 3592 12.3409139 0.0123409139 3.86652314
929 3592 12.3409111 0.0123409111 3.86652314
929 3592 12.3409863 0.0123409863 3.86652314
929 3592 12.3409556 0.0123409556 3.86652314
929 3592 12.3408981 0.0123408981 3.86652314
929 3592 12.3409185 0.0123409185 3.86652314
929 3592 12.3409412 0.0123409412 3.86652314
928 3587 12.3233306 0.0123233306 3.86530172
928 3586 12.3257279 0.0123257279 3.86422414
928 3586 12.3257674 0.0123257674 3.86422414
928 3586 12.3257056 0.0123257056 3.86422414
928 3586 12.3257822 0.0123257822 3.86422414
928 3586 12.3257495 0.0123257495 3.86422414
928 3586 12.3256834 0.0123256834 3.86422414
928 3586 12.3257523 0.0123257523 3.86422414
928 3586 12.325745 0.012325745 3.86422414
928 3586 12.3256218 0.0123256218 3.86422414
927 3582 12.3092199 0.0123092199 3.86407767
927 3582 12.3092372 0.0123092372 3.86407767
927 3578 12.3093801 0.0123093801 3.85976268
927 3578 12.3100108 0.0123100108 3.85976268
927 3578 12.3100277 0.0123100277 3.85976268
927 3578 12.3100115 0.0123100115 3.85976268
927 3578 12.310056 0.012310056 3.85976268
927 3578 12.3100254 0.0123100254 3.85976268
927 3578 12.3100261 0.0123100261 3.85976268
927 3578 12.3100393 0.0123100393 3.85976268
926 3573 12.2894844 0.0122894844 3.85853132
926 3574 12.2931654 0.0122931654 3.85961123
926 3574 12.2931818 0.0122931818 3.85961123
926 3574 12.2932117 0.0122932117 3.85961123
926 3574 12.2931729 0.0122931729 3.85961123
926 3574 12.2932012 0.0122932012 3.85961123
926 3574 12.2932163 0.0122932163 3.85961123
926 3574 12.2931914 0.0122931914 3.85961123
926 3574 12.2932031 0.0122932031 3.85961123
926 3574 12.2931485 0.0122931485 3.85961123
925 3567 12.2754631 0.0122754631 3.85621622
925 3568 12.2767822 0.0122767822 3.8572973
925 3568 12.2767492 0.0122767492 3.8572973
925 3568 12.2767709 0.0122767709 3.8572973
925 3564 12.2772852 0.0122772852 3.85297297
925 3564 12.277242 0.012277242 3.85297297
925 3564 12.2771655 0.0122771655 3.85297297
925 3564 12.2771947 0.0122771947 3.85297297
925 3564 12.2772346 0.0122772346 3.85297297
925 3564 12.2771392 0.0122771392 3.85297297
924 3556 12.2574808 0.0122574808 3.84848485
924 3560 12.2607482 0.0122607482 3.85281385
924 3560 12.2607218 0.0122607218 3.85281385
924 3560 12.2606487 0.0122606487 3.85281385
924 3560 12.2606534 0.0122606534 3.85281385
924 3560 12.2606679 0.0122606679 3.85281385
924 3560 12.2606623 0.0122606623 3.85281385
924 3560 12.2606379 0.0122606379 3.85281385
924 3560 12.2607907 0.0122607907 3.85281385
924 3560 12.2607433 0.0122607433 3.85281385
923 3552 12.2400849 0.0122400849 3.84832069
923 3555 12.242405 0.012242405 3.85157096
923 3555 12.2423976 0.0122423976 3.85157096
923 3555 12.2429025 0.0122429025 3.85157096
923 3552 12.2383449 0.0122383449 3.84832069
923 3552 12.2382896 0.0122382896 3.84832069
923 3552 12.2381963 0.0122381963 3.84832069
923 3552 12.2382818 0.0122382818 3.84832069
923 3553 12.2448985 0.0122448985 3.84940412
923 3553 12.244811 0.012244811 3.84940412
922 3548 12.2245177 0.0122245177 3.84815618
922 3546 12.2272063 0.0122272063 3.84598698
922 3546 12.2272587 0.0122272587 3.84598698
922 3546 12.2272684 0.0122272684 3.84598698
922 3547 12.2282898 0.0122282898 3.84707158
922 3547 12.2282495 0.0122282495 3.84707158
922 3547 12.2282585 0.0122282585 3.84707158
922 3547 12.228243 0.012228243 3.84707158
922 3547 12.2282379 0.0122282379 3.84707158
922 3547 12.2282444 0.0122282444 3.84707158
921 3541 12.2109684 0.0122109684 3.84473398
921 3541 12.2109654 0.0122109654 3.84473398
921 3541 12.2110427 0.0122110427 3.84473398
921 3541 12.2110217 0.0122110217 3.84473398
921 3541 12.210914 0.012210914 3.84473398
921 3541 12.2110866 0.0122110866 3.84473398
921 3541 12.210952 0.012210952 3.84473398
921 3541 12.2110203 0.0122110203 3.84473398
921 3539 12.2202987 0.0122202987 3.84256243
921 3539 12.2202955 0.0122202955 3.84256243
920 3534 12.2018736 0.0122018736 3.84130435
920 3534 12.2018963 0.0122018963 3.84130435
920 3534 12.2018682 0.0122018682 3.84130435
920 3534 12.2018687 0.0122018687 3.84130435
920 3533 12.2031742 0.0122031742 3.84021739
920 3533 12.2031676 0.0122031676 3.84021739
920 3533 12.2031328 0.0122031328 3.84021739
920 3533 12.203152 0.012203152 3.84021739
920 3533 12.2031698 0.0122031698 3.84021739
920 3533 12.2030877 0.0122030877 3.84021739
919 3529 12.1829332 0.0121829332 3.84004353
919 3529 12.1830784 0.0121830784 3.84004353
919 3529 12.1829999 0.0121829999 3.84004353
919 3525 12.1848207 0.0121848207 3.83569097
919 3525 12.184731 0.012184731 3.83569097
919 3525 12.1847007 0.0121847007 3.83569097
919 3525 12.1847692 0.0121847692 3.83569097
919 3525 12.1846861 0.0121846861 3.83569097
919 3525 12.1846493 0.0121846493 3.83569097
919 3525 12.1847549 0.0121847549 3.83569097
918 3518 12.1667792 0.0121667792 3.83224401
918 3518 12.1667178 0.0121667178 3.83224401
918 3518 12.1667548 0.0121667548 3.83224401
918 3518 12.1667645 0.0121667645 3.83224401
918 3518 12.166711 0.012166711 3.83224401
918 3518 12.1667871 0.0121667871 3.83224401
918 3518 12.1667827 0.0121667827 3.83224401
918 3521 12.1684426 0.0121684426 3.83551198
918 3521 12.1682601 0.0121682601 3.83551198
918 3521 12.1683375 0.0121683375 3.83551198
917 3516 12.1492641 0.0121492641 3.83424209
917 3516 12.1493374 0.0121493374 3.83424209
917 3516 12.1493308 0.0121493308 3.83424209
917 3516 12.1492698 0.0121492698 3.83424209
917 3516 12.1492867 0.0121492867 3.83424209
917 3516 12.1493757 0.0121493757 3.83424209
917 3516 12.1492962 0.0121492962 3.83424209
917 3513 12.1495579 0.0121495579 3.83097056
917 3513 12.1495243 0.0121495243 3.83097056
917 3513 12.1495586 0.0121495586 3.83097056
916 3506 12.1278979 0.0121278979 3.82751092
916 3506 12.1277653 0.0121277653 3.82751092
916 3505 12.1301753 0.0121301753 3.82641921
916 3505 12.1300909 0.0121300909 3.82641921
916 3505 12.1300735 0.0121300735 3.82641921
916 3505 12.1300787 0.0121300787 3.82641921
916 3505 12.1301269 0.0121301269 3.82641921
916 3505 12.1301541 0.0121301541 3.82641921
916 3505 12.1301634 0.0121301634 3.82641921
916 3508 12.1307934 0.0121307934 3.82969432
915 3501 12.1091969 0.0121091969 3.82622951
915 3500 12.1116671 0.0121116671 3.82513661
915 3500 12.1116309 0.0121116309 3.82513661
915 3500 12.1117207 0.0121117207 3.82513661
915 3500 12.1117838 0.0121117838 3.82513661
915 3504 12.1116588 0.0121116588 3.8295082
915 3500 12.1115767 0.0121115767 3.82513661
915 3500 12.1116472 0.0121116472 3.82513661
915 3500 12.11162 0.01211162 3.82513661
915 3500 12.1115706 0.0121115706 3.82513661
914 3497 12.0885191 0.0120885191 3.82603939
914 3493 12.0903046 0.0120903046 3.82166302
914 3493 12.0902228 0.0120902228 3.82166302
914 3493 12.0902527 0.0120902527 3.82166302
914 3491 12.0916477 0.0120916477 3.81947484
914 3491 12.0916081 0.0120916081 3.81947484
914 3491 12.0915246 0.0120915246 3.81947484
914 3491 12.0915961 0.0120915961 3.81947484
914 3491 12.091578 0.012091578 3.81947484
914 3491 12.091659 0.012091659 3.81947484
913 3484 12.0678711 0.0120678711 3.81599124
913 3481 12.0700504 0.0120700504 3.81270537
913 3481 12.0699405 0.0120699405 3.81270537
913 3481 12.0700274 0.0120700274 3.81270537
913 3481 12.0700249 0.0120700249 3.81270537
913 3481 12.0700693 0.0120700693 3.81270537
913 3481 12.069934 0.012069934 3.81270537
913 3481 12.0700213 0.0120700213 3.81270537
913 3481 12.0700262 0.0120700262 3.81270537
913 3481 12.0699743 0.0120699743 3.81270537
912 3474 12.0486679 0.0120486679 3.80921053
912 3473 12.048627 0.012048627 3.80811404
912 3477 12.0494325 0.0120494325 3.8125
912 3477 12.051871 0.012051871 3.8125
912 3477 12.0516918 0.0120516918 3.8125
912 3477 12.0517367 0.0120517367 3.8125
912 3477 12.0518208 0.0120518208 3.8125
912 3477 12.0517435 0.0120517435 3.8125
912 3477 12.0516383 0.0120516383 3.8125
912 3477 12.0517276 0.0120517276 3.8125
911 3469 12.0301386 0.0120301386 3.8079034
911 3470 12.0303385 0.0120303385 3.8090011
911 3470 12.0303067 0.0120303067 3.8090011
911 3470 12.0303357 0.0120303357 3.8090011
911 3470 12.0303328 0.0120303328 3.8090011
911 3470 12.0303335 0.0120303335 3.8090011
911 3470 12.0302792 0.0120302792 3.8090011
911 3470 12.0303297 0.0120303297 3.8090011
911 3470 12.0303077 0.0120303077 3.8090011
911 3470 12.0302713 0.0120302713 3.8090011
910 3462 12.0088679 0.0120088679 3.8043956
910 3462 12.0088593 0.0120088593 3.8043956
910 3462 12.0087443 0.0120087443 3.8043956
910 3462 12.0088115 0.0120088115 3.8043956
910 3462 12.0089192 0.0120089192 3.8043956
910 3467 12.0035961 0.0120035961 3.80989011
910 3467 12.0035151 0.0120035151 3.80989011
910 3462 12.0088989 0.0120088989 3.8043956
910 3462 12.0088308 0.0120088308 3.8043956
910 3462 12.0088684 0.0120088684 3.8043956
909 3455 11.9865529 0.0119865529 3.80088009
909 3455 11.9864757 0.0119864757 3.80088009
909 3458 11.9881565 0.0119881565 3.80418042
909 3458 11.988061 0.011988061 3.80418042
909 3458 11.9881753 0.0119881753 3.80418042
909 3458 11.988007 0.011988007 3.80418042
909 3458 11.9880984 0.0119880984 3.80418042
909 3458 11.987989 0.011987989 3.80418042
909 3458 11.9879857 0.0119879857 3.80418042
909 3458 11.9880752 0.0119880752 3.80418042
908 3451 11.9656205 0.0119656205 3.80066079
908 3451 11.9657086 0.0119657086 3.80066079
908 3451 11.9656659 0.0119656659 3.80066079
908 3455 11.9662736 0.0119662736 3.80506608
908 3455 11.9662235 0.0119662235 3.80506608
908 3455 11.9662328 0.0119662328 3.80506608
908 3455 11.9662239 0.0119662239 3.80506608
908 3455 11.9662834 0.0119662834 3.80506608
908 3455 11.9662096 0.0119662096 3.80506608
908 3449 11.9660129 0.0119660129 3.79845815
907 3446 11.9433717 0.0119433717 3.79933848
907 3446 11.9435563 0.0119435563 3.79933848
907 3446 11.9446111 0.0119446111 3.79933848
907 3446 11.9447026 0.0119447026 3.79933848
907 3446 11.9445433 0.0119445433 3.79933848
907 3446 11.9446021 0.0119446021 3.79933848
907 3446 11.9445539 0.0119445539 3.79933848
907 3446 11.9447631 0.0119447631 3.79933848
907 3445 11.9445757 0.0119445757 3.79823594
907 3445 11.9444808 0.0119444808 3.79823594
906 3439 11.9227263 0.0119227263 3.79580574
906 3438 11.9222997 0.0119222997 3.79470199
906 3438 11.9222859 0.0119222859 3.79470199
906 3438 11.9222516 0.0119222516 3.79470199
906 3438 11.9222112 0.0119222112 3.79470199
906 3438 11.9222384 0.0119222384 3.79470199
906 3438 11.9223004 0.0119223004 3.79470199
906 3438 11.9221933 0.0119221933 3.79470199
906 3438 11.9223121 0.0119223121 3.79470199
906 3442 11.9229632 0.0119229632 3.799117
905 3436 11.901145 0.011901145 3.79668508
905 3436 11.9011883 0.0119011883 3.79668508
905 3435 11.9010601 0.0119010601 3.79558011
905 3435 11.9009675 0.0119009675 3.79558011
905 3435 11.9010277 0.0119010277 3.79558011
905 3435 11.9010718 0.0119010718 3.79558011
905 3435 11.901051 0.011901051 3.79558011
905 3435 11.9009612 0.0119009612 3.79558011
905 3435 11.9010967 0.0119010967 3.79558011
905 3435 11.9010762 0.0119010762 3.79558011
904 3426 11.8779406 0.0118779406 3.78982301
904 3429 11.8784338 0.0118784338 3.79314159
904 3428 11.8771093 0.0118771093 3.7920354
904 3428 11.8773265 0.0118773265 3.7920354
904 3429 11.8795384 0.0118795384 3.79314159
904 3429 11.8794526 0.0118794526 3.79314159
904 3429 11.8794769 0.0118794769 3.79314159
904 3429 11.8794082 0.0118794082 3.79314159
904 3429 11.8793968 0.0118793968 3.79314159
904 3429 11.8795529 0.0118795529 3.79314159
903 3420 11.8549284 0.0118549284 3.78737542
903 3420 11.8542966 0.0118542966 3.78737542
903 3423 11.8576615 0.0118576615 3.79069767
903 3423 11.8576993 0.0118576993 3.79069767
903 3423 11.8576841 0.0118576841 3.79069767
903 3419 11.8627825 0.0118627825 3.786268
903 3419 11.8627491 0.0118627491 3.786268
903 3419 11.8626809 0.0118626809 3.786268
903 3419 11.8626646 0.0118626646 3.786268
903 3419 11.8627374 0.0118627374 3.786268
902 3409 11.8389859 0.0118389859 3.77937916
902 3410 11.8407792 0.0118407792 3.7804878
902 3410 11.8406479 0.0118406479 3.7804878
902 3410 11.8408666 0.0118408666 3.7804878
902 3410 11.8409625 0.0118409625 3.7804878
902 3410 11.8408753 0.0118408753 3.7804878
902 3406 11.8311606 0.0118311606 3.77605322
902 3406 11.8311108 0.0118311108 3.77605322
902 3406 11.8311365 0.0118311365 3.77605322
902 3406 11.8311083 0.0118311083 3.77605322
901 3397 11.8098502 0.0118098502 3.77025527
901 3397 11.8099347 0.0118099347 3.77025527
901 3401 11.8126711 0.0118126711 3.77469478
901 3401 11.8126616 0.0118126616 3.77469478
901 3401 11.8124382 0.0118124382 3.77469478
901 3401 11.8125289 0.0118125289 3.77469478
901 3401 11.8125332 0.0118125332 3.77469478
901 3401 11.8126531 0.0118126531 3.77469478
901 3401 11.8125753 0.0118125753 3.77469478
901 3401 11.8126337 0.0118126337 3.77469478
900 3394 11.7908085 0.0117908085 3.77111111
900 3394 11.7907497 0.0117907497 3.77111111
900 3394 11.7908247 0.0117908247 3.77111111
900 3391 11.7903473 0.0117903473 3.76777778
900 3392 11.7902784 0.0117902784 3.76888889
900 3391 11.789902 0.011789902 3.76777778
900 3391 11.7899015 0.0117899015 3.76777778
900 3391 11.789811 0.011789811 3.76777778
900 3393 11.7974397 0.0117974397 3.77
900 3393 11.7976234 0.0117976234 3.77
899 3386 11.7741311 0.0117741311 3.76640712
899 3386 11.7740929 0.0117740929 3.76640712
899 3384 11.7746529 0.0117746529 3.76418242
899 3384 11.78227 0.01178227 3.76418242
899 3384 11.782317 0.011782317 3.76418242
899 3384 11.7823088 0.0117823088 3.76418242
899 3384 11.7823842 0.0117823842 3.76418242
899 3388 11.7893419 0.0117893419 3.76863181
899 3381 11.7889103 0.0117889103 3.76084538
899 3381 11.7888159 0.0117888159 3.76084538
898 3374 11.766528 0.011766528 3.75723831
898 3375 11.766667 0.011766667 3.75835189
898 3374 11.7684458 0.0117684458 3.75723831
898 3374 11.7683375 0.0117683375 3.75723831
898 3374 11.7685846 0.0117685846 3.75723831
898 3374 11.7683552 0.0117683552 3.75723831
898 3374 11.7684375 0.0117684375 3.75723831
898 3380 11.769042 0.011769042 3.76391982
898 3380 11.7690634 0.0117690634 3.76391982
898 3380 11.7689696 0.0117689696 3.76391982
897 3374 11.7469479 0.0117469479 3.76142698
897 3370 11.7496082 0.0117496082 3.75696767
897 3370 11.7495633 0.0117495633 3.75696767
897 3370 11.7495641 0.0117495641 3.75696767
897 3370 11.7495463 0.0117495463 3.75696767
897 3370 11.7495836 0.0117495836 3.75696767
897 3370 11.7495684 0.0117495684 3.75696767
897 3370 11.7495679 0.0117495679 3.75696767
897 3370 11.7496555 0.0117496555 3.75696767
897 3370 11.7496033 0.0117496033 3.75696767
896 3365 11.7270397 0.0117270397 3.75558036
896 3365 11.7270624 0.0117270624 3.75558036
896 3365 11.7270609 0.0117270609 3.75558036
896 3361 11.7296494 0.0117296494 3.75111607
896 3359 11.7278286 0.0117278286 3.74888393
896 3359 11.7278464 0.0117278464 3.74888393
896 3359 11.7277344 0.0117277344 3.74888393
896 3359 11.7276908 0.0117276908 3.74888393
896 3359 11.7277799 0.0117277799 3.74888393
896 3359 11.7277776 0.0117277776 3.74888393
895 3353 11.7071706 0.0117071706 3.74636872
895 3350 11.7075172 0.0117075172 3.74301676
895 3350 11.7073522 0.0117073522 3.74301676
895 3350 11.707288 0.011707288 3.74301676
895 3350 11.7072246 0.0117072246 3.74301676
895 3350 11.7072149 0.0117072149 3.74301676
895 3355 11.7085946 0.0117085946 3.74860335
895 3355 11.7084986 0.0117084986 3.74860335
895 3349 11.7070849 0.0117070849 3.74189944
895 3349 11.7069269 0.0117069269 3.74189944
894 3344 11.682928 0.011682928 3.74049217
894 3342 11.6853337 0.0116853337 3.73825503
894 3346 11.6882738 0.0116882738 3.74272931
894 3346 11.6882064 0.0116882064 3.74272931
894 3346 11.6882743 0.0116882743 3.74272931
894 3346 11.6882314 0.0116882314 3.74272931
894 3346 11.6879525 0.0116879525 3.74272931
894 3346 11.6883229 0.0116883229 3.74272931
894 3346 11.6881979 0.0116881979 3.74272931
894 3346 11.6881658 0.0116881658 3.74272931
893 3338 11.6644274 0.0116644274 3.73796193
893 3341 11.6629414 0.0116629414 3.74132139
893 3341 11.6648547 0.0116648547 3.74132139
893 3341 11.6648408 0.0116648408 3.74132139
893 3341 11.6648074 0.0116648074 3.74132139
893 3341 11.6648985 0.0116648985 3.74132139
893 3341 11.6648508 0.0116648508 3.74132139
893 3341 11.6649085 0.0116649085 3.74132139
893 3341 11.6666084 0.0116666084 3.74132139
893 3341 11.6666494 0.0116666494 3.74132139
892 3334 11.6450033 0.0116450033 3.73766816
892 3334 11.6450458 0.0116450458 3.73766816
892 3334 11.6450791 0.0116450791 3.73766816
892 3334 11.6450712 0.0116450712 3.73766816
892 3334 11.6450125 0.0116450125 3.73766816
892 3333 11.6442237 0.0116442237 3.73654709
892 3333 11.6441521 0.0116441521 3.73654709
892 3333 11.6441666 0.0116441666 3.73654709
892 3333 11.6441308 0.0116441308 3.73654709
892 3333 11.6443345 0.0116443345 3.73654709
891 3327 11.6217036 0.0116217036 3.73400673
891 3327 11.621553 0.011621553 3.73400673
891 3326 11.623123 0.011623123 3.7328844
891 3326 11.6231978 0.0116231978 3.7328844
891 3326 11.6231836 0.0116231836 3.7328844
891 3326 11.6231001 0.0116231001 3.7328844
891 3326 11.6227575 0.0116227575 3.7328844
891 3327 11.6242129 0.0116242129 3.73400673
891 3327 11.6243311 0.0116243311 3.73400673
891 3327 11.6242074 0.0116242074 3.73400673
890 3321 11.6001547 0.0116001547 3.73146067
890 3319 11.6023744 0.0116023744 3.72921348
890 3319 11.6024146 0.0116024146 3.72921348
890 3319 11.6024329 0.0116024329 3.72921348
890 3319 11.602557 0.011602557 3.72921348
890 3319 11.602325 0.011602325 3.72921348
890 3320 11.6029729 0.0116029729 3.73033708
890 3320 11.6028667 0.0116028667 3.73033708
890 3320 11.6029682 0.0116029682 3.73033708
890 3320 11.602913 0.011602913 3.73033708
889 3314 11.5794732 0.0115794732 3.72778403
889 3314 11.5794351 0.0115794351 3.72778403
889 3314 11.5794998 0.0115794998 3.72778403
889 3314 11.5793891 0.0115793891 3.72778403
889 3314 11.579415 0.011579415 3.72778403
889 3315 11.5793783 0.0115793783 3.72890889
889 3312 11.5812402 0.0115812402 3.72553431
889 3312 11.5814076 0.0115814076 3.72553431
889 3312 11.5815765 0.0115815765 3.72553431
889 3312 11.5814271 0.0115814271 3.72553431
888 3306 11.5572619 0.0115572619 3.72297297
888 3304 11.5605213 0.0115605213 3.72072072
888 3304 11.5604196 0.0115604196 3.72072072
888 3308 11.5594547 0.0115594547 3.72522523
888 3308 11.5591654 0.0115591654 3.72522523
888 3308 11.5592741 0.0115592741 3.72522523
888 3308 11.5594705 0.0115594705 3.72522523
888 3307 11.5595637 0.0115595637 3.7240991
888 3307 11.5592513 0.0115592513 3.7240991
888 3308 11.5601796 0.0115601796 3.72522523
887 3302 11.537852 0.011537852 3.72266065
887 3302 11.537908 0.011537908 3.72266065
887 3302 11.5382978 0.0115382978 3.72266065
887 3302 11.5383135 0.0115383135 3.72266065
887 3300 11.5390942 0.0115390942 3.72040586
887 3300 11.5390238 0.0115390238 3.72040586
887 3300 11.5391081 0.0115391081 3.72040586
887 3300 11.539088 0.011539088 3.72040586
887 3300 11.5388579 0.0115388579 3.72040586
887 3300 11.5391553 0.0115391553 3.72040586
886 3292 11.5171602 0.0115171602 3.71557562
886 3292 11.5169711 0.0115169711 3.71557562
886 3294 11.5177219 0.0115177219 3.71783296
886 3294 11.5176781 0.0115176781 3.71783296
886 3294 11.5176686 0.0115176686 3.71783296
886 3294 11.5177908 0.0115177908 3.71783296
886 3294 11.5177745 0.0115177745 3.71783296
886 3294 11.5175692 0.0115175692 3.71783296
886 3294 11.5176814 0.0115176814 3.71783296
886 3294 11.5175365 0.0115175365 3.71783296
885 3288 11.4954156 0.0114954156 3.71525424
885 3286 11.495776 0.011495776 3.71299435
885 3281 11.4972389 0.0114972389 3.70734463
885 3281 11.4970863 0.0114970863 3.70734463
885 3281 11.4971657 0.0114971657 3.70734463
885 3281 11.4970144 0.0114970144 3.70734463
885 3281 11.497184 0.011497184 3.70734463
885 3281 11.4971318 0.0114971318 3.70734463
885 3281 11.4969578 0.0114969578 3.70734463
885 3281 11.4971996 0.0114971996 3.70734463
884 3275 11.475695 0.011475695 3.70475113
884 3275 11.4757078 0.0114757078 3.70475113
884 3275 11.4758331 0.0114758331 3.70475113
884 3275 11.4758245 0.0114758245 3.70475113
884 3275 11.4755869 0.0114755869 3.70475113
884 3275 11.4757847 0.0114757847 3.70475113
884 3275 11.4758381 0.0114758381 3.70475113
884 3275 11.4756987 0.0114756987 3.70475113
884 3275 11.4756828 0.0114756828 3.70475113
884 3275 11.4758236 0.0114758236 3.70475113
883 3269 11.4529315 0.0114529315 3.70215176
883 3269 11.4547502 0.0114547502 3.70215176
883 3269 11.454679 0.011454679 3.70215176
883 3269 11.4546666 0.0114546666 3.70215176
883 3269 11.4546921 0.0114546921 3.70215176
883 3269 11.4546419 0.0114546419 3.70215176
883 3269 11.4547268 0.0114547268 3.70215176
883 3269 11.4545105 0.0114545105 3.70215176
883 3269 11.4541179 0.0114541179 3.70215176
883 3269 11.4541571 0.0114541571 3.70215176
882 3259 11.4313028 0.0114313028 3.69501134
882 3264 11.4318922 0.0114318922 3.70068027
882 3264 11.4317995 0.0114317995 3.70068027
882 3264 11.4319073 0.0114319073 3.70068027
882 3264 11.4320355 0.0114320355 3.70068027
882 3264 11.4319566 0.0114319566 3.70068027
882 3264 11.4317585 0.0114317585 3.70068027
882 3263 11.4333383 0.0114333383 3.69954649
882 3263 11.4332373 0.0114332373 3.69954649
882 3263 11.433316 0.011433316 3.69954649
881 3257 11.4115857 0.0114115857 3.6969353
881 3257 11.4116019 0.0114116019 3.6969353
881 3257 11.4115885 0.0114115885 3.6969353
881 3257 11.4117409 0.0114117409 3.6969353
881 3257 11.411524 0.011411524 3.6969353
881 3257 11.4116799 0.0114116799 3.6969353
881 3257 11.4115802 0.0114115802 3.6969353
881 3257 11.4116554 0.0114116554 3.6969353
881 3257 11.4117068 0.0114117068 3.6969353
881 3257 11.4116386 0.0114116386 3.6969353
880 3250 11.3897065 0.0113897065 3.69318182
880 3250 11.3896561 0.0113896561 3.69318182
880 3250 11.3896537 0.0113896537 3.69318182
880 3250 11.3896513 0.0113896513 3.69318182
880 3250 11.3896151 0.0113896151 3.69318182
880 3250 11.3896393 0.0113896393 3.69318182
880 3249 11.3897787 0.0113897787 3.69204545
880 3249 11.3897005 0.0113897005 3.69204545
880 3252 11.3894582 0.0113894582 3.69545455
880 3252 11.3894951 0.0113894951 3.69545455
879 3247 11.3672891 0.0113672891 3.69397042
879 3247 11.3673147 0.0113673147 3.69397042
879 3247 11.3672072 0.0113672072 3.69397042
879 3247 11.3673235 0.0113673235 3.69397042
879 3247 11.3671043 0.0113671043 3.69397042
879 3245 11.3677573 0.0113677573 3.69169511
879 3245 11.3678863 0.0113678863 3.69169511
879 3245 11.3676747 0.0113676747 3.69169511
879 3245 11.3677983 0.0113677983 3.69169511
879 3245 11.3677533 0.0113677533 3.69169511
878 3239 11.3446852 0.0113446852 3.68906606
878 3235 11.3452615 0.0113452615 3.68451025
878 3235 11.3452534 0.0113452534 3.68451025
878 3235 11.3452958 0.0113452958 3.68451025
878 3240 11.33004 0.01133004 3.69020501
878 3236 11.3477186 0.0113477186 3.6856492
878 3236 11.3475966 0.0113475966 3.6856492
878 3236 11.3475949 0.0113475949 3.6856492
878 3236 11.3477106 0.0113477106 3.6856492
878 3236 11.3477794 0.0113477794 3.6856492
877 3230 11.3252699 0.0113252699 3.68301026
877 3231 11.3246818 0.0113246818 3.68415051
877 3232 11.3246926 0.0113246926 3.68529076
877 3232 11.3246172 0.0113246172 3.68529076
877 3232 11.3247058 0.0113247058 3.68529076
877 3232 11.3245782 0.0113245782 3.68529076
877 3232 11.3247437 0.0113247437 3.68529076
877 3232 11.3247533 0.0113247533 3.68529076
877 3234 11.3218905 0.0113218905 3.68757127
877 3234 11.3217203 0.0113217203 3.68757127
876 3229 11.3043295 0.0113043295 3.68607306
876 3229 11.3042575 0.0113042575 3.68607306
876 3229 11.3042401 0.0113042401 3.68607306
876 3229 11.3042352 0.0113042352 3.68607306
876 3229 11.3042552 0.0113042552 3.68607306
876 3229 11.3042971 0.0113042971 3.68607306
876 3229 11.3042393 0.0113042393 3.68607306
876 3226 11.3017636 0.0113017636 3.6826484
876 3226 11.3018089 0.0113018089 3.6826484
876 3228 11.3053374 0.0113053374 3.68493151
875 3222 11.2816791 0.0112816791 3.68228571
875 3222 11.281734 0.011281734 3.68228571
875 3218 11.282639 0.011282639 3.67771429
875 3220 11.2826186 0.0112826186 3.68
875 3218 11.2823836 0.0112823836 3.67771429
875 3221 11.2821163 0.0112821163 3.68114286
875 3218 11.2828508 0.0112828508 3.67771429
875 3220 11.2878797 0.0112878797 3.68
875 3221 11.2824126 0.0112824126 3.68114286
875 3221 11.2823872 0.0112823872 3.68114286
874 3213 11.2605081 0.0112605081 3.67620137
874 3211 11.2614507 0.0112614507 3.67391304
874 3213 11.2640054 0.0112640054 3.67620137
874 3213 11.2638836 0.0112638836 3.67620137
874 3212 11.2597571 0.0112597571 3.67505721
874 3212 11.2648815 0.0112648815 3.67505721
874 3211 11.264768 0.011264768 3.67391304
873 3202 11.2459285 0.0112459285 3.66781214
873 3202 11.2458318 0.0112458318 3.66781214
873 3202 11.2457015 0.0112457015 3.66781214
872 3192 11.2253691 0.0112253691 3.66055046
872 3192 11.2252203 0.0112252203 3.66055046
872 3193 11.2168016 0.0112168016 3.66169725
872 3193 11.2285597 0.0112285597 3.66169725
872 3193 11.2286348 0.0112286348 3.66169725
872 3193 11.2285225 0.0112285225 3.66169725
872 3193 11.2267249 0.0112267249 3.66169725
872 3193 11.2292012 0.0112292012 3.66169725
872 3193 11.2291217 0.0112291217 3.66169725
872 3193 11.2291642 0.0112291642 3.66169725
871 3186 11.2090744 0.0112090744 3.65786452
871 3186 11.2090351 0.0112090351 3.65786452
871 3186 11.2090042 0.0112090042 3.65786452
871 3186 11.2092392 0.0112092392 3.65786452
871 3186 11.2020342 0.0112020342 3.65786452
871 3186 11.2020221 0.0112020221 3.65786452
871 3186 11.2020514 0.0112020514 3.65786452
871 3186 11.2011849 0.0112011849 3.65786452
871 3190 11.196689 0.011196689 3.66245695
871 3191 11.196012 0.011196012 3.66360505
870 3186 11.1754907 0.0111754907 3.66206897
870 3186 11.182288 0.011182288 3.66206897
870 3179 11.1902797 0.0111902797 3.65402299
870 3179 11.1904469 0.0111904469 3.65402299
870 3179 11.1941716 0.0111941716 3.65402299
870 3178 11.1802539 0.0111802539 3.65287356
870 3181 11.1773675 0.0111773675 3.65632184
870 3184 11.1695867 0.0111695867 3.65977011
870 3184 11.1696151 0.0111696151 3.65977011
870 3184 11.1696778 0.0111696778 3.65977011
869 3176 11.1490178 0.0111490178 3.6547756
869 3175 11.1627217 0.0111627217 3.65362486
869 3175 11.1628239 0.0111628239 3.65362486
869 3173 11.1725633 0.0111725633 3.65132336
869 3170 11.1814506 0.0111814506 3.64787112
869 3171 11.182747 0.011182747 3.64902186
869 3169 11.1834086 0.0111834086 3.64672037
869 3169 11.183557 0.011183557 3.64672037
869 3169 11.1833314 0.0111833314 3.64672037
868 3159 11.1662399 0.0111662399 3.63940092
867 3152 11.1466035 0.0111466035 3.6355248
867 3152 11.1465438 0.0111465438 3.6355248
867 3152 11.1466049 0.0111466049 3.6355248
867 3151 11.1532487 0.0111532487 3.6343714
867 3151 11.1530768 0.0111530768 3.6343714
867 3151 11.1546903 0.0111546903 3.6343714
867 3151 11.1549163 0.0111549163 3.6343714
867 3151 11.1548667 0.0111548667 3.6343714
867 3151 11.1546465 0.0111546465 3.6343714
867 3151 11.1547278 0.0111547278 3.6343714
866 3145 11.1327154 0.0111327154 3.63163972
866 3146 11.1339939 0.0111339939 3.63279446
866 3142 11.1432828 0.0111432828 3.62817552
866 3142 11.1431844 0.0111431844 3.62817552
866 3142 11.1430833 0.0111430833 3.62817552
866 3143 11.14297 0.01114297 3.62933025
866 3143 11.142817 0.011142817 3.62933025
866 3143 11.142799 0.011142799 3.62933025
866 3143 11.1428615 0.0111428615 3.62933025
866 3143 11.1428368 0.0111428368 3.62933025
865 3138 11.1223033 0.0111223033 3.62774566
865 3138 11.1221566 0.0111221566 3.62774566
865 3135 11.1402668 0.0111402668 3.62427746
865 3135 11.140353 0.011140353 3.62427746
865 3135 11.1400978 0.0111400978 3.62427746
865 3135 11.1404021 0.0111404021 3.62427746
865 3135 11.1402315 0.0111402315 3.62427746
865 3136 11.1428046 0.0111428046 3.62543353
865 3135 11.1320887 0.0111320887 3.62427746
865 3135 11.1320316 0.0111320316 3.62427746
864 3127 11.1111022 0.0111111022 3.61921296
864 3129 11.1111359 0.0111111359 3.62152778
864 3130 11.1120122 0.0111120122 3.62268519
864 3130 11.1119719 0.0111119719 3.62268519
864 3130 11.1119863 0.0111119863 3.62268519
864 3130 11.1120887 0.0111120887 3.62268519
864 3130 11.1119957 0.0111119957 3.62268519
864 3130 11.1121004 0.0111121004 3.62268519
864 3130 11.1120911 0.0111120911 3.62268519
864 3130 11.1119722 0.0111119722 3.62268519
863 3123 11.090354 0.011090354 3.61877173
863 3124 11.0907735 0.0110907735 3.61993048
863 3124 11.1044771 0.0111044771 3.61993048
863 3124 11.1045553 0.0111045553 3.61993048
863 3124 11.1044941 0.0111044941 3.61993048
863 3124 11.1045377 0.0111045377 3.61993048
863 3124 11.1044505 0.0111044505 3.61993048
863 3124 11.104491 0.011104491 3.61993048
863 3124 11.1045821 0.0111045821 3.61993048
863 3124 11.1045984 0.0111045984 3.61993048
862 3118 11.0831912 0.0110831912 3.61716937
862 3118 11.0833539 0.0110833539 3.61716937
862 3117 11.0853069 0.0110853069 3.61600928
862 3117 11.0855089 0.0110855089 3.61600928
862 3116 11.0834406 0.0110834406 3.61484919
862 3116 11.0833651 0.0110833651 3.61484919
862 3116 11.0834539 0.0110834539 3.61484919
862 3116 11.0834203 0.0110834203 3.61484919
862 3116 11.0833845 0.0110833845 3.61484919
862 3116 11.0834279 0.0110834279 3.61484919
861 3110 11.0602348 0.0110602348 3.61207898
861 3110 11.0627082 0.0110627082 3.61207898
861 3108 11.0619487 0.0110619487 3.6097561
861 3110 11.0628531 0.0110628531 3.61207898
861 3110 11.0628102 0.0110628102 3.61207898
861 3110 11.0627793 0.0110627793 3.61207898
861 3110 11.0620692 0.0110620692 3.61207898
861 3110 11.0627406 0.0110627406 3.61207898
861 3110 11.0627741 0.0110627741 3.61207898
861 3110 11.0627215 0.0110627215 3.61207898
860 3103 11.0412195 0.0110412195 3.60813953
860 3102 11.0418817 0.0110418817 3.60697674
860 3102 11.0421968 0.0110421968 3.60697674
860 3102 11.0420452 0.0110420452 3.60697674
860 3105 11.0449116 0.0110449116 3.61046512
860 3105 11.0448616 0.0110448616 3.61046512
860 3105 11.0448053 0.0110448053 3.61046512
860 3105 11.0449601 0.0110449601 3.61046512
860 3105 11.0446724 0.0110446724 3.61046512
860 3105 11.0446772 0.0110446772 3.61046512
859 3097 11.0228578 0.0110228578 3.60535506
859 3099 11.0247035 0.0110247035 3.60768335
859 3099 11.0246871 0.0110246871 3.60768335
859 3099 11.0246718 0.0110246718 3.60768335
859 3099 11.0245713 0.0110245713 3.60768335
859 3099 11.0247084 0.0110247084 3.60768335
859 3099 11.02463 0.01102463 3.60768335
859 3099 11.0246625 0.0110246625 3.60768335
859 3099 11.0244518 0.0110244518 3.60768335
859 3099 11.0247121 0.0110247121 3.60768335
858 3091 11.0038103 0.0110038103 3.6025641
858 3091 11.0037532 0.0110037532 3.6025641
858 3092 11.003931 0.011003931 3.6037296
858 3092 11.003945 0.011003945 3.6037296
858 3092 11.0039103 0.0110039103 3.6037296
858 3092 11.0038212 0.0110038212 3.6037296
858 3094 11.0028977 0.0110028977 3.60606061
858 3094 11.0028671 0.0110028671 3.60606061
858 3094 11.0027083 0.0110027083 3.60606061
858 3094 11.0028743 0.0110028743 3.60606061
857 3088 10.9800908 0.0109800908 3.60326721
857 3087 10.9630403 0.0109630403 3.60210035
857 3087 10.9629518 0.0109629518 3.60210035
857 3087 10.9817753 0.0109817753 3.60210035
857 3087 10.9814603 0.0109814603 3.60210035
857 3087 10.981585 0.010981585 3.60210035
857 3087 10.9815111 0.0109815111 3.60210035
857 3087 10.9814188 0.0109814188 3.60210035
857 3087 10.9815025 0.0109815025 3.60210035
857 3087 10.9815206 0.0109815206 3.60210035
856 3079 10.9611717 0.0109611717 3.59696262
856 3079 10.9611601 0.0109611601 3.59696262
856 3079 10.9610953 0.0109610953 3.59696262
856 3079 10.9612133 0.0109612133 3.59696262
856 3079 10.9611542 0.0109611542 3.59696262
856 3079 10.9610855 0.0109610855 3.59696262
856 3079 10.9611323 0.0109611323 3.59696262
856 3079 10.9611259 0.0109611259 3.59696262
856 3079 10.9612095 0.0109612095 3.59696262
856 3079 10.9612057 0.0109612057 3.59696262
855 3074 10.9384006 0.0109384006 3.59532164
855 3074 10.9383005 0.0109383005 3.59532164
855 3068 10.937752 0.010937752 3.58830409
855 3074 10.9384158 0.0109384158 3.59532164
855 3070 10.9390158 0.0109390158 3.59064327
855 3070 10.9390434 0.0109390434 3.59064327
855 3070 10.9390587 0.0109390587 3.59064327
855 3070 10.9388723 0.0109388723 3.59064327
855 3070 10.9389105 0.0109389105 3.59064327
855 3073 10.9404477 0.0109404477 3.59415205
854 3065 10.9169237 0.0109169237 3.58899297
854 3067 10.9167446 0.0109167446 3.59133489
854 3067 10.9167763 0.0109167763 3.59133489
854 3062 10.9174409 0.0109174409 3.58548009
854 3066 10.9221856 0.0109221856 3.59016393
854 3066 10.9203462 0.0109203462 3.59016393
854 3066 10.9202784 0.0109202784 3.59016393
854 3065 10.9232343 0.0109232343 3.58899297
854 3065 10.9232059 0.0109232059 3.58899297
854 3065 10.9232342 0.0109232342 3.58899297
853 3059 10.9001811 0.0109001811 3.58616647
853 3059 10.9000321 0.0109000321 3.58616647
853 3059 10.9004416 0.0109004416 3.58616647
853 3060 10.9010465 0.0109010465 3.5873388
853 3056 10.9020334 0.0109020334 3.58264947
853 3058 10.9040772 0.0109040772 3.58499414
853 3058 10.9039047 0.0109039047 3.58499414
853 3058 10.9039799 0.0109039799 3.58499414
853 3056 10.9091484 0.0109091484 3.58264947
853 3056 10.908979 0.010908979 3.58264947
852 3051 10.8862868 0.0108862868 3.58098592
852 3051 10.8862367 0.0108862367 3.58098592
852 3048 10.8871704 0.0108871704 3.57746479
852 3048 10.8870769 0.0108870769 3.57746479
852 3050 10.8872707 0.0108872707 3.57981221
852 3050 10.887329 0.010887329 3.57981221
852 3050 10.8872622 0.0108872622 3.57981221
852 3050 10.8873032 0.0108873032 3.57981221
852 3050 10.8871971 0.0108871971 3.57981221
852 3050 10.8872889 0.0108872889 3.57981221
851 3040 10.8627018 0.0108627018 3.57226792
851 3044 10.8641622 0.0108641622 3.57696827
851 3038 10.8665467 0.0108665467 3.56991774
851 3038 10.8664195 0.0108664195 3.56991774
851 3038 10.8663871 0.0108663871 3.56991774
851 3038 10.8663347 0.0108663347 3.56991774
851 3038 10.8664442 0.0108664442 3.56991774
851 3039 10.8614148 0.0108614148 3.57109283
851 3039 10.8613269 0.0108613269 3.57109283
851 3039 10.8613386 0.0108613386 3.57109283
850 3034 10.8381642 0.0108381642 3.56941176
850 3033 10.8457486 0.0108457486 3.56823529
850 3033 10.8455303 0.0108455303 3.56823529
850 3033 10.8455458 0.0108455458 3.56823529
850 3033 10.845512 0.010845512 3.56823529
850 3033 10.8455058 0.0108455058 3.56823529
850 3033 10.845555 0.010845555 3.56823529
850 3033 10.8455852 0.0108455852 3.56823529
850 3033 10.8456429 0.0108456429 3.56823529
850 3033 10.8455736 0.0108455736 3.56823529
849 3028 10.8224364 0.0108224364 3.56654888
849 3024 10.8244674 0.0108244674 3.56183746
849 3024 10.8246514 0.0108246514 3.56183746
849 3024 10.8244006 0.0108244006 3.56183746
849 3024 10.82446 0.01082446 3.56183746
849 3024 10.8245202 0.0108245202 3.56183746
849 3024 10.8244656 0.0108244656 3.56183746
849 3024 10.8244482 0.0108244482 3.56183746
849 3024 10.8244199 0.0108244199 3.56183746
849 3024 10.8243807 0.0108243807 3.56183746
848 3016 10.8063516 0.0108063516 3.55660377
848 3016 10.8063905 0.0108063905 3.55660377
848 3016 10.8062793 0.0108062793 3.55660377
848 3016 10.8062391 0.0108062391 3.55660377
848 3016 10.8062651 0.0108062651 3.55660377
848 3016 10.8061986 0.0108061986 3.55660377
848 3016 10.8062008 0.0108062008 3.55660377
848 3016 10.8062494 0.0108062494 3.55660377
848 3016 10.8062636 0.0108062636 3.55660377
848 3016 10.8062876 0.0108062876 3.55660377
847 3006 10.7827594 0.0107827594 3.54899646
847 3006 10.7823627 0.0107823627 3.54899646
847 3010 10.7831941 0.0107831941 3.55371901
847 3010 10.7832681 0.0107832681 3.55371901
847 3010 10.7834041 0.0107834041 3.55371901
847 3010 10.78325 0.01078325 3.55371901
847 3010 10.7832347 0.0107832347 3.55371901
847 3010 10.7832788 0.0107832788 3.55371901
847 3010 10.7834499 0.0107834499 3.55371901
847 3010 10.7832915 0.0107832915 3.55371901
846 3005 10.7603003 0.0107603003 3.55200946
846 3002 10.7609604 0.0107609604 3.54846336
846 3002 10.7609184 0.0107609184 3.54846336
846 3002 10.7608562 0.0107608562 3.54846336
846 3000 10.7609866 0.0107609866 3.54609929
846 3000 10.7610258 0.0107610258 3.54609929
846 3000 10.7608179 0.0107608179 3.54609929
846 3000 10.7607707 0.0107607707 3.54609929
846 3000 10.7608991 0.0107608991 3.54609929
846 3000 10.7608527 0.0107608527 3.54609929
845 2995 10.7378654 0.0107378654 3.5443787
845 2993 10.7397654 0.0107397654 3.54201183
845 2993 10.7397903 0.0107397903 3.54201183
845 2993 10.7399096 0.0107399096 3.54201183
845 2993 10.7397782 0.0107397782 3.54201183
845 2993 10.7399072 0.0107399072 3.54201183
845 2993 10.7397544 0.0107397544 3.54201183
845 2992 10.7407065 0.0107407065 3.5408284
845 2992 10.7405611 0.0107405611 3.5408284
845 2992 10.7405627 0.0107405627 3.5408284
844 2987 10.7156211 0.0107156211 3.53909953
844 2982 10.7199648 0.0107199648 3.53317536
844 2982 10.7199081 0.0107199081 3.53317536
844 2982 10.7199032 0.0107199032 3.53317536
844 2982 10.7198567 0.0107198567 3.53317536
844 2982 10.720001 0.010720001 3.53317536
844 2982 10.719993 0.010719993 3.53317536
844 2982 10.719914 0.010719914 3.53317536
844 2982 10.7200127 0.0107200127 3.53317536
844 2982 10.720014 0.010720014 3.53317536
843 2978 10.6979867 0.0106979867 3.53262159
843 2975 10.6974629 0.0106974629 3.52906287
843 2975 10.6976438 0.0106976438 3.52906287
843 2975 10.6973836 0.0106973836 3.52906287
843 2975 10.6975998 0.0106975998 3.52906287
843 2975 10.6974322 0.0106974322 3.52906287
843 2975 10.6976507 0.0106976507 3.52906287
843 2975 10.6973555 0.0106973555 3.52906287
843 2975 10.6974505 0.0106974505 3.52906287
843 2975 10.6975887 0.0106975887 3.52906287
842 2967 10.6767239 0.0106767239 3.52375297
841 2963 10.6728032 0.0106728032 3.52318668
841 2964 10.6821759 0.0106821759 3.52437574
841 2964 10.6820507 0.0106820507 3.52437574
841 2964 10.682158 0.010682158 3.52437574
841 2964 10.6821519 0.0106821519 3.52437574
841 2964 10.6820454 0.0106820454 3.52437574
841 2965 10.6860247 0.0106860247 3.5255648
841 2965 10.6861173 0.0106861173 3.5255648
841 2973 10.6950234 0.0106950234 3.53507729
840 2967 10.6729141 0.0106729141 3.53214286
840 2968 10.6741542 0.0106741542 3.53333333
840 2966 10.6787889 0.0106787889 3.53095238
840 2966 10.6787786 0.0106787786 3.53095238
840 2966 10.6789404 0.0106789404 3.53095238
840 2966 10.6789213 0.0106789213 3.53095238
840 2966 10.678839 0.010678839 3.53095238
840 2963 10.6814024 0.0106814024 3.52738095
840 2963 10.6812183 0.0106812183 3.52738095
840 2963 10.6813304 0.0106813304 3.52738095
839 2958 10.6604675 0.0106604675 3.52562574
839 2954 10.6645766 0.0106645766 3.52085816
839 2954 10.6647117 0.0106647117 3.52085816
839 2954 10.6647173 0.0106647173 3.52085816
839 2954 10.664899 0.010664899 3.52085816
839 2953 10.6443587 0.0106443587 3.51966627
839 2954 10.6480134 0.0106480134 3.52085816
839 2954 10.6479647 0.0106479647 3.52085816
839 2954 10.6480254 0.0106480254 3.52085816
839 2954 10.6480734 0.0106480734 3.52085816
838 2949 10.6272304 0.0106272304 3.51909308
838 2948 10.6443815 0.0106443815 3.51789976
838 2948 10.6442671 0.0106442671 3.51789976
838 2948 10.6443127 0.0106443127 3.51789976
838 2948 10.644332 0.010644332 3.51789976
838 2948 10.6441715 0.0106441715 3.51789976
838 2948 10.6444492 0.0106444492 3.51789976
838 2948 10.64437 0.01064437 3.51789976
838 2948 10.6443374 0.0106443374 3.51789976
838 2948 10.6443058 0.0106443058 3.51789976
837 2944 10.6193321 0.0106193321 3.51732378
837 2939 10.6195276 0.0106195276 3.51135006
837 2939 10.6194473 0.0106194473 3.51135006
837 2943 10.6236306 0.0106236306 3.51612903
837 2943 10.6236147 0.0106236147 3.51612903
837 2943 10.6235548 0.0106235548 3.51612903
837 2943 10.6235013 0.0106235013 3.51612903
837 2943 10.6235571 0.0106235571 3.51612903
837 2943 10.6235865 0.0106235865 3.51612903
837 2943 10.6234812 0.0106234812 3.51612903
836 2940 10.5991934 0.0105991934 3.51674641
836 2940 10.5992666 0.0105992666 3.51674641
836 2940 10.5995087 0.0105995087 3.51674641
836 2935 10.6023277 0.0106023277 3.51076555
836 2935 10.6023578 0.0106023578 3.51076555
836 2935 10.6025418 0.0106025418 3.51076555
836 2935 10.6025224 0.0106025224 3.51076555
836 2935 10.6024932 0.0106024932 3.51076555
836 2935 10.6023292 0.0106023292 3.51076555
836 2935 10.6026455 0.0106026455 3.51076555
835 2928 10.5789343 0.0105789343 3.50658683
835 2928 10.5788346 0.0105788346 3.50658683
835 2928 10.5787892 0.0105787892 3.50658683
835 2930 10.5817444 0.0105817444 3.50898204
835 2930 10.5817158 0.0105817158 3.50898204
835 2930 10.5818166 0.0105818166 3.50898204
835 2930 10.5816256 0.0105816256 3.50898204
835 2930 10.581801 0.010581801 3.50898204
835 2930 10.5815916 0.0105815916 3.50898204
835 2930 10.581676 0.010581676 3.50898204
834 2917 10.5592914 0.0105592914 3.49760192
834 2917 10.5592268 0.0105592268 3.49760192
834 2917 10.5592922 0.0105592922 3.49760192
834 2917 10.5592864 0.0105592864 3.49760192
834 2917 10.5591598 0.0105591598 3.49760192
834 2917 10.5594663 0.0105594663 3.49760192
834 2917 10.5593871 0.0105593871 3.49760192
834 2917 10.5594658 0.0105594658 3.49760192
834 2917 10.5592877 0.0105592877 3.49760192
834 2922 10.5594622 0.0105594622 3.50359712
833 2918 10.5371183 0.0105371183 3.5030012
833 2918 10.5371632 0.0105371632 3.5030012
832 2910 10.5257709 0.0105257709 3.49759615
832 2909 10.5271668 0.0105271668 3.49639423
832 2909 10.5272375 0.0105272375 3.49639423
832 2909 10.5272714 0.0105272714 3.49639423
832 2909 10.5271239 0.0105271239 3.49639423
832 2909 10.5272138 0.0105272138 3.49639423
832 2909 10.5271989 0.0105271989 3.49639423
832 2909 10.5272231 0.0105272231 3.49639423
831 2901 10.502708 0.010502708 3.49097473
831 2901 10.5026013 0.0105026013 3.49097473
831 2902 10.5013286 0.0105013286 3.4921781
831 2900 10.5034105 0.0105034105 3.48977136
831 2900 10.5034546 0.0105034546 3.48977136
831 2900 10.5034936 0.0105034936 3.48977136
831 2900 10.5033946 0.0105033946 3.48977136
831 2900 10.5034651 0.0105034651 3.48977136
831 2900 10.503625 0.010503625 3.48977136
831 2900 10.5033853 0.0105033853 3.48977136
830 2896 10.4804944 0.0104804944 3.48915663
830 2896 10.4805537 0.0104805537 3.48915663
830 2898 10.4818067 0.0104818067 3.49156627
830 2898 10.4817377 0.0104817377 3.49156627
830 2889 10.4819025 0.0104819025 3.48072289
830 2889 10.4820432 0.0104820432 3.48072289
830 2889 10.4820617 0.0104820617 3.48072289
830 2889 10.4819545 0.0104819545 3.48072289
830 2889 10.482038 0.010482038 3.48072289
830 2889 10.4819145 0.0104819145 3.48072289
829 2885 10.4595703 0.0104595703 3.4800965
829 2885 10.4595715 0.0104595715 3.4800965
829 2885 10.4595329 0.0104595329 3.4800965
829 2887 10.4592523 0.0104592523 3.48250905
829 2879 10.4606775 0.0104606775 3.47285887
829 2879 10.4609503 0.0104609503 3.47285887
829 2879 10.4607367 0.0104607367 3.47285887
829 2879 10.4607886 0.0104607886 3.47285887
829 2879 10.4607409 0.0104607409 3.47285887
829 2879 10.4606642 0.0104606642 3.47285887
828 2876 10.4361433 0.0104361433 3.47342995
828 2872 10.4383365 0.0104383365 3.46859903
828 2872 10.4382342 0.0104382342 3.46859903
828 2872 10.4381413 0.0104381413 3.46859903
828 2872 10.4383051 0.0104383051 3.46859903
828 2872 10.4383 0.0104383 3.46859903
828 2872 10.4382865 0.0104382865 3.46859903
828 2872 10.4383864 0.0104383864 3.46859903
828 2872 10.4382615 0.0104382615 3.46859903
828 2872 10.4381236 0.0104381236 3.46859903
827 2864 10.4135327 0.0104135327 3.46311971
827 2865 10.4135819 0.0104135819 3.4643289
827 2865 10.4135904 0.0104135904 3.4643289
827 2865 10.4135268 0.0104135268 3.4643289
827 2865 10.4135994 0.0104135994 3.4643289
827 2865 10.41356 0.01041356 3.4643289
827 2869 10.4154198 0.0104154198 3.46916566
827 2869 10.4153578 0.0104153578 3.46916566
827 2869 10.4153825 0.0104153825 3.46916566
827 2868 10.4064212 0.0104064212 3.46795647
826 2859 10.3831618 0.0103831618 3.46125908
826 2859 10.3830566 0.0103830566 3.46125908
826 2865 10.3829281 0.0103829281 3.468523
826 2865 10.3828484 0.0103828484 3.468523
826 2865 10.3828363 0.0103828363 3.468523
826 2865 10.3830423 0.0103830423 3.468523
826 2865 10.3829948 0.0103829948 3.468523
826 2865 10.383004 0.010383004 3.468523
826 2859 10.3832093 0.0103832093 3.46125908
826 2858 10.3765224 0.0103765224 3.46004843
825 2848 10.3522834 0.0103522834 3.45212121
824 2844 10.3480458 0.0103480458 3.45145631
824 2848 10.3616034 0.0103616034 3.45631068
824 2848 10.3615638 0.0103615638 3.45631068
824 2848 10.3615434 0.0103615434 3.45631068
824 2848 10.3614926 0.0103614926 3.45631068
824 2848 10.3615282 0.0103615282 3.45631068
824 2848 10.3613761 0.0103613761 3.45631068
824 2857 10.3642271 0.0103642271 3.46723301
824 2847 10.3702185 0.0103702185 3.45509709
823 2835 10.3446271 0.0103446271 3.44471446
823 2839 10.3454768 0.0103454768 3.44957473
823 2844 10.3477483 0.0103477483 3.45565006
823 2844 10.3478801 0.0103478801 3.45565006
823 2844 10.3477132 0.0103477132 3.45565006
823 2844 10.3477161 0.0103477161 3.45565006
823 2844 10.3477017 0.0103477017 3.45565006
823 2840 10.3680646 0.0103680646 3.45078979
823 2840 10.3680188 0.0103680188 3.45078979
823 2840 10.3680273 0.0103680273 3.45078979
822 2833 10.3454404 0.0103454404 3.44647202
822 2833 10.3454291 0.0103454291 3.44647202
822 2831 10.3452826 0.0103452826 3.44403893
822 2831 10.3451976 0.0103451976 3.44403893
822 2831 10.3453661 0.0103453661 3.44403893
822 2831 10.3453808 0.0103453808 3.44403893
822 2831 10.3453288 0.0103453288 3.44403893
822 2831 10.345206 0.010345206 3.44403893
822 2831 10.3453863 0.0103453863 3.44403893
822 2831 10.3453233 0.0103453233 3.44403893
821 2828 10.3206661 0.0103206661 3.44457978
821 2824 10.3228165 0.0103228165 3.43970767
821 2824 10.322779 0.010322779 3.43970767
821 2824 10.3227253 0.0103227253 3.43970767
821 2824 10.3227424 0.0103227424 3.43970767
821 2824 10.3229044 0.0103229044 3.43970767
821 2824 10.3228047 0.0103228047 3.43970767
821 2824 10.3227784 0.0103227784 3.43970767
821 2824 10.322662 0.010322662 3.43970767
821 2824 10.3227236 0.0103227236 3.43970767
820 2821 10.3006319 0.0103006319 3.4402439
820 2821 10.3006611 0.0103006611 3.4402439
820 2821 10.3004821 0.0103004821 3.4402439
820 2821 10.3006339 0.0103006339 3.4402439
820 2821 10.3005853 0.0103005853 3.4402439
820 2821 10.3006125 0.0103006125 3.4402439
820 2821 10.3006138 0.0103006138 3.4402439
820 2827 10.3009858 0.0103009858 3.44756098
820 2827 10.3008513 0.0103008513 3.44756098
820 2827 10.3009269 0.0103009269 3.44756098
819 2823 10.2865594 0.0102865594 3.44688645
819 2823 10.2866283 0.0102866283 3.44688645
819 2823 10.286541 0.010286541 3.44688645
819 2823 10.2865252 0.0102865252 3.44688645
819 2817 10.2866875 0.0102866875 3.43956044
819 2821 10.2750665 0.0102750665 3.44444444
819 2821 10.2751013 0.0102751013 3.44444444
819 2821 10.2750098 0.0102750098 3.44444444
819 2821 10.2751049 0.0102751049 3.44444444
819 2821 10.2751403 0.0102751403 3.44444444
818 2817 10.2491527 0.0102491527 3.44376528
818 2813 10.2480468 0.0102480468 3.43887531
818 2814 10.2648727 0.0102648727 3.4400978
818 2814 10.2648137 0.0102648137 3.4400978
818 2814 10.2649268 0.0102649268 3.4400978
818 2814 10.2648712 0.0102648712 3.4400978
818 2814 10.2648065 0.0102648065 3.4400978
818 2814 10.2648079 0.0102648079 3.4400978
818 2814 10.2646572 0.0102646572 3.4400978
818 2814 10.2648617 0.0102648617 3.4400978
817 2808 10.2382094 0.0102382094 3.4369645
817 2804 10.2393348 0.0102393348 3.43206854
817 2811 10.2412416 0.0102412416 3.44063647
817 2811 10.2410321 0.0102410321 3.44063647
817 2811 10.241178 0.010241178 3.44063647
817 2811 10.2410841 0.0102410841 3.44063647
817 2811 10.2411553 0.0102411553 3.44063647
817 2811 10.2412625 0.0102412625 3.44063647
817 2811 10.2411778 0.0102411778 3.44063647
817 2811 10.2412516 0.0102412516 3.44063647
816 2800 10.2169652 0.0102169652 3.43137255
816 2800 10.2167247 0.0102167247 3.43137255
816 2801 10.2180054 0.0102180054 3.43259804
816 2801 10.2180018 0.0102180018 3.43259804
816 2803 10.2177373 0.0102177373 3.43504902
816 2801 10.2179765 0.0102179765 3.43259804
816 2801 10.2180284 0.0102180284 3.43259804
816 2801 10.2179619 0.0102179619 3.43259804
816 2801 10.2180045 0.0102180045 3.43259804
816 2801 10.217989 0.010217989 3.43259804
815 2790 10.1938484 0.0101938484 3.42331288
815 2790 10.1939424 0.0101939424 3.42331288
815 2796 10.1957534 0.0101957534 3.43067485
815 2796 10.1957011 0.0101957011 3.43067485
815 2796 10.1957308 0.0101957308 3.43067485
815 2796 10.1957652 0.0101957652 3.43067485
815 2796 10.1956392 0.0101956392 3.43067485
815 2793 10.195125 0.010195125 3.42699387
815 2793 10.1947829 0.0101947829 3.42699387
815 2793 10.195023 0.010195023 3.42699387
814 2787 10.1693602 0.0101693602 3.42383292
814 2787 10.1693784 0.0101693784 3.42383292
814 2785 10.1718366 0.0101718366 3.42137592
814 2785 10.1717093 0.0101717093 3.42137592
814 2785 10.1718166 0.0101718166 3.42137592
814 2785 10.1718254 0.0101718254 3.42137592
814 2785 10.1717882 0.0101717882 3.42137592
814 2785 10.1717873 0.0101717873 3.42137592
814 2785 10.1716308 0.0101716308 3.42137592
814 2785 10.1717564 0.0101717564 3.42137592
813 2776 10.1455929 0.0101455929 3.41451415
813 2776 10.1454607 0.0101454607 3.41451415
813 2780 10.1496897 0.0101496897 3.41943419
813 2780 10.1495312 0.0101495312 3.41943419
813 2780 10.1495405 0.0101495405 3.41943419
813 2780 10.1495551 0.0101495551 3.41943419
813 2780 10.1494105 0.0101494105 3.41943419
813 2780 10.1494343 0.0101494343 3.41943419
813 2780 10.1495326 0.0101495326 3.41943419
813 2780 10.1494241 0.0101494241 3.41943419
812 2776 10.1225896 0.0101225896 3.41871921
812 2774 10.1220009 0.0101220009 3.41625616
812 2774 10.1230765 0.0101230765 3.41625616
812 2778 10.1267644 0.0101267644 3.42118227
812 2778 10.1266084 0.0101266084 3.42118227
812 2778 10.1267641 0.0101267641 3.42118227
812 2778 10.1265896 0.0101265896 3.42118227
812 2778 10.1267661 0.0101267661 3.42118227
812 2778 10.1266222 0.0101266222 3.42118227
812 2778 10.1268356 0.0101268356 3.42118227
811 2773 10.1000381 0.0101000381 3.41923551
811 2774 10.1006987 0.0101006987 3.42046856
811 2774 10.1006618 0.0101006618 3.42046856
811 2774 10.1007129 0.0101007129 3.42046856
811 2773 10.0901468 0.0100901468 3.41923551
811 2773 10.0902104 0.0100902104 3.41923551
811 2773 10.0900541 0.0100900541 3.41923551
811 2773 10.0899983 0.0100899983 3.41923551
811 2773 10.0901478 0.0100901478 3.41923551
811 2773 10.090166 0.010090166 3.41923551
810 2764 10.0636141 0.0100636141 3.41234568
810 2764 10.0634716 0.0100634716 3.41234568
810 2762 10.0665598 0.0100665598 3.40987654
810 2762 10.066522 0.010066522 3.40987654
810 2762 10.0664964 0.0100664964 3.40987654
810 2762 10.0664865 0.0100664865 3.40987654
810 2762 10.0665271 0.0100665271 3.40987654
810 2762 10.0665545 0.0100665545 3.40987654
810 2762 10.0662927 0.0100662927 3.40987654
810 2762 10.0664817 0.0100664817 3.40987654
809 2755 10.0390039 0.0100390039 3.40543881
809 2757 10.0401383 0.0100401383 3.407911
809 2757 10.0401127 0.0100401127 3.407911
809 2758 10.0538069 0.0100538069 3.4091471
809 2758 10.0537809 0.0100537809 3.4091471
809 2758 10.0537566 0.0100537566 3.4091471
809 2758 10.0537578 0.0100537578 3.4091471
809 2758 10.0537164 0.0100537164 3.4091471
809 2758 10.0537394 0.0100537394 3.4091471
809 2758 10.0538498 0.0100538498 3.4091471
808 2751 10.0267853 0.0100267853 3.40470297
808 2750 10.0269053 0.0100269053 3.40346535
808 2750 10.0269496 0.0100269496 3.40346535
808 2752 10.0273376 0.0100273376 3.40594059
808 2753 10.0275253 0.0100275253 3.40717822
808 2753 10.0274919 0.0100274919 3.40717822
808 2753 10.0275261 0.0100275261 3.40717822
808 2753 10.0274767 0.0100274767 3.40717822
808 2753 10.0275013 0.0100275013 3.40717822
808 2753 10.0274899 0.0100274899 3.40717822
807 2745 10.0012458 0.0100012458 3.40148699
807 2745 10.0013032 0.0100013032 3.40148699
807 2745 10.0011116 0.0100011116 3.40148699
807 2749 10.0008968 0.0100008968 3.40644362
807 2749 10.0007972 0.0100007972 3.40644362
807 2748 10.0003984 0.0100003984 3.40520446
807 2749 10.0008041 0.0100008041 3.40644362
807 2749 10.0008439 0.0100008439 3.40644362
807 2749 10.0007146 0.0100007146 3.40644362
807 2749 10.0007053 0.0100007053 3.40644362
806 2742 9.97330388 0.00997330388 3.40198511
806 2740 9.97445281 0.00997445281 3.39950372
806 2740 9.97424241 0.00997424241 3.39950372
806 2743 9.97493096 0.00997493096 3.40322581
806 2743 9.97486698 0.00997486698 3.40322581
806 2743 9.9748683 0.0099748683 3.40322581
806 2741 9.9771183 0.0099771183 3.40074442
806 2741 9.97711592 0.00997711592 3.40074442
806 2741 9.97700136 0.00997700136 3.40074442
806 2738 9.97579609 0.00997579609 3.39702233
805 2729 9.9489507 0.0099489507 3.39006211
805 2734 9.94617882 0.00994617882 3.39627329
805 2734 9.95014731 0.00995014731 3.39627329
805 2734 9.94998782 0.00994998782 3.39627329
805 2734 9.950087 0.009950087 3.39627329
805 2734 9.94993958 0.00994993958 3.39627329
805 2734 9.94999261 0.00994999261 3.39627329
805 2734 9.9499609 0.0099499609 3.39627329
805 2734 9.9500952 0.0099500952 3.39627329
805 2734 9.94995736 0.00994995736 3.39627329
804 2727 9.92300813 0.00992300813 3.39179104
804 2730 9.92314409 0.00992314409 3.39552239
804 2725 9.92339169 0.00992339169 3.38930348
804 2725 9.92333207 0.00992333207 3.38930348
804 2725 9.92346736 0.00992346736 3.38930348
804 2731 9.92011298 0.00992011298 3.39676617
804 2731 9.92000007 0.00992000007 3.39676617
804 2729 9.93450591 0.00993450591 3.39427861
804 2729 9.93444355 0.00993444355 3.39427861
804 2729 9.93434155 0.00993434155 3.39427861
803 2721 9.90748338 0.00990748338 3.38854296
803 2715 9.90642696 0.00990642696 3.38107098
803 2715 9.90652155 0.00990652155 3.38107098
803 2715 9.90627498 0.00990627498 3.38107098
803 2715 9.90652201 0.00990652201 3.38107098
803 2715 9.90647089 0.00990647089 3.38107098
803 2715 9.90657044 0.00990657044 3.38107098
803 2715 9.90641995 0.00990641995 3.38107098
803 2715 9.90637911 0.00990637911 3.38107098
803 2713 9.91136356 0.00991136356 3.37858032
802 2706 9.88481764 0.00988481764 3.37406484
802 2709 9.885595 0.009885595 3.37780549
802 2709 9.88552129 0.00988552129 3.37780549
802 2705 9.89088667 0.00989088667 3.37281796
802 2705 9.8908591 0.0098908591 3.37281796
802 2705 9.89086993 0.00989086993 3.37281796
802 2705 9.89086629 0.00989086629 3.37281796
802 2705 9.89092856 0.00989092856 3.37281796
802 2705 9.89090879 0.00989090879 3.37281796
802 2705 9.8909178 0.0098909178 3.37281796
801 2701 9.86541619 0.00986541619 3.37203496
801 2701 9.86547994 0.00986547994 3.37203496
801 2701 9.86539474 0.00986539474 3.37203496
801 2699 9.87014341 0.00987014341 3.36953808
801 2699 9.87005242 0.00987005242 3.36953808
801 2699 9.87005599 0.00987005599 3.36953808
801 2702 9.85006037 0.00985006037 3.3732834
801 2702 9.8499208 0.0098499208 3.3732834
801 2699 9.87024003 0.00987024003 3.36953808
801 2699 9.87026306 0.00987026306 3.36953808
800 2690 9.84301443 0.00984301443 3.3625
800 2690 9.84280658 0.00984280658 3.3625
800 2691 9.84312106 0.00984312106 3.36375
800 2693 9.84356936 0.00984356936 3.36625
800 2695 9.84472498 0.00984472498 3.36875
799 2688 9.82106684 0.00982106684 3.36420526
799 2687 9.82318411 0.00982318411 3.36295369
799 2692 9.82373079 0.00982373079 3.36921151
799 2692 9.82375587 0.00982375587 3.36921151
799 2692 9.82375682 0.00982375682 3.36921151
798 2686 9.79838239 0.00979838239 3.36591479
798 2687 9.79980847 0.00979980847 3.36716792
798 2681 9.80064248 0.00980064248 3.35964912
798 2681 9.80057512 0.00980057512 3.35964912
798 2681 9.80047725 0.00980047725 3.35964912
798 2681 9.80066836 0.00980066836 3.35964912
798 2681 9.80058565 0.00980058565 3.35964912
798 2681 9.80067483 0.00980067483 3.35964912
798 2681 9.80066284 0.00980066284 3.35964912
798 2681 9.80058001 0.00980058001 3.35964912
797 2675 9.77468702 0.00977468702 3.35633626
797 2675 9.77465675 0.00977465675 3.35633626
797 2675 9.77480144 0.00977480144 3.35633626
797 2675 9.77521305 0.00977521305 3.35633626
797 2675 9.77529107 0.00977529107 3.35633626
797 2675 9.77510241 0.00977510241 3.35633626
797 2675 9.77521877 0.00977521877 3.35633626
797 2675 9.77532212 0.00977532212 3.35633626
797 2675 9.7752486 0.0097752486 3.35633626
797 2675 9.77529885 0.00977529885 3.35633626
796 2667 9.74815303 0.00974815303 3.35050251
796 2669 9.7493182 0.0097493182 3.35301508
796 2669 9.74940081 0.00974940081 3.35301508
796 2669 9.74917765 0.00974917765 3.35301508
796 2669 9.7491355 0.0097491355 3.35301508
796 2669 9.74923268 0.00974923268 3.35301508
796 2669 9.74901433 0.00974901433 3.35301508
796 2669 9.74919676 0.00974919676 3.35301508
796 2669 9.74915897 0.00974915897 3.35301508
796 2669 9.74929817 0.00974929817 3.35301508
795 2661 9.72214964 0.00972214964 3.34716981
795 2661 9.72221827 0.00972221827 3.34716981
795 2665 9.72262537 0.00972262537 3.35220126
795 2665 9.7225386 0.0097225386 3.35220126
795 2665 9.7225093 0.0097225093 3.35220126
795 2665 9.72261109 0.00972261109 3.35220126
795 2665 9.72249797 0.00972249797 3.35220126
795 2663 9.72420156 0.00972420156 3.34968553
795 2663 9.72414216 0.00972414216 3.34968553
795 2663 9.72431424 0.00972431424 3.34968553
794 2659 9.69793759 0.00969793759 3.3488665
794 2659 9.6977389 0.0096977389 3.3488665
794 2658 9.70094928 0.00970094928 3.34760705
794 2658 9.70084641 0.00970084641 3.34760705
794 2658 9.7008161 0.0097008161 3.34760705
794 2658 9.70083694 0.00970083694 3.34760705
794 2658 9.70075035 0.00970075035 3.34760705
794 2658 9.70090488 0.00970090488 3.34760705
794 2658 9.70083504 0.00970083504 3.34760705
794 2658 9.70085323 0.00970085323 3.34760705
793 2652 9.67413108 0.00967413108 3.3442623
793 2651 9.67396063 0.00967396063 3.34300126
793 2650 9.67454987 0.00967454987 3.34174023
793 2650 9.67470593 0.00967470593 3.34174023
793 2654 9.67151175 0.00967151175 3.34678436
793 2648 9.69213668 0.00969213668 3.33921816
793 2648 9.69214758 0.00969214758 3.33921816
793 2648 9.69212954 0.00969212954 3.33921816
793 2648 9.69215082 0.00969215082 3.33921816
793 2648 9.69218125 0.00969218125 3.33921816
792 2641 9.66685829 0.00966685829 3.33459596
792 2641 9.66671973 0.00966671973 3.33459596
792 2641 9.66683079 0.00966683079 3.33459596
792 2641 9.667015 0.009667015 3.33459596
792 2641 9.66689593 0.00966689593 3.33459596
792 2644 9.66465714 0.00966465714 3.33838384
792 2643 9.68130474 0.00968130474 3.33712121
792 2643 9.68070955 0.00968070955 3.33712121
792 2645 9.69166526 0.00969166526 3.33964646
792 2645 9.69157335 0.00969157335 3.33964646
791 2643 9.66605265 0.00966605265 3.34134008
791 2639 9.66502492 0.00966502492 3.33628319
791 2643 9.66599163 0.00966599163 3.34134008
791 2643 9.66591671 0.00966591671 3.34134008
791 2643 9.66580366 0.00966580366 3.34134008
791 2643 9.66592758 0.00966592758 3.34134008
791 2643 9.66595736 0.00966595736 3.34134008
791 2642 9.66347871 0.00966347871 3.34007585
791 2642 9.66343598 0.00966343598 3.34007585
791 2642 9.66342912 0.00966342912 3.34007585
790 2636 9.63874687 0.00963874687 3.33670886
790 2636 9.63867127 0.00963867127 3.33670886
790 2636 9.63867009 0.00963867009 3.33670886
790 2636 9.63875488 0.00963875488 3.33670886
790 2634 9.64010969 0.00964010969 3.33417722
790 2634 9.64013253 0.00964013253 3.33417722
790 2634 9.64010319 0.00964010319 3.33417722
790 2634 9.6400408 0.0096400408 3.33417722
790 2634 9.64005536 0.00964005536 3.33417722
790 2634 9.63998958 0.00963998958 3.33417722
789 2629 9.6191593 0.0096191593 3.33206591
789 2629 9.61911171 0.00961911171 3.33206591
789 2629 9.61914613 0.00961914613 3.33206591
789 2629 9.61924287 0.00961924287 3.33206591
789 2629 9.61925327 0.00961925327 3.33206591
789 2629 9.61916602 0.00961916602 3.33206591
789 2629 9.6192754 0.0096192754 3.33206591
789 2629 9.61920542 0.00961920542 3.33206591
789 2629 9.61916681 0.00961916681 3.33206591
789 2629 9.6192977 0.0096192977 3.33206591
788 2623 9.59443707 0.00959443707 3.3286802
788 2623 9.59439787 0.00959439787 3.3286802
788 2623 9.5942015 0.0095942015 3.3286802
788 2623 9.59437186 0.00959437186 3.3286802
788 2623 9.5944267 0.0095944267 3.3286802
788 2623 9.59447616 0.00959447616 3.3286802
788 2623 9.59568568 0.00959568568 3.3286802
788 2623 9.59546253 0.00959546253 3.3286802
788 2623 9.59559301 0.00959559301 3.3286802
788 2623 9.5954723 0.0095954723 3.3286802
787 2617 9.57088479 0.00957088479 3.3252859
787 2617 9.5708009 0.0095708009 3.3252859
787 2616 9.57325577 0.00957325577 3.32401525
787 2616 9.57334492 0.00957334492 3.32401525
787 2616 9.57337601 0.00957337601 3.32401525
787 2616 9.5734006 0.0095734006 3.32401525
787 2616 9.5734537 0.0095734537 3.32401525
787 2616 9.58485393 0.00958485393 3.32401525
787 2616 9.58467373 0.00958467373 3.32401525
787 2619 9.58676561 0.00958676561 3.32782719
786 2612 9.56017703 0.00956017703 3.32315522
786 2615 9.5611513 0.0095611513 3.32697201
786 2615 9.5610888 0.0095610888 3.32697201
786 2611 9.5612553 0.0095612553 3.32188295
786 2615 9.5625208 0.0095625208 3.32697201
786 2613 9.56374548 0.00956374548 3.32442748
786 2613 9.56365538 0.00956365538 3.32442748
786 2613 9.56371929 0.00956371929 3.32442748
786 2613 9.56359088 0.00956359088 3.32442748
786 2613 9.56380674 0.00956380674 3.32442748
785 2606 9.53839904 0.00953839904 3.31974522
785 2606 9.53840179 0.00953840179 3.31974522
785 2609 9.5392406 0.0095392406 3.32356688
785 2609 9.53925531 0.00953925531 3.32356688
785 2609 9.53910785 0.00953910785 3.32356688
785 2609 9.53920419 0.00953920419 3.32356688
785 2609 9.53922731 0.00953922731 3.32356688
785 2609 9.53918791 0.00953918791 3.32356688
785 2609 9.53922061 0.00953922061 3.32356688
785 2607 9.52472954 0.00952472954 3.32101911
784 2596 9.49992978 0.00949992978 3.31122449
784 2596 9.49982659 0.00949982659 3.31122449
784 2596 9.4998262 0.0094998262 3.31122449
784 2596 9.49994602 0.00949994602 3.31122449
784 2596 9.49986075 0.00949986075 3.31122449
784 2603 9.52325757 0.00952325757 3.32015306
784 2603 9.52318219 0.00952318219 3.32015306
784 2603 9.52316354 0.00952316354 3.32015306
783 2598 9.50566797 0.00950566797 3.31800766
783 2591 9.50817726 0.00950817726 3.30906769
782 2585 9.48257542 0.00948257542 3.3056266
782 2585 9.4824806 0.0094824806 3.3056266
782 2585 9.48261111 0.00948261111 3.3056266
782 2584 9.48382045 0.00948382045 3.30434783
782 2584 9.4837175 0.0094837175 3.30434783
782 2584 9.48379773 0.00948379773 3.30434783
782 2584 9.48387279 0.00948387279 3.30434783
782 2584 9.48374744 0.00948374744 3.30434783
782 2581 9.48385802 0.00948385802 3.30051151
782 2581 9.48376682 0.00948376682 3.30051151
781 2574 9.45856328 0.00945856328 3.29577465
781 2575 9.45849169 0.00945849169 3.29705506
781 2574 9.46033469 0.00946033469 3.29577465
781 2577 9.45579744 0.00945579744 3.29961588
781 2574 9.46028329 0.00946028329 3.29577465
781 2576 9.47297767 0.00947297767 3.29833547
781 2577 9.47289726 0.00947289726 3.29961588
781 2577 9.47286659 0.00947286659 3.29961588
781 2577 9.47286642 0.00947286642 3.29961588
781 2577 9.47286442 0.00947286442 3.29961588
780 2572 9.44617807 0.00944617807 3.2974359
780 2574 9.45374887 0.00945374887 3.3
780 2574 9.45350545 0.00945350545 3.3
780 2574 9.45365715 0.00945365715 3.3
780 2574 9.45351266 0.00945351266 3.3
780 2574 9.45352577 0.00945352577 3.3
780 2574 9.45364633 0.00945364633 3.3
780 2574 9.45348852 0.00945348852 3.3
780 2574 9.45354513 0.00945354513 3.3
780 2574 9.45353636 0.00945353636 3.3
779 2570 9.42981033 0.00942981033 3.29910141
779 2570 9.42982342 0.00942982342 3.29910141
779 2570 9.42984253 0.00942984253 3.29910141
779 2570 9.42983595 0.00942983595 3.29910141
779 2570 9.42987509 0.00942987509 3.29910141
779 2570 9.42984803 0.00942984803 3.29910141
779 2570 9.42995794 0.00942995794 3.29910141
779 2570 9.42984618 0.00942984618 3.29910141
779 2570 9.4298137 0.0094298137 3.29910141
779 2570 9.42984139 0.00942984139 3.29910141
778 2563 9.40585981 0.00940585981 3.29434447
778 2563 9.40580808 0.00940580808 3.29434447
778 2563 9.40588779 0.00940588779 3.29434447
778 2563 9.40575857 0.00940575857 3.29434447
778 2563 9.40589299 0.00940589299 3.29434447
778 2563 9.4058502 0.0094058502 3.29434447
778 2563 9.40585737 0.00940585737 3.29434447
778 2565 9.40879531 0.00940879531 3.29691517
778 2565 9.40874356 0.00940874356 3.29691517
778 2565 9.40885841 0.00940885841 3.29691517
777 2557 9.3828081 0.0093828081 3.29086229
777 2559 9.38361139 0.00938361139 3.29343629
777 2559 9.38354301 0.00938354301 3.29343629
777 2559 9.38362993 0.00938362993 3.29343629
777 2560 9.38972037 0.00938972037 3.29472329
777 2560 9.38972701 0.00938972701 3.29472329
777 2560 9.3897686 0.0093897686 3.29472329
777 2560 9.38973603 0.00938973603 3.29472329
777 2560 9.38976282 0.00938976282 3.29472329
777 2560 9.38979452 0.00938979452 3.29472329
776 2554 9.36464245 0.00936464245 3.29123711
776 2553 9.36720514 0.00936720514 3.28994845
776 2553 9.36725759 0.00936725759 3.28994845
776 2553 9.36715803 0.00936715803 3.28994845
776 2553 9.36720392 0.00936720392 3.28994845
776 2553 9.36718764 0.00936718764 3.28994845
776 2553 9.36731055 0.00936731055 3.28994845
776 2553 9.36726718 0.00936726718 3.28994845
776 2553 9.36728249 0.00936728249 3.28994845
776 2553 9.36725181 0.00936725181 3.28994845
775 2547 9.34203627 0.00934203627 3.28645161
775 2547 9.3419517 0.0093419517 3.28645161
775 2549 9.34371856 0.00934371856 3.28903226
775 2549 9.3434882 0.0093434882 3.28903226
775 2549 9.34353773 0.00934353773 3.28903226
775 2549 9.34369269 0.00934369269 3.28903226
775 2549 9.34361277 0.00934361277 3.28903226
775 2549 9.34369246 0.00934369246 3.28903226
775 2549 9.34355206 0.00934355206 3.28903226
775 2549 9.34347899 0.00934347899 3.28903226
774 2544 9.31704312 0.00931704312 3.28682171
774 2543 9.3184396 0.0093184396 3.28552972
774 2538 9.31903521 0.00931903521 3.27906977
774 2538 9.31890342 0.00931890342 3.27906977
774 2538 9.31899017 0.00931899017 3.27906977
774 2543 9.31940746 0.00931940746 3.28552972
774 2543 9.31935081 0.00931935081 3.28552972
774 2543 9.31934904 0.00931934904 3.28552972
774 2543 9.31918981 0.00931918981 3.28552972
774 2543 9.31920492 0.00931920492 3.28552972
773 2536 9.29394748 0.00929394748 3.28072445
773 2538 9.29403447 0.00929403447 3.28331177
773 2538 9.2939222 0.0092939222 3.28331177
773 2538 9.29383799 0.00929383799 3.28331177
773 2538 9.29392898 0.00929392898 3.28331177
773 2536 9.29383842 0.00929383842 3.28072445
773 2532 9.29517724 0.00929517724 3.27554981
773 2532 9.2949245 0.0092949245 3.27554981
773 2532 9.29492934 0.00929492934 3.27554981
773 2532 9.29502535 0.00929502535 3.27554981
772 2523 9.26734587 0.00926734587 3.26813472
772 2526 9.26964888 0.00926964888 3.27202073
772 2526 9.26975072 0.00926975072 3.27202073
772 2527 9.2699796 0.0092699796 3.27331606
772 2527 9.2700761 0.0092700761 3.27331606
772 2527 9.2700837 0.0092700837 3.27331606
772 2527 9.27001236 0.00927001236 3.27331606
772 2527 9.26996175 0.00926996175 3.27331606
772 2527 9.26990596 0.00926990596 3.27331606
772 2527 9.27010732 0.00927010732 3.27331606
771 2521 9.2451909 0.0092451909 3.26977951
771 2521 9.24516371 0.00924516371 3.26977951
771 2521 9.24517984 0.00924517984 3.26977951
771 2521 9.2451383 0.0092451383 3.26977951
771 2521 9.24504964 0.00924504964 3.26977951
771 2521 9.2450881 0.0092450881 3.26977951
771 2521 9.24510683 0.00924510683 3.26977951
771 2521 9.24503555 0.00924503555 3.26977951
771 2521 9.24526125 0.00924526125 3.26977951
771 2521 9.24517859 0.00924517859 3.26977951
770 2516 9.21847861 0.00921847861 3.26753247
770 2517 9.21963091 0.00921963091 3.26883117
770 2515 9.21960395 0.00921960395 3.26623377
770 2515 9.21957781 0.00921957781 3.26623377
770 2515 9.21949981 0.00921949981 3.26623377
770 2515 9.21974224 0.00921974224 3.26623377
770 2515 9.21953335 0.00921953335 3.26623377
770 2515 9.21955833 0.00921955833 3.26623377
770 2515 9.21954011 0.00921954011 3.26623377
770 2515 9.21956584 0.00921956584 3.26623377
769 2509 9.19276833 0.00919276833 3.2626788
769 2508 9.19486412 0.00919486412 3.26137841
769 2508 9.19469327 0.00919469327 3.26137841
769 2508 9.19454842 0.00919454842 3.26137841
769 2508 9.19441927 0.00919441927 3.26137841
769 2508 9.19436994 0.00919436994 3.26137841
769 2508 9.19445936 0.00919445936 3.26137841
769 2508 9.19436431 0.00919436431 3.26137841
769 2508 9.19435552 0.00919435552 3.26137841
769 2508 9.19448774 0.00919448774 3.26137841
768 2501 9.16926863 0.00916926863 3.25651042
768 2501 9.16927653 0.00916927653 3.25651042
768 2501 9.16935522 0.00916935522 3.25651042
768 2500 9.16752322 0.00916752322 3.25520833
768 2500 9.167568 0.009167568 3.25520833
768 2500 9.16767387 0.00916767387 3.25520833
768 2500 9.16757415 0.00916757415 3.25520833
768 2500 9.16738405 0.00916738405 3.25520833
768 2500 9.16769682 0.00916769682 3.25520833
768 2500 9.16771377 0.00916771377 3.25520833
767 2495 9.14064979 0.00914064979 3.25293351
767 2495 9.14056382 0.00914056382 3.25293351
767 2496 9.14247727 0.00914247727 3.25423729
767 2500 9.15314051 0.00915314051 3.25945241
767 2500 9.13225256 0.00913225256 3.25945241
767 2499 9.13247271 0.00913247271 3.25814863
767 2499 9.1325846 0.0091325846 3.25814863
767 2499 9.1324375 0.0091324375 3.25814863
767 2499 9.1323996 0.0091323996 3.25814863
767 2499 9.13239922 0.00913239922 3.25814863
766 2494 9.10537732 0.00910537732 3.25587467
766 2490 9.10792801 0.00910792801 3.25065274
766 2490 9.10784871 0.00910784871 3.25065274
766 2493 9.10792279 0.00910792279 3.25456919
766 2493 9.10782559 0.00910782559 3.25456919
766 2494 9.12953357 0.00912953357 3.25587467
766 2494 9.12966116 0.00912966116 3.25587467
766 2495 9.12861569 0.00912861569 3.25718016
766 2495 9.12850473 0.00912850473 3.25718016
766 2495 9.12848218 0.00912848218 3.25718016
765 2490 9.106621 0.009106621 3.25490196
765 2490 9.10673755 0.00910673755 3.25490196
765 2494 9.10942954 0.00910942954 3.26013072
765 2494 9.11438997 0.00911438997 3.26013072
765 2494 9.11436193 0.00911436193 3.26013072
765 2494 9.11790476 0.00911790476 3.26013072
765 2494 9.11786736 0.00911786736 3.26013072
765 2499 9.12961369 0.00912961369 3.26666667
765 2500 9.13046907 0.00913046907 3.26797386
765 2501 9.12957615 0.00912957615 3.26928105
763 2492 9.10513807 0.00910513807 3.26605505
763 2489 9.09089385 0.00909089385 3.2621232
763 2492 9.09029607 0.00909029607 3.26605505
763 2492 9.09039754 0.00909039754 3.26605505
762 2485 9.07069374 0.00907069374 3.26115486
762 2485 9.07068778 0.00907068778 3.26115486
762 2485 9.07070306 0.00907070306 3.26115486
762 2485 9.07074387 0.00907074387 3.26115486
762 2485 9.08917015 0.00908917015 3.26115486
762 2485 9.08919881 0.00908919881 3.26115486
761 2477 9.06416273 0.00906416273 3.25492773
761 2479 9.06587433 0.00906587433 3.25755585
761 2479 9.06584376 0.00906584376 3.25755585
761 2479 9.06586574 0.00906586574 3.25755585
761 2479 9.06579733 0.00906579733 3.25755585
761 2479 9.06588566 0.00906588566 3.25755585
761 2479 9.06583404 0.00906583404 3.25755585
761 2479 9.06592376 0.00906592376 3.25755585
761 2479 9.06589185 0.00906589185 3.25755585
761 2479 9.06578468 0.00906578468 3.25755585
760 2475 9.04267352 0.00904267352 3.25657895
760 2475 9.04268191 0.00904268191 3.25657895
760 2475 9.04271029 0.00904271029 3.25657895
760 2475 9.04269794 0.00904269794 3.25657895
760 2475 9.04276503 0.00904276503 3.25657895
760 2475 9.04279239 0.00904279239 3.25657895
760 2475 9.04257703 0.00904257703 3.25657895
760 2472 9.0423279 0.0090423279 3.25263158
760 2472 9.04235288 0.00904235288 3.25263158
760 2472 9.04233822 0.00904233822 3.25263158
759 2465 9.0180557 0.0090180557 3.24769433
759 2465 9.01803828 0.00901803828 3.24769433
759 2465 9.01802347 0.00901802347 3.24769433
759 2465 9.01792361 0.00901792361 3.24769433
759 2465 9.01798033 0.00901798033 3.24769433
759 2465 9.01798936 0.00901798936 3.24769433
759 2465 9.01796663 0.00901796663 3.24769433
759 2468 9.02060274 0.00902060274 3.2516469
759 2468 9.02051302 0.00902051302 3.2516469
759 2468 9.02057043 0.00902057043 3.2516469
758 2463 8.99507934 0.00899507934 3.24934037
758 2465 8.99270653 0.00899270653 3.25197889
758 2465 8.99264712 0.00899264712 3.25197889
758 2463 8.99504276 0.00899504276 3.24934037
758 2463 8.99503909 0.00899503909 3.24934037
758 2463 8.99499146 0.00899499146 3.24934037
758 2463 8.995037 0.008995037 3.24934037
758 2463 8.99502874 0.00899502874 3.24934037
758 2463 8.99509318 0.00899509318 3.24934037
758 2463 8.99503704 0.00899503704 3.24934037
757 2456 8.97114421 0.00897114421 3.24438573
757 2456 8.97110036 0.00897110036 3.24438573
757 2456 8.97096811 0.00897096811 3.24438573
757 2460 8.97109509 0.00897109509 3.24966975
756 2454 8.96595271 0.00896595271 3.24603175
756 2454 8.96596131 0.00896596131 3.24603175
756 2454 8.96575971 0.00896575971 3.24603175
756 2454 8.96598249 0.00896598249 3.24603175
756 2454 8.96591619 0.00896591619 3.24603175
756 2454 8.96597606 0.00896597606 3.24603175
755 2447 8.94185847 0.00894185847 3.2410596
755 2447 8.94186153 0.00894186153 3.2410596
755 2447 8.94168893 0.00894168893 3.2410596
755 2447 8.94183268 0.00894183268 3.2410596
755 2447 8.94181017 0.00894181017 3.2410596
755 2447 8.94175218 0.00894175218 3.2410596
755 2447 8.94183583 0.00894183583 3.2410596
755 2447 8.94185991 0.00894185991 3.2410596
755 2447 8.94161929 0.00894161929 3.2410596
755 2447 8.94180211 0.00894180211 3.2410596
754 2439 8.91616187 0.00891616187 3.23474801
753 2433 8.90825318 0.00890825318 3.2310757
753 2433 8.90821795 0.00890821795 3.2310757
753 2433 8.9081645 0.0089081645 3.2310757
753 2433 8.90819141 0.00890819141 3.2310757
753 2433 8.90801362 0.00890801362 3.2310757
753 2433 8.90856766 0.00890856766 3.2310757
753 2433 8.90848466 0.00890848466 3.2310757
753 2433 8.90868372 0.00890868372 3.2310757
753 2433 8.90855689 0.00890855689 3.2310757
752 2424 8.88269568 0.00888269568 3.22340426
752 2428 8.88459995 0.00888459995 3.2287234
752 2428 8.88461477 0.00888461477 3.2287234
752 2428 8.88452624 0.00888452624 3.2287234
752 2428 8.88439866 0.00888439866 3.2287234
752 2428 8.88459475 0.00888459475 3.2287234
752 2426 8.88486266 0.00888486266 3.22606383
752 2426 8.88468419 0.00888468419 3.22606383
752 2426 8.88476974 0.00888476974 3.22606383
752 2426 8.88481691 0.00888481691 3.22606383
751 2420 8.85840354 0.00885840354 3.22237017
751 2418 8.85916214 0.00885916214 3.21970706
751 2421 8.86082877 0.00886082877 3.22370173
751 2421 8.86039032 0.00886039032 3.22370173
751 2421 8.8607649 0.0088607649 3.22370173
751 2421 8.86061236 0.00886061236 3.22370173
751 2421 8.86082699 0.00886082699 3.22370173
751 2421 8.8608147 0.0088608147 3.22370173
751 2421 8.86065994 0.00886065994 3.22370173
751 2421 8.86067596 0.00886067596 3.22370173
750 2415 8.83422452 0.00883422452 3.22
750 2415 8.83410433 0.00883410433 3.22
750 2413 8.8345914 0.0088345914 3.21733333
750 2414 8.83465573 0.00883465573 3.21866667
750 2414 8.83458992 0.00883458992 3.21866667
750 2414 8.83459869 0.00883459869 3.21866667
750 2414 8.83557507 0.00883557507 3.21866667
750 2414 8.835757 0.008835757 3.21866667
750 2410 8.83457056 0.00883457056 3.21333333
750 2410 8.8344964 0.0088344964 3.21333333
749 2405 8.80890932 0.00880890932 3.21094793
749 2405 8.80894343 0.00880894343 3.21094793
749 2401 8.80893452 0.00880893452 3.20560748
749 2401 8.8090143 0.0088090143 3.20560748
749 2401 8.80893272 0.00880893272 3.20560748
749 2401 8.80888074 0.00880888074 3.20560748
749 2406 8.80937929 0.00880937929 3.21228304
749 2406 8.80921898 0.00880921898 3.21228304
749 2406 8.8092447 0.0088092447 3.21228304
749 2406 8.80926806 0.00880926806 3.21228304
748 2400 8.7880286 0.0087880286 3.20855615
748 2400 8.78800792 0.00878800792 3.20855615
748 2400 8.78813405 0.00878813405 3.20855615
748 2400 8.78798686 0.00878798686 3.20855615
748 2400 8.78812708 0.00878812708 3.20855615
748 2400 8.78798893 0.00878798893 3.20855615
748 2400 8.78812909 0.00878812909 3.20855615
748 2394 8.77156767 0.00877156767 3.20053476
748 2400 8.78817432 0.00878817432 3.20855615
748 2400 8.78795015 0.00878795015 3.20855615
747 2396 8.76200149 0.00876200149 3.20749665
747 2396 8.76195083 0.00876195083 3.20749665
747 2393 8.76362742 0.00876362742 3.20348059
747 2393 8.76347576 0.00876347576 3.20348059
747 2393 8.76373629 0.00876373629 3.20348059
747 2393 8.76378837 0.00876378837 3.20348059
747 2397 8.76443902 0.00876443902 3.20883534
747 2397 8.76425171 0.00876425171 3.20883534
747 2397 8.76444929 0.00876444929 3.20883534
747 2397 8.76413544 0.00876413544 3.20883534
746 2391 8.73882892 0.00873882892 3.20509383
746 2389 8.73897581 0.00873897581 3.20241287
746 2389 8.73885045 0.00873885045 3.20241287
746 2390 8.73887924 0.00873887924 3.20375335
746 2388 8.73931852 0.00873931852 3.20107239
746 2388 8.73942132 0.00873942132 3.20107239
746 2388 8.73949661 0.00873949661 3.20107239
746 2388 8.73951692 0.00873951692 3.20107239
746 2388 8.73955746 0.00873955746 3.20107239
746 2388 8.73927621 0.00873927621 3.20107239
745 2383 8.71515371 0.00871515371 3.19865772
745 2383 8.71540826 0.00871540826 3.19865772
745 2383 8.71522247 0.00871522247 3.19865772
745 2383 8.71516407 0.00871516407 3.19865772
745 2383 8.71518436 0.00871518436 3.19865772
745 2383 8.71519729 0.00871519729 3.19865772
745 2383 8.71516762 0.00871516762 3.19865772
745 2383 8.7151703 0.0087151703 3.19865772
745 2383 8.71529592 0.00871529592 3.19865772
745 2383 8.71533782 0.00871533782 3.19865772
744 2378 8.68742215 0.00868742215 3.19623656
744 2379 8.69071088 0.00869071088 3.19758065
744 2379 8.69045294 0.00869045294 3.19758065
744 2379 8.69053362 0.00869053362 3.19758065
744 2379 8.69059063 0.00869059063 3.19758065
744 2379 8.69053268 0.00869053268 3.19758065
744 2379 8.69044892 0.00869044892 3.19758065
744 2379 8.69057102 0.00869057102 3.19758065
744 2379 8.69045985 0.00869045985 3.19758065
744 2379 8.69042114 0.00869042114 3.19758065
743 2369 8.66432097 0.00866432097 3.1884253
743 2371 8.66459322 0.00866459322 3.19111709
743 2371 8.66449788 0.00866449788 3.19111709
743 2374 8.66705698 0.00866705698 3.19515478
743 2374 8.6706051 0.0086706051 3.19515478
743 2376 8.67098265 0.00867098265 3.19784657
743 2377 8.67162004 0.00867162004 3.19919246
743 2377 8.67171756 0.00867171756 3.19919246
743 2377 8.67166304 0.00867166304 3.19919246
743 2376 8.68191827 0.00868191827 3.19784657
742 2369 8.65928993 0.00865928993 3.19272237
742 2369 8.65928226 0.00865928226 3.19272237
742 2369 8.65196537 0.00865196537 3.19272237
742 2363 8.66078127 0.00866078127 3.18463612
742 2362 8.65890928 0.00865890928 3.18328841
742 2362 8.65894889 0.00865894889 3.18328841
742 2362 8.65885534 0.00865885534 3.18328841
742 2365 8.66342975 0.00866342975 3.18733154
742 2364 8.66190725 0.00866190725 3.18598383
742 2362 8.66332885 0.00866332885 3.18328841
741 2356 8.64541533 0.00864541533 3.17948718
741 2356 8.64537219 0.00864537219 3.17948718
741 2356 8.64529939 0.00864529939 3.17948718
741 2356 8.64540273 0.00864540273 3.17948718
741 2356 8.6455019 0.0086455019 3.17948718
741 2356 8.64538947 0.00864538947 3.17948718
741 2356 8.64539133 0.00864539133 3.17948718
741 2356 8.64529238 0.00864529238 3.17948718
741 2361 8.6300604 0.0086300604 3.18623482
741 2363 8.6198163 0.0086198163 3.18893387
740 2353 8.61465536 0.00861465536 3.17972973
740 2353 8.61456676 0.00861456676 3.17972973
740 2353 8.61439493 0.00861439493 3.17972973
740 2353 8.61448359 0.00861448359 3.17972973
740 2353 8.6145237 0.0086145237 3.17972973
740 2353 8.61456357 0.00861456357 3.17972973
740 2353 8.62579392 0.00862579392 3.17972973
740 2353 8.62550141 0.00862550141 3.17972973
740 2353 8.62554126 0.00862554126 3.17972973
740 2351 8.61936477 0.00861936477 3.17702703
739 2344 8.59622201 0.00859622201 3.17185386
739 2344 8.59627176 0.00859627176 3.17185386
739 2340 8.60667942 0.00860667942 3.16644114
739 2340 8.60837598 0.00860837598 3.16644114
739 2340 8.60824976 0.00860824976 3.16644114
739 2340 8.60826364 0.00860826364 3.16644114
739 2340 8.60827096 0.00860827096 3.16644114
739 2340 8.60817707 0.00860817707 3.16644114
739 2340 8.60817882 0.00860817882 3.16644114
739 2340 8.6082641 0.0086082641 3.16644114
738 2334 8.58057077 0.00858057077 3.16260163
738 2333 8.58104517 0.00858104517 3.16124661
738 2334 8.55470754 0.00855470754 3.16260163
738 2333 8.58542602 0.00858542602 3.16124661
738 2333 8.58529003 0.00858529003 3.16124661
738 2333 8.5853124 0.0085853124 3.16124661
738 2334 8.58729416 0.00858729416 3.16260163
738 2334 8.58720015 0.00858720015 3.16260163
738 2334 8.5872452 0.0085872452 3.16260163
738 2334 8.58726539 0.00858726539 3.16260163
737 2324 8.55896917 0.00855896917 3.15332429
737 2324 8.55879102 0.00855879102 3.15332429
737 2328 8.55695447 0.00855695447 3.1587517
737 2329 8.5630615 0.0085630615 3.16010855
737 2329 8.56284993 0.00856284993 3.16010855
737 2329 8.56286226 0.00856286226 3.16010855
737 2329 8.56284151 0.00856284151 3.16010855
737 2326 8.56849326 0.00856849326 3.15603799
737 2326 8.56845385 0.00856845385 3.15603799
737 2326 8.56852684 0.00856852684 3.15603799
736 2325 8.54382652 0.00854382652 3.15896739
736 2321 8.53766125 0.00853766125 3.15353261
736 2321 8.53761725 0.00853761725 3.15353261
736 2321 8.53762027 0.00853762027 3.15353261
736 2327 8.53361666 0.00853361666 3.16168478
736 2327 8.5335134 0.0085335134 3.16168478
736 2327 8.53356284 0.00853356284 3.16168478
736 2327 8.53353021 0.00853353021 3.16168478
736 2327 8.53348966 0.00853348966 3.16168478
736 2327 8.53356669 0.00853356669 3.16168478
735 2320 8.50680362 0.00850680362 3.15646259
735 2321 8.50859412 0.00850859412 3.15782313
735 2320 8.52155577 0.00852155577 3.15646259
735 2320 8.52154493 0.00852154493 3.15646259
735 2320 8.52143836 0.00852143836 3.15646259
735 2320 8.52145144 0.00852145144 3.15646259
735 2320 8.52148859 0.00852148859 3.15646259
735 2320 8.52147276 0.00852147276 3.15646259
735 2320 8.5214903 0.0085214903 3.15646259
735 2320 8.52148247 0.00852148247 3.15646259
734 2310 8.49353492 0.00849353492 3.14713896
734 2310 8.49349236 0.00849349236 3.14713896
734 2313 8.49493377 0.00849493377 3.15122616
734 2316 8.49676483 0.00849676483 3.15531335
734 2316 8.49674656 0.00849674656 3.15531335
734 2315 8.496862 0.008496862 3.15395095
734 2315 8.49683051 0.00849683051 3.15395095
734 2315 8.49692549 0.00849692549 3.15395095
734 2315 8.49683373 0.00849683373 3.15395095
734 2315 8.49675385 0.00849675385 3.15395095
733 2305 8.46866973 0.00846866973 3.14461119
733 2309 8.46602177 0.00846602177 3.15006821
733 2307 8.46990363 0.00846990363 3.1473397
733 2307 8.47247136 0.00847247136 3.1473397
733 2307 8.4723731 0.0084723731 3.1473397
733 2307 8.47222467 0.00847222467 3.1473397
733 2307 8.47243391 0.00847243391 3.1473397
733 2307 8.47234921 0.00847234921 3.1473397
733 2307 8.47239542 0.00847239542 3.1473397
733 2307 8.47243534 0.00847243534 3.1473397
732 2302 8.44892064 0.00844892064 3.14480874
732 2304 8.44898931 0.00844898931 3.14754098
732 2304 8.44885312 0.00844885312 3.14754098
732 2304 8.44893179 0.00844893179 3.14754098
732 2304 8.44895381 0.00844895381 3.14754098
732 2306 8.44952276 0.00844952276 3.15027322
732 2306 8.44944195 0.00844944195 3.15027322
732 2307 8.45048744 0.00845048744 3.15163934
732 2307 8.45066944 0.00845066944 3.15163934
732 2307 8.4506067 0.0084506067 3.15163934
731 2300 8.42418015 0.00842418015 3.14637483
731 2302 8.42706658 0.00842706658 3.14911081
731 2302 8.42709542 0.00842709542 3.14911081
731 2299 8.4296565 0.0084296565 3.14500684
731 2299 8.42958313 0.00842958313 3.14500684
731 2299 8.42959239 0.00842959239 3.14500684
731 2299 8.42953634 0.00842953634 3.14500684
731 2299 8.42959958 0.00842959958 3.14500684
731 2299 8.42966142 0.00842966142 3.14500684
731 2299 8.42959534 0.00842959534 3.14500684
730 2291 8.40482593 0.00840482593 3.13835616
730 2295 8.4113033 0.0084113033 3.14383562
730 2295 8.41122618 0.00841122618 3.14383562
730 2294 8.41157808 0.00841157808 3.14246575
730 2294 8.41148214 0.00841148214 3.14246575
730 2294 8.41170722 0.00841170722 3.14246575
730 2294 8.41165407 0.00841165407 3.14246575
730 2294 8.41166991 0.00841166991 3.14246575
730 2294 8.41155453 0.00841155453 3.14246575
730 2294 8.41165921 0.00841165921 3.14246575
729 2287 8.38551594 0.00838551594 3.13717421
729 2285 8.38527207 0.00838527207 3.13443073
729 2287 8.38556699 0.00838556699 3.13717421
729 2287 8.38542478 0.00838542478 3.13717421
729 2287 8.38547507 0.00838547507 3.13717421
729 2287 8.38545278 0.00838545278 3.13717421
729 2284 8.38633993 0.00838633993 3.13305898
729 2289 8.38838205 0.00838838205 3.1399177
729 2289 8.38846172 0.00838846172 3.1399177
729 2289 8.38841859 0.00838841859 3.1399177
728 2279 8.36287382 0.00836287382 3.13049451
728 2279 8.3629463 0.0083629463 3.13049451
728 2283 8.36244387 0.00836244387 3.13598901
728 2279 8.36302827 0.00836302827 3.13049451
728 2279 8.36287869 0.00836287869 3.13049451
728 2279 8.36294844 0.00836294844 3.13049451
728 2279 8.36295217 0.00836295217 3.13049451
728 2279 8.36299006 0.00836299006 3.13049451
728 2279 8.36294689 0.00836294689 3.13049451
728 2279 8.36294128 0.00836294128 3.13049451
727 2272 8.33635945 0.00833635945 3.12517194
727 2272 8.33633381 0.00833633381 3.12517194
727 2277 8.33697301 0.00833697301 3.13204952
727 2270 8.32798471 0.00832798471 3.12242091
727 2270 8.32803686 0.00832803686 3.12242091
727 2270 8.32802188 0.00832802188 3.12242091
727 2270 8.32801946 0.00832801946 3.12242091
727 2270 8.32804635 0.00832804635 3.12242091
727 2273 8.34033185 0.00834033185 3.12654746
727 2273 8.340146 0.008340146 3.12654746
726 2268 8.31364177 0.00831364177 3.12396694
726 2268 8.31596397 0.00831596397 3.12396694
726 2268 8.31587509 0.00831587509 3.12396694
726 2268 8.31561269 0.00831561269 3.12396694
726 2265 8.32027564 0.00832027564 3.11983471
726 2265 8.32041334 0.00832041334 3.11983471
726 2265 8.32036673 0.00832036673 3.11983471
726 2265 8.32041788 0.00832041788 3.11983471
726 2265 8.32030128 0.00832030128 3.11983471
726 2265 8.32026661 0.00832026661 3.11983471
725 2260 8.29626496 0.00829626496 3.11724138
725 2260 8.29626457 0.00829626457 3.11724138
725 2260 8.29630926 0.00829630926 3.11724138
725 2260 8.29631792 0.00829631792 3.11724138
725 2260 8.296314 0.008296314 3.11724138
725 2260 8.30599612 0.00830599612 3.11724138
725 2260 8.30607775 0.00830607775 3.11724138
725 2260 8.30610432 0.00830610432 3.11724138
725 2260 8.30611214 0.00830611214 3.11724138
725 2260 8.30616502 0.00830616502 3.11724138
724 2255 8.28200183 0.00828200183 3.11464088
724 2255 8.28200393 0.00828200393 3.11464088
724 2255 8.28206903 0.00828206903 3.11464088
724 2255 8.28209276 0.00828209276 3.11464088
724 2255 8.28206306 0.00828206306 3.11464088
724 2255 8.28211266 0.00828211266 3.11464088
724 2255 8.28199419 0.00828199419 3.11464088
724 2255 8.28210816 0.00828210816 3.11464088
724 2255 8.28159998 0.00828159998 3.11464088
724 2255 8.2821025 0.0082821025 3.11464088
723 2246 8.25529552 0.00825529552 3.10650069
723 2246 8.25548527 0.00825548527 3.10650069
723 2246 8.25529171 0.00825529171 3.10650069
723 2246 8.25543183 0.00825543183 3.10650069
723 2250 8.25616675 0.00825616675 3.1120332
723 2250 8.25594122 0.00825594122 3.1120332
723 2248 8.25509923 0.00825509923 3.10926694
723 2246 8.25539624 0.00825539624 3.10650069
723 2246 8.25534519 0.00825534519 3.10650069
723 2247 8.2564551 0.0082564551 3.10788382
722 2240 8.22877986 0.00822877986 3.10249307
722 2238 8.23048873 0.00823048873 3.09972299
722 2238 8.23064093 0.00823064093 3.09972299
722 2238 8.23046846 0.00823046846 3.09972299
722 2238 8.2305455 0.0082305455 3.09972299
722 2238 8.23042223 0.00823042223 3.09972299
722 2238 8.23041526 0.00823041526 3.09972299
722 2238 8.23055824 0.00823055824 3.09972299
722 2238 8.23035475 0.00823035475 3.09972299
722 2238 8.23054043 0.00823054043 3.09972299
721 2231 8.2044925 0.0082044925 3.09431345
721 2231 8.20458708 0.00820458708 3.09431345
721 2235 8.20410858 0.00820410858 3.0998613
721 2233 8.20458298 0.00820458298 3.09708738
721 2233 8.20460566 0.00820460566 3.09708738
721 2233 8.20447639 0.00820447639 3.09708738
721 2233 8.20467117 0.00820467117 3.09708738
721 2233 8.20460167 0.00820460167 3.09708738
721 2233 8.2045345 0.0082045345 3.09708738
721 2233 8.20445717 0.00820445717 3.09708738
720 2229 8.17897902 0.00817897902 3.09583333
720 2229 8.17881767 0.00817881767 3.09583333
720 2229 8.17892899 0.00817892899 3.09583333
720 2229 8.17877134 0.00817877134 3.09583333
720 2229 8.17900743 0.00817900743 3.09583333
720 2229 8.1791037 0.0081791037 3.09583333
720 2229 8.17897919 0.00817897919 3.09583333
720 2229 8.17893057 0.00817893057 3.09583333
720 2229 8.1788044 0.0081788044 3.09583333
720 2229 8.17900054 0.00817900054 3.09583333
719 2227 8.15295759 0.00815295759 3.09735744
719 2222 8.15363751 0.00815363751 3.09040334
719 2221 8.15411478 0.00815411478 3.08901252
719 2220 8.15678697 0.00815678697 3.0876217
719 2220 8.1568696 0.0081568696 3.0876217
719 2220 8.15687613 0.00815687613 3.0876217
719 2222 8.17750114 0.00817750114 3.09040334
719 2222 8.17740883 0.00817740883 3.09040334
719 2228 8.17742718 0.00817742718 3.09874826
719 2228 8.17740341 0.00817740341 3.09874826
718 2223 8.15084932 0.00815084932 3.09610028
718 2219 8.15230252 0.00815230252 3.09052925
718 2219 8.15209015 0.00815209015 3.09052925
718 2219 8.15213744 0.00815213744 3.09052925
718 2219 8.15214171 0.00815214171 3.09052925
718 2219 8.15212708 0.00815212708 3.09052925
718 2219 8.15216637 0.00815216637 3.09052925
718 2219 8.15210672 0.00815210672 3.09052925
718 2219 8.15225329 0.00815225329 3.09052925
718 2219 8.15232651 0.00815232651 3.09052925
717 2215 8.12604414 0.00812604414 3.08926081
717 2215 8.12597246 0.00812597246 3.08926081
717 2215 8.12602758 0.00812602758 3.08926081
717 2215 8.12605083 0.00812605083 3.08926081
717 2215 8.12604119 0.00812604119 3.08926081
717 2215 8.12604546 0.00812604546 3.08926081
717 2211 8.12849282 0.00812849282 3.08368201
717 2211 8.12853994 0.00812853994 3.08368201
717 2211 8.12112952 0.00812112952 3.08368201
717 2211 8.12114293 0.00812114293 3.08368201
716 2205 8.0958679 0.0080958679 3.07960894
716 2206 8.098405 0.008098405 3.08100559
716 2205 8.0759584 0.0080759584 3.07960894
716 2205 8.07591773 0.00807591773 3.07960894
716 2209 8.0763298 0.0080763298 3.08519553
716 2209 8.07632641 0.00807632641 3.08519553
716 2209 8.07629194 0.00807629194 3.08519553
716 2209 8.07635412 0.00807635412 3.08519553
716 2209 8.07627362 0.00807627362 3.08519553
715 2202 8.07629511 0.00807629511 3.07972028
714 2197 8.05174853 0.00805174853 3.07703081
714 2197 8.05135692 0.00805135692 3.07703081
714 2197 8.05163591 0.00805163591 3.07703081
714 2197 8.0714265 0.0080714265 3.07703081
714 2197 8.07142313 0.00807142313 3.07703081
714 2197 8.07130573 0.00807130573 3.07703081
714 2198 8.07988328 0.00807988328 3.07843137
714 2198 8.07970937 0.00807970937 3.07843137
714 2197 8.07768451 0.00807768451 3.07703081
714 2197 8.07778713 0.00807778713 3.07703081
713 2190 8.05532688 0.00805532688 3.07152875
713 2190 8.05523805 0.00805523805 3.07152875
713 2190 8.05534067 0.00805534067 3.07152875
713 2190 8.03916484 0.00803916484 3.07152875
713 2190 8.03915449 0.00803915449 3.07152875
713 2190 8.03913616 0.00803913616 3.07152875
713 2190 8.03912725 0.00803912725 3.07152875
713 2190 8.03905516 0.00803905516 3.07152875
713 2189 8.05280628 0.00805280628 3.07012623
713 2189 8.05265415 0.00805265415 3.07012623
712 2184 8.02763154 0.00802763154 3.06741573
712 2184 8.02751016 0.00802751016 3.06741573
712 2184 8.03052005 0.00803052005 3.06741573
712 2184 8.0303931 0.0080303931 3.06741573
712 2184 8.03041138 0.00803041138 3.06741573
712 2184 8.03039418 0.00803039418 3.06741573
712 2184 8.03033955 0.00803033955 3.06741573
712 2184 8.03044451 0.00803044451 3.06741573
712 2184 8.03038451 0.00803038451 3.06741573
712 2184 8.03044254 0.00803044254 3.06741573
711 2179 8.00769018 0.00800769018 3.06469761
711 2179 8.00760459 0.00800760459 3.06469761
711 2179 8.00768647 0.00800768647 3.06469761
711 2179 8.0077036 0.0080077036 3.06469761
711 2179 8.00767902 0.00800767902 3.06469761
711 2179 8.00770304 0.00800770304 3.06469761
711 2179 8.00763307 0.00800763307 3.06469761
711 2179 8.00773615 0.00800773615 3.06469761
711 2179 8.007654 0.008007654 3.06469761
711 2179 8.00766146 0.00800766146 3.06469761
710 2172 7.9825996 0.0079825996 3.05915493
710 2174 7.98304514 0.00798304514 3.06197183
710 2173 7.9863816 0.0079863816 3.06056338
710 2172 7.98748893 0.00798748893 3.05915493
710 2172 7.98745751 0.00798745751 3.05915493
710 2172 7.98746325 0.00798746325 3.05915493
710 2172 7.98745081 0.00798745081 3.05915493
710 2172 7.98750494 0.00798750494 3.05915493
710 2172 7.98747375 0.00798747375 3.05915493
710 2172 7.98744156 0.00798744156 3.05915493
709 2167 7.96426151 0.00796426151 3.05641749
709 2165 7.96670018 0.00796670018 3.05359661
708 2160 7.94422617 0.00794422617 3.05084746
708 2160 7.94428859 0.00794428859 3.05084746
707 2156 7.92537911 0.00792537911 3.04950495
707 2156 7.92538647 0.00792538647 3.04950495
707 2156 7.92526935 0.00792526935 3.04950495
707 2156 7.92533416 0.00792533416 3.04950495
707 2158 7.91259897 0.00791259897 3.0523338
707 2158 7.91256756 0.00791256756 3.0523338
706 2152 7.90454469 0.00790454469 3.04815864
706 2155 7.9000745 0.0079000745 3.05240793
706 2161 7.89841163 0.00789841163 3.06090652
706 2161 7.89834501 0.00789834501 3.06090652
706 2164 7.89867445 0.00789867445 3.06515581
706 2165 7.8902498 0.0078902498 3.06657224
705 2155 7.87228993 0.00787228993 3.05673759
705 2158 7.86846339 0.00786846339 3.06099291
705 2152 7.85028543 0.00785028543 3.05248227
705 2152 7.8502696 0.0078502696 3.05248227
704 2147 7.82732514 0.00782732514 3.04971591
704 2150 7.85029491 0.00785029491 3.05397727
704 2152 7.84995697 0.00784995697 3.05681818
704 2152 7.84981354 0.00784981354 3.05681818
704 2151 7.85188792 0.00785188792 3.05539773
704 2151 7.85184605 0.00785184605 3.05539773
704 2150 7.83937455 0.00783937455 3.05397727
704 2150 7.83946063 0.00783946063 3.05397727
704 2149 7.83534947 0.00783534947 3.05255682
704 2148 7.83128744 0.00783128744 3.05113636
703 2141 7.81539526 0.00781539526 3.0455192
703 2141 7.81539515 0.00781539515 3.0455192
703 2140 7.82356903 0.00782356903 3.04409673
703 2142 7.84273573 0.00784273573 3.04694168
703 2142 7.84265807 0.00784265807 3.04694168
703 2142 7.84120622 0.00784120622 3.04694168
703 2141 7.85696892 0.00785696892 3.0455192
703 2137 7.86575982 0.00786575982 3.0398293
703 2140 7.87873009 0.00787873009 3.04409673
703 2140 7.86779134 0.00786779134 3.04409673
702 2133 7.8424399 0.0078424399 3.03846154
702 2135 7.84590167 0.00784590167 3.04131054
702 2135 7.84579371 0.00784579371 3.04131054
702 2135 7.84586494 0.00784586494 3.04131054
702 2132 7.84667486 0.00784667486 3.03703704
702 2132 7.84661393 0.00784661393 3.03703704
701 2127 7.83914965 0.00783914965 3.0342368
701 2127 7.83912165 0.00783912165 3.0342368
700 2117 7.81767418 0.00781767418 3.02428571
700 2120 7.79787166 0.00779787166 3.02857143
699 2115 7.7748832 0.0077748832 3.02575107
699 2115 7.77481719 0.00777481719 3.02575107
699 2115 7.77494444 0.00777494444 3.02575107
699 2115 7.77278092 0.00777278092 3.02575107
699 2114 7.77083039 0.00777083039 3.02432046
699 2114 7.77073996 0.00777073996 3.02432046
699 2112 7.75763328 0.00775763328 3.02145923
698 2105 7.75200656 0.00775200656 3.01575931
698 2105 7.751956 0.007751956 3.01575931
698 2106 7.76773417 0.00776773417 3.01719198
697 2103 7.75060744 0.00775060744 3.01721664
697 2102 7.73732014 0.00773732014 3.01578192
697 2101 7.75023985 0.00775023985 3.0143472
697 2101 7.75017119 0.00775017119 3.0143472
697 2099 7.74590893 0.00774590893 3.01147776
697 2099 7.7458492 0.0077458492 3.01147776
697 2104 7.74398682 0.00774398682 3.01865136
697 2097 7.74257129 0.00774257129 3.00860832
697 2097 7.74245408 0.00774245408 3.00860832
697 2097 7.74248783 0.00774248783 3.00860832
696 2092 7.72032959 0.00772032959 3.00574713
696 2092 7.72025142 0.00772025142 3.00574713
696 2092 7.73092997 0.00773092997 3.00574713
696 2091 7.74354321 0.00774354321 3.00431034
696 2091 7.74353848 0.00774353848 3.00431034
696 2091 7.74353539 0.00774353539 3.00431034
696 2094 7.76019992 0.00776019992 3.00862069
696 2094 7.76041686 0.00776041686 3.00862069
696 2094 7.76019216 0.00776019216 3.00862069
696 2094 7.76025936 0.00776025936 3.00862069
695 2092 7.74960702 0.00774960702 3.01007194
695 2092 7.74958454 0.00774958454 3.01007194
695 2092 7.74953499 0.00774953499 3.01007194
695 2092 7.74954154 0.00774954154 3.01007194
695 2088 7.74804934 0.00774804934 3.00431655
695 2087 7.73010576 0.00773010576 3.0028777
695 2087 7.73019937 0.00773019937 3.0028777
695 2087 7.73023928 0.00773023928 3.0028777
695 2087 7.73019408 0.00773019408 3.0028777
695 2087 7.73018021 0.00773018021 3.0028777
694 2081 7.70577659 0.00770577659 2.99855908
694 2082 7.70646575 0.00770646575 3
694 2082 7.70636869 0.00770636869 3
694 2082 7.70641887 0.00770641887 3
694 2080 7.70708039 0.00770708039 2.99711816
694 2084 7.7301733 0.0077301733 3.00288184
694 2084 7.73019677 0.00773019677 3.00288184
694 2084 7.73023241 0.00773023241 3.00288184
694 2084 7.73024896 0.00773024896 3.00288184
694 2084 7.7302291 0.0077302291 3.00288184
693 2078 7.705369 0.007705369 2.998557
693 2076 7.70782338 0.00770782338 2.995671
693 2076 7.70789673 0.00770789673 2.995671
693 2076 7.70793469 0.00770793469 2.995671
693 2076 7.7078618 0.0077078618 2.995671
693 2076 7.70794016 0.00770794016 2.995671
693 2078 7.70779162 0.00770779162 2.998557
693 2078 7.7076545 0.0077076545 2.998557
693 2078 7.70768131 0.00770768131 2.998557
693 2078 7.70768696 0.00770768696 2.998557
692 2072 7.68314465 0.00768314465 2.99421965
692 2073 7.68552543 0.00768552543 2.99566474
692 2073 7.68553224 0.00768553224 2.99566474
692 2070 7.68580371 0.00768580371 2.99132948
692 2070 7.68590095 0.00768590095 2.99132948
692 2070 7.68577736 0.00768577736 2.99132948
692 2070 7.68577535 0.00768577535 2.99132948
692 2070 7.68584405 0.00768584405 2.99132948
692 2070 7.68579064 0.00768579064 2.99132948
692 2070 7.6857791 0.0076857791 2.99132948
691 2066 7.66088144 0.00766088144 2.98986975
691 2064 7.66122585 0.00766122585 2.9869754
691 2063 7.66331987 0.00766331987 2.98552822
691 2063 7.66337553 0.00766337553 2.98552822
691 2063 7.66335624 0.00766335624 2.98552822
691 2063 7.6634743 0.0076634743 2.98552822
691 2063 7.66338253 0.00766338253 2.98552822
691 2063 7.66341548 0.00766341548 2.98552822
691 2063 7.66338895 0.00766338895 2.98552822
691 2063 7.66343825 0.00766343825 2.98552822
690 2058 7.64105872 0.00764105872 2.9826087
690 2058 7.64096039 0.00764096039 2.9826087
690 2058 7.64094757 0.00764094757 2.9826087
690 2058 7.6409507 0.0076409507 2.9826087
690 2058 7.6409433 0.0076409433 2.9826087
690 2058 7.64090746 0.00764090746 2.9826087
690 2058 7.64094132 0.00764094132 2.9826087
690 2058 7.64138793 0.00764138793 2.9826087
690 2058 7.64128081 0.00764128081 2.9826087
690 2058 7.64133325 0.00764133325 2.9826087
689 2052 7.61665432 0.00761665432 2.97822932
689 2052 7.6166019 0.0076166019 2.97822932
689 2052 7.61657644 0.00761657644 2.97822932
689 2052 7.616715 0.007616715 2.97822932
689 2052 7.61688851 0.00761688851 2.97822932
689 2054 7.61759775 0.00761759775 2.98113208
689 2054 7.61768081 0.00761768081 2.98113208
689 2054 7.6176473 0.0076176473 2.98113208
689 2053 7.61882289 0.00761882289 2.9796807
689 2053 7.6189065 0.0076189065 2.9796807
688 2047 7.59485992 0.00759485992 2.9752907
687 2041 7.58379655 0.00758379655 2.97088792
687 2041 7.5837656 0.0075837656 2.97088792
687 2041 7.58375289 0.00758375289 2.97088792
687 2041 7.58370531 0.00758370531 2.97088792
687 2041 7.58376764 0.00758376764 2.97088792
687 2041 7.58371057 0.00758371057 2.97088792
687 2041 7.58381618 0.00758381618 2.97088792
687 2041 7.58368759 0.00758368759 2.97088792
687 2038 7.58483186 0.00758483186 2.96652111
686 2034 7.55920109 0.00755920109 2.96501458
686 2035 7.56025737 0.00756025737 2.9664723
686 2032 7.56076654 0.00756076654 2.96209913
686 2034 7.55412525 0.00755412525 2.96501458
686 2034 7.55414745 0.00755414745 2.96501458
686 2034 7.55426885 0.00755426885 2.96501458
686 2034 7.55408908 0.00755408908 2.96501458
686 2034 7.55424946 0.00755424946 2.96501458
686 2034 7.55410865 0.00755410865 2.96501458
686 2034 7.55416657 0.00755416657 2.96501458
685 2029 7.53142085 0.00753142085 2.9620438
685 2029 7.53130917 0.00753130917 2.9620438
685 2029 7.53123729 0.00753123729 2.9620438
685 2031 7.532688 0.007532688 2.9649635
685 2036 7.53334416 0.00753334416 2.97226277
685 2036 7.53326241 0.00753326241 2.97226277
685 2037 7.54355336 0.00754355336 2.97372263
685 2037 7.54347026 0.00754347026 2.97372263
685 2037 7.54347606 0.00754347606 2.97372263
685 2037 7.54347142 0.00754347142 2.97372263
684 2032 7.52061937 0.00752061937 2.97076023
684 2032 7.52070337 0.00752070337 2.97076023
684 2032 7.52042905 0.00752042905 2.97076023
684 2032 7.5204634 0.0075204634 2.97076023
684 2032 7.52052609 0.00752052609 2.97076023
684 2032 7.52038157 0.00752038157 2.97076023
684 2031 7.52954687 0.00752954687 2.96929825
684 2031 7.52958428 0.00752958428 2.96929825
684 2031 7.52951785 0.00752951785 2.96929825
684 2031 7.52953944 0.00752953944 2.96929825
683 2027 7.50573416 0.00750573416 2.96778917
683 2027 7.50546796 0.00750546796 2.96778917
683 2026 7.50673101 0.00750673101 2.96632504
683 2026 7.50808629 0.00750808629 2.96632504
683 2026 7.50818328 0.00750818328 2.96632504
683 2021 7.513408 0.007513408 2.95900439
683 2021 7.51325258 0.00751325258 2.95900439
683 2021 7.51326529 0.00751326529 2.95900439
683 2021 7.51322744 0.00751322744 2.95900439
683 2021 7.51322975 0.00751322975 2.95900439
682 2019 7.49027469 0.00749027469 2.96041056
682 2016 7.49107309 0.00749107309 2.95601173
682 2016 7.4910864 0.0074910864 2.95601173
682 2020 7.48901048 0.00748901048 2.96187683
682 2020 7.48897011 0.00748897011 2.96187683
682 2019 7.49115 0.00749115 2.96041056
682 2019 7.49129449 0.00749129449 2.96041056
682 2019 7.49110768 0.00749110768 2.96041056
682 2019 7.49112614 0.00749112614 2.96041056
682 2018 7.49133427 0.00749133427 2.95894428
681 2012 7.46717753 0.00746717753 2.95447871
681 2014 7.46867613 0.00746867613 2.95741557
681 2014 7.46859348 0.00746859348 2.95741557
681 2014 7.46862117 0.00746862117 2.95741557
681 2014 7.46847288 0.00746847288 2.95741557
681 2014 7.46864108 0.00746864108 2.95741557
681 2013 7.47091585 0.00747091585 2.95594714
681 2013 7.47080227 0.00747080227 2.95594714
681 2013 7.47083358 0.00747083358 2.95594714
681 2013 7.47080458 0.00747080458 2.95594714
680 2010 7.44975538 0.00744975538 2.95588235
680 2010 7.44940285 0.00744940285 2.95588235
680 2010 7.44941595 0.00744941595 2.95588235
680 2009 7.44871393 0.00744871393 2.95441176
680 2009 7.4484855 0.0074484855 2.95441176
680 2009 7.44844498 0.00744844498 2.95441176
680 2009 7.44844052 0.00744844052 2.95441176
680 2009 7.44854027 0.00744854027 2.95441176
680 2009 7.44843494 0.00744843494 2.95441176
680 2009 7.44851268 0.00744851268 2.95441176
679 2006 7.42603899 0.00742603899 2.95434462
679 1997 7.43655156 0.00743655156 2.94108984
679 2002 7.43488524 0.00743488524 2.94845361
679 2007 7.41733363 0.00741733363 2.95581738
679 2007 7.41731591 0.00741731591 2.95581738
679 2007 7.4173006 0.0074173006 2.95581738
679 2013 7.40784007 0.00740784007 2.9646539
679 2009 7.40195948 0.00740195948 2.95876289
679 2011 7.4073456 0.0074073456 2.96170839
679 2010 7.40091539 0.00740091539 2.96023564
678 2005 7.39589253 0.00739589253 2.95722714
678 2005 7.3940596 0.0073940596 2.95722714
678 2005 7.3939512 0.0073939512 2.95722714
678 2000 7.41401803 0.00741401803 2.94985251
678 2000 7.41399384 0.00741399384 2.94985251
678 2000 7.41398282 0.00741398282 2.94985251
678 2000 7.41409859 0.00741409859 2.94985251
678 2000 7.41390777 0.00741390777 2.94985251
678 2000 7.413985 0.007413985 2.94985251
678 2000 7.41392005 0.00741392005 2.94985251
677 1995 7.39309439 0.00739309439 2.94682422
677 1996 7.41402184 0.00741402184 2.94830133
677 1996 7.39544033 0.00739544033 2.94830133
677 1996 7.39538634 0.00739538634 2.94830133
677 1994 7.39302457 0.00739302457 2.94534712
677 1994 7.39965531 0.00739965531 2.94534712
677 1993 7.38059508 0.00738059508 2.94387001
677 1998 7.39582074 0.00739582074 2.95125554
676 1990 7.38917967 0.00738917967 2.94378698
676 1990 7.38923122 0.00738923122 2.94378698
675 1987 7.38920487 0.00738920487 2.9437037
675 1987 7.38916523 0.00738916523 2.9437037
675 1987 7.38918693 0.00738918693 2.9437037
675 1987 7.3891835 0.0073891835 2.9437037
675 1987 7.3892169 0.0073892169 2.9437037
675 1987 7.38913636 0.00738913636 2.9437037
675 1987 7.38914382 0.00738914382 2.9437037
675 1987 7.38920747 0.00738920747 2.9437037
675 1987 7.3891262 0.0073891262 2.9437037
675 1987 7.38925431 0.00738925431 2.9437037
674 1981 7.36507306 0.00736507306 2.93916914
674 1981 7.36487937 0.00736487937 2.93916914
674 1979 7.36492639 0.00736492639 2.93620178
674 1983 7.36676953 0.00736676953 2.9421365
674 1983 7.36668519 0.00736668519 2.9421365
674 1983 7.36677046 0.00736677046 2.9421365
674 1979 7.37383171 0.00737383171 2.93620178
674 1979 7.37389656 0.00737389656 2.93620178
674 1979 7.37392356 0.00737392356 2.93620178
674 1979 7.37396512 0.00737396512 2.93620178
673 1975 7.35039634 0.00735039634 2.9346211
673 1976 7.35246986 0.00735246986 2.93610698
673 1976 7.35258605 0.00735258605 2.93610698
673 1976 7.35246579 0.00735246579 2.93610698
673 1976 7.35262603 0.00735262603 2.93610698
673 1976 7.35248426 0.00735248426 2.93610698
673 1974 7.35221265 0.00735221265 2.93313522
673 1974 7.35212825 0.00735212825 2.93313522
673 1974 7.35228004 0.00735228004 2.93313522
673 1974 7.35214495 0.00735214495 2.93313522
672 1972 7.32551557 0.00732551557 2.93452381
672 1970 7.33061876 0.00733061876 2.93154762
672 1970 7.33053479 0.00733053479 2.93154762
672 1970 7.33043529 0.00733043529 2.93154762
672 1970 7.33055653 0.00733055653 2.93154762
672 1970 7.33055098 0.00733055098 2.93154762
672 1970 7.33048873 0.00733048873 2.93154762
672 1970 7.33060166 0.00733060166 2.93154762
672 1970 7.33056407 0.00733056407 2.93154762
672 1970 7.33062134 0.00733062134 2.93154762
671 1962 7.30698066 0.00730698066 2.92399404
671 1967 7.30677575 0.00730677575 2.9314456
671 1967 7.30684415 0.00730684415 2.9314456
671 1966 7.30752483 0.00730752483 2.92995529
671 1966 7.30753405 0.00730753405 2.92995529
671 1966 7.30759733 0.00730759733 2.92995529
671 1966 7.30762855 0.00730762855 2.92995529
671 1967 7.30916919 0.00730916919 2.9314456
671 1967 7.30922193 0.00730922193 2.9314456
671 1967 7.30929826 0.00730929826 2.9314456
670 1959 7.28574792 0.00728574792 2.9238806
670 1964 7.28652973 0.00728652973 2.93134328
670 1964 7.28660494 0.00728660494 2.93134328
670 1964 7.28652726 0.00728652726 2.93134328
670 1964 7.28646868 0.00728646868 2.93134328
670 1963 7.28666363 0.00728666363 2.92985075
670 1963 7.28670722 0.00728670722 2.92985075
670 1963 7.2866735 0.0072866735 2.92985075
670 1963 7.28678405 0.00728678405 2.92985075
670 1963 7.28672586 0.00728672586 2.92985075
669 1960 7.2642067 0.0072642067 2.92974589
669 1960 7.26431284 0.00726431284 2.92974589
669 1957 7.26471823 0.00726471823 2.92526158
669 1957 7.25843259 0.00725843259 2.92526158
669 1957 7.25842407 0.00725842407 2.92526158
669 1957 7.25844082 0.00725844082 2.92526158
669 1957 7.25845714 0.00725845714 2.92526158
669 1957 7.25845063 0.00725845063 2.92526158
669 1957 7.25831295 0.00725831295 2.92526158
669 1957 7.25845005 0.00725845005 2.92526158
668 1952 7.23293888 0.00723293888 2.92215569
668 1954 7.23577028 0.00723577028 2.9251497
668 1953 7.23903682 0.00723903682 2.92365269
668 1953 7.23911472 0.00723911472 2.92365269
668 1953 7.2391614 0.0072391614 2.92365269
668 1953 7.23911485 0.00723911485 2.92365269
668 1953 7.23905719 0.00723905719 2.92365269
668 1953 7.23546398 0.00723546398 2.92365269
668 1953 7.23905052 0.00723905052 2.92365269
668 1953 7.23898548 0.00723898548 2.92365269
667 1948 7.21373732 0.00721373732 2.92053973
667 1948 7.21370372 0.00721370372 2.92053973
667 1948 7.21470667 0.00721470667 2.92053973
667 1950 7.21670051 0.00721670051 2.92353823
667 1947 7.22910715 0.00722910715 2.91904048
667 1947 7.22929835 0.00722929835 2.91904048
667 1947 7.22927162 0.00722927162 2.91904048
667 1947 7.22929037 0.00722929037 2.91904048
667 1947 7.22928961 0.00722928961 2.91904048
667 1947 7.2291542 0.0072291542 2.91904048
666 1942 7.20483188 0.00720483188 2.91591592
666 1942 7.20474425 0.00720474425 2.91591592
666 1942 7.20474312 0.00720474312 2.91591592
666 1942 7.20478159 0.00720478159 2.91591592
666 1942 7.20478303 0.00720478303 2.91591592
666 1944 7.20664011 0.00720664011 2.91891892
666 1939 7.20707815 0.00720707815 2.91141141
666 1939 7.20722076 0.00720722076 2.91141141
666 1941 7.2069184 0.0072069184 2.91441441
666 1943 7.20799094 0.00720799094 2.91741742
665 1935 7.18564884 0.00718564884 2.90977444
665 1935 7.18567634 0.00718567634 2.90977444
665 1935 7.18574445 0.00718574445 2.90977444
665 1935 7.18563323 0.00718563323 2.90977444
665 1935 7.18556936 0.00718556936 2.90977444
665 1935 7.18575595 0.00718575595 2.90977444
665 1935 7.18562784 0.00718562784 2.90977444
665 1937 7.18823954 0.00718823954 2.91278195
665 1937 7.18828703 0.00718828703 2.91278195
665 1937 7.18819774 0.00718819774 2.91278195
664 1932 7.16332499 0.00716332499 2.90963855
664 1932 7.16508644 0.00716508644 2.90963855
664 1932 7.16514902 0.00716514902 2.90963855
664 1932 7.16510065 0.00716510065 2.90963855
664 1932 7.16502972 0.00716502972 2.90963855
664 1932 7.16513848 0.00716513848 2.90963855
664 1932 7.16499862 0.00716499862 2.90963855
664 1932 7.16508477 0.00716508477 2.90963855
664 1932 7.16502787 0.00716502787 2.90963855
664 1934 7.16675082 0.00716675082 2.9126506
663 1930 7.14103378 0.00714103378 2.91101056
663 1926 7.1453813 0.0071453813 2.90497738
663 1926 7.14546344 0.00714546344 2.90497738
663 1926 7.14536683 0.00714536683 2.90497738
663 1926 7.14530015 0.00714530015 2.90497738
663 1926 7.14536918 0.00714536918 2.90497738
663 1926 7.14531794 0.00714531794 2.90497738
663 1926 7.14542953 0.00714542953 2.90497738
663 1926 7.14532018 0.00714532018 2.90497738
663 1926 7.14541602 0.00714541602 2.90497738
662 1919 7.12052047 0.00712052047 2.89879154
662 1919 7.12065856 0.00712065856 2.89879154
662 1919 7.12063887 0.00712063887 2.89879154
662 1919 7.1206048 0.0071206048 2.89879154
662 1919 7.12052076 0.00712052076 2.89879154
662 1919 7.12066267 0.00712066267 2.89879154
662 1921 7.12252552 0.00712252552 2.90181269
662 1921 7.12259318 0.00712259318 2.90181269
662 1921 7.12269786 0.00712269786 2.90181269
662 1921 7.12271589 0.00712271589 2.90181269
661 1917 7.0984936 0.0070984936 2.90015129
661 1917 7.09845475 0.00709845475 2.90015129
661 1917 7.09844871 0.00709844871 2.90015129
661 1917 7.09837906 0.00709837906 2.90015129
661 1917 7.09841545 0.00709841545 2.90015129
661 1917 7.09852696 0.00709852696 2.90015129
661 1917 7.09568313 0.00709568313 2.90015129
661 1917 7.0956067 0.0070956067 2.90015129
661 1917 7.09569937 0.00709569937 2.90015129
661 1917 7.09565626 0.00709565626 2.90015129
660 1912 7.06959444 0.00706959444 2.8969697
660 1915 7.07067137 0.00707067137 2.90151515
660 1913 7.0823012 0.0070823012 2.89848485
660 1913 7.0822785 0.0070822785 2.89848485
660 1913 7.08224371 0.00708224371 2.89848485
660 1913 7.08237683 0.00708237683 2.89848485
660 1913 7.08239701 0.00708239701 2.89848485
660 1913 7.08218523 0.00708218523 2.89848485
660 1913 7.08231873 0.00708231873 2.89848485
660 1913 7.08221176 0.00708221176 2.89848485
659 1909 7.05546832 0.00705546832 2.89681335
659 1908 7.05795823 0.00705795823 2.8952959
659 1908 7.0579342 0.0070579342 2.8952959
659 1908 7.05783888 0.00705783888 2.8952959
659 1908 7.05808042 0.00705808042 2.8952959
659 1908 7.05784072 0.00705784072 2.8952959
659 1908 7.05793477 0.00705793477 2.8952959
659 1904 7.04856615 0.00704856615 2.8892261
659 1904 7.07167659 0.00707167659 2.8892261
659 1904 7.07164932 0.00707164932 2.8892261
658 1899 7.04668736 0.00704668736 2.88601824
658 1898 7.04812963 0.00704812963 2.88449848
658 1898 7.04805254 0.00704805254 2.88449848
658 1898 7.04812654 0.00704812654 2.88449848
658 1898 7.04822446 0.00704822446 2.88449848
658 1898 7.04821202 0.00704821202 2.88449848
658 1898 7.0480402 0.0070480402 2.88449848
658 1898 7.04821198 0.00704821198 2.88449848
658 1898 7.04809656 0.00704809656 2.88449848
657 1895 7.03547569 0.00703547569 2.88432268
656 1890 7.01010256 0.00701010256 2.88109756
656 1888 7.01155709 0.00701155709 2.87804878
656 1888 7.01161488 0.00701161488 2.87804878
656 1888 7.01156731 0.00701156731 2.87804878
656 1888 7.01150596 0.00701150596 2.87804878
655 1883 7.0071438 0.0070071438 2.87480916
655 1883 7.00720005 0.00700720005 2.87480916
655 1883 7.00720236 0.00700720236 2.87480916
655 1883 7.007097 0.007007097 2.87480916
655 1883 7.00727087 0.00700727087 2.87480916
654 1878 6.98287615 0.00698287615 2.87155963
654 1881 6.98423117 0.00698423117 2.87614679
654 1881 6.98420946 0.00698420946 2.87614679
654 1881 6.98433 0.00698433 2.87614679
654 1881 6.98420354 0.00698420354 2.87614679
654 1881 6.98426807 0.00698426807 2.87614679
654 1881 6.9844647 0.0069844647 2.87614679
654 1881 6.98431855 0.00698431855 2.87614679
654 1881 6.98417961 0.00698417961 2.87614679
654 1881 6.98415307 0.00698415307 2.87614679
653 1876 6.96046381 0.00696046381 2.87289433
653 1876 6.96063752 0.00696063752 2.87289433
653 1875 6.95642227 0.00695642227 2.87136294
653 1875 6.95658924 0.00695658924 2.87136294
653 1875 6.95637548 0.00695637548 2.87136294
653 1875 6.95630414 0.00695630414 2.87136294
653 1875 6.95631487 0.00695631487 2.87136294
653 1875 6.95632344 0.00695632344 2.87136294
653 1875 6.95646084 0.00695646084 2.87136294
653 1875 6.95638588 0.00695638588 2.87136294
652 1870 6.93151904 0.00693151904 2.86809816
652 1868 6.93331188 0.00693331188 2.86503067
652 1869 6.9283638 0.0069283638 2.86656442
652 1861 6.9513906 0.0069513906 2.85429448
652 1861 6.95137059 0.00695137059 2.85429448
652 1859 6.965217 0.006965217 2.85122699
652 1859 6.96524241 0.00696524241 2.85122699
652 1859 6.96526749 0.00696526749 2.85122699
652 1859 6.96531138 0.00696531138 2.85122699
652 1859 6.96515338 0.00696515338 2.85122699
651 1854 6.9397185 0.0069397185 2.84792627
651 1854 6.94159575 0.00694159575 2.84792627
651 1854 6.94156299 0.00694156299 2.84792627
651 1854 6.94159804 0.00694159804 2.84792627
651 1854 6.94159283 0.00694159283 2.84792627
651 1852 6.94278264 0.00694278264 2.84485407
651 1852 6.94281433 0.00694281433 2.84485407
651 1852 6.94268011 0.00694268011 2.84485407
651 1852 6.94279343 0.00694279343 2.84485407
651 1852 6.94275757 0.00694275757 2.84485407
650 1851 6.91921414 0.00691921414 2.84769231
650 1848 6.91644158 0.00691644158 2.84307692
650 1848 6.91646224 0.00691646224 2.84307692
650 1848 6.91658774 0.00691658774 2.84307692
650 1848 6.91643219 0.00691643219 2.84307692
650 1848 6.91652598 0.00691652598 2.84307692
650 1848 6.91644627 0.00691644627 2.84307692
650 1848 6.91658463 0.00691658463 2.84307692
650 1853 6.91577872 0.00691577872 2.85076923
650 1849 6.93837185 0.00693837185 2.84461538
649 1847 6.91524023 0.00691524023 2.8459168
649 1847 6.91537715 0.00691537715 2.8459168
649 1847 6.91543068 0.00691543068 2.8459168
649 1847 6.91524465 0.00691524465 2.8459168
649 1846 6.92066636 0.00692066636 2.84437596
649 1846 6.92072707 0.00692072707 2.84437596
649 1846 6.92063873 0.00692063873 2.84437596
649 1846 6.92059219 0.00692059219 2.84437596
649 1846 6.92077325 0.00692077325 2.84437596
649 1846 6.92073429 0.00692073429 2.84437596
648 1841 6.89681447 0.00689681447 2.84104938
648 1844 6.89763867 0.00689763867 2.84567901
648 1844 6.89739112 0.00689739112 2.84567901
648 1839 6.89868175 0.00689868175 2.83796296
648 1839 6.89877265 0.00689877265 2.83796296
648 1839 6.89877468 0.00689877468 2.83796296
648 1839 6.89862739 0.00689862739 2.83796296
648 1839 6.89874972 0.00689874972 2.83796296
648 1839 6.89880357 0.00689880357 2.83796296
648 1839 6.8987018 0.0068987018 2.83796296
647 1838 6.87566587 0.00687566587 2.84080371
647 1838 6.8759316 0.0068759316 2.84080371
647 1838 6.87558713 0.00687558713 2.84080371
647 1838 6.8755427 0.0068755427 2.84080371
647 1838 6.87557033 0.00687557033 2.84080371
647 1837 6.8759233 0.0068759233 2.83925811
647 1837 6.87590276 0.00687590276 2.83925811
647 1833 6.87731631 0.00687731631 2.83307573
647 1833 6.87741195 0.00687741195 2.83307573
647 1833 6.87739521 0.00687739521 2.83307573
646 1827 6.85542415 0.00685542415 2.82817337
646 1827 6.85282562 0.00685282562 2.82817337
646 1827 6.8528427 0.0068528427 2.82817337
646 1827 6.85297021 0.00685297021 2.82817337
646 1829 6.87543994 0.00687543994 2.83126935
646 1829 6.87531172 0.00687531172 2.83126935
646 1825 6.87501429 0.00687501429 2.8250774
646 1825 6.8750117 0.0068750117 2.8250774
646 1825 6.87510156 0.00687510156 2.8250774
646 1825 6.87505096 0.00687505096 2.8250774
645 1821 6.85244475 0.00685244475 2.82325581
645 1821 6.8523987 0.0068523987 2.82325581
645 1821 6.85260977 0.00685260977 2.82325581
645 1821 6.85238765 0.00685238765 2.82325581
645 1821 6.85245079 0.00685245079 2.82325581
645 1821 6.85249652 0.00685249652 2.82325581
645 1821 6.85236619 0.00685236619 2.82325581
645 1821 6.85264988 0.00685264988 2.82325581
645 1821 6.85238304 0.00685238304 2.82325581
645 1821 6.8525711 0.0068525711 2.82325581
644 1816 6.826985 0.006826985 2.81987578
644 1816 6.82776069 0.00682776069 2.81987578
644 1816 6.8279433 0.0068279433 2.81987578
644 1817 6.82895309 0.00682895309 2.82142857
644 1820 6.82873844 0.00682873844 2.82608696
644 1819 6.82951645 0.00682951645 2.82453416
644 1819 6.8294254 0.0068294254 2.82453416
644 1819 6.82940112 0.00682940112 2.82453416
644 1819 6.82934919 0.00682934919 2.82453416
644 1819 6.82940637 0.00682940637 2.82453416
643 1813 6.80450306 0.00680450306 2.81959565
643 1818 6.80608552 0.00680608552 2.8273717
643 1818 6.80568996 0.00680568996 2.8273717
643 1814 6.80509609 0.00680509609 2.82115086
643 1813 6.81330163 0.00681330163 2.81959565
643 1813 6.81222067 0.00681222067 2.81959565
643 1816 6.81339524 0.00681339524 2.82426128
643 1816 6.81333207 0.00681333207 2.82426128
643 1816 6.81348219 0.00681348219 2.82426128
643 1816 6.81339808 0.00681339808 2.82426128
642 1811 6.78737382 0.00678737382 2.82087227
642 1808 6.78758333 0.00678758333 2.81619938
642 1808 6.78778017 0.00678778017 2.81619938
642 1808 6.7877567 0.0067877567 2.81619938
642 1812 6.79128504 0.00679128504 2.82242991
642 1812 6.79134946 0.00679134946 2.82242991
642 1812 6.79124116 0.00679124116 2.82242991
642 1812 6.79120276 0.00679120276 2.82242991
642 1812 6.79070718 0.00679070718 2.82242991
642 1811 6.79105096 0.00679105096 2.82087227
641 1806 6.76748723 0.00676748723 2.8174727
641 1808 6.77085601 0.00677085601 2.82059282
641 1808 6.7708464 0.0067708464 2.82059282
641 1808 6.77080949 0.00677080949 2.82059282
641 1808 6.77093122 0.00677093122 2.82059282
641 1808 6.77083673 0.00677083673 2.82059282
641 1808 6.77085981 0.00677085981 2.82059282
641 1808 6.77102705 0.00677102705 2.82059282
641 1808 6.77081832 0.00677081832 2.82059282
641 1808 6.77087414 0.00677087414 2.82059282
640 1799 6.7463101 0.0067463101 2.8109375
640 1803 6.74765346 0.00674765346 2.8171875
640 1803 6.74774144 0.00674774144 2.8171875
640 1803 6.74788091 0.00674788091 2.8171875
640 1803 6.74773873 0.00674773873 2.8171875
640 1803 6.7477879 0.0067477879 2.8171875
640 1803 6.74761572 0.00674761572 2.8171875
640 1803 6.74777192 0.00674777192 2.8171875
640 1803 6.7477742 0.0067477742 2.8171875
640 1803 6.74773252 0.00674773252 2.8171875
639 1799 6.72592011 0.00672592011 2.81533646
639 1799 6.72628783 0.00672628783 2.81533646
639 1802 6.72583309 0.00672583309 2.8200313
639 1802 6.72587914 0.00672587914 2.8200313
639 1802 6.72589882 0.00672589882 2.8200313
639 1802 6.72587578 0.00672587578 2.8200313
639 1802 6.72591936 0.00672591936 2.8200313
639 1802 6.72594857 0.00672594857 2.8200313
639 1802 6.72584023 0.00672584023 2.8200313
639 1802 6.72600196 0.00672600196 2.8200313
638 1797 6.70025528 0.00670025528 2.81661442
638 1797 6.70222594 0.00670222594 2.81661442
638 1797 6.70215323 0.00670215323 2.81661442
638 1797 6.70224918 0.00670224918 2.81661442
638 1797 6.70243955 0.00670243955 2.81661442
638 1798 6.70458767 0.00670458767 2.81818182
638 1798 6.70453198 0.00670453198 2.81818182
638 1798 6.70466591 0.00670466591 2.81818182
638 1798 6.70464158 0.00670464158 2.81818182
638 1798 6.70461189 0.00670461189 2.81818182
637 1788 6.67848575 0.00667848575 2.80690738
637 1793 6.67901472 0.00667901472 2.81475667
637 1793 6.67930199 0.00667930199 2.81475667
637 1789 6.68228967 0.00668228967 2.80847724
637 1789 6.68228152 0.00668228152 2.80847724
637 1789 6.68226108 0.00668226108 2.80847724
637 1789 6.68222363 0.00668222363 2.80847724
637 1789 6.68226063 0.00668226063 2.80847724
637 1789 6.68256426 0.00668256426 2.80847724
637 1789 6.68232378 0.00668232378 2.80847724
636 1784 6.65633945 0.00665633945 2.80503145
636 1781 6.6564627 0.0066564627 2.80031447
636 1781 6.65642316 0.00665642316 2.80031447
636 1781 6.65644527 0.00665644527 2.80031447
636 1787 6.65739206 0.00665739206 2.80974843
636 1784 6.65940153 0.00665940153 2.80503145
636 1784 6.65930483 0.00665930483 2.80503145
636 1784 6.65955954 0.00665955954 2.80503145
636 1784 6.65926099 0.00665926099 2.80503145
636 1784 6.65929434 0.00665929434 2.80503145
635 1774 6.63285295 0.00663285295 2.79370079
635 1778 6.63217827 0.00663217827 2.8
635 1779 6.63476854 0.00663476854 2.8015748
635 1779 6.63521465 0.00663521465 2.8015748
635 1779 6.63487007 0.00663487007 2.8015748
635 1779 6.63490863 0.00663490863 2.8015748
635 1779 6.63521697 0.00663521697 2.8015748
635 1779 6.63486592 0.00663486592 2.8015748
635 1779 6.63518927 0.00663518927 2.8015748
635 1779 6.6348646 0.0066348646 2.8015748
634 1777 6.61025929 0.00661025929 2.80283912
634 1777 6.61019037 0.00661019037 2.80283912
634 1777 6.61042398 0.00661042398 2.80283912
634 1777 6.61018427 0.00661018427 2.80283912
634 1777 6.61024608 0.00661024608 2.80283912
634 1777 6.61021721 0.00661021721 2.80283912
634 1777 6.61017878 0.00661017878 2.80283912
634 1777 6.61019135 0.00661019135 2.80283912
634 1777 6.61022894 0.00661022894 2.80283912
634 1777 6.61056636 0.00661056636 2.80283912
633 1772 6.5844735 0.0065844735 2.79936809
633 1774 6.58339367 0.00658339367 2.80252765
633 1774 6.59358507 0.00659358507 2.80252765
633 1771 6.60063182 0.00660063182 2.79778831
633 1771 6.60041895 0.00660041895 2.79778831
633 1771 6.60066001 0.00660066001 2.79778831
633 1771 6.60037656 0.00660037656 2.79778831
633 1771 6.6003963 0.0066003963 2.79778831
633 1771 6.60041508 0.00660041508 2.79778831
633 1771 6.60063292 0.00660063292 2.79778831
632 1767 6.5736218 0.0065736218 2.79588608
632 1765 6.57553062 0.00657553062 2.79272152
632 1764 6.58039978 0.00658039978 2.79113924
632 1764 6.58026702 0.00658026702 2.79113924
632 1764 6.58014453 0.00658014453 2.79113924
632 1764 6.58011525 0.00658011525 2.79113924
632 1764 6.58013295 0.00658013295 2.79113924
632 1764 6.58006379 0.00658006379 2.79113924
632 1764 6.58010355 0.00658010355 2.79113924
632 1764 6.58012495 0.00658012495 2.79113924
631 1758 6.55339229 0.00655339229 2.78605388
631 1758 6.55339534 0.00655339534 2.78605388
631 1754 6.55492792 0.00655492792 2.77971474
631 1754 6.55494748 0.00655494748 2.77971474
631 1754 6.55491373 0.00655491373 2.77971474
631 1754 6.55535056 0.00655535056 2.77971474
631 1754 6.55495883 0.00655495883 2.77971474
631 1758 6.55523118 0.00655523118 2.78605388
631 1758 6.55532052 0.00655532052 2.78605388
631 1758 6.55555898 0.00655555898 2.78605388
630 1753 6.53142823 0.00653142823 2.78253968
630 1753 6.53157777 0.00653157777 2.78253968
630 1753 6.53153788 0.00653153788 2.78253968
630 1753 6.53148864 0.00653148864 2.78253968
630 1753 6.53158309 0.00653158309 2.78253968
630 1753 6.53150271 0.00653150271 2.78253968
630 1753 6.53158859 0.00653158859 2.78253968
630 1753 6.53151744 0.00653151744 2.78253968
630 1753 6.53153853 0.00653153853 2.78253968
630 1753 6.53155085 0.00653155085 2.78253968
629 1749 6.50472528 0.00650472528 2.78060413
629 1749 6.50472398 0.00650472398 2.78060413
629 1747 6.5059431 0.0065059431 2.77742448
629 1747 6.50597978 0.00650597978 2.77742448
629 1747 6.50605346 0.00650605346 2.77742448
629 1747 6.5059588 0.0065059588 2.77742448
629 1747 6.50595243 0.00650595243 2.77742448
629 1751 6.50577279 0.00650577279 2.78378378
629 1751 6.50588826 0.00650588826 2.78378378
629 1751 6.50587064 0.00650587064 2.78378378
628 1746 6.47817488 0.00647817488 2.78025478
628 1746 6.47796145 0.00647796145 2.78025478
628 1745 6.48134948 0.00648134948 2.77866242
628 1743 6.47966642 0.00647966642 2.77547771
628 1743 6.47944045 0.00647944045 2.77547771
628 1743 6.47938453 0.00647938453 2.77547771
628 1743 6.47938668 0.00647938668 2.77547771
628 1743 6.4793698 0.0064793698 2.77547771
628 1743 6.47938335 0.00647938335 2.77547771
628 1743 6.47933454 0.00647933454 2.77547771
627 1738 6.44934128 0.00644934128 2.77192982
627 1739 6.44763408 0.00644763408 2.77352472
627 1739 6.44751757 0.00644751757 2.77352472
627 1733 6.45535383 0.00645535383 2.76395534
627 1733 6.45550323 0.00645550323 2.76395534
627 1733 6.45529715 0.00645529715 2.76395534
627 1733 6.45535748 0.00645535748 2.76395534
627 1733 6.45531505 0.00645531505 2.76395534
627 1733 6.45529124 0.00645529124 2.76395534
627 1733 6.45551207 0.00645551207 2.76395534
626 1726 6.42912402 0.00642912402 2.7571885
626 1726 6.42924443 0.00642924443 2.7571885
626 1726 6.42902688 0.00642902688 2.7571885
626 1726 6.42903514 0.00642903514 2.7571885
626 1726 6.42897678 0.00642897678 2.7571885
626 1729 6.42945644 0.00642945644 2.76198083
626 1729 6.42954474 0.00642954474 2.76198083
626 1729 6.42953027 0.00642953027 2.76198083
626 1729 6.42946436 0.00642946436 2.76198083
626 1729 6.42978219 0.00642978219 2.76198083
625 1723 6.40181511 0.00640181511 2.7568
625 1723 6.40207099 0.00640207099 2.7568
625 1724 6.40189566 0.00640189566 2.7584
625 1724 6.40188069 0.00640188069 2.7584
625 1724 6.40197545 0.00640197545 2.7584
625 1727 6.40681755 0.00640681755 2.7632
624 1721 6.38087126 0.00638087126 2.75801282
624 1721 6.38126927 0.00638126927 2.75801282
624 1721 6.38086359 0.00638086359 2.75801282
624 1721 6.38087283 0.00638087283 2.75801282
623 1718 6.34974092 0.00634974092 2.7576244
623 1716 6.35374495 0.00635374495 2.75441413
623 1714 6.35483487 0.00635483487 2.75120385
623 1714 6.35469539 0.00635469539 2.75120385
623 1714 6.35467524 0.00635467524 2.75120385
623 1714 6.3547652 0.0063547652 2.75120385
623 1714 6.35465798 0.00635465798 2.75120385
623 1716 6.35477047 0.00635477047 2.75441413
623 1719 6.3560043 0.0063560043 2.75922953
623 1721 6.35811407 0.00635811407 2.76243981
622 1717 6.33077238 0.00633077238 2.76045016
622 1715 6.33519627 0.00633519627 2.75723473
622 1715 6.33522415 0.00633522415 2.75723473
622 1715 6.33532412 0.00633532412 2.75723473
622 1715 6.33533594 0.00633533594 2.75723473
621 1709 6.31440032 0.00631440032 2.75201288
621 1712 6.31619015 0.00631619015 2.7568438
621 1712 6.31616692 0.00631616692 2.7568438
621 1712 6.31618352 0.00631618352 2.7568438
621 1712 6.31617956 0.00631617956 2.7568438
620 1707 6.28981389 0.00628981389 2.75322581
620 1707 6.28966247 0.00628966247 2.75322581
620 1707 6.28962561 0.00628962561 2.75322581
620 1707 6.289657 0.006289657 2.75322581
620 1702 6.29080069 0.00629080069 2.74516129
620 1702 6.29082159 0.00629082159 2.74516129
620 1702 6.29082571 0.00629082571 2.74516129
620 1702 6.29074284 0.00629074284 2.74516129
620 1702 6.29081333 0.00629081333 2.74516129
620 1702 6.2907776 0.0062907776 2.74516129
619 1698 6.2603128 0.0062603128 2.74313409
619 1697 6.26390228 0.00626390228 2.74151858
619 1697 6.26385413 0.00626385413 2.74151858
619 1696 6.26567524 0.00626567524 2.73990307
619 1697 6.27192138 0.00627192138 2.74151858
619 1697 6.27196276 0.00627196276 2.74151858
618 1692 6.2638364 0.0062638364 2.73786408
618 1692 6.26399565 0.00626399565 2.73786408
618 1692 6.26377251 0.00626377251 2.73786408
618 1692 6.2638552 0.0062638552 2.73786408
617 1682 6.23579435 0.00623579435 2.726094
617 1686 6.23876102 0.00623876102 2.73257699
617 1686 6.23883366 0.00623883366 2.73257699
617 1686 6.23874395 0.00623874395 2.73257699
617 1686 6.23874158 0.00623874158 2.73257699
617 1686 6.23881744 0.00623881744 2.73257699
617 1686 6.2387317 0.0062387317 2.73257699
617 1686 6.23873985 0.00623873985 2.73257699
617 1686 6.23873434 0.00623873434 2.73257699
617 1686 6.2387911 0.0062387911 2.73257699
616 1682 6.21169262 0.00621169262 2.73051948
616 1680 6.21040422 0.00621040422 2.72727273
616 1680 6.21047103 0.00621047103 2.72727273
616 1681 6.21257504 0.00621257504 2.7288961
616 1681 6.21260007 0.00621260007 2.7288961
616 1681 6.21256633 0.00621256633 2.7288961
616 1681 6.21265692 0.00621265692 2.7288961
616 1681 6.21285594 0.00621285594 2.7288961
616 1681 6.21445515 0.00621445515 2.7288961
616 1681 6.21429354 0.00621429354 2.7288961
615 1671 6.18819261 0.00618819261 2.71707317
615 1675 6.18898947 0.00618898947 2.72357724
615 1677 6.18711124 0.00618711124 2.72682927
615 1681 6.20503077 0.00620503077 2.73333333
615 1683 6.20842189 0.00620842189 2.73658537
615 1683 6.20848293 0.00620848293 2.73658537
615 1683 6.20852235 0.00620852235 2.73658537
615 1683 6.20840299 0.00620840299 2.73658537
615 1683 6.20847343 0.00620847343 2.73658537
615 1684 6.21314557 0.00621314557 2.73821138
614 1678 6.18738838 0.00618738838 2.73289902
614 1679 6.18841934 0.00618841934 2.73452769
614 1680 6.19278993 0.00619278993 2.73615635
614 1680 6.19216047 0.00619216047 2.73615635
614 1680 6.19197847 0.00619197847 2.73615635
614 1680 6.19189557 0.00619189557 2.73615635
614 1680 6.19195805 0.00619195805 2.73615635
614 1680 6.19190276 0.00619190276 2.73615635
614 1680 6.19188199 0.00619188199 2.73615635
614 1680 6.19193799 0.00619193799 2.73615635
613 1676 6.16584474 0.00616584474 2.73409462
613 1674 6.16769957 0.00616769957 2.73083197
613 1675 6.16875809 0.00616875809 2.7324633
613 1674 6.17606009 0.00617606009 2.73083197
613 1674 6.17608277 0.00617608277 2.73083197
613 1674 6.17614347 0.00617614347 2.73083197
613 1674 6.17612762 0.00617612762 2.73083197
613 1674 6.176017 0.006176017 2.73083197
613 1674 6.17614841 0.00617614841 2.73083197
613 1674 6.17596278 0.00617596278 2.73083197
612 1671 6.14880021 0.00614880021 2.73039216
612 1669 6.15047228 0.00615047228 2.72712418
612 1669 6.15053035 0.00615053035 2.72712418
612 1669 6.15061356 0.00615061356 2.72712418
612 1669 6.15060056 0.00615060056 2.72712418
612 1668 6.15486401 0.00615486401 2.7254902
611 1663 6.13188481 0.00613188481 2.72176759
611 1665 6.13329959 0.00613329959 2.72504092
611 1665 6.13309036 0.00613309036 2.72504092
611 1665 6.13294349 0.00613294349 2.72504092
610 1660 6.11604802 0.00611604802 2.72131148
610 1660 6.1160386 0.0061160386 2.72131148
610 1660 6.11604024 0.00611604024 2.72131148
610 1667 6.11290467 0.00611290467 2.73278689
610 1665 6.12737114 0.00612737114 2.7295082
610 1661 6.12849214 0.00612849214 2.72295082
609 1656 6.10729486 0.00610729486 2.71921182
608 1648 6.0901022 0.0060901022 2.71052632
607 1641 6.09909007 0.00609909007 2.70345964
607 1641 6.10523952 0.00610523952 2.70345964
606 1637 6.08825436 0.00608825436 2.70132013
606 1637 6.08825931 0.00608825931 2.70132013
606 1637 6.08824068 0.00608824068 2.70132013
606 1637 6.08827295 0.00608827295 2.70132013
606 1637 6.0882807 0.0060882807 2.70132013
606 1637 6.08825606 0.00608825606 2.70132013
606 1637 6.08814992 0.00608814992 2.70132013
606 1637 6.08843097 0.00608843097 2.70132013
606 1637 6.08828325 0.00608828325 2.70132013
606 1637 6.08831692 0.00608831692 2.70132013
605 1634 6.06312363 0.00606312363 2.70082645
605 1634 6.06320842 0.00606320842 2.70082645
605 1632 6.06366374 0.00606366374 2.69752066
605 1632 6.06372491 0.00606372491 2.69752066
605 1631 6.06575897 0.00606575897 2.69586777
605 1631 6.0658553 0.0060658553 2.69586777
605 1631 6.06569405 0.00606569405 2.69586777
605 1631 6.06597488 0.00606597488 2.69586777
605 1631 6.06564827 0.00606564827 2.69586777
605 1631 6.0658801 0.0060658801 2.69586777
604 1628 6.04791824 0.00604791824 2.69536424
604 1628 6.04796216 0.00604796216 2.69536424
604 1628 6.04806394 0.00604806394 2.69536424
604 1628 6.04800095 0.00604800095 2.69536424
604 1628 6.04797024 0.00604797024 2.69536424
604 1628 6.04806744 0.00604806744 2.69536424
604 1628 6.04799171 0.00604799171 2.69536424
604 1628 6.04796586 0.00604796586 2.69536424
604 1628 6.04796332 0.00604796332 2.69536424
604 1628 6.04817575 0.00604817575 2.69536424
603 1627 6.02040038 0.00602040038 2.69817579
603 1623 6.02360723 0.00602360723 2.69154229
603 1623 6.02353065 0.00602353065 2.69154229
603 1623 6.02408773 0.00602408773 2.69154229
603 1623 6.0238916 0.0060238916 2.69154229
603 1623 6.02377495 0.00602377495 2.69154229
603 1623 6.02389304 0.00602389304 2.69154229
603 1623 6.02379881 0.00602379881 2.69154229
603 1624 6.02627724 0.00602627724 2.69320066
603 1624 6.02623649 0.00602623649 2.69320066
602 1621 6.00115451 0.00600115451 2.69269103
602 1621 6.00096146 0.00600096146 2.69269103
602 1621 6.00164287 0.00600164287 2.69269103
602 1621 6.00151042 0.00600151042 2.69269103
602 1617 6.00161429 0.00600161429 2.68604651
602 1617 6.00184331 0.00600184331 2.68604651
602 1617 6.00166202 0.00600166202 2.68604651
602 1617 6.00178251 0.00600178251 2.68604651
601 1613 5.9952827 0.0059952827 2.68386023
601 1613 5.99512939 0.00599512939 2.68386023
600 1608 5.9704853 0.0059704853 2.68
600 1610 5.97089253 0.00597089253 2.68333333
600 1610 5.97093214 0.00597093214 2.68333333
600 1610 5.97098685 0.00597098685 2.68333333
600 1610 5.97091045 0.00597091045 2.68333333
600 1610 5.97098398 0.00597098398 2.68333333
600 1610 5.97093562 0.00597093562 2.68333333
600 1610 5.97086341 0.00597086341 2.68333333
600 1610 5.97090911 0.00597090911 2.68333333
600 1610 5.97094489 0.00597094489 2.68333333
599 1605 5.94677894 0.00594677894 2.67946578
599 1605 5.94679083 0.00594679083 2.67946578
599 1605 5.94669468 0.00594669468 2.67946578
599 1605 5.94675309 0.00594675309 2.67946578
599 1605 5.94675191 0.00594675191 2.67946578
599 1605 5.94671018 0.00594671018 2.67946578
599 1605 5.94670509 0.00594670509 2.67946578
599 1605 5.94648959 0.00594648959 2.67946578
599 1605 5.94675141 0.00594675141 2.67946578
599 1605 5.94661104 0.00594661104 2.67946578
598 1602 5.92247028 0.00592247028 2.67892977
598 1602 5.92218903 0.00592218903 2.67892977
598 1602 5.92206644 0.00592206644 2.67892977
598 1602 5.9224047 0.0059224047 2.67892977
598 1602 5.92217028 0.00592217028 2.67892977
598 1602 5.92223944 0.00592223944 2.67892977
598 1602 5.92223683 0.00592223683 2.67892977
598 1602 5.92178334 0.00592178334 2.67892977
598 1602 5.9217678 0.0059217678 2.67892977
598 1602 5.92173009 0.00592173009 2.67892977
597 1597 5.89794141 0.00589794141 2.67504188
597 1595 5.89669931 0.00589669931 2.67169179
597 1595 5.89658636 0.00589658636 2.67169179
597 1595 5.89632639 0.00589632639 2.67169179
597 1595 5.89647529 0.00589647529 2.67169179
597 1595 5.89631252 0.00589631252 2.67169179
597 1595 5.89633742 0.00589633742 2.67169179
597 1595 5.89653138 0.00589653138 2.67169179
597 1595 5.89651915 0.00589651915 2.67169179
597 1595 5.8966131 0.0058966131 2.67169179
596 1592 5.87012605 0.00587012605 2.67114094
596 1592 5.87529077 0.00587529077 2.67114094
596 1592 5.87515652 0.00587515652 2.67114094
596 1592 5.87515165 0.00587515165 2.67114094
596 1592 5.87521132 0.00587521132 2.67114094
596 1592 5.87523002 0.00587523002 2.67114094
596 1592 5.87514175 0.00587514175 2.67114094
596 1592 5.87522093 0.00587522093 2.67114094
596 1595 5.875217 0.005875217 2.6761745
596 1595 5.8751282 0.0058751282 2.6761745
595 1590 5.84746295 0.00584746295 2.67226891
595 1592 5.8486145 0.0058486145 2.67563025
595 1590 5.84724791 0.00584724791 2.67226891
595 1589 5.85221413 0.00585221413 2.67058824
595 1589 5.85223177 0.00585223177 2.67058824
595 1589 5.85206958 0.00585206958 2.67058824
595 1589 5.85230849 0.00585230849 2.67058824
595 1589 5.85241554 0.00585241554 2.67058824
595 1589 5.85217796 0.00585217796 2.67058824
595 1589 5.8522561 0.0058522561 2.67058824
594 1584 5.82846704 0.00582846704 2.66666667
594 1584 5.828394 0.005828394 2.66666667
594 1584 5.82842539 0.00582842539 2.66666667
594 1584 5.82848732 0.00582848732 2.66666667
594 1584 5.82836627 0.00582836627 2.66666667
594 1584 5.82843703 0.00582843703 2.66666667
594 1584 5.82842414 0.00582842414 2.66666667
594 1584 5.82841905 0.00582841905 2.66666667
594 1584 5.82827761 0.00582827761 2.66666667
594 1584 5.82834916 0.00582834916 2.66666667
593 1583 5.80169574 0.00580169574 2.66947723
593 1579 5.80072649 0.00580072649 2.66273187
593 1579 5.80086332 0.00580086332 2.66273187
593 1583 5.80164395 0.00580164395 2.66947723
593 1583 5.80170275 0.00580170275 2.66947723
593 1581 5.80288563 0.00580288563 2.66610455
593 1579 5.80398662 0.00580398662 2.66273187
593 1579 5.80398239 0.00580398239 2.66273187
593 1579 5.80418078 0.00580418078 2.66273187
593 1579 5.80393103 0.00580393103 2.66273187
592 1577 5.7794384 0.0057794384 2.66385135
592 1577 5.77960331 0.00577960331 2.66385135
592 1577 5.77945818 0.00577945818 2.66385135
592 1577 5.77952676 0.00577952676 2.66385135
592 1577 5.7793899 0.0057793899 2.66385135
592 1576 5.78045155 0.00578045155 2.66216216
592 1576 5.78043424 0.00578043424 2.66216216
592 1576 5.78074595 0.00578074595 2.66216216
592 1576 5.78040114 0.00578040114 2.66216216
592 1576 5.78072704 0.00578072704 2.66216216
591 1571 5.75337985 0.00575337985 2.65820643
591 1575 5.75313098 0.00575313098 2.66497462
591 1572 5.75511306 0.00575511306 2.65989848
591 1571 5.75579836 0.00575579836 2.65820643
591 1571 5.75573178 0.00575573178 2.65820643
591 1571 5.75582517 0.00575582517 2.65820643
591 1571 5.75575176 0.00575575176 2.65820643
591 1571 5.75586514 0.00575586514 2.65820643
591 1571 5.75553376 0.00575553376 2.65820643
591 1569 5.75632333 0.00575632333 2.65482234
590 1565 5.73134699 0.00573134699 2.65254237
590 1567 5.73813909 0.00573813909 2.6559322
590 1567 5.73828989 0.00573828989 2.6559322
590 1567 5.73833291 0.00573833291 2.6559322
590 1567 5.73858694 0.00573858694 2.6559322
590 1568 5.73933526 0.00573933526 2.65762712
590 1568 5.73908112 0.00573908112 2.65762712
590 1568 5.73930862 0.00573930862 2.65762712
590 1568 5.73899708 0.00573899708 2.65762712
590 1568 5.73904554 0.00573904554 2.65762712
588 1560 5.71811845 0.00571811845 2.65306122
588 1560 5.71884542 0.00571884542 2.65306122
587 1555 5.69457375 0.00569457375 2.64906303
587 1555 5.70001993 0.00570001993 2.64906303
586 1552 5.67770307 0.00567770307 2.64846416
586 1552 5.6773204 0.0056773204 2.64846416
586 1555 5.67955878 0.00567955878 2.65358362
586 1555 5.67940391 0.00567940391 2.65358362
586 1556 5.67457482 0.00567457482 2.6552901
586 1556 5.67443274 0.00567443274 2.6552901
585 1549 5.65118716 0.00565118716 2.64786325
585 1549 5.65111539 0.00565111539 2.64786325
584 1544 5.62811047 0.00562811047 2.64383562
584 1544 5.62795597 0.00562795597 2.64383562
584 1546 5.64676488 0.00564676488 2.64726027
584 1546 5.65655056 0.00565655056 2.64726027
584 1546 5.65644873 0.00565644873 2.64726027
584 1546 5.65625175 0.00565625175 2.64726027
583 1542 5.63437108 0.00563437108 2.64493997
583 1542 5.6347421 0.0056347421 2.64493997
582 1540 5.6156574 0.0056156574 2.64604811
582 1540 5.61546693 0.00561546693 2.64604811
582 1540 5.61568535 0.00561568535 2.64604811
582 1540 5.61561939 0.00561561939 2.64604811
582 1540 5.615608 0.005615608 2.64604811
582 1540 5.61548512 0.00561548512 2.64604811
582 1540 5.61566568 0.00561566568 2.64604811
582 1540 5.61551314 0.00561551314 2.64604811
582 1540 5.61560421 0.00561560421 2.64604811
582 1540 5.61553583 0.00561553583 2.64604811
581 1537 5.59197102 0.00559197102 2.6454389
581 1537 5.59208888 0.00559208888 2.6454389
581 1538 5.59384151 0.00559384151 2.64716007
581 1538 5.59385716 0.00559385716 2.64716007
581 1533 5.5932506 0.0055932506 2.63855422
581 1533 5.59316367 0.00559316367 2.63855422
581 1533 5.59321176 0.00559321176 2.63855422
581 1533 5.59327797 0.00559327797 2.63855422
581 1533 5.59328932 0.00559328932 2.63855422
581 1533 5.59305509 0.00559305509 2.63855422
580 1530 5.56876442 0.00556876442 2.63793103
580 1530 5.56891833 0.00556891833 2.63793103
580 1530 5.56885988 0.00556885988 2.63793103
580 1530 5.56920953 0.00556920953 2.63793103
580 1530 5.56940802 0.00556940802 2.63793103
580 1530 5.56937154 0.00556937154 2.63793103
580 1530 5.56936103 0.00556936103 2.63793103
580 1530 5.56924827 0.00556924827 2.63793103
580 1530 5.5693151 0.0055693151 2.63793103
580 1530 5.56942619 0.00556942619 2.63793103
579 1525 5.54433049 0.00554433049 2.63385147
579 1525 5.54434322 0.00554434322 2.63385147
579 1525 5.54429608 0.00554429608 2.63385147
579 1525 5.54414152 0.00554414152 2.63385147
579 1525 5.54552048 0.00554552048 2.63385147
579 1527 5.54721338 0.00554721338 2.6373057
579 1527 5.54723367 0.00554723367 2.6373057
579 1527 5.54717592 0.00554717592 2.6373057
579 1527 5.54729805 0.00554729805 2.6373057
579 1525 5.54744011 0.00554744011 2.63385147
577 1517 5.52403176 0.00552403176 2.62911612
577 1517 5.50373983 0.00550373983 2.62911612
577 1521 5.49491331 0.00549491331 2.63604853
577 1521 5.49230112 0.00549230112 2.63604853
577 1521 5.49242448 0.00549242448 2.63604853
577 1518 5.49033551 0.00549033551 2.63084922
577 1519 5.50668562 0.00550668562 2.63258232
577 1518 5.50783445 0.00550783445 2.63084922
577 1519 5.48765354 0.00548765354 2.63258232
577 1517 5.49212199 0.00549212199 2.62911612
576 1514 5.47421317 0.00547421317 2.62847222
576 1510 5.47290256 0.00547290256 2.62152778
575 1503 5.47114616 0.00547114616 2.61391304
575 1503 5.47074482 0.00547074482 2.61391304
575 1503 5.470378 0.005470378 2.61391304
575 1503 5.47009322 0.00547009322 2.61391304
575 1503 5.4565898 0.0054565898 2.61391304
575 1504 5.45864043 0.00545864043 2.61565217
575 1503 5.45917645 0.00545917645 2.61391304
575 1503 5.45202037 0.00545202037 2.61391304
574 1498 5.45198541 0.00545198541 2.6097561
574 1499 5.4577988 0.0054577988 2.61149826
574 1496 5.44675807 0.00544675807 2.60627178
574 1496 5.44649135 0.00544649135 2.60627178
574 1496 5.446459 0.005446459 2.60627178
574 1494 5.45135351 0.00545135351 2.60278746
574 1494 5.45095744 0.00545095744 2.60278746
574 1489 5.4309209 0.0054309209 2.59407666
574 1491 5.45210108 0.00545210108 2.59756098
574 1492 5.44535949 0.00544535949 2.59930314
573 1488 5.42276904 0.00542276904 2.59685864
573 1488 5.42406397 0.00542406397 2.59685864
573 1488 5.42337193 0.00542337193 2.59685864
573 1488 5.42781937 0.00542781937 2.59685864
573 1488 5.41171402 0.00541171402 2.59685864
572 1484 5.39052731 0.00539052731 2.59440559
571 1481 5.3692268 0.0053692268 2.59369527
571 1483 5.36735066 0.00536735066 2.5971979
571 1481 5.36397059 0.00536397059 2.59369527
571 1480 5.34486335 0.00534486335 2.59194396
570 1475 5.32057494 0.00532057494 2.5877193
570 1476 5.29740341 0.00529740341 2.58947368
569 1472 5.26556761 0.00526556761 2.58699473
569 1471 5.22513919 0.00522513919 2.58523726
569 1474 5.13561941 0.00513561941 2.59050967
569 1477 0 0 2.59578207
allocating memory...
allocating memory...
allocating memory...
allocating memory...
allocating memory...
allocating memory...
allocating memory...
allocating memory...
allocating memory...
allocating memory...
allocating memory...
allocating memory...
walksat version 35
command line = test -solcnf -cutoff 100000000 -best -seed 1234567 -numsol 10 ./residualformula_seed4.cnf
seed = 1234567
cutoff = 100000000
tries = 10
heuristic = best, noise 50 / 100
tail starts after flip = 3000
numatom = 1000, numclause = 1477, numliterals = 3894
wff read in

    lowest     final       avg     noise     noise     total                 avg        mean        mean
    #unsat    #unsat     noise   std dev     ratio     flips              length       flips       flips
      this      this      this      this      this      this   success   success       until         std
       try       try       try       try       try       try      rate     tries      assign         dev

         0         0      3.63      2.15      1.69      8369       100      8369     8369.00
         0         0      4.74      2.35      2.02     10865       100      9617     9617.00     1764.94
         0         0      0.00      0.00      0.00      2520       100      7251     7251.33     4283.30
         0         0      5.00      3.22      1.55     42234       100     15997    15997.00    17837.54
         0         0      2.61      1.89      1.38     10004       100     14798    14798.40    15678.54
         0         0      4.55      2.89      1.57      4458       100     13075    13075.00    14644.93
         0         0      3.11      2.81      1.10     10348       100     12685    12685.43    13408.60
         0         0      4.68      2.42      1.93      4311       100     11638    11638.62    12762.16
         0         0      3.57      2.29      1.55     34212       100     14146    14146.78    14111.38
         0         0      3.26      2.30      1.42     30973       100     15829    15829.40    14328.91

total elapsed seconds = 0.000000
average flips per second = -9223372036854775808
number solutions found = 10
final success rate = 100.000000
average length successful tries = 15829
mean flips until assign = 15829.400000
  variance = 205317530.711111
  standard deviation = 14328.905426
  standard error of mean = 4531.197752
mean seconds until assign = 0.000000
  variance = 0.000000
  standard deviation = 0.000000
  standard error of mean = 0.000000
mean restarts until assign = 1.000000
  variance = 0.000000
  standard deviation = 0.000000
  standard error of mean = 0.000000
final noise level statistics
    statistics over all runs:
      overall mean average noise level = 3.905098
      overall mean noise std deviation = 2.481114
      overall ratio mean noise to mean std dev = 1.573930
    statistics on successful runs:
      successful mean average noise level = 3.905098
      successful mean noise std deviation = 2.481114
      successful ratio mean noise to mean std dev = 1.573930
    statistics on nonsuccessful runs:
      nonsuccessful mean average noise level = 0.000000
      nonsuccessful mean noise std deviation = 0.000000
      nonsuccessful ratio mean noise to mean std dev = 0.000000
ASSIGNMENT FOUND
Check and white a solution
time of whitening    freezing probability
12	 	 	 	1
11	 	 	 	1
10	 	 	 	1
9	 	 	 	1
11	 	 	 	1
8	 	 	 	1
11	 	 	 	1
9	 	 	 	1
8	 	 	 	1
12	 	 	 	1
