START ALGORITHM:
I am going to build an instance with N: 1000 variables and 9500 clauses with a clause density equal to 9.5
START BSP WITH r=0.9:
Decimation scorer: gamma:0.01
END UNIT PROPAGATION
1000 9500 24.9117141 0.0249117141 9.5
1000 9500 24.911808 0.024911808 9.5
1000 9500 24.9119199 0.0249119199 9.5
1000 9500 24.9119451 0.0249119451 9.5
1000 9500 24.9119376 0.0249119376 9.5
1000 9500 24.9119337 0.0249119337 9.5
1000 9500 24.9119352 0.0249119352 9.5
1000 9500 24.9119347 0.0249119347 9.5
1000 9500 24.9119347 0.0249119347 9.5
999 9465 24.896052 0.024896052 9.47447447
999 9465 24.8960658 0.0248960658 9.47447447
999 9465 24.8960495 0.0248960495 9.47447447
999 9465 24.8960535 0.0248960535 9.47447447
999 9465 24.8960539 0.0248960539 9.47447447
999 9465 24.8960498 0.0248960498 9.47447447
999 9465 24.8960475 0.0248960475 9.47447447
999 9465 24.8960463 0.0248960463 9.47447447
999 9465 24.8960459 0.0248960459 9.47447447
999 9465 24.8960458 0.0248960458 9.47447447
998 9433 24.8741419 0.0248741419 9.45190381
998 9433 24.8742681 0.0248742681 9.45190381
998 9433 24.874216 0.024874216 9.45190381
998 9433 24.8742134 0.0248742134 9.45190381
998 9433 24.8742005 0.0248742005 9.45190381
998 9433 24.8741991 0.0248741991 9.45190381
998 9433 24.8741996 0.0248741996 9.45190381
998 9433 24.8741991 0.0248741991 9.45190381
998 9433 24.874199 0.024874199 9.45190381
998 9433 24.8741989 0.0248741989 9.45190381
997 9403 24.8427473 0.0248427473 9.43129388
997 9403 24.8427879 0.0248427879 9.43129388
997 9403 24.8426408 0.0248426408 9.43129388
997 9403 24.8426179 0.0248426179 9.43129388
997 9403 24.8426118 0.0248426118 9.43129388
997 9403 24.8426139 0.0248426139 9.43129388
997 9403 24.8426129 0.0248426129 9.43129388
997 9403 24.8426123 0.0248426123 9.43129388
997 9403 24.8426118 0.0248426118 9.43129388
997 9403 24.8426115 0.0248426115 9.43129388
996 9383 24.8080843 0.0248080843 9.42068273
996 9383 24.8081508 0.0248081508 9.42068273
996 9383 24.807967 0.024807967 9.42068273
996 9383 24.8080204 0.0248080204 9.42068273
996 9383 24.8080257 0.0248080257 9.42068273
996 9383 24.8080194 0.0248080194 9.42068273
996 9383 24.808009 0.024808009 9.42068273
996 9383 24.8080052 0.0248080052 9.42068273
996 9383 24.8080045 0.0248080045 9.42068273
996 9383 24.8080046 0.0248080046 9.42068273
995 9351 24.7702585 0.0247702585 9.39798995
995 9364 24.7676104 0.0247676104 9.41105528
995 9352 24.7719722 0.0247719722 9.39899497
995 9352 24.7719718 0.0247719718 9.39899497
995 9352 24.7719496 0.0247719496 9.39899497
995 9352 24.7719302 0.0247719302 9.39899497
995 9352 24.7719395 0.0247719395 9.39899497
995 9352 24.7719409 0.0247719409 9.39899497
995 9352 24.7719419 0.0247719419 9.39899497
995 9352 24.7719416 0.0247719416 9.39899497
994 9332 24.7373956 0.0247373956 9.38832998
994 9332 24.7374812 0.0247374812 9.38832998
994 9332 24.7374979 0.0247374979 9.38832998
994 9332 24.7375128 0.0247375128 9.38832998
994 9332 24.737524 0.024737524 9.38832998
994 9332 24.7375313 0.0247375313 9.38832998
994 9332 24.7375307 0.0247375307 9.38832998
994 9332 24.7375303 0.0247375303 9.38832998
994 9332 24.7375299 0.0247375299 9.38832998
994 9332 24.7375295 0.0247375295 9.38832998
993 9311 24.6996664 0.0246996664 9.37663646
993 9311 24.6996397 0.0246996397 9.37663646
993 9311 24.6996398 0.0246996398 9.37663646
993 9311 24.6996667 0.0246996667 9.37663646
993 9311 24.6996502 0.0246996502 9.37663646
993 9311 24.6996469 0.0246996469 9.37663646
993 9311 24.6996469 0.0246996469 9.37663646
993 9311 24.6996478 0.0246996478 9.37663646
993 9311 24.6996482 0.0246996482 9.37663646
993 9311 24.699648 0.024699648 9.37663646
992 9286 24.6608633 0.0246608633 9.3608871
992 9286 24.6608706 0.0246608706 9.3608871
992 9286 24.6608279 0.0246608279 9.3608871
992 9286 24.6608666 0.0246608666 9.3608871
992 9286 24.6608437 0.0246608437 9.3608871
992 9286 24.6608569 0.0246608569 9.3608871
992 9286 24.6608473 0.0246608473 9.3608871
992 9286 24.660857 0.024660857 9.3608871
992 9286 24.6608473 0.0246608473 9.3608871
992 9286 24.6608568 0.0246608568 9.3608871
991 9258 24.6125342 0.0246125342 9.34207871
991 9258 24.612737 0.024612737 9.34207871
991 9258 24.6129002 0.0246129002 9.34207871
991 9260 24.6124377 0.0246124377 9.34409687
991 9260 24.6126117 0.0246126117 9.34409687
991 9260 24.6126428 0.0246126428 9.34409687
991 9260 24.6126377 0.0246126377 9.34409687
991 9260 24.6126367 0.0246126367 9.34409687
991 9260 24.6126369 0.0246126369 9.34409687
991 9260 24.6126368 0.0246126368 9.34409687
990 9232 24.5645742 0.0245645742 9.32525253
990 9232 24.5646743 0.0245646743 9.32525253
990 9232 24.5645762 0.0245645762 9.32525253
990 9232 24.5646286 0.0245646286 9.32525253
990 9232 24.5645981 0.0245645981 9.32525253
990 9232 24.5646275 0.0245646275 9.32525253
990 9232 24.564597 0.024564597 9.32525253
990 9232 24.5646266 0.0245646266 9.32525253
990 9232 24.5645971 0.0245645971 9.32525253
990 9232 24.5646266 0.0245646266 9.32525253
989 9211 24.5151518 0.0245151518 9.31344793
989 9211 24.5150296 0.0245150296 9.31344793
989 9211 24.5150287 0.0245150287 9.31344793
989 9211 24.5150377 0.0245150377 9.31344793
989 9211 24.5150366 0.0245150366 9.31344793
989 9211 24.5150397 0.0245150397 9.31344793
989 9211 24.5150383 0.0245150383 9.31344793
989 9211 24.5150382 0.0245150382 9.31344793
989 9211 24.5150381 0.0245150381 9.31344793
989 9211 24.515038 0.024515038 9.31344793
988 9190 24.4657319 0.0244657319 9.30161943
988 9190 24.4658541 0.0244658541 9.30161943
988 9190 24.4658077 0.0244658077 9.30161943
988 9190 24.465675 0.024465675 9.30161943
988 9190 24.4658787 0.0244658787 9.30161943
988 9190 24.46565 0.02446565 9.30161943
988 9190 24.4658798 0.0244658798 9.30161943
988 9190 24.4656498 0.0244656498 9.30161943
988 9190 24.4658816 0.0244658816 9.30161943
988 9190 24.4656499 0.0244656499 9.30161943
987 9168 24.4145019 0.0244145019 9.2887538
987 9168 24.4148837 0.0244148837 9.2887538
987 9168 24.4146454 0.0244146454 9.2887538
987 9160 24.4142868 0.0244142868 9.28064843
987 9168 24.4143971 0.0244143971 9.2887538
987 9160 24.4142595 0.0244142595 9.28064843
987 9160 24.4143932 0.0244143932 9.28064843
987 9160 24.4143441 0.0244143441 9.28064843
987 9160 24.4143488 0.0244143488 9.28064843
987 9159 24.4138329 0.0244138329 9.27963526
986 9138 24.3649787 0.0243649787 9.26774848
986 9138 24.364827 0.024364827 9.26774848
986 9138 24.3651081 0.0243651081 9.26774848
986 9138 24.3648194 0.0243648194 9.26774848
986 9138 24.3651156 0.0243651156 9.26774848
986 9138 24.3648102 0.0243648102 9.26774848
986 9138 24.3651214 0.0243651214 9.26774848
986 9138 24.36481 0.02436481 9.26774848
986 9138 24.3651215 0.0243651215 9.26774848
986 9138 24.3648098 0.0243648098 9.26774848
985 9108 24.3129795 0.0243129795 9.24670051
985 9108 24.3128413 0.0243128413 9.24670051
985 9108 24.3129328 0.0243129328 9.24670051
985 9108 24.3129417 0.0243129417 9.24670051
985 9108 24.3129428 0.0243129428 9.24670051
985 9108 24.3129442 0.0243129442 9.24670051
985 9108 24.3129442 0.0243129442 9.24670051
985 9108 24.3129441 0.0243129441 9.24670051
985 9108 24.312944 0.024312944 9.24670051
985 9108 24.312944 0.024312944 9.24670051
984 9086 24.2619056 0.0242619056 9.23373984
984 9086 24.2618411 0.0242618411 9.23373984
984 9086 24.261925 0.024261925 9.23373984
984 9086 24.261874 0.024261874 9.23373984
984 9086 24.2617712 0.0242617712 9.23373984
984 9086 24.2619391 0.0242619391 9.23373984
984 9086 24.2618788 0.0242618788 9.23373984
984 9086 24.2617741 0.0242617741 9.23373984
984 9086 24.2619407 0.0242619407 9.23373984
984 9086 24.2618788 0.0242618788 9.23373984
983 9066 24.208215 0.024208215 9.22278739
983 9066 24.2080922 0.0242080922 9.22278739
983 9066 24.2081623 0.0242081623 9.22278739
983 9066 24.2081591 0.0242081591 9.22278739
983 9066 24.2081756 0.0242081756 9.22278739
983 9066 24.208179 0.024208179 9.22278739
983 9066 24.2081793 0.0242081793 9.22278739
983 9066 24.2081793 0.0242081793 9.22278739
983 9066 24.2081793 0.0242081793 9.22278739
983 9066 24.2081793 0.0242081793 9.22278739
982 9042 24.1540538 0.0241540538 9.20773931
982 9042 24.1540029 0.0241540029 9.20773931
982 9042 24.1539487 0.0241539487 9.20773931
982 9042 24.1539626 0.0241539626 9.20773931
982 9042 24.153953 0.024153953 9.20773931
982 9042 24.1539538 0.0241539538 9.20773931
982 9042 24.1539531 0.0241539531 9.20773931
982 9042 24.1539532 0.0241539532 9.20773931
982 9042 24.1539532 0.0241539532 9.20773931
982 9042 24.1539532 0.0241539532 9.20773931
981 9027 24.1000153 0.0241000153 9.20183486
981 9027 24.1000716 0.0241000716 9.20183486
981 9027 24.1003732 0.0241003732 9.20183486
981 9027 24.1000123 0.0241000123 9.20183486
981 9027 24.1000837 0.0241000837 9.20183486
981 9027 24.1000974 0.0241000974 9.20183486
981 9027 24.1000914 0.0241000914 9.20183486
981 9027 24.1000924 0.0241000924 9.20183486
981 9027 24.100092 0.024100092 9.20183486
981 9027 24.1000921 0.0241000921 9.20183486
980 8999 24.0429683 0.0240429683 9.18265306
980 8999 24.0407235 0.0240407235 9.18265306
980 8999 24.0429489 0.0240429489 9.18265306
980 8999 24.0429223 0.0240429223 9.18265306
980 8999 24.0428052 0.0240428052 9.18265306
980 8999 24.0429626 0.0240429626 9.18265306
980 8999 24.0427831 0.0240427831 9.18265306
980 8999 24.0428175 0.0240428175 9.18265306
980 8999 24.0429699 0.0240429699 9.18265306
980 8999 24.0427832 0.0240427832 9.18265306
979 8971 23.9858337 0.0239858337 9.16343207
979 8971 23.9859057 0.0239859057 9.16343207
979 8971 23.9858705 0.0239858705 9.16343207
979 8971 23.98588 0.02398588 9.16343207
979 8971 23.9858845 0.0239858845 9.16343207
979 8971 23.9858846 0.0239858846 9.16343207
979 8971 23.9858851 0.0239858851 9.16343207
979 8971 23.9858851 0.0239858851 9.16343207
979 8971 23.9858852 0.0239858852 9.16343207
979 8971 23.9858852 0.0239858852 9.16343207
978 8946 23.9264559 0.0239264559 9.14723926
978 8949 23.9219541 0.0239219541 9.15030675
978 8946 23.9261624 0.0239261624 9.14723926
978 8952 23.9283341 0.0239283341 9.15337423
978 8952 23.9282224 0.0239282224 9.15337423
978 8952 23.9284415 0.0239284415 9.15337423
978 8952 23.92844 0.02392844 9.15337423
978 8952 23.9284161 0.0239284161 9.15337423
978 8952 23.9284157 0.0239284157 9.15337423
978 8952 23.9284163 0.0239284163 9.15337423
977 8930 23.8712432 0.0238712432 9.14022518
977 8925 23.8693263 0.0238693263 9.13510747
977 8930 23.8710513 0.0238710513 9.14022518
977 8930 23.8713228 0.0238713228 9.14022518
977 8930 23.8712438 0.0238712438 9.14022518
977 8930 23.8714062 0.0238714062 9.14022518
977 8930 23.8712402 0.0238712402 9.14022518
977 8930 23.8714012 0.0238714012 9.14022518
977 8930 23.8712398 0.0238712398 9.14022518
977 8930 23.8714008 0.0238714008 9.14022518
976 8903 23.8133008 0.0238133008 9.12192623
976 8903 23.8134035 0.0238134035 9.12192623
976 8903 23.8133674 0.0238133674 9.12192623
976 8903 23.8134096 0.0238134096 9.12192623
976 8903 23.8134365 0.0238134365 9.12192623
976 8903 23.8134271 0.0238134271 9.12192623
976 8903 23.8134242 0.0238134242 9.12192623
976 8903 23.8134224 0.0238134224 9.12192623
976 8903 23.8134222 0.0238134222 9.12192623
976 8903 23.8134222 0.0238134222 9.12192623
975 8881 23.7538038 0.0237538038 9.10871795
975 8881 23.7536133 0.0237536133 9.10871795
975 8879 23.7521597 0.0237521597 9.10666667
975 8881 23.75355 0.02375355 9.10871795
975 8881 23.7536885 0.0237536885 9.10871795
975 8881 23.7536845 0.0237536845 9.10871795
975 8881 23.753699 0.023753699 9.10871795
975 8881 23.7536943 0.0237536943 9.10871795
975 8881 23.7536931 0.0237536931 9.10871795
975 8881 23.7536929 0.0237536929 9.10871795
974 8857 23.694256 0.023694256 9.09342916
974 8857 23.6944083 0.0236944083 9.09342916
974 8857 23.6942278 0.0236942278 9.09342916
974 8857 23.6942983 0.0236942983 9.09342916
974 8857 23.6942994 0.0236942994 9.09342916
974 8857 23.6942996 0.0236942996 9.09342916
974 8857 23.6943003 0.0236943003 9.09342916
974 8857 23.6943006 0.0236943006 9.09342916
974 8857 23.6943006 0.0236943006 9.09342916
974 8857 23.6943005 0.0236943005 9.09342916
973 8827 23.6337064 0.0236337064 9.07194245
973 8827 23.6337328 0.0236337328 9.07194245
973 8827 23.6336199 0.0236336199 9.07194245
973 8827 23.6336876 0.0236336876 9.07194245
973 8831 23.6329552 0.0236329552 9.07605344
973 8827 23.6337237 0.0236337237 9.07194245
973 8827 23.6337402 0.0236337402 9.07194245
973 8827 23.6336633 0.0236336633 9.07194245
973 8827 23.6336685 0.0236336685 9.07194245
973 8827 23.6336617 0.0236336617 9.07194245
972 8801 23.5736666 0.0235736666 9.05452675
972 8801 23.5733853 0.0235733853 9.05452675
972 8799 23.5710421 0.0235710421 9.05246914
972 8801 23.5735073 0.0235735073 9.05452675
972 8801 23.5737265 0.0235737265 9.05452675
972 8801 23.5737595 0.0235737595 9.05452675
972 8801 23.5737659 0.0235737659 9.05452675
972 8801 23.5737898 0.0235737898 9.05452675
972 8801 23.573787 0.023573787 9.05452675
972 8801 23.5737871 0.0235737871 9.05452675
971 8775 23.5148542 0.0235148542 9.03707518
971 8775 23.5146709 0.0235146709 9.03707518
971 8775 23.5148062 0.0235148062 9.03707518
971 8775 23.5146203 0.0235146203 9.03707518
971 8775 23.5147931 0.0235147931 9.03707518
971 8775 23.5146155 0.0235146155 9.03707518
971 8775 23.5147931 0.0235147931 9.03707518
971 8775 23.514616 0.023514616 9.03707518
971 8775 23.5147932 0.0235147932 9.03707518
971 8775 23.514616 0.023514616 9.03707518
970 8751 23.4541314 0.0234541314 9.02164948
970 8746 23.4538351 0.0234538351 9.01649485
970 8751 23.4538425 0.0234538425 9.02164948
970 8751 23.4537393 0.0234537393 9.02164948
970 8751 23.453759 0.023453759 9.02164948
970 8751 23.453746 0.023453746 9.02164948
970 8751 23.4537419 0.0234537419 9.02164948
970 8751 23.4537416 0.0234537416 9.02164948
970 8751 23.4537415 0.0234537415 9.02164948
970 8751 23.4537415 0.0234537415 9.02164948
969 8722 23.3935592 0.0233935592 9.00103199
969 8731 23.3935841 0.0233935841 9.01031992
969 8726 23.3949445 0.0233949445 9.00515996
969 8728 23.394381 0.023394381 9.00722394
969 8728 23.3944343 0.0233944343 9.00722394
969 8728 23.3945161 0.0233945161 9.00722394
969 8728 23.3945433 0.0233945433 9.00722394
969 8728 23.394546 0.023394546 9.00722394
969 8728 23.3945462 0.0233945462 9.00722394
969 8728 23.3945462 0.0233945462 9.00722394
968 8702 23.3352124 0.0233352124 8.98966942
968 8702 23.3349849 0.0233349849 8.98966942
968 8702 23.3347916 0.0233347916 8.98966942
968 8702 23.3347457 0.0233347457 8.98966942
968 8702 23.3347543 0.0233347543 8.98966942
968 8702 23.3347557 0.0233347557 8.98966942
968 8702 23.3347555 0.0233347555 8.98966942
968 8702 23.3347553 0.0233347553 8.98966942
968 8702 23.3347553 0.0233347553 8.98966942
968 8702 23.3347552 0.0233347552 8.98966942
967 8671 23.2739131 0.0232739131 8.96690796
967 8676 23.2706417 0.0232706417 8.97207859
967 8672 23.2745824 0.0232745824 8.96794209
967 8670 23.2777868 0.0232777868 8.96587384
967 8666 23.2764716 0.0232764716 8.96173733
967 8672 23.276432 0.023276432 8.96794209
967 8675 23.2775625 0.0232775625 8.97104447
967 8675 23.2763798 0.0232763798 8.97104447
967 8668 23.273282 0.023273282 8.96380558
967 8670 23.2778551 0.0232778551 8.96587384
966 8646 23.2193564 0.0232193564 8.95031056
966 8646 23.2192407 0.0232192407 8.95031056
966 8646 23.2193155 0.0232193155 8.95031056
966 8646 23.2192611 0.0232192611 8.95031056
966 8646 23.2192517 0.0232192517 8.95031056
966 8646 23.21925 0.02321925 8.95031056
966 8646 23.2192501 0.0232192501 8.95031056
966 8646 23.2192503 0.0232192503 8.95031056
966 8646 23.2192503 0.0232192503 8.95031056
966 8646 23.2192503 0.0232192503 8.95031056
965 8624 23.1589471 0.0231589471 8.93678756
965 8624 23.1588834 0.0231588834 8.93678756
965 8625 23.1585344 0.0231585344 8.93782383
965 8625 23.1585148 0.0231585148 8.93782383
965 8625 23.1584574 0.0231584574 8.93782383
965 8631 23.1596717 0.0231596717 8.94404145
965 8625 23.1582466 0.0231582466 8.93782383
965 8625 23.1583298 0.0231583298 8.93782383
965 8625 23.1583254 0.0231583254 8.93782383
965 8625 23.1583321 0.0231583321 8.93782383
964 8610 23.100083 0.023100083 8.93153527
964 8610 23.1001842 0.0231001842 8.93153527
964 8610 23.100247 0.023100247 8.93153527
964 8610 23.1002106 0.0231002106 8.93153527
964 8610 23.1002108 0.0231002108 8.93153527
964 8610 23.100211 0.023100211 8.93153527
964 8610 23.1002118 0.0231002118 8.93153527
964 8610 23.1002121 0.0231002121 8.93153527
964 8610 23.1002121 0.0231002121 8.93153527
964 8610 23.1002121 0.0231002121 8.93153527
963 8588 23.0396241 0.0230396241 8.91796469
963 8588 23.0394233 0.0230394233 8.91796469
963 8588 23.0394125 0.0230394125 8.91796469
963 8588 23.0394221 0.0230394221 8.91796469
963 8588 23.0394375 0.0230394375 8.91796469
963 8588 23.0394398 0.0230394398 8.91796469
963 8588 23.0394396 0.0230394396 8.91796469
963 8588 23.0394398 0.0230394398 8.91796469
963 8588 23.0394398 0.0230394398 8.91796469
963 8588 23.0394398 0.0230394398 8.91796469
962 8571 22.9791384 0.0229791384 8.90956341
962 8571 22.9792006 0.0229792006 8.90956341
962 8571 22.9792927 0.0229792927 8.90956341
962 8571 22.979444 0.022979444 8.90956341
962 8566 22.9786918 0.0229786918 8.9043659
962 8566 22.9784962 0.0229784962 8.9043659
962 8566 22.9784908 0.0229784908 8.9043659
962 8566 22.9784992 0.0229784992 8.9043659
962 8566 22.9784978 0.0229784978 8.9043659
962 8566 22.978499 0.022978499 8.9043659
961 8549 22.9183691 0.0229183691 8.89594173
961 8549 22.918435 0.022918435 8.89594173
961 8542 22.9163382 0.0229163382 8.88865765
961 8547 22.9179271 0.0229179271 8.89386056
961 8549 22.9186687 0.0229186687 8.89594173
961 8549 22.9184438 0.0229184438 8.89594173
961 8549 22.9185356 0.0229185356 8.89594173
961 8549 22.9185557 0.0229185557 8.89594173
961 8549 22.918561 0.022918561 8.89594173
961 8549 22.9185603 0.0229185603 8.89594173
960 8525 22.8576627 0.0228576627 8.88020833
960 8525 22.8578736 0.0228578736 8.88020833
960 8525 22.8578009 0.0228578009 8.88020833
960 8525 22.8577649 0.0228577649 8.88020833
960 8525 22.8577681 0.0228577681 8.88020833
960 8525 22.8577704 0.0228577704 8.88020833
960 8525 22.857771 0.022857771 8.88020833
960 8525 22.857771 0.022857771 8.88020833
960 8525 22.8577709 0.0228577709 8.88020833
960 8525 22.8577708 0.0228577708 8.88020833
959 8507 22.795767 0.022795767 8.87069864
959 8507 22.7957904 0.0227957904 8.87069864
959 8507 22.79574 0.02279574 8.87069864
959 8507 22.7957438 0.0227957438 8.87069864
959 8507 22.7957545 0.0227957545 8.87069864
959 8507 22.795755 0.022795755 8.87069864
959 8507 22.7957562 0.0227957562 8.87069864
959 8507 22.7957563 0.0227957563 8.87069864
959 8507 22.7957563 0.0227957563 8.87069864
959 8507 22.7957564 0.0227957564 8.87069864
958 8483 22.7328029 0.0227328029 8.85490605
958 8483 22.7328594 0.0227328594 8.85490605
958 8483 22.7327034 0.0227327034 8.85490605
958 8483 22.7327081 0.0227327081 8.85490605
958 8483 22.7327193 0.0227327193 8.85490605
958 8483 22.7327193 0.0227327193 8.85490605
958 8483 22.7327192 0.0227327192 8.85490605
958 8483 22.7327192 0.0227327192 8.85490605
958 8483 22.7327192 0.0227327192 8.85490605
958 8483 22.7327192 0.0227327192 8.85490605
957 8467 22.6692345 0.0226692345 8.84743992
957 8467 22.6695851 0.0226695851 8.84743992
957 8467 22.6697046 0.0226697046 8.84743992
957 8467 22.6697001 0.0226697001 8.84743992
957 8467 22.6696951 0.0226696951 8.84743992
957 8467 22.6696937 0.0226696937 8.84743992
957 8467 22.6696938 0.0226696938 8.84743992
957 8467 22.6696938 0.0226696938 8.84743992
957 8467 22.6696938 0.0226696938 8.84743992
957 8467 22.6696938 0.0226696938 8.84743992
956 8447 22.6044266 0.0226044266 8.83577406
956 8445 22.5794527 0.0225794527 8.83368201
956 8441 22.5981509 0.0225981509 8.82949791
956 8449 22.6055171 0.0226055171 8.83786611
956 8454 22.6004774 0.0226004774 8.84309623
956 8450 22.6096411 0.0226096411 8.83891213
956 8450 22.6097522 0.0226097522 8.83891213
956 8450 22.6098049 0.0226098049 8.83891213
956 8450 22.609759 0.022609759 8.83891213
956 8450 22.6096747 0.0226096747 8.83891213
955 8433 22.5476335 0.0225476335 8.83036649
955 8433 22.5482532 0.0225482532 8.83036649
955 8433 22.547865 0.022547865 8.83036649
955 8433 22.5478303 0.0225478303 8.83036649
955 8440 22.5430831 0.0225430831 8.83769634
955 8433 22.5481716 0.0225481716 8.83036649
955 8433 22.5477969 0.0225477969 8.83036649
955 8433 22.5478087 0.0225478087 8.83036649
955 8433 22.547818 0.022547818 8.83036649
955 8433 22.5478074 0.0225478074 8.83036649
954 8416 22.4879892 0.0224879892 8.82180294
954 8416 22.4878897 0.0224878897 8.82180294
954 8416 22.4879764 0.0224879764 8.82180294
954 8416 22.4879733 0.0224879733 8.82180294
954 8416 22.4879776 0.0224879776 8.82180294
954 8416 22.4879778 0.0224879778 8.82180294
954 8416 22.4879786 0.0224879786 8.82180294
954 8416 22.4879789 0.0224879789 8.82180294
954 8416 22.487979 0.022487979 8.82180294
954 8416 22.487979 0.022487979 8.82180294
953 8392 22.4243325 0.0224243325 8.80587618
953 8398 22.4251838 0.0224251838 8.81217209
953 8397 22.4244217 0.0224244217 8.81112277
953 8394 22.4213271 0.0224213271 8.80797482
953 8392 22.4264815 0.0224264815 8.80587618
953 8391 22.4265581 0.0224265581 8.80482686
953 8396 22.4163079 0.0224163079 8.81007345
953 8396 22.4191151 0.0224191151 8.81007345
953 8391 22.4205145 0.0224205145 8.80482686
953 8391 22.4210386 0.0224210386 8.80482686
952 8374 22.3689827 0.0223689827 8.79621849
952 8374 22.3692114 0.0223692114 8.79621849
952 8374 22.3691833 0.0223691833 8.79621849
952 8374 22.3691711 0.0223691711 8.79621849
952 8374 22.3691672 0.0223691672 8.79621849
952 8374 22.3691618 0.0223691618 8.79621849
952 8374 22.369162 0.022369162 8.79621849
952 8374 22.3691619 0.0223691619 8.79621849
952 8374 22.3691619 0.0223691619 8.79621849
952 8374 22.3691619 0.0223691619 8.79621849
951 8357 22.3099515 0.0223099515 8.78759201
951 8357 22.3100101 0.0223100101 8.78759201
951 8351 22.3094017 0.0223094017 8.78128286
951 8351 22.3094608 0.0223094608 8.78128286
951 8351 22.3094634 0.0223094634 8.78128286
951 8357 22.3097506 0.0223097506 8.78759201
951 8351 22.3095943 0.0223095943 8.78128286
951 8351 22.3094676 0.0223094676 8.78128286
951 8351 22.3094481 0.0223094481 8.78128286
951 8351 22.3094676 0.0223094676 8.78128286
950 8334 22.2505733 0.0222505733 8.77263158
950 8334 22.25058 0.02225058 8.77263158
950 8334 22.2506381 0.0222506381 8.77263158
950 8334 22.2506622 0.0222506622 8.77263158
950 8334 22.2506502 0.0222506502 8.77263158
950 8334 22.2506524 0.0222506524 8.77263158
950 8334 22.2506521 0.0222506521 8.77263158
950 8334 22.2506522 0.0222506522 8.77263158
950 8334 22.2506522 0.0222506522 8.77263158
950 8334 22.2506522 0.0222506522 8.77263158
949 8311 22.1855937 0.0221855937 8.75763962
949 8310 22.1847606 0.0221847606 8.75658588
949 8311 22.185422 0.022185422 8.75763962
949 8311 22.1854856 0.0221854856 8.75763962
949 8311 22.1854916 0.0221854916 8.75763962
949 8311 22.1854908 0.0221854908 8.75763962
949 8311 22.1854916 0.0221854916 8.75763962
949 8311 22.1854941 0.0221854941 8.75763962
949 8311 22.1854941 0.0221854941 8.75763962
949 8311 22.1854943 0.0221854943 8.75763962
948 8287 22.1212858 0.0221212858 8.74156118
948 8287 22.1213957 0.0221213957 8.74156118
948 8287 22.1211677 0.0221211677 8.74156118
948 8287 22.1211295 0.0221211295 8.74156118
948 8287 22.1211223 0.0221211223 8.74156118
948 8287 22.1211215 0.0221211215 8.74156118
948 8287 22.1211204 0.0221211204 8.74156118
948 8287 22.1211208 0.0221211208 8.74156118
948 8287 22.1211208 0.0221211208 8.74156118
948 8287 22.1211208 0.0221211208 8.74156118
947 8262 22.0555783 0.0220555783 8.72439282
947 8262 22.0555196 0.0220555196 8.72439282
947 8262 22.0556391 0.0220556391 8.72439282
947 8262 22.0556418 0.0220556418 8.72439282
947 8262 22.0556388 0.0220556388 8.72439282
947 8262 22.0556374 0.0220556374 8.72439282
947 8262 22.0556368 0.0220556368 8.72439282
947 8262 22.0556367 0.0220556367 8.72439282
947 8262 22.0556368 0.0220556368 8.72439282
947 8262 22.0556368 0.0220556368 8.72439282
946 8247 21.9862574 0.0219862574 8.71775899
946 8243 21.9846229 0.0219846229 8.71353066
946 8242 21.9848501 0.0219848501 8.71247357
946 8243 21.9846886 0.0219846886 8.71353066
946 8247 21.9865724 0.0219865724 8.71775899
946 8247 21.9859765 0.0219859765 8.71775899
946 8247 21.9859329 0.0219859329 8.71775899
946 8247 21.986352 0.021986352 8.71775899
946 8247 21.9859291 0.0219859291 8.71775899
946 8247 21.9859503 0.0219859503 8.71775899
945 8228 21.9175456 0.0219175456 8.70687831
945 8227 21.9162186 0.0219162186 8.70582011
945 8233 21.9141126 0.0219141126 8.71216931
945 8228 21.9174945 0.0219174945 8.70687831
945 8228 21.9171341 0.0219171341 8.70687831
945 8228 21.9174637 0.0219174637 8.70687831
945 8228 21.9174734 0.0219174734 8.70687831
945 8228 21.9171824 0.0219171824 8.70687831
945 8228 21.917463 0.021917463 8.70687831
945 8228 21.917483 0.021917483 8.70687831
944 8206 21.8512357 0.0218512357 8.69279661
944 8206 21.8514464 0.0218514464 8.69279661
944 8206 21.8515378 0.0218515378 8.69279661
944 8206 21.8515683 0.0218515683 8.69279661
944 8206 21.85156 0.02185156 8.69279661
944 8206 21.8515613 0.0218515613 8.69279661
944 8206 21.8515615 0.0218515615 8.69279661
944 8206 21.8515608 0.0218515608 8.69279661
944 8206 21.8515608 0.0218515608 8.69279661
944 8206 21.8515608 0.0218515608 8.69279661
943 8186 21.7853716 0.0217853716 8.68080594
943 8186 21.7854933 0.0217854933 8.68080594
943 8186 21.7853408 0.0217853408 8.68080594
943 8186 21.7853141 0.0217853141 8.68080594
943 8186 21.7853008 0.0217853008 8.68080594
943 8186 21.785298 0.021785298 8.68080594
943 8186 21.7852975 0.0217852975 8.68080594
943 8186 21.7852974 0.0217852974 8.68080594
943 8186 21.7852974 0.0217852974 8.68080594
943 8186 21.7852974 0.0217852974 8.68080594
942 8171 21.718354 0.021718354 8.67409766
942 8161 21.7168324 0.0217168324 8.66348195
942 8165 21.7188031 0.0217188031 8.66772824
942 8170 21.7137752 0.0217137752 8.67303609
942 8174 21.7167135 0.0217167135 8.67728238
942 8163 21.7151841 0.0217151841 8.6656051
942 8165 21.7189689 0.0217189689 8.66772824
942 8163 21.7169442 0.0217169442 8.6656051
942 8165 21.7188362 0.0217188362 8.66772824
942 8165 21.7188699 0.0217188699 8.66772824
941 8148 21.6545097 0.0216545097 8.65887354
941 8148 21.6543641 0.0216543641 8.65887354
941 8144 21.6544573 0.0216544573 8.65462274
941 8144 21.6547896 0.0216547896 8.65462274
941 8144 21.6548863 0.0216548863 8.65462274
941 8144 21.6549089 0.0216549089 8.65462274
941 8144 21.6549096 0.0216549096 8.65462274
941 8144 21.654913 0.021654913 8.65462274
941 8144 21.6549142 0.0216549142 8.65462274
941 8144 21.6549144 0.0216549144 8.65462274
940 8127 21.5907026 0.0215907026 8.64574468
940 8127 21.5904468 0.0215904468 8.64574468
940 8127 21.5903121 0.0215903121 8.64574468
940 8127 21.5903391 0.0215903391 8.64574468
940 8127 21.5903427 0.0215903427 8.64574468
940 8127 21.5903453 0.0215903453 8.64574468
940 8127 21.590343 0.021590343 8.64574468
940 8127 21.5903433 0.0215903433 8.64574468
940 8127 21.5903435 0.0215903435 8.64574468
940 8127 21.5903434 0.0215903434 8.64574468
939 8103 21.5214376 0.0215214376 8.62939297
939 8103 21.5213011 0.0215213011 8.62939297
939 8103 21.5214 0.0215214 8.62939297
939 8103 21.521403 0.021521403 8.62939297
939 8103 21.5213984 0.0215213984 8.62939297
939 8103 21.5214025 0.0215214025 8.62939297
939 8103 21.5214036 0.0215214036 8.62939297
939 8103 21.5214035 0.0215214035 8.62939297
939 8103 21.5214035 0.0215214035 8.62939297
939 8103 21.5214035 0.0215214035 8.62939297
938 8084 21.4535308 0.0214535308 8.61833689
938 8085 21.4452315 0.0214452315 8.61940299
938 8090 21.4545569 0.0214545569 8.62473348
938 8090 21.4546026 0.0214546026 8.62473348
938 8090 21.4545215 0.0214545215 8.62473348
938 8090 21.4545278 0.0214545278 8.62473348
938 8090 21.4545332 0.0214545332 8.62473348
938 8090 21.454532 0.021454532 8.62473348
938 8090 21.4545318 0.0214545318 8.62473348
938 8090 21.4545317 0.0214545317 8.62473348
937 8066 21.3872955 0.0213872955 8.60832444
937 8066 21.387388 0.021387388 8.60832444
937 8066 21.3874597 0.0213874597 8.60832444
937 8066 21.3872895 0.0213872895 8.60832444
937 8066 21.3876158 0.0213876158 8.60832444
937 8066 21.3873098 0.0213873098 8.60832444
937 8066 21.3876144 0.0213876144 8.60832444
937 8066 21.3874252 0.0213874252 8.60832444
937 8066 21.3872888 0.0213872888 8.60832444
937 8066 21.3876134 0.0213876134 8.60832444
936 8048 21.3201646 0.0213201646 8.5982906
936 8041 21.3190154 0.0213190154 8.59081197
936 8040 21.3209348 0.0213209348 8.58974359
936 8039 21.3188803 0.0213188803 8.58867521
936 8041 21.3189316 0.0213189316 8.59081197
936 8041 21.319092 0.021319092 8.59081197
936 8041 21.3190633 0.0213190633 8.59081197
936 8041 21.3190474 0.0213190474 8.59081197
936 8041 21.3190459 0.0213190459 8.59081197
936 8041 21.319046 0.021319046 8.59081197
935 8015 21.2545086 0.0212545086 8.57219251
935 8015 21.2545611 0.0212545611 8.57219251
935 8015 21.254383 0.021254383 8.57219251
935 8015 21.2543867 0.0212543867 8.57219251
935 8015 21.2544451 0.0212544451 8.57219251
935 8015 21.2544061 0.0212544061 8.57219251
935 8015 21.2544491 0.0212544491 8.57219251
935 8015 21.2544064 0.0212544064 8.57219251
935 8015 21.2544493 0.0212544493 8.57219251
935 8015 21.2544065 0.0212544065 8.57219251
934 7994 21.1863371 0.0211863371 8.55888651
934 7994 21.186218 0.021186218 8.55888651
934 7989 21.1889807 0.0211889807 8.55353319
934 7989 21.1888088 0.0211888088 8.55353319
934 7994 21.1830831 0.0211830831 8.55888651
934 7986 21.1834413 0.0211834413 8.5503212
934 7993 21.1856669 0.0211856669 8.55781585
934 7985 21.1800398 0.0211800398 8.54925054
934 7989 21.1890391 0.0211890391 8.55353319
934 7989 21.1888617 0.0211888617 8.55353319
933 7968 21.1217473 0.0211217473 8.54019293
933 7968 21.1210557 0.0211210557 8.54019293
933 7970 21.1243503 0.0211243503 8.54233655
933 7978 21.1232968 0.0211232968 8.55091104
933 7972 21.1228577 0.0211228577 8.54448017
933 7971 21.1223329 0.0211223329 8.54340836
933 7975 21.1211176 0.0211211176 8.54769561
933 7971 21.1154847 0.0211154847 8.54340836
933 7976 21.1213474 0.0211213474 8.54876742
933 7970 21.1242987 0.0211242987 8.54233655
932 7949 21.0583742 0.0210583742 8.52896996
932 7949 21.0581855 0.0210581855 8.52896996
932 7952 21.060531 0.021060531 8.53218884
932 7952 21.0601596 0.0210601596 8.53218884
932 7952 21.0602402 0.0210602402 8.53218884
932 7952 21.0602625 0.0210602625 8.53218884
932 7952 21.060275 0.021060275 8.53218884
932 7952 21.0602751 0.0210602751 8.53218884
932 7952 21.0602742 0.0210602742 8.53218884
932 7952 21.0602742 0.0210602742 8.53218884
931 7931 20.9946904 0.0209946904 8.51879699
931 7931 20.9947951 0.0209947951 8.51879699
931 7939 20.9903806 0.0209903806 8.5273899
931 7931 20.9948774 0.0209948774 8.51879699
931 7931 20.9949472 0.0209949472 8.51879699
931 7931 20.9949305 0.0209949305 8.51879699
931 7931 20.9949324 0.0209949324 8.51879699
931 7931 20.9949336 0.0209949336 8.51879699
931 7931 20.9949328 0.0209949328 8.51879699
931 7931 20.9949327 0.0209949327 8.51879699
930 7918 20.9296716 0.0209296716 8.51397849
930 7918 20.9295525 0.0209295525 8.51397849
930 7918 20.9295013 0.0209295013 8.51397849
930 7918 20.9291779 0.0209291779 8.51397849
930 7918 20.9291704 0.0209291704 8.51397849
930 7918 20.9295983 0.0209295983 8.51397849
930 7918 20.9294988 0.0209294988 8.51397849
930 7918 20.9292127 0.0209292127 8.51397849
930 7918 20.9291633 0.0209291633 8.51397849
930 7918 20.9295974 0.0209295974 8.51397849
929 7896 20.8596646 0.0208596646 8.49946179
929 7891 20.8565386 0.0208565386 8.49407966
929 7896 20.8595026 0.0208595026 8.49946179
929 7882 20.8588565 0.0208588565 8.48439182
929 7896 20.8597174 0.0208597174 8.49946179
929 7896 20.8595997 0.0208595997 8.49946179
929 7896 20.8596867 0.0208596867 8.49946179
929 7896 20.8596821 0.0208596821 8.49946179
929 7896 20.8596871 0.0208596871 8.49946179
929 7896 20.859687 0.020859687 8.49946179
928 7869 20.7956298 0.0207956298 8.47952586
928 7869 20.7953865 0.0207953865 8.47952586
928 7869 20.7952958 0.0207952958 8.47952586
928 7869 20.7952736 0.0207952736 8.47952586
928 7869 20.7953074 0.0207953074 8.47952586
928 7869 20.7952728 0.0207952728 8.47952586
928 7869 20.7953076 0.0207953076 8.47952586
928 7869 20.7952698 0.0207952698 8.47952586
928 7869 20.795307 0.020795307 8.47952586
928 7869 20.7952698 0.0207952698 8.47952586
927 7848 20.7271763 0.0207271763 8.46601942
927 7848 20.7269505 0.0207269505 8.46601942
927 7848 20.7267662 0.0207267662 8.46601942
927 7848 20.7268808 0.0207268808 8.46601942
927 7848 20.7268663 0.0207268663 8.46601942
927 7848 20.7268587 0.0207268587 8.46601942
927 7848 20.7268572 0.0207268572 8.46601942
927 7848 20.7268566 0.0207268566 8.46601942
927 7848 20.7268566 0.0207268566 8.46601942
927 7848 20.7268567 0.0207268567 8.46601942
926 7829 20.6593655 0.0206593655 8.45464363
926 7830 20.656275 0.020656275 8.45572354
926 7829 20.6598628 0.0206598628 8.45464363
926 7829 20.6593277 0.0206593277 8.45464363
926 7832 20.65809 0.02065809 8.45788337
926 7829 20.6599125 0.0206599125 8.45464363
926 7829 20.6598991 0.0206598991 8.45464363
926 7829 20.6598744 0.0206598744 8.45464363
926 7829 20.6600325 0.0206600325 8.45464363
926 7829 20.659869 0.020659869 8.45464363
925 7811 20.5931835 0.0205931835 8.44432432
925 7811 20.5926677 0.0205926677 8.44432432
925 7811 20.5920935 0.0205920935 8.44432432
925 7811 20.5930786 0.0205930786 8.44432432
925 7811 20.5922546 0.0205922546 8.44432432
925 7811 20.592915 0.020592915 8.44432432
925 7811 20.5926692 0.0205926692 8.44432432
925 7811 20.59206 0.02059206 8.44432432
925 7811 20.5930618 0.0205930618 8.44432432
925 7811 20.5922488 0.0205922488 8.44432432
924 7793 20.5226397 0.0205226397 8.43398268
924 7796 20.5230705 0.0205230705 8.43722944
924 7791 20.5203995 0.0205203995 8.43181818
924 7794 20.519314 0.020519314 8.43506494
924 7797 20.5216766 0.0205216766 8.43831169
924 7799 20.5216086 0.0205216086 8.44047619
924 7798 20.5162135 0.0205162135 8.43939394
924 7799 20.5214544 0.0205214544 8.44047619
924 7799 20.5214558 0.0205214558 8.44047619
924 7799 20.5214666 0.0205214666 8.44047619
923 7779 20.4568992 0.0204568992 8.42795233
923 7779 20.4568645 0.0204568645 8.42795233
923 7779 20.4564895 0.0204564895 8.42795233
923 7779 20.4565029 0.0204565029 8.42795233
923 7779 20.4565102 0.0204565102 8.42795233
923 7779 20.4565118 0.0204565118 8.42795233
923 7779 20.4565112 0.0204565112 8.42795233
923 7779 20.4565113 0.0204565113 8.42795233
923 7779 20.4565113 0.0204565113 8.42795233
923 7779 20.4565113 0.0204565113 8.42795233
922 7758 20.3912937 0.0203912937 8.4143167
922 7758 20.3914031 0.0203914031 8.4143167
922 7758 20.3913572 0.0203913572 8.4143167
922 7758 20.3913391 0.0203913391 8.4143167
922 7758 20.3913204 0.0203913204 8.4143167
922 7758 20.3913203 0.0203913203 8.4143167
922 7758 20.3913201 0.0203913201 8.4143167
922 7758 20.3913207 0.0203913207 8.4143167
922 7758 20.3913208 0.0203913208 8.4143167
922 7758 20.3913208 0.0203913208 8.4143167
921 7738 20.3256793 0.0203256793 8.40173724
921 7737 20.3151658 0.0203151658 8.40065147
921 7738 20.3319013 0.0203319013 8.40173724
921 7736 20.3361002 0.0203361002 8.39956569
921 7742 20.3550402 0.0203550402 8.40608035
921 7748 20.3465976 0.0203465976 8.41259501
921 7739 20.3468059 0.0203468059 8.40282302
921 7732 20.3454335 0.0203454335 8.39522258
921 7736 20.3602627 0.0203602627 8.39956569
921 7736 20.3595583 0.0203595583 8.39956569
920 7717 20.2951387 0.0202951387 8.38804348
920 7717 20.2956706 0.0202956706 8.38804348
920 7717 20.2957652 0.0202957652 8.38804348
920 7717 20.2956313 0.0202956313 8.38804348
920 7717 20.2956989 0.0202956989 8.38804348
920 7717 20.2956267 0.0202956267 8.38804348
920 7717 20.2956961 0.0202956961 8.38804348
920 7717 20.2956267 0.0202956267 8.38804348
920 7717 20.2956964 0.0202956964 8.38804348
920 7717 20.2956266 0.0202956266 8.38804348
919 7699 20.2268054 0.0202268054 8.37758433
919 7702 20.2253811 0.0202253811 8.38084875
919 7698 20.2244285 0.0202244285 8.37649619
919 7702 20.2245589 0.0202245589 8.38084875
919 7703 20.2245948 0.0202245948 8.38193689
919 7703 20.2246089 0.0202246089 8.38193689
919 7703 20.2245998 0.0202245998 8.38193689
919 7703 20.2245875 0.0202245875 8.38193689
919 7703 20.2245921 0.0202245921 8.38193689
919 7703 20.2245937 0.0202245937 8.38193689
918 7684 20.1597128 0.0201597128 8.37037037
918 7684 20.1586234 0.0201586234 8.37037037
918 7683 20.1607752 0.0201607752 8.36928105
918 7683 20.1604389 0.0201604389 8.36928105
918 7682 20.1591019 0.0201591019 8.36819172
918 7680 20.1747915 0.0201747915 8.36601307
918 7681 20.1510108 0.0201510108 8.3671024
918 7691 20.1669587 0.0201669587 8.37799564
918 7686 20.1576779 0.0201576779 8.37254902
918 7684 20.1813755 0.0201813755 8.37037037
917 7663 20.1180954 0.0201180954 8.3565976
917 7663 20.118411 0.020118411 8.3565976
917 7663 20.1185022 0.0201185022 8.3565976
917 7666 20.1164568 0.0201164568 8.35986914
917 7670 20.0774681 0.0200774681 8.36423119
917 7663 20.1183252 0.0201183252 8.3565976
917 7668 20.0973272 0.0200973272 8.36205016
917 7669 20.0892104 0.0200892104 8.36314068
917 7663 20.1157622 0.0201157622 8.3565976
917 7660 20.0854398 0.0200854398 8.35332606
916 7645 20.0559574 0.0200559574 8.34606987
916 7645 20.0558936 0.0200558936 8.34606987
916 7645 20.0558888 0.0200558888 8.34606987
916 7646 20.0677367 0.0200677367 8.34716157
916 7651 20.0616918 0.0200616918 8.35262009
916 7645 20.0682355 0.0200682355 8.34606987
916 7646 20.0677264 0.0200677264 8.34716157
916 7646 20.0676279 0.0200676279 8.34716157
916 7646 20.0663239 0.0200663239 8.34716157
916 7645 20.0612757 0.0200612757 8.34606987
915 7627 20.0064529 0.0200064529 8.33551913
915 7627 20.0072836 0.0200072836 8.33551913
915 7627 20.0071569 0.0200071569 8.33551913
915 7627 20.007098 0.020007098 8.33551913
915 7627 20.0071132 0.0200071132 8.33551913
915 7627 20.0071029 0.0200071029 8.33551913
915 7627 20.0071514 0.0200071514 8.33551913
915 7627 20.007104 0.020007104 8.33551913
915 7627 20.0071119 0.0200071119 8.33551913
915 7627 20.0071036 0.0200071036 8.33551913
914 7606 19.9416862 0.0199416862 8.32166302
914 7606 19.9365984 0.0199365984 8.32166302
914 7604 19.9464771 0.0199464771 8.31947484
914 7606 19.9264874 0.0199264874 8.32166302
914 7599 19.9506189 0.0199506189 8.31400438
914 7598 19.9505851 0.0199505851 8.31291028
914 7601 19.9259727 0.0199259727 8.31619256
914 7602 19.9393906 0.0199393906 8.31728665
914 7601 19.9444699 0.0199444699 8.31619256
914 7600 19.949926 0.019949926 8.31509847
913 7580 19.8925003 0.0198925003 8.30230011
913 7580 19.8920406 0.0198920406 8.30230011
913 7580 19.8924965 0.0198924965 8.30230011
913 7580 19.8925161 0.0198925161 8.30230011
913 7580 19.8925153 0.0198925153 8.30230011
913 7580 19.8925183 0.0198925183 8.30230011
913 7580 19.892521 0.019892521 8.30230011
913 7580 19.8925205 0.0198925205 8.30230011
913 7580 19.8925211 0.0198925211 8.30230011
913 7580 19.8925211 0.0198925211 8.30230011
912 7562 19.8290099 0.0198290099 8.29166667
912 7562 19.8286541 0.0198286541 8.29166667
912 7562 19.8288027 0.0198288027 8.29166667
912 7562 19.8289357 0.0198289357 8.29166667
912 7562 19.8291756 0.0198291756 8.29166667
912 7562 19.8291725 0.0198291725 8.29166667
912 7562 19.8291711 0.0198291711 8.29166667
912 7562 19.8291627 0.0198291627 8.29166667
912 7562 19.8291632 0.0198291632 8.29166667
912 7562 19.8291637 0.0198291637 8.29166667
911 7543 19.7646304 0.0197646304 8.27991218
911 7543 19.7642696 0.0197642696 8.27991218
911 7543 19.7641717 0.0197641717 8.27991218
911 7546 19.7633647 0.0197633647 8.28320527
911 7545 19.765935 0.019765935 8.28210757
911 7545 19.7657098 0.0197657098 8.28210757
911 7552 19.7663454 0.0197663454 8.28979144
911 7549 19.7646097 0.0197646097 8.28649835
911 7545 19.7654787 0.0197654787 8.28210757
911 7552 19.7663351 0.0197663351 8.28979144
910 7533 19.7051488 0.0197051488 8.27802198
910 7533 19.7052741 0.0197052741 8.27802198
910 7533 19.7052774 0.0197052774 8.27802198
910 7533 19.7053257 0.0197053257 8.27802198
910 7533 19.7053259 0.0197053259 8.27802198
910 7533 19.7053246 0.0197053246 8.27802198
910 7533 19.7053245 0.0197053245 8.27802198
910 7533 19.7053251 0.0197053251 8.27802198
910 7533 19.7053252 0.0197053252 8.27802198
910 7533 19.7053252 0.0197053252 8.27802198
909 7515 19.6403116 0.0196403116 8.26732673
909 7515 19.6404917 0.0196404917 8.26732673
909 7515 19.6398625 0.0196398625 8.26732673
909 7515 19.6399263 0.0196399263 8.26732673
909 7515 19.6400832 0.0196400832 8.26732673
909 7515 19.6400744 0.0196400744 8.26732673
909 7515 19.6400634 0.0196400634 8.26732673
909 7515 19.6400631 0.0196400631 8.26732673
909 7515 19.640064 0.019640064 8.26732673
909 7515 19.6400642 0.0196400642 8.26732673
908 7492 19.5731488 0.0195731488 8.25110132
908 7492 19.5729412 0.0195729412 8.25110132
908 7498 19.5706588 0.0195706588 8.25770925
908 7492 19.5730868 0.0195730868 8.25110132
908 7492 19.5731844 0.0195731844 8.25110132
908 7492 19.5731354 0.0195731354 8.25110132
908 7492 19.5731324 0.0195731324 8.25110132
908 7492 19.573118 0.019573118 8.25110132
908 7492 19.573121 0.019573121 8.25110132
908 7492 19.5731209 0.0195731209 8.25110132
907 7475 19.5080954 0.0195080954 8.24145535
907 7475 19.5084079 0.0195084079 8.24145535
907 7475 19.5084367 0.0195084367 8.24145535
907 7475 19.5082967 0.0195082967 8.24145535
907 7475 19.5084896 0.0195084896 8.24145535
907 7475 19.5084443 0.0195084443 8.24145535
907 7475 19.5083004 0.0195083004 8.24145535
907 7475 19.5083314 0.0195083314 8.24145535
907 7475 19.5084336 0.0195084336 8.24145535
907 7475 19.5086704 0.0195086704 8.24145535
906 7452 19.440736 0.019440736 8.22516556
906 7452 19.4405469 0.0194405469 8.22516556
906 7452 19.4405998 0.0194405998 8.22516556
906 7452 19.4405919 0.0194405919 8.22516556
906 7452 19.4405896 0.0194405896 8.22516556
906 7452 19.4405867 0.0194405867 8.22516556
906 7452 19.4405861 0.0194405861 8.22516556
906 7452 19.4405866 0.0194405866 8.22516556
906 7452 19.4405866 0.0194405866 8.22516556
906 7452 19.4405866 0.0194405866 8.22516556
905 7435 19.3718521 0.0193718521 8.21546961
905 7435 19.3717795 0.0193717795 8.21546961
905 7435 19.3721698 0.0193721698 8.21546961
905 7435 19.371621 0.019371621 8.21546961
905 7435 19.3720884 0.0193720884 8.21546961
905 7435 19.371642 0.019371642 8.21546961
905 7435 19.3720784 0.0193720784 8.21546961
905 7435 19.3716379 0.0193716379 8.21546961
905 7435 19.3720795 0.0193720795 8.21546961
905 7435 19.371638 0.019371638 8.21546961
904 7415 19.3008013 0.0193008013 8.20243363
904 7416 19.2887225 0.0192887225 8.20353982
904 7415 19.3007407 0.0193007407 8.20243363
904 7415 19.3009958 0.0193009958 8.20243363
904 7415 19.3010274 0.0193010274 8.20243363
904 7415 19.3010153 0.0193010153 8.20243363
904 7415 19.301011 0.019301011 8.20243363
904 7415 19.3010074 0.0193010074 8.20243363
904 7415 19.3010071 0.0193010071 8.20243363
904 7415 19.3010071 0.0193010071 8.20243363
903 7396 19.2319921 0.0192319921 8.19047619
903 7388 19.228717 0.019228717 8.18161683
903 7386 19.2322897 0.0192322897 8.17940199
903 7392 19.2317008 0.0192317008 8.18604651
903 7392 19.2313911 0.0192313911 8.18604651
903 7392 19.2314246 0.0192314246 8.18604651
903 7392 19.2314217 0.0192314217 8.18604651
903 7392 19.2314321 0.0192314321 8.18604651
903 7392 19.2314338 0.0192314338 8.18604651
903 7392 19.2314323 0.0192314323 8.18604651
902 7369 19.1649682 0.0191649682 8.16962306
902 7369 19.1644605 0.0191644605 8.16962306
902 7369 19.1644505 0.0191644505 8.16962306
902 7369 19.1644976 0.0191644976 8.16962306
902 7369 19.1645355 0.0191645355 8.16962306
902 7369 19.1645363 0.0191645363 8.16962306
902 7369 19.1645355 0.0191645355 8.16962306
902 7369 19.1645355 0.0191645355 8.16962306
902 7369 19.1645356 0.0191645356 8.16962306
902 7369 19.1645355 0.0191645355 8.16962306
901 7343 19.0945996 0.0190945996 8.14983352
901 7343 19.0947254 0.0190947254 8.14983352
901 7344 19.0974753 0.0190974753 8.1509434
901 7344 19.0971278 0.0190971278 8.1509434
901 7344 19.0971103 0.0190971103 8.1509434
901 7344 19.0976504 0.0190976504 8.1509434
901 7344 19.0977115 0.0190977115 8.1509434
901 7344 19.0976867 0.0190976867 8.1509434
901 7344 19.0976808 0.0190976808 8.1509434
901 7344 19.0976802 0.0190976802 8.1509434
900 7321 19.028872 0.019028872 8.13444444
900 7321 19.0272034 0.0190272034 8.13444444
900 7321 19.0285641 0.0190285641 8.13444444
900 7321 19.0270987 0.0190270987 8.13444444
900 7321 19.0285978 0.0190285978 8.13444444
900 7321 19.0270922 0.0190270922 8.13444444
900 7321 19.0272562 0.0190272562 8.13444444
900 7321 19.027253 0.019027253 8.13444444
900 7321 19.0272288 0.0190272288 8.13444444
900 7321 19.0272235 0.0190272235 8.13444444
899 7298 18.9598382 0.0189598382 8.11790879
899 7298 18.9597392 0.0189597392 8.11790879
899 7298 18.9598126 0.0189598126 8.11790879
899 7298 18.9598369 0.0189598369 8.11790879
899 7298 18.9598484 0.0189598484 8.11790879
899 7298 18.9598483 0.0189598483 8.11790879
899 7298 18.9598495 0.0189598495 8.11790879
899 7298 18.9598496 0.0189598496 8.11790879
899 7298 18.9598495 0.0189598495 8.11790879
899 7298 18.9598495 0.0189598495 8.11790879
898 7281 18.889381 0.018889381 8.10801782
898 7272 18.8890684 0.0188890684 8.09799555
898 7281 18.8892039 0.0188892039 8.10801782
898 7281 18.8891164 0.0188891164 8.10801782
898 7281 18.8890332 0.0188890332 8.10801782
898 7281 18.8890576 0.0188890576 8.10801782
898 7281 18.8890717 0.0188890717 8.10801782
898 7281 18.8890725 0.0188890725 8.10801782
898 7281 18.8890732 0.0188890732 8.10801782
898 7281 18.8890728 0.0188890728 8.10801782
897 7255 18.8177755 0.0188177755 8.08807135
897 7255 18.8181732 0.0188181732 8.08807135
897 7255 18.8184444 0.0188184444 8.08807135
897 7257 18.8153955 0.0188153955 8.090301
897 7265 18.8174302 0.0188174302 8.09921962
897 7258 18.8217065 0.0188217065 8.09141583
897 7258 18.8217903 0.0188217903 8.09141583
897 7256 18.8176981 0.0188176981 8.08918618
897 7255 18.8217029 0.0188217029 8.08807135
897 7258 18.8218885 0.0188218885 8.09141583
896 7232 18.7537292 0.0187537292 8.07142857
896 7232 18.7540048 0.0187540048 8.07142857
896 7232 18.7537309 0.0187537309 8.07142857
896 7232 18.7542596 0.0187542596 8.07142857
896 7232 18.7538556 0.0187538556 8.07142857
896 7232 18.7542964 0.0187542964 8.07142857
896 7232 18.7538554 0.0187538554 8.07142857
896 7232 18.7542996 0.0187542996 8.07142857
896 7232 18.753855 0.018753855 8.07142857
896 7232 18.7542994 0.0187542994 8.07142857
895 7219 18.6866353 0.0186866353 8.06592179
895 7211 18.6788325 0.0186788325 8.05698324
895 7224 18.6921655 0.0186921655 8.07150838
895 7227 18.6841572 0.0186841572 8.07486034
895 7228 18.6899456 0.0186899456 8.07597765
895 7227 18.6734393 0.0186734393 8.07486034
895 7221 18.6896473 0.0186896473 8.06815642
895 7218 18.6802793 0.0186802793 8.06480447
895 7225 18.6954998 0.0186954998 8.0726257
895 7225 18.6952946 0.0186952946 8.0726257
894 7202 18.6281386 0.0186281386 8.05592841
894 7202 18.628157 0.018628157 8.05592841
894 7202 18.6281242 0.0186281242 8.05592841
894 7202 18.6281302 0.0186281302 8.05592841
894 7202 18.6281101 0.0186281101 8.05592841
894 7202 18.6281141 0.0186281141 8.05592841
894 7202 18.6281114 0.0186281114 8.05592841
894 7202 18.6281127 0.0186281127 8.05592841
894 7202 18.6281128 0.0186281128 8.05592841
894 7202 18.6281127 0.0186281127 8.05592841
893 7190 18.5609973 0.0185609973 8.05151176
893 7190 18.5609518 0.0185609518 8.05151176
893 7190 18.5607063 0.0185607063 8.05151176
893 7190 18.5605072 0.0185605072 8.05151176
893 7190 18.5602762 0.0185602762 8.05151176
893 7190 18.5603525 0.0185603525 8.05151176
893 7190 18.5603411 0.0185603411 8.05151176
893 7190 18.5603413 0.0185603413 8.05151176
893 7190 18.5603412 0.0185603412 8.05151176
893 7190 18.5603404 0.0185603404 8.05151176
892 7174 18.491216 0.018491216 8.0426009
892 7174 18.4920244 0.0184920244 8.0426009
892 7174 18.4915249 0.0184915249 8.0426009
892 7174 18.4917086 0.0184917086 8.0426009
892 7174 18.4918305 0.0184918305 8.0426009
892 7174 18.4916106 0.0184916106 8.0426009
892 7174 18.4915303 0.0184915303 8.0426009
892 7174 18.4915556 0.0184915556 8.0426009
892 7174 18.4918625 0.0184918625 8.0426009
892 7174 18.4916137 0.0184916137 8.0426009
891 7159 18.4202508 0.0184202508 8.03479237
891 7154 18.4195113 0.0184195113 8.0291807
891 7155 18.4279383 0.0184279383 8.03030303
891 7151 18.4272324 0.0184272324 8.02581369
891 7151 18.427131 0.018427131 8.02581369
891 7155 18.428237 0.018428237 8.03030303
891 7155 18.4279649 0.0184279649 8.03030303
891 7155 18.4278465 0.0184278465 8.03030303
891 7155 18.4278221 0.0184278221 8.03030303
891 7155 18.4278258 0.0184278258 8.03030303
890 7139 18.3606573 0.0183606573 8.02134831
890 7139 18.3610813 0.0183610813 8.02134831
890 7139 18.3611265 0.0183611265 8.02134831
890 7139 18.361131 0.018361131 8.02134831
890 7139 18.3611244 0.0183611244 8.02134831
890 7139 18.3611241 0.0183611241 8.02134831
890 7139 18.3611241 0.0183611241 8.02134831
890 7139 18.3611241 0.0183611241 8.02134831
890 7139 18.3611242 0.0183611242 8.02134831
890 7139 18.3611242 0.0183611242 8.02134831
889 7119 18.2927975 0.0182927975 8.00787402
889 7117 18.2865139 0.0182865139 8.0056243
889 7113 18.2959832 0.0182959832 8.00112486
889 7120 18.2977171 0.0182977171 8.00899888
889 7114 18.2966325 0.0182966325 8.00224972
889 7115 18.2950325 0.0182950325 8.00337458
889 7109 18.2959264 0.0182959264 7.99662542
889 7124 18.3076046 0.0183076046 8.01349831
889 7127 18.3120638 0.0183120638 8.01687289
889 7127 18.2995418 0.0182995418 8.01687289
888 7103 18.2462644 0.0182462644 7.99887387
888 7103 18.2458504 0.0182458504 7.99887387
888 7103 18.2462716 0.0182462716 7.99887387
888 7107 18.2310069 0.0182310069 8.00337838
888 7114 18.243005 0.018243005 8.01126126
888 7108 18.2418291 0.0182418291 8.0045045
888 7103 18.2463069 0.0182463069 7.99887387
888 7103 18.2463107 0.0182463107 7.99887387
888 7103 18.2460955 0.0182460955 7.99887387
888 7103 18.246044 0.018246044 7.99887387
887 7082 18.1775078 0.0181775078 7.98421646
887 7090 18.1810433 0.0181810433 7.99323563
887 7094 18.1786858 0.0181786858 7.99774521
887 7092 18.2010597 0.0182010597 7.99549042
887 7081 18.2028086 0.0182028086 7.98308906
887 7082 18.1941725 0.0181941725 7.98421646
887 7085 18.2131724 0.0182131724 7.98759865
887 7096 18.2122128 0.0182122128 8
887 7093 18.2241946 0.0182241946 7.99661781
887 7090 18.1808584 0.0181808584 7.99323563
886 7071 18.1641949 0.0181641949 7.98081264
886 7071 18.1640041 0.0181640041 7.98081264
886 7071 18.1637924 0.0181637924 7.98081264
886 7071 18.163837 0.018163837 7.98081264
886 7071 18.1638738 0.0181638738 7.98081264
886 7071 18.1638819 0.0181638819 7.98081264
886 7071 18.1638824 0.0181638824 7.98081264
886 7071 18.1638826 0.0181638826 7.98081264
886 7071 18.1638824 0.0181638824 7.98081264
886 7071 18.1638823 0.0181638823 7.98081264
885 7046 18.1012478 0.0181012478 7.96158192
885 7046 18.1018276 0.0181018276 7.96158192
885 7046 18.1019183 0.0181019183 7.96158192
885 7046 18.1019003 0.0181019003 7.96158192
885 7046 18.1019015 0.0181019015 7.96158192
885 7046 18.101901 0.018101901 7.96158192
885 7046 18.1019007 0.0181019007 7.96158192
885 7046 18.1019007 0.0181019007 7.96158192
885 7046 18.1019007 0.0181019007 7.96158192
885 7046 18.1019007 0.0181019007 7.96158192
884 7031 18.0379516 0.0180379516 7.95361991
884 7031 18.0376474 0.0180376474 7.95361991
884 7031 18.0375041 0.0180375041 7.95361991
884 7028 18.0374812 0.0180374812 7.95022624
884 7038 18.0358 0.0180358 7.96153846
884 7025 18.0344383 0.0180344383 7.94683258
884 7031 18.0376325 0.0180376325 7.95361991
884 7025 18.0100378 0.0180100378 7.94683258
884 7031 18.0374191 0.0180374191 7.95361991
884 7031 18.0375732 0.0180375732 7.95361991
883 7013 17.9754998 0.0179754998 7.94224236
883 7013 17.9756654 0.0179756654 7.94224236
883 7013 17.9753591 0.0179753591 7.94224236
883 7013 17.9753732 0.0179753732 7.94224236
883 7013 17.9755349 0.0179755349 7.94224236
883 7013 17.9754843 0.0179754843 7.94224236
883 7013 17.9753413 0.0179753413 7.94224236
883 7013 17.9754098 0.0179754098 7.94224236
883 7013 17.9755447 0.0179755447 7.94224236
883 7013 17.9754857 0.0179754857 7.94224236
882 6997 17.9126983 0.0179126983 7.93310658
882 6997 17.9130013 0.0179130013 7.93310658
882 6997 17.912867 0.017912867 7.93310658
882 6997 17.9126825 0.0179126825 7.93310658
882 6992 17.9086788 0.0179086788 7.92743764
882 7002 17.9121484 0.0179121484 7.93877551
882 7002 17.9124836 0.0179124836 7.93877551
882 7002 17.9123403 0.0179123403 7.93877551
882 7002 17.9123931 0.0179123931 7.93877551
882 6995 17.9137207 0.0179137207 7.930839
881 6974 17.8484759 0.0178484759 7.91600454
881 6977 17.8499511 0.0178499511 7.91940976
881 6977 17.8345229 0.0178345229 7.91940976
881 6970 17.8484679 0.0178484679 7.91146425
881 6984 17.8497801 0.0178497801 7.92735528
881 6974 17.8499351 0.0178499351 7.91600454
881 6982 17.8254491 0.0178254491 7.92508513
881 6984 17.848714 0.017848714 7.92735528
881 6977 17.8514613 0.0178514613 7.91940976
881 6974 17.8216329 0.0178216329 7.91600454
880 6959 17.7915935 0.0177915935 7.90795455
880 6959 17.7917745 0.0177917745 7.90795455
880 6959 17.7917673 0.0177917673 7.90795455
880 6954 17.7690473 0.0177690473 7.90227273
880 6959 17.7917559 0.0177917559 7.90795455
880 6959 17.791875 0.017791875 7.90795455
880 6959 17.7916438 0.0177916438 7.90795455
880 6959 17.7916131 0.0177916131 7.90795455
880 6960 17.782922 0.017782922 7.90909091
880 6955 17.7543556 0.0177543556 7.90340909
879 6938 17.7280511 0.0177280511 7.8930603
879 6938 17.7282361 0.0177282361 7.8930603
879 6938 17.7280427 0.0177280427 7.8930603
879 6938 17.7279118 0.0177279118 7.8930603
879 6938 17.7279161 0.0177279161 7.8930603
879 6938 17.7279097 0.0177279097 7.8930603
879 6938 17.7279089 0.0177279089 7.8930603
879 6938 17.7279094 0.0177279094 7.8930603
879 6938 17.7279095 0.0177279095 7.8930603
879 6938 17.7279095 0.0177279095 7.8930603
878 6922 17.6673761 0.0176673761 7.88382688
878 6922 17.6676551 0.0176676551 7.88382688
878 6922 17.6676913 0.0176676913 7.88382688
878 6922 17.6676389 0.0176676389 7.88382688
878 6922 17.6676185 0.0176676185 7.88382688
878 6922 17.6676166 0.0176676166 7.88382688
878 6922 17.667616 0.017667616 7.88382688
878 6922 17.6676158 0.0176676158 7.88382688
878 6922 17.6676158 0.0176676158 7.88382688
878 6922 17.6676158 0.0176676158 7.88382688
877 6900 17.6036375 0.0176036375 7.8677309
877 6901 17.6023808 0.0176023808 7.86887115
877 6908 17.5963479 0.0175963479 7.87685291
877 6903 17.6031014 0.0176031014 7.87115165
877 6903 17.6027088 0.0176027088 7.87115165
877 6903 17.6026221 0.0176026221 7.87115165
877 6903 17.6025978 0.0176025978 7.87115165
877 6903 17.6025895 0.0176025895 7.87115165
877 6903 17.6025867 0.0176025867 7.87115165
877 6903 17.6025878 0.0176025878 7.87115165
876 6887 17.5429939 0.0175429939 7.86187215
876 6887 17.5430473 0.0175430473 7.86187215
876 6887 17.5430454 0.0175430454 7.86187215
876 6887 17.5430394 0.0175430394 7.86187215
876 6887 17.5430386 0.0175430386 7.86187215
876 6887 17.5430335 0.0175430335 7.86187215
876 6887 17.5430359 0.0175430359 7.86187215
876 6887 17.5430362 0.0175430362 7.86187215
876 6887 17.5430364 0.0175430364 7.86187215
876 6887 17.5430364 0.0175430364 7.86187215
875 6871 17.4822144 0.0174822144 7.85257143
875 6871 17.4825587 0.0174825587 7.85257143
875 6871 17.4823949 0.0174823949 7.85257143
875 6871 17.4823843 0.0174823843 7.85257143
875 6871 17.4823765 0.0174823765 7.85257143
875 6871 17.4823709 0.0174823709 7.85257143
875 6871 17.4823719 0.0174823719 7.85257143
875 6871 17.4823724 0.0174823724 7.85257143
875 6871 17.4823725 0.0174823725 7.85257143
875 6871 17.4823727 0.0174823727 7.85257143
874 6849 17.4208569 0.0174208569 7.83638444
874 6849 17.420872 0.017420872 7.83638444
874 6849 17.420805 0.017420805 7.83638444
874 6849 17.4207582 0.0174207582 7.83638444
874 6849 17.4206679 0.0174206679 7.83638444
874 6849 17.4209465 0.0174209465 7.83638444
874 6849 17.4205939 0.0174205939 7.83638444
874 6849 17.4207629 0.0174207629 7.83638444
874 6849 17.4206601 0.0174206601 7.83638444
874 6849 17.4209416 0.0174209416 7.83638444
873 6828 17.359117 0.017359117 7.82130584
873 6831 17.3585049 0.0173585049 7.82474227
873 6828 17.3588944 0.0173588944 7.82130584
873 6828 17.3588112 0.0173588112 7.82130584
873 6828 17.3587876 0.0173587876 7.82130584
873 6828 17.3587793 0.0173587793 7.82130584
873 6828 17.3587815 0.0173587815 7.82130584
873 6828 17.3587823 0.0173587823 7.82130584
873 6828 17.3587821 0.0173587821 7.82130584
873 6828 17.3587821 0.0173587821 7.82130584
872 6810 17.2984773 0.0172984773 7.80963303
872 6810 17.2981282 0.0172981282 7.80963303
872 6811 17.2961183 0.0172961183 7.81077982
872 6810 17.2983858 0.0172983858 7.80963303
872 6810 17.2979979 0.0172979979 7.80963303
872 6810 17.2979881 0.0172979881 7.80963303
872 6810 17.2979936 0.0172979936 7.80963303
872 6810 17.2979902 0.0172979902 7.80963303
872 6810 17.2979909 0.0172979909 7.80963303
872 6810 17.2979904 0.0172979904 7.80963303
871 6793 17.2361913 0.0172361913 7.79908152
871 6793 17.2369462 0.0172369462 7.79908152
871 6793 17.2364474 0.0172364474 7.79908152
871 6793 17.2369292 0.0172369292 7.79908152
871 6793 17.2364318 0.0172364318 7.79908152
871 6793 17.2369206 0.0172369206 7.79908152
871 6793 17.2364357 0.0172364357 7.79908152
871 6793 17.2369197 0.0172369197 7.79908152
871 6793 17.2364352 0.0172364352 7.79908152
871 6793 17.2369196 0.0172369196 7.79908152
870 6776 17.174049 0.017174049 7.78850575
870 6771 17.1732376 0.0171732376 7.78275862
870 6771 17.1726194 0.0171726194 7.78275862
870 6776 17.1711056 0.0171711056 7.78850575
870 6772 17.1742329 0.0171742329 7.78390805
870 6771 17.1705275 0.0171705275 7.78275862
870 6771 17.1699826 0.0171699826 7.78275862
870 6772 17.1739883 0.0171739883 7.78390805
870 6772 17.1761038 0.0171761038 7.78390805
870 6772 17.1760531 0.0171760531 7.78390805
869 6756 17.1123262 0.0171123262 7.77445339
869 6754 17.1137918 0.0171137918 7.7721519
869 6756 17.112569 0.017112569 7.77445339
869 6756 17.1127171 0.0171127171 7.77445339
869 6756 17.1123451 0.0171123451 7.77445339
869 6756 17.1121791 0.0171121791 7.77445339
869 6756 17.1127436 0.0171127436 7.77445339
869 6756 17.1123753 0.0171123753 7.77445339
869 6756 17.1121484 0.0171121484 7.77445339
869 6756 17.1127509 0.0171127509 7.77445339
868 6738 17.0529371 0.0170529371 7.76267281
868 6739 17.0511328 0.0170511328 7.76382488
868 6739 17.0507432 0.0170507432 7.76382488
868 6739 17.0506388 0.0170506388 7.76382488
868 6739 17.0506137 0.0170506137 7.76382488
868 6739 17.0506091 0.0170506091 7.76382488
868 6739 17.0506107 0.0170506107 7.76382488
868 6739 17.0506105 0.0170506105 7.76382488
868 6739 17.0506114 0.0170506114 7.76382488
868 6739 17.0506117 0.0170506117 7.76382488
867 6721 16.9909903 0.0169909903 7.75201845
867 6721 16.9910565 0.0169910565 7.75201845
867 6721 16.9884833 0.0169884833 7.75201845
867 6721 16.9916169 0.0169916169 7.75201845
867 6721 16.9912948 0.0169912948 7.75201845
867 6721 16.9912603 0.0169912603 7.75201845
867 6721 16.991264 0.016991264 7.75201845
867 6721 16.9913006 0.0169913006 7.75201845
867 6721 16.9912821 0.0169912821 7.75201845
867 6721 16.9912908 0.0169912908 7.75201845
866 6703 16.9298701 0.0169298701 7.74018476
866 6703 16.9298987 0.0169298987 7.74018476
866 6703 16.9301358 0.0169301358 7.74018476
866 6703 16.9301694 0.0169301694 7.74018476
866 6703 16.9301796 0.0169301796 7.74018476
866 6703 16.9301836 0.0169301836 7.74018476
866 6703 16.9301821 0.0169301821 7.74018476
866 6703 16.9301824 0.0169301824 7.74018476
866 6703 16.9301823 0.0169301823 7.74018476
866 6703 16.9301823 0.0169301823 7.74018476
865 6686 16.8680722 0.0168680722 7.72947977
865 6686 16.8681341 0.0168681341 7.72947977
865 6686 16.8684058 0.0168684058 7.72947977
865 6681 16.8657177 0.0168657177 7.72369942
865 6686 16.8582689 0.0168582689 7.72947977
865 6682 16.8655836 0.0168655836 7.72485549
865 6683 16.8687874 0.0168687874 7.72601156
865 6680 16.878997 0.016878997 7.72254335
865 6684 16.871232 0.016871232 7.72716763
865 6684 16.8716571 0.0168716571 7.72716763
864 6663 16.8232973 0.0168232973 7.71180556
864 6665 16.7798666 0.0167798666 7.71412037
864 6664 16.8016568 0.0168016568 7.71296296
864 6665 16.7922741 0.0167922741 7.71412037
864 6668 16.8125934 0.0168125934 7.71759259
864 6663 16.8098134 0.0168098134 7.71180556
864 6667 16.8277346 0.0168277346 7.71643519
864 6669 16.8053796 0.0168053796 7.71875
864 6668 16.8271991 0.0168271991 7.71759259
864 6664 16.828394 0.016828394 7.71296296
863 6650 16.7758085 0.0167758085 7.70567787
863 6649 16.7744379 0.0167744379 7.70451912
863 6647 16.7716315 0.0167716315 7.70220162
863 6652 16.7687272 0.0167687272 7.70799537
863 6648 16.794316 0.016794316 7.70336037
863 6641 16.7681595 0.0167681595 7.69524913
863 6643 16.7836015 0.0167836015 7.69756663
863 6646 16.7925028 0.0167925028 7.70104287
863 6644 16.7504004 0.0167504004 7.69872538
863 6645 16.7775382 0.0167775382 7.69988413
862 6626 16.7352144 0.0167352144 7.68677494
862 6619 16.7067862 0.0167067862 7.67865429
862 6618 16.6893381 0.0166893381 7.6774942
862 6621 16.7414391 0.0167414391 7.68097448
861 6604 16.6839617 0.0166839617 7.67015099
861 6604 16.6838697 0.0166838697 7.67015099
861 6602 16.6604531 0.0166604531 7.66782811
861 6604 16.6839513 0.0166839513 7.67015099
861 6604 16.6839038 0.0166839038 7.67015099
861 6604 16.6839956 0.0166839956 7.67015099
860 6583 16.6241153 0.0166241153 7.65465116
860 6583 16.6241647 0.0166241647 7.65465116
860 6583 16.6241281 0.0166241281 7.65465116
860 6583 16.6237197 0.0166237197 7.65465116
860 6583 16.6236993 0.0166236993 7.65465116
860 6583 16.6236314 0.0166236314 7.65465116
860 6585 16.6248035 0.0166248035 7.65697674
860 6577 16.6248551 0.0166248551 7.64767442
860 6577 16.615505 0.016615505 7.64767442
860 6579 16.6252032 0.0166252032 7.65
859 6563 16.5678621 0.0165678621 7.64027939
859 6566 16.530429 0.016530429 7.64377183
859 6562 16.5442756 0.0165442756 7.63911525
859 6556 16.5615445 0.0165615445 7.63213038
859 6560 16.5288357 0.0165288357 7.63678696
859 6563 16.5267101 0.0165267101 7.64027939
859 6561 16.5564034 0.0165564034 7.63795111
859 6568 16.5440705 0.0165440705 7.64610012
859 6560 16.5634088 0.0165634088 7.63678696
859 6562 16.5421909 0.0165421909 7.63911525
858 6545 16.5100816 0.0165100816 7.62820513
858 6545 16.5100045 0.0165100045 7.62820513
858 6545 16.5098974 0.0165098974 7.62820513
858 6545 16.5099214 0.0165099214 7.62820513
858 6545 16.5099488 0.0165099488 7.62820513
858 6545 16.5100032 0.0165100032 7.62820513
858 6545 16.5098989 0.0165098989 7.62820513
858 6545 16.5099483 0.0165099483 7.62820513
858 6545 16.5100051 0.0165100051 7.62820513
858 6545 16.509898 0.016509898 7.62820513
857 6527 16.4505317 0.0164505317 7.61610268
857 6524 16.4505576 0.0164505576 7.6126021
857 6521 16.4229198 0.0164229198 7.60910152
857 6520 16.4225546 0.0164225546 7.60793466
857 6515 16.4370649 0.0164370649 7.60210035
857 6517 16.457795 0.016457795 7.60443407
857 6519 16.4623372 0.0164623372 7.60676779
857 6519 16.4624481 0.0164624481 7.60676779
857 6523 16.4441841 0.0164441841 7.61143524
857 6523 16.4239462 0.0164239462 7.61143524
856 6501 16.4059556 0.0164059556 7.59462617
856 6501 16.4039446 0.0164039446 7.59462617
856 6499 16.4162958 0.0164162958 7.59228972
856 6494 16.3943668 0.0163943668 7.5864486
856 6487 16.3911046 0.0163911046 7.57827103
856 6499 16.4164912 0.0164164912 7.59228972
856 6501 16.3822791 0.0163822791 7.59462617
856 6493 16.4124659 0.0164124659 7.58528037
856 6500 16.4140915 0.0164140915 7.59345794
856 6493 16.4163681 0.0164163681 7.58528037
855 6471 16.3642207 0.0163642207 7.56842105
855 6460 16.3711216 0.0163711216 7.55555556
855 6467 16.3623331 0.0163623331 7.56374269
855 6462 16.3650496 0.0163650496 7.55789474
855 6461 16.3301225 0.0163301225 7.55672515
855 6470 16.3484054 0.0163484054 7.56725146
855 6465 16.3578516 0.0163578516 7.56140351
855 6462 16.3357511 0.0163357511 7.55789474
855 6464 16.336895 0.016336895 7.56023392
855 6458 16.3724605 0.0163724605 7.55321637
854 6442 16.3160653 0.0163160653 7.54332553
854 6445 16.3156056 0.0163156056 7.54683841
854 6451 16.2705577 0.0162705577 7.55386417
854 6446 16.314472 0.016314472 7.54800937
854 6445 16.3209914 0.0163209914 7.54683841
854 6445 16.3208623 0.0163208623 7.54683841
854 6445 16.3207684 0.0163207684 7.54683841
854 6445 16.3207932 0.0163207932 7.54683841
854 6445 16.3209148 0.0163209148 7.54683841
854 6445 16.3208459 0.0163208459 7.54683841
853 6430 16.2608427 0.0162608427 7.53810082
853 6430 16.2609403 0.0162609403 7.53810082
853 6430 16.2608226 0.0162608226 7.53810082
853 6430 16.260908 0.016260908 7.53810082
853 6430 16.2608919 0.0162608919 7.53810082
853 6430 16.2608804 0.0162608804 7.53810082
853 6430 16.2608845 0.0162608845 7.53810082
853 6430 16.2608852 0.0162608852 7.53810082
853 6430 16.2608849 0.0162608849 7.53810082
853 6430 16.2608848 0.0162608848 7.53810082
852 6415 16.2024234 0.0162024234 7.52934272
852 6414 16.2024256 0.0162024256 7.52816901
852 6419 16.202915 0.016202915 7.53403756
852 6418 16.2053163 0.0162053163 7.53286385
852 6416 16.2152477 0.0162152477 7.53051643
852 6416 16.2189886 0.0162189886 7.53051643
852 6416 16.1824331 0.0161824331 7.53051643
852 6422 16.2129126 0.0162129126 7.53755869
852 6416 16.1838637 0.0161838637 7.53051643
852 6413 16.1939939 0.0161939939 7.52699531
851 6400 16.1655269 0.0161655269 7.52056404
851 6404 16.1573495 0.0161573495 7.52526439
851 6400 16.116835 0.016116835 7.52056404
851 6409 16.15249 0.01615249 7.53113984
851 6403 16.1613557 0.0161613557 7.52408931
851 6407 16.1447746 0.0161447746 7.52878966
851 6404 16.1708459 0.0161708459 7.52526439
851 6410 16.1588276 0.0161588276 7.53231492
851 6404 16.170877 0.016170877 7.52526439
851 6405 16.1710188 0.0161710188 7.52643948
850 6390 16.1174981 0.0161174981 7.51764706
850 6390 16.1065821 0.0161065821 7.51764706
850 6396 16.0991953 0.0160991953 7.52470588
850 6393 16.0746561 0.0160746561 7.52117647
850 6394 16.0922522 0.0160922522 7.52235294
850 6390 16.1022643 0.0161022643 7.51764706
850 6399 16.0708811 0.0160708811 7.52823529
850 6392 16.1047566 0.0161047566 7.52
850 6391 16.0978118 0.0160978118 7.51882353
850 6390 16.1173046 0.0161173046 7.51764706
849 6367 16.0621646 0.0160621646 7.49941107
849 6367 16.0624255 0.0160624255 7.49941107
849 6376 16.0307888 0.0160307888 7.51001178
849 6374 16.0288893 0.0160288893 7.50765607
849 6373 16.0581578 0.0160581578 7.50647821
849 6368 16.0222333 0.0160222333 7.50058893
849 6375 16.0247323 0.0160247323 7.50883392
849 6372 16.0433616 0.0160433616 7.50530035
849 6362 16.0547356 0.0160547356 7.49352179
849 6362 16.0414158 0.0160414158 7.49352179
848 6351 16.0070807 0.0160070807 7.48938679
848 6351 16.0067273 0.0160067273 7.48938679
848 6351 16.0070826 0.0160070826 7.48938679
848 6351 16.0069309 0.0160069309 7.48938679
848 6351 16.0068842 0.0160068842 7.48938679
848 6351 16.0069059 0.0160069059 7.48938679
848 6351 16.0069134 0.0160069134 7.48938679
848 6351 16.0069108 0.0160069108 7.48938679
848 6351 16.0069101 0.0160069101 7.48938679
848 6351 16.0069109 0.0160069109 7.48938679
847 6336 15.951231 0.015951231 7.48051948
847 6338 15.9530306 0.0159530306 7.48288076
847 6340 15.9691547 0.0159691547 7.48524203
847 6342 15.922647 0.015922647 7.48760331
847 6342 15.9686625 0.0159686625 7.48760331
847 6346 15.9452067 0.0159452067 7.49232586
847 6337 15.9562153 0.0159562153 7.48170012
847 6342 15.9693137 0.0159693137 7.48760331
847 6339 15.9703214 0.0159703214 7.48406139
846 6323 15.9188903 0.0159188903 7.47399527
845 6302 15.8674811 0.0158674811 7.45798817
845 6304 15.8621766 0.0158621766 7.46035503
845 6299 15.869647 0.015869647 7.45443787
845 6296 15.8365518 0.0158365518 7.45088757
845 6304 15.8622669 0.0158622669 7.46035503
845 6306 15.8827114 0.0158827114 7.46272189
845 6311 15.8368869 0.0158368869 7.46863905
845 6315 15.8652091 0.0158652091 7.47337278
844 6295 15.8299683 0.0158299683 7.45853081
844 6286 15.8403989 0.0158403989 7.4478673
843 6266 15.788334 0.015788334 7.43297746
842 6250 15.7392445 0.0157392445 7.42280285
842 6247 15.739938 0.015739938 7.4192399
842 6242 15.7266931 0.0157266931 7.41330166
842 6250 15.7025222 0.0157025222 7.42280285
842 6248 15.7389446 0.0157389446 7.42042755
842 6254 15.7366239 0.0157366239 7.42755344
842 6246 15.7272531 0.0157272531 7.41805226
842 6250 15.7399018 0.0157399018 7.42280285
842 6246 15.7327241 0.0157327241 7.41805226
841 6232 15.6942226 0.0156942226 7.41022592
841 6230 15.6831293 0.0156831293 7.4078478
841 6230 15.6939855 0.0156939855 7.4078478
841 6236 15.687243 0.015687243 7.41498216
841 6230 15.6944785 0.0156944785 7.4078478
841 6235 15.6899518 0.0156899518 7.4137931
841 6232 15.6933475 0.0156933475 7.41022592
841 6229 15.7184434 0.0157184434 7.40665874
841 6237 15.7139919 0.0157139919 7.41617122
841 6238 15.731716 0.015731716 7.41736029
840 6221 15.6873685 0.0156873685 7.40595238
840 6221 15.6635082 0.0156635082 7.40595238
840 6211 15.6970097 0.0156970097 7.39404762
840 6205 15.6958044 0.0156958044 7.38690476
840 6211 15.6848995 0.0156848995 7.39404762
840 6210 15.675064 0.015675064 7.39285714
840 6218 15.659645 0.015659645 7.40238095
840 6216 15.6880765 0.0156880765 7.4
840 6213 15.6519078 0.0156519078 7.39642857
840 6210 15.6883219 0.0156883219 7.39285714
839 6191 15.6482766 0.0156482766 7.37902265
839 6191 15.6481191 0.0156481191 7.37902265
839 6191 15.6484468 0.0156484468 7.37902265
839 6191 15.6480254 0.0156480254 7.37902265
839 6191 15.6478922 0.0156478922 7.37902265
839 6191 15.6480239 0.0156480239 7.37902265
839 6191 15.6484841 0.0156484841 7.37902265
839 6191 15.6480449 0.0156480449 7.37902265
839 6191 15.6478894 0.0156478894 7.37902265
839 6191 15.6480273 0.0156480273 7.37902265
838 6180 15.5958264 0.0155958264 7.37470167
838 6171 15.5951401 0.0155951401 7.36396181
838 6171 15.5954465 0.0155954465 7.36396181
838 6171 15.5947787 0.0155947787 7.36396181
838 6171 15.5952715 0.0155952715 7.36396181
838 6171 15.594742 0.015594742 7.36396181
838 6171 15.5952526 0.0155952526 7.36396181
838 6171 15.5947528 0.0155947528 7.36396181
838 6171 15.5952556 0.0155952556 7.36396181
838 6171 15.594754 0.015594754 7.36396181
837 6160 15.5431253 0.0155431253 7.35961768
837 6154 15.5427248 0.0155427248 7.35244922
837 6156 15.5271193 0.0155271193 7.35483871
837 6159 15.5452655 0.0155452655 7.35842294
836 6143 15.5029897 0.0155029897 7.34808612
836 6150 15.4754576 0.0154754576 7.35645933
836 6151 15.4870897 0.0154870897 7.3576555
836 6148 15.5043178 0.0155043178 7.35406699
836 6163 15.4606722 0.0154606722 7.37200957
836 6148 15.5008014 0.0155008014 7.35406699
835 6137 15.4547702 0.0154547702 7.3497006
835 6129 15.4406535 0.0154406535 7.34011976
835 6133 15.4453495 0.0154453495 7.34491018
835 6136 15.4498539 0.0154498539 7.34850299
835 6134 15.4512443 0.0154512443 7.34610778
834 6117 15.4058499 0.0154058499 7.33453237
834 6119 15.3847948 0.0153847948 7.33693046
834 6122 15.3801913 0.0153801913 7.34052758
834 6124 15.4043051 0.0154043051 7.34292566
834 6117 15.3909673 0.0153909673 7.33453237
833 6101 15.3568812 0.0153568812 7.32412965
833 6096 15.3613517 0.0153613517 7.31812725
833 6099 15.3208386 0.0153208386 7.32172869
833 6100 15.3364156 0.0153364156 7.32292917
833 6100 15.3649779 0.0153649779 7.32292917
833 6107 15.4100803 0.0154100803 7.33133253
833 6096 15.4028475 0.0154028475 7.31812725
833 6107 15.412875 0.015412875 7.33133253
833 6105 15.3833615 0.0153833615 7.32893157
833 6103 15.4057861 0.0154057861 7.32653061
832 6084 15.3727711 0.0153727711 7.3125
832 6074 15.3707291 0.0153707291 7.30048077
832 6078 15.3627199 0.0153627199 7.30528846
832 6077 15.3614475 0.0153614475 7.30408654
832 6079 15.3302521 0.0153302521 7.30649038
832 6081 15.3540309 0.0153540309 7.30889423
832 6072 15.3754789 0.0153754789 7.29807692
832 6074 15.3684804 0.0153684804 7.30048077
832 6074 15.3715734 0.0153715734 7.30048077
832 6073 15.382012 0.015382012 7.29927885
831 6053 15.3341896 0.0153341896 7.28399519
831 6051 15.3127412 0.0153127412 7.28158845
831 6055 15.3123669 0.0153123669 7.28640193
831 6058 15.3176377 0.0153176377 7.29001203
831 6054 15.332119 0.015332119 7.28519856
831 6062 15.2885296 0.0152885296 7.29482551
831 6052 15.3372457 0.0153372457 7.28279182
831 6053 15.3353538 0.0153353538 7.28399519
831 6050 15.3339601 0.0153339601 7.28038508
831 6057 15.2964733 0.0152964733 7.28880866
830 6033 15.2924595 0.0152924595 7.2686747
830 6039 15.2745546 0.0152745546 7.27590361
830 6035 15.2802774 0.0152802774 7.27108434
830 6043 15.2851948 0.0152851948 7.28072289
830 6038 15.2726464 0.0152726464 7.2746988
830 6039 15.2829316 0.0152829316 7.27590361
830 6045 15.2696156 0.0152696156 7.28313253
830 6037 15.2945682 0.0152945682 7.27349398
830 6037 15.2916793 0.0152916793 7.27349398
830 6037 15.2961734 0.0152961734 7.27349398
829 6015 15.2500047 0.0152500047 7.25572979
829 6023 15.2316147 0.0152316147 7.26537998
829 6019 15.2496752 0.0152496752 7.26055489
829 6021 15.215921 0.015215921 7.26296743
829 6015 15.2230013 0.0152230013 7.25572979
829 6022 15.2525239 0.0152525239 7.2641737
829 6021 15.255842 0.015255842 7.26296743
829 6024 15.2532253 0.0152532253 7.26658625
829 6026 15.2223412 0.0152223412 7.26899879
829 6027 15.2610478 0.0152610478 7.27020507
828 6010 15.2206667 0.0152206667 7.25845411
828 6012 15.2120076 0.0152120076 7.26086957
828 6006 15.2082578 0.0152082578 7.25362319
828 6006 15.2084663 0.0152084663 7.25362319
828 6011 15.220583 0.015220583 7.25966184
828 6006 15.2133247 0.0152133247 7.25362319
828 6005 15.2013065 0.0152013065 7.25241546
828 6005 15.2253163 0.0152253163 7.25241546
828 6010 15.2207135 0.0152207135 7.25845411
828 6012 15.1968184 0.0151968184 7.26086957
827 5991 15.1836313 0.0151836313 7.24425635
827 5990 15.1825311 0.0151825311 7.24304716
827 5988 15.1806427 0.0151806427 7.24062878
827 5997 15.1754516 0.0151754516 7.25151149
827 5991 15.183662 0.015183662 7.24425635
827 5994 15.1802675 0.0151802675 7.24788392
827 5990 15.1762338 0.0151762338 7.24304716
827 5988 15.168562 0.015168562 7.24062878
827 5985 15.1558069 0.0151558069 7.23700121
827 5990 15.1830873 0.0151830873 7.24304716
826 5974 15.1391142 0.0151391142 7.23244552
826 5974 15.1388818 0.0151388818 7.23244552
826 5974 15.1391064 0.0151391064 7.23244552
826 5974 15.1391231 0.0151391231 7.23244552
826 5974 15.1391098 0.0151391098 7.23244552
826 5974 15.1390981 0.0151390981 7.23244552
826 5974 15.1391018 0.0151391018 7.23244552
826 5974 15.1391012 0.0151391012 7.23244552
826 5974 15.139101 0.015139101 7.23244552
826 5974 15.139101 0.015139101 7.23244552
825 5956 15.0924945 0.0150924945 7.21939394
825 5956 15.0925008 0.0150925008 7.21939394
825 5960 15.0914501 0.0150914501 7.22424242
825 5956 15.0925043 0.0150925043 7.21939394
825 5956 15.0923347 0.0150923347 7.21939394
825 5956 15.0922664 0.0150922664 7.21939394
825 5956 15.0925504 0.0150925504 7.21939394
825 5956 15.0921365 0.0150921365 7.21939394
825 5956 15.0922176 0.0150922176 7.21939394
825 5956 15.0923024 0.0150923024 7.21939394
824 5942 15.0457662 0.0150457662 7.21116505
824 5942 15.0457897 0.0150457897 7.21116505
824 5942 15.0458134 0.0150458134 7.21116505
824 5942 15.045624 0.015045624 7.21116505
824 5942 15.0456258 0.0150456258 7.21116505
824 5942 15.0456231 0.0150456231 7.21116505
824 5942 15.0456246 0.0150456246 7.21116505
824 5942 15.045625 0.015045625 7.21116505
824 5942 15.0456249 0.0150456249 7.21116505
824 5942 15.045625 0.015045625 7.21116505
823 5924 15.0010914 0.0150010914 7.19805589
823 5924 15.0012615 0.0150012615 7.19805589
823 5924 15.0014869 0.0150014869 7.19805589
823 5924 15.0013205 0.0150013205 7.19805589
823 5924 15.0014629 0.0150014629 7.19805589
823 5924 15.001324 0.015001324 7.19805589
823 5924 15.0014618 0.0150014618 7.19805589
823 5924 15.0013257 0.0150013257 7.19805589
823 5924 15.0014623 0.0150014623 7.19805589
823 5924 15.0013259 0.0150013259 7.19805589
822 5907 14.9538406 0.0149538406 7.18613139
822 5907 14.9533993 0.0149533993 7.18613139
822 5908 14.9583319 0.0149583319 7.18734793
822 5907 14.9597673 0.0149597673 7.18613139
822 5911 14.9601435 0.0149601435 7.19099757
822 5907 14.9598392 0.0149598392 7.18613139
822 5907 14.9594745 0.0149594745 7.18613139
822 5907 14.9595383 0.0149595383 7.18613139
822 5907 14.9595064 0.0149595064 7.18613139
822 5907 14.9594597 0.0149594597 7.18613139
821 5893 14.9145117 0.0149145117 7.17783191
821 5893 14.9146554 0.0149146554 7.17783191
821 5893 14.9145212 0.0149145212 7.17783191
821 5893 14.9145177 0.0149145177 7.17783191
821 5893 14.9145326 0.0149145326 7.17783191
821 5893 14.9145355 0.0149145355 7.17783191
821 5893 14.9145352 0.0149145352 7.17783191
821 5893 14.9145348 0.0149145348 7.17783191
821 5893 14.9145347 0.0149145347 7.17783191
821 5893 14.9145347 0.0149145347 7.17783191
820 5873 14.8672707 0.0148672707 7.16219512
820 5878 14.8678685 0.0148678685 7.16829268
820 5878 14.8679773 0.0148679773 7.16829268
820 5873 14.867261 0.014867261 7.16219512
820 5873 14.8669177 0.0148669177 7.16219512
820 5873 14.8669076 0.0148669076 7.16219512
820 5877 14.8691379 0.0148691379 7.16707317
820 5877 14.868995 0.014868995 7.16707317
820 5877 14.8689476 0.0148689476 7.16707317
820 5877 14.8689967 0.0148689967 7.16707317
819 5857 14.8224551 0.0148224551 7.15140415
819 5857 14.8223102 0.0148223102 7.15140415
819 5858 14.8233448 0.0148233448 7.15262515
819 5858 14.8221293 0.0148221293 7.15262515
819 5858 14.8230969 0.0148230969 7.15262515
819 5853 14.8233097 0.0148233097 7.14652015
819 5853 14.8232717 0.0148232717 7.14652015
819 5853 14.8235423 0.0148235423 7.14652015
819 5857 14.8233247 0.0148233247 7.15140415
819 5855 14.8215037 0.0148215037 7.14896215
818 5839 14.7785043 0.0147785043 7.13814181
818 5839 14.7785079 0.0147785079 7.13814181
818 5839 14.7784839 0.0147784839 7.13814181
818 5839 14.7784042 0.0147784042 7.13814181
818 5839 14.7783789 0.0147783789 7.13814181
818 5839 14.7783796 0.0147783796 7.13814181
818 5839 14.7783802 0.0147783802 7.13814181
818 5839 14.7783804 0.0147783804 7.13814181
818 5839 14.7783807 0.0147783807 7.13814181
818 5839 14.7783809 0.0147783809 7.13814181
817 5821 14.7336718 0.0147336718 7.124847
817 5821 14.7335686 0.0147335686 7.124847
817 5822 14.7328507 0.0147328507 7.12607099
817 5823 14.7313736 0.0147313736 7.12729498
817 5822 14.7322401 0.0147322401 7.12607099
817 5822 14.7323709 0.0147323709 7.12607099
817 5822 14.7323655 0.0147323655 7.12607099
817 5822 14.7322381 0.0147322381 7.12607099
817 5822 14.7322293 0.0147322293 7.12607099
817 5822 14.7323852 0.0147323852 7.12607099
816 5806 14.6872058 0.0146872058 7.11519608
816 5804 14.6889018 0.0146889018 7.1127451
816 5807 14.682728 0.014682728 7.11642157
816 5806 14.6873903 0.0146873903 7.11519608
816 5806 14.6872788 0.0146872788 7.11519608
816 5806 14.6872266 0.0146872266 7.11519608
816 5802 14.6885532 0.0146885532 7.11029412
816 5806 14.6874061 0.0146874061 7.11519608
816 5806 14.6872672 0.0146872672 7.11519608
816 5806 14.6872265 0.0146872265 7.11519608
815 5788 14.6442079 0.0146442079 7.10184049
815 5788 14.6443632 0.0146443632 7.10184049
815 5788 14.6444822 0.0146444822 7.10184049
815 5788 14.6444438 0.0146444438 7.10184049
815 5788 14.6444616 0.0146444616 7.10184049
815 5788 14.644526 0.014644526 7.10184049
815 5788 14.6444854 0.0146444854 7.10184049
815 5788 14.6445482 0.0146445482 7.10184049
815 5788 14.6445549 0.0146445549 7.10184049
815 5788 14.6445517 0.0146445517 7.10184049
814 5768 14.5963411 0.0145963411 7.08599509
814 5768 14.5959474 0.0145959474 7.08599509
814 5774 14.5963278 0.0145963278 7.09336609
814 5776 14.5967694 0.0145967694 7.0958231
814 5780 14.5955246 0.0145955246 7.1007371
814 5779 14.5893086 0.0145893086 7.0995086
814 5780 14.5908255 0.0145908255 7.1007371
814 5778 14.59583 0.01459583 7.0982801
814 5776 14.595604 0.014595604 7.0958231
814 5776 14.596794 0.014596794 7.0958231
813 5762 14.5525942 0.0145525942 7.08733087
813 5762 14.552641 0.014552641 7.08733087
813 5762 14.5526204 0.0145526204 7.08733087
813 5762 14.5524844 0.0145524844 7.08733087
813 5762 14.5526667 0.0145526667 7.08733087
813 5762 14.5526221 0.0145526221 7.08733087
813 5762 14.5524955 0.0145524955 7.08733087
813 5762 14.5526651 0.0145526651 7.08733087
813 5762 14.5526168 0.0145526168 7.08733087
813 5762 14.5524966 0.0145524966 7.08733087
812 5747 14.5056408 0.0145056408 7.07758621
812 5748 14.5045893 0.0145045893 7.07881773
812 5740 14.5015982 0.0145015982 7.06896552
812 5746 14.4998579 0.0144998579 7.07635468
811 5724 14.4695792 0.0144695792 7.05795314
811 5728 14.4694873 0.0144694873 7.06288533
811 5729 14.4676996 0.0144676996 7.06411837
811 5727 14.4679793 0.0144679793 7.06165228
811 5733 14.4596393 0.0144596393 7.06905055
811 5729 14.4617863 0.0144617863 7.06411837
810 5712 14.4266128 0.0144266128 7.05185185
810 5712 14.4264232 0.0144264232 7.05185185
810 5712 14.4265578 0.0144265578 7.05185185
810 5712 14.4265387 0.0144265387 7.05185185
810 5712 14.4265383 0.0144265383 7.05185185
810 5712 14.4265645 0.0144265645 7.05185185
810 5712 14.4265492 0.0144265492 7.05185185
810 5712 14.4265478 0.0144265478 7.05185185
810 5712 14.4265439 0.0144265439 7.05185185
810 5712 14.4265431 0.0144265431 7.05185185
809 5696 14.3803154 0.0143803154 7.0407911
809 5697 14.3760235 0.0143760235 7.04202719
809 5700 14.3757193 0.0143757193 7.04573548
809 5696 14.3669986 0.0143669986 7.0407911
809 5693 14.3761705 0.0143761705 7.03708282
809 5698 14.3636488 0.0143636488 7.04326329
809 5701 14.3575242 0.0143575242 7.04697157
809 5701 14.3613205 0.0143613205 7.04697157
809 5695 14.3791864 0.0143791864 7.03955501
809 5696 14.3803805 0.0143803805 7.0407911
808 5681 14.3365026 0.0143365026 7.03094059
808 5681 14.3360431 0.0143360431 7.03094059
808 5681 14.3364032 0.0143364032 7.03094059
808 5681 14.336116 0.014336116 7.03094059
808 5681 14.3364386 0.0143364386 7.03094059
808 5681 14.3361116 0.0143361116 7.03094059
808 5681 14.336428 0.014336428 7.03094059
808 5681 14.3361135 0.0143361135 7.03094059
808 5681 14.3364281 0.0143364281 7.03094059
808 5681 14.3361134 0.0143361134 7.03094059
807 5664 14.292147 0.014292147 7.01858736
807 5665 14.2896194 0.0142896194 7.01982652
807 5665 14.2896296 0.0142896296 7.01982652
807 5665 14.2895846 0.0142895846 7.01982652
807 5665 14.2895177 0.0142895177 7.01982652
807 5665 14.2895148 0.0142895148 7.01982652
807 5665 14.2895246 0.0142895246 7.01982652
807 5665 14.2895227 0.0142895227 7.01982652
807 5665 14.2895229 0.0142895229 7.01982652
807 5665 14.2895229 0.0142895229 7.01982652
806 5648 14.2469823 0.0142469823 7.00744417
806 5648 14.2467402 0.0142467402 7.00744417
806 5648 14.2466276 0.0142466276 7.00744417
806 5648 14.2466046 0.0142466046 7.00744417
806 5648 14.2466035 0.0142466035 7.00744417
806 5648 14.2466042 0.0142466042 7.00744417
806 5648 14.2466026 0.0142466026 7.00744417
806 5648 14.2466024 0.0142466024 7.00744417
806 5648 14.2466024 0.0142466024 7.00744417
806 5648 14.2466023 0.0142466023 7.00744417
805 5633 14.1998507 0.0141998507 6.99751553
805 5633 14.2002466 0.0142002466 6.99751553
805 5633 14.2001006 0.0142001006 6.99751553
805 5633 14.2000969 0.0142000969 6.99751553
805 5633 14.2000786 0.0142000786 6.99751553
805 5633 14.2000864 0.0142000864 6.99751553
805 5633 14.2000881 0.0142000881 6.99751553
805 5633 14.200088 0.014200088 6.99751553
805 5633 14.2000881 0.0142000881 6.99751553
805 5633 14.2000882 0.0142000882 6.99751553
804 5615 14.152403 0.014152403 6.98383085
804 5615 14.1529908 0.0141529908 6.98383085
804 5615 14.1525395 0.0141525395 6.98383085
804 5615 14.1521609 0.0141521609 6.98383085
804 5615 14.1527417 0.0141527417 6.98383085
804 5615 14.1530024 0.0141530024 6.98383085
804 5622 14.1521309 0.0141521309 6.99253731
804 5620 14.1514063 0.0141514063 6.99004975
804 5621 14.1539532 0.0141539532 6.99129353
804 5619 14.1470761 0.0141470761 6.98880597
803 5606 14.1101374 0.0141101374 6.98132005
803 5606 14.1102871 0.0141102871 6.98132005
803 5606 14.1104197 0.0141104197 6.98132005
803 5606 14.1104466 0.0141104466 6.98132005
803 5606 14.1104654 0.0141104654 6.98132005
803 5606 14.1104737 0.0141104737 6.98132005
803 5606 14.1104739 0.0141104739 6.98132005
803 5606 14.1104734 0.0141104734 6.98132005
803 5606 14.1104734 0.0141104734 6.98132005
803 5606 14.1104734 0.0141104734 6.98132005
802 5595 14.0647224 0.0140647224 6.97630923
802 5594 14.0633954 0.0140633954 6.97506234
802 5593 14.0559877 0.0140559877 6.97381546
802 5598 14.0694086 0.0140694086 6.98004988
802 5594 14.0748939 0.0140748939 6.97506234
802 5598 14.0797684 0.0140797684 6.98004988
802 5598 14.0798328 0.0140798328 6.98004988
802 5598 14.0798763 0.0140798763 6.98004988
802 5598 14.0798233 0.0140798233 6.98004988
802 5598 14.0798271 0.0140798271 6.98004988
801 5583 14.0348747 0.0140348747 6.97003745
801 5583 14.0346127 0.0140346127 6.97003745
801 5583 14.0346985 0.0140346985 6.97003745
801 5583 14.0346081 0.0140346081 6.97003745
801 5583 14.0346224 0.0140346224 6.97003745
801 5583 14.0346213 0.0140346213 6.97003745
801 5583 14.0346218 0.0140346218 6.97003745
801 5583 14.0346196 0.0140346196 6.97003745
801 5583 14.0346199 0.0140346199 6.97003745
801 5583 14.0346199 0.0140346199 6.97003745
800 5566 13.9910201 0.0139910201 6.9575
800 5568 13.9890552 0.0139890552 6.96
800 5566 13.9909942 0.0139909942 6.9575
800 5566 13.9889649 0.0139889649 6.9575
800 5570 13.9722623 0.0139722623 6.9625
800 5571 13.9617506 0.0139617506 6.96375
800 5565 13.9845849 0.0139845849 6.95625
800 5566 13.9800852 0.0139800852 6.9575
800 5568 13.9892445 0.0139892445 6.96
800 5568 13.9890265 0.0139890265 6.96
799 5551 13.947218 0.013947218 6.94743429
799 5551 13.9472646 0.0139472646 6.94743429
799 5551 13.9472809 0.0139472809 6.94743429
799 5551 13.9473567 0.0139473567 6.94743429
799 5551 13.9473622 0.0139473622 6.94743429
799 5551 13.9473612 0.0139473612 6.94743429
799 5551 13.9473618 0.0139473618 6.94743429
799 5551 13.9473617 0.0139473617 6.94743429
799 5551 13.9473617 0.0139473617 6.94743429
799 5551 13.9473617 0.0139473617 6.94743429
798 5536 13.9020498 0.0139020498 6.93734336
798 5533 13.8997479 0.0138997479 6.93358396
798 5536 13.9018422 0.0139018422 6.93734336
798 5536 13.9017682 0.0139017682 6.93734336
798 5536 13.9017162 0.0139017162 6.93734336
798 5536 13.9017153 0.0139017153 6.93734336
798 5536 13.9017194 0.0139017194 6.93734336
798 5536 13.9017208 0.0139017208 6.93734336
798 5536 13.9017215 0.0139017215 6.93734336
798 5536 13.9017217 0.0139017217 6.93734336
797 5518 13.8570124 0.0138570124 6.92346299
797 5518 13.8575159 0.0138575159 6.92346299
797 5518 13.8573137 0.0138573137 6.92346299
797 5516 13.8539808 0.0138539808 6.92095358
797 5518 13.8574723 0.0138574723 6.92346299
797 5518 13.85712 0.01385712 6.92346299
797 5518 13.856791 0.013856791 6.92346299
797 5518 13.8571023 0.0138571023 6.92346299
797 5518 13.8567289 0.0138567289 6.92346299
797 5518 13.8570984 0.0138570984 6.92346299
796 5498 13.8122096 0.0138122096 6.90703518
796 5504 13.8121117 0.0138121117 6.91457286
796 5501 13.8121922 0.0138121922 6.91080402
796 5495 13.8077205 0.0138077205 6.90326633
796 5499 13.8124608 0.0138124608 6.90829146
796 5495 13.7861881 0.0137861881 6.90326633
796 5499 13.8079273 0.0138079273 6.90829146
796 5498 13.8118536 0.0138118536 6.90703518
796 5498 13.8191725 0.0138191725 6.90703518
796 5492 13.802229 0.013802229 6.89949749
795 5478 13.7779199 0.0137779199 6.89056604
795 5478 13.7778223 0.0137778223 6.89056604
795 5484 13.7677907 0.0137677907 6.89811321
795 5482 13.7619155 0.0137619155 6.89559748
795 5486 13.7589029 0.0137589029 6.90062893
795 5483 13.7769366 0.0137769366 6.89685535
795 5479 13.7673911 0.0137673911 6.8918239
795 5480 13.769037 0.013769037 6.89308176
795 5481 13.7791124 0.0137791124 6.89433962
795 5480 13.7554252 0.0137554252 6.89308176
794 5465 13.7368358 0.0137368358 6.88287154
794 5469 13.7326519 0.0137326519 6.88790932
794 5466 13.7296541 0.0137296541 6.88413098
794 5463 13.7308782 0.0137308782 6.88035264
794 5469 13.7045191 0.0137045191 6.88790932
794 5459 13.731063 0.013731063 6.87531486
794 5469 13.7370769 0.0137370769 6.88790932
794 5469 13.7115332 0.0137115332 6.88790932
794 5462 13.7294187 0.0137294187 6.8790932
794 5469 13.7267235 0.0137267235 6.88790932
793 5449 13.6960079 0.0136960079 6.87137453
793 5450 13.6883017 0.0136883017 6.87263556
793 5450 13.6898871 0.0136898871 6.87263556
793 5448 13.6906757 0.0136906757 6.87011349
793 5447 13.66959 0.01366959 6.86885246
793 5449 13.6953265 0.0136953265 6.87137453
793 5449 13.6647726 0.0136647726 6.87137453
793 5455 13.6787107 0.0136787107 6.87894073
793 5453 13.6675585 0.0136675585 6.87641866
793 5450 13.6764503 0.0136764503 6.87263556
792 5434 13.6540773 0.0136540773 6.86111111
792 5434 13.6539574 0.0136539574 6.86111111
792 5434 13.6539833 0.0136539833 6.86111111
792 5434 13.6539746 0.0136539746 6.86111111
792 5434 13.6540018 0.0136540018 6.86111111
792 5434 13.6540029 0.0136540029 6.86111111
792 5434 13.6540009 0.0136540009 6.86111111
792 5434 13.6539998 0.0136539998 6.86111111
792 5434 13.6539997 0.0136539997 6.86111111
792 5434 13.6539996 0.0136539996 6.86111111
791 5420 13.611387 0.013611387 6.85208597
791 5421 13.609135 0.013609135 6.85335019
791 5426 13.6484129 0.0136484129 6.8596713
791 5426 13.6482476 0.0136482476 6.8596713
791 5426 13.6482355 0.0136482355 6.8596713
791 5426 13.6480815 0.0136480815 6.8596713
791 5426 13.6481047 0.0136481047 6.8596713
791 5426 13.6481034 0.0136481034 6.8596713
791 5426 13.6481012 0.0136481012 6.8596713
791 5426 13.6481017 0.0136481017 6.8596713
790 5413 13.6042203 0.0136042203 6.85189873
790 5416 13.6035772 0.0136035772 6.8556962
790 5423 13.6021436 0.0136021436 6.86455696
790 5418 13.5930597 0.0135930597 6.85822785
790 5420 13.5963745 0.0135963745 6.86075949
790 5419 13.6013828 0.0136013828 6.85949367
790 5418 13.6023897 0.0136023897 6.85822785
790 5424 13.6456827 0.0136456827 6.86582278
790 5424 13.6453808 0.0136453808 6.86582278
790 5424 13.6449628 0.0136449628 6.86582278
789 5407 13.6027566 0.0136027566 6.85297845
789 5407 13.6032338 0.0136032338 6.85297845
789 5407 13.6029518 0.0136029518 6.85297845
789 5411 13.6004223 0.0136004223 6.85804816
789 5407 13.6032766 0.0136032766 6.85297845
789 5407 13.6032087 0.0136032087 6.85297845
789 5407 13.603241 0.013603241 6.85297845
789 5407 13.6031444 0.0136031444 6.85297845
789 5407 13.6031898 0.0136031898 6.85297845
789 5407 13.6032317 0.0136032317 6.85297845
788 5394 13.561123 0.013561123 6.84517766
788 5394 13.561543 0.013561543 6.84517766
788 5394 13.5613384 0.0135613384 6.84517766
788 5394 13.5614435 0.0135614435 6.84517766
788 5394 13.5614503 0.0135614503 6.84517766
788 5394 13.5614395 0.0135614395 6.84517766
788 5394 13.5614419 0.0135614419 6.84517766
788 5394 13.5614427 0.0135614427 6.84517766
788 5394 13.561442 0.013561442 6.84517766
788 5394 13.561442 0.013561442 6.84517766
787 5381 13.5191939 0.0135191939 6.83735705
787 5381 13.5191078 0.0135191078 6.83735705
787 5381 13.5192041 0.0135192041 6.83735705
787 5381 13.51921 0.01351921 6.83735705
787 5381 13.5192177 0.0135192177 6.83735705
787 5381 13.5191582 0.0135191582 6.83735705
787 5381 13.5193246 0.0135193246 6.83735705
787 5381 13.5193543 0.0135193543 6.83735705
787 5381 13.5191885 0.0135191885 6.83735705
787 5381 13.5192295 0.0135192295 6.83735705
786 5364 13.4769103 0.0134769103 6.82442748
786 5367 13.4754809 0.0134754809 6.82824427
786 5364 13.4769254 0.0134769254 6.82442748
786 5364 13.4770578 0.0134770578 6.82442748
786 5364 13.4770282 0.0134770282 6.82442748
786 5364 13.4770774 0.0134770774 6.82442748
786 5364 13.4770774 0.0134770774 6.82442748
786 5364 13.477078 0.013477078 6.82442748
786 5364 13.4770773 0.0134770773 6.82442748
786 5364 13.4770772 0.0134770772 6.82442748
785 5350 13.4333621 0.0134333621 6.81528662
785 5350 13.4327217 0.0134327217 6.81528662
785 5352 13.4317041 0.0134317041 6.81783439
785 5355 13.4307998 0.0134307998 6.82165605
785 5350 13.4332052 0.0134332052 6.81528662
785 5350 13.4330323 0.0134330323 6.81528662
785 5350 13.4330057 0.0134330057 6.81528662
785 5350 13.4329692 0.0134329692 6.81528662
785 5350 13.4329643 0.0134329643 6.81528662
785 5350 13.4329632 0.0134329632 6.81528662
784 5338 13.389845 0.013389845 6.80867347
784 5338 13.3901377 0.0133901377 6.80867347
784 5338 13.3900013 0.0133900013 6.80867347
784 5338 13.3896802 0.0133896802 6.80867347
784 5333 13.3879381 0.0133879381 6.80229592
784 5338 13.3901248 0.0133901248 6.80867347
784 5338 13.3901005 0.0133901005 6.80867347
784 5338 13.3901058 0.0133901058 6.80867347
784 5338 13.3897389 0.0133897389 6.80867347
784 5338 13.3896262 0.0133896262 6.80867347
783 5321 13.3462428 0.0133462428 6.79565773
783 5323 13.3455007 0.0133455007 6.79821201
783 5321 13.3467763 0.0133467763 6.79565773
783 5320 13.3445919 0.0133445919 6.79438059
783 5319 13.3408001 0.0133408001 6.79310345
783 5323 13.3411694 0.0133411694 6.79821201
783 5321 13.3467507 0.0133467507 6.79565773
783 5321 13.3467389 0.0133467389 6.79565773
783 5321 13.3467355 0.0133467355 6.79565773
783 5321 13.3467021 0.0133467021 6.79565773
782 5306 13.3049139 0.0133049139 6.78516624
782 5305 13.3010575 0.0133010575 6.78388747
781 5290 13.2633554 0.0132633554 6.77336748
781 5290 13.2629368 0.0132629368 6.77336748
781 5290 13.2630365 0.0132630365 6.77336748
781 5290 13.263067 0.013263067 6.77336748
781 5290 13.2630721 0.0132630721 6.77336748
781 5290 13.263073 0.013263073 6.77336748
781 5290 13.2630724 0.0132630724 6.77336748
781 5290 13.2630721 0.0132630721 6.77336748
780 5272 13.2204463 0.0132204463 6.75897436
780 5275 13.2173397 0.0132173397 6.76282051
780 5273 13.2258673 0.0132258673 6.76025641
780 5269 13.2201068 0.0132201068 6.75512821
780 5270 13.2109484 0.0132109484 6.75641026
780 5275 13.1944072 0.0131944072 6.76282051
780 5273 13.2257465 0.0132257465 6.76025641
780 5274 13.2296282 0.0132296282 6.76153846
780 5275 13.1920426 0.0131920426 6.76282051
780 5275 13.2258355 0.0132258355 6.76282051
779 5260 13.1890785 0.0131890785 6.75224647
779 5259 13.188224 0.013188224 6.75096277
779 5267 13.1881513 0.0131881513 6.76123235
779 5262 13.1880744 0.0131880744 6.75481386
779 5268 13.186617 0.013186617 6.76251605
779 5265 13.1877685 0.0131877685 6.75866496
779 5267 13.1927423 0.0131927423 6.76123235
779 5262 13.193779 0.013193779 6.75481386
779 5265 13.1969321 0.0131969321 6.75866496
779 5266 13.2053645 0.0132053645 6.75994865
778 5252 13.1698687 0.0131698687 6.75064267
778 5258 13.1346974 0.0131346974 6.75835476
778 5251 13.1506606 0.0131506606 6.74935733
778 5252 13.1616444 0.0131616444 6.75064267
777 5237 13.1329044 0.0131329044 6.74002574
777 5244 13.1046038 0.0131046038 6.74903475
777 5232 13.1334773 0.0131334773 6.73359073
777 5239 13.1383911 0.0131383911 6.74259974
777 5236 13.1310251 0.0131310251 6.73873874
777 5230 13.1495541 0.0131495541 6.73101673
776 5216 13.1140395 0.0131140395 6.72164948
776 5217 13.1031724 0.0131031724 6.72293814
776 5226 13.1080136 0.0131080136 6.73453608
776 5222 13.1135491 0.0131135491 6.72938144
776 5224 13.1164456 0.0131164456 6.73195876
776 5220 13.1128979 0.0131128979 6.72680412
776 5227 13.1259634 0.0131259634 6.73582474
776 5227 13.1132571 0.0131132571 6.73582474
776 5223 13.1092678 0.0131092678 6.7306701
776 5221 13.1003299 0.0131003299 6.72809278
775 5206 13.0905799 0.0130905799 6.71741935
775 5204 13.0568043 0.0130568043 6.71483871
775 5204 13.0726171 0.0130726171 6.71483871
775 5202 13.0560007 0.0130560007 6.71225806
775 5201 13.0685046 0.0130685046 6.71096774
775 5202 13.061295 0.013061295 6.71225806
774 5184 13.0527135 0.0130527135 6.69767442
773 5173 13.0162364 0.0130162364 6.69210867
773 5178 13.0039072 0.0130039072 6.69857697
773 5180 12.9950364 0.0129950364 6.70116429
772 5163 12.980261 0.012980261 6.68782383
772 5168 12.9717218 0.0129717218 6.69430052
772 5171 12.9489406 0.0129489406 6.69818653
771 5154 12.9471426 0.0129471426 6.6848249
771 5154 12.9294909 0.0129294909 6.6848249
771 5154 12.958226 0.012958226 6.6848249
771 5153 12.9439519 0.0129439519 6.68352789
771 5156 12.9381141 0.0129381141 6.68741894
771 5154 12.9541656 0.0129541656 6.6848249
771 5158 12.9355235 0.0129355235 6.69001297
770 5138 12.9217063 0.0129217063 6.67272727
770 5138 12.9217496 0.0129217496 6.67272727
770 5138 12.9217613 0.0129217613 6.67272727
770 5138 12.9217292 0.0129217292 6.67272727
770 5138 12.9217446 0.0129217446 6.67272727
770 5138 12.9217511 0.0129217511 6.67272727
770 5138 12.9217488 0.0129217488 6.67272727
770 5138 12.9217473 0.0129217473 6.67272727
770 5138 12.9217476 0.0129217476 6.67272727
770 5138 12.9217476 0.0129217476 6.67272727
769 5119 12.8835597 0.0128835597 6.65669701
769 5119 12.8837617 0.0128837617 6.65669701
769 5131 12.883836 0.012883836 6.67230169
769 5131 12.8840968 0.0128840968 6.67230169
769 5126 12.8832345 0.0128832345 6.66579974
769 5123 12.8821456 0.0128821456 6.66189857
769 5126 12.8687472 0.0128687472 6.66579974
769 5125 12.8732705 0.0128732705 6.66449935
769 5126 12.8617323 0.0128617323 6.66579974
769 5124 12.8865834 0.0128865834 6.66319896
768 5111 12.8524646 0.0128524646 6.65494792
768 5109 12.8341256 0.0128341256 6.65234375
768 5116 12.8192392 0.0128192392 6.66145833
768 5109 12.8285239 0.0128285239 6.65234375
768 5114 12.8277407 0.0128277407 6.65885417
768 5111 12.8547688 0.0128547688 6.65494792
768 5122 12.8705261 0.0128705261 6.66927083
768 5117 12.8469208 0.0128469208 6.66276042
768 5124 12.8611215 0.0128611215 6.671875
768 5114 12.924914 0.012924914 6.65885417
767 5104 12.8859837 0.0128859837 6.65449804
767 5098 12.8852914 0.0128852914 6.64667536
767 5094 12.8852479 0.0128852479 6.64146023
767 5099 12.8854195 0.0128854195 6.64797914
767 5099 12.8853785 0.0128853785 6.64797914
767 5097 12.8859718 0.0128859718 6.64537158
767 5097 12.8859555 0.0128859555 6.64537158
767 5099 12.8855779 0.0128855779 6.64797914
767 5099 12.8854508 0.0128854508 6.64797914
767 5099 12.8857098 0.0128857098 6.64797914
766 5082 12.8478576 0.0128478576 6.63446475
766 5087 12.8495974 0.0128495974 6.64099217
766 5079 12.8473373 0.0128473373 6.6305483
766 5082 12.8513301 0.0128513301 6.63446475
766 5079 12.8365989 0.0128365989 6.6305483
766 5085 12.8293686 0.0128293686 6.6383812
766 5084 12.8360182 0.0128360182 6.63707572
766 5082 12.8518193 0.0128518193 6.63446475
765 5065 12.8171071 0.0128171071 6.62091503
765 5066 12.8053675 0.0128053675 6.62222222
764 5056 12.7829598 0.0127829598 6.61780105
764 5058 12.7854568 0.0127854568 6.62041885
764 5067 12.7766121 0.0127766121 6.63219895
764 5064 12.782585 0.012782585 6.62827225
764 5069 12.7705152 0.0127705152 6.63481675
764 5068 12.7864273 0.0127864273 6.63350785
764 5064 12.8169887 0.0128169887 6.62827225
764 5062 12.8223332 0.0128223332 6.62565445
764 5053 12.8219813 0.0128219813 6.61387435
764 5056 12.8288066 0.0128288066 6.61780105
763 5045 12.8025031 0.0128025031 6.61205767
763 5044 12.799948 0.012799948 6.61074705
763 5046 12.7917966 0.0127917966 6.61336828
763 5047 12.8012615 0.0128012615 6.6146789
763 5048 12.8136187 0.0128136187 6.61598952
763 5051 12.8140801 0.0128140801 6.61992136
763 5053 12.8036643 0.0128036643 6.6225426
763 5055 12.8146969 0.0128146969 6.62516383
763 5050 12.8050857 0.0128050857 6.61861075
763 5058 12.8044744 0.0128044744 6.62909567
762 5039 12.785013 0.012785013 6.61286089
762 5042 12.7828022 0.0127828022 6.6167979
762 5040 12.7851132 0.0127851132 6.61417323
762 5038 12.7768528 0.0127768528 6.61154856
762 5033 12.7669929 0.0127669929 6.60498688
762 5039 12.7791425 0.0127791425 6.61286089
762 5047 12.7747139 0.0127747139 6.62335958
762 5036 12.8072271 0.0128072271 6.60892388
762 5039 12.7813358 0.0127813358 6.61286089
762 5044 12.8349109 0.0128349109 6.61942257
761 5035 12.8064258 0.0128064258 6.61629435
761 5033 12.8084028 0.0128084028 6.61366623
760 5018 12.7780488 0.0127780488 6.60263158
760 5022 12.7543143 0.0127543143 6.60789474
760 5025 12.7634256 0.0127634256 6.61184211
760 5020 12.7818447 0.0127818447 6.60526316
760 5021 12.7920603 0.0127920603 6.60657895
760 5025 12.7636168 0.0127636168 6.61184211
760 5025 12.790701 0.012790701 6.61184211
760 5021 12.8021252 0.0128021252 6.60657895
759 5005 12.7700966 0.0127700966 6.5942029
759 5001 12.7496193 0.0127496193 6.58893281
759 5002 12.749479 0.012749479 6.59025033
759 5002 12.7727582 0.0127727582 6.59025033
759 5001 12.7563744 0.0127563744 6.58893281
759 5001 12.7593931 0.0127593931 6.58893281
759 4998 12.7507998 0.0127507998 6.58498024
759 5004 12.7708414 0.0127708414 6.59288538
759 5002 12.7730336 0.0127730336 6.59025033
759 4999 12.7615136 0.0127615136 6.58629776
758 4987 12.7464333 0.0127464333 6.57915567
758 4989 12.751682 0.012751682 6.5817942
758 4989 12.7300528 0.0127300528 6.5817942
758 4989 12.7530273 0.0127530273 6.5817942
758 4986 12.8226344 0.0128226344 6.57783641
758 4994 12.8133601 0.0128133601 6.5883905
757 4974 12.7923675 0.0127923675 6.57067371
757 4981 12.7631761 0.0127631761 6.57992074
757 4973 12.7694046 0.0127694046 6.56935271
757 4971 12.8053115 0.0128053115 6.5667107
756 4956 12.7773086 0.0127773086 6.55555556
756 4958 12.7582096 0.0127582096 6.55820106
756 4964 12.7850217 0.0127850217 6.56613757
756 4967 12.7728303 0.0127728303 6.57010582
756 4972 12.7991088 0.0127991088 6.57671958
756 4973 12.7958287 0.0127958287 6.57804233
756 4965 12.7878689 0.0127878689 6.56746032
756 4970 12.7922091 0.0127922091 6.57407407
756 4974 12.7823292 0.0127823292 6.57936508
756 4970 12.789752 0.012789752 6.57407407
755 4956 12.7670662 0.0127670662 6.56423841
755 4967 12.7663756 0.0127663756 6.57880795
755 4973 12.7449169 0.0127449169 6.58675497
755 4965 12.7353938 0.0127353938 6.57615894
755 4962 12.7505427 0.0127505427 6.57218543
755 4970 12.7416303 0.0127416303 6.58278146
755 4968 12.7757604 0.0127757604 6.58013245
754 4951 12.7472618 0.0127472618 6.566313
754 4956 12.7252693 0.0127252693 6.5729443
754 4949 12.7572485 0.0127572485 6.56366048
753 4937 12.7276471 0.0127276471 6.5564409
753 4943 12.7033057 0.0127033057 6.56440903
753 4936 12.7007664 0.0127007664 6.55511288
753 4937 12.7209922 0.0127209922 6.5564409
753 4933 12.7009979 0.0127009979 6.55112882
753 4940 12.7242822 0.0127242822 6.56042497
753 4937 12.7285548 0.0127285548 6.5564409
753 4934 12.7131876 0.0127131876 6.55245684
753 4942 12.7064272 0.0127064272 6.56308101
752 4923 12.699269 0.012699269 6.54654255
751 4900 12.6682306 0.0126682306 6.52463382
751 4902 12.6616824 0.0126616824 6.52729694
751 4901 12.6711967 0.0126711967 6.52596538
751 4901 12.6711388 0.0126711388 6.52596538
751 4901 12.671025 0.012671025 6.52596538
751 4901 12.6711286 0.0126711286 6.52596538
751 4901 12.6710046 0.0126710046 6.52596538
751 4901 12.6711248 0.0126711248 6.52596538
751 4901 12.6710086 0.0126710086 6.52596538
751 4901 12.6711233 0.0126711233 6.52596538
750 4885 12.6394278 0.0126394278 6.51333333
750 4885 12.639435 0.012639435 6.51333333
750 4886 12.63302 0.01263302 6.51466667
750 4883 12.6392848 0.0126392848 6.51066667
750 4889 12.622411 0.012622411 6.51866667
750 4889 12.6320177 0.0126320177 6.51866667
750 4896 12.6104122 0.0126104122 6.528
750 4885 12.6536214 0.0126536214 6.51333333
750 4892 12.6676679 0.0126676679 6.52266667
750 4895 12.663106 0.012663106 6.52666667
749 4881 12.6393029 0.0126393029 6.51668892
749 4886 12.6372172 0.0126372172 6.52336449
749 4881 12.640148 0.012640148 6.51668892
749 4877 12.6252347 0.0126252347 6.51134846
749 4883 12.6206357 0.0126206357 6.51935915
749 4881 12.6288376 0.0126288376 6.51668892
748 4866 12.6099515 0.0126099515 6.50534759
748 4865 12.6091474 0.0126091474 6.5040107
747 4852 12.5862897 0.0125862897 6.49531459
747 4862 12.594788 0.012594788 6.50870147
746 4846 12.5677733 0.0125677733 6.49597855
746 4851 12.5664525 0.0125664525 6.50268097
746 4852 12.5642852 0.0125642852 6.50402145
746 4854 12.549379 0.012549379 6.50670241
746 4848 12.5716171 0.0125716171 6.49865952
746 4851 12.5681421 0.0125681421 6.50268097
746 4852 12.5504813 0.0125504813 6.50402145
746 4848 12.5657929 0.0125657929 6.49865952
745 4839 12.545267 0.012545267 6.49530201
745 4846 12.523257 0.012523257 6.50469799
744 4824 12.5220386 0.0125220386 6.48387097
744 4828 12.5234807 0.0125234807 6.48924731
744 4831 12.524626 0.012524626 6.49327957
744 4835 12.5102635 0.0125102635 6.49865591
744 4833 12.5314288 0.0125314288 6.49596774
744 4828 12.5245956 0.0125245956 6.48924731
744 4833 12.5262764 0.0125262764 6.49596774
744 4832 12.5266808 0.0125266808 6.49462366
744 4827 12.5301228 0.0125301228 6.48790323
744 4828 12.5301485 0.0125301485 6.48924731
743 4818 12.5110598 0.0125110598 6.48452221
743 4814 12.5078693 0.0125078693 6.47913863
743 4817 12.5177934 0.0125177934 6.48317631
743 4817 12.4916972 0.0124916972 6.48317631
743 4815 12.5124906 0.0125124906 6.48048452
743 4816 12.512434 0.012512434 6.48183042
743 4814 12.5088892 0.0125088892 6.47913863
743 4814 12.4999793 0.0124999793 6.47913863
743 4815 12.5146158 0.0125146158 6.48048452
743 4819 12.4977391 0.0124977391 6.4858681
742 4803 12.4896727 0.0124896727 6.47304582
742 4802 12.4867696 0.0124867696 6.47169811
742 4806 12.4807259 0.0124807259 6.47708895
742 4803 12.4610751 0.0124610751 6.47304582
742 4805 12.4864043 0.0124864043 6.47574124
742 4804 12.4661398 0.0124661398 6.47439353
742 4803 12.4863771 0.0124863771 6.47304582
742 4805 12.4880277 0.0124880277 6.47574124
742 4807 12.4874516 0.0124874516 6.47843666
742 4807 12.5025311 0.0125025311 6.47843666
741 4789 12.4728263 0.0124728263 6.46288799
741 4789 12.4729269 0.0124729269 6.46288799
741 4789 12.4729524 0.0124729524 6.46288799
741 4789 12.4729224 0.0124729224 6.46288799
741 4789 12.4729494 0.0124729494 6.46288799
741 4789 12.4729388 0.0124729388 6.46288799
741 4789 12.4729412 0.0124729412 6.46288799
741 4789 12.4729403 0.0124729403 6.46288799
741 4789 12.4729408 0.0124729408 6.46288799
741 4789 12.4729407 0.0124729407 6.46288799
740 4777 12.4422748 0.0124422748 6.45540541
740 4782 12.4421081 0.0124421081 6.46216216
740 4782 12.4421194 0.0124421194 6.46216216
740 4784 12.4219448 0.0124219448 6.46486486
740 4784 12.431386 0.012431386 6.46486486
740 4781 12.4158812 0.0124158812 6.46081081
740 4777 12.4421526 0.0124421526 6.45540541
740 4777 12.4421909 0.0124421909 6.45540541
740 4788 12.4429894 0.0124429894 6.47027027
740 4794 12.4251274 0.0124251274 6.47837838
739 4777 12.4139426 0.0124139426 6.46414073
739 4777 12.4138075 0.0124138075 6.46414073
739 4777 12.4139065 0.0124139065 6.46414073
739 4777 12.4140743 0.0124140743 6.46414073
739 4777 12.4138084 0.0124138084 6.46414073
739 4777 12.4140682 0.0124140682 6.46414073
739 4777 12.4137901 0.0124137901 6.46414073
739 4777 12.4138925 0.0124138925 6.46414073
739 4777 12.4140739 0.0124140739 6.46414073
739 4777 12.4138085 0.0124138085 6.46414073
738 4759 12.3834334 0.0123834334 6.44850949
738 4762 12.3852083 0.0123852083 6.45257453
738 4760 12.3838261 0.0123838261 6.4498645
738 4766 12.3804447 0.0123804447 6.45799458
738 4756 12.3866021 0.0123866021 6.44444444
738 4760 12.3879383 0.0123879383 6.4498645
738 4760 12.387962 0.012387962 6.4498645
738 4760 12.387916 0.012387916 6.4498645
738 4760 12.3879103 0.0123879103 6.4498645
738 4760 12.3879112 0.0123879112 6.4498645
737 4749 12.3590148 0.0123590148 6.44369064
737 4749 12.3590993 0.0123590993 6.44369064
737 4749 12.359096 0.012359096 6.44369064
737 4749 12.3590927 0.0123590927 6.44369064
737 4749 12.3590924 0.0123590924 6.44369064
737 4749 12.3590915 0.0123590915 6.44369064
737 4749 12.3590914 0.0123590914 6.44369064
737 4749 12.3590915 0.0123590915 6.44369064
737 4749 12.3590915 0.0123590915 6.44369064
737 4749 12.3590915 0.0123590915 6.44369064
736 4731 12.3292392 0.0123292392 6.42798913
736 4731 12.3294186 0.0123294186 6.42798913
736 4731 12.3291953 0.0123291953 6.42798913
736 4731 12.3291323 0.0123291323 6.42798913
736 4731 12.3293955 0.0123293955 6.42798913
736 4731 12.3292042 0.0123292042 6.42798913
736 4731 12.3294133 0.0123294133 6.42798913
736 4731 12.329207 0.012329207 6.42798913
736 4731 12.3294085 0.0123294085 6.42798913
736 4731 12.3292044 0.0123292044 6.42798913
735 4724 12.297671 0.012297671 6.42721088
735 4724 12.2972183 0.0122972183 6.42721088
735 4716 12.2997772 0.0122997772 6.41632653
735 4716 12.2997622 0.0122997622 6.41632653
735 4716 12.2999172 0.0122999172 6.41632653
735 4716 12.2995147 0.0122995147 6.41632653
735 4716 12.2995515 0.0122995515 6.41632653
735 4716 12.2995763 0.0122995763 6.41632653
735 4716 12.2995806 0.0122995806 6.41632653
735 4716 12.299581 0.012299581 6.41632653
734 4709 12.2685394 0.0122685394 6.41553134
734 4709 12.2682561 0.0122682561 6.41553134
734 4709 12.2684567 0.0122684567 6.41553134
734 4709 12.2682525 0.0122682525 6.41553134
734 4709 12.2684787 0.0122684787 6.41553134
734 4709 12.2682502 0.0122682502 6.41553134
734 4709 12.2684782 0.0122684782 6.41553134
734 4709 12.2682497 0.0122682497 6.41553134
734 4709 12.268478 0.012268478 6.41553134
734 4709 12.2682497 0.0122682497 6.41553134
733 4700 12.2366757 0.0122366757 6.41200546
732 4687 12.2094129 0.0122094129 6.40300546
732 4678 12.2148214 0.0122148214 6.39071038
732 4678 12.2121569 0.0122121569 6.39071038
732 4678 12.2074107 0.0122074107 6.39071038
732 4681 12.2127763 0.0122127763 6.39480874
732 4685 12.2143885 0.0122143885 6.40027322
732 4679 12.2131601 0.0122131601 6.3920765
731 4667 12.1862389 0.0121862389 6.38440492
731 4675 12.1686862 0.0121686862 6.39534884
730 4661 12.158128 0.012158128 6.38493151
730 4658 12.1529367 0.0121529367 6.38082192
730 4666 12.1345914 0.0121345914 6.39178082
730 4664 12.1550831 0.0121550831 6.3890411
730 4667 12.1500435 0.0121500435 6.39315068
730 4665 12.1475075 0.0121475075 6.39041096
730 4667 12.1488585 0.0121488585 6.39315068
730 4668 12.1387552 0.0121387552 6.39452055
730 4671 12.1447075 0.0121447075 6.39863014
730 4664 12.1588197 0.0121588197 6.3890411
729 4653 12.1365613 0.0121365613 6.38271605
729 4647 12.1364191 0.0121364191 6.3744856
729 4651 12.1152245 0.0121152245 6.37997257
729 4655 12.1139478 0.0121139478 6.38545953
729 4653 12.1276214 0.0121276214 6.38271605
729 4657 12.1237034 0.0121237034 6.38820302
729 4656 12.1313348 0.0121313348 6.38683128
729 4659 12.1278129 0.0121278129 6.3909465
729 4655 12.1215706 0.0121215706 6.38545953
729 4657 12.1216888 0.0121216888 6.38820302
728 4641 12.1120541 0.0121120541 6.375
728 4638 12.1136616 0.0121136616 6.37087912
728 4629 12.1136357 0.0121136357 6.35851648
728 4631 12.1051672 0.0121051672 6.36126374
728 4638 12.0981415 0.0120981415 6.37087912
728 4637 12.1047338 0.0121047338 6.36950549
728 4643 12.09892 0.01209892 6.37774725
728 4635 12.1061178 0.0121061178 6.36675824
728 4634 12.1152411 0.0121152411 6.36538462
728 4634 12.1151875 0.0121151875 6.36538462
727 4617 12.0880377 0.0120880377 6.35075653
727 4622 12.0877237 0.0120877237 6.35763411
727 4629 12.0782025 0.0120782025 6.36726272
727 4621 12.0785974 0.0120785974 6.3562586
727 4626 12.0839441 0.0120839441 6.36313618
727 4622 12.0877811 0.0120877811 6.35763411
727 4622 12.0878453 0.0120878453 6.35763411
727 4622 12.0877294 0.0120877294 6.35763411
727 4624 12.1062861 0.0121062861 6.36038514
727 4624 12.1063044 0.0121063044 6.36038514
726 4607 12.0792434 0.0120792434 6.34573003
726 4607 12.0791146 0.0120791146 6.34573003
726 4607 12.0791123 0.0120791123 6.34573003
726 4607 12.0790965 0.0120790965 6.34573003
726 4607 12.0791012 0.0120791012 6.34573003
726 4607 12.0791022 0.0120791022 6.34573003
726 4607 12.0791018 0.0120791018 6.34573003
726 4607 12.0791017 0.0120791017 6.34573003
726 4607 12.0791017 0.0120791017 6.34573003
726 4607 12.0791017 0.0120791017 6.34573003
725 4592 12.0520655 0.0120520655 6.3337931
725 4592 12.0520467 0.0120520467 6.3337931
725 4592 12.0521582 0.0120521582 6.3337931
725 4592 12.0521982 0.0120521982 6.3337931
725 4592 12.0519415 0.0120519415 6.3337931
725 4592 12.0520062 0.0120520062 6.3337931
725 4592 12.0519953 0.0120519953 6.3337931
725 4592 12.0519947 0.0120519947 6.3337931
725 4592 12.0519952 0.0120519952 6.3337931
725 4592 12.0519953 0.0120519953 6.3337931
724 4577 12.0241033 0.0120241033 6.3218232
724 4575 12.0226455 0.0120226455 6.31906077
724 4582 12.0236178 0.0120236178 6.32872928
724 4584 12.0241077 0.0120241077 6.33149171
724 4584 12.0160493 0.0120160493 6.33149171
724 4584 12.0240045 0.0120240045 6.33149171
724 4584 12.0241447 0.0120241447 6.33149171
724 4584 12.0239825 0.0120239825 6.33149171
724 4584 12.0240028 0.0120240028 6.33149171
724 4584 12.0240135 0.0120240135 6.33149171
723 4569 11.9977182 0.0119977182 6.31950207
723 4569 11.9978345 0.0119978345 6.31950207
723 4569 11.9978716 0.0119978716 6.31950207
723 4569 11.9978684 0.0119978684 6.31950207
723 4569 11.9978679 0.0119978679 6.31950207
723 4569 11.99787 0.01199787 6.31950207
723 4569 11.9978701 0.0119978701 6.31950207
723 4569 11.99787 0.01199787 6.31950207
723 4569 11.99787 0.01199787 6.31950207
723 4569 11.99787 0.01199787 6.31950207
722 4552 11.9702886 0.0119702886 6.30470914
722 4554 11.9693433 0.0119693433 6.30747922
722 4554 11.9675188 0.0119675188 6.30747922
722 4554 11.9694496 0.0119694496 6.30747922
722 4552 11.9686495 0.0119686495 6.30470914
722 4554 11.9693548 0.0119693548 6.30747922
722 4548 11.9683693 0.0119683693 6.29916898
722 4544 11.9681413 0.0119681413 6.29362881
722 4551 11.9570218 0.0119570218 6.3033241
722 4546 11.951324 0.011951324 6.29639889
721 4537 11.9425112 0.0119425112 6.2926491
721 4537 11.9425055 0.0119425055 6.2926491
721 4537 11.9425256 0.0119425256 6.2926491
721 4537 11.9425287 0.0119425287 6.2926491
721 4537 11.9425344 0.0119425344 6.2926491
721 4537 11.9425345 0.0119425345 6.2926491
721 4537 11.9425341 0.0119425341 6.2926491
721 4537 11.9425339 0.0119425339 6.2926491
721 4537 11.9425339 0.0119425339 6.2926491
721 4537 11.9425339 0.0119425339 6.2926491
720 4522 11.9159349 0.0119159349 6.28055556
720 4522 11.9159191 0.0119159191 6.28055556
720 4522 11.9159249 0.0119159249 6.28055556
720 4522 11.9157957 0.0119157957 6.28055556
720 4522 11.9159282 0.0119159282 6.28055556
720 4522 11.9157918 0.0119157918 6.28055556
720 4522 11.9159224 0.0119159224 6.28055556
720 4522 11.9157949 0.0119157949 6.28055556
720 4522 11.9159231 0.0119159231 6.28055556
720 4522 11.915795 0.011915795 6.28055556
719 4511 11.8893118 0.0118893118 6.27399166
719 4511 11.8850742 0.0118850742 6.27399166
719 4515 11.9019106 0.0119019106 6.27955494
719 4522 11.8890313 0.0118890313 6.28929068
719 4520 11.9017619 0.0119017619 6.28650904
719 4523 11.9004332 0.0119004332 6.2906815
719 4521 11.8818652 0.0118818652 6.28789986
719 4524 11.9574774 0.0119574774 6.29207232
719 4522 11.9421221 0.0119421221 6.28929068
719 4525 11.956764 0.011956764 6.29346314
718 4509 11.9326303 0.0119326303 6.27994429
718 4513 11.9291312 0.0119291312 6.28551532
718 4507 11.9243669 0.0119243669 6.27715877
718 4511 11.9302188 0.0119302188 6.28272981
718 4510 11.9217646 0.0119217646 6.28133705
718 4511 11.9327837 0.0119327837 6.28272981
718 4508 11.9311254 0.0119311254 6.27855153
718 4517 11.9301806 0.0119301806 6.29108635
718 4512 11.9218536 0.0119218536 6.28412256
718 4510 11.9157604 0.0119157604 6.28133705
717 4501 11.9078948 0.0119078948 6.27754533
717 4499 11.8980329 0.0118980329 6.27475593
717 4500 11.9108299 0.0119108299 6.27615063
717 4500 11.910834 0.011910834 6.27615063
717 4500 11.9107337 0.0119107337 6.27615063
717 4496 11.8994855 0.0118994855 6.27057183
717 4501 11.9087071 0.0119087071 6.27754533
717 4500 11.9108663 0.0119108663 6.27615063
717 4502 11.8943218 0.0118943218 6.27894003
717 4493 11.9111414 0.0119111414 6.26638773
716 4478 11.8856816 0.0118856816 6.25418994
716 4484 11.8613498 0.0118613498 6.26256983
716 4479 11.8744785 0.0118744785 6.25558659
716 4480 11.8603419 0.0118603419 6.25698324
716 4480 11.8859845 0.0118859845 6.25698324
716 4480 11.8859517 0.0118859517 6.25698324
716 4480 11.8857928 0.0118857928 6.25698324
716 4480 11.8858629 0.0118858629 6.25698324
716 4480 11.8858822 0.0118858822 6.25698324
716 4480 11.8857609 0.0118857609 6.25698324
715 4472 11.8593488 0.0118593488 6.25454545
715 4472 11.8594813 0.0118594813 6.25454545
715 4472 11.8594576 0.0118594576 6.25454545
715 4472 11.8594591 0.0118594591 6.25454545
715 4472 11.8594649 0.0118594649 6.25454545
715 4472 11.8594673 0.0118594673 6.25454545
715 4472 11.8594693 0.0118594693 6.25454545
715 4472 11.85947 0.01185947 6.25454545
715 4472 11.8594699 0.0118594699 6.25454545
715 4472 11.8594698 0.0118594698 6.25454545
714 4458 11.8332584 0.0118332584 6.24369748
714 4458 11.8332272 0.0118332272 6.24369748
714 4458 11.8331948 0.0118331948 6.24369748
714 4458 11.8331915 0.0118331915 6.24369748
714 4458 11.8331859 0.0118331859 6.24369748
714 4458 11.8331854 0.0118331854 6.24369748
714 4458 11.8331854 0.0118331854 6.24369748
714 4458 11.8331854 0.0118331854 6.24369748
714 4458 11.8331854 0.0118331854 6.24369748
714 4458 11.8331854 0.0118331854 6.24369748
713 4441 11.8070998 0.0118070998 6.2286115
713 4441 11.807188 0.011807188 6.2286115
713 4445 11.807186 0.011807186 6.2342216
713 4441 11.8072606 0.0118072606 6.2286115
713 4441 11.8072646 0.0118072646 6.2286115
713 4441 11.8072337 0.0118072337 6.2286115
713 4441 11.8072334 0.0118072334 6.2286115
713 4441 11.8072361 0.0118072361 6.2286115
713 4441 11.8072368 0.0118072368 6.2286115
713 4441 11.8072362 0.0118072362 6.2286115
712 4428 11.7814774 0.0117814774 6.21910112
712 4428 11.7814559 0.0117814559 6.21910112
712 4428 11.7812496 0.0117812496 6.21910112
712 4428 11.7813155 0.0117813155 6.21910112
712 4428 11.781364 0.011781364 6.21910112
712 4428 11.7814461 0.0117814461 6.21910112
712 4428 11.7812748 0.0117812748 6.21910112
712 4428 11.7814285 0.0117814285 6.21910112
712 4428 11.7812533 0.0117812533 6.21910112
712 4428 11.7812944 0.0117812944 6.21910112
711 4413 11.7543161 0.0117543161 6.20675105
711 4413 11.7542073 0.0117542073 6.20675105
711 4413 11.7542021 0.0117542021 6.20675105
711 4413 11.7542014 0.0117542014 6.20675105
711 4413 11.7541933 0.0117541933 6.20675105
711 4413 11.7541958 0.0117541958 6.20675105
711 4413 11.7541971 0.0117541971 6.20675105
711 4413 11.7541959 0.0117541959 6.20675105
711 4413 11.7541959 0.0117541959 6.20675105
711 4413 11.7541959 0.0117541959 6.20675105
710 4401 11.7279373 0.0117279373 6.19859155
710 4401 11.7281409 0.0117281409 6.19859155
710 4404 11.7274937 0.0117274937 6.2028169
710 4407 11.7407147 0.0117407147 6.20704225
710 4407 11.7405215 0.0117405215 6.20704225
710 4407 11.7405417 0.0117405417 6.20704225
710 4407 11.7405235 0.0117405235 6.20704225
710 4407 11.7405213 0.0117405213 6.20704225
710 4407 11.7405246 0.0117405246 6.20704225
710 4407 11.7405251 0.0117405251 6.20704225
709 4395 11.714228 0.011714228 6.19887165
709 4395 11.7145011 0.0117145011 6.19887165
709 4392 11.7134033 0.0117134033 6.19464034
709 4391 11.7127089 0.0117127089 6.1932299
709 4389 11.6983536 0.0116983536 6.19040903
709 4393 11.7107233 0.0117107233 6.19605078
709 4395 11.709584 0.011709584 6.19887165
709 4394 11.7098654 0.0117098654 6.19746121
709 4392 11.7089577 0.0117089577 6.19464034
709 4386 11.7088658 0.0117088658 6.18617772
708 4378 11.6844042 0.0116844042 6.18361582
708 4376 11.6862087 0.0116862087 6.18079096
708 4376 11.6861431 0.0116861431 6.18079096
708 4376 11.6863194 0.0116863194 6.18079096
708 4376 11.6861192 0.0116861192 6.18079096
708 4376 11.6863239 0.0116863239 6.18079096
708 4376 11.6861269 0.0116861269 6.18079096
708 4376 11.6863231 0.0116863231 6.18079096
708 4376 11.6861267 0.0116861267 6.18079096
708 4376 11.6863225 0.0116863225 6.18079096
707 4365 11.6600878 0.0116600878 6.17397454
707 4365 11.6595689 0.0116595689 6.17397454
707 4365 11.6596489 0.0116596489 6.17397454
707 4365 11.6595619 0.0116595619 6.17397454
707 4365 11.6595587 0.0116595587 6.17397454
707 4365 11.6595539 0.0116595539 6.17397454
707 4365 11.6595557 0.0116595557 6.17397454
707 4365 11.6595556 0.0116595556 6.17397454
707 4365 11.6595551 0.0116595551 6.17397454
707 4365 11.659555 0.011659555 6.17397454
706 4354 11.6338502 0.0116338502 6.16713881
706 4354 11.6339821 0.0116339821 6.16713881
706 4354 11.6340013 0.0116340013 6.16713881
706 4354 11.6339849 0.0116339849 6.16713881
706 4354 11.6339845 0.0116339845 6.16713881
706 4354 11.6339838 0.0116339838 6.16713881
706 4354 11.6339836 0.0116339836 6.16713881
706 4354 11.6339836 0.0116339836 6.16713881
706 4354 11.6339836 0.0116339836 6.16713881
706 4354 11.6339836 0.0116339836 6.16713881
705 4339 11.6075031 0.0116075031 6.15460993
705 4342 11.6041866 0.0116041866 6.15886525
705 4336 11.6044542 0.0116044542 6.15035461
705 4335 11.6082876 0.0116082876 6.14893617
705 4331 11.6091772 0.0116091772 6.14326241
705 4335 11.609534 0.011609534 6.14893617
705 4333 11.6095443 0.0116095443 6.14609929
705 4332 11.6090557 0.0116090557 6.14468085
705 4335 11.6038149 0.0116038149 6.14893617
705 4335 11.6096487 0.0116096487 6.14893617
704 4320 11.5837905 0.0115837905 6.13636364
704 4320 11.5837519 0.0115837519 6.13636364
704 4320 11.5837424 0.0115837424 6.13636364
704 4320 11.5837394 0.0115837394 6.13636364
704 4320 11.5837336 0.0115837336 6.13636364
704 4320 11.583737 0.011583737 6.13636364
704 4320 11.583739 0.011583739 6.13636364
704 4320 11.5837385 0.0115837385 6.13636364
704 4320 11.5837384 0.0115837384 6.13636364
704 4320 11.5837385 0.0115837385 6.13636364
703 4309 11.5581583 0.0115581583 6.12944523
703 4309 11.558371 0.011558371 6.12944523
703 4309 11.558374 0.011558374 6.12944523
703 4309 11.5583937 0.0115583937 6.12944523
703 4309 11.5583962 0.0115583962 6.12944523
703 4309 11.5583967 0.0115583967 6.12944523
703 4309 11.5583965 0.0115583965 6.12944523
703 4309 11.5583965 0.0115583965 6.12944523
703 4309 11.5583965 0.0115583965 6.12944523
703 4309 11.5583965 0.0115583965 6.12944523
702 4297 11.5321762 0.0115321762 6.12108262
702 4297 11.5320485 0.0115320485 6.12108262
702 4297 11.5319907 0.0115319907 6.12108262
702 4297 11.532101 0.011532101 6.12108262
702 4297 11.532049 0.011532049 6.12108262
702 4297 11.5321047 0.0115321047 6.12108262
702 4297 11.5321151 0.0115321151 6.12108262
702 4297 11.5321159 0.0115321159 6.12108262
702 4297 11.5321175 0.0115321175 6.12108262
702 4297 11.532117 0.011532117 6.12108262
701 4284 11.5055438 0.0115055438 6.11126961
701 4284 11.5054504 0.0115054504 6.11126961
701 4280 11.5046435 0.0115046435 6.10556348
701 4279 11.5045096 0.0115045096 6.10413695
701 4284 11.5056642 0.0115056642 6.11126961
701 4284 11.505486 0.011505486 6.11126961
701 4284 11.5056247 0.0115056247 6.11126961
701 4284 11.5055213 0.0115055213 6.11126961
701 4284 11.5055332 0.0115055332 6.11126961
701 4284 11.5055471 0.0115055471 6.11126961
700 4267 11.4785851 0.0114785851 6.09571429
700 4267 11.4786041 0.0114786041 6.09571429
700 4267 11.4785724 0.0114785724 6.09571429
700 4267 11.4787219 0.0114787219 6.09571429
700 4267 11.4785929 0.0114785929 6.09571429
700 4267 11.4787294 0.0114787294 6.09571429
700 4267 11.4785971 0.0114785971 6.09571429
700 4267 11.4787271 0.0114787271 6.09571429
700 4267 11.4785965 0.0114785965 6.09571429
700 4267 11.4787272 0.0114787272 6.09571429
699 4255 11.4509539 0.0114509539 6.08726753
699 4255 11.4508617 0.0114508617 6.08726753
699 4255 11.4510911 0.0114510911 6.08726753
699 4255 11.4510903 0.0114510903 6.08726753
699 4255 11.4510725 0.0114510725 6.08726753
699 4255 11.4510835 0.0114510835 6.08726753
699 4255 11.451082 0.011451082 6.08726753
699 4255 11.4510812 0.0114510812 6.08726753
699 4255 11.4510817 0.0114510817 6.08726753
699 4255 11.4510815 0.0114510815 6.08726753
698 4239 11.4223689 0.0114223689 6.0730659
698 4240 11.4198423 0.0114198423 6.07449857
698 4236 11.4300357 0.0114300357 6.06876791
698 4236 11.43013 0.01143013 6.06876791
698 4236 11.4301269 0.0114301269 6.06876791
698 4236 11.430123 0.011430123 6.06876791
698 4236 11.4300256 0.0114300256 6.06876791
698 4236 11.4300862 0.0114300862 6.06876791
698 4236 11.4301219 0.0114301219 6.06876791
698 4236 11.4301245 0.0114301245 6.06876791
697 4224 11.4013849 0.0114013849 6.06025825
697 4221 11.4010002 0.0114010002 6.05595409
697 4221 11.4007589 0.0114007589 6.05595409
697 4221 11.4009671 0.0114009671 6.05595409
697 4221 11.4009957 0.0114009957 6.05595409
697 4221 11.4010815 0.0114010815 6.05595409
697 4221 11.401088 0.011401088 6.05595409
697 4221 11.4010961 0.0114010961 6.05595409
697 4221 11.4010933 0.0114010933 6.05595409
697 4221 11.4010919 0.0114010919 6.05595409
696 4206 11.3725182 0.0113725182 6.04310345
696 4206 11.3725211 0.0113725211 6.04310345
696 4208 11.3706197 0.0113706197 6.04597701
696 4208 11.3728277 0.0113728277 6.04597701
696 4206 11.3725037 0.0113725037 6.04310345
696 4206 11.3725093 0.0113725093 6.04310345
696 4206 11.3725973 0.0113725973 6.04310345
696 4206 11.3724551 0.0113724551 6.04310345
696 4206 11.3725117 0.0113725117 6.04310345
696 4206 11.3725345 0.0113725345 6.04310345
695 4193 11.3449002 0.0113449002 6.03309353
695 4190 11.3448626 0.0113448626 6.02877698
695 4192 11.3455768 0.0113455768 6.03165468
695 4193 11.3448723 0.0113448723 6.03309353
695 4193 11.3448855 0.0113448855 6.03309353
695 4193 11.3449812 0.0113449812 6.03309353
695 4193 11.3450082 0.0113450082 6.03309353
695 4193 11.3450032 0.0113450032 6.03309353
695 4193 11.3449993 0.0113449993 6.03309353
695 4193 11.3449973 0.0113449973 6.03309353
694 4177 11.3180366 0.0113180366 6.01873199
694 4177 11.3177347 0.0113177347 6.01873199
694 4177 11.3177926 0.0113177926 6.01873199
694 4177 11.317745 0.011317745 6.01873199
694 4177 11.3178614 0.0113178614 6.01873199
694 4177 11.317844 0.011317844 6.01873199
694 4177 11.3177654 0.0113177654 6.01873199
694 4177 11.31786 0.01131786 6.01873199
694 4177 11.3178433 0.0113178433 6.01873199
694 4177 11.3177648 0.0113177648 6.01873199
693 4166 11.2897877 0.0112897877 6.01154401
693 4166 11.2896477 0.0112896477 6.01154401
693 4172 11.2888186 0.0112888186 6.02020202
693 4170 11.29587 0.01129587 6.01731602
693 4172 11.297125 0.011297125 6.02020202
693 4167 11.2883836 0.0112883836 6.01298701
693 4170 11.297133 0.011297133 6.01731602
693 4170 11.2971279 0.0112971279 6.01731602
693 4170 11.2971728 0.0112971728 6.01731602
693 4170 11.2971681 0.0112971681 6.01731602
692 4157 11.2704127 0.0112704127 6.00722543
692 4157 11.2705471 0.0112705471 6.00722543
692 4157 11.2705454 0.0112705454 6.00722543
692 4157 11.2703722 0.0112703722 6.00722543
692 4157 11.2701877 0.0112701877 6.00722543
692 4157 11.2704301 0.0112704301 6.00722543
692 4157 11.2705719 0.0112705719 6.00722543
692 4157 11.2705699 0.0112705699 6.00722543
692 4157 11.2705559 0.0112705559 6.00722543
692 4157 11.2705547 0.0112705547 6.00722543
691 4141 11.2437693 0.0112437693 5.99276411
691 4146 11.2401953 0.0112401953 6
691 4143 11.2430183 0.0112430183 5.99565847
691 4145 11.2443462 0.0112443462 5.99855282
691 4145 11.2443581 0.0112443581 5.99855282
691 4147 11.2439087 0.0112439087 6.00144718
691 4145 11.2444701 0.0112444701 5.99855282
691 4145 11.2443951 0.0112443951 5.99855282
691 4145 11.2443988 0.0112443988 5.99855282
691 4145 11.2443871 0.0112443871 5.99855282
690 4130 11.2178199 0.0112178199 5.98550725
690 4130 11.2177158 0.0112177158 5.98550725
690 4130 11.2177899 0.0112177899 5.98550725
690 4130 11.2177361 0.0112177361 5.98550725
690 4130 11.2177441 0.0112177441 5.98550725
690 4130 11.2177434 0.0112177434 5.98550725
690 4130 11.2177414 0.0112177414 5.98550725
690 4130 11.2177427 0.0112177427 5.98550725
690 4130 11.2177422 0.0112177422 5.98550725
690 4130 11.2177419 0.0112177419 5.98550725
689 4119 11.1908922 0.0111908922 5.97822932
689 4119 11.190903 0.011190903 5.97822932
689 4119 11.1909097 0.0111909097 5.97822932
689 4119 11.1909297 0.0111909297 5.97822932
689 4119 11.1909461 0.0111909461 5.97822932
689 4119 11.1909463 0.0111909463 5.97822932
689 4119 11.1909453 0.0111909453 5.97822932
689 4119 11.1909449 0.0111909449 5.97822932
689 4119 11.1909448 0.0111909448 5.97822932
689 4119 11.1909449 0.0111909449 5.97822932
688 4108 11.1636229 0.0111636229 5.97093023
688 4108 11.1636743 0.0111636743 5.97093023
688 4108 11.1636115 0.0111636115 5.97093023
688 4108 11.1636559 0.0111636559 5.97093023
688 4108 11.1636347 0.0111636347 5.97093023
688 4108 11.1636521 0.0111636521 5.97093023
688 4108 11.1636284 0.0111636284 5.97093023
688 4108 11.1636537 0.0111636537 5.97093023
688 4108 11.1636284 0.0111636284 5.97093023
688 4108 11.1636535 0.0111636535 5.97093023
687 4097 11.1351737 0.0111351737 5.9636099
687 4096 11.1350421 0.0111350421 5.96215429
687 4104 11.131982 0.011131982 5.97379913
687 4103 11.132354 0.011132354 5.97234352
687 4103 11.1362268 0.0111362268 5.97234352
687 4103 11.1361512 0.0111361512 5.97234352
687 4096 11.1348709 0.0111348709 5.96215429
687 4096 11.1350086 0.0111350086 5.96215429
687 4096 11.1350403 0.0111350403 5.96215429
687 4096 11.1350212 0.0111350212 5.96215429
686 4092 11.1096359 0.0111096359 5.96501458
686 4092 11.1096712 0.0111096712 5.96501458
686 4092 11.1097243 0.0111097243 5.96501458
686 4092 11.1097478 0.0111097478 5.96501458
686 4092 11.1097549 0.0111097549 5.96501458
686 4092 11.1097571 0.0111097571 5.96501458
686 4092 11.1097577 0.0111097577 5.96501458
686 4092 11.1097578 0.0111097578 5.96501458
686 4092 11.1097578 0.0111097578 5.96501458
686 4092 11.1097578 0.0111097578 5.96501458
685 4081 11.0816774 0.0110816774 5.95766423
685 4081 11.0842418 0.0110842418 5.95766423
685 4079 11.0682331 0.0110682331 5.95474453
685 4072 11.0897008 0.0110897008 5.94452555
685 4072 11.0898345 0.0110898345 5.94452555
685 4072 11.089857 0.011089857 5.94452555
685 4072 11.0898755 0.0110898755 5.94452555
685 4072 11.0898786 0.0110898786 5.94452555
685 4072 11.0898814 0.0110898814 5.94452555
685 4072 11.0898823 0.0110898823 5.94452555
684 4061 11.0627306 0.0110627306 5.9371345
684 4061 11.0626382 0.0110626382 5.9371345
684 4061 11.0627074 0.0110627074 5.9371345
684 4061 11.0627696 0.0110627696 5.9371345
684 4061 11.0627737 0.0110627737 5.9371345
684 4061 11.0627651 0.0110627651 5.9371345
684 4061 11.0627595 0.0110627595 5.9371345
684 4061 11.0627582 0.0110627582 5.9371345
684 4061 11.0627584 0.0110627584 5.9371345
684 4061 11.0627584 0.0110627584 5.9371345
683 4039 11.0347239 0.0110347239 5.9136164
683 4051 11.0348219 0.0110348219 5.93118594
683 4051 11.03488 0.01103488 5.93118594
683 4039 11.0346084 0.0110346084 5.9136164
683 4039 11.0346111 0.0110346111 5.9136164
683 4039 11.0346057 0.0110346057 5.9136164
683 4039 11.0346036 0.0110346036 5.9136164
683 4039 11.0346022 0.0110346022 5.9136164
683 4039 11.0346023 0.0110346023 5.9136164
683 4039 11.0346024 0.0110346024 5.9136164
682 4029 11.0072673 0.0110072673 5.90762463
682 4022 11.0024737 0.0110024737 5.8973607
682 4029 11.007284 0.011007284 5.90762463
682 4029 11.0072636 0.0110072636 5.90762463
682 4029 11.0072231 0.0110072231 5.90762463
682 4029 11.0072333 0.0110072333 5.90762463
682 4029 11.0072384 0.0110072384 5.90762463
682 4029 11.0072403 0.0110072403 5.90762463
682 4029 11.0072403 0.0110072403 5.90762463
682 4029 11.0072403 0.0110072403 5.90762463
681 4012 10.9791624 0.0109791624 5.89133627
681 4012 10.9790632 0.0109790632 5.89133627
681 4012 10.9790771 0.0109790771 5.89133627
681 4017 10.9807473 0.0109807473 5.89867841
681 4018 10.9787359 0.0109787359 5.90014684
681 4028 10.9813016 0.0109813016 5.91483113
681 4017 10.9781641 0.0109781641 5.89867841
681 4028 10.981296 0.010981296 5.91483113
681 4028 10.9813411 0.0109813411 5.91483113
681 4017 10.9806432 0.0109806432 5.89867841
680 4006 10.9544563 0.0109544563 5.89117647
680 4009 10.9545189 0.0109545189 5.89558824
680 4006 10.9545399 0.0109545399 5.89117647
680 4006 10.954542 0.010954542 5.89117647
680 4006 10.9546224 0.0109546224 5.89117647
680 4006 10.9546087 0.0109546087 5.89117647
680 4006 10.954608 0.010954608 5.89117647
680 4006 10.954606 0.010954606 5.89117647
680 4006 10.9546041 0.0109546041 5.89117647
680 4006 10.9546039 0.0109546039 5.89117647
679 3998 10.928792 0.010928792 5.88807069
679 3998 10.9286813 0.0109286813 5.88807069
679 3998 10.928832 0.010928832 5.88807069
679 3998 10.9285952 0.0109285952 5.88807069
679 3998 10.9287533 0.0109287533 5.88807069
679 3998 10.9286849 0.0109286849 5.88807069
679 3998 10.9286252 0.0109286252 5.88807069
679 3998 10.9287691 0.0109287691 5.88807069
679 3998 10.9286948 0.0109286948 5.88807069
679 3998 10.9286254 0.0109286254 5.88807069
678 3981 10.902263 0.010902263 5.87168142
678 3981 10.9021992 0.0109021992 5.87168142
678 3981 10.9021411 0.0109021411 5.87168142
678 3986 10.9049613 0.0109049613 5.87905605
678 3980 10.9009955 0.0109009955 5.87020649
678 3987 10.8954726 0.0108954726 5.88053097
678 3977 10.9013991 0.0109013991 5.86578171
678 3980 10.9019083 0.0109019083 5.87020649
678 3980 10.8946601 0.0108946601 5.87020649
678 3984 10.9007848 0.0109007848 5.87610619
677 3969 10.8766075 0.0108766075 5.86262925
677 3979 10.8763087 0.0108763087 5.8774003
677 3968 10.8744848 0.0108744848 5.86115214
677 3969 10.8767121 0.0108767121 5.86262925
677 3968 10.8721386 0.0108721386 5.86115214
677 3967 10.8692083 0.0108692083 5.85967504
677 3969 10.8743858 0.0108743858 5.86262925
677 3972 10.8635319 0.0108635319 5.86706056
677 3969 10.876754 0.010876754 5.86262925
677 3974 10.8751184 0.0108751184 5.87001477
676 3957 10.8515209 0.0108515209 5.8535503
676 3957 10.8515485 0.0108515485 5.8535503
676 3957 10.8514857 0.0108514857 5.8535503
676 3957 10.8515871 0.0108515871 5.8535503
676 3957 10.8515109 0.0108515109 5.8535503
676 3957 10.851586 0.010851586 5.8535503
676 3957 10.8515076 0.0108515076 5.8535503
676 3957 10.8515861 0.0108515861 5.8535503
676 3957 10.8515076 0.0108515076 5.8535503
676 3957 10.8515861 0.0108515861 5.8535503
675 3946 10.825065 0.010825065 5.84592593
675 3946 10.825101 0.010825101 5.84592593
675 3946 10.825028 0.010825028 5.84592593
675 3946 10.8250363 0.0108250363 5.84592593
675 3946 10.8250368 0.0108250368 5.84592593
675 3946 10.8250291 0.0108250291 5.84592593
675 3946 10.8250356 0.0108250356 5.84592593
675 3946 10.8250289 0.0108250289 5.84592593
675 3946 10.8250359 0.0108250359 5.84592593
675 3946 10.8250288 0.0108250288 5.84592593
674 3934 10.8015328 0.0108015328 5.83679525
674 3934 10.8014165 0.0108014165 5.83679525
674 3934 10.8014254 0.0108014254 5.83679525
674 3928 10.7973433 0.0107973433 5.82789318
674 3928 10.7972771 0.0107972771 5.82789318
674 3928 10.7973151 0.0107973151 5.82789318
674 3928 10.7973168 0.0107973168 5.82789318
674 3928 10.7973159 0.0107973159 5.82789318
674 3928 10.7973153 0.0107973153 5.82789318
674 3928 10.7973155 0.0107973155 5.82789318
673 3916 10.7732376 0.0107732376 5.81872214
673 3916 10.7732446 0.0107732446 5.81872214
673 3916 10.7733482 0.0107733482 5.81872214
673 3916 10.7733353 0.0107733353 5.81872214
673 3916 10.7733383 0.0107733383 5.81872214
673 3916 10.7733373 0.0107733373 5.81872214
673 3916 10.7733368 0.0107733368 5.81872214
673 3916 10.7733366 0.0107733366 5.81872214
673 3916 10.7733366 0.0107733366 5.81872214
673 3916 10.7733365 0.0107733365 5.81872214
672 3906 10.7464807 0.0107464807 5.8125
672 3906 10.7464413 0.0107464413 5.8125
672 3906 10.746369 0.010746369 5.8125
672 3899 10.7458699 0.0107458699 5.80208333
672 3899 10.7457545 0.0107457545 5.80208333
672 3899 10.7457541 0.0107457541 5.80208333
672 3899 10.7457459 0.0107457459 5.80208333
672 3899 10.7457497 0.0107457497 5.80208333
672 3899 10.7457502 0.0107457502 5.80208333
672 3899 10.7457496 0.0107457496 5.80208333
671 3889 10.7189087 0.0107189087 5.79582712
671 3889 10.7187894 0.0107187894 5.79582712
671 3888 10.7180077 0.0107180077 5.79433681
671 3895 10.7183096 0.0107183096 5.804769
671 3888 10.7174026 0.0107174026 5.79433681
671 3895 10.7184098 0.0107184098 5.804769
671 3895 10.7183059 0.0107183059 5.804769
671 3895 10.7182802 0.0107182802 5.804769
671 3895 10.718283 0.010718283 5.804769
671 3895 10.718282 0.010718282 5.804769
670 3878 10.6911958 0.0106911958 5.7880597
670 3878 10.6913691 0.0106913691 5.7880597
670 3884 10.6893315 0.0106893315 5.79701493
670 3878 10.6912535 0.0106912535 5.7880597
670 3872 10.6893977 0.0106893977 5.77910448
670 3873 10.6877675 0.0106877675 5.78059701
670 3873 10.6877131 0.0106877131 5.78059701
670 3873 10.6877102 0.0106877102 5.78059701
670 3873 10.6877107 0.0106877107 5.78059701
670 3873 10.6877081 0.0106877081 5.78059701
669 3861 10.6628923 0.0106628923 5.77130045
669 3862 10.6588195 0.0106588195 5.77279522
669 3861 10.6629565 0.0106629565 5.77130045
669 3861 10.6627985 0.0106627985 5.77130045
669 3861 10.6629387 0.0106629387 5.77130045
669 3861 10.6629081 0.0106629081 5.77130045
669 3861 10.662869 0.010662869 5.77130045
669 3861 10.6628613 0.0106628613 5.77130045
669 3861 10.662926 0.010662926 5.77130045
669 3861 10.6629048 0.0106629048 5.77130045
668 3850 10.6350345 0.0106350345 5.76347305
668 3850 10.6350461 0.0106350461 5.76347305
668 3850 10.635045 0.010635045 5.76347305
668 3850 10.6350791 0.0106350791 5.76347305
668 3850 10.6350663 0.0106350663 5.76347305
668 3850 10.6350626 0.0106350626 5.76347305
668 3850 10.6350645 0.0106350645 5.76347305
668 3850 10.6350647 0.0106350647 5.76347305
668 3850 10.6350646 0.0106350646 5.76347305
668 3850 10.6350645 0.0106350645 5.76347305
667 3836 10.6070935 0.0106070935 5.75112444
667 3838 10.603563 0.010603563 5.75412294
667 3834 10.6072732 0.0106072732 5.74812594
667 3838 10.6065064 0.0106065064 5.75412294
667 3839 10.6032221 0.0106032221 5.75562219
667 3844 10.6035148 0.0106035148 5.76311844
667 3837 10.6006547 0.0106006547 5.75262369
667 3835 10.6007913 0.0106007913 5.74962519
667 3844 10.6030766 0.0106030766 5.76311844
667 3844 10.6032503 0.0106032503 5.76311844
666 3840 10.5787471 0.0105787471 5.76576577
666 3840 10.5786794 0.0105786794 5.76576577
666 3840 10.578677 0.010578677 5.76576577
666 3840 10.5786822 0.0105786822 5.76576577
666 3840 10.5786847 0.0105786847 5.76576577
666 3840 10.5786793 0.0105786793 5.76576577
666 3840 10.5786794 0.0105786794 5.76576577
666 3840 10.5786793 0.0105786793 5.76576577
666 3840 10.5786794 0.0105786794 5.76576577
666 3840 10.5786792 0.0105786792 5.76576577
665 3823 10.5523835 0.0105523835 5.74887218
665 3823 10.5523627 0.0105523627 5.74887218
665 3823 10.5525734 0.0105525734 5.74887218
665 3823 10.5526137 0.0105526137 5.74887218
665 3823 10.552603 0.010552603 5.74887218
665 3823 10.5526058 0.0105526058 5.74887218
665 3823 10.5526072 0.0105526072 5.74887218
665 3823 10.5526072 0.0105526072 5.74887218
665 3823 10.5526075 0.0105526075 5.74887218
665 3823 10.5526074 0.0105526074 5.74887218
664 3810 10.5252041 0.0105252041 5.73795181
664 3810 10.5250945 0.0105250945 5.73795181
664 3814 10.524949 0.010524949 5.7439759
664 3818 10.5248117 0.0105248117 5.75
664 3812 10.5246756 0.0105246756 5.74096386
664 3813 10.5240042 0.0105240042 5.74246988
664 3810 10.5258186 0.0105258186 5.73795181
664 3812 10.5229429 0.0105229429 5.74096386
664 3818 10.5243555 0.0105243555 5.75
664 3814 10.5251823 0.0105251823 5.7439759
663 3801 10.5000952 0.0105000952 5.73303167
663 3801 10.5001055 0.0105001055 5.73303167
663 3801 10.5002606 0.0105002606 5.73303167
663 3801 10.5002898 0.0105002898 5.73303167
663 3801 10.5002852 0.0105002852 5.73303167
663 3801 10.5002926 0.0105002926 5.73303167
663 3801 10.5002932 0.0105002932 5.73303167
663 3801 10.5002941 0.0105002941 5.73303167
663 3801 10.5002945 0.0105002945 5.73303167
663 3801 10.5002943 0.0105002943 5.73303167
662 3788 10.4735373 0.0104735373 5.72205438
662 3788 10.4733794 0.0104733794 5.72205438
662 3788 10.4735058 0.0104735058 5.72205438
662 3788 10.4733434 0.0104733434 5.72205438
662 3788 10.4735102 0.0104735102 5.72205438
662 3788 10.4733456 0.0104733456 5.72205438
662 3788 10.4735126 0.0104735126 5.72205438
662 3788 10.4733458 0.0104733458 5.72205438
662 3788 10.4735128 0.0104735128 5.72205438
662 3788 10.4733458 0.0104733458 5.72205438
661 3773 10.4451767 0.0104451767 5.70801815
661 3778 10.4440641 0.0104440641 5.71558245
661 3773 10.4451447 0.0104451447 5.70801815
661 3773 10.4450223 0.0104450223 5.70801815
661 3773 10.4448774 0.0104448774 5.70801815
661 3773 10.4450225 0.0104450225 5.70801815
661 3773 10.4450155 0.0104450155 5.70801815
661 3773 10.4449283 0.0104449283 5.70801815
661 3773 10.4450212 0.0104450212 5.70801815
661 3773 10.4450201 0.0104450201 5.70801815
660 3763 10.4174945 0.0104174945 5.70151515
660 3761 10.42012 0.01042012 5.69848485
660 3763 10.4175235 0.0104175235 5.70151515
660 3763 10.417489 0.010417489 5.70151515
660 3763 10.4174894 0.0104174894 5.70151515
660 3763 10.4174963 0.0104174963 5.70151515
660 3763 10.4174945 0.0104174945 5.70151515
660 3763 10.4174942 0.0104174942 5.70151515
660 3763 10.4174942 0.0104174942 5.70151515
660 3763 10.4174942 0.0104174942 5.70151515
659 3751 10.3934399 0.0103934399 5.69195751
659 3751 10.3934685 0.0103934685 5.69195751
659 3751 10.3934493 0.0103934493 5.69195751
659 3751 10.393441 0.010393441 5.69195751
659 3751 10.3934412 0.0103934412 5.69195751
659 3751 10.3934412 0.0103934412 5.69195751
659 3751 10.3934412 0.0103934412 5.69195751
659 3751 10.3934412 0.0103934412 5.69195751
659 3751 10.3934413 0.0103934413 5.69195751
659 3751 10.3934413 0.0103934413 5.69195751
658 3740 10.3658906 0.0103658906 5.68389058
658 3734 10.3662184 0.0103662184 5.67477204
658 3734 10.3661643 0.0103661643 5.67477204
658 3734 10.3661287 0.0103661287 5.67477204
658 3734 10.3661314 0.0103661314 5.67477204
658 3734 10.3661316 0.0103661316 5.67477204
658 3734 10.3661315 0.0103661315 5.67477204
658 3734 10.3661315 0.0103661315 5.67477204
658 3734 10.3661315 0.0103661315 5.67477204
658 3734 10.3661315 0.0103661315 5.67477204
657 3723 10.3387872 0.0103387872 5.66666667
656 3716 10.3155166 0.0103155166 5.66463415
656 3718 10.3151016 0.0103151016 5.66768293
656 3713 10.3146689 0.0103146689 5.66006098
656 3713 10.314629 0.010314629 5.66006098
656 3713 10.3146316 0.0103146316 5.66006098
656 3713 10.314637 0.010314637 5.66006098
656 3713 10.3146349 0.0103146349 5.66006098
656 3713 10.3146347 0.0103146347 5.66006098
656 3713 10.3146349 0.0103146349 5.66006098
655 3701 10.291271 0.010291271 5.65038168
655 3701 10.2915364 0.0102915364 5.65038168
655 3701 10.2912752 0.0102912752 5.65038168
655 3701 10.2912581 0.0102912581 5.65038168
655 3701 10.2915027 0.0102915027 5.65038168
655 3701 10.2912404 0.0102912404 5.65038168
655 3701 10.2912791 0.0102912791 5.65038168
655 3701 10.291263 0.010291263 5.65038168
655 3701 10.2912553 0.0102912553 5.65038168
655 3701 10.2912516 0.0102912516 5.65038168
654 3693 10.26242 0.01026242 5.64678899
654 3689 10.2607658 0.0102607658 5.64067278
653 3672 10.2341807 0.0102341807 5.62327718
653 3676 10.2314427 0.0102314427 5.62940276
653 3679 10.2335588 0.0102335588 5.63399694
653 3674 10.234082 0.010234082 5.62633997
653 3676 10.2313012 0.0102313012 5.62940276
653 3676 10.2313305 0.0102313305 5.62940276
653 3677 10.2357059 0.0102357059 5.63093415
653 3677 10.2356883 0.0102356883 5.63093415
652 3664 10.2084857 0.0102084857 5.6196319
652 3664 10.2084137 0.0102084137 5.6196319
652 3664 10.2084785 0.0102084785 5.6196319
652 3664 10.2084663 0.0102084663 5.6196319
652 3664 10.2084693 0.0102084693 5.6196319
652 3664 10.2084696 0.0102084696 5.6196319
652 3664 10.2084695 0.0102084695 5.6196319
652 3664 10.2084695 0.0102084695 5.6196319
652 3664 10.2084695 0.0102084695 5.6196319
652 3664 10.2084695 0.0102084695 5.6196319
651 3649 10.1797691 0.0101797691 5.60522273
651 3649 10.1796922 0.0101796922 5.60522273
651 3653 10.1795303 0.0101795303 5.61136713
651 3649 10.1797267 0.0101797267 5.60522273
651 3649 10.1796954 0.0101796954 5.60522273
651 3649 10.179688 0.010179688 5.60522273
651 3649 10.1796877 0.0101796877 5.60522273
651 3649 10.1796847 0.0101796847 5.60522273
651 3649 10.1796843 0.0101796843 5.60522273
651 3649 10.1796842 0.0101796842 5.60522273
650 3638 10.1514618 0.0101514618 5.59692308
650 3638 10.1514098 0.0101514098 5.59692308
650 3638 10.1514966 0.0101514966 5.59692308
650 3638 10.151609 0.010151609 5.59692308
650 3640 10.1512686 0.0101512686 5.6
650 3638 10.138755 0.010138755 5.59692308
650 3644 10.1554738 0.0101554738 5.60615385
650 3644 10.1553466 0.0101553466 5.60615385
650 3644 10.1554924 0.0101554924 5.60615385
650 3644 10.155296 0.010155296 5.60615385
649 3629 10.1267561 0.0101267561 5.59167951
649 3633 10.1269652 0.0101269652 5.59784284
649 3634 10.1263648 0.0101263648 5.59938367
649 3630 10.126571 0.010126571 5.59322034
649 3634 10.1261974 0.0101261974 5.59938367
649 3634 10.1261299 0.0101261299 5.59938367
649 3634 10.1261388 0.0101261388 5.59938367
649 3634 10.1261475 0.0101261475 5.59938367
649 3634 10.1261447 0.0101261447 5.59938367
649 3634 10.1261433 0.0101261433 5.59938367
648 3620 10.0991502 0.0100991502 5.58641975
648 3626 10.0842005 0.0100842005 5.59567901
648 3622 10.0976739 0.0100976739 5.58950617
648 3623 10.1024134 0.0101024134 5.59104938
648 3625 10.0996739 0.0100996739 5.5941358
648 3620 10.1002944 0.0101002944 5.58641975
648 3628 10.1023815 0.0101023815 5.59876543
648 3618 10.1029729 0.0101029729 5.58333333
648 3618 10.1029707 0.0101029707 5.58333333
648 3618 10.1029614 0.0101029614 5.58333333
647 3606 10.0798072 0.0100798072 5.57341577
647 3606 10.0799022 0.0100799022 5.57341577
647 3606 10.0798412 0.0100798412 5.57341577
647 3606 10.0799702 0.0100799702 5.57341577
647 3606 10.0796236 0.0100796236 5.57341577
647 3606 10.0798178 0.0100798178 5.57341577
647 3606 10.0799812 0.0100799812 5.57341577
647 3606 10.0796054 0.0100796054 5.57341577
647 3606 10.0798203 0.0100798203 5.57341577
647 3606 10.0799805 0.0100799805 5.57341577
646 3598 10.05285 0.01005285 5.56965944
646 3598 10.0526097 0.0100526097 5.56965944
646 3598 10.0526491 0.0100526491 5.56965944
646 3592 10.0515862 0.0100515862 5.56037152
646 3592 10.0515338 0.0100515338 5.56037152
646 3598 10.0529454 0.0100529454 5.56965944
646 3598 10.0529491 0.0100529491 5.56965944
646 3598 10.0529227 0.0100529227 5.56965944
646 3598 10.0527174 0.0100527174 5.56965944
646 3598 10.0527008 0.0100527008 5.56965944
645 3584 10.0245788 0.0100245788 5.55658915
645 3584 10.0248172 0.0100248172 5.55658915
645 3584 10.0247675 0.0100247675 5.55658915
645 3584 10.0247645 0.0100247645 5.55658915
645 3584 10.0247586 0.0100247586 5.55658915
645 3584 10.0247573 0.0100247573 5.55658915
645 3584 10.0247576 0.0100247576 5.55658915
645 3584 10.0247576 0.0100247576 5.55658915
645 3584 10.0247576 0.0100247576 5.55658915
645 3584 10.0247576 0.0100247576 5.55658915
644 3573 9.99691805 0.00999691805 5.54813665
644 3570 9.99547547 0.00999547547 5.54347826
644 3571 9.99553613 0.00999553613 5.54503106
644 3571 9.99961257 0.00999961257 5.54503106
644 3569 9.99882845 0.00999882845 5.54192547
644 3567 9.99453168 0.00999453168 5.53881988
644 3567 9.99928759 0.00999928759 5.53881988
644 3561 10.000326 0.010000326 5.52950311
644 3568 9.99659559 0.00999659559 5.54037267
644 3569 9.99374811 0.00999374811 5.54192547
643 3557 9.97812553 0.00997812553 5.5318818
642 3543 9.95436478 0.00995436478 5.51869159
642 3541 9.95475979 0.00995475979 5.51557632
642 3549 9.95853622 0.00995853622 5.52803738
642 3549 9.95841476 0.00995841476 5.52803738
642 3549 9.95853204 0.00995853204 5.52803738
642 3549 9.95860059 0.00995860059 5.52803738
642 3549 9.95883487 0.00995883487 5.52803738
642 3549 9.95861966 0.00995861966 5.52803738
642 3549 9.95860653 0.00995860653 5.52803738
641 3541 9.93274828 0.00993274828 5.52418097
641 3531 9.9319834 0.0099319834 5.50858034
641 3531 9.93227014 0.00993227014 5.50858034
641 3531 9.93194205 0.00993194205 5.50858034
641 3531 9.93209369 0.00993209369 5.50858034
641 3531 9.9322877 0.0099322877 5.50858034
641 3531 9.93191013 0.00993191013 5.50858034
641 3531 9.93210301 0.00993210301 5.50858034
641 3531 9.93228545 0.00993228545 5.50858034
641 3531 9.93191085 0.00993191085 5.50858034
640 3523 9.9066472 0.0099066472 5.5046875
640 3523 9.90648533 0.00990648533 5.5046875
640 3523 9.90642424 0.00990642424 5.5046875
640 3523 9.90650264 0.00990650264 5.5046875
640 3523 9.9065196 0.0099065196 5.5046875
640 3523 9.90642175 0.00990642175 5.5046875
640 3523 9.90650037 0.00990650037 5.5046875
640 3523 9.90651838 0.00990651838 5.5046875
640 3523 9.90642101 0.00990642101 5.5046875
640 3523 9.90650039 0.00990650039 5.5046875
639 3512 9.87905069 0.00987905069 5.49608764
639 3512 9.87900094 0.00987900094 5.49608764
639 3512 9.87894301 0.00987894301 5.49608764
639 3512 9.87893361 0.00987893361 5.49608764
639 3512 9.87892015 0.00987892015 5.49608764
639 3512 9.87891791 0.00987891791 5.49608764
639 3512 9.87891824 0.00987891824 5.49608764
639 3512 9.87891812 0.00987891812 5.49608764
639 3512 9.87891799 0.00987891799 5.49608764
639 3512 9.87891797 0.00987891797 5.49608764
638 3498 9.85208395 0.00985208395 5.48275862
638 3498 9.85224924 0.00985224924 5.48275862
638 3498 9.85232734 0.00985232734 5.48275862
638 3498 9.85229258 0.00985229258 5.48275862
638 3498 9.85226568 0.00985226568 5.48275862
638 3498 9.85226562 0.00985226562 5.48275862
638 3498 9.85226658 0.00985226658 5.48275862
638 3498 9.85226678 0.00985226678 5.48275862
638 3498 9.85226671 0.00985226671 5.48275862
638 3498 9.8522667 0.0098522667 5.48275862
637 3484 9.82378609 0.00982378609 5.46938776
637 3483 9.82301599 0.00982301599 5.4678179
637 3483 9.82286068 0.00982286068 5.4678179
637 3483 9.82307128 0.00982307128 5.4678179
637 3483 9.82303811 0.00982303811 5.4678179
637 3483 9.82303831 0.00982303831 5.4678179
637 3483 9.82303969 0.00982303969 5.4678179
637 3483 9.82303494 0.00982303494 5.4678179
637 3483 9.82303811 0.00982303811 5.4678179
637 3483 9.82303785 0.00982303785 5.4678179
636 3471 9.79986045 0.00979986045 5.45754717
636 3472 9.79397086 0.00979397086 5.4591195
636 3471 9.79992293 0.00979992293 5.45754717
636 3471 9.79967089 0.00979967089 5.45754717
636 3471 9.79977347 0.00979977347 5.45754717
636 3471 9.79974958 0.00979974958 5.45754717
636 3471 9.79974119 0.00979974119 5.45754717
636 3471 9.79974127 0.00979974127 5.45754717
636 3471 9.79973978 0.00979973978 5.45754717
636 3471 9.79973992 0.00979973992 5.45754717
635 3460 9.77109896 0.00977109896 5.4488189
635 3457 9.77110947 0.00977110947 5.44409449
635 3457 9.77127264 0.00977127264 5.44409449
635 3457 9.77122816 0.00977122816 5.44409449
635 3457 9.77137903 0.00977137903 5.44409449
635 3460 9.77129992 0.00977129992 5.4488189
635 3460 9.77128961 0.00977128961 5.4488189
634 3450 9.74265605 0.00974265605 5.44164038
634 3446 9.74256075 0.00974256075 5.43533123
634 3447 9.74082651 0.00974082651 5.43690852
633 3439 9.71456121 0.00971456121 5.4328594
633 3438 9.72259147 0.00972259147 5.43127962
633 3442 9.73466486 0.00973466486 5.43759874
633 3442 9.73451358 0.00973451358 5.43759874
633 3442 9.73448418 0.00973448418 5.43759874
633 3442 9.73447591 0.00973447591 5.43759874
633 3442 9.73446981 0.00973446981 5.43759874
633 3442 9.73446866 0.00973446866 5.43759874
633 3442 9.73446856 0.00973446856 5.43759874
633 3442 9.73446866 0.00973446866 5.43759874
632 3428 9.70801617 0.00970801617 5.42405063
632 3428 9.70828475 0.00970828475 5.42405063
632 3428 9.70827646 0.00970827646 5.42405063
632 3428 9.70823925 0.00970823925 5.42405063
632 3428 9.70823473 0.00970823473 5.42405063
632 3428 9.70823423 0.00970823423 5.42405063
632 3428 9.70823428 0.00970823428 5.42405063
632 3428 9.70823428 0.00970823428 5.42405063
632 3428 9.70823431 0.00970823431 5.42405063
632 3428 9.70823431 0.00970823431 5.42405063
631 3414 9.68016955 0.00968016955 5.41045959
631 3414 9.68007487 0.00968007487 5.41045959
631 3414 9.68005736 0.00968005736 5.41045959
631 3414 9.68005055 0.00968005055 5.41045959
631 3414 9.68004322 0.00968004322 5.41045959
631 3414 9.68004179 0.00968004179 5.41045959
631 3414 9.68004176 0.00968004176 5.41045959
631 3414 9.68004212 0.00968004212 5.41045959
631 3414 9.68004218 0.00968004218 5.41045959
631 3414 9.68004217 0.00968004217 5.41045959
630 3406 9.6519867 0.0096519867 5.40634921
630 3406 9.65212398 0.00965212398 5.40634921
630 3402 9.65083199 0.00965083199 5.4
630 3405 9.65272791 0.00965272791 5.4047619
630 3406 9.65502798 0.00965502798 5.40634921
630 3414 9.67102256 0.00967102256 5.41904762
630 3413 9.67784649 0.00967784649 5.41746032
629 3402 9.65488244 0.00965488244 5.40858506
629 3402 9.65496028 0.00965496028 5.40858506
629 3402 9.65495824 0.00965495824 5.40858506
628 3391 9.62903096 0.00962903096 5.39968153
628 3391 9.62911708 0.00962911708 5.39968153
628 3391 9.6291384 0.0096291384 5.39968153
628 3391 9.62910281 0.00962910281 5.39968153
628 3391 9.6290958 0.0096290958 5.39968153
628 3391 9.62909517 0.00962909517 5.39968153
628 3391 9.62909485 0.00962909485 5.39968153
628 3391 9.62909484 0.00962909484 5.39968153
628 3391 9.62909485 0.00962909485 5.39968153
628 3391 9.62909485 0.00962909485 5.39968153
627 3377 9.60202017 0.00960202017 5.38596491
627 3377 9.60190517 0.00960190517 5.38596491
627 3377 9.60183909 0.00960183909 5.38596491
627 3377 9.60196572 0.00960196572 5.38596491
627 3377 9.60191789 0.00960191789 5.38596491
627 3377 9.60182444 0.00960182444 5.38596491
627 3377 9.60197511 0.00960197511 5.38596491
627 3377 9.60191776 0.00960191776 5.38596491
627 3377 9.60182361 0.00960182361 5.38596491
627 3377 9.60197505 0.00960197505 5.38596491
626 3363 9.57547134 0.00957547134 5.37220447
626 3363 9.57547712 0.00957547712 5.37220447
626 3363 9.57548084 0.00957548084 5.37220447
626 3363 9.57539467 0.00957539467 5.37220447
626 3363 9.57540683 0.00957540683 5.37220447
626 3363 9.57541455 0.00957541455 5.37220447
626 3363 9.57541143 0.00957541143 5.37220447
626 3363 9.57541171 0.00957541171 5.37220447
626 3363 9.57541154 0.00957541154 5.37220447
626 3363 9.57541158 0.00957541158 5.37220447
625 3351 9.5530455 0.0095530455 5.3616
625 3351 9.55307255 0.00955307255 5.3616
625 3351 9.55293101 0.00955293101 5.3616
625 3351 9.55305019 0.00955305019 5.3616
625 3351 9.55293021 0.00955293021 5.3616
625 3351 9.55307528 0.00955307528 5.3616
625 3351 9.55293369 0.00955293369 5.3616
625 3351 9.55307639 0.00955307639 5.3616
625 3351 9.55293337 0.00955293337 5.3616
625 3351 9.55307559 0.00955307559 5.3616
624 3336 9.5238111 0.0095238111 5.34615385
624 3336 9.5240056 0.0095240056 5.34615385
624 3336 9.5238232 0.0095238232 5.34615385
624 3336 9.5239716 0.0095239716 5.34615385
624 3343 9.52486272 0.00952486272 5.35737179
624 3343 9.52488789 0.00952488789 5.35737179
624 3343 9.52477508 0.00952477508 5.35737179
624 3343 9.52483476 0.00952483476 5.35737179
624 3343 9.52489317 0.00952489317 5.35737179
624 3340 9.51833694 0.00951833694 5.3525641
623 3325 9.49100253 0.00949100253 5.33707865
623 3329 9.49201094 0.00949201094 5.3434992
623 3323 9.49339167 0.00949339167 5.33386838
623 3322 9.49247905 0.00949247905 5.33226324
623 3329 9.49068301 0.00949068301 5.3434992
623 3327 9.4930889 0.0094930889 5.34028892
623 3330 9.48999479 0.00948999479 5.34510433
623 3328 9.48544451 0.00948544451 5.34189406
623 3335 9.49559583 0.00949559583 5.35313002
623 3336 9.50405543 0.00950405543 5.35473515
622 3325 9.48017062 0.00948017062 5.34565916
622 3321 9.48033408 0.00948033408 5.3392283
622 3321 9.48036146 0.00948036146 5.3392283
622 3321 9.48036278 0.00948036278 5.3392283
622 3321 9.48035496 0.00948035496 5.3392283
622 3321 9.48035206 0.00948035206 5.3392283
622 3321 9.48035126 0.00948035126 5.3392283
622 3321 9.48035124 0.00948035124 5.3392283
622 3321 9.4803512 0.0094803512 5.3392283
622 3321 9.48035118 0.00948035118 5.3392283
621 3310 9.45429235 0.00945429235 5.33011272
621 3310 9.45429573 0.00945429573 5.33011272
621 3310 9.45425631 0.00945425631 5.33011272
621 3310 9.45423539 0.00945423539 5.33011272
621 3310 9.45422638 0.00945422638 5.33011272
621 3310 9.45422453 0.00945422453 5.33011272
621 3310 9.45422407 0.00945422407 5.33011272
621 3310 9.45422404 0.00945422404 5.33011272
621 3310 9.45422408 0.00945422408 5.33011272
621 3310 9.45422408 0.00945422408 5.33011272
620 3302 9.42830865 0.00942830865 5.32580645
620 3302 9.42848675 0.00942848675 5.32580645
620 3302 9.42677992 0.00942677992 5.32580645
620 3302 9.42677826 0.00942677826 5.32580645
620 3302 9.42674049 0.00942674049 5.32580645
620 3305 9.42640862 0.00942640862 5.33064516
620 3302 9.42845855 0.00942845855 5.32580645
620 3302 9.42853285 0.00942853285 5.32580645
620 3302 9.42855726 0.00942855726 5.32580645
620 3302 9.42855122 0.00942855122 5.32580645
619 3294 9.40132637 0.00940132637 5.32148627
619 3294 9.40126269 0.00940126269 5.32148627
619 3294 9.40131233 0.00940131233 5.32148627
619 3294 9.40125512 0.00940125512 5.32148627
619 3294 9.40125292 0.00940125292 5.32148627
619 3294 9.40125346 0.00940125346 5.32148627
619 3294 9.40125312 0.00940125312 5.32148627
619 3294 9.40125313 0.00940125313 5.32148627
619 3294 9.40125318 0.00940125318 5.32148627
619 3294 9.40125319 0.00940125319 5.32148627
618 3281 9.37476118 0.00937476118 5.30906149
618 3281 9.37466558 0.00937466558 5.30906149
618 3281 9.37453502 0.00937453502 5.30906149
618 3281 9.37468349 0.00937468349 5.30906149
618 3281 9.37483086 0.00937483086 5.30906149
618 3281 9.37458319 0.00937458319 5.30906149
618 3281 9.37474777 0.00937474777 5.30906149
618 3281 9.37450785 0.00937450785 5.30906149
618 3281 9.37479536 0.00937479536 5.30906149
618 3281 9.37469239 0.00937469239 5.30906149
617 3274 9.34638553 0.00934638553 5.30632091
617 3269 9.34650394 0.00934650394 5.29821718
617 3266 9.34639442 0.00934639442 5.29335494
617 3266 9.3462205 0.0093462205 5.29335494
617 3266 9.34625687 0.00934625687 5.29335494
617 3266 9.34629421 0.00934629421 5.29335494
617 3266 9.3463193 0.0093463193 5.29335494
617 3269 9.34618992 0.00934618992 5.29821718
617 3269 9.34635701 0.00934635701 5.29821718
617 3266 9.34634577 0.00934634577 5.29335494
616 3254 9.3189205 0.0093189205 5.28246753
616 3254 9.31890819 0.00931890819 5.28246753
616 3254 9.31900549 0.00931900549 5.28246753
616 3254 9.3190657 0.0093190657 5.28246753
616 3254 9.31891144 0.00931891144 5.28246753
616 3254 9.31897983 0.00931897983 5.28246753
616 3254 9.31903379 0.00931903379 5.28246753
616 3254 9.3189139 0.0093189139 5.28246753
616 3254 9.31898099 0.00931898099 5.28246753
616 3254 9.31903381 0.00931903381 5.28246753
615 3247 9.29117287 0.00929117287 5.2796748
615 3243 9.2891483 0.0092891483 5.27317073
615 3244 9.29016213 0.00929016213 5.27479675
615 3245 9.29567437 0.00929567437 5.27642276
615 3253 9.29860666 0.00929860666 5.28943089
615 3247 9.30052484 0.00930052484 5.2796748
615 3247 9.29845585 0.00929845585 5.2796748
615 3254 9.29854071 0.00929854071 5.29105691
615 3247 9.29116436 0.00929116436 5.2796748
615 3250 9.29873907 0.00929873907 5.28455285
614 3239 9.27414389 0.00927414389 5.2752443
614 3239 9.27425175 0.00927425175 5.2752443
614 3239 9.27428834 0.00927428834 5.2752443
614 3239 9.2742494 0.0092742494 5.2752443
614 3239 9.27424093 0.00927424093 5.2752443
614 3239 9.27424001 0.00927424001 5.2752443
614 3239 9.27423947 0.00927423947 5.2752443
614 3239 9.27423958 0.00927423958 5.2752443
614 3239 9.27423964 0.00927423964 5.2752443
614 3239 9.27423962 0.00927423962 5.2752443
613 3226 9.24795371 0.00924795371 5.26264274
613 3226 9.24783621 0.00924783621 5.26264274
613 3226 9.24783949 0.00924783949 5.26264274
613 3226 9.2478558 0.0092478558 5.26264274
613 3226 9.24786628 0.00924786628 5.26264274
613 3226 9.24788066 0.00924788066 5.26264274
613 3226 9.24787979 0.00924787979 5.26264274
613 3226 9.24787878 0.00924787878 5.26264274
613 3226 9.24787928 0.00924787928 5.26264274
613 3226 9.24787897 0.00924787897 5.26264274
612 3211 9.22029418 0.00922029418 5.24673203
612 3211 9.22039535 0.00922039535 5.24673203
612 3211 9.2201311 0.0092201311 5.24673203
612 3211 9.22021319 0.00922021319 5.24673203
612 3211 9.220408 0.009220408 5.24673203
612 3211 9.2202178 0.0092202178 5.24673203
612 3211 9.22045215 0.00922045215 5.24673203
612 3211 9.22021807 0.00922021807 5.24673203
612 3211 9.22045329 0.00922045329 5.24673203
612 3211 9.22021821 0.00922021821 5.24673203
611 3197 9.19216204 0.00919216204 5.23240589
611 3204 9.19265518 0.00919265518 5.24386252
611 3207 9.19227393 0.00919227393 5.2487725
611 3215 9.20575411 0.00920575411 5.26186579
611 3223 9.20816601 0.00920816601 5.27495908
611 3223 9.19293727 0.00919293727 5.27495908
611 3225 9.18797314 0.00918797314 5.27823241
611 3219 9.2025532 0.0092025532 5.26841244
611 3221 9.21100105 0.00921100105 5.27168576
611 3215 9.21317339 0.00921317339 5.26186579
610 3207 9.18632903 0.00918632903 5.25737705
610 3207 9.18636916 0.00918636916 5.25737705
610 3207 9.18643515 0.00918643515 5.25737705
610 3207 9.18637913 0.00918637913 5.25737705
610 3207 9.18637231 0.00918637231 5.25737705
610 3207 9.18637284 0.00918637284 5.25737705
610 3207 9.18637222 0.00918637222 5.25737705
610 3207 9.18637233 0.00918637233 5.25737705
610 3207 9.1863724 0.0091863724 5.25737705
610 3207 9.1863724 0.0091863724 5.25737705
609 3194 9.15971389 0.00915971389 5.24466338
609 3194 9.15967186 0.00915967186 5.24466338
609 3194 9.15972852 0.00915972852 5.24466338
609 3194 9.15963339 0.00915963339 5.24466338
609 3194 9.15962792 0.00915962792 5.24466338
609 3194 9.15963994 0.00915963994 5.24466338
609 3194 9.15963626 0.00915963626 5.24466338
609 3194 9.15963511 0.00915963511 5.24466338
609 3194 9.15963605 0.00915963605 5.24466338
609 3194 9.15963633 0.00915963633 5.24466338
608 3187 9.13019897 0.00913019897 5.24177632
608 3183 9.1291134 0.0091291134 5.23519737
608 3188 9.13196062 0.00913196062 5.24342105
608 3188 9.132044 0.009132044 5.24342105
608 3188 9.1319463 0.0091319463 5.24342105
608 3188 9.13191638 0.00913191638 5.24342105
608 3188 9.131913 0.009131913 5.24342105
608 3188 9.13191365 0.00913191365 5.24342105
608 3188 9.13191377 0.00913191377 5.24342105
608 3188 9.13191373 0.00913191373 5.24342105
607 3176 9.10558064 0.00910558064 5.23228995
607 3176 9.10548171 0.00910548171 5.23228995
607 3176 9.10553268 0.00910553268 5.23228995
607 3176 9.10554703 0.00910554703 5.23228995
607 3176 9.10555301 0.00910555301 5.23228995
607 3176 9.10555134 0.00910555134 5.23228995
607 3176 9.1055509 0.0091055509 5.23228995
607 3176 9.10555108 0.00910555108 5.23228995
607 3176 9.10555117 0.00910555117 5.23228995
607 3176 9.10555117 0.00910555117 5.23228995
606 3163 9.07724048 0.00907724048 5.21947195
606 3164 9.07687759 0.00907687759 5.22112211
606 3163 9.07702812 0.00907702812 5.21947195
606 3163 9.07718472 0.00907718472 5.21947195
606 3163 9.07761817 0.00907761817 5.21947195
606 3163 9.07761455 0.00907761455 5.21947195
606 3163 9.07709565 0.00907709565 5.21947195
606 3163 9.0771938 0.0090771938 5.21947195
606 3163 9.07721758 0.00907721758 5.21947195
606 3163 9.07723653 0.00907723653 5.21947195
605 3151 9.0516641 0.0090516641 5.20826446
605 3151 9.05169379 0.00905169379 5.20826446
605 3151 9.0514668 0.0090514668 5.20826446
605 3151 9.05159983 0.00905159983 5.20826446
605 3151 9.05146014 0.00905146014 5.20826446
605 3151 9.05159497 0.00905159497 5.20826446
605 3151 9.05146451 0.00905146451 5.20826446
605 3151 9.0515961 0.0090515961 5.20826446
605 3151 9.05146494 0.00905146494 5.20826446
605 3151 9.05159612 0.00905159612 5.20826446
604 3142 9.02393286 0.00902393286 5.20198675
604 3139 9.03042733 0.00903042733 5.19701987
604 3139 9.03018284 0.00903018284 5.19701987
604 3139 9.03014801 0.00903014801 5.19701987
604 3139 9.03013391 0.00903013391 5.19701987
604 3139 9.03013253 0.00903013253 5.19701987
604 3139 9.03013224 0.00903013224 5.19701987
604 3139 9.03013203 0.00903013203 5.19701987
604 3139 9.03013208 0.00903013208 5.19701987
604 3139 9.03013209 0.00903013209 5.19701987
603 3130 9.00326269 0.00900326269 5.1907131
603 3130 9.00347255 0.00900347255 5.1907131
603 3130 9.00345692 0.00900345692 5.1907131
603 3130 9.00346924 0.00900346924 5.1907131
603 3130 9.00340307 0.00900340307 5.1907131
603 3130 9.00345607 0.00900345607 5.1907131
603 3130 9.00339805 0.00900339805 5.1907131
603 3130 9.00345715 0.00900345715 5.1907131
603 3130 9.00339709 0.00900339709 5.1907131
603 3130 9.00345766 0.00900345766 5.1907131
602 3121 8.97527761 0.00897527761 5.18438538
602 3118 8.9746916 0.0089746916 5.17940199
602 3121 8.97543483 0.00897543483 5.18438538
602 3121 8.97545393 0.00897545393 5.18438538
602 3121 8.97555386 0.00897555386 5.18438538
602 3121 8.97557129 0.00897557129 5.18438538
602 3121 8.97557593 0.00897557593 5.18438538
602 3121 8.97557312 0.00897557312 5.18438538
602 3121 8.97557352 0.00897557352 5.18438538
602 3121 8.97557432 0.00897557432 5.18438538
601 3109 8.94815351 0.00894815351 5.17304493
601 3109 8.94785687 0.00894785687 5.17304493
601 3109 8.94819885 0.00894819885 5.17304493
601 3109 8.94822737 0.00894822737 5.17304493
601 3109 8.94785507 0.00894785507 5.17304493
601 3109 8.94819991 0.00894819991 5.17304493
601 3109 8.94781083 0.00894781083 5.17304493
601 3109 8.94819042 0.00894819042 5.17304493
601 3109 8.94780987 0.00894780987 5.17304493
601 3109 8.94818031 0.00894818031 5.17304493
600 3098 8.92024735 0.00892024735 5.16333333
600 3097 8.91847608 0.00891847608 5.16166667
600 3098 8.92037868 0.00892037868 5.16333333
600 3098 8.92030586 0.00892030586 5.16333333
600 3098 8.92023863 0.00892023863 5.16333333
600 3098 8.92026459 0.00892026459 5.16333333
600 3098 8.92027236 0.00892027236 5.16333333
600 3098 8.92027556 0.00892027556 5.16333333
600 3098 8.92027612 0.00892027612 5.16333333
600 3098 8.92027617 0.00892027617 5.16333333
599 3086 8.89139526 0.00889139526 5.15191987
599 3086 8.89130484 0.00889130484 5.15191987
599 3087 8.89017945 0.00889017945 5.15358932
598 3080 8.87375131 0.00887375131 5.15050167
598 3080 8.87885723 0.00887885723 5.15050167
598 3077 8.87485798 0.00887485798 5.14548495
598 3080 8.87884211 0.00887884211 5.15050167
598 3080 8.87868234 0.00887868234 5.15050167
598 3077 8.86728876 0.00886728876 5.14548495
598 3080 8.86968954 0.00886968954 5.15050167
597 3068 8.85100099 0.00885100099 5.13902848
597 3068 8.85089275 0.00885089275 5.13902848
597 3068 8.85106287 0.00885106287 5.13902848
597 3068 8.85110158 0.00885110158 5.13902848
597 3068 8.85110716 0.00885110716 5.13902848
597 3068 8.85111115 0.00885111115 5.13902848
597 3068 8.85111272 0.00885111272 5.13902848
597 3068 8.85111303 0.00885111303 5.13902848
597 3068 8.85111328 0.00885111328 5.13902848
597 3068 8.85111314 0.00885111314 5.13902848
596 3056 8.8238812 0.0088238812 5.12751678
596 3056 8.82391019 0.00882391019 5.12751678
596 3056 8.82375843 0.00882375843 5.12751678
596 3056 8.82367239 0.00882367239 5.12751678
596 3056 8.82395525 0.00882395525 5.12751678
596 3056 8.82361002 0.00882361002 5.12751678
596 3056 8.82384511 0.00882384511 5.12751678
596 3056 8.82374449 0.00882374449 5.12751678
596 3056 8.82372392 0.00882372392 5.12751678
596 3056 8.82363455 0.00882363455 5.12751678
595 3045 8.79264621 0.00879264621 5.11764706
595 3046 8.7874368 0.0087874368 5.11932773
595 3045 8.79257472 0.00879257472 5.11764706
595 3045 8.79256878 0.00879256878 5.11764706
595 3045 8.79258196 0.00879258196 5.11764706
595 3045 8.79259184 0.00879259184 5.11764706
595 3045 8.79259397 0.00879259397 5.11764706
595 3045 8.79259399 0.00879259399 5.11764706
595 3045 8.79259399 0.00879259399 5.11764706
595 3045 8.79259403 0.00879259403 5.11764706
594 3036 8.76650231 0.00876650231 5.11111111
594 3036 8.76634976 0.00876634976 5.11111111
594 3036 8.76633792 0.00876633792 5.11111111
594 3036 8.76636989 0.00876636989 5.11111111
594 3036 8.76642611 0.00876642611 5.11111111
594 3036 8.76637309 0.00876637309 5.11111111
594 3036 8.76180391 0.00876180391 5.11111111
594 3036 8.76645533 0.00876645533 5.11111111
594 3036 8.76651446 0.00876651446 5.11111111
594 3036 8.76654242 0.00876654242 5.11111111
593 3028 8.73754878 0.00873754878 5.10623946
593 3028 8.73361435 0.00873361435 5.10623946
593 3032 8.74074943 0.00874074943 5.11298482
593 3031 8.7399412 0.0087399412 5.11129848
593 3032 8.74299057 0.00874299057 5.11298482
593 3032 8.7429118 0.0087429118 5.11298482
593 3032 8.74283881 0.00874283881 5.11298482
593 3032 8.74286407 0.00874286407 5.11298482
593 3032 8.74287133 0.00874287133 5.11298482
593 3032 8.74287486 0.00874287486 5.11298482
592 3020 8.71427525 0.00871427525 5.10135135
592 3020 8.71419273 0.00871419273 5.10135135
592 3020 8.71423172 0.00871423172 5.10135135
592 3020 8.71418004 0.00871418004 5.10135135
592 3020 8.71422986 0.00871422986 5.10135135
592 3020 8.71418135 0.00871418135 5.10135135
592 3020 8.71423125 0.00871423125 5.10135135
592 3020 8.71418145 0.00871418145 5.10135135
592 3020 8.71423147 0.00871423147 5.10135135
592 3020 8.71418138 0.00871418138 5.10135135
591 3014 8.68410555 0.00868410555 5.0998308
591 3006 8.68636632 0.00868636632 5.08629442
591 3006 8.68630998 0.00868630998 5.08629442
591 3006 8.68626476 0.00868626476 5.08629442
591 3006 8.6863761 0.0086863761 5.08629442
591 3006 8.68627292 0.00868627292 5.08629442
591 3006 8.68637485 0.00868637485 5.08629442
591 3006 8.68627204 0.00868627204 5.08629442
591 3006 8.68637489 0.00868637489 5.08629442
591 3006 8.68627211 0.00868627211 5.08629442
590 3000 8.65668196 0.00865668196 5.08474576
590 3003 8.65592014 0.00865592014 5.08983051
590 3003 8.67015884 0.00867015884 5.08983051
590 3007 8.6833019 0.0086833019 5.09661017
589 3004 8.66413996 0.00866413996 5.10016978
589 2998 8.65989689 0.00865989689 5.08998302
589 3001 8.65843508 0.00865843508 5.0950764
589 3002 8.66581216 0.00866581216 5.09677419
589 3004 8.66003477 0.00866003477 5.10016978
589 3008 8.66481206 0.00866481206 5.10696095
588 2996 8.64109487 0.00864109487 5.0952381
588 2995 8.64126432 0.00864126432 5.09353741
588 3001 8.63691494 0.00863691494 5.1037415
588 2995 8.63944833 0.00863944833 5.09353741
588 2995 8.64036999 0.00864036999 5.09353741
588 2995 8.64131284 0.00864131284 5.09353741
588 2995 8.64105634 0.00864105634 5.09353741
587 2984 8.61610874 0.00861610874 5.0834753
587 2984 8.61604166 0.00861604166 5.0834753
587 2984 8.6159818 0.0086159818 5.0834753
586 2970 8.59169814 0.00859169814 5.06825939
586 2970 8.59174326 0.00859174326 5.06825939
586 2970 8.59183792 0.00859183792 5.06825939
586 2970 8.59163674 0.00859163674 5.06825939
586 2970 8.59177251 0.00859177251 5.06825939
586 2970 8.59188998 0.00859188998 5.06825939
586 2970 8.59174168 0.00859174168 5.06825939
586 2970 8.59180253 0.00859180253 5.06825939
586 2970 8.59171153 0.00859171153 5.06825939
586 2970 8.59176218 0.00859176218 5.06825939
585 2962 8.56424698 0.00856424698 5.06324786
585 2962 8.55425517 0.00855425517 5.06324786
585 2962 8.56432115 0.00856432115 5.06324786
585 2962 8.56419755 0.00856419755 5.06324786
585 2962 8.56418862 0.00856418862 5.06324786
585 2962 8.56419061 0.00856419061 5.06324786
585 2962 8.56419003 0.00856419003 5.06324786
585 2962 8.56419006 0.00856419006 5.06324786
585 2962 8.56419015 0.00856419015 5.06324786
585 2962 8.56419014 0.00856419014 5.06324786
584 2954 8.53708438 0.00853708438 5.05821918
584 2954 8.53709328 0.00853709328 5.05821918
584 2954 8.53706026 0.00853706026 5.05821918
584 2954 8.53708344 0.00853708344 5.05821918
584 2954 8.53708891 0.00853708891 5.05821918
584 2954 8.53708714 0.00853708714 5.05821918
584 2954 8.53708678 0.00853708678 5.05821918
584 2954 8.53708679 0.00853708679 5.05821918
584 2954 8.53708675 0.00853708675 5.05821918
584 2954 8.53708674 0.00853708674 5.05821918
583 2945 8.50873429 0.00850873429 5.05145798
583 2940 8.50274901 0.00850274901 5.04288165
583 2939 8.51584134 0.00851584134 5.04116638
583 2945 8.51639051 0.00851639051 5.05145798
583 2945 8.51627445 0.00851627445 5.05145798
583 2945 8.51624401 0.00851624401 5.05145798
583 2945 8.51622122 0.00851622122 5.05145798
583 2945 8.51621835 0.00851621835 5.05145798
583 2945 8.51621775 0.00851621775 5.05145798
583 2945 8.51621766 0.00851621766 5.05145798
582 2931 8.49172503 0.00849172503 5.03608247
582 2931 8.49180682 0.00849180682 5.03608247
582 2931 8.49178298 0.00849178298 5.03608247
582 2931 8.49191593 0.00849191593 5.03608247
582 2931 8.49191198 0.00849191198 5.03608247
582 2931 8.49190343 0.00849190343 5.03608247
582 2931 8.49190166 0.00849190166 5.03608247
582 2931 8.49190128 0.00849190128 5.03608247
582 2931 8.49190121 0.00849190121 5.03608247
582 2931 8.49190117 0.00849190117 5.03608247
581 2922 8.46456848 0.00846456848 5.0292599
581 2922 8.46446814 0.00846446814 5.0292599
581 2922 8.46448285 0.00846448285 5.0292599
581 2922 8.46446269 0.00846446269 5.0292599
581 2922 8.46446318 0.00846446318 5.0292599
581 2922 8.46449323 0.00846449323 5.0292599
581 2922 8.46446398 0.00846446398 5.0292599
581 2922 8.46449303 0.00846449303 5.0292599
581 2922 8.46446325 0.00846446325 5.0292599
581 2922 8.46449288 0.00846449288 5.0292599
580 2910 8.43478993 0.00843478993 5.01724138
580 2912 8.43536705 0.00843536705 5.02068966
580 2912 8.43519553 0.00843519553 5.02068966
580 2912 8.43530964 0.00843530964 5.02068966
580 2912 8.43539302 0.00843539302 5.02068966
580 2912 8.43529445 0.00843529445 5.02068966
580 2912 8.43540754 0.00843540754 5.02068966
580 2912 8.43529341 0.00843529341 5.02068966
580 2912 8.43535272 0.00843535272 5.02068966
580 2910 8.4348388 0.0084348388 5.01724138
579 2900 8.40489815 0.00840489815 5.00863558
579 2900 8.40538313 0.00840538313 5.00863558
579 2900 8.40524559 0.00840524559 5.00863558
579 2900 8.40540646 0.00840540646 5.00863558
579 2900 8.40545852 0.00840545852 5.00863558
579 2900 8.40545465 0.00840545465 5.00863558
579 2900 8.40550328 0.00840550328 5.00863558
579 2900 8.40544928 0.00840544928 5.00863558
579 2900 8.40545913 0.00840545913 5.00863558
579 2900 8.40550942 0.00840550942 5.00863558
578 2890 8.37553674 0.00837553674 5
578 2890 8.37542062 0.00837542062 5
578 2890 8.37526436 0.00837526436 5
578 2890 8.3753969 0.0083753969 5
578 2890 8.37539798 0.00837539798 5
578 2890 8.37540145 0.00837540145 5
578 2890 8.37540325 0.00837540325 5
578 2890 8.37540338 0.00837540338 5
578 2890 8.37540325 0.00837540325 5
578 2890 8.37540317 0.00837540317 5
577 2879 8.34520822 0.00834520822 4.98960139
577 2879 8.34519373 0.00834519373 4.98960139
577 2880 8.34612778 0.00834612778 4.99133449
577 2879 8.3453522 0.0083453522 4.98960139
577 2879 8.34529667 0.00834529667 4.98960139
577 2879 8.34529847 0.00834529847 4.98960139
577 2879 8.34529795 0.00834529795 4.98960139
577 2879 8.34529992 0.00834529992 4.98960139
577 2879 8.34530051 0.00834530051 4.98960139
577 2879 8.34530125 0.00834530125 4.98960139
576 2869 8.31675186 0.00831675186 4.98090278
576 2869 8.316848 0.008316848 4.98090278
576 2869 8.31681933 0.00831681933 4.98090278
576 2869 8.31671116 0.00831671116 4.98090278
576 2869 8.31677881 0.00831677881 4.98090278
576 2869 8.31678508 0.00831678508 4.98090278
576 2869 8.3167804 0.0083167804 4.98090278
576 2869 8.31676842 0.00831676842 4.98090278
576 2869 8.31681272 0.00831681272 4.98090278
576 2869 8.31671985 0.00831671985 4.98090278
575 2862 8.28828653 0.00828828653 4.9773913
575 2856 8.28595235 0.00828595235 4.96695652
575 2859 8.29074908 0.00829074908 4.97217391
575 2860 8.29525917 0.00829525917 4.97391304
575 2861 8.30050265 0.00830050265 4.97565217
575 2861 8.30561103 0.00830561103 4.97565217
575 2861 8.31568332 0.00831568332 4.97565217
575 2861 8.31035445 0.00831035445 4.97565217
575 2862 8.30247848 0.00830247848 4.9773913
575 2861 8.31565542 0.00831565542 4.97565217
574 2852 8.28775363 0.00828775363 4.96864111
574 2852 8.28769112 0.00828769112 4.96864111
574 2850 8.2878637 0.0082878637 4.96515679
574 2852 8.28774443 0.00828774443 4.96864111
574 2852 8.28767499 0.00828767499 4.96864111
574 2852 8.28763312 0.00828763312 4.96864111
574 2852 8.28764597 0.00828764597 4.96864111
574 2852 8.28764896 0.00828764896 4.96864111
574 2852 8.28764928 0.00828764928 4.96864111
574 2852 8.28764878 0.00828764878 4.96864111
573 2841 8.26222464 0.00826222464 4.95811518
573 2841 8.26217929 0.00826217929 4.95811518
573 2841 8.26231721 0.00826231721 4.95811518
573 2841 8.26188679 0.00826188679 4.95811518
573 2841 8.2622246 0.0082622246 4.95811518
573 2841 8.26182209 0.00826182209 4.95811518
573 2841 8.26221467 0.00826221467 4.95811518
573 2841 8.26182714 0.00826182714 4.95811518
573 2841 8.26221588 0.00826221588 4.95811518
573 2841 8.26182713 0.00826182713 4.95811518
572 2829 8.23384283 0.00823384283 4.9458042
572 2831 8.23453098 0.00823453098 4.9493007
572 2831 8.2341584 0.0082341584 4.9493007
572 2831 8.23403333 0.00823403333 4.9493007
572 2831 8.23404136 0.00823404136 4.9493007
572 2831 8.23404444 0.00823404444 4.9493007
572 2831 8.23404817 0.00823404817 4.9493007
572 2831 8.23404852 0.00823404852 4.9493007
572 2831 8.23404847 0.00823404847 4.9493007
572 2831 8.23404848 0.00823404848 4.9493007
571 2819 8.20545398 0.00820545398 4.93695271
571 2819 8.20540547 0.00820540547 4.93695271
571 2819 8.20509055 0.00820509055 4.93695271
571 2819 8.2050088 0.0082050088 4.93695271
571 2819 8.2050148 0.0082050148 4.93695271
571 2819 8.20501799 0.00820501799 4.93695271
571 2819 8.20502098 0.00820502098 4.93695271
571 2819 8.20502096 0.00820502096 4.93695271
571 2819 8.20502113 0.00820502113 4.93695271
571 2819 8.20502116 0.00820502116 4.93695271
570 2807 8.17662903 0.00817662903 4.9245614
570 2807 8.17678623 0.00817678623 4.9245614
570 2807 8.17674956 0.00817674956 4.9245614
570 2807 8.17673774 0.00817673774 4.9245614
570 2807 8.17673918 0.00817673918 4.9245614
570 2807 8.17673779 0.00817673779 4.9245614
570 2807 8.1767369 0.0081767369 4.9245614
570 2807 8.17673682 0.00817673682 4.9245614
570 2807 8.17673681 0.00817673681 4.9245614
570 2807 8.17673681 0.00817673681 4.9245614
569 2796 8.14905457 0.00814905457 4.91388401
569 2796 8.1492265 0.0081492265 4.91388401
569 2796 8.14913909 0.00814913909 4.91388401
569 2797 8.14923571 0.00814923571 4.91564148
569 2798 8.14905751 0.00814905751 4.91739895
569 2800 8.14917579 0.00814917579 4.92091388
569 2797 8.14926497 0.00814926497 4.91564148
569 2797 8.14932894 0.00814932894 4.91564148
569 2797 8.14921358 0.00814921358 4.91564148
569 2797 8.14927435 0.00814927435 4.91564148
568 2786 8.12166672 0.00812166672 4.90492958
568 2788 8.12189338 0.00812189338 4.9084507
568 2788 8.12180083 0.00812180083 4.9084507
568 2788 8.12172707 0.00812172707 4.9084507
568 2788 8.12172378 0.00812172378 4.9084507
568 2788 8.12172301 0.00812172301 4.9084507
568 2788 8.12172239 0.00812172239 4.9084507
568 2788 8.12172235 0.00812172235 4.9084507
568 2788 8.12172242 0.00812172242 4.9084507
568 2788 8.12172245 0.00812172245 4.9084507
567 2777 8.09410419 0.00809410419 4.89770723
567 2777 8.0941316 0.0080941316 4.89770723
567 2777 8.09446411 0.00809446411 4.89770723
567 2777 8.09243077 0.00809243077 4.89770723
567 2778 8.09771875 0.00809771875 4.8994709
567 2778 8.09265406 0.00809265406 4.8994709
567 2779 8.11720501 0.00811720501 4.90123457
567 2779 8.11646024 0.00811646024 4.90123457
567 2779 8.11640343 0.00811640343 4.90123457
567 2779 8.11672528 0.00811672528 4.90123457
566 2769 8.08914803 0.00808914803 4.89222615
566 2769 8.0893894 0.0080893894 4.89222615
566 2769 8.08918132 0.00808918132 4.89222615
566 2769 8.08960199 0.00808960199 4.89222615
566 2769 8.08923439 0.00808923439 4.89222615
566 2769 8.08958038 0.00808958038 4.89222615
566 2769 8.08953129 0.00808953129 4.89222615
566 2769 8.08954853 0.00808954853 4.89222615
566 2769 8.08953209 0.00808953209 4.89222615
566 2769 8.08951645 0.00808951645 4.89222615
565 2756 8.06051679 0.00806051679 4.87787611
565 2756 8.06086168 0.00806086168 4.87787611
565 2753 8.06302184 0.00806302184 4.87256637
565 2756 8.05893534 0.00805893534 4.87787611
565 2756 8.06325825 0.00806325825 4.87787611
565 2760 8.05990654 0.00805990654 4.88495575
565 2762 8.06459248 0.00806459248 4.88849558
564 2750 8.03773837 0.00803773837 4.87588652
564 2750 8.03757569 0.00803757569 4.87588652
564 2750 8.03759365 0.00803759365 4.87588652
563 2740 8.01152949 0.00801152949 4.86678508
563 2740 8.01181345 0.00801181345 4.86678508
563 2740 8.01167234 0.00801167234 4.86678508
563 2740 8.01167439 0.00801167439 4.86678508
563 2740 8.01160931 0.00801160931 4.86678508
563 2740 8.01161592 0.00801161592 4.86678508
563 2740 8.01161821 0.00801161821 4.86678508
563 2740 8.01161882 0.00801161882 4.86678508
563 2740 8.01161957 0.00801161957 4.86678508
563 2740 8.01161952 0.00801161952 4.86678508
562 2726 7.98597779 0.00798597779 4.85053381
562 2726 7.98045124 0.00798045124 4.85053381
562 2722 7.98969943 0.00798969943 4.84341637
562 2722 7.98949808 0.00798949808 4.84341637
562 2722 7.98960551 0.00798960551 4.84341637
562 2722 7.98957081 0.00798957081 4.84341637
562 2722 7.9895863 0.0079895863 4.84341637
562 2722 7.98958452 0.00798958452 4.84341637
562 2722 7.98958471 0.00798958471 4.84341637
562 2722 7.98958489 0.00798958489 4.84341637
561 2712 7.96356306 0.00796356306 4.8342246
561 2712 7.96368586 0.00796368586 4.8342246
561 2713 7.96297151 0.00796297151 4.83600713
561 2712 7.96374044 0.00796374044 4.8342246
561 2712 7.96354278 0.00796354278 4.8342246
561 2712 7.96361664 0.00796361664 4.8342246
561 2712 7.96359762 0.00796359762 4.8342246
561 2712 7.96363232 0.00796363232 4.8342246
561 2712 7.96360288 0.00796360288 4.8342246
561 2712 7.96363245 0.00796363245 4.8342246
560 2703 7.93733872 0.00793733872 4.82678571
560 2703 7.93753654 0.00793753654 4.82678571
560 2703 7.93739636 0.00793739636 4.82678571
560 2703 7.93746001 0.00793746001 4.82678571
560 2703 7.93759 0.00793759 4.82678571
560 2703 7.93743701 0.00793743701 4.82678571
560 2703 7.93762441 0.00793762441 4.82678571
560 2703 7.93743773 0.00793743773 4.82678571
560 2703 7.93763391 0.00793763391 4.82678571
560 2703 7.93743793 0.00793743793 4.82678571
559 2693 7.91023747 0.00791023747 4.81753131
559 2693 7.91000016 0.00791000016 4.81753131
559 2693 7.90979871 0.00790979871 4.81753131
559 2693 7.90869246 0.00790869246 4.81753131
559 2692 7.90695379 0.00790695379 4.8157424
559 2693 7.90875376 0.00790875376 4.81753131
559 2693 7.90861295 0.00790861295 4.81753131
559 2693 7.90872564 0.00790872564 4.81753131
559 2693 7.90883809 0.00790883809 4.81753131
559 2693 7.90870795 0.00790870795 4.81753131
558 2683 7.8817148 0.0078817148 4.80824373
558 2683 7.88161513 0.00788161513 4.80824373
558 2683 7.88151107 0.00788151107 4.80824373
558 2683 7.88149118 0.00788149118 4.80824373
558 2683 7.8814858 0.0078814858 4.80824373
558 2683 7.88148318 0.00788148318 4.80824373
558 2683 7.88148232 0.00788148232 4.80824373
558 2683 7.88148231 0.00788148231 4.80824373
558 2683 7.88148231 0.00788148231 4.80824373
558 2683 7.88148231 0.00788148231 4.80824373
557 2672 7.85435078 0.00785435078 4.79712747
557 2672 7.85441299 0.00785441299 4.79712747
557 2672 7.85419604 0.00785419604 4.79712747
557 2672 7.85432712 0.00785432712 4.79712747
557 2672 7.85431863 0.00785431863 4.79712747
557 2672 7.85430272 0.00785430272 4.79712747
557 2672 7.85432676 0.00785432676 4.79712747
557 2672 7.8542997 0.0078542997 4.79712747
557 2672 7.85432539 0.00785432539 4.79712747
557 2672 7.85430014 0.00785430014 4.79712747
556 2666 7.82529969 0.00782529969 4.79496403
556 2666 7.82531063 0.00782531063 4.79496403
556 2666 7.82512767 0.00782512767 4.79496403
556 2666 7.82534477 0.00782534477 4.79496403
556 2666 7.82521967 0.00782521967 4.79496403
556 2666 7.82523796 0.00782523796 4.79496403
556 2666 7.82514544 0.00782514544 4.79496403
556 2666 7.82534976 0.00782534976 4.79496403
556 2666 7.82522771 0.00782522771 4.79496403
556 2666 7.8252372 0.0078252372 4.79496403
555 2652 7.7954816 0.0077954816 4.77837838
554 2641 7.77247751 0.00777247751 4.76714801
554 2636 7.77216481 0.00777216481 4.75812274
554 2636 7.77198871 0.00777198871 4.75812274
554 2636 7.77199404 0.00777199404 4.75812274
554 2636 7.77199546 0.00777199546 4.75812274
554 2636 7.77201177 0.00777201177 4.75812274
554 2636 7.77198952 0.00777198952 4.75812274
554 2636 7.77201305 0.00777201305 4.75812274
554 2636 7.77198905 0.00777198905 4.75812274
553 2630 7.74362128 0.00774362128 4.75587703
553 2630 7.74361505 0.00774361505 4.75587703
553 2630 7.74360761 0.00774360761 4.75587703
553 2630 7.74362367 0.00774362367 4.75587703
553 2630 7.74362258 0.00774362258 4.75587703
553 2630 7.74364442 0.00774364442 4.75587703
553 2630 7.74364633 0.00774364633 4.75587703
553 2630 7.74363101 0.00774363101 4.75587703
553 2630 7.74364338 0.00774364338 4.75587703
553 2630 7.74364742 0.00774364742 4.75587703
552 2618 7.71504495 0.00771504495 4.74275362
552 2618 7.71509013 0.00771509013 4.74275362
552 2618 7.71536356 0.00771536356 4.74275362
552 2618 7.71530865 0.00771530865 4.74275362
552 2618 7.71529845 0.00771529845 4.74275362
552 2618 7.71531252 0.00771531252 4.74275362
552 2618 7.71531736 0.00771531736 4.74275362
552 2618 7.71531725 0.00771531725 4.74275362
552 2618 7.71531687 0.00771531687 4.74275362
552 2618 7.71531679 0.00771531679 4.74275362
551 2610 7.6860758 0.0076860758 4.73684211
550 2598 7.65972074 0.00765972074 4.72363636
550 2600 7.66072 0.00766072 4.72727273
550 2599 7.6591579 0.0076591579 4.72545455
550 2595 7.66157225 0.00766157225 4.71818182
550 2595 7.66070787 0.00766070787 4.71818182
550 2595 7.66191091 0.00766191091 4.71818182
550 2595 7.66078974 0.00766078974 4.71818182
550 2595 7.66180357 0.00766180357 4.71818182
550 2595 7.66181413 0.00766181413 4.71818182
549 2584 7.63462638 0.00763462638 4.70673953
549 2584 7.63462737 0.00763462737 4.70673953
549 2584 7.63461737 0.00763461737 4.70673953
549 2584 7.63453878 0.00763453878 4.70673953
549 2584 7.63459728 0.00763459728 4.70673953
549 2584 7.63462428 0.00763462428 4.70673953
549 2584 7.63453324 0.00763453324 4.70673953
549 2584 7.63460569 0.00763460569 4.70673953
549 2584 7.63462384 0.00763462384 4.70673953
549 2584 7.63453236 0.00763453236 4.70673953
548 2572 7.60520365 0.00760520365 4.69343066
548 2578 7.60486824 0.00760486824 4.70437956
548 2578 7.60473509 0.00760473509 4.70437956
548 2572 7.60543717 0.00760543717 4.69343066
548 2572 7.60510118 0.00760510118 4.69343066
548 2572 7.60508128 0.00760508128 4.69343066
548 2572 7.60509665 0.00760509665 4.69343066
548 2572 7.60510453 0.00760510453 4.69343066
548 2572 7.60510625 0.00760510625 4.69343066
548 2572 7.60510628 0.00760510628 4.69343066
547 2566 7.57525972 0.00757525972 4.69104205
547 2566 7.57555942 0.00757555942 4.69104205
547 2566 7.57554622 0.00757554622 4.69104205
547 2566 7.57555349 0.00757555349 4.69104205
547 2566 7.57555721 0.00757555721 4.69104205
547 2566 7.57555767 0.00757555767 4.69104205
547 2566 7.57555775 0.00757555775 4.69104205
547 2566 7.57555777 0.00757555777 4.69104205
547 2566 7.57555776 0.00757555776 4.69104205
547 2566 7.57555776 0.00757555776 4.69104205
546 2559 7.54435242 0.00754435242 4.68681319
546 2560 7.54325303 0.00754325303 4.68864469
546 2559 7.55591806 0.00755591806 4.68681319
546 2563 7.5637737 0.0075637737 4.69413919
546 2564 7.56593878 0.00756593878 4.6959707
546 2564 7.58879606 0.00758879606 4.6959707
546 2565 7.59148201 0.00759148201 4.6978022
546 2570 7.59554203 0.00759554203 4.70695971
546 2573 7.59492596 0.00759492596 4.71245421
546 2571 7.59030052 0.00759030052 4.70879121
545 2561 7.5725487 0.0075725487 4.69908257
545 2561 7.57316013 0.00757316013 4.69908257
545 2564 7.56857492 0.00756857492 4.70458716
545 2562 7.57271557 0.00757271557 4.70091743
545 2560 7.57600564 0.00757600564 4.69724771
545 2560 7.57608326 0.00757608326 4.69724771
545 2560 7.57582803 0.00757582803 4.69724771
545 2560 7.57591239 0.00757591239 4.69724771
545 2560 7.57590386 0.00757590386 4.69724771
545 2560 7.57585013 0.00757585013 4.69724771
544 2551 7.55048132 0.00755048132 4.68933824
544 2549 7.54854285 0.00754854285 4.68566176
544 2551 7.55059351 0.00755059351 4.68933824
544 2551 7.55049416 0.00755049416 4.68933824
544 2551 7.55048547 0.00755048547 4.68933824
544 2551 7.55048055 0.00755048055 4.68933824
544 2551 7.55048157 0.00755048157 4.68933824
544 2551 7.55048141 0.00755048141 4.68933824
544 2551 7.55048164 0.00755048164 4.68933824
544 2551 7.55048131 0.00755048131 4.68933824
543 2540 7.52349761 0.00752349761 4.67771639
543 2540 7.52381636 0.00752381636 4.67771639
543 2540 7.52380958 0.00752380958 4.67771639
543 2540 7.52379072 0.00752379072 4.67771639
543 2540 7.52380323 0.00752380323 4.67771639
543 2540 7.52380705 0.00752380705 4.67771639
543 2540 7.5238071 0.0075238071 4.67771639
543 2540 7.52380672 0.00752380672 4.67771639
543 2540 7.52380658 0.00752380658 4.67771639
543 2540 7.52380662 0.00752380662 4.67771639
542 2530 7.49666932 0.00749666932 4.66789668
542 2530 7.4964887 0.0074964887 4.66789668
542 2530 7.49656126 0.00749656126 4.66789668
542 2530 7.49653355 0.00749653355 4.66789668
542 2530 7.49662278 0.00749662278 4.66789668
542 2530 7.49653751 0.00749653751 4.66789668
542 2530 7.49661634 0.00749661634 4.66789668
542 2530 7.49653728 0.00749653728 4.66789668
542 2530 7.49661614 0.00749661614 4.66789668
542 2530 7.49653721 0.00749653721 4.66789668
541 2520 7.46814408 0.00746814408 4.65804067
541 2519 7.46830919 0.00746830919 4.65619224
541 2519 7.46844011 0.00746844011 4.65619224
541 2519 7.46854291 0.00746854291 4.65619224
541 2519 7.46843817 0.00746843817 4.65619224
541 2519 7.46854901 0.00746854901 4.65619224
541 2519 7.46843133 0.00746843133 4.65619224
541 2519 7.46854764 0.00746854764 4.65619224
541 2519 7.4684305 0.0074684305 4.65619224
541 2519 7.46854749 0.00746854749 4.65619224
540 2509 7.44119177 0.00744119177 4.6462963
540 2512 7.43395285 0.00743395285 4.65185185
540 2512 7.44273685 0.00744273685 4.65185185
540 2516 7.45239154 0.00745239154 4.65925926
540 2516 7.45271843 0.00745271843 4.65925926
539 2509 7.44946135 0.00744946135 4.65491651
538 2504 7.42552707 0.00742552707 4.65427509
538 2504 7.42877413 0.00742877413 4.65427509
538 2507 7.42928578 0.00742928578 4.6598513
538 2504 7.42087417 0.00742087417 4.65427509
537 2495 7.40622677 0.00740622677 4.6461825
537 2495 7.40604952 0.00740604952 4.6461825
537 2495 7.40602899 0.00740602899 4.6461825
537 2495 7.40606939 0.00740606939 4.6461825
537 2495 7.40603871 0.00740603871 4.6461825
537 2495 7.40607063 0.00740607063 4.6461825
537 2495 7.40603918 0.00740603918 4.6461825
537 2495 7.40607045 0.00740607045 4.6461825
537 2495 7.40603923 0.00740603923 4.6461825
537 2495 7.40607045 0.00740607045 4.6461825
536 2484 7.3783485 0.0073783485 4.63432836
536 2484 7.37846624 0.00737846624 4.63432836
536 2485 7.37857537 0.00737857537 4.63619403
536 2485 7.3786344 0.0073786344 4.63619403
536 2484 7.37834174 0.00737834174 4.63432836
536 2484 7.37827503 0.00737827503 4.63432836
536 2484 7.37846459 0.00737846459 4.63432836
536 2484 7.37847285 0.00737847285 4.63432836
536 2484 7.37845016 0.00737845016 4.63432836
536 2484 7.37844964 0.00737844964 4.63432836
535 2474 7.3518861 0.0073518861 4.62429907
535 2473 7.3508181 0.0073508181 4.62242991
535 2474 7.35163327 0.00735163327 4.62429907
535 2474 7.35161707 0.00735161707 4.62429907
535 2474 7.35161046 0.00735161046 4.62429907
535 2474 7.35161822 0.00735161822 4.62429907
535 2474 7.35162237 0.00735162237 4.62429907
535 2474 7.3516232 0.0073516232 4.62429907
535 2474 7.35162351 0.00735162351 4.62429907
535 2474 7.35162361 0.00735162361 4.62429907
534 2463 7.32447854 0.00732447854 4.61235955
534 2463 7.32373457 0.00732373457 4.61235955
534 2463 7.32452908 0.00732452908 4.61235955
534 2463 7.32458307 0.00732458307 4.61235955
534 2463 7.32457852 0.00732457852 4.61235955
534 2463 7.32458067 0.00732458067 4.61235955
534 2463 7.32458083 0.00732458083 4.61235955
534 2463 7.32458097 0.00732458097 4.61235955
534 2463 7.32458094 0.00732458094 4.61235955
534 2463 7.32458094 0.00732458094 4.61235955
533 2452 7.29763721 0.00729763721 4.60037523
533 2452 7.29751171 0.00729751171 4.60037523
533 2452 7.29759621 0.00729759621 4.60037523
533 2452 7.29750728 0.00729750728 4.60037523
533 2452 7.29759651 0.00729759651 4.60037523
533 2452 7.29752668 0.00729752668 4.60037523
533 2452 7.2976157 0.0072976157 4.60037523
533 2452 7.29750307 0.00729750307 4.60037523
533 2452 7.29759267 0.00729759267 4.60037523
533 2452 7.29752842 0.00729752842 4.60037523
532 2440 7.26743342 0.00726743342 4.58646617
532 2445 7.26815753 0.00726815753 4.59586466
532 2444 7.27099475 0.00727099475 4.59398496
532 2445 7.27020461 0.00727020461 4.59586466
532 2445 7.27075704 0.00727075704 4.59586466
532 2446 7.27137535 0.00727137535 4.59774436
532 2444 7.27131591 0.00727131591 4.59398496
532 2442 7.2572947 0.0072572947 4.59022556
532 2445 7.26925092 0.00726925092 4.59586466
532 2442 7.26829895 0.00726829895 4.59022556
531 2433 7.24507959 0.00724507959 4.5819209
531 2433 7.24507985 0.00724507985 4.5819209
531 2433 7.24493603 0.00724493603 4.5819209
531 2433 7.24490543 0.00724490543 4.5819209
531 2428 7.22566446 0.00722566446 4.57250471
531 2433 7.24483818 0.00724483818 4.5819209
531 2434 7.24501383 0.00724501383 4.58380414
531 2429 7.22536663 0.00722536663 4.57438795
531 2429 7.23118734 0.00723118734 4.57438795
531 2435 7.23475685 0.00723475685 4.58568738
530 2424 7.22009383 0.00722009383 4.57358491
530 2424 7.21995526 0.00721995526 4.57358491
530 2424 7.22034375 0.00722034375 4.57358491
530 2424 7.22004555 0.00722004555 4.57358491
530 2424 7.22029407 0.00722029407 4.57358491
530 2424 7.22004102 0.00722004102 4.57358491
530 2424 7.22030147 0.00722030147 4.57358491
530 2424 7.22004041 0.00722004041 4.57358491
530 2424 7.22030163 0.00722030163 4.57358491
530 2424 7.22004041 0.00722004041 4.57358491
529 2413 7.1919782 0.0071919782 4.56143667
529 2414 7.19196604 0.00719196604 4.56332703
529 2414 7.19206041 0.00719206041 4.56332703
529 2414 7.1919781 0.0071919781 4.56332703
529 2414 7.19196443 0.00719196443 4.56332703
529 2414 7.1919593 0.0071919593 4.56332703
529 2414 7.19195822 0.00719195822 4.56332703
529 2414 7.19195791 0.00719195791 4.56332703
529 2414 7.19195781 0.00719195781 4.56332703
529 2414 7.19195783 0.00719195783 4.56332703
528 2401 7.16469748 0.00716469748 4.54734848
528 2402 7.16254764 0.00716254764 4.54924242
528 2401 7.16477537 0.00716477537 4.54734848
528 2401 7.16466653 0.00716466653 4.54734848
528 2401 7.16472034 0.00716472034 4.54734848
528 2401 7.16473215 0.00716473215 4.54734848
528 2401 7.1647225 0.0071647225 4.54734848
528 2401 7.16472293 0.00716472293 4.54734848
528 2401 7.16472253 0.00716472253 4.54734848
528 2401 7.1647225 0.0071647225 4.54734848
527 2389 7.13818313 0.00713818313 4.53320683
527 2389 7.13825936 0.00713825936 4.53320683
527 2389 7.13822409 0.00713822409 4.53320683
527 2389 7.13823849 0.00713823849 4.53320683
527 2389 7.13824528 0.00713824528 4.53320683
527 2389 7.13825867 0.00713825867 4.53320683
527 2389 7.13825437 0.00713825437 4.53320683
527 2389 7.13825769 0.00713825769 4.53320683
527 2389 7.1382564 0.0071382564 4.53320683
527 2389 7.1382572 0.0071382572 4.53320683
526 2385 7.11031667 0.00711031667 4.53422053
526 2373 7.10980883 0.00710980883 4.51140684
526 2381 7.11452862 0.00711452862 4.52661597
526 2381 7.11445071 0.00711445071 4.52661597
526 2381 7.11453884 0.00711453884 4.52661597
526 2381 7.11451104 0.00711451104 4.52661597
526 2381 7.11451536 0.00711451536 4.52661597
526 2381 7.11450807 0.00711450807 4.52661597
526 2381 7.1145101 0.0071145101 4.52661597
526 2381 7.11450889 0.00711450889 4.52661597
525 2369 7.08839809 0.00708839809 4.51238095
525 2369 7.08834311 0.00708834311 4.51238095
525 2369 7.08861708 0.00708861708 4.51238095
525 2369 7.08864181 0.00708864181 4.51238095
525 2369 7.08863719 0.00708863719 4.51238095
525 2369 7.08864067 0.00708864067 4.51238095
525 2369 7.08863995 0.00708863995 4.51238095
525 2369 7.08864004 0.00708864004 4.51238095
525 2369 7.08864005 0.00708864005 4.51238095
525 2369 7.08864004 0.00708864004 4.51238095
524 2360 7.05960218 0.00705960218 4.50381679
523 2354 7.04530668 0.00704530668 4.50095602
523 2358 7.0501022 0.0070501022 4.50860421
523 2359 7.04073172 0.00704073172 4.51051625
523 2360 7.0482275 0.0070482275 4.5124283
522 2349 7.03281079 0.00703281079 4.5
522 2349 7.02820901 0.00702820901 4.5
521 2338 7.01254266 0.00701254266 4.48752399
521 2341 7.02078655 0.00702078655 4.49328215
521 2342 7.01969434 0.00701969434 4.49520154
520 2331 6.99808919 0.00699808919 4.48269231
520 2328 6.9940759 0.0069940759 4.47692308
520 2331 6.97666882 0.00697666882 4.48269231
519 2320 6.97518304 0.00697518304 4.47013487
519 2323 6.97373007 0.00697373007 4.47591522
519 2320 6.96300483 0.00696300483 4.47013487
519 2322 6.9653218 0.0069653218 4.47398844
519 2318 6.96578448 0.00696578448 4.46628131
519 2318 6.95748805 0.00695748805 4.46628131
519 2322 6.97267548 0.00697267548 4.47398844
518 2312 6.95190773 0.00695190773 4.46332046
518 2313 6.9334328 0.0069334328 4.46525097
518 2313 6.96041169 0.00696041169 4.46525097
518 2313 6.95878936 0.00695878936 4.46525097
518 2315 6.9466621 0.0069466621 4.46911197
518 2315 6.95076957 0.00695076957 4.46911197
518 2316 6.94394087 0.00694394087 4.47104247
518 2313 6.98556765 0.00698556765 4.46525097
518 2311 6.96392305 0.00696392305 4.46138996
518 2314 6.97801298 0.00697801298 4.46718147
517 2302 6.96285257 0.00696285257 4.45261122
517 2305 6.95869274 0.00695869274 4.45841393
516 2299 6.94339459 0.00694339459 4.45542636
516 2301 6.92978993 0.00692978993 4.45930233
515 2288 6.92382873 0.00692382873 4.44271845
514 2281 6.90127568 0.00690127568 4.43774319
513 2271 6.90116188 0.00690116188 4.42690058
512 2261 6.87912635 0.00687912635 4.41601562
511 2250 6.85697245 0.00685697245 4.40313112
511 2249 6.85593759 0.00685593759 4.40117417
510 2240 6.834599 0.006834599 4.39215686
509 2236 6.8175937 0.0068175937 4.39292731
509 2241 6.79399029 0.00679399029 4.40275049
508 2229 6.79276332 0.00679276332 4.38779528
508 2234 6.77855107 0.00677855107 4.3976378
507 2224 6.76968299 0.00676968299 4.38658777
507 2224 6.76958525 0.00676958525 4.38658777
507 2224 6.76953031 0.00676953031 4.38658777
507 2228 6.77527112 0.00677527112 4.39447732
507 2228 6.77494848 0.00677494848 4.39447732
506 2218 6.75019418 0.00675019418 4.38339921
506 2218 6.75034544 0.00675034544 4.38339921
506 2217 6.7500345 0.0067500345 4.38142292
506 2217 6.74978388 0.00674978388 4.38142292
506 2220 6.72736246 0.00672736246 4.38735178
506 2221 6.75993264 0.00675993264 4.38932806
506 2221 6.75984834 0.00675984834 4.38932806
506 2221 6.75982222 0.00675982222 4.38932806
506 2221 6.75982887 0.00675982887 4.38932806
506 2221 6.75982815 0.00675982815 4.38932806
505 2211 6.73326022 0.00673326022 4.37821782
505 2211 6.73321045 0.00673321045 4.37821782
505 2211 6.73316129 0.00673316129 4.37821782
505 2211 6.73317049 0.00673317049 4.37821782
505 2211 6.73316851 0.00673316851 4.37821782
505 2211 6.73325395 0.00673325395 4.37821782
505 2211 6.73322927 0.00673322927 4.37821782
505 2211 6.73311366 0.00673311366 4.37821782
505 2211 6.73315999 0.00673315999 4.37821782
505 2211 6.73323756 0.00673323756 4.37821782
504 2201 6.70728899 0.00670728899 4.36706349
504 2201 6.70732794 0.00670732794 4.36706349
504 2201 6.70732722 0.00670732722 4.36706349
504 2201 6.70734022 0.00670734022 4.36706349
504 2201 6.70732948 0.00670732948 4.36706349
504 2201 6.70734006 0.00670734006 4.36706349
504 2201 6.70733071 0.00670733071 4.36706349
504 2201 6.70734087 0.00670734087 4.36706349
504 2201 6.70733065 0.00670733065 4.36706349
504 2201 6.70734086 0.00670734086 4.36706349
503 2198 6.67881789 0.00667881789 4.36978131
503 2195 6.68003153 0.00668003153 4.3638171
503 2195 6.67999672 0.00667999672 4.3638171
503 2195 6.67996147 0.00667996147 4.3638171
503 2195 6.6800386 0.0066800386 4.3638171
503 2195 6.67996572 0.00667996572 4.3638171
503 2195 6.68004084 0.00668004084 4.3638171
503 2195 6.67996612 0.00667996612 4.3638171
503 2195 6.68004129 0.00668004129 4.3638171
503 2195 6.67996622 0.00667996622 4.3638171
502 2188 6.6521443 0.0066521443 4.35856574
502 2192 6.65239495 0.00665239495 4.36653386
502 2192 6.6522521 0.0066522521 4.36653386
502 2192 6.65224781 0.00665224781 4.36653386
502 2192 6.65227126 0.00665227126 4.36653386
502 2195 6.64921885 0.00664921885 4.37250996
502 2188 6.65223957 0.00665223957 4.35856574
502 2188 6.65194404 0.00665194404 4.35856574
502 2192 6.65228394 0.00665228394 4.36653386
502 2192 6.65225461 0.00665225461 4.36653386
501 2185 6.62490586 0.00662490586 4.36127745
501 2185 6.62461832 0.00662461832 4.36127745
501 2185 6.62472846 0.00662472846 4.36127745
501 2185 6.62462326 0.00662462326 4.36127745
501 2185 6.62482368 0.00662482368 4.36127745
501 2185 6.62462321 0.00662462321 4.36127745
501 2185 6.62482889 0.00662482889 4.36127745
501 2185 6.62462606 0.00662462606 4.36127745
501 2185 6.62482908 0.00662482908 4.36127745
501 2185 6.62462601 0.00662462601 4.36127745
500 2177 6.59839469 0.00659839469 4.354
500 2178 6.59773017 0.00659773017 4.356
500 2178 6.59756873 0.00659756873 4.356
500 2178 6.59760135 0.00659760135 4.356
500 2178 6.59760782 0.00659760782 4.356
500 2178 6.59760924 0.00659760924 4.356
500 2178 6.5976088 0.0065976088 4.356
500 2178 6.59760972 0.00659760972 4.356
500 2178 6.59760998 0.00659760998 4.356
500 2178 6.59761006 0.00659761006 4.356
499 2170 6.57146413 0.00657146413 4.34869739
499 2174 6.57025919 0.00657025919 4.35671343
499 2171 6.57220249 0.00657220249 4.3507014
499 2168 6.55657011 0.00655657011 4.34468938
499 2171 6.57336176 0.00657336176 4.3507014
499 2173 6.57456354 0.00657456354 4.35470942
498 2166 6.5486722 0.0065486722 4.34939759
498 2166 6.54873817 0.00654873817 4.34939759
498 2162 6.54898035 0.00654898035 4.34136546
498 2162 6.54905093 0.00654905093 4.34136546
497 2156 6.52260743 0.00652260743 4.33802817
497 2156 6.52257105 0.00652257105 4.33802817
497 2156 6.52259368 0.00652259368 4.33802817
497 2156 6.52260979 0.00652260979 4.33802817
497 2156 6.52259537 0.00652259537 4.33802817
497 2156 6.52258325 0.00652258325 4.33802817
497 2156 6.52258899 0.00652258899 4.33802817
497 2156 6.52258166 0.00652258166 4.33802817
497 2156 6.52259067 0.00652259067 4.33802817
497 2156 6.52258054 0.00652258054 4.33802817
496 2143 6.49518102 0.00649518102 4.32056452
496 2143 6.49515497 0.00649515497 4.32056452
496 2143 6.49522538 0.00649522538 4.32056452
496 2143 6.49520082 0.00649520082 4.32056452
496 2143 6.49521885 0.00649521885 4.32056452
496 2143 6.49520664 0.00649520664 4.32056452
496 2143 6.49521894 0.00649521894 4.32056452
496 2143 6.49520758 0.00649520758 4.32056452
496 2143 6.49521943 0.00649521943 4.32056452
496 2143 6.49520759 0.00649520759 4.32056452
495 2136 6.46711415 0.00646711415 4.31515152
495 2138 6.4619247 0.0064619247 4.31919192
495 2142 6.48716214 0.00648716214 4.32727273
495 2141 6.50092775 0.00650092775 4.32525253
495 2144 6.50227211 0.00650227211 4.33131313
495 2147 6.48819767 0.00648819767 4.33737374
495 2146 6.50070938 0.00650070938 4.33535354
495 2146 6.51293495 0.00651293495 4.33535354
495 2145 6.51391244 0.00651391244 4.33333333
495 2147 6.53988975 0.00653988975 4.33737374
494 2136 6.5267471 0.0065267471 4.32388664
494 2142 6.52025455 0.00652025455 4.33603239
494 2143 6.50956292 0.00650956292 4.33805668
493 2129 6.50337704 0.00650337704 4.31845842
493 2131 6.48613228 0.00648613228 4.32251521
493 2130 6.5039008 0.0065039008 4.32048682
492 2123 6.48197613 0.00648197613 4.31504065
491 2118 6.46168693 0.00646168693 4.31364562
491 2121 6.4526149 0.0064526149 4.3197556
491 2118 6.44304623 0.00644304623 4.31364562
490 2110 6.43833612 0.00643833612 4.30612245
489 2103 6.41537859 0.00641537859 4.3006135
489 2110 6.39453664 0.00639453664 4.31492843
488 2097 6.39210977 0.00639210977 4.29713115
487 2087 6.36900879 0.00636900879 4.28542094
487 2086 6.34668077 0.00634668077 4.28336756
487 2086 6.36079473 0.00636079473 4.28336756
487 2082 6.3452929 0.0063452929 4.275154
487 2087 6.357583 0.006357583 4.28542094
487 2083 6.36264691 0.00636264691 4.27720739
486 2077 6.34517743 0.00634517743 4.27366255
486 2076 6.3242736 0.0063242736 4.27160494
485 2071 6.32277821 0.00632277821 4.27010309
484 2062 6.30828074 0.00630828074 4.26033058
484 2060 6.29884481 0.00629884481 4.25619835
483 2049 6.29347102 0.00629347102 4.24223602
483 2050 6.28269707 0.00628269707 4.24430642
483 2048 6.28570135 0.00628570135 4.24016563
483 2053 6.28417487 0.00628417487 4.2505176
483 2057 6.28186876 0.00628186876 4.25879917
482 2041 6.28189528 0.00628189528 4.23443983
481 2036 6.25876793 0.00625876793 4.23284823
480 2025 6.23720272 0.00623720272 4.21875
479 2019 6.22337647 0.00622337647 4.21503132
479 2017 6.22554875 0.00622554875 4.21085595
479 2018 6.22555674 0.00622555674 4.21294363
479 2019 6.25519654 0.00625519654 4.21503132
479 2020 6.24122809 0.00624122809 4.217119
478 2010 6.24026775 0.00624026775 4.20502092
477 1993 6.23246888 0.00623246888 4.17819706
476 1989 6.22029265 0.00622029265 4.17857143
475 1983 6.20538702 0.00620538702 4.17473684
474 1971 6.19304049 0.00619304049 4.15822785
474 1975 6.18340549 0.00618340549 4.16666667
474 1975 6.18292817 0.00618292817 4.16666667
473 1966 6.1725925 0.0061725925 4.1564482
472 1953 6.15615004 0.00615615004 4.13771186
471 1941 6.1346964 0.0061346964 4.12101911
470 1932 6.1127446 0.0061127446 4.1106383
469 1928 6.09036296 0.00609036296 4.1108742
468 1919 6.06815689 0.00606815689 4.10042735
467 1912 6.0500511 0.0060500511 4.09421842
466 1903 6.02783279 0.00602783279 4.08369099
465 1896 6.00951156 0.00600951156 4.07741935
464 1890 5.99363644 0.00599363644 4.07327586
463 1881 5.97437007 0.00597437007 4.06263499
462 1873 5.95666652 0.00595666652 4.05411255
461 1869 5.93647007 0.00593647007 4.05422993
460 1862 5.93092053 0.00593092053 4.04782609
460 1864 5.93155681 0.00593155681 4.05217391
459 1854 5.91888837 0.00591888837 4.03921569
459 1858 5.91035347 0.00591035347 4.04793028
459 1857 5.9015741 0.0059015741 4.04575163
458 1847 5.90152072 0.00590152072 4.03275109
458 1849 5.88513881 0.00588513881 4.0371179
458 1853 5.88464726 0.00588464726 4.04585153
458 1848 5.88426117 0.00588426117 4.0349345
458 1849 5.90303162 0.00590303162 4.0371179
458 1850 5.88828046 0.00588828046 4.03930131
457 1840 5.8820849 0.0058820849 4.02625821
456 1831 5.8601422 0.0058601422 4.01535088
455 1822 5.83754962 0.00583754962 4.0043956
455 1825 5.82623811 0.00582623811 4.01098901
455 1824 5.83159113 0.00583159113 4.00879121
455 1820 5.84265312 0.00584265312 4
454 1814 5.82923531 0.00582923531 3.99559471
454 1810 5.81581337 0.00581581337 3.98678414
454 1815 5.80937581 0.00580937581 3.99779736
453 1805 5.80766012 0.00580766012 3.98454746
453 1808 5.7888835 0.0057888835 3.99116998
452 1798 5.7862357 0.0057862357 3.97787611
452 1792 5.76318327 0.00576318327 3.96460177
452 1796 5.76414808 0.00576414808 3.97345133
452 1799 5.76738228 0.00576738228 3.9800885
452 1796 5.76612566 0.00576612566 3.97345133
452 1797 5.76807269 0.00576807269 3.97566372
451 1787 5.76294099 0.00576294099 3.96230599
451 1787 5.762976 0.005762976 3.96230599
451 1787 5.76299303 0.00576299303 3.96230599
451 1787 5.7629864 0.0057629864 3.96230599
450 1773 5.73884899 0.00573884899 3.94
450 1773 5.73877376 0.00573877376 3.94
450 1773 5.7390028 0.0057390028 3.94
450 1773 5.73898688 0.00573898688 3.94
450 1773 5.73900349 0.00573900349 3.94
450 1773 5.73900605 0.00573900605 3.94
450 1773 5.73900423 0.00573900423 3.94
450 1773 5.73900516 0.00573900516 3.94
450 1773 5.73900395 0.00573900395 3.94
450 1773 5.73900516 0.00573900516 3.94
449 1766 5.7137999 0.0057137999 3.93318486
449 1766 5.71370472 0.00571370472 3.93318486
449 1766 5.71368879 0.00571368879 3.93318486
449 1766 5.7137244 0.0057137244 3.93318486
449 1766 5.71368061 0.00571368061 3.93318486
449 1766 5.71370093 0.00571370093 3.93318486
449 1766 5.71367797 0.00571367797 3.93318486
449 1766 5.71370189 0.00571370189 3.93318486
449 1766 5.71367846 0.00571367846 3.93318486
449 1766 5.71370229 0.00571370229 3.93318486
448 1758 5.68753699 0.00568753699 3.92410714
448 1758 5.68750128 0.00568750128 3.92410714
448 1759 5.68729849 0.00568729849 3.92633929
448 1759 5.68734922 0.00568734922 3.92633929
448 1758 5.6874871 0.0056874871 3.92410714
448 1758 5.68760549 0.00568760549 3.92410714
448 1759 5.68730911 0.00568730911 3.92633929
448 1759 5.68735106 0.00568735106 3.92633929
448 1759 5.68733754 0.00568733754 3.92633929
448 1759 5.68733198 0.00568733198 3.92633929
447 1751 5.66145735 0.00566145735 3.91722595
447 1751 5.66135539 0.00566135539 3.91722595
447 1751 5.66131795 0.00566131795 3.91722595
447 1751 5.66138277 0.00566138277 3.91722595
447 1751 5.6613384 0.0056613384 3.91722595
447 1751 5.66138458 0.00566138458 3.91722595
447 1751 5.6613357 0.0056613357 3.91722595
447 1751 5.66138498 0.00566138498 3.91722595
447 1751 5.66133614 0.00566133614 3.91722595
447 1751 5.66138518 0.00566138518 3.91722595
446 1745 5.63424212 0.00563424212 3.91255605
446 1743 5.63464971 0.00563464971 3.90807175
446 1741 5.64009891 0.00564009891 3.90358744
446 1742 5.64230252 0.00564230252 3.9058296
446 1742 5.64233633 0.00564233633 3.9058296
446 1742 5.62866864 0.00562866864 3.9058296
446 1742 5.64209495 0.00564209495 3.9058296
446 1742 5.64217973 0.00564217973 3.9058296
446 1742 5.64215781 0.00564215781 3.9058296
446 1742 5.64216804 0.00564216804 3.9058296
445 1735 5.61621645 0.00561621645 3.8988764
445 1735 5.61610549 0.00561610549 3.8988764
445 1735 5.61620508 0.00561620508 3.8988764
445 1735 5.61621021 0.00561621021 3.8988764
445 1735 5.61621271 0.00561621271 3.8988764
445 1735 5.61621253 0.00561621253 3.8988764
445 1735 5.61621266 0.00561621266 3.8988764
445 1735 5.6162127 0.0056162127 3.8988764
445 1735 5.6162127 0.0056162127 3.8988764
445 1735 5.61621271 0.00561621271 3.8988764
444 1727 5.58979779 0.00558979779 3.88963964
444 1727 5.58968842 0.00558968842 3.88963964
444 1727 5.58972836 0.00558972836 3.88963964
444 1727 5.58974048 0.00558974048 3.88963964
444 1727 5.58974187 0.00558974187 3.88963964
444 1727 5.58974296 0.00558974296 3.88963964
444 1727 5.5897434 0.0055897434 3.88963964
444 1727 5.58974361 0.00558974361 3.88963964
444 1727 5.58974373 0.00558974373 3.88963964
444 1727 5.58974379 0.00558974379 3.88963964
443 1716 5.56388154 0.00556388154 3.87358916
443 1715 5.55976846 0.00555976846 3.87133183
443 1712 5.56809657 0.00556809657 3.86455982
443 1712 5.56789957 0.00556789957 3.86455982
443 1706 5.57021389 0.00557021389 3.8510158
442 1702 5.56724935 0.00556724935 3.85067873
442 1702 5.56713621 0.00556713621 3.85067873
442 1702 5.56696361 0.00556696361 3.85067873
442 1702 5.56712112 0.00556712112 3.85067873
442 1702 5.56719572 0.00556719572 3.85067873
441 1697 5.54114317 0.00554114317 3.84807256
441 1694 5.53973694 0.00553973694 3.84126984
441 1694 5.5395614 0.0055395614 3.84126984
441 1694 5.53960886 0.00553960886 3.84126984
441 1697 5.54094072 0.00554094072 3.84807256
441 1697 5.54100355 0.00554100355 3.84807256
441 1694 5.53975876 0.00553975876 3.84126984
441 1694 5.53957119 0.00553957119 3.84126984
441 1694 5.53960858 0.00553960858 3.84126984
441 1694 5.53961591 0.00553961591 3.84126984
440 1689 5.51441766 0.00551441766 3.83863636
439 1683 5.49226132 0.00549226132 3.83371298
439 1687 5.49246984 0.00549246984 3.8428246
439 1686 5.48074116 0.00548074116 3.8405467
439 1693 5.49184817 0.00549184817 3.85649203
439 1685 5.49123231 0.00549123231 3.83826879
439 1686 5.49303299 0.00549303299 3.8405467
439 1686 5.49296395 0.00549296395 3.8405467
439 1686 5.49281512 0.00549281512 3.8405467
439 1686 5.49281795 0.00549281795 3.8405467
438 1674 5.4699009 0.0054699009 3.82191781
438 1682 5.47018308 0.00547018308 3.84018265
438 1677 5.45828899 0.00545828899 3.82876712
437 1670 5.44971038 0.00544971038 3.8215103
437 1676 5.43446069 0.00543446069 3.83524027
437 1668 5.4344631 0.0054344631 3.81693364
437 1673 5.43761528 0.00543761528 3.82837529
437 1672 5.45291649 0.00545291649 3.82608696
437 1674 5.43991717 0.00543991717 3.83066362
437 1669 5.448576 0.005448576 3.81922197
436 1665 5.43923436 0.00543923436 3.81880734
436 1665 5.43915031 0.00543915031 3.81880734
436 1665 5.43920104 0.00543920104 3.81880734
436 1665 5.43915637 0.00543915637 3.81880734
436 1665 5.4391555 0.0054391555 3.81880734
436 1665 5.43919664 0.00543919664 3.81880734
436 1665 5.43915604 0.00543915604 3.81880734
436 1665 5.43915686 0.00543915686 3.81880734
436 1665 5.439197 0.005439197 3.81880734
436 1665 5.43915631 0.00543915631 3.81880734
435 1657 5.41643328 0.00541643328 3.8091954
435 1657 5.41640102 0.00541640102 3.8091954
435 1657 5.41636612 0.00541636612 3.8091954
435 1657 5.41641101 0.00541641101 3.8091954
435 1657 5.41635687 0.00541635687 3.8091954
435 1657 5.41640771 0.00541640771 3.8091954
435 1657 5.41635685 0.00541635685 3.8091954
435 1657 5.41640767 0.00541640767 3.8091954
435 1657 5.41635688 0.00541635688 3.8091954
435 1657 5.41640767 0.00541640767 3.8091954
434 1649 5.3907627 0.0053907627 3.79953917
434 1649 5.39081659 0.00539081659 3.79953917
434 1646 5.39092013 0.00539092013 3.79262673
434 1651 5.38997295 0.00538997295 3.80414747
434 1654 5.38846091 0.00538846091 3.81105991
434 1648 5.38957222 0.00538957222 3.79723502
433 1643 5.36633079 0.00536633079 3.79445727
433 1643 5.36612204 0.00536612204 3.79445727
433 1641 5.3684965 0.0053684965 3.78983834
433 1641 5.36855312 0.00536855312 3.78983834
432 1636 5.34551137 0.00534551137 3.78703704
432 1636 5.3451499 0.0053451499 3.78703704
432 1636 5.34511062 0.00534511062 3.78703704
432 1636 5.3451514 0.0053451514 3.78703704
432 1636 5.34510449 0.00534510449 3.78703704
432 1636 5.34514832 0.00534514832 3.78703704
432 1636 5.34510419 0.00534510419 3.78703704
432 1636 5.34514846 0.00534514846 3.78703704
432 1636 5.34510422 0.00534510422 3.78703704
432 1636 5.34514851 0.00534514851 3.78703704
431 1628 5.3209657 0.0053209657 3.77726218
431 1628 5.32095133 0.00532095133 3.77726218
431 1628 5.32089184 0.00532089184 3.77726218
431 1628 5.32097217 0.00532097217 3.77726218
431 1628 5.3208973 0.0053208973 3.77726218
431 1628 5.32097111 0.00532097111 3.77726218
431 1628 5.32089716 0.00532089716 3.77726218
431 1628 5.32097074 0.00532097074 3.77726218
431 1628 5.3208973 0.0053208973 3.77726218
431 1628 5.32097082 0.00532097082 3.77726218
430 1619 5.29473079 0.00529473079 3.76511628
429 1613 5.29102941 0.00529102941 3.75990676
429 1615 5.2929957 0.0052929957 3.76456876
429 1615 5.2929367 0.0052929367 3.76456876
429 1615 5.29297516 0.00529297516 3.76456876
429 1615 5.29298058 0.00529298058 3.76456876
429 1615 5.29297999 0.00529297999 3.76456876
429 1615 5.29297943 0.00529297943 3.76456876
429 1615 5.2929793 0.0052929793 3.76456876
429 1615 5.2929793 0.0052929793 3.76456876
428 1607 5.26848236 0.00526848236 3.7546729
428 1607 5.26845774 0.00526845774 3.7546729
428 1607 5.26851526 0.00526851526 3.7546729
428 1607 5.26851029 0.00526851029 3.7546729
428 1607 5.26850561 0.00526850561 3.7546729
428 1607 5.26850581 0.00526850581 3.7546729
428 1607 5.2685055 0.0052685055 3.7546729
428 1607 5.2685055 0.0052685055 3.7546729
428 1607 5.26850553 0.00526850553 3.7546729
428 1607 5.26850553 0.00526850553 3.7546729
427 1599 5.24452132 0.00524452132 3.74473068
427 1599 5.24434346 0.00524434346 3.74473068
427 1599 5.24442217 0.00524442217 3.74473068
427 1599 5.24441346 0.00524441346 3.74473068
427 1599 5.24442267 0.00524442267 3.74473068
427 1599 5.24442361 0.00524442361 3.74473068
427 1599 5.24442401 0.00524442401 3.74473068
427 1599 5.24442436 0.00524442436 3.74473068
427 1599 5.24442455 0.00524442455 3.74473068
427 1599 5.24442468 0.00524442468 3.74473068
426 1592 5.21878572 0.00521878572 3.7370892
426 1592 5.2188582 0.0052188582 3.7370892
426 1589 5.21605864 0.00521605864 3.73004695
426 1592 5.21904994 0.00521904994 3.7370892
426 1592 5.21908053 0.00521908053 3.7370892
426 1592 5.21904842 0.00521904842 3.7370892
426 1592 5.21905131 0.00521905131 3.7370892
426 1592 5.21905169 0.00521905169 3.7370892
426 1592 5.21905253 0.00521905253 3.7370892
426 1592 5.21905263 0.00521905263 3.7370892
425 1582 5.19150669 0.00519150669 3.72235294
425 1582 5.19131834 0.00519131834 3.72235294
425 1585 5.19381393 0.00519381393 3.72941176
425 1582 5.19130771 0.00519130771 3.72235294
425 1582 5.19139904 0.00519139904 3.72235294
425 1582 5.19147453 0.00519147453 3.72235294
425 1582 5.19145498 0.00519145498 3.72235294
425 1582 5.19144719 0.00519144719 3.72235294
425 1582 5.19144894 0.00519144894 3.72235294
425 1582 5.19144931 0.00519144931 3.72235294
424 1575 5.16744609 0.00516744609 3.71462264
424 1575 5.16697545 0.00516697545 3.71462264
424 1575 5.16701902 0.00516701902 3.71462264
424 1575 5.16703325 0.00516703325 3.71462264
424 1575 5.16704468 0.00516704468 3.71462264
424 1575 5.16704908 0.00516704908 3.71462264
424 1575 5.16704941 0.00516704941 3.71462264
424 1575 5.16704982 0.00516704982 3.71462264
424 1575 5.16705015 0.00516705015 3.71462264
424 1575 5.16705035 0.00516705035 3.71462264
423 1565 5.13966499 0.00513966499 3.69976359
423 1570 5.1376185 0.0051376185 3.71158392
423 1565 5.13967052 0.00513967052 3.69976359
423 1565 5.13985768 0.00513985768 3.69976359
423 1565 5.13971472 0.00513971472 3.69976359
423 1565 5.13982324 0.00513982324 3.69976359
423 1565 5.13969382 0.00513969382 3.69976359
423 1565 5.13982468 0.00513982468 3.69976359
423 1565 5.13969324 0.00513969324 3.69976359
423 1565 5.13982457 0.00513982457 3.69976359
422 1560 5.11334281 0.00511334281 3.69668246
422 1560 5.11321548 0.00511321548 3.69668246
422 1560 5.11322107 0.00511322107 3.69668246
422 1560 5.11328378 0.00511328378 3.69668246
422 1560 5.11325638 0.00511325638 3.69668246
422 1560 5.11329387 0.00511329387 3.69668246
422 1560 5.11326034 0.00511326034 3.69668246
422 1560 5.11329392 0.00511329392 3.69668246
422 1560 5.11326097 0.00511326097 3.69668246
422 1560 5.11329451 0.00511329451 3.69668246
421 1557 5.08584157 0.00508584157 3.69833729
421 1553 5.07492087 0.00507492087 3.6888361
421 1555 5.08764954 0.00508764954 3.6935867
421 1554 5.0958489 0.0050958489 3.6912114
421 1557 5.09593877 0.00509593877 3.69833729
421 1559 5.09946792 0.00509946792 3.70308789
421 1559 5.09944226 0.00509944226 3.70308789
421 1556 5.09800441 0.00509800441 3.695962
421 1556 5.09787613 0.00509787613 3.695962
421 1556 5.09786885 0.00509786885 3.695962
420 1549 5.07332885 0.00507332885 3.68809524
420 1549 5.07338134 0.00507338134 3.68809524
420 1549 5.07347498 0.00507347498 3.68809524
420 1549 5.07351196 0.00507351196 3.68809524
420 1549 5.07351485 0.00507351485 3.68809524
420 1549 5.07351058 0.00507351058 3.68809524
420 1549 5.07350973 0.00507350973 3.68809524
420 1549 5.07351023 0.00507351023 3.68809524
420 1549 5.07351017 0.00507351017 3.68809524
420 1549 5.07351009 0.00507351009 3.68809524
419 1542 5.04929467 0.00504929467 3.68019093
419 1542 5.04931705 0.00504931705 3.68019093
419 1542 5.04932637 0.00504932637 3.68019093
419 1542 5.04920208 0.00504920208 3.68019093
419 1542 5.0491464 0.0050491464 3.68019093
419 1542 5.04927381 0.00504927381 3.68019093
419 1542 5.04930919 0.00504930919 3.68019093
419 1542 5.04920197 0.00504920197 3.68019093
419 1542 5.04914714 0.00504914714 3.68019093
419 1542 5.0492738 0.0050492738 3.68019093
418 1538 5.02642157 0.00502642157 3.67942584
418 1530 5.01621278 0.00501621278 3.66028708
418 1538 5.02633073 0.00502633073 3.67942584
418 1538 5.02635557 0.00502635557 3.67942584
418 1538 5.02630366 0.00502630366 3.67942584
418 1538 5.02625884 0.00502625884 3.67942584
418 1538 5.02625922 0.00502625922 3.67942584
418 1538 5.02625898 0.00502625898 3.67942584
418 1538 5.0262593 0.0050262593 3.67942584
418 1538 5.0262594 0.0050262594 3.67942584
417 1526 4.99738357 0.00499738357 3.65947242
417 1526 4.99739121 0.00499739121 3.65947242
417 1526 4.99736246 0.00499736246 3.65947242
417 1526 4.99733842 0.00499733842 3.65947242
417 1526 4.99733742 0.00499733742 3.65947242
417 1526 4.99733622 0.00499733622 3.65947242
417 1526 4.99733599 0.00499733599 3.65947242
417 1526 4.99733601 0.00499733601 3.65947242
417 1526 4.99733605 0.00499733605 3.65947242
417 1526 4.99733603 0.00499733603 3.65947242
416 1521 4.97217772 0.00497217772 3.65625
416 1521 4.97214929 0.00497214929 3.65625
416 1521 4.97218563 0.00497218563 3.65625
416 1521 4.97218781 0.00497218781 3.65625
416 1521 4.97219017 0.00497219017 3.65625
416 1521 4.97219008 0.00497219008 3.65625
416 1521 4.97219011 0.00497219011 3.65625
416 1521 4.97218999 0.00497218999 3.65625
416 1521 4.97219004 0.00497219004 3.65625
416 1521 4.97218991 0.00497218991 3.65625
415 1517 4.97078206 0.00497078206 3.65542169
415 1517 4.97082155 0.00497082155 3.65542169
415 1517 4.97082003 0.00497082003 3.65542169
415 1517 4.97082358 0.00497082358 3.65542169
415 1517 4.97082363 0.00497082363 3.65542169
415 1517 4.97082374 0.00497082374 3.65542169
415 1517 4.97082376 0.00497082376 3.65542169
415 1517 4.97082378 0.00497082378 3.65542169
415 1517 4.97082379 0.00497082379 3.65542169
415 1517 4.9708238 0.0049708238 3.65542169
414 1510 4.94646896 0.00494646896 3.647343
414 1513 4.94113513 0.00494113513 3.65458937
414 1510 4.92362861 0.00492362861 3.647343
414 1508 4.93523894 0.00493523894 3.64251208
414 1514 4.9432627 0.0049432627 3.65700483
414 1510 4.94201593 0.00494201593 3.647343
414 1511 4.9438707 0.0049438707 3.64975845
414 1514 4.9438776 0.0049438776 3.65700483
414 1509 4.94290155 0.00494290155 3.64492754
414 1509 4.94001248 0.00494001248 3.64492754
413 1503 4.92837793 0.00492837793 3.63922518
413 1503 4.9284979 0.0049284979 3.63922518
413 1503 4.9284513 0.0049284513 3.63922518
413 1503 4.92846361 0.00492846361 3.63922518
413 1503 4.92846341 0.00492846341 3.63922518
413 1503 4.92845206 0.00492845206 3.63922518
413 1503 4.92844961 0.00492844961 3.63922518
413 1503 4.92844914 0.00492844914 3.63922518
413 1503 4.92844895 0.00492844895 3.63922518
413 1503 4.928449 0.004928449 3.63922518
412 1495 4.90597138 0.00490597138 3.62864078
412 1495 4.90594773 0.00490594773 3.62864078
412 1495 4.90605566 0.00490605566 3.62864078
412 1495 4.90606734 0.00490606734 3.62864078
412 1495 4.90606827 0.00490606827 3.62864078
412 1495 4.90606618 0.00490606618 3.62864078
412 1495 4.90606616 0.00490606616 3.62864078
412 1495 4.90606633 0.00490606633 3.62864078
412 1495 4.90606629 0.00490606629 3.62864078
412 1495 4.90606623 0.00490606623 3.62864078
411 1488 4.88283638 0.00488283638 3.62043796
411 1488 4.88282242 0.00488282242 3.62043796
411 1488 4.88283935 0.00488283935 3.62043796
411 1488 4.88284268 0.00488284268 3.62043796
411 1488 4.88284617 0.00488284617 3.62043796
411 1488 4.88284694 0.00488284694 3.62043796
411 1488 4.88284703 0.00488284703 3.62043796
411 1488 4.88284724 0.00488284724 3.62043796
411 1488 4.88284732 0.00488284732 3.62043796
411 1488 4.88284735 0.00488284735 3.62043796
410 1481 4.85555023 0.00485555023 3.61219512
410 1481 4.85553225 0.00485553225 3.61219512
410 1481 4.85559182 0.00485559182 3.61219512
410 1481 4.85558317 0.00485558317 3.61219512
410 1481 4.85558246 0.00485558246 3.61219512
410 1481 4.85558258 0.00485558258 3.61219512
410 1481 4.85558266 0.00485558266 3.61219512
410 1481 4.85558265 0.00485558265 3.61219512
410 1481 4.85558264 0.00485558264 3.61219512
410 1481 4.85558264 0.00485558264 3.61219512
409 1477 4.83397617 0.00483397617 3.61124694
409 1469 4.82385776 0.00482385776 3.59168704
409 1472 4.8326159 0.0048326159 3.599022
409 1472 4.8326863 0.0048326863 3.599022
409 1477 4.8338707 0.0048338707 3.61124694
409 1477 4.83388976 0.00483388976 3.61124694
409 1477 4.83378117 0.00483378117 3.61124694
409 1477 4.83381961 0.00483381961 3.61124694
409 1477 4.83391491 0.00483391491 3.61124694
409 1477 4.83385216 0.00483385216 3.61124694
408 1465 4.80631344 0.00480631344 3.59068627
408 1465 4.80627646 0.00480627646 3.59068627
408 1465 4.80632106 0.00480632106 3.59068627
408 1465 4.80632384 0.00480632384 3.59068627
408 1465 4.80632549 0.00480632549 3.59068627
408 1465 4.80632486 0.00480632486 3.59068627
408 1465 4.80632546 0.00480632546 3.59068627
408 1465 4.80632504 0.00480632504 3.59068627
408 1465 4.80632486 0.00480632486 3.59068627
408 1465 4.80632475 0.00480632475 3.59068627
407 1461 4.80532149 0.00480532149 3.58968059
407 1461 4.80548279 0.00480548279 3.58968059
407 1461 4.80545517 0.00480545517 3.58968059
407 1461 4.8054537 0.0048054537 3.58968059
407 1461 4.8054563 0.0048054563 3.58968059
407 1461 4.80545669 0.00480545669 3.58968059
407 1461 4.80545704 0.00480545704 3.58968059
407 1461 4.80545716 0.00480545716 3.58968059
407 1461 4.80545725 0.00480545725 3.58968059
407 1461 4.80545731 0.00480545731 3.58968059
406 1456 4.77902619 0.00477902619 3.5862069
406 1456 4.77888107 0.00477888107 3.5862069
406 1456 4.77898745 0.00477898745 3.5862069
406 1456 4.77909504 0.00477909504 3.5862069
406 1456 4.77886103 0.00477886103 3.5862069
406 1456 4.77881115 0.00477881115 3.5862069
406 1456 4.7789934 0.0047789934 3.5862069
406 1456 4.77909652 0.00477909652 3.5862069
406 1456 4.77886277 0.00477886277 3.5862069
406 1456 4.77881176 0.00477881176 3.5862069
405 1449 4.74900277 0.00474900277 3.57777778
405 1449 4.74657002 0.00474657002 3.57777778
405 1451 4.72671426 0.00472671426 3.58271605
405 1449 4.74986201 0.00474986201 3.57777778
405 1445 4.72383453 0.00472383453 3.56790123
405 1445 4.72383744 0.00472383744 3.56790123
405 1445 4.7238504 0.0047238504 3.56790123
405 1445 4.72372698 0.00472372698 3.56790123
405 1445 4.72383335 0.00472383335 3.56790123
405 1445 4.72385712 0.00472385712 3.56790123
404 1438 4.69456197 0.00469456197 3.55940594
404 1438 4.69459496 0.00469459496 3.55940594
404 1438 4.69460698 0.00469460698 3.55940594
404 1438 4.69463216 0.00469463216 3.55940594
404 1438 4.69448679 0.00469448679 3.55940594
404 1438 4.69463238 0.00469463238 3.55940594
404 1438 4.69461826 0.00469461826 3.55940594
404 1438 4.69448795 0.00469448795 3.55940594
404 1438 4.69463283 0.00469463283 3.55940594
404 1438 4.6946178 0.0046946178 3.55940594
403 1431 4.66467303 0.00466467303 3.55086849
403 1429 4.66458927 0.00466458927 3.54590571
403 1429 4.66475418 0.00466475418 3.54590571
403 1431 4.66460379 0.00466460379 3.55086849
403 1431 4.66468927 0.00466468927 3.55086849
403 1429 4.6646539 0.0046646539 3.54590571
403 1429 4.66473202 0.00466473202 3.54590571
403 1429 4.6646298 0.0046646298 3.54590571
403 1429 4.66474291 0.00466474291 3.54590571
403 1429 4.66461442 0.00466461442 3.54590571
402 1422 4.63558193 0.00463558193 3.53731343
402 1423 4.63384611 0.00463384611 3.539801
402 1422 4.61967844 0.00461967844 3.53731343
402 1425 4.63731032 0.00463731032 3.54477612
402 1426 4.64223122 0.00464223122 3.54726368
402 1427 4.64914387 0.00464914387 3.54975124
402 1430 4.65086946 0.00465086946 3.55721393
402 1433 4.64910206 0.00464910206 3.56467662
402 1434 4.65985729 0.00465985729 3.56716418
401 1425 4.63674202 0.00463674202 3.55361596
400 1413 4.61176134 0.00461176134 3.5325
400 1413 4.6117492 0.0046117492 3.5325
400 1413 4.61174945 0.00461174945 3.5325
400 1413 4.61173813 0.00461173813 3.5325
400 1413 4.61173666 0.00461173666 3.5325
400 1413 4.61173389 0.00461173389 3.5325
400 1413 4.6117327 0.0046117327 3.5325
400 1413 4.61173199 0.00461173199 3.5325
400 1413 4.61173156 0.00461173156 3.5325
400 1413 4.61173129 0.00461173129 3.5325
399 1408 4.5906395 0.0045906395 3.52882206
399 1408 4.59056821 0.00459056821 3.52882206
399 1408 4.59063444 0.00459063444 3.52882206
399 1408 4.59063687 0.00459063687 3.52882206
399 1408 4.59063792 0.00459063792 3.52882206
399 1408 4.59063778 0.00459063778 3.52882206
399 1408 4.59063791 0.00459063791 3.52882206
399 1408 4.59063782 0.00459063782 3.52882206
399 1408 4.59063779 0.00459063779 3.52882206
399 1408 4.59063779 0.00459063779 3.52882206
398 1400 4.56339963 0.00456339963 3.51758794
398 1401 4.5614934 0.0045614934 3.5201005
398 1400 4.56330136 0.00456330136 3.51758794
398 1400 4.56330641 0.00456330641 3.51758794
398 1400 4.56335634 0.00456335634 3.51758794
398 1400 4.56336942 0.00456336942 3.51758794
398 1400 4.56337136 0.00456337136 3.51758794
398 1400 4.56337323 0.00456337323 3.51758794
398 1400 4.56337412 0.00456337412 3.51758794
398 1400 4.5633745 0.0045633745 3.51758794
397 1393 4.53626864 0.00453626864 3.50881612
397 1393 4.53621746 0.00453621746 3.50881612
397 1393 4.53632766 0.00453632766 3.50881612
397 1393 4.53632788 0.00453632788 3.50881612
397 1393 4.53629256 0.00453629256 3.50881612
397 1393 4.53628955 0.00453628955 3.50881612
397 1393 4.53628836 0.00453628836 3.50881612
397 1393 4.53628754 0.00453628754 3.50881612
397 1393 4.53628702 0.00453628702 3.50881612
397 1393 4.53628672 0.00453628672 3.50881612
396 1386 4.51012993 0.00451012993 3.5
396 1386 4.51010953 0.00451010953 3.5
396 1386 4.51008544 0.00451008544 3.5
396 1386 4.51008278 0.00451008278 3.5
396 1386 4.51008695 0.00451008695 3.5
396 1386 4.51008852 0.00451008852 3.5
396 1386 4.51008873 0.00451008873 3.5
396 1386 4.51008887 0.00451008887 3.5
396 1386 4.51008906 0.00451008906 3.5
396 1386 4.51008917 0.00451008917 3.5
395 1381 4.4838827 0.0044838827 3.49620253
394 1373 4.45825383 0.00445825383 3.48477157
394 1373 4.4580968 0.0044580968 3.48477157
394 1373 4.45801546 0.00445801546 3.48477157
394 1373 4.45797364 0.00445797364 3.48477157
394 1373 4.45795558 0.00445795558 3.48477157
394 1373 4.45794666 0.00445794666 3.48477157
394 1373 4.45794189 0.00445794189 3.48477157
394 1373 4.45793912 0.00445793912 3.48477157
394 1373 4.45793745 0.00445793745 3.48477157
393 1368 4.43414466 0.00443414466 3.48091603
393 1363 4.42983949 0.00442983949 3.46819338
393 1366 4.42755183 0.00442755183 3.47582697
393 1368 4.43413621 0.00443413621 3.48091603
393 1365 4.43625824 0.00443625824 3.47328244
393 1365 4.43594097 0.00443594097 3.47328244
393 1365 4.43592549 0.00443592549 3.47328244
393 1365 4.43595488 0.00443595488 3.47328244
393 1365 4.43595946 0.00443595946 3.47328244
393 1365 4.43596543 0.00443596543 3.47328244
392 1358 4.41052715 0.00441052715 3.46428571
392 1363 4.40737253 0.00440737253 3.47704082
392 1361 4.40740696 0.00440740696 3.47193878
392 1363 4.41239195 0.00441239195 3.47704082
392 1367 4.41080933 0.00441080933 3.4872449
392 1369 4.42202789 0.00442202789 3.49234694
392 1366 4.42176122 0.00442176122 3.48469388
392 1366 4.42172524 0.00442172524 3.48469388
392 1367 4.41433357 0.00441433357 3.4872449
392 1367 4.41162473 0.00441162473 3.4872449
391 1363 4.4102704 0.0044102704 3.4859335
391 1363 4.41044001 0.00441044001 3.4859335
390 1358 4.39941793 0.00439941793 3.48205128
390 1356 4.40145448 0.00440145448 3.47692308
390 1353 4.40129761 0.00440129761 3.46923077
390 1359 4.40676528 0.00440676528 3.48461538
390 1361 4.38835276 0.00438835276 3.48974359
390 1365 4.40653366 0.00440653366 3.5
389 1359 4.38450646 0.00438450646 3.49357326
389 1361 4.37505544 0.00437505544 3.49871465
388 1350 4.36177541 0.00436177541 3.47938144
388 1350 4.36137304 0.00436137304 3.47938144
388 1354 4.35561229 0.00435561229 3.48969072
388 1349 4.36567626 0.00436567626 3.47680412
388 1348 4.36206023 0.00436206023 3.4742268
388 1350 4.36579499 0.00436579499 3.47938144
388 1351 4.37585098 0.00437585098 3.48195876
388 1354 4.37105924 0.00437105924 3.48969072
388 1351 4.36593765 0.00436593765 3.48195876
387 1346 4.35570374 0.00435570374 3.47803618
386 1339 4.33870645 0.00433870645 3.46891192
385 1336 4.32376711 0.00432376711 3.47012987
385 1338 4.33094254 0.00433094254 3.47532468
385 1339 4.31816783 0.00431816783 3.47792208
384 1331 4.31651294 0.00431651294 3.46614583
383 1323 4.29348357 0.00429348357 3.45430809
383 1323 4.27805965 0.00427805965 3.45430809
382 1315 4.27390332 0.00427390332 3.44240838
382 1315 4.25294293 0.00425294293 3.44240838
382 1313 4.26538434 0.00426538434 3.43717277
381 1308 4.25000483 0.00425000483 3.43307087
380 1299 4.22913872 0.00422913872 3.41842105
380 1299 4.22908174 0.00422908174 3.41842105
380 1299 4.22892247 0.00422892247 3.41842105
380 1299 4.22897458 0.00422897458 3.41842105
380 1299 4.22884832 0.00422884832 3.41842105
380 1299 4.22891718 0.00422891718 3.41842105
380 1299 4.2289076 0.0042289076 3.41842105
380 1299 4.22889524 0.00422889524 3.41842105
380 1299 4.22888649 0.00422888649 3.41842105
379 1294 4.20435536 0.00420435536 3.41424802
379 1292 4.20831968 0.00420831968 3.40897098
379 1292 4.20623666 0.00420623666 3.40897098
379 1290 4.18851134 0.00418851134 3.40369393
379 1290 4.18953421 0.00418953421 3.40369393
379 1291 4.19201736 0.00419201736 3.40633245
378 1284 4.18470113 0.00418470113 3.3968254
378 1284 4.18469574 0.00418469574 3.3968254
378 1284 4.18467275 0.00418467275 3.3968254
378 1284 4.18467277 0.00418467277 3.3968254
377 1277 4.16511202 0.00416511202 3.3872679
377 1277 4.1652234 0.0041652234 3.3872679
377 1277 4.16518362 0.00416518362 3.3872679
377 1277 4.16518962 0.00416518962 3.3872679
377 1277 4.16518997 0.00416518997 3.3872679
377 1277 4.1651923 0.0041651923 3.3872679
377 1277 4.16519247 0.00416519247 3.3872679
377 1277 4.16519288 0.00416519288 3.3872679
377 1277 4.16519301 0.00416519301 3.3872679
377 1277 4.16519316 0.00416519316 3.3872679
376 1272 4.14033291 0.00414033291 3.38297872
376 1269 4.14000405 0.00414000405 3.375
376 1273 4.13820701 0.00413820701 3.3856383
375 1266 4.1244965 0.0041244965 3.376
375 1266 4.13357831 0.00413357831 3.376
375 1267 4.15042919 0.00415042919 3.37866667
375 1267 4.15017428 0.00415017428 3.37866667
375 1267 4.15024491 0.00415024491 3.37866667
375 1267 4.15017254 0.00415017254 3.37866667
375 1267 4.15012867 0.00415012867 3.37866667
374 1259 4.12625009 0.00412625009 3.36631016
374 1259 4.12629494 0.00412629494 3.36631016
374 1259 4.12631587 0.00412631587 3.36631016
374 1259 4.12624223 0.00412624223 3.36631016
374 1259 4.12620306 0.00412620306 3.36631016
374 1259 4.12617077 0.00412617077 3.36631016
374 1259 4.12613764 0.00412613764 3.36631016
374 1259 4.126113 0.004126113 3.36631016
374 1259 4.12609381 0.00412609381 3.36631016
374 1259 4.12607887 0.00412607887 3.36631016
373 1252 4.10170879 0.00410170879 3.35656836
373 1252 4.10147617 0.00410147617 3.35656836
373 1252 4.10142018 0.00410142018 3.35656836
373 1252 4.10138617 0.00410138617 3.35656836
373 1252 4.10136373 0.00410136373 3.35656836
373 1252 4.10134391 0.00410134391 3.35656836
373 1252 4.10136308 0.00410136308 3.35656836
373 1252 4.10133307 0.00410133307 3.35656836
373 1252 4.10134355 0.00410134355 3.35656836
373 1252 4.10131009 0.00410131009 3.35656836
372 1248 4.08236108 0.00408236108 3.35483871
372 1248 4.0823495 0.0040823495 3.35483871
372 1248 4.08231185 0.00408231185 3.35483871
372 1248 4.08230707 0.00408230707 3.35483871
372 1248 4.08211416 0.00408211416 3.35483871
372 1248 4.08337036 0.00408337036 3.35483871
372 1244 4.07025491 0.00407025491 3.34408602
372 1247 4.09459389 0.00409459389 3.35215054
372 1247 4.09454219 0.00409454219 3.35215054
372 1247 4.09450852 0.00409450852 3.35215054
371 1242 4.06975736 0.00406975736 3.34770889
371 1242 4.06977896 0.00406977896 3.34770889
371 1242 4.06974574 0.00406974574 3.34770889
371 1242 4.06974344 0.00406974344 3.34770889
371 1242 4.06974287 0.00406974287 3.34770889
371 1242 4.06974342 0.00406974342 3.34770889
371 1242 4.0697429 0.0040697429 3.34770889
371 1242 4.06974282 0.00406974282 3.34770889
371 1242 4.06974265 0.00406974265 3.34770889
371 1242 4.06974254 0.00406974254 3.34770889
370 1238 4.05049839 0.00405049839 3.34594595
370 1238 4.05057059 0.00405057059 3.34594595
370 1238 4.05065216 0.00405065216 3.34594595
370 1235 4.04495131 0.00404495131 3.33783784
370 1235 4.04482275 0.00404482275 3.33783784
370 1235 4.04479701 0.00404479701 3.33783784
370 1235 4.04478671 0.00404478671 3.33783784
370 1235 4.04477589 0.00404477589 3.33783784
370 1235 4.04476787 0.00404476787 3.33783784
370 1235 4.04476027 0.00404476027 3.33783784
369 1231 4.02575239 0.00402575239 3.33604336
369 1231 4.02573104 0.00402573104 3.33604336
369 1231 4.02576182 0.00402576182 3.33604336
369 1231 4.02571606 0.00402571606 3.33604336
369 1231 4.02574591 0.00402574591 3.33604336
369 1231 4.02576075 0.00402576075 3.33604336
369 1231 4.02571643 0.00402571643 3.33604336
369 1231 4.02574561 0.00402574561 3.33604336
369 1231 4.02576047 0.00402576047 3.33604336
369 1231 4.02571617 0.00402571617 3.33604336
368 1223 4.00065367 0.00400065367 3.32336957
368 1221 3.99824439 0.00399824439 3.31793478
368 1225 3.99920765 0.00399920765 3.32880435
368 1219 3.99736224 0.00399736224 3.3125
368 1218 4.00132074 0.00400132074 3.30978261
368 1217 4.00568676 0.00400568676 3.30706522
368 1217 4.00570295 0.00400570295 3.30706522
368 1217 4.0056588 0.0040056588 3.30706522
368 1217 4.00562473 0.00400562473 3.30706522
368 1217 4.00559983 0.00400559983 3.30706522
367 1213 3.98746302 0.00398746302 3.30517711
367 1212 3.98085592 0.00398085592 3.30245232
367 1213 3.98746878 0.00398746878 3.30517711
367 1213 3.98739306 0.00398739306 3.30517711
367 1213 3.98737542 0.00398737542 3.30517711
367 1213 3.98735373 0.00398735373 3.30517711
367 1213 3.98733739 0.00398733739 3.30517711
367 1213 3.98732327 0.00398732327 3.30517711
367 1213 3.98731139 0.00398731139 3.30517711
367 1213 3.98730165 0.00398730165 3.30517711
366 1208 3.96246544 0.00396246544 3.30054645
366 1208 3.96243751 0.00396243751 3.30054645
366 1208 3.96242286 0.00396242286 3.30054645
366 1208 3.96240155 0.00396240155 3.30054645
366 1208 3.9623891 0.0039623891 3.30054645
366 1208 3.96237853 0.00396237853 3.30054645
366 1208 3.96236978 0.00396236978 3.30054645
366 1208 3.96236251 0.00396236251 3.30054645
366 1208 3.96235645 0.00396235645 3.30054645
366 1208 3.96235141 0.00396235141 3.30054645
365 1201 3.93665122 0.00393665122 3.29041096
365 1204 3.93571066 0.00393571066 3.29863014
365 1202 3.94178722 0.00394178722 3.29315068
365 1201 3.93656846 0.00393656846 3.29041096
365 1201 3.93645091 0.00393645091 3.29041096
365 1201 3.93643189 0.00393643189 3.29041096
365 1201 3.93641987 0.00393641987 3.29041096
365 1201 3.93641193 0.00393641193 3.29041096
365 1201 3.93640533 0.00393640533 3.29041096
365 1201 3.93640026 0.00393640026 3.29041096
364 1197 3.91840089 0.00391840089 3.28846154
364 1197 3.91820616 0.00391820616 3.28846154
364 1198 3.9127562 0.0039127562 3.29120879
364 1197 3.91832517 0.00391832517 3.28846154
364 1197 3.91831604 0.00391831604 3.28846154
364 1197 3.91832591 0.00391832591 3.28846154
364 1197 3.91834082 0.00391834082 3.28846154
364 1197 3.91835038 0.00391835038 3.28846154
364 1197 3.91835968 0.00391835968 3.28846154
364 1197 3.91836836 0.00391836836 3.28846154
363 1194 3.89482907 0.00389482907 3.2892562
363 1194 3.89490103 0.00389490103 3.2892562
363 1194 3.89493858 0.00389493858 3.2892562
363 1190 3.89190075 0.00389190075 3.27823691
363 1194 3.89480773 0.00389480773 3.2892562
363 1194 3.89484136 0.00389484136 3.2892562
363 1194 3.89483146 0.00389483146 3.2892562
363 1194 3.89480983 0.00389480983 3.2892562
363 1194 3.89478874 0.00389478874 3.2892562
363 1194 3.89477154 0.00389477154 3.2892562
362 1187 3.87071428 0.00387071428 3.27900552
362 1187 3.87046907 0.00387046907 3.27900552
362 1187 3.87054084 0.00387054084 3.27900552
362 1187 3.87058347 0.00387058347 3.27900552
362 1187 3.87053681 0.00387053681 3.27900552
362 1187 3.87048981 0.00387048981 3.27900552
362 1187 3.87045876 0.00387045876 3.27900552
362 1187 3.87044751 0.00387044751 3.27900552
362 1187 3.87044447 0.00387044447 3.27900552
362 1187 3.87044008 0.00387044008 3.27900552
361 1185 3.85036017 0.00385036017 3.28254848
361 1183 3.85420322 0.00385420322 3.27700831
361 1185 3.85041755 0.00385041755 3.28254848
361 1183 3.85422155 0.00385422155 3.27700831
361 1183 3.8541867 0.0038541867 3.27700831
361 1183 3.85416716 0.00385416716 3.27700831
361 1183 3.8541589 0.0038541589 3.27700831
361 1183 3.85415198 0.00385415198 3.27700831
361 1183 3.85414487 0.00385414487 3.27700831
361 1183 3.85413808 0.00385413808 3.27700831
360 1181 3.83430085 0.00383430085 3.28055556
360 1181 3.83430802 0.00383430802 3.28055556
360 1181 3.834364 0.003834364 3.28055556
360 1181 3.83435775 0.00383435775 3.28055556
360 1181 3.83434826 0.00383434826 3.28055556
360 1181 3.83433967 0.00383433967 3.28055556
360 1181 3.83433233 0.00383433233 3.28055556
360 1181 3.834326 0.003834326 3.28055556
360 1181 3.83432065 0.00383432065 3.28055556
360 1181 3.8343162 0.0038343162 3.28055556
359 1172 3.81206473 0.00381206473 3.26462396
359 1172 3.81207049 0.00381207049 3.26462396
359 1172 3.81189662 0.00381189662 3.26462396
359 1172 3.81200784 0.00381200784 3.26462396
359 1172 3.81184192 0.00381184192 3.26462396
359 1172 3.8119652 0.0038119652 3.26462396
359 1172 3.81197042 0.00381197042 3.26462396
359 1172 3.81196795 0.00381196795 3.26462396
359 1172 3.81196225 0.00381196225 3.26462396
359 1172 3.81195901 0.00381195901 3.26462396
358 1167 3.78689022 0.00378689022 3.25977654
358 1169 3.78726032 0.00378726032 3.26536313
358 1173 3.79264968 0.00379264968 3.27653631
358 1168 3.79092355 0.00379092355 3.26256983
358 1168 3.77299392 0.00377299392 3.26256983
358 1168 3.79073296 0.00379073296 3.26256983
358 1168 3.79079625 0.00379079625 3.26256983
358 1168 3.7906666 0.0037906666 3.26256983
358 1168 3.79071134 0.00379071134 3.26256983
358 1168 3.7906849 0.0037906849 3.26256983
357 1166 3.77089509 0.00377089509 3.26610644
357 1159 3.76914111 0.00376914111 3.2464986
357 1159 3.76916204 0.00376916204 3.2464986
357 1166 3.77092545 0.00377092545 3.26610644
357 1166 3.77094355 0.00377094355 3.26610644
357 1166 3.77095078 0.00377095078 3.26610644
357 1166 3.77093959 0.00377093959 3.26610644
357 1166 3.77093413 0.00377093413 3.26610644
357 1166 3.77092941 0.00377092941 3.26610644
357 1166 3.77092576 0.00377092576 3.26610644
356 1157 3.74945547 0.00374945547 3.25
356 1157 3.74935773 0.00374935773 3.25
356 1157 3.74934865 0.00374934865 3.25
356 1157 3.74933896 0.00374933896 3.25
356 1157 3.74933546 0.00374933546 3.25
356 1157 3.74933259 0.00374933259 3.25
356 1157 3.74933009 0.00374933009 3.25
356 1157 3.7493279 0.0037493279 3.25
356 1157 3.74932595 0.00374932595 3.25
356 1157 3.74932421 0.00374932421 3.25
355 1153 3.72310618 0.00372310618 3.24788732
355 1146 3.72247215 0.00372247215 3.22816901
355 1151 3.71821052 0.00371821052 3.24225352
355 1151 3.71807029 0.00371807029 3.24225352
355 1151 3.71800131 0.00371800131 3.24225352
355 1151 3.7179197 0.0037179197 3.24225352
355 1151 3.71784626 0.00371784626 3.24225352
355 1151 3.71777944 0.00371777944 3.24225352
355 1151 3.71771739 0.00371771739 3.24225352
355 1151 3.71765975 0.00371765975 3.24225352
354 1142 3.69638059 0.00369638059 3.2259887
354 1142 3.69632598 0.00369632598 3.2259887
354 1142 3.69628071 0.00369628071 3.2259887
354 1142 3.69628111 0.00369628111 3.2259887
354 1142 3.69627571 0.00369627571 3.2259887
354 1142 3.69626765 0.00369626765 3.2259887
354 1142 3.6962604 0.0036962604 3.2259887
354 1142 3.69625358 0.00369625358 3.2259887
354 1142 3.69624715 0.00369624715 3.2259887
354 1142 3.69624105 0.00369624105 3.2259887
353 1138 3.6782278 0.0036782278 3.22379603
353 1135 3.66989448 0.00366989448 3.21529745
353 1135 3.67961439 0.00367961439 3.21529745
353 1135 3.67953621 0.00367953621 3.21529745
353 1135 3.67949609 0.00367949609 3.21529745
353 1135 3.67946042 0.00367946042 3.21529745
353 1135 3.6794287 0.0036794287 3.21529745
353 1135 3.67939953 0.00367939953 3.21529745
353 1135 3.67937286 0.00367937286 3.21529745
353 1135 3.67934852 0.00367934852 3.21529745
352 1131 3.65339147 0.00365339147 3.21306818
352 1131 3.65345742 0.00365345742 3.21306818
352 1131 3.65345981 0.00365345981 3.21306818
352 1131 3.6534517 0.0036534517 3.21306818
352 1131 3.65344713 0.00365344713 3.21306818
352 1131 3.65344344 0.00365344344 3.21306818
352 1131 3.65344001 0.00365344001 3.21306818
352 1131 3.65343691 0.00365343691 3.21306818
352 1131 3.65343409 0.00365343409 3.21306818
352 1131 3.65343151 0.00365343151 3.21306818
351 1122 3.62763161 0.00362763161 3.1965812
351 1122 3.62759892 0.00362759892 3.1965812
351 1122 3.62765576 0.00362765576 3.1965812
351 1122 3.62757955 0.00362757955 3.1965812
351 1122 3.62766512 0.00362766512 3.1965812
351 1122 3.62758441 0.00362758441 3.1965812
351 1122 3.62766995 0.00362766995 3.1965812
351 1122 3.62758972 0.00362758972 3.1965812
351 1122 3.62767534 0.00362767534 3.1965812
351 1122 3.62759545 0.00362759545 3.1965812
350 1116 3.60154609 0.00360154609 3.18857143
350 1119 3.60391229 0.00360391229 3.19714286
350 1122 3.61000755 0.00361000755 3.20571429
350 1117 3.61050172 0.00361050172 3.19142857
350 1122 3.60984383 0.00360984383 3.20571429
350 1122 3.60985533 0.00360985533 3.20571429
350 1122 3.60986461 0.00360986461 3.20571429
350 1122 3.60986328 0.00360986328 3.20571429
350 1122 3.60986122 0.00360986122 3.20571429
350 1122 3.6098598 0.0036098598 3.20571429
349 1113 3.58499507 0.00358499507 3.18911175
349 1113 3.58481336 0.00358481336 3.18911175
349 1113 3.58487741 0.00358487741 3.18911175
349 1113 3.58490405 0.00358490405 3.18911175
349 1113 3.58492253 0.00358492253 3.18911175
349 1113 3.58493693 0.00358493693 3.18911175
349 1113 3.58495238 0.00358495238 3.18911175
349 1113 3.58496785 0.00358496785 3.18911175
349 1113 3.58500985 0.00358500985 3.18911175
349 1113 3.58494984 0.00358494984 3.18911175
348 1106 3.55691845 0.00355691845 3.17816092
348 1105 3.55848836 0.00355848836 3.17528736
348 1107 3.56922969 0.00356922969 3.18103448
348 1111 3.57702867 0.00357702867 3.19252874
348 1106 3.5803147 0.0035803147 3.17816092
348 1108 3.57932126 0.00357932126 3.18390805
348 1113 3.57610057 0.00357610057 3.19827586
348 1105 3.57243891 0.00357243891 3.17528736
348 1105 3.57231391 0.00357231391 3.17528736
348 1105 3.57220693 0.00357220693 3.17528736
347 1102 3.55595911 0.00355595911 3.17579251
347 1102 3.55599406 0.00355599406 3.17579251
347 1095 3.54618145 0.00354618145 3.1556196
347 1102 3.55585403 0.00355585403 3.17579251
347 1102 3.55577577 0.00355577577 3.17579251
347 1102 3.55571457 0.00355571457 3.17579251
347 1102 3.55565864 0.00355565864 3.17579251
347 1102 3.55560077 0.00355560077 3.17579251
347 1102 3.5555404 0.0035555404 3.17579251
347 1102 3.55547629 0.00355547629 3.17579251
346 1094 3.52977685 0.00352977685 3.16184971
346 1092 3.52947757 0.00352947757 3.15606936
346 1094 3.52988863 0.00352988863 3.16184971
346 1092 3.52933792 0.00352933792 3.15606936
346 1092 3.52926406 0.00352926406 3.15606936
346 1092 3.52911592 0.00352911592 3.15606936
346 1092 3.52897106 0.00352897106 3.15606936
346 1092 3.52881464 0.00352881464 3.15606936
346 1092 3.52863943 0.00352863943 3.15606936
346 1092 3.52844217 0.00352844217 3.15606936
345 1084 3.50415018 0.00350415018 3.14202899
345 1084 3.50408675 0.00350408675 3.14202899
345 1084 3.50399752 0.00350399752 3.14202899
345 1084 3.50392514 0.00350392514 3.14202899
345 1084 3.503847 0.003503847 3.14202899
345 1084 3.50375458 0.00350375458 3.14202899
345 1084 3.50364542 0.00350364542 3.14202899
345 1084 3.50351508 0.00350351508 3.14202899
345 1084 3.50335746 0.00350335746 3.14202899
345 1084 3.50316419 0.00350316419 3.14202899
344 1075 3.48416842 0.00348416842 3.125
344 1075 3.48410748 0.00348410748 3.125
344 1075 3.48408607 0.00348408607 3.125
344 1075 3.48408972 0.00348408972 3.125
344 1075 3.48405117 0.00348405117 3.125
344 1075 3.48404325 0.00348404325 3.125
344 1075 3.48399296 0.00348399296 3.125
344 1075 3.48397434 0.00348397434 3.125
344 1075 3.48390461 0.00348390461 3.125
344 1075 3.48386696 0.00348386696 3.125
343 1070 3.46635443 0.00346635443 3.11953353
343 1070 3.46625816 0.00346625816 3.11953353
343 1070 3.46627335 0.00346627335 3.11953353
343 1070 3.46626361 0.00346626361 3.11953353
343 1070 3.46625132 0.00346625132 3.11953353
343 1070 3.4662377 0.0034662377 3.11953353
343 1070 3.46622104 0.00346622104 3.11953353
343 1070 3.46620064 0.00346620064 3.11953353
343 1070 3.4661755 0.0034661755 3.11953353
343 1070 3.46614428 0.00346614428 3.11953353
342 1066 3.447201 0.003447201 3.11695906
342 1066 3.44723465 0.00344723465 3.11695906
342 1062 3.43975282 0.00343975282 3.10526316
342 1062 3.4402687 0.0034402687 3.10526316
342 1062 3.44017824 0.00344017824 3.10526316
342 1062 3.44013887 0.00344013887 3.10526316
342 1062 3.44009566 0.00344009566 3.10526316
342 1062 3.44003211 0.00344003211 3.10526316
342 1062 3.43994495 0.00343994495 3.10526316
342 1062 3.43982729 0.00343982729 3.10526316
341 1058 3.42062357 0.00342062357 3.1026393
341 1058 3.42039837 0.00342039837 3.1026393
341 1058 3.42006798 0.00342006798 3.1026393
341 1053 3.41016497 0.00341016497 3.08797654
341 1053 3.40999094 0.00340999094 3.08797654
341 1053 3.40981186 0.00340981186 3.08797654
341 1053 3.40959001 0.00340959001 3.08797654
341 1053 3.40933521 0.00340933521 3.08797654
341 1053 3.40905073 0.00340905073 3.08797654
341 1053 3.40874082 0.00340874082 3.08797654
340 1047 3.37911893 0.00337911893 3.07941176
339 1041 3.36346128 0.00336346128 3.07079646
339 1046 3.37050046 0.00337050046 3.08554572
339 1047 3.38551132 0.00338551132 3.08849558
339 1048 3.38710201 0.00338710201 3.09144543
339 1050 3.38426095 0.00338426095 3.09734513
339 1049 3.39134757 0.00339134757 3.09439528
339 1053 3.37790252 0.00337790252 3.10619469
339 1046 3.37729056 0.00337729056 3.08554572
339 1047 3.36962997 0.00336962997 3.08849558
338 1038 3.35156982 0.00335156982 3.07100592
338 1038 3.33881732 0.00333881732 3.07100592
338 1032 3.3256425 0.0033256425 3.05325444
338 1037 3.3155351 0.0033155351 3.06804734
337 1030 3.29054846 0.00329054846 3.05637982
336 1026 3.26242688 0.00326242688 3.05357143
336 1027 3.20872611 0.00320872611 3.05654762
336 1027 2.04686268e-11 2.04686268e-14 3.05654762
336 1027 0 0 3.05654762
allocating memory...
allocating memory...
allocating memory...
allocating memory...
allocating memory...
allocating memory...
allocating memory...
allocating memory...
allocating memory...
walksat version 35
command line = test -solcnf -cutoff 100000000 -best -seed 1234567 -numsol 10 ./residualformula_seed3.cnf
seed = 1234567
cutoff = 100000000
tries = 10
heuristic = best, noise 50 / 100
tail starts after flip = 3000
numatom = 1000, numclause = 1027, numliterals = 2909
wff read in

    lowest     final       avg     noise     noise     total                 avg        mean        mean
    #unsat    #unsat     noise   std dev     ratio     flips              length       flips       flips
      this      this      this      this      this      this   success   success       until         std
       try       try       try       try       try       try      rate     tries      assign         dev

         0         0      4.44      2.36      1.88      6921       100      6921     6921.00
         0         0      4.86      2.60      1.87     11443       100      9182     9182.00     3197.54
         0         0      3.55      2.48      1.43     53854       100     24072    24072.67    25890.31
         0         0      5.04      2.70      1.87     45392       100     29402    29402.50    23674.89
         0         0      4.81      2.56      1.88     12537       100     26029    26029.40    21846.38
         0         0      3.49      2.18      1.60      6395       100     22757    22757.00    21120.21
         0         0      4.67      2.44      1.91     34458       100     24428    24428.57    19780.76
         0         0      4.26      2.64      1.61     60133       100     28891    28891.62    22242.58
         0         0      4.75      2.76      1.72     95257       100     36265    36265.56    30368.81
         0         0      4.42      2.64      1.67     35723       100     36211    36211.30    28632.50

total elapsed seconds = 0.000000
average flips per second = -9223372036854775808
number solutions found = 10
final success rate = 100.000000
average length successful tries = 36211
mean flips until assign = 36211.300000
  variance = 819819957.566666
  standard deviation = 28632.498277
  standard error of mean = 9054.390966
mean seconds until assign = 0.000000
  variance = 0.000000
  standard deviation = 0.000000
  standard error of mean = 0.000000
mean restarts until assign = 1.000000
  variance = 0.000000
  standard deviation = 0.000000
  standard error of mean = 0.000000
final noise level statistics
    statistics over all runs:
      overall mean average noise level = 4.428872
      overall mean noise std deviation = 2.536498
      overall ratio mean noise to mean std dev = 1.746057
    statistics on successful runs:
      successful mean average noise level = 4.428872
      successful mean noise std deviation = 2.536498
      successful ratio mean noise to mean std dev = 1.746057
    statistics on nonsuccessful runs:
      nonsuccessful mean average noise level = 0.000000
      nonsuccessful mean noise std deviation = 0.000000
      nonsuccessful ratio mean noise to mean std dev = 0.000000
ASSIGNMENT FOUND
Check and white a solution
time of whitening    freezing probability
8	 	 	 	1
8	 	 	 	1
11	 	 	 	1
8	 	 	 	1
12	 	 	 	1
13	 	 	 	1
7	 	 	 	1
8	 	 	 	1
8	 	 	 	1
9	 	 	 	1
