START ALGORITHM:
I am going to build an instance with N: 1000 variables and 4150 clauses with a clause density equal to 4.15
START BSP WITH r=0.9:
Decimation scorer: cert
END UNIT PROPAGATION
1000 4150 7.84026024 0.00784026024 4.15
1000 4150 7.84084607 0.00784084607 4.15
1000 4150 7.84102601 0.00784102601 4.15
1000 4150 7.84102247 0.00784102247 4.15
1000 4150 7.84107035 0.00784107035 4.15
1000 4150 7.84109179 0.00784109179 4.15
1000 4150 7.8410971 0.0078410971 4.15
1000 4150 7.84108975 0.00784108975 4.15
1000 4150 7.84107963 0.00784107963 4.15
999 4140 7.83759934 0.00783759934 4.14414414
999 4140 7.83759292 0.00783759292 4.14414414
999 4140 7.83760348 0.00783760348 4.14414414
999 4140 7.8376028 0.0078376028 4.14414414
999 4148 7.83961323 0.00783961323 4.15215215
999 4148 7.83958729 0.00783958729 4.15215215
999 4145 7.84109004 0.00784109004 4.14914915
999 4145 7.84109358 0.00784109358 4.14914915
999 4145 7.84108571 0.00784108571 4.14914915
999 4145 7.84108724 0.00784108724 4.14914915
998 4137 7.83478173 0.00783478173 4.14529058
998 4138 7.83542235 0.00783542235 4.14629259
998 4143 7.83959945 0.00783959945 4.15130261
998 4143 7.83960433 0.00783960433 4.15130261
998 4143 7.8395876 0.0078395876 4.15130261
998 4143 7.83961469 0.00783961469 4.15130261
998 4143 7.83960264 0.00783960264 4.15130261
998 4143 7.83955686 0.00783955686 4.15130261
998 4143 7.83960033 0.00783960033 4.15130261
998 4143 7.83958211 0.00783958211 4.15130261
997 4131 7.83401132 0.00783401132 4.14343029
997 4131 7.83488087 0.00783488087 4.14343029
997 4133 7.83611212 0.00783611212 4.14543631
997 4133 7.83611906 0.00783611906 4.14543631
997 4133 7.83613233 0.00783613233 4.14543631
997 4133 7.83609231 0.00783609231 4.14543631
997 4133 7.83609964 0.00783609964 4.14543631
997 4133 7.83611737 0.00783611737 4.14543631
997 4133 7.83610915 0.00783610915 4.14543631
997 4133 7.83608453 0.00783608453 4.14543631
996 4122 7.82903949 0.00782903949 4.13855422
996 4121 7.83140922 0.00783140922 4.1375502
996 4121 7.83139442 0.00783139442 4.1375502
996 4121 7.83138819 0.00783138819 4.1375502
996 4121 7.83139379 0.00783139379 4.1375502
996 4121 7.83141992 0.00783141992 4.1375502
996 4121 7.83136979 0.00783136979 4.1375502
996 4121 7.83138381 0.00783138381 4.1375502
996 4121 7.83139077 0.00783139077 4.1375502
996 4128 7.83391774 0.00783391774 4.14457831
995 4117 7.82683123 0.00782683123 4.13768844
995 4122 7.82501881 0.00782501881 4.14271357
995 4122 7.82500391 0.00782500391 4.14271357
995 4122 7.82497655 0.00782497655 4.14271357
995 4116 7.82923213 0.00782923213 4.13668342
995 4116 7.82921976 0.00782921976 4.13668342
995 4116 7.8292142 0.0078292142 4.13668342
995 4123 7.82963012 0.00782963012 4.14371859
995 4123 7.82963287 0.00782963287 4.14371859
995 4123 7.8296416 0.0078296416 4.14371859
994 4112 7.82252263 0.00782252263 4.13682093
994 4112 7.8225313 0.0078225313 4.13682093
994 4112 7.82253646 0.00782253646 4.13682093
994 4112 7.82253472 0.00782253472 4.13682093
994 4118 7.82410009 0.00782410009 4.14285714
994 4118 7.82408705 0.00782408705 4.14285714
994 4115 7.82341503 0.00782341503 4.13983903
994 4115 7.82515736 0.00782515736 4.13983903
994 4115 7.82516438 0.00782516438 4.13983903
994 4115 7.82516525 0.00782516525 4.13983903
993 4103 7.82054366 0.00782054366 4.13192346
993 4103 7.8205556 0.0078205556 4.13192346
993 4103 7.82053067 0.00782053067 4.13192346
993 4103 7.82054432 0.00782054432 4.13192346
993 4103 7.82055472 0.00782055472 4.13192346
993 4110 7.82088913 0.00782088913 4.13897281
993 4110 7.82090833 0.00782090833 4.13897281
993 4110 7.82091611 0.00782091611 4.13897281
993 4110 7.8209185 0.0078209185 4.13897281
993 4110 7.82092019 0.00782092019 4.13897281
992 4098 7.81531473 0.00781531473 4.13104839
992 4098 7.81531988 0.00781531988 4.13104839
992 4098 7.8163229 0.0078163229 4.13104839
992 4098 7.81627235 0.00781627235 4.13104839
992 4098 7.81630125 0.00781630125 4.13104839
992 4098 7.81628384 0.00781628384 4.13104839
992 4098 7.81629498 0.00781629498 4.13104839
992 4098 7.81630585 0.00781630585 4.13104839
992 4098 7.81628331 0.00781628331 4.13104839
992 4098 7.816323 0.007816323 4.13104839
991 4092 7.80887484 0.00780887484 4.12916246
991 4086 7.81070376 0.00781070376 4.12310797
991 4086 7.81069602 0.00781069602 4.12310797
991 4086 7.81069658 0.00781069658 4.12310797
991 4086 7.81074372 0.00781074372 4.12310797
991 4086 7.81073066 0.00781073066 4.12310797
991 4086 7.81071529 0.00781071529 4.12310797
991 4086 7.81073023 0.00781073023 4.12310797
991 4086 7.81073308 0.00781073308 4.12310797
991 4086 7.81070112 0.00781070112 4.12310797
990 4081 7.80178548 0.00780178548 4.12222222
990 4079 7.8050859 0.0078050859 4.12020202
990 4079 7.80341512 0.00780341512 4.12020202
990 4079 7.8034017 0.0078034017 4.12020202
990 4084 7.80902524 0.00780902524 4.12525253
990 4084 7.80897534 0.00780897534 4.12525253
990 4084 7.80897174 0.00780897174 4.12525253
990 4084 7.80896125 0.00780896125 4.12525253
990 4084 7.80897637 0.00780897637 4.12525253
990 4084 7.80897552 0.00780897552 4.12525253
989 4078 7.80157811 0.00780157811 4.12335693
989 4078 7.80157303 0.00780157303 4.12335693
989 4078 7.80159683 0.00780159683 4.12335693
989 4078 7.80161277 0.00780161277 4.12335693
989 4078 7.80156233 0.00780156233 4.12335693
989 4073 7.80183305 0.00780183305 4.11830131
989 4073 7.80186362 0.00780186362 4.11830131
989 4077 7.7986711 0.0077986711 4.1223458
989 4077 7.79867876 0.00779867876 4.1223458
989 4073 7.80190334 0.00780190334 4.11830131
988 4066 7.7952292 0.0077952292 4.11538462
988 4066 7.79525635 0.00779525635 4.11538462
988 4061 7.79626125 0.00779626125 4.11032389
988 4061 7.79626859 0.00779626859 4.11032389
988 4061 7.79629838 0.00779629838 4.11032389
988 4061 7.79628582 0.00779628582 4.11032389
988 4061 7.79621523 0.00779621523 4.11032389
988 4061 7.79628816 0.00779628816 4.11032389
988 4061 7.79628761 0.00779628761 4.11032389
988 4061 7.79626406 0.00779626406 4.11032389
987 4053 7.78785723 0.00778785723 4.10638298
987 4053 7.78786108 0.00778786108 4.10638298
987 4054 7.78968895 0.00778968895 4.10739615
987 4054 7.78969252 0.00778969252 4.10739615
987 4054 7.78961569 0.00778961569 4.10739615
987 4054 7.78963453 0.00778963453 4.10739615
987 4056 7.79030695 0.00779030695 4.10942249
987 4056 7.79031199 0.00779031199 4.10942249
987 4056 7.79026863 0.00779026863 4.10942249
987 4056 7.79029265 0.00779029265 4.10942249
986 4044 7.78122793 0.00778122793 4.10141988
986 4048 7.78192335 0.00778192335 4.10547667
986 4047 7.78363373 0.00778363373 4.10446247
986 4047 7.78364749 0.00778364749 4.10446247
986 4047 7.78359684 0.00778359684 4.10446247
986 4047 7.78357521 0.00778357521 4.10446247
986 4047 7.78359686 0.00778359686 4.10446247
986 4047 7.78374738 0.00778374738 4.10446247
986 4049 7.78366562 0.00778366562 4.10649087
986 4049 7.78368233 0.00778368233 4.10649087
985 4039 7.77432909 0.00777432909 4.10050761
985 4039 7.77611638 0.00777611638 4.10050761
985 4039 7.77593757 0.00777593757 4.10050761
985 4039 7.77598485 0.00777598485 4.10050761
985 4039 7.77606599 0.00777606599 4.10050761
985 4043 7.77660012 0.00777660012 4.10456853
985 4043 7.77661656 0.00777661656 4.10456853
985 4043 7.77660851 0.00777660851 4.10456853
985 4043 7.77657109 0.00777657109 4.10456853
985 4043 7.77657799 0.00777657799 4.10456853
984 4035 7.76819607 0.00776819607 4.10060976
984 4033 7.76895342 0.00776895342 4.09857724
984 4033 7.76896446 0.00776896446 4.09857724
984 4033 7.76898274 0.00776898274 4.09857724
984 4033 7.76900261 0.00776900261 4.09857724
984 4033 7.7689841 0.0077689841 4.09857724
984 4033 7.76892978 0.00776892978 4.09857724
984 4033 7.76896886 0.00776896886 4.09857724
984 4034 7.76998822 0.00776998822 4.0995935
984 4034 7.76994756 0.00776994756 4.0995935
983 4024 7.76060114 0.00776060114 4.09359105
983 4024 7.76061186 0.00776061186 4.09359105
983 4024 7.76241539 0.00776241539 4.09359105
983 4024 7.76232661 0.00776232661 4.09359105
983 4024 7.76231497 0.00776231497 4.09359105
983 4024 7.7622923 0.0077622923 4.09359105
983 4024 7.76222481 0.00776222481 4.09359105
983 4024 7.76232711 0.00776232711 4.09359105
983 4024 7.76228339 0.00776228339 4.09359105
983 4024 7.76230333 0.00776230333 4.09359105
982 4014 7.75300345 0.00775300345 4.08757637
982 4014 7.7529741 0.0077529741 4.08757637
982 4014 7.75304869 0.00775304869 4.08757637
982 4018 7.75364223 0.00775364223 4.09164969
982 4018 7.75360962 0.00775360962 4.09164969
982 4018 7.75359141 0.00775359141 4.09164969
982 4018 7.75357009 0.00775357009 4.09164969
982 4016 7.75404836 0.00775404836 4.08961303
982 4016 7.75400757 0.00775400757 4.08961303
982 4016 7.75400285 0.00775400285 4.08961303
981 4006 7.7444442 0.0077444442 4.08358818
981 4001 7.74454078 0.00774454078 4.07849134
981 4001 7.74456401 0.00774456401 4.07849134
981 4001 7.74451422 0.00774451422 4.07849134
981 4001 7.74449817 0.00774449817 4.07849134
981 4001 7.74457013 0.00774457013 4.07849134
981 4001 7.74455789 0.00774455789 4.07849134
981 4001 7.74459672 0.00774459672 4.07849134
981 4001 7.7445708 0.0077445708 4.07849134
981 4001 7.74457366 0.00774457366 4.07849134
980 3995 7.73594652 0.00773594652 4.07653061
980 3998 7.73630156 0.00773630156 4.07959184
980 3998 7.73631245 0.00773631245 4.07959184
980 3998 7.73630876 0.00773630876 4.07959184
980 3998 7.73629886 0.00773629886 4.07959184
980 3998 7.73633087 0.00773633087 4.07959184
980 3998 7.73632671 0.00773632671 4.07959184
980 3998 7.73635396 0.00773635396 4.07959184
980 3998 7.73637153 0.00773637153 4.07959184
980 3998 7.73628564 0.00773628564 4.07959184
979 3990 7.72655662 0.00772655662 4.07558733
979 3983 7.72683468 0.00772683468 4.06843718
979 3983 7.72682975 0.00772682975 4.06843718
979 3988 7.72719033 0.00772719033 4.07354443
979 3988 7.72718647 0.00772718647 4.07354443
979 3988 7.72715595 0.00772715595 4.07354443
979 3988 7.72713727 0.00772713727 4.07354443
979 3988 7.72716843 0.00772716843 4.07354443
979 3988 7.7271185 0.0077271185 4.07354443
979 3988 7.72717974 0.00772717974 4.07354443
978 3982 7.71707161 0.00771707161 4.07157464
978 3982 7.71709843 0.00771709843 4.07157464
978 3982 7.71696452 0.00771696452 4.07157464
978 3980 7.71745346 0.00771745346 4.06952965
978 3980 7.71736606 0.00771736606 4.06952965
978 3980 7.7174088 0.0077174088 4.06952965
978 3978 7.7177108 0.0077177108 4.06748466
978 3978 7.71756602 0.00771756602 4.06748466
978 3980 7.71867579 0.00771867579 4.06952965
978 3980 7.71863229 0.00771863229 4.06952965
977 3974 7.70700767 0.00770700767 4.06755374
977 3965 7.70914791 0.00770914791 4.05834186
977 3965 7.70918847 0.00770918847 4.05834186
977 3965 7.70913507 0.00770913507 4.05834186
977 3965 7.70913813 0.00770913813 4.05834186
977 3965 7.70920698 0.00770920698 4.05834186
977 3965 7.70914249 0.00770914249 4.05834186
977 3965 7.70908742 0.00770908742 4.05834186
977 3965 7.70918893 0.00770918893 4.05834186
977 3965 7.70918517 0.00770918517 4.05834186
976 3950 7.69601218 0.00769601218 4.04713115
976 3956 7.69632109 0.00769632109 4.05327869
976 3956 7.69726178 0.00769726178 4.05327869
976 3961 7.69891269 0.00769891269 4.05840164
976 3961 7.69893899 0.00769893899 4.05840164
976 3955 7.70000149 0.00770000149 4.0522541
976 3955 7.700134 0.007700134 4.0522541
976 3955 7.70008837 0.00770008837 4.0522541
976 3955 7.70003815 0.00770003815 4.0522541
976 3955 7.69999372 0.00769999372 4.0522541
975 3947 7.68998199 0.00768998199 4.04820513
975 3947 7.6903102 0.0076903102 4.04820513
975 3947 7.69034383 0.00769034383 4.04820513
975 3949 7.69041468 0.00769041468 4.05025641
975 3949 7.69027707 0.00769027707 4.05025641
975 3949 7.69031773 0.00769031773 4.05025641
975 3949 7.69035739 0.00769035739 4.05025641
975 3949 7.69036631 0.00769036631 4.05025641
975 3949 7.69036005 0.00769036005 4.05025641
975 3949 7.69030394 0.00769030394 4.05025641
974 3941 7.68026341 0.00768026341 4.04620123
974 3941 7.68033546 0.00768033546 4.04620123
974 3941 7.68059493 0.00768059493 4.04620123
974 3941 7.68064255 0.00768064255 4.04620123
974 3941 7.68062372 0.00768062372 4.04620123
974 3941 7.68063163 0.00768063163 4.04620123
974 3941 7.68063417 0.00768063417 4.04620123
974 3941 7.68061012 0.00768061012 4.04620123
974 3941 7.68065463 0.00768065463 4.04620123
974 3941 7.68066961 0.00768066961 4.04620123
973 3937 7.67059497 0.00767059497 4.04624872
973 3937 7.67059908 0.00767059908 4.04624872
973 3937 7.67063151 0.00767063151 4.04624872
973 3937 7.67056817 0.00767056817 4.04624872
973 3937 7.67061967 0.00767061967 4.04624872
973 3937 7.670634 0.007670634 4.04624872
973 3937 7.67066973 0.00767066973 4.04624872
973 3937 7.67061846 0.00767061846 4.04624872
973 3937 7.67064807 0.00767064807 4.04624872
973 3937 7.6705786 0.0076705786 4.04624872
972 3931 7.65917601 0.00765917601 4.04423868
972 3931 7.65928101 0.00765928101 4.04423868
972 3931 7.65924388 0.00765924388 4.04423868
972 3931 7.65924864 0.00765924864 4.04423868
972 3931 7.65922051 0.00765922051 4.04423868
972 3931 7.65916153 0.00765916153 4.04423868
972 3931 7.65922566 0.00765922566 4.04423868
972 3931 7.65930708 0.00765930708 4.04423868
972 3931 7.65921436 0.00765921436 4.04423868
972 3931 7.65924931 0.00765924931 4.04423868
971 3923 7.6466949 0.0076466949 4.04016478
971 3922 7.64795405 0.00764795405 4.03913491
971 3922 7.64797014 0.00764797014 4.03913491
971 3922 7.64796048 0.00764796048 4.03913491
971 3922 7.64794624 0.00764794624 4.03913491
971 3922 7.64793031 0.00764793031 4.03913491
971 3922 7.647804 0.007647804 4.03913491
971 3922 7.64789193 0.00764789193 4.03913491
971 3920 7.64894335 0.00764894335 4.03707518
971 3920 7.64903702 0.00764903702 4.03707518
970 3916 7.63657784 0.00763657784 4.0371134
970 3914 7.63803139 0.00763803139 4.03505155
970 3914 7.63805018 0.00763805018 4.03505155
970 3914 7.63792528 0.00763792528 4.03505155
970 3914 7.63796821 0.00763796821 4.03505155
970 3914 7.63798177 0.00763798177 4.03505155
970 3914 7.63804237 0.00763804237 4.03505155
970 3914 7.63804657 0.00763804657 4.03505155
970 3914 7.63796701 0.00763796701 4.03505155
970 3914 7.63796928 0.00763796928 4.03505155
969 3908 7.62558156 0.00762558156 4.03302374
969 3908 7.6256311 0.0076256311 4.03302374
969 3908 7.62551345 0.00762551345 4.03302374
969 3902 7.62447545 0.00762447545 4.02683179
969 3902 7.62446278 0.00762446278 4.02683179
969 3902 7.62440272 0.00762440272 4.02683179
969 3902 7.62445355 0.00762445355 4.02683179
969 3902 7.6244315 0.0076244315 4.02683179
969 3902 7.62450016 0.00762450016 4.02683179
969 3902 7.62448896 0.00762448896 4.02683179
968 3894 7.61202751 0.00761202751 4.02272727
968 3894 7.61192993 0.00761192993 4.02272727
968 3894 7.61194879 0.00761194879 4.02272727
968 3894 7.61186652 0.00761186652 4.02272727
968 3894 7.61194007 0.00761194007 4.02272727
968 3894 7.61182701 0.00761182701 4.02272727
968 3894 7.61190392 0.00761190392 4.02272727
968 3898 7.61211664 0.00761211664 4.0268595
968 3898 7.61197349 0.00761197349 4.0268595
968 3898 7.61193807 0.00761193807 4.0268595
967 3892 7.59495359 0.00759495359 4.02481903
967 3890 7.59587928 0.00759587928 4.02275078
967 3884 7.5974287 0.0075974287 4.01654602
967 3890 7.59972564 0.00759972564 4.02275078
967 3890 7.59962955 0.00759962955 4.02275078
967 3890 7.59954998 0.00759954998 4.02275078
967 3890 7.59963995 0.00759963995 4.02275078
967 3890 7.59970389 0.00759970389 4.02275078
967 3890 7.60157323 0.00760157323 4.02275078
967 3890 7.60149961 0.00760149961 4.02275078
966 3875 7.58865453 0.00758865453 4.01138716
966 3875 7.58859297 0.00758859297 4.01138716
966 3875 7.58862067 0.00758862067 4.01138716
966 3875 7.58867502 0.00758867502 4.01138716
966 3875 7.58857439 0.00758857439 4.01138716
966 3875 7.58847364 0.00758847364 4.01138716
966 3875 7.58864702 0.00758864702 4.01138716
966 3875 7.58865235 0.00758865235 4.01138716
966 3875 7.58843785 0.00758843785 4.01138716
966 3875 7.58866336 0.00758866336 4.01138716
965 3867 7.57637077 0.00757637077 4.00725389
965 3867 7.57660173 0.00757660173 4.00725389
965 3867 7.57636744 0.00757636744 4.00725389
965 3867 7.57643522 0.00757643522 4.00725389
965 3867 7.57633975 0.00757633975 4.00725389
965 3876 7.58042938 0.00758042938 4.01658031
965 3876 7.58036081 0.00758036081 4.01658031
965 3876 7.58043866 0.00758043866 4.01658031
965 3876 7.58035664 0.00758035664 4.01658031
965 3876 7.58031912 0.00758031912 4.01658031
964 3866 7.56575229 0.00756575229 4.01037344
964 3861 7.56743753 0.00756743753 4.00518672
964 3861 7.5675236 0.0075675236 4.00518672
964 3861 7.56756991 0.00756756991 4.00518672
964 3861 7.56769751 0.00756769751 4.00518672
964 3861 7.56753438 0.00756753438 4.00518672
964 3861 7.56739512 0.00756739512 4.00518672
964 3861 7.56775129 0.00756775129 4.00518672
964 3861 7.56756591 0.00756756591 4.00518672
964 3861 7.56766304 0.00756766304 4.00518672
963 3856 7.55106687 0.00755106687 4.00415369
963 3857 7.55469057 0.00755469057 4.00519211
963 3857 7.55453045 0.00755453045 4.00519211
963 3857 7.55455393 0.00755455393 4.00519211
963 3857 7.55443006 0.00755443006 4.00519211
963 3857 7.55465261 0.00755465261 4.00519211
963 3857 7.55447269 0.00755447269 4.00519211
963 3857 7.55459781 0.00755459781 4.00519211
963 3857 7.55477846 0.00755477846 4.00519211
963 3857 7.55467891 0.00755467891 4.00519211
962 3852 7.53790847 0.00753790847 4.004158
962 3847 7.53856173 0.00753856173 3.9989605
962 3843 7.54009593 0.00754009593 3.99480249
962 3843 7.54025947 0.00754025947 3.99480249
962 3843 7.54037029 0.00754037029 3.99480249
962 3843 7.54014546 0.00754014546 3.99480249
962 3843 7.54015227 0.00754015227 3.99480249
962 3843 7.54033927 0.00754033927 3.99480249
962 3843 7.54003804 0.00754003804 3.99480249
962 3843 7.54029231 0.00754029231 3.99480249
961 3833 7.52313003 0.00752313003 3.98855359
961 3833 7.52302757 0.00752302757 3.98855359
961 3833 7.52281944 0.00752281944 3.98855359
961 3835 7.52396758 0.00752396758 3.99063476
961 3835 7.52401471 0.00752401471 3.99063476
961 3837 7.52370969 0.00752370969 3.99271592
961 3833 7.52421389 0.00752421389 3.98855359
961 3833 7.52404377 0.00752404377 3.98855359
961 3833 7.52912941 0.00752912941 3.98855359
961 3837 7.525826 0.007525826 3.99271592
960 3827 7.50846958 0.00750846958 3.98645833
960 3827 7.50859991 0.00750859991 3.98645833
960 3829 7.50990661 0.00750990661 3.98854167
960 3829 7.51016517 0.00751016517 3.98854167
960 3829 7.50558598 0.00750558598 3.98854167
960 3825 7.50891359 0.00750891359 3.984375
960 3825 7.50887505 0.00750887505 3.984375
960 3825 7.50891863 0.00750891863 3.984375
960 3821 7.51355674 0.00751355674 3.98020833
960 3821 7.51347283 0.00751347283 3.98020833
959 3815 7.495803 0.007495803 3.97810219
959 3816 7.49679001 0.00749679001 3.97914494
959 3812 7.50474075 0.00750474075 3.97497393
959 3812 7.50447163 0.00750447163 3.97497393
959 3812 7.50453385 0.00750453385 3.97497393
959 3812 7.50460051 0.00750460051 3.97497393
959 3812 7.50460393 0.00750460393 3.97497393
959 3812 7.50463049 0.00750463049 3.97497393
959 3812 7.50453393 0.00750453393 3.97497393
959 3812 7.50462296 0.00750462296 3.97497393
958 3802 7.4905514 0.0074905514 3.96868476
958 3802 7.4905533 0.0074905533 3.96868476
958 3802 7.49049784 0.00749049784 3.96868476
958 3808 7.49147137 0.00749147137 3.97494781
958 3808 7.49147696 0.00749147696 3.97494781
958 3808 7.49158462 0.00749158462 3.97494781
958 3808 7.49156985 0.00749156985 3.97494781
958 3808 7.49150991 0.00749150991 3.97494781
958 3808 7.49149781 0.00749149781 3.97494781
958 3808 7.49141253 0.00749141253 3.97494781
957 3798 7.47758164 0.00747758164 3.96865204
957 3798 7.47750356 0.00747750356 3.96865204
957 3798 7.4776234 0.0074776234 3.96865204
957 3798 7.47751988 0.00747751988 3.96865204
957 3798 7.4775538 0.0074775538 3.96865204
957 3798 7.47764389 0.00747764389 3.96865204
957 3798 7.47768194 0.00747768194 3.96865204
957 3798 7.47761338 0.00747761338 3.96865204
957 3798 7.47770602 0.00747770602 3.96865204
957 3798 7.47756887 0.00747756887 3.96865204
956 3788 7.46026369 0.00746026369 3.9623431
956 3788 7.46129084 0.00746129084 3.9623431
956 3788 7.46139535 0.00746139535 3.9623431
956 3788 7.46142712 0.00746142712 3.9623431
956 3790 7.46165434 0.00746165434 3.96443515
956 3790 7.46147304 0.00746147304 3.96443515
956 3790 7.46155272 0.00746155272 3.96443515
956 3790 7.46162283 0.00746162283 3.96443515
956 3790 7.46173668 0.00746173668 3.96443515
956 3790 7.46155005 0.00746155005 3.96443515
955 3787 7.44244618 0.00744244618 3.96544503
955 3777 7.44296476 0.00744296476 3.95497382
955 3783 7.442738 0.007442738 3.96125654
955 3783 7.44270642 0.00744270642 3.96125654
955 3783 7.44262356 0.00744262356 3.96125654
955 3780 7.44416022 0.00744416022 3.95811518
955 3780 7.44437929 0.00744437929 3.95811518
955 3780 7.44438901 0.00744438901 3.95811518
955 3777 7.445044 0.007445044 3.95497382
955 3777 7.44516361 0.00744516361 3.95497382
954 3771 7.42754003 0.00742754003 3.95283019
954 3771 7.42749571 0.00742749571 3.95283019
954 3771 7.42761683 0.00742761683 3.95283019
954 3771 7.42752903 0.00742752903 3.95283019
954 3771 7.42747076 0.00742747076 3.95283019
954 3771 7.42750074 0.00742750074 3.95283019
954 3771 7.42763724 0.00742763724 3.95283019
954 3767 7.42932964 0.00742932964 3.94863732
954 3767 7.42935927 0.00742935927 3.94863732
954 3767 7.42927109 0.00742927109 3.94863732
953 3764 7.41015692 0.00741015692 3.94963274
953 3762 7.41174294 0.00741174294 3.9475341
953 3762 7.41202203 0.00741202203 3.9475341
953 3762 7.41204046 0.00741204046 3.9475341
953 3762 7.41200991 0.00741200991 3.9475341
953 3762 7.41203053 0.00741203053 3.9475341
953 3761 7.41228564 0.00741228564 3.94648478
953 3761 7.41194087 0.00741194087 3.94648478
953 3761 7.41197236 0.00741197236 3.94648478
953 3761 7.41200072 0.00741200072 3.94648478
952 3754 7.39398318 0.00739398318 3.94327731
952 3754 7.3941029 0.0073941029 3.94327731
952 3754 7.39390183 0.00739390183 3.94327731
952 3754 7.39396495 0.00739396495 3.94327731
952 3756 7.39515269 0.00739515269 3.94537815
952 3756 7.39512116 0.00739512116 3.94537815
952 3756 7.39500168 0.00739500168 3.94537815
952 3756 7.39487661 0.00739487661 3.94537815
952 3756 7.39502872 0.00739502872 3.94537815
952 3756 7.39477824 0.00739477824 3.94537815
951 3743 7.37682045 0.00737682045 3.93585699
951 3743 7.37684382 0.00737684382 3.93585699
951 3743 7.37699951 0.00737699951 3.93585699
951 3743 7.3767762 0.0073767762 3.93585699
951 3743 7.37672114 0.00737672114 3.93585699
951 3746 7.3772833 0.0073772833 3.93901157
951 3746 7.37727388 0.00737727388 3.93901157
951 3746 7.37739279 0.00737739279 3.93901157
951 3746 7.37732955 0.00737732955 3.93901157
951 3746 7.37735923 0.00737735923 3.93901157
950 3743 7.35813886 0.00735813886 3.94
950 3743 7.35817719 0.00735817719 3.94
950 3737 7.35783986 0.00735783986 3.93368421
950 3733 7.35915182 0.00735915182 3.92947368
950 3733 7.35941879 0.00735941879 3.92947368
950 3740 7.35789111 0.00735789111 3.93684211
950 3740 7.35776256 0.00735776256 3.93684211
950 3740 7.35786166 0.00735786166 3.93684211
950 3740 7.35791699 0.00735791699 3.93684211
950 3740 7.35774312 0.00735774312 3.93684211
949 3732 7.3399348 0.0073399348 3.93256059
949 3732 7.33999892 0.00733999892 3.93256059
949 3732 7.34002227 0.00734002227 3.93256059
949 3732 7.33994465 0.00733994465 3.93256059
949 3732 7.34021816 0.00734021816 3.93256059
949 3732 7.34007189 0.00734007189 3.93256059
949 3732 7.33993264 0.00733993264 3.93256059
949 3732 7.33989076 0.00733989076 3.93256059
949 3732 7.34004739 0.00734004739 3.93256059
949 3732 7.33991738 0.00733991738 3.93256059
948 3723 7.32075417 0.00732075417 3.92721519
948 3723 7.32073127 0.00732073127 3.92721519
948 3723 7.32068709 0.00732068709 3.92721519
948 3725 7.32250767 0.00732250767 3.92932489
948 3720 7.32839486 0.00732839486 3.92405063
948 3720 7.32823783 0.00732823783 3.92405063
948 3720 7.32820797 0.00732820797 3.92405063
948 3720 7.32830144 0.00732830144 3.92405063
948 3720 7.32819269 0.00732819269 3.92405063
948 3720 7.32836805 0.00732836805 3.92405063
947 3713 7.30665849 0.00730665849 3.92080253
947 3713 7.30699852 0.00730699852 3.92080253
947 3707 7.3089704 0.0073089704 3.91446674
947 3714 7.31060223 0.00731060223 3.9218585
947 3714 7.31014213 0.00731014213 3.9218585
947 3712 7.31018351 0.00731018351 3.91974657
947 3713 7.31056685 0.00731056685 3.92080253
947 3713 7.31051395 0.00731051395 3.92080253
947 3713 7.31051954 0.00731051954 3.92080253
947 3713 7.31055094 0.00731055094 3.92080253
946 3704 7.29123486 0.00729123486 3.9154334
946 3704 7.29111164 0.00729111164 3.9154334
946 3704 7.291436 0.007291436 3.9154334
946 3704 7.29128875 0.00729128875 3.9154334
946 3704 7.29122749 0.00729122749 3.9154334
946 3704 7.29141955 0.00729141955 3.9154334
946 3704 7.29120611 0.00729120611 3.9154334
946 3704 7.29136837 0.00729136837 3.9154334
946 3704 7.2912752 0.0072912752 3.9154334
946 3704 7.29124662 0.00729124662 3.9154334
945 3691 7.2713438 0.0072713438 3.90582011
945 3701 7.27180597 0.00727180597 3.91640212
945 3701 7.27177806 0.00727177806 3.91640212
945 3698 7.27115249 0.00727115249 3.91322751
945 3698 7.27145807 0.00727145807 3.91322751
945 3698 7.27127931 0.00727127931 3.91322751
945 3698 7.27119543 0.00727119543 3.91322751
945 3698 7.27118249 0.00727118249 3.91322751
945 3697 7.27364434 0.00727364434 3.91216931
945 3697 7.27342969 0.00727342969 3.91216931
944 3694 7.25396046 0.00725396046 3.91313559
944 3694 7.2541974 0.0072541974 3.91313559
944 3694 7.25404449 0.00725404449 3.91313559
944 3694 7.25403265 0.00725403265 3.91313559
944 3694 7.25423728 0.00725423728 3.91313559
944 3694 7.25417476 0.00725417476 3.91313559
944 3694 7.25425355 0.00725425355 3.91313559
944 3694 7.25411756 0.00725411756 3.91313559
944 3694 7.25413758 0.00725413758 3.91313559
944 3694 7.254164 0.007254164 3.91313559
943 3687 7.23342111 0.00723342111 3.90986214
943 3687 7.23340612 0.00723340612 3.90986214
943 3681 7.23487735 0.00723487735 3.90349947
943 3681 7.23472311 0.00723472311 3.90349947
943 3681 7.23474369 0.00723474369 3.90349947
943 3681 7.23476057 0.00723476057 3.90349947
943 3681 7.23480899 0.00723480899 3.90349947
943 3681 7.23494516 0.00723494516 3.90349947
943 3681 7.2348111 0.0072348111 3.90349947
943 3681 7.23473676 0.00723473676 3.90349947
942 3673 7.21278143 0.00721278143 3.89915074
942 3673 7.21314068 0.00721314068 3.89915074
942 3672 7.21376546 0.00721376546 3.89808917
942 3672 7.21369165 0.00721369165 3.89808917
942 3675 7.21560406 0.00721560406 3.90127389
942 3675 7.21545931 0.00721545931 3.90127389
942 3675 7.21556416 0.00721556416 3.90127389
942 3675 7.21571805 0.00721571805 3.90127389
942 3675 7.215805 0.007215805 3.90127389
942 3675 7.2155522 0.0072155522 3.90127389
941 3668 7.19597308 0.00719597308 3.89798087
941 3668 7.19601492 0.00719601492 3.89798087
941 3668 7.19603109 0.00719603109 3.89798087
941 3668 7.19563043 0.00719563043 3.89798087
941 3668 7.19573258 0.00719573258 3.89798087
941 3668 7.19609613 0.00719609613 3.89798087
941 3668 7.19587056 0.00719587056 3.89798087
941 3668 7.19587073 0.00719587073 3.89798087
941 3668 7.19580849 0.00719580849 3.89798087
941 3668 7.19582567 0.00719582567 3.89798087
940 3662 7.17622595 0.00717622595 3.89574468
940 3662 7.17642499 0.00717642499 3.89574468
940 3662 7.17634942 0.00717634942 3.89574468
940 3662 7.17638788 0.00717638788 3.89574468
940 3662 7.17630834 0.00717630834 3.89574468
940 3662 7.17628287 0.00717628287 3.89574468
940 3662 7.17631299 0.00717631299 3.89574468
940 3662 7.17646622 0.00717646622 3.89574468
940 3662 7.1764769 0.0071764769 3.89574468
940 3662 7.17619212 0.00717619212 3.89574468
939 3657 7.15638742 0.00715638742 3.89456869
939 3657 7.15645323 0.00715645323 3.89456869
939 3657 7.15627248 0.00715627248 3.89456869
939 3657 7.15658733 0.00715658733 3.89456869
939 3657 7.15655922 0.00715655922 3.89456869
939 3657 7.15675952 0.00715675952 3.89456869
939 3657 7.15678376 0.00715678376 3.89456869
939 3657 7.15618889 0.00715618889 3.89456869
939 3653 7.1549664 0.0071549664 3.89030884
939 3657 7.15649029 0.00715649029 3.89456869
938 3648 7.13551062 0.00713551062 3.8891258
938 3648 7.13542099 0.00713542099 3.8891258
938 3648 7.1356922 0.0071356922 3.8891258
938 3648 7.13554823 0.00713554823 3.8891258
938 3648 7.13522246 0.00713522246 3.8891258
938 3648 7.13582653 0.00713582653 3.8891258
938 3648 7.13576172 0.00713576172 3.8891258
938 3648 7.13589315 0.00713589315 3.8891258
938 3648 7.13588557 0.00713588557 3.8891258
938 3648 7.13585146 0.00713585146 3.8891258
937 3637 7.11478378 0.00711478378 3.88153682
937 3637 7.11477368 0.00711477368 3.88153682
937 3641 7.11399715 0.00711399715 3.88580576
937 3641 7.11396624 0.00711396624 3.88580576
937 3637 7.11490173 0.00711490173 3.88153682
937 3637 7.11490899 0.00711490899 3.88153682
937 3639 7.11545892 0.00711545892 3.88367129
937 3639 7.11511052 0.00711511052 3.88367129
937 3639 7.11503945 0.00711503945 3.88367129
937 3639 7.11519981 0.00711519981 3.88367129
936 3629 7.09285351 0.00709285351 3.87713675
936 3631 7.0948644 0.0070948644 3.8792735
936 3631 7.09477249 0.00709477249 3.8792735
936 3631 7.09471194 0.00709471194 3.8792735
936 3631 7.09455075 0.00709455075 3.8792735
936 3631 7.0946548 0.0070946548 3.8792735
936 3631 7.09432452 0.00709432452 3.8792735
936 3631 7.09474077 0.00709474077 3.8792735
936 3631 7.09475909 0.00709475909 3.8792735
936 3631 7.09479334 0.00709479334 3.8792735
935 3624 7.07380964 0.00707380964 3.87593583
935 3624 7.0735809 0.0070735809 3.87593583
935 3620 7.07491505 0.00707491505 3.87165775
935 3620 7.07484244 0.00707484244 3.87165775
935 3620 7.07502367 0.00707502367 3.87165775
935 3620 7.07503493 0.00707503493 3.87165775
935 3620 7.07498277 0.00707498277 3.87165775
935 3620 7.07480444 0.00707480444 3.87165775
935 3621 7.07800858 0.00707800858 3.87272727
935 3621 7.07812407 0.00707812407 3.87272727
934 3613 7.05782442 0.00705782442 3.86830835
934 3613 7.05799084 0.00705799084 3.86830835
934 3611 7.05829522 0.00705829522 3.86616702
934 3612 7.05768079 0.00705768079 3.86723769
934 3611 7.05586692 0.00705586692 3.86616702
934 3607 7.05575414 0.00705575414 3.86188437
934 3607 7.05581927 0.00705581927 3.86188437
934 3609 7.05466918 0.00705466918 3.8640257
934 3609 7.05501532 0.00705501532 3.8640257
934 3609 7.05518856 0.00705518856 3.8640257
933 3603 7.03288375 0.00703288375 3.86173633
933 3598 7.03630802 0.00703630802 3.85637728
933 3598 7.03605424 0.00703605424 3.85637728
933 3598 7.03613614 0.00703613614 3.85637728
933 3598 7.03604019 0.00703604019 3.85637728
933 3598 7.03633682 0.00703633682 3.85637728
933 3600 7.03643696 0.00703643696 3.8585209
933 3600 7.03628176 0.00703628176 3.8585209
933 3600 7.03644013 0.00703644013 3.8585209
933 3595 7.0362422 0.0070362422 3.85316184
932 3584 7.01661063 0.00701661063 3.84549356
932 3584 7.01664654 0.00701664654 3.84549356
932 3588 7.01935313 0.00701935313 3.84978541
932 3588 7.01926464 0.00701926464 3.84978541
932 3588 7.01918648 0.00701918648 3.84978541
932 3588 7.01931972 0.00701931972 3.84978541
932 3588 7.01928548 0.00701928548 3.84978541
932 3588 7.0192737 0.0070192737 3.84978541
932 3588 7.01913691 0.00701913691 3.84978541
932 3588 7.01933226 0.00701933226 3.84978541
931 3577 6.99856138 0.00699856138 3.84210526
931 3577 6.99842194 0.00699842194 3.84210526
931 3578 6.99977613 0.00699977613 3.84317938
931 3578 6.99979065 0.00699979065 3.84317938
931 3578 6.99972991 0.00699972991 3.84317938
931 3578 6.9997148 0.0069997148 3.84317938
931 3578 6.99990514 0.00699990514 3.84317938
931 3578 6.99973732 0.00699973732 3.84317938
931 3578 6.99966416 0.00699966416 3.84317938
931 3578 6.99965053 0.00699965053 3.84317938
930 3572 6.97766953 0.00697766953 3.84086022
930 3568 6.97977346 0.00697977346 3.83655914
930 3568 6.97986461 0.00697986461 3.83655914
930 3568 6.97968558 0.00697968558 3.83655914
930 3568 6.97985963 0.00697985963 3.83655914
930 3568 6.97990716 0.00697990716 3.83655914
930 3568 6.97978519 0.00697978519 3.83655914
930 3568 6.97969823 0.00697969823 3.83655914
930 3571 6.98081813 0.00698081813 3.83978495
930 3570 6.97993618 0.00697993618 3.83870968
929 3565 6.95862353 0.00695862353 3.83745963
929 3559 6.95946557 0.00695946557 3.83100108
929 3559 6.95954592 0.00695954592 3.83100108
929 3559 6.95948876 0.00695948876 3.83100108
929 3559 6.95970518 0.00695970518 3.83100108
929 3559 6.95949073 0.00695949073 3.83100108
929 3564 6.9598793 0.0069598793 3.83638321
929 3564 6.9599879 0.0069599879 3.83638321
929 3562 6.96009134 0.00696009134 3.83423036
929 3562 6.96003898 0.00696003898 3.83423036
928 3554 6.93615566 0.00693615566 3.82974138
928 3553 6.93778559 0.00693778559 3.82866379
928 3553 6.93795217 0.00693795217 3.82866379
928 3555 6.94122696 0.00694122696 3.83081897
928 3556 6.93735573 0.00693735573 3.83189655
928 3556 6.9375723 0.0069375723 3.83189655
928 3556 6.93749825 0.00693749825 3.83189655
928 3556 6.93760689 0.00693760689 3.83189655
928 3556 6.93754022 0.00693754022 3.83189655
928 3556 6.93765777 0.00693765777 3.83189655
927 3546 6.9224557 0.0069224557 3.82524272
927 3546 6.92213861 0.00692213861 3.82524272
927 3546 6.92201666 0.00692201666 3.82524272
927 3546 6.92202022 0.00692202022 3.82524272
927 3546 6.92203433 0.00692203433 3.82524272
927 3546 6.92224088 0.00692224088 3.82524272
927 3546 6.92209759 0.00692209759 3.82524272
927 3546 6.92198823 0.00692198823 3.82524272
927 3546 6.92203471 0.00692203471 3.82524272
927 3546 6.92201099 0.00692201099 3.82524272
926 3538 6.8984046 0.0068984046 3.82073434
926 3541 6.90059449 0.00690059449 3.82397408
926 3541 6.90063924 0.00690063924 3.82397408
926 3541 6.90062259 0.00690062259 3.82397408
926 3541 6.90060891 0.00690060891 3.82397408
926 3541 6.90086406 0.00690086406 3.82397408
926 3541 6.90054297 0.00690054297 3.82397408
926 3541 6.90078852 0.00690078852 3.82397408
926 3541 6.90056889 0.00690056889 3.82397408
926 3541 6.90068078 0.00690068078 3.82397408
925 3532 6.88180092 0.00688180092 3.81837838
925 3532 6.88242009 0.00688242009 3.81837838
925 3532 6.88209078 0.00688209078 3.81837838
925 3532 6.88199352 0.00688199352 3.81837838
925 3532 6.8818335 0.0068818335 3.81837838
925 3532 6.88207216 0.00688207216 3.81837838
925 3532 6.88200235 0.00688200235 3.81837838
925 3532 6.88191014 0.00688191014 3.81837838
925 3532 6.88175427 0.00688175427 3.81837838
925 3532 6.88195685 0.00688195685 3.81837838
924 3524 6.85948299 0.00685948299 3.81385281
924 3524 6.85968008 0.00685968008 3.81385281
924 3524 6.85975087 0.00685975087 3.81385281
924 3523 6.86032715 0.00686032715 3.81277056
924 3523 6.86031416 0.00686031416 3.81277056
924 3523 6.85974757 0.00685974757 3.81277056
924 3523 6.86024316 0.00686024316 3.81277056
924 3530 6.86693683 0.00686693683 3.82034632
924 3530 6.86693634 0.00686693634 3.82034632
924 3530 6.86715468 0.00686715468 3.82034632
923 3515 6.84490268 0.00684490268 3.80823402
923 3525 6.84725216 0.00684725216 3.81906826
923 3515 6.8377726 0.0068377726 3.80823402
923 3515 6.83800355 0.00683800355 3.80823402
923 3515 6.83807175 0.00683807175 3.80823402
923 3515 6.83786584 0.00683786584 3.80823402
923 3524 6.83839465 0.00683839465 3.81798483
923 3524 6.83886169 0.00683886169 3.81798483
923 3524 6.83877562 0.00683877562 3.81798483
923 3524 6.83894428 0.00683894428 3.81798483
922 3519 6.82650445 0.00682650445 3.81670282
922 3519 6.82643742 0.00682643742 3.81670282
922 3519 6.8264029 0.0068264029 3.81670282
922 3519 6.82672256 0.00682672256 3.81670282
922 3519 6.82682658 0.00682682658 3.81670282
922 3519 6.82633829 0.00682633829 3.81670282
922 3519 6.82643116 0.00682643116 3.81670282
922 3519 6.82656478 0.00682656478 3.81670282
922 3519 6.82644611 0.00682644611 3.81670282
922 3519 6.82654065 0.00682654065 3.81670282
921 3513 6.80233538 0.00680233538 3.81433225
921 3512 6.80469648 0.00680469648 3.81324647
921 3512 6.80473625 0.00680473625 3.81324647
921 3512 6.80432602 0.00680432602 3.81324647
921 3512 6.80483493 0.00680483493 3.81324647
921 3512 6.80447671 0.00680447671 3.81324647
921 3510 6.80387817 0.00680387817 3.81107492
921 3510 6.80375066 0.00680375066 3.81107492
921 3510 6.80386464 0.00680386464 3.81107492
921 3510 6.80349195 0.00680349195 3.81107492
920 3502 6.78135804 0.00678135804 3.80652174
920 3503 6.7835429 0.0067835429 3.8076087
920 3503 6.7832042 0.0067832042 3.8076087
920 3503 6.78321577 0.00678321577 3.8076087
920 3503 6.78333271 0.00678333271 3.8076087
920 3500 6.78131574 0.00678131574 3.80434783
920 3500 6.78119823 0.00678119823 3.80434783
920 3501 6.78114163 0.00678114163 3.80543478
920 3501 6.78121487 0.00678121487 3.80543478
920 3501 6.78133787 0.00678133787 3.80543478
919 3492 6.76054828 0.00676054828 3.79978237
919 3492 6.7601204 0.0067601204 3.79978237
919 3492 6.7603123 0.0067603123 3.79978237
919 3492 6.76028805 0.00676028805 3.79978237
919 3492 6.76019164 0.00676019164 3.79978237
919 3492 6.76040326 0.00676040326 3.79978237
919 3492 6.76014295 0.00676014295 3.79978237
919 3492 6.76021352 0.00676021352 3.79978237
919 3494 6.76225202 0.00676225202 3.80195865
919 3494 6.76237406 0.00676237406 3.80195865
918 3486 6.74060225 0.00674060225 3.79738562
918 3488 6.73935472 0.00673935472 3.79956427
918 3489 6.73930653 0.00673930653 3.80065359
918 3488 6.74180838 0.00674180838 3.79956427
918 3488 6.74198336 0.00674198336 3.79956427
918 3482 6.74296784 0.00674296784 3.79302832
918 3485 6.75645195 0.00675645195 3.7962963
918 3485 6.75610525 0.00675610525 3.7962963
918 3485 6.75639123 0.00675639123 3.7962963
918 3485 6.7560951 0.0067560951 3.7962963
917 3480 6.73352506 0.00673352506 3.79498364
917 3478 6.73542041 0.00673542041 3.79280262
917 3478 6.73580535 0.00673580535 3.79280262
917 3478 6.73573045 0.00673573045 3.79280262
917 3476 6.7360051 0.0067360051 3.79062159
917 3476 6.73598177 0.00673598177 3.79062159
917 3476 6.73587257 0.00673587257 3.79062159
917 3476 6.73589452 0.00673589452 3.79062159
917 3476 6.73562959 0.00673562959 3.79062159
917 3476 6.73601347 0.00673601347 3.79062159
916 3469 6.71432427 0.00671432427 3.7871179
916 3469 6.71425528 0.00671425528 3.7871179
916 3468 6.71474768 0.00671474768 3.7860262
916 3468 6.71523259 0.00671523259 3.7860262
916 3468 6.71525212 0.00671525212 3.7860262
916 3468 6.71504875 0.00671504875 3.7860262
916 3468 6.71531076 0.00671531076 3.7860262
916 3468 6.71531208 0.00671531208 3.7860262
916 3468 6.71612058 0.00671612058 3.7860262
916 3468 6.71602909 0.00671602909 3.7860262
915 3460 6.69553002 0.00669553002 3.78142077
915 3460 6.69531545 0.00669531545 3.78142077
915 3460 6.69529441 0.00669529441 3.78142077
915 3460 6.69545273 0.00669545273 3.78142077
915 3460 6.69541793 0.00669541793 3.78142077
915 3460 6.69523657 0.00669523657 3.78142077
915 3460 6.69553628 0.00669553628 3.78142077
915 3460 6.69544581 0.00669544581 3.78142077
915 3460 6.69571191 0.00669571191 3.78142077
915 3460 6.69556252 0.00669556252 3.78142077
914 3457 6.67387289 0.00667387289 3.78227571
914 3453 6.67479582 0.00667479582 3.77789934
914 3453 6.67561255 0.00667561255 3.77789934
914 3453 6.67559483 0.00667559483 3.77789934
914 3453 6.67535482 0.00667535482 3.77789934
914 3453 6.67553688 0.00667553688 3.77789934
914 3453 6.6753704 0.0066753704 3.77789934
914 3453 6.67543826 0.00667543826 3.77789934
914 3452 6.677579 0.006677579 3.77680525
914 3452 6.67780574 0.00667780574 3.77680525
913 3449 6.65688007 0.00665688007 3.77765608
913 3449 6.65713659 0.00665713659 3.77765608
913 3445 6.65796231 0.00665796231 3.77327492
913 3445 6.65805266 0.00665805266 3.77327492
913 3445 6.65827637 0.00665827637 3.77327492
913 3445 6.65804202 0.00665804202 3.77327492
913 3448 6.65749464 0.00665749464 3.77656079
913 3448 6.65732933 0.00665732933 3.77656079
912 3438 6.63849257 0.00663849257 3.76973684
912 3440 6.63791106 0.00663791106 3.77192982
911 3432 6.61822768 0.00661822768 3.76728869
911 3437 6.61933416 0.00661933416 3.77277717
911 3435 6.61699768 0.00661699768 3.77058178
911 3433 6.61728252 0.00661728252 3.76838639
911 3433 6.61726942 0.00661726942 3.76838639
911 3433 6.61722311 0.00661722311 3.76838639
911 3433 6.61725491 0.00661725491 3.76838639
911 3433 6.61726368 0.00661726368 3.76838639
911 3435 6.6187316 0.0066187316 3.77058178
911 3439 6.6179251 0.0066179251 3.77497256
910 3435 6.59895352 0.00659895352 3.77472527
910 3439 6.59821846 0.00659821846 3.77912088
910 3439 6.59850042 0.00659850042 3.77912088
910 3439 6.59844263 0.00659844263 3.77912088
910 3437 6.60182371 0.00660182371 3.77692308
910 3437 6.60189789 0.00660189789 3.77692308
910 3440 6.61011394 0.00661011394 3.78021978
910 3440 6.60211375 0.00660211375 3.78021978
910 3436 6.59673401 0.00659673401 3.77582418
910 3436 6.60539565 0.00660539565 3.77582418
909 3428 6.58534178 0.00658534178 3.77117712
909 3427 6.58809214 0.00658809214 3.77007701
909 3427 6.58819536 0.00658819536 3.77007701
909 3426 6.60093618 0.00660093618 3.7689769
909 3429 6.59422529 0.00659422529 3.77227723
909 3425 6.57742008 0.00657742008 3.76787679
909 3425 6.57734057 0.00657734057 3.76787679
909 3423 6.57557835 0.00657557835 3.76567657
909 3429 6.57735616 0.00657735616 3.77227723
909 3429 6.57746036 0.00657746036 3.77227723
908 3419 6.55740966 0.00655740966 3.7654185
908 3420 6.55899595 0.00655899595 3.76651982
908 3424 6.5577254 0.0065577254 3.77092511
908 3423 6.56161473 0.00656161473 3.76982379
908 3425 6.57034009 0.00657034009 3.77202643
908 3422 6.56967931 0.00656967931 3.76872247
908 3426 6.56522554 0.00656522554 3.77312775
908 3426 6.5503366 0.0065503366 3.77312775
908 3426 6.5504553 0.0065504553 3.77312775
908 3426 6.55031517 0.00655031517 3.77312775
907 3416 6.53065854 0.00653065854 3.7662624
907 3415 6.53945839 0.00653945839 3.76515987
907 3415 6.53952412 0.00653952412 3.76515987
907 3415 6.53950295 0.00653950295 3.76515987
907 3422 6.54501261 0.00654501261 3.77287762
907 3422 6.54476997 0.00654476997 3.77287762
907 3426 6.54915517 0.00654915517 3.77728776
907 3428 6.54966603 0.00654966603 3.77949283
907 3428 6.5496416 0.0065496416 3.77949283
907 3431 6.53458588 0.00653458588 3.78280044
906 3422 6.53303697 0.00653303697 3.77704194
906 3422 6.52703508 0.00652703508 3.77704194
906 3418 6.52276106 0.00652276106 3.77262693
906 3418 6.52275008 0.00652275008 3.77262693
906 3410 6.53744252 0.00653744252 3.76379691
906 3407 6.53684237 0.00653684237 3.76048565
906 3407 6.53173548 0.00653173548 3.76048565
906 3409 6.53581316 0.00653581316 3.76269316
906 3404 6.55043545 0.00655043545 3.75717439
906 3404 6.55033933 0.00655033933 3.75717439
905 3398 6.53847495 0.00653847495 3.75469613
905 3398 6.53839502 0.00653839502 3.75469613
905 3398 6.53830092 0.00653830092 3.75469613
905 3397 6.53586451 0.00653586451 3.75359116
905 3397 6.53725098 0.00653725098 3.75359116
905 3397 6.53715433 0.00653715433 3.75359116
905 3397 6.53734194 0.00653734194 3.75359116
905 3397 6.5373199 0.0065373199 3.75359116
905 3399 6.53334327 0.00653334327 3.7558011
905 3401 6.53363473 0.00653363473 3.75801105
904 3394 6.51858629 0.00651858629 3.75442478
904 3396 6.51343691 0.00651343691 3.75663717
904 3396 6.5134851 0.0065134851 3.75663717
904 3394 6.51667634 0.00651667634 3.75442478
904 3394 6.51680023 0.00651680023 3.75442478
904 3394 6.51699388 0.00651699388 3.75442478
904 3396 6.51771774 0.00651771774 3.75663717
904 3390 6.530411 0.006530411 3.75
904 3390 6.53050255 0.00653050255 3.75
904 3390 6.53033536 0.00653033536 3.75
903 3380 6.51213579 0.00651213579 3.74307863
903 3380 6.51217607 0.00651217607 3.74307863
903 3383 6.5154191 0.0065154191 3.74640089
903 3383 6.51551413 0.00651551413 3.74640089
903 3383 6.51561046 0.00651561046 3.74640089
903 3383 6.51554029 0.00651554029 3.74640089
903 3384 6.51719913 0.00651719913 3.74750831
903 3384 6.51721695 0.00651721695 3.74750831
903 3384 6.51729185 0.00651729185 3.74750831
903 3384 6.50921498 0.00650921498 3.74750831
902 3380 6.50017478 0.00650017478 3.74722838
902 3380 6.50036899 0.00650036899 3.74722838
902 3379 6.49416798 0.00649416798 3.74611973
902 3379 6.49414859 0.00649414859 3.74611973
902 3374 6.49393589 0.00649393589 3.7405765
902 3374 6.49370649 0.00649370649 3.7405765
902 3374 6.49381723 0.00649381723 3.7405765
902 3374 6.49382813 0.00649382813 3.7405765
902 3374 6.4938648 0.0064938648 3.7405765
902 3376 6.48621186 0.00648621186 3.74279379
901 3369 6.47791882 0.00647791882 3.73917869
901 3369 6.47058105 0.00647058105 3.73917869
901 3369 6.47057375 0.00647057375 3.73917869
901 3369 6.47064595 0.00647064595 3.73917869
901 3369 6.47049468 0.00647049468 3.73917869
901 3369 6.47071255 0.00647071255 3.73917869
901 3369 6.47064173 0.00647064173 3.73917869
901 3369 6.47017131 0.00647017131 3.73917869
901 3369 6.4706926 0.0064706926 3.73917869
901 3369 6.4707566 0.0064707566 3.73917869
900 3359 6.45352865 0.00645352865 3.73222222
900 3359 6.45356091 0.00645356091 3.73222222
900 3359 6.453813 0.006453813 3.73222222
900 3359 6.45330109 0.00645330109 3.73222222
900 3359 6.4534309 0.0064534309 3.73222222
900 3359 6.45383086 0.00645383086 3.73222222
900 3359 6.45356428 0.00645356428 3.73222222
900 3359 6.45364391 0.00645364391 3.73222222
900 3359 6.45373879 0.00645373879 3.73222222
900 3359 6.45366101 0.00645366101 3.73222222
899 3352 6.43441132 0.00643441132 3.72858732
899 3352 6.43442133 0.00643442133 3.72858732
899 3350 6.43529925 0.00643529925 3.72636263
899 3350 6.43522562 0.00643522562 3.72636263
899 3350 6.43637275 0.00643637275 3.72636263
899 3350 6.43646114 0.00643646114 3.72636263
899 3350 6.4363709 0.0064363709 3.72636263
899 3353 6.43700085 0.00643700085 3.72969967
899 3353 6.43723015 0.00643723015 3.72969967
899 3353 6.43697674 0.00643697674 3.72969967
898 3345 6.41955307 0.00641955307 3.72494432
898 3345 6.41959506 0.00641959506 3.72494432
898 3345 6.41951932 0.00641951932 3.72494432
898 3345 6.41966288 0.00641966288 3.72494432
898 3344 6.41970945 0.00641970945 3.72383073
898 3347 6.43116472 0.00643116472 3.72717149
898 3347 6.43131617 0.00643131617 3.72717149
898 3348 6.43142713 0.00643142713 3.72828508
898 3348 6.43147502 0.00643147502 3.72828508
898 3348 6.4316463 0.0064316463 3.72828508
897 3339 6.41270167 0.00641270167 3.72240803
897 3340 6.41269601 0.00641269601 3.72352285
897 3340 6.41260517 0.00641260517 3.72352285
897 3340 6.4139887 0.0064139887 3.72352285
897 3340 6.41397698 0.00641397698 3.72352285
897 3339 6.39970061 0.00639970061 3.72240803
897 3339 6.39974237 0.00639974237 3.72240803
897 3339 6.39964963 0.00639964963 3.72240803
897 3339 6.39994051 0.00639994051 3.72240803
897 3339 6.39993927 0.00639993927 3.72240803
896 3331 6.38116902 0.00638116902 3.71763393
896 3331 6.39748831 0.00639748831 3.71763393
896 3333 6.40067348 0.00640067348 3.71986607
896 3333 6.40076723 0.00640076723 3.71986607
896 3333 6.40052807 0.00640052807 3.71986607
896 3333 6.40053496 0.00640053496 3.71986607
896 3333 6.40043453 0.00640043453 3.71986607
896 3333 6.40026638 0.00640026638 3.71986607
896 3333 6.40060391 0.00640060391 3.71986607
896 3333 6.40050968 0.00640050968 3.71986607
895 3328 6.38207162 0.00638207162 3.71843575
895 3328 6.38218745 0.00638218745 3.71843575
895 3326 6.38244388 0.00638244388 3.71620112
895 3323 6.38495984 0.00638495984 3.71284916
895 3323 6.38493223 0.00638493223 3.71284916
895 3323 6.38510717 0.00638510717 3.71284916
895 3323 6.38493069 0.00638493069 3.71284916
895 3323 6.38501556 0.00638501556 3.71284916
895 3323 6.38501064 0.00638501064 3.71284916
895 3323 6.38506768 0.00638506768 3.71284916
894 3317 6.36637025 0.00636637025 3.71029083
894 3318 6.36693258 0.00636693258 3.7114094
894 3314 6.36777754 0.00636777754 3.70693512
894 3314 6.36761065 0.00636761065 3.70693512
894 3314 6.36768884 0.00636768884 3.70693512
894 3314 6.36773593 0.00636773593 3.70693512
894 3314 6.36755675 0.00636755675 3.70693512
894 3314 6.36777142 0.00636777142 3.70693512
894 3314 6.36765284 0.00636765284 3.70693512
894 3314 6.36763651 0.00636763651 3.70693512
893 3308 6.34891826 0.00634891826 3.7043673
893 3307 6.34960088 0.00634960088 3.70324748
893 3307 6.3495148 0.0063495148 3.70324748
893 3307 6.34974234 0.00634974234 3.70324748
893 3307 6.34963762 0.00634963762 3.70324748
893 3307 6.3494444 0.0063494444 3.70324748
893 3308 6.34922967 0.00634922967 3.7043673
893 3308 6.34935384 0.00634935384 3.7043673
893 3309 6.3496694 0.0063496694 3.70548712
893 3309 6.34985167 0.00634985167 3.70548712
892 3303 6.33005015 0.00633005015 3.7029148
892 3303 6.33162466 0.00633162466 3.7029148
892 3303 6.33167567 0.00633167567 3.7029148
892 3303 6.33160902 0.00633160902 3.7029148
892 3301 6.33132867 0.00633132867 3.70067265
892 3303 6.3316382 0.0063316382 3.7029148
892 3303 6.33164755 0.00633164755 3.7029148
892 3303 6.33165352 0.00633165352 3.7029148
892 3301 6.33015243 0.00633015243 3.70067265
892 3303 6.33159779 0.00633159779 3.7029148
891 3300 6.31076267 0.00631076267 3.7037037
891 3295 6.3135861 0.0063135861 3.69809203
891 3295 6.31380833 0.00631380833 3.69809203
891 3297 6.31483511 0.00631483511 3.7003367
891 3297 6.31476325 0.00631476325 3.7003367
891 3297 6.31462623 0.00631462623 3.7003367
891 3294 6.31451551 0.00631451551 3.6969697
891 3294 6.31448139 0.00631448139 3.6969697
891 3294 6.3144961 0.0063144961 3.6969697
891 3294 6.31428596 0.00631428596 3.6969697
890 3286 6.29625135 0.00629625135 3.69213483
890 3286 6.29713848 0.00629713848 3.69213483
890 3286 6.29740488 0.00629740488 3.69213483
890 3286 6.29739016 0.00629739016 3.69213483
890 3289 6.29827027 0.00629827027 3.69550562
890 3289 6.29817153 0.00629817153 3.69550562
890 3289 6.29820701 0.00629820701 3.69550562
890 3289 6.2983076 0.0062983076 3.69550562
890 3289 6.29836175 0.00629836175 3.69550562
890 3289 6.29835735 0.00629835735 3.69550562
889 3285 6.28203522 0.00628203522 3.6951631
889 3285 6.28196296 0.00628196296 3.6951631
889 3285 6.28204635 0.00628204635 3.6951631
889 3285 6.28204426 0.00628204426 3.6951631
889 3285 6.28196603 0.00628196603 3.6951631
889 3285 6.28203289 0.00628203289 3.6951631
889 3286 6.28132787 0.00628132787 3.69628796
889 3286 6.28145194 0.00628145194 3.69628796
889 3286 6.28130801 0.00628130801 3.69628796
889 3286 6.28130463 0.00628130463 3.69628796
888 3283 6.26066961 0.00626066961 3.69707207
888 3277 6.26570953 0.00626570953 3.69031532
888 3277 6.26552663 0.00626552663 3.69031532
888 3277 6.26566452 0.00626566452 3.69031532
888 3277 6.26569352 0.00626569352 3.69031532
888 3277 6.26581885 0.00626581885 3.69031532
888 3277 6.26592227 0.00626592227 3.69031532
888 3277 6.26572105 0.00626572105 3.69031532
888 3277 6.26549214 0.00626549214 3.69031532
888 3277 6.26556571 0.00626556571 3.69031532
887 3268 6.24510196 0.00624510196 3.6843292
887 3267 6.24668639 0.00624668639 3.6832018
887 3267 6.24680154 0.00624680154 3.6832018
887 3267 6.24680668 0.00624680668 3.6832018
887 3267 6.24660235 0.00624660235 3.6832018
887 3267 6.24679367 0.00624679367 3.6832018
887 3271 6.24431536 0.00624431536 3.68771139
887 3271 6.24428026 0.00624428026 3.68771139
887 3271 6.2443861 0.0062443861 3.68771139
887 3271 6.2443044 0.0062443044 3.68771139
886 3264 6.22502117 0.00622502117 3.68397291
885 3253 6.21017739 0.00621017739 3.67570621
885 3253 6.21033198 0.00621033198 3.67570621
885 3253 6.21034846 0.00621034846 3.67570621
885 3253 6.21024853 0.00621024853 3.67570621
885 3253 6.21047262 0.00621047262 3.67570621
885 3253 6.21035423 0.00621035423 3.67570621
885 3251 6.21462292 0.00621462292 3.67344633
885 3251 6.21427161 0.00621427161 3.67344633
885 3251 6.2145352 0.0062145352 3.67344633
884 3242 6.19741769 0.00619741769 3.66742081
884 3242 6.19720764 0.00619720764 3.66742081
884 3242 6.19715966 0.00619715966 3.66742081
884 3242 6.19737094 0.00619737094 3.66742081
884 3243 6.20048367 0.00620048367 3.66855204
884 3243 6.20062313 0.00620062313 3.66855204
884 3243 6.20029807 0.00620029807 3.66855204
884 3243 6.20036179 0.00620036179 3.66855204
884 3243 6.20024144 0.00620024144 3.66855204
884 3243 6.200648 0.006200648 3.66855204
883 3236 6.18253338 0.00618253338 3.66477916
883 3236 6.18222115 0.00618222115 3.66477916
883 3236 6.18220509 0.00618220509 3.66477916
883 3234 6.18330665 0.00618330665 3.66251416
883 3234 6.18324908 0.00618324908 3.66251416
883 3234 6.18322745 0.00618322745 3.66251416
883 3234 6.18320233 0.00618320233 3.66251416
883 3234 6.18288591 0.00618288591 3.66251416
883 3234 6.18321622 0.00618321622 3.66251416
883 3234 6.18342885 0.00618342885 3.66251416
882 3232 6.1635087 0.0061635087 3.66439909
882 3225 6.16532636 0.00616532636 3.65646259
882 3225 6.16443707 0.00616443707 3.65646259
882 3229 6.16478855 0.00616478855 3.66099773
882 3225 6.16427961 0.00616427961 3.65646259
882 3225 6.16436548 0.00616436548 3.65646259
882 3227 6.16519853 0.00616519853 3.65873016
882 3227 6.16502381 0.00616502381 3.65873016
882 3227 6.16509246 0.00616509246 3.65873016
882 3225 6.16532805 0.00616532805 3.65646259
881 3220 6.14717264 0.00614717264 3.65493757
881 3220 6.14711674 0.00614711674 3.65493757
881 3218 6.14855409 0.00614855409 3.65266742
881 3219 6.14828213 0.00614828213 3.6538025
881 3219 6.1481178 0.0061481178 3.6538025
880 3212 6.1313016 0.0061313016 3.65
880 3211 6.11967474 0.00611967474 3.64886364
880 3211 6.11967922 0.00611967922 3.64886364
879 3206 6.10324188 0.00610324188 3.64732651
879 3211 6.10340308 0.00610340308 3.65301479
878 3203 6.08398648 0.00608398648 3.64806378
878 3204 6.0859445 0.0060859445 3.64920273
878 3204 6.08589181 0.00608589181 3.64920273
878 3207 6.08523781 0.00608523781 3.65261959
878 3200 6.09969003 0.00609969003 3.64464692
878 3200 6.09970648 0.00609970648 3.64464692
878 3200 6.09269238 0.00609269238 3.64464692
878 3200 6.09264517 0.00609264517 3.64464692
878 3200 6.09258436 0.00609258436 3.64464692
878 3200 6.09275315 0.00609275315 3.64464692
877 3190 6.07294656 0.00607294656 3.63740023
877 3193 6.07463894 0.00607463894 3.64082098
877 3193 6.07500698 0.00607500698 3.64082098
877 3194 6.06846539 0.00606846539 3.64196123
877 3194 6.06825532 0.00606825532 3.64196123
876 3192 6.05284257 0.00605284257 3.64383562
876 3192 6.05274033 0.00605274033 3.64383562
876 3190 6.05438098 0.00605438098 3.64155251
876 3192 6.04541707 0.00604541707 3.64383562
876 3192 6.04523958 0.00604523958 3.64383562
875 3188 6.0285139 0.0060285139 3.64342857
875 3188 6.02866364 0.00602866364 3.64342857
875 3188 6.02865134 0.00602865134 3.64342857
875 3188 6.0286484 0.0060286484 3.64342857
875 3188 6.02857944 0.00602857944 3.64342857
875 3183 6.03728326 0.00603728326 3.63771429
875 3183 6.03711085 0.00603711085 3.63771429
875 3183 6.03722318 0.00603722318 3.63771429
875 3183 6.0369113 0.0060369113 3.63771429
875 3185 6.04474345 0.00604474345 3.64
874 3178 6.02712099 0.00602712099 3.63615561
874 3178 6.02790445 0.00602790445 3.63615561
874 3178 6.02785429 0.00602785429 3.63615561
874 3178 6.02799455 0.00602799455 3.63615561
874 3181 6.02798454 0.00602798454 3.6395881
874 3181 6.02803218 0.00602803218 3.6395881
874 3181 6.02777652 0.00602777652 3.6395881
874 3182 6.02013615 0.00602013615 3.64073227
874 3182 6.02013728 0.00602013728 3.64073227
874 3183 6.01981839 0.00601981839 3.64187643
873 3176 6.00274403 0.00600274403 3.63802978
873 3181 6.00285393 0.00600285393 3.64375716
873 3174 6.01149601 0.00601149601 3.63573883
873 3174 6.01136236 0.00601136236 3.63573883
873 3174 6.01148417 0.00601148417 3.63573883
873 3174 6.01140033 0.00601140033 3.63573883
873 3174 6.01161896 0.00601161896 3.63573883
873 3174 6.01155584 0.00601155584 3.63573883
873 3172 6.00522456 0.00600522456 3.63344788
873 3172 5.99879652 0.00599879652 3.63344788
872 3170 5.9816387 0.0059816387 3.6353211
872 3170 5.98161838 0.00598161838 3.6353211
872 3170 5.98164774 0.00598164774 3.6353211
872 3165 5.99670107 0.00599670107 3.62958716
872 3165 5.98211424 0.00598211424 3.62958716
872 3165 5.98223594 0.00598223594 3.62958716
872 3169 5.97328268 0.00597328268 3.63417431
872 3169 5.97327903 0.00597327903 3.63417431
872 3170 5.96895781 0.00596895781 3.6353211
872 3170 5.96882412 0.00596882412 3.6353211
871 3162 5.95108391 0.00595108391 3.63030999
871 3160 5.95329508 0.00595329508 3.62801378
871 3160 5.94998709 0.00594998709 3.62801378
871 3160 5.94999359 0.00594999359 3.62801378
871 3158 5.95249168 0.00595249168 3.62571757
871 3158 5.95245741 0.00595245741 3.62571757
871 3156 5.95064313 0.00595064313 3.62342135
871 3156 5.95611805 0.00595611805 3.62342135
871 3155 5.96977568 0.00596977568 3.62227325
871 3158 5.97967169 0.00597967169 3.62571757
870 3151 5.96287061 0.00596287061 3.62183908
870 3151 5.96265386 0.00596265386 3.62183908
870 3151 5.96272872 0.00596272872 3.62183908
870 3151 5.96257361 0.00596257361 3.62183908
870 3152 5.95329517 0.00595329517 3.62298851
870 3152 5.95344953 0.00595344953 3.62298851
870 3152 5.95320038 0.00595320038 3.62298851
870 3149 5.95148067 0.00595148067 3.61954023
870 3148 5.95656406 0.00595656406 3.6183908
870 3148 5.95658996 0.00595658996 3.6183908
869 3139 5.94218094 0.00594218094 3.61219793
869 3141 5.93409728 0.00593409728 3.61449942
869 3138 5.93003915 0.00593003915 3.61104718
869 3138 5.92994703 0.00592994703 3.61104718
869 3141 5.92310006 0.00592310006 3.61449942
869 3142 5.92135798 0.00592135798 3.61565017
869 3142 5.92137732 0.00592137732 3.61565017
869 3143 5.91552166 0.00591552166 3.61680092
869 3144 5.92435462 0.00592435462 3.61795167
869 3147 5.93067776 0.00593067776 3.62140391
868 3139 5.91599465 0.00591599465 3.61635945
868 3140 5.912198 0.005912198 3.61751152
868 3140 5.91221393 0.00591221393 3.61751152
868 3140 5.91221785 0.00591221785 3.61751152
868 3140 5.91222175 0.00591222175 3.61751152
868 3140 5.90653121 0.00590653121 3.61751152
868 3140 5.9065991 0.0059065991 3.61751152
868 3132 5.91183284 0.00591183284 3.60829493
868 3136 5.90362347 0.00590362347 3.61290323
868 3136 5.90351752 0.00590351752 3.61290323
867 3129 5.89773333 0.00589773333 3.60899654
867 3132 5.89122861 0.00589122861 3.61245675
867 3128 5.89156134 0.00589156134 3.60784314
867 3128 5.89148968 0.00589148968 3.60784314
867 3128 5.89144811 0.00589144811 3.60784314
867 3128 5.89142307 0.00589142307 3.60784314
867 3128 5.89139125 0.00589139125 3.60784314
867 3128 5.89136756 0.00589136756 3.60784314
867 3128 5.89146167 0.00589146167 3.60784314
867 3128 5.89799162 0.00589799162 3.60784314
866 3126 5.88426033 0.00588426033 3.60969977
866 3117 5.88379838 0.00588379838 3.59930716
866 3117 5.88381334 0.00588381334 3.59930716
866 3117 5.88390032 0.00588390032 3.59930716
866 3125 5.89954906 0.00589954906 3.60854503
866 3125 5.89982842 0.00589982842 3.60854503
866 3122 5.91076681 0.00591076681 3.60508083
866 3122 5.91075614 0.00591075614 3.60508083
866 3122 5.91069626 0.00591069626 3.60508083
866 3122 5.91071965 0.00591071965 3.60508083
865 3119 5.89276741 0.00589276741 3.60578035
865 3114 5.892089 0.005892089 3.6
865 3119 5.89305759 0.00589305759 3.60578035
865 3119 5.8931697 0.0058931697 3.60578035
865 3118 5.89310193 0.00589310193 3.60462428
865 3118 5.89330809 0.00589330809 3.60462428
865 3118 5.89333598 0.00589333598 3.60462428
865 3118 5.89601758 0.00589601758 3.60462428
865 3118 5.89584958 0.00589584958 3.60462428
865 3118 5.89577975 0.00589577975 3.60462428
864 3115 5.87822015 0.00587822015 3.60532407
864 3115 5.87828541 0.00587828541 3.60532407
864 3111 5.87823264 0.00587823264 3.60069444
864 3112 5.88083532 0.00588083532 3.60185185
864 3112 5.88058574 0.00588058574 3.60185185
864 3112 5.88083159 0.00588083159 3.60185185
864 3112 5.880781 0.005880781 3.60185185
864 3112 5.88085051 0.00588085051 3.60185185
864 3112 5.88093013 0.00588093013 3.60185185
864 3112 5.88082006 0.00588082006 3.60185185
863 3109 5.86336423 0.00586336423 3.60254925
863 3101 5.86459449 0.00586459449 3.59327926
863 3101 5.86449571 0.00586449571 3.59327926
863 3101 5.86485131 0.00586485131 3.59327926
863 3101 5.86468731 0.00586468731 3.59327926
863 3101 5.86447307 0.00586447307 3.59327926
863 3101 5.8643467 0.0058643467 3.59327926
863 3101 5.86462422 0.00586462422 3.59327926
863 3101 5.86453487 0.00586453487 3.59327926
863 3101 5.86467673 0.00586467673 3.59327926
862 3097 5.84862102 0.00584862102 3.59280742
862 3097 5.84852528 0.00584852528 3.59280742
862 3097 5.84865238 0.00584865238 3.59280742
862 3097 5.84870814 0.00584870814 3.59280742
862 3097 5.84857403 0.00584857403 3.59280742
862 3097 5.84871416 0.00584871416 3.59280742
862 3097 5.84856027 0.00584856027 3.59280742
862 3097 5.8484549 0.0058484549 3.59280742
862 3097 5.84859007 0.00584859007 3.59280742
862 3098 5.84895489 0.00584895489 3.59396752
861 3095 5.83396772 0.00583396772 3.59465738
861 3095 5.83396968 0.00583396968 3.59465738
861 3095 5.83390562 0.00583390562 3.59465738
861 3095 5.8339633 0.0058339633 3.59465738
861 3095 5.83406702 0.00583406702 3.59465738
861 3096 5.83397042 0.00583397042 3.59581882
861 3096 5.83417815 0.00583417815 3.59581882
861 3092 5.83405895 0.00583405895 3.59117305
861 3092 5.83406976 0.00583406976 3.59117305
861 3092 5.83421363 0.00583421363 3.59117305
860 3088 5.81611416 0.00581611416 3.59069767
860 3088 5.81617021 0.00581617021 3.59069767
860 3088 5.82020546 0.00582020546 3.59069767
860 3088 5.82009336 0.00582009336 3.59069767
860 3088 5.82023259 0.00582023259 3.59069767
860 3088 5.82026766 0.00582026766 3.59069767
860 3084 5.82035913 0.00582035913 3.58604651
860 3084 5.82019847 0.00582019847 3.58604651
860 3084 5.82008443 0.00582008443 3.58604651
859 3077 5.80458972 0.00580458972 3.58207218
858 3073 5.78974593 0.00578974593 3.58158508
858 3073 5.78990228 0.00578990228 3.58158508
858 3073 5.78976464 0.00578976464 3.58158508
858 3073 5.78994964 0.00578994964 3.58158508
858 3073 5.78983306 0.00578983306 3.58158508
858 3078 5.78004142 0.00578004142 3.58741259
858 3078 5.7802989 0.0057802989 3.58741259
858 3074 5.79007033 0.00579007033 3.58275058
858 3074 5.78998479 0.00578998479 3.58275058
858 3074 5.7902838 0.0057902838 3.58275058
857 3071 5.77547263 0.00577547263 3.58343057
857 3069 5.76700417 0.00576700417 3.58109685
857 3071 5.76379609 0.00576379609 3.58343057
857 3071 5.76389444 0.00576389444 3.58343057
857 3071 5.76403129 0.00576403129 3.58343057
857 3071 5.76391422 0.00576391422 3.58343057
857 3070 5.75886529 0.00575886529 3.58226371
857 3070 5.75888816 0.00575888816 3.58226371
857 3074 5.75830079 0.00575830079 3.58693116
857 3074 5.75858351 0.00575858351 3.58693116
856 3066 5.7432909 0.0057432909 3.5817757
856 3064 5.74668642 0.00574668642 3.57943925
856 3064 5.74673976 0.00574673976 3.57943925
856 3064 5.74678404 0.00574678404 3.57943925
856 3064 5.74678366 0.00574678366 3.57943925
856 3064 5.7467954 0.0057467954 3.57943925
856 3060 5.74844867 0.00574844867 3.57476636
856 3060 5.74850784 0.00574850784 3.57476636
856 3061 5.75305813 0.00575305813 3.57593458
856 3061 5.75310157 0.00575310157 3.57593458
855 3056 5.73732648 0.00573732648 3.57426901
855 3058 5.73774283 0.00573774283 3.57660819
855 3058 5.73761585 0.00573761585 3.57660819
855 3058 5.73769089 0.00573769089 3.57660819
855 3056 5.7378958 0.0057378958 3.57426901
854 3049 5.73248214 0.00573248214 3.57025761
854 3049 5.73250914 0.00573250914 3.57025761
854 3049 5.73274069 0.00573274069 3.57025761
854 3049 5.73259602 0.00573259602 3.57025761
854 3049 5.73245913 0.00573245913 3.57025761
853 3044 5.71648163 0.00571648163 3.56858148
853 3046 5.71773214 0.00571773214 3.57092614
853 3046 5.71758602 0.00571758602 3.57092614
853 3046 5.71766017 0.00571766017 3.57092614
853 3043 5.71971893 0.00571971893 3.56740914
853 3043 5.71951239 0.00571951239 3.56740914
853 3043 5.71959591 0.00571959591 3.56740914
853 3046 5.71944282 0.00571944282 3.57092614
853 3046 5.71929471 0.00571929471 3.57092614
853 3044 5.71815365 0.00571815365 3.56858148
852 3038 5.70529041 0.00570529041 3.5657277
852 3038 5.705305 0.005705305 3.5657277
852 3038 5.70528597 0.00570528597 3.5657277
852 3038 5.70530227 0.00570530227 3.5657277
852 3038 5.70523969 0.00570523969 3.5657277
852 3036 5.69578709 0.00569578709 3.56338028
852 3036 5.69575599 0.00569575599 3.56338028
852 3036 5.69566562 0.00569566562 3.56338028
852 3039 5.69445024 0.00569445024 3.56690141
852 3039 5.69451334 0.00569451334 3.56690141
851 3033 5.67893875 0.00567893875 3.5640423
851 3033 5.67884364 0.00567884364 3.5640423
851 3031 5.68964035 0.00568964035 3.56169213
851 3032 5.69117369 0.00569117369 3.56286722
851 3032 5.69124331 0.00569124331 3.56286722
851 3032 5.69116847 0.00569116847 3.56286722
851 3033 5.68485049 0.00568485049 3.5640423
851 3033 5.68488724 0.00568488724 3.5640423
851 3033 5.67447246 0.00567447246 3.5640423
851 3035 5.6693344 0.0056693344 3.56639248
850 3026 5.66222529 0.00566222529 3.56
850 3026 5.66239927 0.00566239927 3.56
850 3027 5.65917968 0.00565917968 3.56117647
850 3031 5.66144813 0.00566144813 3.56588235
850 3029 5.65863272 0.00565863272 3.56352941
850 3024 5.65708883 0.00565708883 3.55764706
850 3024 5.65987815 0.00565987815 3.55764706
850 3027 5.66004446 0.00566004446 3.56117647
850 3030 5.65969561 0.00565969561 3.56470588
850 3028 5.64590158 0.00564590158 3.56235294
849 3022 5.6338298 0.0056338298 3.55948174
849 3023 5.64418075 0.00564418075 3.5606596
849 3024 5.64512439 0.00564512439 3.56183746
849 3024 5.64547623 0.00564547623 3.56183746
849 3021 5.63452185 0.00563452185 3.55830389
849 3024 5.64521263 0.00564521263 3.56183746
849 3023 5.64141772 0.00564141772 3.5606596
849 3021 5.64292893 0.00564292893 3.55830389
849 3021 5.64290116 0.00564290116 3.55830389
849 3018 5.64471208 0.00564471208 3.55477032
848 3009 5.63009888 0.00563009888 3.54834906
848 3012 5.63224974 0.00563224974 3.55188679
848 3012 5.63226732 0.00563226732 3.55188679
848 3015 5.64525049 0.00564525049 3.55542453
848 3019 5.63543181 0.00563543181 3.56014151
848 3020 5.63273631 0.00563273631 3.56132075
848 3022 5.63271429 0.00563271429 3.56367925
848 3022 5.63283005 0.00563283005 3.56367925
848 3026 5.62406146 0.00562406146 3.56839623
848 3026 5.62084604 0.00562084604 3.56839623
847 3018 5.61491014 0.00561491014 3.56316411
847 3013 5.61533282 0.00561533282 3.55726092
847 3016 5.61843728 0.00561843728 3.56080283
847 3016 5.61842784 0.00561842784 3.56080283
847 3012 5.62765929 0.00562765929 3.55608028
847 3012 5.62784568 0.00562784568 3.55608028
847 3012 5.62773156 0.00562773156 3.55608028
847 3012 5.62767547 0.00562767547 3.55608028
847 3015 5.62926001 0.00562926001 3.5596222
847 3014 5.62838124 0.00562838124 3.55844156
846 3006 5.61557903 0.00561557903 3.55319149
846 3006 5.61547818 0.00561547818 3.55319149
846 3006 5.61518056 0.00561518056 3.55319149
846 3008 5.62002393 0.00562002393 3.55555556
846 3008 5.62010886 0.00562010886 3.55555556
846 3008 5.61995206 0.00561995206 3.55555556
846 3002 5.61208325 0.00561208325 3.54846336
846 3001 5.62245914 0.00562245914 3.54728132
846 3001 5.62244168 0.00562244168 3.54728132
846 3001 5.62188326 0.00562188326 3.54728132
845 2992 5.60962772 0.00560962772 3.5408284
845 2992 5.60942262 0.00560942262 3.5408284
845 2992 5.60956039 0.00560956039 3.5408284
845 2992 5.60949014 0.00560949014 3.5408284
845 2992 5.60927638 0.00560927638 3.5408284
845 2992 5.60941542 0.00560941542 3.5408284
845 2992 5.60934439 0.00560934439 3.5408284
844 2988 5.60326723 0.00560326723 3.54028436
844 2988 5.60325588 0.00560325588 3.54028436
844 2988 5.60331808 0.00560331808 3.54028436
843 2983 5.58849519 0.00558849519 3.53855279
843 2983 5.58862394 0.00558862394 3.53855279
843 2977 5.59297436 0.00559297436 3.53143535
843 2977 5.59275822 0.00559275822 3.53143535
843 2977 5.59292962 0.00559292962 3.53143535
842 2975 5.57954276 0.00557954276 3.53325416
842 2975 5.57958498 0.00557958498 3.53325416
842 2978 5.58069861 0.00558069861 3.5368171
842 2978 5.58055386 0.00558055386 3.5368171
842 2978 5.58048297 0.00558048297 3.5368171
841 2971 5.56552002 0.00556552002 3.53269917
841 2968 5.56657719 0.00556657719 3.52913199
841 2974 5.56624635 0.00556624635 3.53626635
841 2968 5.56668899 0.00556668899 3.52913199
841 2968 5.56649207 0.00556649207 3.52913199
841 2968 5.56665197 0.00556665197 3.52913199
841 2968 5.56672592 0.00556672592 3.52913199
841 2968 5.56671093 0.00556671093 3.52913199
841 2966 5.55574024 0.00555574024 3.52675386
841 2966 5.5557347 0.0055557347 3.52675386
840 2962 5.5419089 0.0055419089 3.52619048
840 2962 5.5419367 0.0055419367 3.52619048
840 2962 5.54198531 0.00554198531 3.52619048
840 2961 5.54138437 0.00554138437 3.525
840 2961 5.54134294 0.00554134294 3.525
840 2961 5.54127826 0.00554127826 3.525
840 2961 5.5413616 0.0055413616 3.525
840 2961 5.54132096 0.00554132096 3.525
840 2961 5.54131419 0.00554131419 3.525
840 2961 5.54140311 0.00554140311 3.525
839 2955 5.54068113 0.00554068113 3.52205006
839 2955 5.54066207 0.00554066207 3.52205006
839 2955 5.54057487 0.00554057487 3.52205006
839 2955 5.5407248 0.0055407248 3.52205006
839 2955 5.54066696 0.00554066696 3.52205006
839 2955 5.54054046 0.00554054046 3.52205006
839 2955 5.54056509 0.00554056509 3.52205006
839 2955 5.54054595 0.00554054595 3.52205006
839 2955 5.54051509 0.00554051509 3.52205006
839 2955 5.54057766 0.00554057766 3.52205006
838 2949 5.52702661 0.00552702661 3.51909308
838 2949 5.52694404 0.00552694404 3.51909308
838 2949 5.52689672 0.00552689672 3.51909308
838 2949 5.52679856 0.00552679856 3.51909308
838 2949 5.52670749 0.00552670749 3.51909308
838 2949 5.52678975 0.00552678975 3.51909308
838 2949 5.52679842 0.00552679842 3.51909308
838 2951 5.52745424 0.00552745424 3.52147971
838 2951 5.52781666 0.00552781666 3.52147971
838 2951 5.52760319 0.00552760319 3.52147971
837 2942 5.51375898 0.00551375898 3.51493429
837 2942 5.51364555 0.00551364555 3.51493429
837 2942 5.51369069 0.00551369069 3.51493429
837 2946 5.51453519 0.00551453519 3.51971326
837 2946 5.51456288 0.00551456288 3.51971326
837 2946 5.51448815 0.00551448815 3.51971326
837 2946 5.51456457 0.00551456457 3.51971326
837 2946 5.51454406 0.00551454406 3.51971326
837 2949 5.51489131 0.00551489131 3.52329749
837 2941 5.51471988 0.00551471988 3.51373955
836 2934 5.50014976 0.00550014976 3.50956938
836 2935 5.50094445 0.00550094445 3.51076555
836 2935 5.50127125 0.00550127125 3.51076555
836 2935 5.50123553 0.00550123553 3.51076555
836 2935 5.50142405 0.00550142405 3.51076555
836 2935 5.50135504 0.00550135504 3.51076555
836 2939 5.50122189 0.00550122189 3.51555024
836 2940 5.50174586 0.00550174586 3.51674641
836 2940 5.50173871 0.00550173871 3.51674641
836 2940 5.5016118 0.0055016118 3.51674641
835 2934 5.48836174 0.00548836174 3.51377246
835 2934 5.48830865 0.00548830865 3.51377246
835 2932 5.47484572 0.00547484572 3.51137725
835 2928 5.47240045 0.00547240045 3.50658683
835 2928 5.47244372 0.00547244372 3.50658683
835 2928 5.47237572 0.00547237572 3.50658683
835 2928 5.47140764 0.00547140764 3.50658683
835 2929 5.47199088 0.00547199088 3.50778443
835 2929 5.4719612 0.0054719612 3.50778443
835 2934 5.47140055 0.00547140055 3.51377246
834 2925 5.45812661 0.00545812661 3.50719424
834 2924 5.4642212 0.0054642212 3.5059952
834 2924 5.46416314 0.00546416314 3.5059952
834 2923 5.46470595 0.00546470595 3.50479616
834 2928 5.47769039 0.00547769039 3.51079137
834 2928 5.47771222 0.00547771222 3.51079137
834 2932 5.49100985 0.00549100985 3.51558753
834 2932 5.49091446 0.00549091446 3.51558753
834 2931 5.49664394 0.00549664394 3.51438849
834 2931 5.48486453 0.00548486453 3.51438849
833 2925 5.47111867 0.00547111867 3.51140456
833 2924 5.47111978 0.00547111978 3.51020408
833 2921 5.4717594 0.0054717594 3.50660264
833 2923 5.47335552 0.00547335552 3.5090036
833 2917 5.47030903 0.00547030903 3.50180072
833 2919 5.47214275 0.00547214275 3.50420168
833 2919 5.47219008 0.00547219008 3.50420168
833 2919 5.47220619 0.00547220619 3.50420168
833 2924 5.47060266 0.00547060266 3.51020408
833 2915 5.46144201 0.00546144201 3.49939976
832 2911 5.44813948 0.00544813948 3.49879808
832 2911 5.44808144 0.00544808144 3.49879808
832 2911 5.44811963 0.00544811963 3.49879808
832 2911 5.44809431 0.00544809431 3.49879808
832 2911 5.44810134 0.00544810134 3.49879808
832 2911 5.44808923 0.00544808923 3.49879808
832 2908 5.44851782 0.00544851782 3.49519231
832 2912 5.44918484 0.00544918484 3.5
832 2910 5.44786997 0.00544786997 3.49759615
832 2913 5.45456162 0.00545456162 3.50120192
831 2903 5.44039703 0.00544039703 3.49338147
831 2903 5.44065362 0.00544065362 3.49338147
831 2909 5.44623145 0.00544623145 3.50060168
831 2909 5.44619187 0.00544619187 3.50060168
831 2904 5.44553821 0.00544553821 3.49458484
831 2909 5.44023535 0.00544023535 3.50060168
831 2908 5.47490343 0.00547490343 3.49939832
831 2910 5.4753719 0.0054753719 3.50180505
831 2910 5.47508968 0.00547508968 3.50180505
831 2910 5.47513662 0.00547513662 3.50180505
830 2902 5.46237838 0.00546237838 3.49638554
830 2902 5.46220818 0.00546220818 3.49638554
830 2903 5.4684318 0.0054684318 3.49759036
830 2906 5.48068962 0.00548068962 3.50120482
830 2906 5.48072824 0.00548072824 3.50120482
830 2906 5.48070099 0.00548070099 3.50120482
830 2906 5.48067659 0.00548067659 3.50120482
830 2906 5.48077984 0.00548077984 3.50120482
830 2902 5.47887568 0.00547887568 3.49638554
830 2902 5.47874577 0.00547874577 3.49638554
829 2893 5.46482232 0.00546482232 3.48974668
829 2893 5.46463259 0.00546463259 3.48974668
829 2894 5.46611515 0.00546611515 3.49095296
829 2894 5.46600546 0.00546600546 3.49095296
829 2894 5.46618423 0.00546618423 3.49095296
829 2895 5.46665237 0.00546665237 3.49215923
829 2896 5.46200987 0.00546200987 3.4933655
829 2895 5.46714524 0.00546714524 3.49215923
829 2895 5.46726225 0.00546726225 3.49215923
829 2895 5.46714399 0.00546714399 3.49215923
828 2887 5.45437225 0.00545437225 3.48671498
828 2887 5.45428092 0.00545428092 3.48671498
828 2887 5.45436092 0.00545436092 3.48671498
828 2887 5.45450296 0.00545450296 3.48671498
828 2887 5.45433597 0.00545433597 3.48671498
828 2887 5.45432737 0.00545432737 3.48671498
828 2887 5.4544658 0.0054544658 3.48671498
828 2887 5.45434241 0.00545434241 3.48671498
828 2887 5.45445738 0.00545445738 3.48671498
828 2887 5.45435644 0.00545435644 3.48671498
827 2883 5.43925824 0.00543925824 3.48609432
827 2883 5.43936104 0.00543936104 3.48609432
827 2884 5.43802868 0.00543802868 3.48730351
827 2884 5.43789754 0.00543789754 3.48730351
827 2884 5.43781796 0.00543781796 3.48730351
827 2878 5.44020141 0.00544020141 3.48004837
827 2878 5.44004764 0.00544004764 3.48004837
827 2878 5.4400379 0.0054400379 3.48004837
827 2878 5.44010155 0.00544010155 3.48004837
827 2878 5.44012457 0.00544012457 3.48004837
826 2868 5.4243802 0.0054243802 3.47215496
826 2873 5.42560487 0.00542560487 3.47820823
826 2872 5.42600631 0.00542600631 3.47699758
826 2875 5.42917596 0.00542917596 3.48062954
826 2875 5.4289939 0.0054289939 3.48062954
826 2875 5.42908354 0.00542908354 3.48062954
826 2875 5.42911921 0.00542911921 3.48062954
826 2875 5.42906665 0.00542906665 3.48062954
826 2875 5.42906363 0.00542906363 3.48062954
826 2875 5.42913531 0.00542913531 3.48062954
825 2872 5.4133572 0.0054133572 3.48121212
825 2871 5.41652189 0.00541652189 3.48
825 2871 5.41620107 0.00541620107 3.48
825 2871 5.4162771 0.0054162771 3.48
825 2871 5.41642839 0.00541642839 3.48
825 2871 5.41631593 0.00541631593 3.48
825 2871 5.41618636 0.00541618636 3.48
825 2871 5.41624078 0.00541624078 3.48
825 2871 5.4162838 0.0054162838 3.48
825 2871 5.41634735 0.00541634735 3.48
824 2867 5.40666328 0.00540666328 3.47936893
824 2867 5.4066197 0.0054066197 3.47936893
824 2867 5.40667722 0.00540667722 3.47936893
824 2867 5.40685108 0.00540685108 3.47936893
824 2867 5.4066711 0.0054066711 3.47936893
824 2867 5.40660688 0.00540660688 3.47936893
824 2867 5.40682612 0.00540682612 3.47936893
824 2868 5.39945952 0.00539945952 3.48058252
824 2868 5.39966039 0.00539966039 3.48058252
824 2868 5.39953292 0.00539953292 3.48058252
823 2858 5.38358981 0.00538358981 3.472661
823 2864 5.38437976 0.00538437976 3.4799514
823 2864 5.38448103 0.00538448103 3.4799514
823 2862 5.3935401 0.0053935401 3.47752126
823 2862 5.39344772 0.00539344772 3.47752126
823 2862 5.39352741 0.00539352741 3.47752126
823 2862 5.39355076 0.00539355076 3.47752126
823 2862 5.3935973 0.0053935973 3.47752126
823 2862 5.39349286 0.00539349286 3.47752126
823 2862 5.39355439 0.00539355439 3.47752126
822 2858 5.37862852 0.00537862852 3.47688564
822 2858 5.37844451 0.00537844451 3.47688564
822 2857 5.37975476 0.00537975476 3.4756691
822 2857 5.37954193 0.00537954193 3.4756691
822 2857 5.37939413 0.00537939413 3.4756691
822 2857 5.37948922 0.00537948922 3.4756691
822 2857 5.37959291 0.00537959291 3.4756691
822 2857 5.37955033 0.00537955033 3.4756691
822 2857 5.37959255 0.00537959255 3.4756691
822 2857 5.37953498 0.00537953498 3.4756691
821 2848 5.36576293 0.00536576293 3.46894032
821 2848 5.36548198 0.00536548198 3.46894032
821 2848 5.3656304 0.0053656304 3.46894032
821 2848 5.36546749 0.00536546749 3.46894032
821 2848 5.36560425 0.00536560425 3.46894032
821 2848 5.36559855 0.00536559855 3.46894032
821 2848 5.36562858 0.00536562858 3.46894032
821 2848 5.36553496 0.00536553496 3.46894032
821 2848 5.36564296 0.00536564296 3.46894032
821 2848 5.36562008 0.00536562008 3.46894032
820 2842 5.34934303 0.00534934303 3.46585366
820 2846 5.34968526 0.00534968526 3.47073171
820 2838 5.35079562 0.00535079562 3.46097561
820 2838 5.35081932 0.00535081932 3.46097561
820 2838 5.350912 0.005350912 3.46097561
820 2838 5.35088641 0.00535088641 3.46097561
820 2838 5.35061905 0.00535061905 3.46097561
820 2838 5.35077551 0.00535077551 3.46097561
820 2838 5.35077132 0.00535077132 3.46097561
820 2838 5.35079868 0.00535079868 3.46097561
819 2836 5.33420132 0.00533420132 3.46275946
819 2832 5.33485525 0.00533485525 3.45787546
819 2832 5.33459304 0.00533459304 3.45787546
819 2835 5.33678305 0.00533678305 3.46153846
819 2841 5.33748043 0.00533748043 3.46886447
819 2841 5.33765234 0.00533765234 3.46886447
819 2841 5.33759269 0.00533759269 3.46886447
819 2841 5.33744288 0.00533744288 3.46886447
819 2841 5.33761498 0.00533761498 3.46886447
819 2841 5.33751536 0.00533751536 3.46886447
818 2837 5.32216421 0.00532216421 3.46821516
818 2831 5.32310289 0.00532310289 3.4608802
818 2831 5.32321572 0.00532321572 3.4608802
818 2831 5.32323417 0.00532323417 3.4608802
818 2831 5.32325798 0.00532325798 3.4608802
818 2831 5.32320467 0.00532320467 3.4608802
818 2831 5.32328241 0.00532328241 3.4608802
818 2831 5.32320698 0.00532320698 3.4608802
818 2831 5.32320005 0.00532320005 3.4608802
818 2831 5.32314329 0.00532314329 3.4608802
817 2825 5.30681638 0.00530681638 3.45777234
817 2828 5.3066425 0.0053066425 3.46144431
817 2821 5.30824747 0.00530824747 3.45287638
817 2827 5.30811661 0.00530811661 3.46022032
817 2827 5.30805605 0.00530805605 3.46022032
817 2827 5.30810364 0.00530810364 3.46022032
817 2823 5.30818297 0.00530818297 3.45532436
817 2823 5.30822103 0.00530822103 3.45532436
817 2823 5.30826196 0.00530826196 3.45532436
817 2823 5.30836565 0.00530836565 3.45532436
816 2816 5.29120981 0.00529120981 3.45098039
816 2810 5.2937712 0.0052937712 3.44362745
816 2810 5.2940272 0.0052940272 3.44362745
816 2810 5.29405644 0.00529405644 3.44362745
816 2814 5.29392964 0.00529392964 3.44852941
816 2814 5.29379651 0.00529379651 3.44852941
816 2814 5.2939128 0.0052939128 3.44852941
816 2814 5.29399261 0.00529399261 3.44852941
816 2814 5.29387152 0.00529387152 3.44852941
816 2817 5.29464491 0.00529464491 3.45220588
815 2808 5.27886022 0.00527886022 3.44539877
815 2812 5.27926571 0.00527926571 3.45030675
815 2817 5.27471508 0.00527471508 3.45644172
815 2817 5.27464803 0.00527464803 3.45644172
815 2817 5.27458779 0.00527458779 3.45644172
815 2817 5.27464736 0.00527464736 3.45644172
815 2817 5.27474998 0.00527474998 3.45644172
815 2810 5.28168161 0.00528168161 3.44785276
815 2810 5.28144215 0.00528144215 3.44785276
815 2810 5.28138805 0.00528138805 3.44785276
814 2808 5.26638685 0.00526638685 3.44963145
814 2808 5.26643757 0.00526643757 3.44963145
814 2808 5.26629603 0.00526629603 3.44963145
814 2808 5.2665026 0.0052665026 3.44963145
814 2808 5.26643969 0.00526643969 3.44963145
814 2800 5.26709378 0.00526709378 3.43980344
814 2797 5.270926 0.005270926 3.43611794
814 2796 5.26860913 0.00526860913 3.43488943
814 2796 5.2685537 0.0052685537 3.43488943
814 2796 5.26862227 0.00526862227 3.43488943
813 2789 5.25266499 0.00525266499 3.43050431
813 2791 5.25175164 0.00525175164 3.43296433
813 2791 5.25103957 0.00525103957 3.43296433
813 2791 5.25088546 0.00525088546 3.43296433
813 2791 5.25107537 0.00525107537 3.43296433
813 2791 5.25110298 0.00525110298 3.43296433
813 2791 5.25014752 0.00525014752 3.43296433
813 2791 5.25009074 0.00525009074 3.43296433
813 2792 5.25183934 0.00525183934 3.43419434
813 2792 5.25180101 0.00525180101 3.43419434
812 2784 5.23698521 0.00523698521 3.42857143
812 2789 5.23815732 0.00523815732 3.43472906
812 2789 5.24078294 0.00524078294 3.43472906
811 2779 5.23612377 0.00523612377 3.42663379
811 2785 5.24306096 0.00524306096 3.43403206
811 2785 5.2429403 0.0052429403 3.43403206
811 2785 5.24295834 0.00524295834 3.43403206
811 2785 5.24772992 0.00524772992 3.43403206
811 2785 5.24749638 0.00524749638 3.43403206
811 2783 5.2464478 0.0052464478 3.43156597
810 2774 5.23258658 0.00523258658 3.42469136
810 2778 5.2344455 0.0052344455 3.42962963
810 2778 5.23062159 0.00523062159 3.42962963
810 2779 5.22214553 0.00522214553 3.4308642
810 2785 5.21831437 0.00521831437 3.4382716
810 2785 5.22623734 0.00522623734 3.4382716
810 2785 5.22615953 0.00522615953 3.4382716
810 2789 5.22516713 0.00522516713 3.44320988
810 2796 5.22190998 0.00522190998 3.45185185
810 2792 5.23155604 0.00523155604 3.44691358
809 2788 5.21813146 0.00521813146 3.44622991
809 2783 5.22727503 0.00522727503 3.44004944
809 2781 5.22754599 0.00522754599 3.43757726
809 2779 5.21938772 0.00521938772 3.43510507
809 2779 5.21934615 0.00521934615 3.43510507
809 2778 5.21992441 0.00521992441 3.43386897
809 2778 5.22026762 0.00522026762 3.43386897
809 2778 5.22030231 0.00522030231 3.43386897
809 2780 5.22930974 0.00522930974 3.43634116
809 2780 5.22930428 0.00522930428 3.43634116
808 2776 5.21640414 0.00521640414 3.43564356
808 2776 5.21629993 0.00521629993 3.43564356
808 2772 5.21869674 0.00521869674 3.43069307
808 2772 5.21844377 0.00521844377 3.43069307
808 2774 5.22081951 0.00522081951 3.43316832
808 2776 5.21994624 0.00521994624 3.43564356
808 2776 5.22014201 0.00522014201 3.43564356
808 2776 5.2200762 0.0052200762 3.43564356
808 2774 5.21677041 0.00521677041 3.43316832
808 2774 5.21696799 0.00521696799 3.43316832
807 2771 5.20617855 0.00520617855 3.43370508
807 2769 5.20624917 0.00520624917 3.43122677
807 2769 5.20638616 0.00520638616 3.43122677
807 2771 5.20243475 0.00520243475 3.43370508
807 2771 5.20256111 0.00520256111 3.43370508
807 2767 5.19978868 0.00519978868 3.42874845
807 2773 5.2035593 0.0052035593 3.4361834
807 2768 5.19887894 0.00519887894 3.42998761
807 2768 5.19887843 0.00519887843 3.42998761
807 2768 5.19869907 0.00519869907 3.42998761
806 2763 5.18925968 0.00518925968 3.4280397
806 2763 5.18908209 0.00518908209 3.4280397
806 2763 5.18936755 0.00518936755 3.4280397
806 2763 5.18920598 0.00518920598 3.4280397
806 2763 5.1893309 0.0051893309 3.4280397
806 2763 5.18916809 0.00518916809 3.4280397
806 2763 5.1891305 0.0051891305 3.4280397
806 2763 5.18919251 0.00518919251 3.4280397
806 2763 5.18912035 0.00518912035 3.4280397
806 2763 5.18911083 0.00518911083 3.4280397
805 2755 5.17445632 0.00517445632 3.42236025
805 2756 5.18162965 0.00518162965 3.42360248
805 2756 5.1813599 0.0051813599 3.42360248
805 2756 5.1814663 0.0051814663 3.42360248
805 2756 5.1814965 0.0051814965 3.42360248
805 2756 5.18149162 0.00518149162 3.42360248
805 2756 5.18143927 0.00518143927 3.42360248
805 2756 5.18156481 0.00518156481 3.42360248
805 2756 5.18146538 0.00518146538 3.42360248
805 2756 5.18156093 0.00518156093 3.42360248
804 2747 5.16698293 0.00516698293 3.41666667
804 2753 5.16676551 0.00516676551 3.42412935
804 2746 5.16790309 0.00516790309 3.41542289
804 2746 5.16785863 0.00516785863 3.41542289
804 2746 5.16776828 0.00516776828 3.41542289
804 2746 5.16786809 0.00516786809 3.41542289
804 2751 5.17483228 0.00517483228 3.42164179
804 2751 5.17479653 0.00517479653 3.42164179
804 2751 5.17497356 0.00517497356 3.42164179
804 2751 5.174886 0.005174886 3.42164179
803 2741 5.16101625 0.00516101625 3.41344956
803 2741 5.16134432 0.00516134432 3.41344956
803 2747 5.16225099 0.00516225099 3.42092154
803 2747 5.16217815 0.00516217815 3.42092154
803 2747 5.16234429 0.00516234429 3.42092154
803 2747 5.16225782 0.00516225782 3.42092154
803 2747 5.16213926 0.00516213926 3.42092154
803 2747 5.16225083 0.00516225083 3.42092154
803 2747 5.16227568 0.00516227568 3.42092154
803 2747 5.16234846 0.00516234846 3.42092154
802 2740 5.14833591 0.00514833591 3.41645885
802 2740 5.1483436 0.0051483436 3.41645885
802 2740 5.14820721 0.00514820721 3.41645885
802 2740 5.14825666 0.00514825666 3.41645885
802 2740 5.14830118 0.00514830118 3.41645885
802 2740 5.14823153 0.00514823153 3.41645885
802 2740 5.14839004 0.00514839004 3.41645885
802 2740 5.14827241 0.00514827241 3.41645885
802 2740 5.14821957 0.00514821957 3.41645885
802 2740 5.14825446 0.00514825446 3.41645885
801 2732 5.1340499 0.0051340499 3.41073658
801 2732 5.13409053 0.00513409053 3.41073658
801 2732 5.13406971 0.00513406971 3.41073658
801 2732 5.13399875 0.00513399875 3.41073658
801 2732 5.13407807 0.00513407807 3.41073658
801 2731 5.13601258 0.00513601258 3.40948814
801 2731 5.13596501 0.00513596501 3.40948814
801 2731 5.13599987 0.00513599987 3.40948814
801 2731 5.13607785 0.00513607785 3.40948814
801 2731 5.13611598 0.00513611598 3.40948814
800 2728 5.12199986 0.00512199986 3.41
800 2728 5.12218816 0.00512218816 3.41
800 2721 5.12271811 0.00512271811 3.40125
800 2725 5.12157771 0.00512157771 3.40625
800 2725 5.12164449 0.00512164449 3.40625
800 2721 5.12271195 0.00512271195 3.40125
800 2721 5.12297942 0.00512297942 3.40125
800 2721 5.12273381 0.00512273381 3.40125
800 2721 5.12282083 0.00512282083 3.40125
800 2721 5.12281288 0.00512281288 3.40125
799 2711 5.10781128 0.00510781128 3.39299124
799 2712 5.10968311 0.00510968311 3.3942428
799 2712 5.11009968 0.00511009968 3.3942428
799 2712 5.11009171 0.00511009171 3.3942428
799 2712 5.11027306 0.00511027306 3.3942428
799 2712 5.11005124 0.00511005124 3.3942428
799 2712 5.11009369 0.00511009369 3.3942428
799 2712 5.11008964 0.00511008964 3.3942428
799 2712 5.1100499 0.0051100499 3.3942428
799 2712 5.11003045 0.00511003045 3.3942428
798 2710 5.09615334 0.00509615334 3.39598997
798 2710 5.09619851 0.00509619851 3.39598997
798 2709 5.09607845 0.00509607845 3.39473684
798 2709 5.09603236 0.00509603236 3.39473684
798 2709 5.0961307 0.0050961307 3.39473684
798 2709 5.09600055 0.00509600055 3.39473684
798 2709 5.09608723 0.00509608723 3.39473684
798 2709 5.09651045 0.00509651045 3.39473684
798 2709 5.09627754 0.00509627754 3.39473684
798 2709 5.09640629 0.00509640629 3.39473684
797 2703 5.08137705 0.00508137705 3.39146801
797 2700 5.0823253 0.0050823253 3.38770389
797 2700 5.08228829 0.00508228829 3.38770389
797 2707 5.08266914 0.00508266914 3.39648683
797 2707 5.08270074 0.00508270074 3.39648683
797 2707 5.08267958 0.00508267958 3.39648683
797 2701 5.08251049 0.00508251049 3.38895859
797 2701 5.0825047 0.0050825047 3.38895859
797 2701 5.08229478 0.00508229478 3.38895859
797 2701 5.08239951 0.00508239951 3.38895859
796 2698 5.06863544 0.00506863544 3.38944724
796 2698 5.06913907 0.00506913907 3.38944724
796 2698 5.06926841 0.00506926841 3.38944724
796 2698 5.07024987 0.00507024987 3.38944724
796 2698 5.07033511 0.00507033511 3.38944724
796 2698 5.07028116 0.00507028116 3.38944724
796 2698 5.07033022 0.00507033022 3.38944724
796 2698 5.07033667 0.00507033667 3.38944724
796 2698 5.07035002 0.00507035002 3.38944724
796 2698 5.07031767 0.00507031767 3.38944724
795 2694 5.05612561 0.00505612561 3.38867925
795 2690 5.05648682 0.00505648682 3.3836478
795 2695 5.0567347 0.0050567347 3.38993711
795 2695 5.0566744 0.0050566744 3.38993711
795 2695 5.05662203 0.00505662203 3.38993711
795 2695 5.05674554 0.00505674554 3.38993711
795 2695 5.05668517 0.00505668517 3.38993711
795 2695 5.05675676 0.00505675676 3.38993711
795 2695 5.0567288 0.0050567288 3.38993711
795 2695 5.0568286 0.0050568286 3.38993711
794 2689 5.04213279 0.00504213279 3.38664987
794 2689 5.0419956 0.0050419956 3.38664987
794 2689 5.04193873 0.00504193873 3.38664987
794 2691 5.04250048 0.00504250048 3.38916877
794 2691 5.04238388 0.00504238388 3.38916877
794 2691 5.04262157 0.00504262157 3.38916877
794 2687 5.04291474 0.00504291474 3.38413098
794 2687 5.04294965 0.00504294965 3.38413098
794 2686 5.04339873 0.00504339873 3.38287154
794 2686 5.04335379 0.00504335379 3.38287154
793 2679 5.02819959 0.00502819959 3.37831021
793 2681 5.02897199 0.00502897199 3.38083228
793 2681 5.02885672 0.00502885672 3.38083228
793 2681 5.02893264 0.00502893264 3.38083228
793 2681 5.02901852 0.00502901852 3.38083228
793 2682 5.02956904 0.00502956904 3.38209332
793 2682 5.02966874 0.00502966874 3.38209332
793 2677 5.02938016 0.00502938016 3.37578815
793 2677 5.02936918 0.00502936918 3.37578815
793 2677 5.02947293 0.00502947293 3.37578815
792 2671 5.01406481 0.00501406481 3.37247475
792 2671 5.01306657 0.00501306657 3.37247475
792 2671 5.01306998 0.00501306998 3.37247475
792 2671 5.01318173 0.00501318173 3.37247475
792 2674 5.01807242 0.00501807242 3.37626263
792 2674 5.01803349 0.00501803349 3.37626263
792 2674 5.01806911 0.00501806911 3.37626263
792 2674 5.01810148 0.00501810148 3.37626263
792 2674 5.01805946 0.00501805946 3.37626263
792 2674 5.01805216 0.00501805216 3.37626263
791 2667 5.00838376 0.00500838376 3.37168142
791 2667 5.00843765 0.00500843765 3.37168142
791 2667 5.00845437 0.00500845437 3.37168142
791 2667 5.00836369 0.00500836369 3.37168142
791 2667 5.00838595 0.00500838595 3.37168142
791 2667 5.00828871 0.00500828871 3.37168142
791 2667 5.00846087 0.00500846087 3.37168142
791 2667 5.00854085 0.00500854085 3.37168142
791 2664 5.00991129 0.00500991129 3.36788875
791 2664 5.00999378 0.00500999378 3.36788875
790 2657 4.99661201 0.00499661201 3.36329114
790 2657 4.99664323 0.00499664323 3.36329114
790 2657 4.99666381 0.00499666381 3.36329114
790 2661 4.99792515 0.00499792515 3.36835443
790 2661 4.99803746 0.00499803746 3.36835443
790 2661 4.99782575 0.00499782575 3.36835443
790 2661 4.99786485 0.00499786485 3.36835443
790 2661 4.99786804 0.00499786804 3.36835443
790 2661 4.99785588 0.00499785588 3.36835443
790 2661 4.99787124 0.00499787124 3.36835443
789 2653 4.98392812 0.00498392812 3.36248416
789 2653 4.98412089 0.00498412089 3.36248416
789 2654 4.98460602 0.00498460602 3.36375158
789 2657 4.98894392 0.00498894392 3.36755387
789 2657 4.9889608 0.0049889608 3.36755387
789 2654 4.98331235 0.00498331235 3.36375158
789 2654 4.98328676 0.00498328676 3.36375158
789 2654 4.98339557 0.00498339557 3.36375158
789 2654 4.98324972 0.00498324972 3.36375158
789 2654 4.98329688 0.00498329688 3.36375158
788 2651 4.96823181 0.00496823181 3.3642132
788 2651 4.96815911 0.00496815911 3.3642132
788 2647 4.96857748 0.00496857748 3.35913706
788 2647 4.9687954 0.0049687954 3.35913706
788 2647 4.96879933 0.00496879933 3.35913706
788 2647 4.96883182 0.00496883182 3.35913706
788 2647 4.96865371 0.00496865371 3.35913706
788 2642 4.97408138 0.00497408138 3.35279188
788 2642 4.97413329 0.00497413329 3.35279188
788 2642 4.97432364 0.00497432364 3.35279188
787 2640 4.95971812 0.00495971812 3.3545108
787 2640 4.95948483 0.00495948483 3.3545108
787 2634 4.96057204 0.00496057204 3.34688691
787 2634 4.96045498 0.00496045498 3.34688691
787 2634 4.96058738 0.00496058738 3.34688691
787 2634 4.96051653 0.00496051653 3.34688691
787 2634 4.96054728 0.00496054728 3.34688691
787 2634 4.96051898 0.00496051898 3.34688691
787 2634 4.96074541 0.00496074541 3.34688691
787 2634 4.96066869 0.00496066869 3.34688691
786 2625 4.94525648 0.00494525648 3.33969466
786 2628 4.94488208 0.00494488208 3.34351145
786 2625 4.9450968 0.0049450968 3.33969466
786 2625 4.94523291 0.00494523291 3.33969466
786 2625 4.94497915 0.00494497915 3.33969466
786 2626 4.94621459 0.00494621459 3.34096692
786 2626 4.94607673 0.00494607673 3.34096692
786 2626 4.94619109 0.00494619109 3.34096692
786 2626 4.94630396 0.00494630396 3.34096692
786 2626 4.94621965 0.00494621965 3.34096692
785 2619 4.93638216 0.00493638216 3.33630573
785 2619 4.93657421 0.00493657421 3.33630573
785 2619 4.93654727 0.00493654727 3.33630573
785 2619 4.93659632 0.00493659632 3.33630573
785 2619 4.93650013 0.00493650013 3.33630573
785 2619 4.93639484 0.00493639484 3.33630573
785 2625 4.94045376 0.00494045376 3.34394904
785 2625 4.9404235 0.0049404235 3.34394904
785 2625 4.94056584 0.00494056584 3.34394904
785 2625 4.94045903 0.00494045903 3.34394904
784 2617 4.92597668 0.00492597668 3.3380102
784 2622 4.92652249 0.00492652249 3.34438776
784 2622 4.92678517 0.00492678517 3.34438776
784 2621 4.92778059 0.00492778059 3.34311224
784 2621 4.92777764 0.00492777764 3.34311224
784 2621 4.9278438 0.0049278438 3.34311224
784 2621 4.92776497 0.00492776497 3.34311224
784 2621 4.92788869 0.00492788869 3.34311224
784 2621 4.92796949 0.00492796949 3.34311224
784 2621 4.92774445 0.00492774445 3.34311224
783 2619 4.91324614 0.00491324614 3.34482759
783 2615 4.91379062 0.00491379062 3.33971903
783 2618 4.91396811 0.00491396811 3.34355045
783 2618 4.91400086 0.00491400086 3.34355045
783 2618 4.91417053 0.00491417053 3.34355045
783 2618 4.91423109 0.00491423109 3.34355045
783 2618 4.91410457 0.00491410457 3.34355045
783 2615 4.91388829 0.00491388829 3.33971903
783 2615 4.91377226 0.00491377226 3.33971903
783 2615 4.91379176 0.00491379176 3.33971903
782 2607 4.89751635 0.00489751635 3.33375959
782 2608 4.89903001 0.00489903001 3.33503836
782 2609 4.89836947 0.00489836947 3.33631714
782 2609 4.89840931 0.00489840931 3.33631714
782 2609 4.89966343 0.00489966343 3.33631714
782 2612 4.89996463 0.00489996463 3.34015345
782 2612 4.90006111 0.00490006111 3.34015345
782 2612 4.90004594 0.00490004594 3.34015345
782 2612 4.90008377 0.00490008377 3.34015345
782 2612 4.90002935 0.00490002935 3.34015345
781 2609 4.88529034 0.00488529034 3.34058899
781 2609 4.88496381 0.00488496381 3.34058899
781 2610 4.88482409 0.00488482409 3.3418694
781 2604 4.88540971 0.00488540971 3.33418694
781 2604 4.88528762 0.00488528762 3.33418694
781 2604 4.88522321 0.00488522321 3.33418694
781 2604 4.88536778 0.00488536778 3.33418694
781 2604 4.88539617 0.00488539617 3.33418694
781 2604 4.88530994 0.00488530994 3.33418694
781 2604 4.88548863 0.00488548863 3.33418694
780 2601 4.87089965 0.00487089965 3.33461538
780 2601 4.87085908 0.00487085908 3.33461538
780 2601 4.87083696 0.00487083696 3.33461538
780 2601 4.87054314 0.00487054314 3.33461538
780 2601 4.87060384 0.00487060384 3.33461538
780 2601 4.87055335 0.00487055335 3.33461538
780 2601 4.87056712 0.00487056712 3.33461538
780 2601 4.87054509 0.00487054509 3.33461538
780 2601 4.87034609 0.00487034609 3.33461538
780 2601 4.87049863 0.00487049863 3.33461538
779 2595 4.85550716 0.00485550716 3.33119384
779 2595 4.85539492 0.00485539492 3.33119384
779 2595 4.85552289 0.00485552289 3.33119384
779 2595 4.85556864 0.00485556864 3.33119384
779 2595 4.85544746 0.00485544746 3.33119384
779 2595 4.85529621 0.00485529621 3.33119384
779 2595 4.85545956 0.00485545956 3.33119384
779 2598 4.85610876 0.00485610876 3.33504493
779 2598 4.85624972 0.00485624972 3.33504493
779 2598 4.85624964 0.00485624964 3.33504493
778 2592 4.8412374 0.0048412374 3.33161954
778 2592 4.8413422 0.0048413422 3.33161954
778 2592 4.84113582 0.00484113582 3.33161954
778 2592 4.84124609 0.00484124609 3.33161954
778 2592 4.84119927 0.00484119927 3.33161954
778 2592 4.84122207 0.00484122207 3.33161954
778 2592 4.84134788 0.00484134788 3.33161954
778 2592 4.84126571 0.00484126571 3.33161954
778 2592 4.84119641 0.00484119641 3.33161954
778 2592 4.84128214 0.00484128214 3.33161954
777 2584 4.8256136 0.0048256136 3.32561133
777 2584 4.825515 0.004825515 3.32561133
777 2584 4.82544351 0.00482544351 3.32561133
777 2584 4.82560909 0.00482560909 3.32561133
777 2584 4.8255057 0.0048255057 3.32561133
777 2588 4.81841076 0.00481841076 3.33075933
777 2588 4.81843268 0.00481843268 3.33075933
777 2589 4.81990371 0.00481990371 3.33204633
777 2589 4.81989861 0.00481989861 3.33204633
777 2589 4.82002172 0.00482002172 3.33204633
776 2587 4.80400358 0.00480400358 3.33376289
776 2582 4.80706419 0.00480706419 3.32731959
776 2582 4.80723838 0.00480723838 3.32731959
776 2582 4.80724647 0.00480724647 3.32731959
776 2582 4.80736041 0.00480736041 3.32731959
776 2579 4.80829277 0.00480829277 3.32345361
776 2576 4.80982328 0.00480982328 3.31958763
776 2576 4.81016586 0.00481016586 3.31958763
776 2576 4.81020225 0.00481020225 3.31958763
776 2576 4.82412175 0.00482412175 3.31958763
775 2567 4.80802907 0.00480802907 3.31225806
775 2567 4.80808957 0.00480808957 3.31225806
775 2569 4.80897535 0.00480897535 3.31483871
775 2572 4.807784 0.004807784 3.31870968
775 2569 4.80868425 0.00480868425 3.31483871
775 2569 4.80874748 0.00480874748 3.31483871
775 2569 4.80881276 0.00480881276 3.31483871
775 2569 4.80880704 0.00480880704 3.31483871
775 2574 4.80913165 0.00480913165 3.32129032
775 2574 4.80908251 0.00480908251 3.32129032
774 2571 4.79349239 0.00479349239 3.32170543
774 2567 4.79390285 0.00479390285 3.31653747
774 2567 4.79384568 0.00479384568 3.31653747
774 2567 4.79377605 0.00479377605 3.31653747
774 2571 4.79364658 0.00479364658 3.32170543
774 2571 4.79351663 0.00479351663 3.32170543
774 2571 4.79364209 0.00479364209 3.32170543
774 2571 4.79477455 0.00479477455 3.32170543
774 2571 4.79471062 0.00479471062 3.32170543
774 2571 4.79478099 0.00479478099 3.32170543
773 2563 4.77823653 0.00477823653 3.3156533
773 2562 4.7788914 0.0047788914 3.31435964
773 2562 4.77872204 0.00477872204 3.31435964
773 2564 4.77947208 0.00477947208 3.31694696
773 2565 4.78707663 0.00478707663 3.31824062
773 2565 4.78692322 0.00478692322 3.31824062
773 2565 4.78708258 0.00478708258 3.31824062
773 2565 4.78697005 0.00478697005 3.31824062
773 2565 4.78702124 0.00478702124 3.31824062
773 2565 4.78702527 0.00478702527 3.31824062
772 2556 4.77111205 0.00477111205 3.31088083
772 2556 4.77114101 0.00477114101 3.31088083
772 2556 4.77121478 0.00477121478 3.31088083
772 2556 4.77129586 0.00477129586 3.31088083
772 2562 4.77190637 0.00477190637 3.31865285
772 2562 4.77187418 0.00477187418 3.31865285
772 2562 4.77194166 0.00477194166 3.31865285
772 2562 4.77188944 0.00477188944 3.31865285
772 2562 4.77190899 0.00477190899 3.31865285
772 2562 4.77202953 0.00477202953 3.31865285
771 2555 4.75637896 0.00475637896 3.31387808
771 2556 4.75573785 0.00475573785 3.3151751
771 2554 4.75710106 0.00475710106 3.31258106
771 2551 4.75651885 0.00475651885 3.30869001
771 2551 4.75653112 0.00475653112 3.30869001
771 2551 4.7565461 0.0047565461 3.30869001
771 2551 4.75646917 0.00475646917 3.30869001
771 2551 4.7566087 0.0047566087 3.30869001
771 2551 4.75646315 0.00475646315 3.30869001
771 2551 4.75653002 0.00475653002 3.30869001
770 2548 4.74160118 0.00474160118 3.30909091
770 2548 4.74164852 0.00474164852 3.30909091
770 2548 4.74171597 0.00474171597 3.30909091
770 2548 4.74178078 0.00474178078 3.30909091
770 2548 4.74186831 0.00474186831 3.30909091
770 2548 4.7415612 0.0047415612 3.30909091
770 2548 4.74160779 0.00474160779 3.30909091
770 2548 4.74160489 0.00474160489 3.30909091
770 2548 4.74172039 0.00474172039 3.30909091
770 2548 4.74160628 0.00474160628 3.30909091
769 2545 4.72611995 0.00472611995 3.30949285
769 2545 4.7260007 0.0047260007 3.30949285
769 2541 4.72591284 0.00472591284 3.30429129
769 2544 4.72585741 0.00472585741 3.30819246
769 2544 4.7257339 0.0047257339 3.30819246
769 2544 4.72585103 0.00472585103 3.30819246
769 2544 4.72587638 0.00472587638 3.30819246
769 2544 4.72586028 0.00472586028 3.30819246
769 2544 4.72576745 0.00472576745 3.30819246
769 2544 4.72581873 0.00472581873 3.30819246
768 2536 4.7096473 0.0047096473 3.30208333
768 2536 4.70969572 0.00470969572 3.30208333
768 2536 4.70961243 0.00470961243 3.30208333
768 2536 4.70972415 0.00470972415 3.30208333
768 2536 4.70969133 0.00470969133 3.30208333
768 2536 4.70982337 0.00470982337 3.30208333
768 2538 4.71031755 0.00471031755 3.3046875
768 2539 4.7115104 0.0047115104 3.30598958
768 2539 4.71146778 0.00471146778 3.30598958
768 2539 4.71137598 0.00471137598 3.30598958
767 2531 4.69577383 0.00469577383 3.29986962
767 2532 4.69592047 0.00469592047 3.3011734
767 2537 4.6957002 0.0046957002 3.30769231
767 2533 4.69618753 0.00469618753 3.30247718
767 2533 4.69631183 0.00469631183 3.30247718
767 2533 4.69661596 0.00469661596 3.30247718
767 2533 4.69644498 0.00469644498 3.30247718
767 2533 4.69646563 0.00469646563 3.30247718
767 2533 4.69608926 0.00469608926 3.30247718
767 2533 4.69587513 0.00469587513 3.30247718
766 2531 4.68004655 0.00468004655 3.30417755
766 2525 4.68063534 0.00468063534 3.29634465
766 2532 4.67876142 0.00467876142 3.30548303
766 2532 4.67880841 0.00467880841 3.30548303
766 2532 4.67872438 0.00467872438 3.30548303
766 2532 4.67873302 0.00467873302 3.30548303
766 2527 4.67773956 0.00467773956 3.29895561
766 2527 4.67783948 0.00467783948 3.29895561
766 2527 4.67770434 0.00467770434 3.29895561
766 2522 4.67835257 0.00467835257 3.2924282
765 2516 4.66238332 0.00466238332 3.28888889
765 2516 4.66403601 0.00466403601 3.28888889
765 2515 4.65553903 0.00465553903 3.2875817
765 2519 4.66434752 0.00466434752 3.29281046
765 2519 4.66404388 0.00466404388 3.29281046
765 2512 4.66104092 0.00466104092 3.28366013
765 2512 4.66115954 0.00466115954 3.28366013
765 2512 4.66096644 0.00466096644 3.28366013
765 2514 4.66170708 0.00466170708 3.28627451
765 2514 4.66165585 0.00466165585 3.28627451
764 2513 4.65233614 0.00465233614 3.28926702
764 2513 4.65224155 0.00465224155 3.28926702
764 2513 4.6522273 0.0046522273 3.28926702
764 2513 4.65227985 0.00465227985 3.28926702
764 2513 4.65235739 0.00465235739 3.28926702
764 2513 4.65212044 0.00465212044 3.28926702
764 2513 4.65227747 0.00465227747 3.28926702
764 2512 4.64304833 0.00464304833 3.28795812
763 2507 4.63314694 0.00463314694 3.28571429
763 2507 4.63307101 0.00463307101 3.28571429
762 2505 4.61814867 0.00461814867 3.28740157
762 2505 4.61814753 0.00461814753 3.28740157
762 2505 4.61831235 0.00461831235 3.28740157
762 2498 4.61223347 0.00461223347 3.27821522
762 2502 4.61876863 0.00461876863 3.28346457
762 2501 4.61703947 0.00461703947 3.28215223
762 2503 4.61769684 0.00461769684 3.2847769
762 2503 4.61760939 0.00461760939 3.2847769
762 2504 4.62784291 0.00462784291 3.28608924
762 2504 4.62784453 0.00462784453 3.28608924
761 2500 4.61511091 0.00461511091 3.28515112
761 2500 4.61515524 0.00461515524 3.28515112
761 2500 4.61499287 0.00461499287 3.28515112
761 2500 4.61505968 0.00461505968 3.28515112
761 2500 4.61490464 0.00461490464 3.28515112
761 2501 4.61758873 0.00461758873 3.28646518
761 2503 4.61803851 0.00461803851 3.2890933
761 2503 4.61807701 0.00461807701 3.2890933
761 2503 4.61786334 0.00461786334 3.2890933
761 2502 4.60988552 0.00460988552 3.28777924
760 2495 4.59544993 0.00459544993 3.28289474
760 2495 4.59533778 0.00459533778 3.28289474
760 2495 4.59548763 0.00459548763 3.28289474
760 2495 4.59524434 0.00459524434 3.28289474
760 2495 4.59519579 0.00459519579 3.28289474
760 2495 4.59527131 0.00459527131 3.28289474
760 2494 4.59515112 0.00459515112 3.28157895
760 2494 4.59512189 0.00459512189 3.28157895
760 2494 4.59514494 0.00459514494 3.28157895
760 2494 4.59499866 0.00459499866 3.28157895
759 2490 4.58943584 0.00458943584 3.28063241
759 2490 4.58935306 0.00458935306 3.28063241
759 2490 4.58937539 0.00458937539 3.28063241
759 2490 4.58941267 0.00458941267 3.28063241
759 2490 4.58936959 0.00458936959 3.28063241
759 2490 4.58942556 0.00458942556 3.28063241
759 2490 4.58938037 0.00458938037 3.28063241
759 2490 4.589335 0.004589335 3.28063241
759 2490 4.58933923 0.00458933923 3.28063241
759 2490 4.58935889 0.00458935889 3.28063241
758 2483 4.5750022 0.0045750022 3.27572559
758 2484 4.57582126 0.00457582126 3.27704485
758 2484 4.57581808 0.00457581808 3.27704485
758 2484 4.57600889 0.00457600889 3.27704485
758 2484 4.57616713 0.00457616713 3.27704485
758 2484 4.5759606 0.0045759606 3.27704485
758 2484 4.57586917 0.00457586917 3.27704485
758 2484 4.57590708 0.00457590708 3.27704485
758 2484 4.5750619 0.0045750619 3.27704485
758 2484 4.57508645 0.00457508645 3.27704485
757 2479 4.5610151 0.0045610151 3.27476882
757 2479 4.56129393 0.00456129393 3.27476882
757 2479 4.56237216 0.00456237216 3.27476882
757 2479 4.56230935 0.00456230935 3.27476882
757 2479 4.56229893 0.00456229893 3.27476882
757 2479 4.56224513 0.00456224513 3.27476882
757 2479 4.56220451 0.00456220451 3.27476882
757 2479 4.56225391 0.00456225391 3.27476882
757 2479 4.56226053 0.00456226053 3.27476882
757 2479 4.56230724 0.00456230724 3.27476882
756 2473 4.54620514 0.00454620514 3.27116402
756 2476 4.54700338 0.00454700338 3.27513228
756 2475 4.54561592 0.00454561592 3.27380952
756 2475 4.5454461 0.0045454461 3.27380952
756 2475 4.54551354 0.00454551354 3.27380952
756 2475 4.5454758 0.0045454758 3.27380952
756 2475 4.54565051 0.00454565051 3.27380952
756 2475 4.54562203 0.00454562203 3.27380952
756 2475 4.54551301 0.00454551301 3.27380952
756 2475 4.54554558 0.00454554558 3.27380952
755 2469 4.52991881 0.00452991881 3.27019868
755 2467 4.53060819 0.00453060819 3.26754967
755 2467 4.53041404 0.00453041404 3.26754967
755 2469 4.52892649 0.00452892649 3.27019868
755 2466 4.53580663 0.00453580663 3.26622517
755 2466 4.53588247 0.00453588247 3.26622517
755 2465 4.54059884 0.00454059884 3.26490066
755 2465 4.54065503 0.00454065503 3.26490066
755 2465 4.54056013 0.00454056013 3.26490066
755 2464 4.5377054 0.0045377054 3.26357616
754 2458 4.5239716 0.0045239716 3.25994695
754 2458 4.52389734 0.00452389734 3.25994695
754 2458 4.52388508 0.00452388508 3.25994695
754 2458 4.52395815 0.00452395815 3.25994695
754 2458 4.52395678 0.00452395678 3.25994695
754 2458 4.52396599 0.00452396599 3.25994695
754 2452 4.52603724 0.00452603724 3.25198939
754 2452 4.52610443 0.00452610443 3.25198939
754 2452 4.52615218 0.00452615218 3.25198939
754 2452 4.52610551 0.00452610551 3.25198939
753 2449 4.51193775 0.00451193775 3.25232404
753 2444 4.52319343 0.00452319343 3.24568393
753 2444 4.52320751 0.00452320751 3.24568393
753 2444 4.52328734 0.00452328734 3.24568393
753 2444 4.52323115 0.00452323115 3.24568393
753 2444 4.52331221 0.00452331221 3.24568393
753 2444 4.52700527 0.00452700527 3.24568393
753 2444 4.52698948 0.00452698948 3.24568393
753 2444 4.52688804 0.00452688804 3.24568393
753 2445 4.52576322 0.00452576322 3.24701195
752 2439 4.51093047 0.00451093047 3.24335106
752 2439 4.5110095 0.0045110095 3.24335106
752 2440 4.51123701 0.00451123701 3.24468085
752 2437 4.5128025 0.0045128025 3.24069149
752 2437 4.5126964 0.0045126964 3.24069149
752 2437 4.51291812 0.00451291812 3.24069149
752 2437 4.51289602 0.00451289602 3.24069149
752 2437 4.51293414 0.00451293414 3.24069149
752 2437 4.51278754 0.00451278754 3.24069149
752 2437 4.5127774 0.0045127774 3.24069149
751 2434 4.49728464 0.00449728464 3.24101198
751 2428 4.49794535 0.00449794535 3.23302264
751 2428 4.49801139 0.00449801139 3.23302264
751 2428 4.49804474 0.00449804474 3.23302264
751 2428 4.49799297 0.00449799297 3.23302264
751 2434 4.49827239 0.00449827239 3.24101198
751 2434 4.49831966 0.00449831966 3.24101198
751 2434 4.49840221 0.00449840221 3.24101198
751 2434 4.49826105 0.00449826105 3.24101198
751 2434 4.49823236 0.00449823236 3.24101198
750 2431 4.48261633 0.00448261633 3.24133333
750 2428 4.48313553 0.00448313553 3.23733333
750 2428 4.48363878 0.00448363878 3.23733333
750 2428 4.48370607 0.00448370607 3.23733333
750 2428 4.48360813 0.00448360813 3.23733333
750 2428 4.4836144 0.0044836144 3.23733333
750 2428 4.48359445 0.00448359445 3.23733333
750 2428 4.4835933 0.0044835933 3.23733333
750 2429 4.48446353 0.00448446353 3.23866667
750 2429 4.48420196 0.00448420196 3.23866667
749 2426 4.46913953 0.00446913953 3.23898531
749 2420 4.46900995 0.00446900995 3.23097463
749 2423 4.47073616 0.00447073616 3.23497997
749 2423 4.4707163 0.0044707163 3.23497997
749 2423 4.47068352 0.00447068352 3.23497997
749 2423 4.47059708 0.00447059708 3.23497997
749 2423 4.47042014 0.00447042014 3.23497997
749 2423 4.4706713 0.0044706713 3.23497997
749 2423 4.47057563 0.00447057563 3.23497997
749 2423 4.47064397 0.00447064397 3.23497997
748 2421 4.45504314 0.00445504314 3.23663102
748 2417 4.45535978 0.00445535978 3.23128342
748 2417 4.45598542 0.00445598542 3.23128342
748 2419 4.45298837 0.00445298837 3.23395722
748 2419 4.45288697 0.00445288697 3.23395722
748 2418 4.44848196 0.00444848196 3.23262032
748 2417 4.44927628 0.00444927628 3.23128342
748 2417 4.44938348 0.00444938348 3.23128342
748 2413 4.4476749 0.0044476749 3.22593583
748 2414 4.45346654 0.00445346654 3.22727273
747 2405 4.43836091 0.00443836091 3.21954485
747 2408 4.44351881 0.00444351881 3.22356091
747 2408 4.44362406 0.00444362406 3.22356091
747 2406 4.4552986 0.0044552986 3.22088353
747 2409 4.45669648 0.00445669648 3.2248996
747 2408 4.46367984 0.00446367984 3.22356091
747 2408 4.46369308 0.00446369308 3.22356091
747 2411 4.45874739 0.00445874739 3.22757697
747 2410 4.45841826 0.00445841826 3.22623829
747 2410 4.45834328 0.00445834328 3.22623829
746 2403 4.45735155 0.00445735155 3.22117962
746 2403 4.45739607 0.00445739607 3.22117962
746 2407 4.45991003 0.00445991003 3.22654155
746 2409 4.46036794 0.00446036794 3.22922252
746 2409 4.46042006 0.00446042006 3.22922252
746 2409 4.46050765 0.00446050765 3.22922252
746 2411 4.45678867 0.00445678867 3.23190349
746 2410 4.46526415 0.00446526415 3.230563
746 2410 4.46533691 0.00446533691 3.230563
746 2410 4.46536771 0.00446536771 3.230563
745 2407 4.44998587 0.00444998587 3.23087248
745 2404 4.45178888 0.00445178888 3.22684564
745 2402 4.45172704 0.00445172704 3.22416107
745 2402 4.4519804 0.0044519804 3.22416107
745 2402 4.45209145 0.00445209145 3.22416107
745 2397 4.45227331 0.00445227331 3.21744966
745 2397 4.45226498 0.00445226498 3.21744966
745 2397 4.45204834 0.00445204834 3.21744966
745 2397 4.45247936 0.00445247936 3.21744966
745 2397 4.45235627 0.00445235627 3.21744966
744 2391 4.43808146 0.00443808146 3.21370968
744 2391 4.43833584 0.00443833584 3.21370968
744 2391 4.43833352 0.00443833352 3.21370968
744 2390 4.43818563 0.00443818563 3.21236559
744 2391 4.44059216 0.00444059216 3.21370968
744 2391 4.44049968 0.00444049968 3.21370968
744 2391 4.44052972 0.00444052972 3.21370968
744 2391 4.44066351 0.00444066351 3.21370968
743 2384 4.42705994 0.00442705994 3.20861373
743 2384 4.42708488 0.00442708488 3.20861373
742 2378 4.41324993 0.00441324993 3.20485175
742 2381 4.41405915 0.00441405915 3.20889488
742 2381 4.41380335 0.00441380335 3.20889488
742 2381 4.41386976 0.00441386976 3.20889488
742 2381 4.41400355 0.00441400355 3.20889488
742 2381 4.41403154 0.00441403154 3.20889488
742 2381 4.41386395 0.00441386395 3.20889488
742 2381 4.41397447 0.00441397447 3.20889488
742 2381 4.41389655 0.00441389655 3.20889488
742 2381 4.41384531 0.00441384531 3.20889488
741 2375 4.39837667 0.00439837667 3.20512821
741 2377 4.40124347 0.00440124347 3.20782726
741 2377 4.4011991 0.0044011991 3.20782726
741 2377 4.40110932 0.00440110932 3.20782726
741 2377 4.40097326 0.00440097326 3.20782726
741 2375 4.39992881 0.00439992881 3.20512821
741 2375 4.40008373 0.00440008373 3.20512821
741 2375 4.4000335 0.0044000335 3.20512821
741 2375 4.40014426 0.00440014426 3.20512821
741 2375 4.4001636 0.0044001636 3.20512821
740 2372 4.38572558 0.00438572558 3.20540541
740 2372 4.38570113 0.00438570113 3.20540541
740 2372 4.38563051 0.00438563051 3.20540541
740 2369 4.38649045 0.00438649045 3.20135135
740 2369 4.38643298 0.00438643298 3.20135135
740 2369 4.38635254 0.00438635254 3.20135135
740 2369 4.38629694 0.00438629694 3.20135135
740 2369 4.38630997 0.00438630997 3.20135135
740 2369 4.38626554 0.00438626554 3.20135135
740 2369 4.38630147 0.00438630147 3.20135135
739 2365 4.37186847 0.00437186847 3.20027064
739 2366 4.37217288 0.00437217288 3.20162382
739 2366 4.37208942 0.00437208942 3.20162382
739 2366 4.37223962 0.00437223962 3.20162382
739 2366 4.37212837 0.00437212837 3.20162382
739 2366 4.37214548 0.00437214548 3.20162382
739 2366 4.37212234 0.00437212234 3.20162382
739 2366 4.37216536 0.00437216536 3.20162382
739 2366 4.372247 0.004372247 3.20162382
739 2366 4.37220481 0.00437220481 3.20162382
738 2362 4.35771778 0.00435771778 3.20054201
738 2362 4.35912643 0.00435912643 3.20054201
738 2362 4.35924867 0.00435924867 3.20054201
738 2362 4.35923144 0.00435923144 3.20054201
738 2362 4.35925764 0.00435925764 3.20054201
738 2362 4.35919048 0.00435919048 3.20054201
738 2362 4.35925368 0.00435925368 3.20054201
738 2362 4.35924499 0.00435924499 3.20054201
738 2362 4.35921672 0.00435921672 3.20054201
738 2362 4.35928485 0.00435928485 3.20054201
737 2360 4.34398387 0.00434398387 3.20217096
737 2360 4.34907051 0.00434907051 3.20217096
737 2360 4.34924883 0.00434924883 3.20217096
737 2360 4.34914466 0.00434914466 3.20217096
737 2360 4.34915551 0.00434915551 3.20217096
737 2360 4.34929773 0.00434929773 3.20217096
737 2360 4.3491898 0.0043491898 3.20217096
737 2360 4.34907332 0.00434907332 3.20217096
737 2360 4.34911562 0.00434911562 3.20217096
737 2360 4.34905091 0.00434905091 3.20217096
736 2358 4.33377991 0.00433377991 3.20380435
736 2353 4.33511194 0.00433511194 3.19701087
736 2353 4.33518493 0.00433518493 3.19701087
736 2353 4.33520805 0.00433520805 3.19701087
736 2353 4.33513891 0.00433513891 3.19701087
736 2353 4.33505744 0.00433505744 3.19701087
736 2353 4.33505028 0.00433505028 3.19701087
736 2353 4.33522319 0.00433522319 3.19701087
736 2353 4.33510053 0.00433510053 3.19701087
736 2353 4.33509835 0.00433509835 3.19701087
735 2347 4.32073419 0.00432073419 3.19319728
735 2347 4.31944976 0.00431944976 3.19319728
735 2347 4.31945119 0.00431945119 3.19319728
735 2348 4.31015671 0.00431015671 3.19455782
735 2348 4.31003312 0.00431003312 3.19455782
735 2349 4.31031722 0.00431031722 3.19591837
735 2347 4.31966479 0.00431966479 3.19319728
735 2347 4.31970853 0.00431970853 3.19319728
735 2347 4.31974433 0.00431974433 3.19319728
735 2347 4.31959623 0.00431959623 3.19319728
734 2341 4.30547527 0.00430547527 3.1893733
734 2341 4.30557529 0.00430557529 3.1893733
734 2344 4.30606301 0.00430606301 3.19346049
734 2344 4.30604384 0.00430604384 3.19346049
733 2335 4.29770263 0.00429770263 3.18553888
733 2340 4.30213023 0.00430213023 3.19236016
733 2343 4.30298332 0.00430298332 3.19645293
733 2343 4.30288723 0.00430288723 3.19645293
733 2341 4.31376265 0.00431376265 3.19372442
733 2341 4.31376282 0.00431376282 3.19372442
732 2335 4.30091789 0.00430091789 3.18989071
732 2335 4.30094839 0.00430094839 3.18989071
732 2335 4.30093257 0.00430093257 3.18989071
732 2335 4.30092039 0.00430092039 3.18989071
732 2338 4.2990065 0.0042990065 3.19398907
732 2337 4.29829743 0.00429829743 3.19262295
732 2337 4.29844667 0.00429844667 3.19262295
732 2337 4.29851102 0.00429851102 3.19262295
732 2336 4.295309 0.004295309 3.19125683
732 2338 4.29139528 0.00429139528 3.19398907
731 2334 4.28630184 0.00428630184 3.19288646
731 2334 4.28633982 0.00428633982 3.19288646
731 2331 4.28672591 0.00428672591 3.18878249
731 2338 4.28828031 0.00428828031 3.19835841
731 2338 4.28823029 0.00428823029 3.19835841
731 2338 4.28833552 0.00428833552 3.19835841
731 2338 4.28817869 0.00428817869 3.19835841
731 2338 4.28827028 0.00428827028 3.19835841
731 2338 4.29949083 0.00429949083 3.19835841
731 2338 4.29973409 0.00429973409 3.19835841
730 2332 4.28584995 0.00428584995 3.19452055
730 2328 4.28669109 0.00428669109 3.1890411
730 2328 4.28674156 0.00428674156 3.1890411
730 2328 4.28670725 0.00428670725 3.1890411
730 2330 4.2867252 0.0042867252 3.19178082
730 2330 4.28697159 0.00428697159 3.19178082
730 2330 4.2869796 0.0042869796 3.19178082
730 2330 4.28701417 0.00428701417 3.19178082
730 2332 4.28318689 0.00428318689 3.19452055
730 2332 4.28323681 0.00428323681 3.19452055
729 2326 4.26869644 0.00426869644 3.19067215
729 2325 4.26927286 0.00426927286 3.18930041
729 2325 4.26928955 0.00426928955 3.18930041
729 2325 4.27479083 0.00427479083 3.18930041
729 2325 4.27467194 0.00427467194 3.18930041
729 2325 4.27478975 0.00427478975 3.18930041
729 2325 4.27474407 0.00427474407 3.18930041
729 2325 4.27484712 0.00427484712 3.18930041
729 2325 4.27461895 0.00427461895 3.18930041
729 2325 4.27466576 0.00427466576 3.18930041
728 2316 4.26031585 0.00426031585 3.18131868
728 2319 4.26083939 0.00426083939 3.18543956
728 2319 4.26115904 0.00426115904 3.18543956
728 2319 4.26111569 0.00426111569 3.18543956
728 2319 4.26087499 0.00426087499 3.18543956
728 2316 4.2611455 0.0042611455 3.18131868
728 2316 4.26096361 0.00426096361 3.18131868
728 2316 4.26106643 0.00426106643 3.18131868
728 2321 4.26170001 0.00426170001 3.18818681
728 2321 4.26151191 0.00426151191 3.18818681
727 2316 4.24770132 0.00424770132 3.18569464
727 2316 4.24784344 0.00424784344 3.18569464
727 2316 4.24782025 0.00424782025 3.18569464
727 2316 4.24776399 0.00424776399 3.18569464
727 2316 4.24771254 0.00424771254 3.18569464
727 2316 4.24776123 0.00424776123 3.18569464
727 2316 4.24777848 0.00424777848 3.18569464
727 2315 4.24826109 0.00424826109 3.18431912
727 2315 4.24832097 0.00424832097 3.18431912
727 2315 4.24845001 0.00424845001 3.18431912
726 2308 4.2347 0.0042347 3.17906336
726 2310 4.2345602 0.0042345602 3.18181818
726 2310 4.2345685 0.0042345685 3.18181818
726 2310 4.23454431 0.00423454431 3.18181818
726 2308 4.23453037 0.00423453037 3.17906336
726 2308 4.23463094 0.00423463094 3.17906336
726 2308 4.23465198 0.00423465198 3.17906336
726 2308 4.23453795 0.00423453795 3.17906336
726 2308 4.23476188 0.00423476188 3.17906336
726 2308 4.23482997 0.00423482997 3.17906336
725 2304 4.22005003 0.00422005003 3.17793103
725 2303 4.22091392 0.00422091392 3.17655172
725 2303 4.22089844 0.00422089844 3.17655172
725 2303 4.22088472 0.00422088472 3.17655172
725 2303 4.22103692 0.00422103692 3.17655172
725 2303 4.22102604 0.00422102604 3.17655172
725 2303 4.22084939 0.00422084939 3.17655172
725 2303 4.22088846 0.00422088846 3.17655172
725 2303 4.22086952 0.00422086952 3.17655172
725 2303 4.22090144 0.00422090144 3.17655172
724 2296 4.20483402 0.00420483402 3.17127072
724 2301 4.20650846 0.00420650846 3.1781768
724 2301 4.20661746 0.00420661746 3.1781768
724 2301 4.20647795 0.00420647795 3.1781768
724 2299 4.20467234 0.00420467234 3.17541436
724 2304 4.20674906 0.00420674906 3.18232044
724 2304 4.20682052 0.00420682052 3.18232044
724 2304 4.20698883 0.00420698883 3.18232044
724 2304 4.20609098 0.00420609098 3.18232044
724 2304 4.20599031 0.00420599031 3.18232044
723 2299 4.19181257 0.00419181257 3.17980636
723 2300 4.19372031 0.00419372031 3.18118949
723 2297 4.20382865 0.00420382865 3.17704011
722 2290 4.19067487 0.00419067487 3.17174515
722 2290 4.19144652 0.00419144652 3.17174515
722 2290 4.19139434 0.00419139434 3.17174515
722 2290 4.19147763 0.00419147763 3.17174515
722 2290 4.19143337 0.00419143337 3.17174515
722 2290 4.19154515 0.00419154515 3.17174515
722 2290 4.1915015 0.0041915015 3.17174515
721 2289 4.17653926 0.00417653926 3.17475728
721 2284 4.17793946 0.00417793946 3.16782247
721 2284 4.17781054 0.00417781054 3.16782247
721 2284 4.17763087 0.00417763087 3.16782247
721 2284 4.17782558 0.00417782558 3.16782247
721 2284 4.17774181 0.00417774181 3.16782247
721 2284 4.17768928 0.00417768928 3.16782247
721 2283 4.17865463 0.00417865463 3.16643551
721 2283 4.17856642 0.00417856642 3.16643551
721 2283 4.17851884 0.00417851884 3.16643551
720 2279 4.16563791 0.00416563791 3.16527778
720 2282 4.16529087 0.00416529087 3.16944444
720 2278 4.16246539 0.00416246539 3.16388889
720 2278 4.16262303 0.00416262303 3.16388889
720 2278 4.1626164 0.0041626164 3.16388889
720 2278 4.16260324 0.00416260324 3.16388889
720 2286 4.16467805 0.00416467805 3.175
720 2286 4.16466447 0.00416466447 3.175
719 2276 4.15226441 0.00415226441 3.16550765
719 2276 4.15235542 0.00415235542 3.16550765
718 2270 4.13766242 0.00413766242 3.16155989
718 2273 4.14245636 0.00414245636 3.16573816
718 2273 4.14261953 0.00414261953 3.16573816
718 2273 4.14281242 0.00414281242 3.16573816
718 2273 4.14261561 0.00414261561 3.16573816
718 2273 4.14259576 0.00414259576 3.16573816
718 2273 4.14268582 0.00414268582 3.16573816
718 2273 4.14269415 0.00414269415 3.16573816
718 2273 4.14240658 0.00414240658 3.16573816
718 2273 4.14257798 0.00414257798 3.16573816
717 2272 4.12865816 0.00412865816 3.16875872
717 2272 4.12872326 0.00412872326 3.16875872
717 2272 4.128682 0.004128682 3.16875872
717 2268 4.12980018 0.00412980018 3.16317992
717 2268 4.12973578 0.00412973578 3.16317992
717 2268 4.12977454 0.00412977454 3.16317992
717 2268 4.129853 0.004129853 3.16317992
717 2268 4.12982927 0.00412982927 3.16317992
717 2268 4.12981924 0.00412981924 3.16317992
717 2268 4.12971331 0.00412971331 3.16317992
716 2263 4.11479033 0.00411479033 3.16061453
716 2261 4.11453194 0.00411453194 3.15782123
716 2265 4.11535036 0.00411535036 3.16340782
716 2265 4.11527587 0.00411527587 3.16340782
716 2265 4.1154209 0.0041154209 3.16340782
716 2265 4.11538198 0.00411538198 3.16340782
716 2265 4.11546293 0.00411546293 3.16340782
716 2265 4.11530566 0.00411530566 3.16340782
716 2265 4.11552934 0.00411552934 3.16340782
716 2265 4.1159382 0.0041159382 3.16340782
715 2258 4.10119391 0.00410119391 3.15804196
715 2262 4.10281256 0.00410281256 3.16363636
715 2256 4.10856968 0.00410856968 3.15524476
715 2256 4.10846934 0.00410846934 3.15524476
715 2256 4.10851096 0.00410851096 3.15524476
715 2258 4.10842559 0.00410842559 3.15804196
715 2258 4.10838886 0.00410838886 3.15804196
715 2258 4.10830591 0.00410830591 3.15804196
715 2258 4.10816866 0.00410816866 3.15804196
715 2258 4.10843536 0.00410843536 3.15804196
714 2250 4.09257317 0.00409257317 3.1512605
714 2252 4.09307004 0.00409307004 3.15406162
714 2252 4.09324202 0.00409324202 3.15406162
714 2257 4.10847219 0.00410847219 3.16106443
714 2257 4.10836872 0.00410836872 3.16106443
714 2257 4.10839242 0.00410839242 3.16106443
714 2257 4.1083696 0.0041083696 3.16106443
714 2257 4.10850413 0.00410850413 3.16106443
714 2259 4.10641888 0.00410641888 3.16386555
714 2259 4.10623864 0.00410623864 3.16386555
713 2255 4.09299176 0.00409299176 3.16269285
713 2255 4.09297555 0.00409297555 3.16269285
713 2255 4.09307872 0.00409307872 3.16269285
713 2255 4.09299568 0.00409299568 3.16269285
713 2255 4.09298202 0.00409298202 3.16269285
713 2255 4.09302926 0.00409302926 3.16269285
713 2255 4.09295067 0.00409295067 3.16269285
713 2252 4.09597318 0.00409597318 3.15848527
713 2252 4.09608866 0.00409608866 3.15848527
713 2252 4.09615011 0.00409615011 3.15848527
712 2248 4.08285668 0.00408285668 3.15730337
712 2248 4.08295828 0.00408295828 3.15730337
712 2248 4.08286865 0.00408286865 3.15730337
712 2248 4.08284179 0.00408284179 3.15730337
712 2248 4.08279835 0.00408279835 3.15730337
712 2248 4.08280867 0.00408280867 3.15730337
712 2248 4.08285701 0.00408285701 3.15730337
712 2248 4.08289553 0.00408289553 3.15730337
712 2248 4.08273588 0.00408273588 3.15730337
712 2248 4.08274686 0.00408274686 3.15730337
711 2241 4.0678648 0.0040678648 3.15189873
711 2241 4.06798975 0.00406798975 3.15189873
711 2241 4.06769843 0.00406769843 3.15189873
711 2240 4.06717956 0.00406717956 3.15049226
711 2240 4.06734067 0.00406734067 3.15049226
711 2240 4.06720913 0.00406720913 3.15049226
711 2240 4.06716328 0.00406716328 3.15049226
711 2240 4.06724717 0.00406724717 3.15049226
711 2240 4.06732178 0.00406732178 3.15049226
711 2240 4.06726485 0.00406726485 3.15049226
710 2231 4.05144801 0.00405144801 3.14225352
709 2225 4.03667731 0.00403667731 3.13822285
709 2225 4.03638678 0.00403638678 3.13822285
709 2224 4.03998804 0.00403998804 3.13681241
709 2224 4.03970468 0.00403970468 3.13681241
709 2224 4.03997043 0.00403997043 3.13681241
709 2224 4.03999716 0.00403999716 3.13681241
709 2224 4.03992422 0.00403992422 3.13681241
709 2224 4.04001932 0.00404001932 3.13681241
709 2224 4.04003131 0.00404003131 3.13681241
708 2216 4.02318526 0.00402318526 3.1299435
708 2216 4.02307187 0.00402307187 3.1299435
708 2218 4.02499007 0.00402499007 3.13276836
708 2219 4.02691577 0.00402691577 3.13418079
708 2219 4.02672201 0.00402672201 3.13418079
708 2219 4.02686656 0.00402686656 3.13418079
708 2219 4.02682829 0.00402682829 3.13418079
708 2219 4.02691623 0.00402691623 3.13418079
708 2219 4.02692071 0.00402692071 3.13418079
708 2219 4.02677348 0.00402677348 3.13418079
707 2213 4.01000209 0.00401000209 3.1301273
707 2212 4.01158899 0.00401158899 3.12871287
707 2212 4.01164113 0.00401164113 3.12871287
707 2218 4.01229445 0.00401229445 3.13719943
707 2218 4.01235976 0.00401235976 3.13719943
707 2213 4.00955826 0.00400955826 3.1301273
707 2213 4.00972051 0.00400972051 3.1301273
707 2213 4.00961532 0.00400961532 3.1301273
707 2217 4.01828707 0.00401828707 3.13578501
707 2217 4.01845871 0.00401845871 3.13578501
706 2211 4.00099901 0.00400099901 3.13172805
706 2209 4.00164039 0.00400164039 3.12889518
706 2211 3.99933081 0.00399933081 3.13172805
706 2211 3.99938985 0.00399938985 3.13172805
706 2211 3.99945876 0.00399945876 3.13172805
706 2207 4.00197783 0.00400197783 3.12606232
706 2207 4.00202389 0.00400202389 3.12606232
706 2207 4.00186249 0.00400186249 3.12606232
706 2207 4.00205236 0.00400205236 3.12606232
706 2207 4.00226978 0.00400226978 3.12606232
705 2203 3.98849893 0.00398849893 3.1248227
705 2203 3.98850287 0.00398850287 3.1248227
705 2203 3.98846213 0.00398846213 3.1248227
705 2203 3.98847354 0.00398847354 3.1248227
705 2203 3.98852248 0.00398852248 3.1248227
705 2203 3.98857869 0.00398857869 3.1248227
705 2203 3.98825229 0.00398825229 3.1248227
705 2203 3.98846063 0.00398846063 3.1248227
705 2203 3.98826214 0.00398826214 3.1248227
705 2203 3.9884981 0.0039884981 3.1248227
704 2192 3.97219551 0.00397219551 3.11363636
704 2198 3.9761675 0.0039761675 3.12215909
704 2198 3.97606143 0.00397606143 3.12215909
704 2198 3.97615515 0.00397615515 3.12215909
704 2198 3.9761762 0.0039761762 3.12215909
704 2198 3.97600176 0.00397600176 3.12215909
704 2198 3.97597167 0.00397597167 3.12215909
704 2198 3.9760654 0.0039760654 3.12215909
704 2198 3.97586809 0.00397586809 3.12215909
704 2198 3.97612737 0.00397612737 3.12215909
703 2196 3.96047571 0.00396047571 3.12375533
703 2187 3.95979163 0.00395979163 3.11095306
703 2196 3.96020391 0.00396020391 3.12375533
703 2196 3.96028687 0.00396028687 3.12375533
703 2196 3.96044699 0.00396044699 3.12375533
703 2196 3.96053781 0.00396053781 3.12375533
703 2196 3.96016927 0.00396016927 3.12375533
703 2196 3.9604644 0.0039604644 3.12375533
703 2196 3.96039257 0.00396039257 3.12375533
703 2196 3.96003808 0.00396003808 3.12375533
702 2190 3.94572438 0.00394572438 3.11965812
702 2190 3.94568311 0.00394568311 3.11965812
702 2190 3.94596654 0.00394596654 3.11965812
702 2190 3.94574928 0.00394574928 3.11965812
702 2190 3.94560317 0.00394560317 3.11965812
702 2192 3.94540528 0.00394540528 3.12250712
702 2188 3.94701831 0.00394701831 3.11680912
702 2188 3.94680203 0.00394680203 3.11680912
702 2188 3.94701745 0.00394701745 3.11680912
702 2188 3.9471316 0.0039471316 3.11680912
701 2183 3.93640895 0.00393640895 3.11412268
701 2183 3.93617979 0.00393617979 3.11412268
701 2183 3.93650967 0.00393650967 3.11412268
701 2185 3.93637607 0.00393637607 3.11697575
701 2182 3.93191857 0.00393191857 3.11269615
701 2182 3.9320639 0.0039320639 3.11269615
701 2182 3.93193741 0.00393193741 3.11269615
701 2182 3.93207883 0.00393207883 3.11269615
701 2182 3.93210035 0.00393210035 3.11269615
701 2182 3.93195358 0.00393195358 3.11269615
700 2176 3.91812602 0.00391812602 3.10857143
700 2176 3.91783296 0.00391783296 3.10857143
700 2176 3.91806864 0.00391806864 3.10857143
700 2176 3.91821039 0.00391821039 3.10857143
700 2176 3.91799463 0.00391799463 3.10857143
700 2176 3.91792379 0.00391792379 3.10857143
700 2176 3.9179662 0.0039179662 3.10857143
700 2169 3.91107833 0.00391107833 3.09857143
700 2169 3.91111105 0.00391111105 3.09857143
700 2169 3.91101806 0.00391101806 3.09857143
699 2165 3.91081519 0.00391081519 3.09728183
699 2165 3.91077854 0.00391077854 3.09728183
699 2165 3.91056039 0.00391056039 3.09728183
699 2165 3.91052828 0.00391052828 3.09728183
699 2165 3.91032843 0.00391032843 3.09728183
699 2165 3.91056378 0.00391056378 3.09728183
699 2165 3.9106347 0.0039106347 3.09728183
699 2171 3.91073809 0.00391073809 3.10586552
699 2171 3.91044487 0.00391044487 3.10586552
699 2166 3.91087171 0.00391087171 3.09871245
698 2160 3.89635522 0.00389635522 3.09455587
698 2160 3.89668989 0.00389668989 3.09455587
698 2162 3.89510201 0.00389510201 3.0974212
698 2161 3.89347954 0.00389347954 3.09598854
698 2161 3.89345123 0.00389345123 3.09598854
698 2159 3.90403192 0.00390403192 3.09312321
698 2159 3.90384352 0.00390384352 3.09312321
698 2159 3.90379909 0.00390379909 3.09312321
698 2159 3.90402458 0.00390402458 3.09312321
698 2168 3.90409416 0.00390409416 3.10601719
697 2164 3.89494623 0.00389494623 3.10473458
697 2165 3.90189945 0.00390189945 3.1061693
697 2165 3.90876035 0.00390876035 3.1061693
697 2163 3.90322747 0.00390322747 3.10329986
697 2163 3.90289717 0.00390289717 3.10329986
697 2163 3.90323014 0.00390323014 3.10329986
697 2164 3.90951871 0.00390951871 3.10473458
697 2164 3.90953043 0.00390953043 3.10473458
697 2164 3.90959418 0.00390959418 3.10473458
697 2164 3.90950862 0.00390950862 3.10473458
696 2157 3.89983934 0.00389983934 3.09913793
696 2157 3.89987498 0.00389987498 3.09913793
696 2157 3.89967803 0.00389967803 3.09913793
696 2157 3.89972974 0.00389972974 3.09913793
696 2157 3.89352227 0.00389352227 3.09913793
695 2146 3.8813078 0.0038813078 3.08776978
695 2147 3.88623754 0.00388623754 3.08920863
695 2147 3.88637108 0.00388637108 3.08920863
695 2147 3.88622859 0.00388622859 3.08920863
695 2147 3.88596559 0.00388596559 3.08920863
694 2139 3.87236694 0.00387236694 3.08213256
694 2141 3.87258321 0.00387258321 3.08501441
694 2142 3.87572821 0.00387572821 3.08645533
694 2142 3.87573296 0.00387573296 3.08645533
694 2142 3.87576559 0.00387576559 3.08645533
694 2141 3.86884686 0.00386884686 3.08501441
694 2141 3.86899666 0.00386899666 3.08501441
694 2141 3.86886226 0.00386886226 3.08501441
694 2141 3.86890035 0.00386890035 3.08501441
694 2141 3.86884685 0.00386884685 3.08501441
693 2132 3.8546868 0.0038546868 3.07647908
693 2137 3.86684331 0.00386684331 3.08369408
693 2137 3.86726258 0.00386726258 3.08369408
693 2134 3.85853198 0.00385853198 3.07936508
693 2136 3.85670474 0.00385670474 3.08225108
693 2133 3.85498108 0.00385498108 3.07792208
693 2136 3.84413567 0.00384413567 3.08225108
693 2134 3.84628454 0.00384628454 3.07936508
693 2131 3.85679142 0.00385679142 3.07503608
693 2135 3.84800576 0.00384800576 3.08080808
692 2131 3.83458784 0.00383458784 3.07947977
692 2128 3.84611732 0.00384611732 3.07514451
692 2128 3.84613983 0.00384613983 3.07514451
692 2127 3.84406244 0.00384406244 3.07369942
692 2128 3.84130353 0.00384130353 3.07514451
692 2126 3.83745291 0.00383745291 3.07225434
692 2124 3.83734469 0.00383734469 3.06936416
692 2123 3.82986652 0.00382986652 3.06791908
692 2123 3.82065943 0.00382065943 3.06791908
691 2119 3.81809803 0.00381809803 3.06657019
690 2113 3.80528448 0.00380528448 3.06231884
690 2113 3.8095392 0.0038095392 3.06231884
690 2112 3.80702077 0.00380702077 3.06086957
690 2114 3.80871963 0.00380871963 3.06376812
690 2113 3.81006301 0.00381006301 3.06231884
690 2117 3.80601876 0.00380601876 3.06811594
690 2116 3.80619326 0.00380619326 3.06666667
690 2119 3.81024231 0.00381024231 3.07101449
690 2119 3.81022286 0.00381022286 3.07101449
690 2119 3.81028948 0.00381028948 3.07101449
689 2113 3.79733508 0.00379733508 3.06676343
689 2112 3.79745099 0.00379745099 3.06531205
689 2113 3.80898584 0.00380898584 3.06676343
689 2113 3.80902194 0.00380902194 3.06676343
689 2113 3.80923438 0.00380923438 3.06676343
689 2110 3.8040449 0.0038040449 3.06240929
689 2111 3.81266019 0.00381266019 3.06386067
689 2109 3.80642556 0.00380642556 3.06095791
688 2102 3.7975338 0.0037975338 3.05523256
688 2101 3.80622181 0.00380622181 3.05377907
687 2097 3.7938602 0.0037938602 3.05240175
687 2096 3.79221962 0.00379221962 3.05094614
686 2090 3.78116695 0.00378116695 3.04664723
685 2085 3.76920006 0.00376920006 3.04379562
685 2085 3.76930871 0.00376930871 3.04379562
685 2084 3.75752178 0.00375752178 3.04233577
685 2083 3.7455771 0.0037455771 3.04087591
685 2084 3.7455237 0.0037455237 3.04233577
685 2086 3.76769078 0.00376769078 3.04525547
685 2091 3.7762252 0.0037762252 3.05255474
684 2087 3.77619126 0.00377619126 3.05116959
683 2081 3.77443965 0.00377443965 3.04685212
683 2080 3.76465952 0.00376465952 3.04538799
683 2074 3.76763648 0.00376763648 3.03660322
683 2068 3.76761577 0.00376761577 3.02781845
683 2065 3.76707517 0.00376707517 3.02342606
683 2065 3.76700512 0.00376700512 3.02342606
683 2068 3.76393383 0.00376393383 3.02781845
683 2070 3.76281692 0.00376281692 3.03074671
683 2070 3.76273404 0.00376273404 3.03074671
682 2066 3.76179978 0.00376179978 3.02932551
681 2060 3.75858634 0.00375858634 3.02496329
681 2060 3.75861842 0.00375861842 3.02496329
681 2057 3.75320496 0.00375320496 3.020558
681 2058 3.75608272 0.00375608272 3.02202643
680 2053 3.74900173 0.00374900173 3.01911765
680 2053 3.74416142 0.00374416142 3.01911765
680 2047 3.75005733 0.00375005733 3.01029412
680 2047 3.75018847 0.00375018847 3.01029412
679 2041 3.7379821 0.0037379821 3.00589102
678 2034 3.72710001 0.00372710001 3
678 2038 3.72481849 0.00372481849 3.00589971
678 2038 3.72732018 0.00372732018 3.00589971
678 2040 3.74136804 0.00374136804 3.00884956
678 2040 3.75724205 0.00375724205 3.00884956
678 2040 3.74756174 0.00374756174 3.00884956
677 2037 3.73729674 0.00373729674 3.00886263
677 2046 3.72881362 0.00372881362 3.02215657
676 2036 3.72025444 0.00372025444 3.01183432
676 2030 3.71505872 0.00371505872 3.00295858
675 2018 3.71397429 0.00371397429 2.98962963
675 2018 3.71299077 0.00371299077 2.98962963
675 2022 3.70851423 0.00370851423 2.99555556
675 2018 3.70900305 0.00370900305 2.98962963
675 2018 3.71332073 0.00371332073 2.98962963
674 2014 3.71168937 0.00371168937 2.98813056
674 2015 3.71629489 0.00371629489 2.98961424
673 2007 3.71464453 0.00371464453 2.98216939
673 2007 3.71972161 0.00371972161 2.98216939
672 2002 3.71839137 0.00371839137 2.97916667
671 1999 3.71628616 0.00371628616 2.97913562
670 1990 3.70516495 0.00370516495 2.97014925
670 1989 3.70159053 0.00370159053 2.96865672
670 1988 3.69185772 0.00369185772 2.96716418
669 1983 3.6908897 0.0036908897 2.96412556
668 1979 3.68132011 0.00368132011 2.96257485
668 1980 3.68345383 0.00368345383 2.96407186
667 1973 3.6738242 0.0036738242 2.95802099
667 1972 3.66387181 0.00366387181 2.95652174
667 1973 3.65877194 0.00365877194 2.95802099
666 1965 3.65512292 0.00365512292 2.95045045
666 1965 3.64675302 0.00364675302 2.95045045
665 1958 3.63537667 0.00363537667 2.9443609
665 1963 3.63286586 0.00363286586 2.9518797
664 1955 3.62867445 0.00362867445 2.94427711
664 1957 3.62112824 0.00362112824 2.94728916
664 1955 3.6210574 0.0036210574 2.94427711
664 1961 3.62437606 0.00362437606 2.95331325
663 1955 3.62055814 0.00362055814 2.94871795
663 1958 3.61235557 0.00361235557 2.95324284
662 1953 3.61213892 0.00361213892 2.95015106
662 1957 3.6079041 0.0036079041 2.95619335
662 1952 3.60399301 0.00360399301 2.94864048
662 1959 3.6143628 0.0036143628 2.9592145
662 1962 3.62068255 0.00362068255 2.96374622
662 1959 3.62118624 0.00362118624 2.9592145
662 1962 3.62349639 0.00362349639 2.96374622
662 1959 3.63046463 0.00363046463 2.9592145
661 1950 3.62565282 0.00362565282 2.95007564
661 1950 3.62574814 0.00362574814 2.95007564
660 1948 3.61540199 0.00361540199 2.95151515
659 1941 3.6053805 0.0036053805 2.94537178
659 1939 3.60094599 0.00360094599 2.94233687
659 1934 3.59291645 0.00359291645 2.93474962
659 1931 3.59374908 0.00359374908 2.93019727
659 1931 3.60056069 0.00360056069 2.93019727
659 1930 3.60202598 0.00360202598 2.92867982
659 1925 3.59520405 0.00359520405 2.92109256
659 1925 3.58649235 0.00358649235 2.92109256
658 1923 3.58382868 0.00358382868 2.9224924
657 1921 3.58349129 0.00358349129 2.9238965
657 1919 3.58652713 0.00358652713 2.92085236
656 1913 3.57588578 0.00357588578 2.91615854
656 1914 3.57436509 0.00357436509 2.91768293
655 1910 3.56554145 0.00356554145 2.91603053
655 1917 3.56260266 0.00356260266 2.92671756
655 1918 3.56726945 0.00356726945 2.92824427
655 1920 3.56423654 0.00356423654 2.93129771
655 1917 3.55565523 0.00355565523 2.92671756
655 1918 3.55209166 0.00355209166 2.92824427
654 1911 3.54499675 0.00354499675 2.92201835
653 1906 3.53572857 0.00353572857 2.91883614
652 1901 3.5311754 0.0035311754 2.91564417
652 1897 3.52520919 0.00352520919 2.9095092
652 1899 3.53255445 0.00353255445 2.91257669
652 1897 3.52895395 0.00352895395 2.9095092
651 1890 3.52280898 0.00352280898 2.90322581
651 1889 3.5254999 0.0035254999 2.90168971
650 1885 3.52244421 0.00352244421 2.9
650 1882 3.51248383 0.00351248383 2.89538462
649 1875 3.50955585 0.00350955585 2.88906009
648 1871 3.50158018 0.00350158018 2.88734568
648 1874 3.49768263 0.00349768263 2.89197531
648 1873 3.50062106 0.00350062106 2.8904321
648 1875 3.49187099 0.00349187099 2.89351852
648 1882 3.48491781 0.00348491781 2.90432099
648 1876 3.48943173 0.00348943173 2.89506173
648 1875 3.49750196 0.00349750196 2.89351852
647 1869 3.49272004 0.00349272004 2.88871716
647 1873 3.492583 0.003492583 2.89489954
646 1865 3.48552972 0.00348552972 2.8869969
645 1858 3.48550858 0.00348550858 2.88062016
644 1855 3.48515348 0.00348515348 2.88043478
644 1855 3.48145316 0.00348145316 2.88043478
644 1853 3.48007656 0.00348007656 2.87732919
643 1847 3.47119728 0.00347119728 2.87247278
642 1843 3.46964704 0.00346964704 2.87071651
642 1842 3.46543911 0.00346543911 2.86915888
642 1838 3.45694305 0.00345694305 2.86292835
641 1835 3.45691643 0.00345691643 2.86271451
640 1830 3.45628861 0.00345628861 2.859375
640 1831 3.44974904 0.00344974904 2.8609375
639 1826 3.4497126 0.0034497126 2.85758998
639 1825 3.44500959 0.00344500959 2.85602504
638 1821 3.44449847 0.00344449847 2.85423197
638 1824 3.45170732 0.00345170732 2.85893417
638 1824 3.44547733 0.00344547733 2.85893417
638 1824 3.43698423 0.00343698423 2.85893417
638 1821 3.44078811 0.00344078811 2.85423197
638 1821 3.44919426 0.00344919426 2.85423197
637 1815 3.44095209 0.00344095209 2.84929356
637 1812 3.45853477 0.00345853477 2.84458399
637 1809 3.45477249 0.00345477249 2.83987441
637 1810 3.45848753 0.00345848753 2.84144427
637 1807 3.46081906 0.00346081906 2.83673469
637 1812 3.45534226 0.00345534226 2.84458399
636 1806 3.45530752 0.00345530752 2.83962264
635 1803 3.45072965 0.00345072965 2.83937008
634 1799 3.4502807 0.0034502807 2.83753943
633 1793 3.44080624 0.00344080624 2.83254344
632 1792 3.43596159 0.00343596159 2.83544304
631 1787 3.42599984 0.00342599984 2.83201268
631 1783 3.41637593 0.00341637593 2.82567353
631 1786 3.41764185 0.00341764185 2.83042789
630 1776 3.41190935 0.00341190935 2.81904762
630 1776 3.41182827 0.00341182827 2.81904762
630 1779 3.42213728 0.00342213728 2.82380952
630 1779 3.42203916 0.00342203916 2.82380952
630 1777 3.42372789 0.00342372789 2.82063492
630 1777 3.42376791 0.00342376791 2.82063492
629 1772 3.41341195 0.00341341195 2.81717011
629 1775 3.41412105 0.00341412105 2.82193959
629 1777 3.41039135 0.00341039135 2.82511924
629 1777 3.41034379 0.00341034379 2.82511924
629 1775 3.40723693 0.00340723693 2.82193959
629 1775 3.40721026 0.00340721026 2.82193959
628 1770 3.40491335 0.00340491335 2.81847134
627 1768 3.40140027 0.00340140027 2.81977671
626 1766 3.39196769 0.00339196769 2.82108626
626 1766 3.39188972 0.00339188972 2.82108626
625 1764 3.38734786 0.00338734786 2.8224
624 1758 3.37901876 0.00337901876 2.81730769
624 1758 3.37895002 0.00337895002 2.81730769
624 1758 3.37894799 0.00337894799 2.81730769
624 1758 3.37889764 0.00337889764 2.81730769
623 1753 3.36863744 0.00336863744 2.81380417
623 1753 3.36851538 0.00336851538 2.81380417
622 1751 3.359527 0.003359527 2.81511254
621 1748 3.35286693 0.00335286693 2.81481481
621 1748 3.35288385 0.00335288385 2.81481481
620 1746 3.34569467 0.00334569467 2.81612903
620 1746 3.3457732 0.0033457732 2.81612903
620 1746 3.34575775 0.00334575775 2.81612903
620 1746 3.34568913 0.00334568913 2.81612903
620 1746 3.34561813 0.00334561813 2.81612903
620 1746 3.34571473 0.00334571473 2.81612903
620 1746 3.34572208 0.00334572208 2.81612903
620 1746 3.34569323 0.00334569323 2.81612903
620 1746 3.34561349 0.00334561349 2.81612903
620 1745 3.34058691 0.00334058691 2.81451613
619 1740 3.3302965 0.0033302965 2.81098546
619 1736 3.33057795 0.00333057795 2.80452342
619 1736 3.33039417 0.00333039417 2.80452342
619 1741 3.33623702 0.00333623702 2.81260097
619 1741 3.33628202 0.00333628202 2.81260097
619 1741 3.33627857 0.00333627857 2.81260097
619 1741 3.33618729 0.00333618729 2.81260097
619 1741 3.33623049 0.00333623049 2.81260097
619 1741 3.33629224 0.00333629224 2.81260097
619 1741 3.33627709 0.00333627709 2.81260097
618 1737 3.33113333 0.00333113333 2.81067961
618 1737 3.33107778 0.00333107778 2.81067961
618 1737 3.33102985 0.00333102985 2.81067961
618 1737 3.33102747 0.00333102747 2.81067961
618 1737 3.33118985 0.00333118985 2.81067961
617 1731 3.33039409 0.00333039409 2.80551053
617 1731 3.33040406 0.00333040406 2.80551053
617 1738 3.32557923 0.00332557923 2.81685575
617 1738 3.32562474 0.00332562474 2.81685575
617 1738 3.32556844 0.00332556844 2.81685575
616 1731 3.31527167 0.00331527167 2.81006494
616 1731 3.31545122 0.00331545122 2.81006494
616 1729 3.31600282 0.00331600282 2.80681818
616 1725 3.32603757 0.00332603757 2.80032468
616 1725 3.32593839 0.00332593839 2.80032468
616 1727 3.33073871 0.00333073871 2.80357143
616 1724 3.32527957 0.00332527957 2.7987013
616 1724 3.32525236 0.00332525236 2.7987013
616 1724 3.32531016 0.00332531016 2.7987013
616 1724 3.32524813 0.00332524813 2.7987013
615 1720 3.31463983 0.00331463983 2.79674797
615 1722 3.31559798 0.00331559798 2.8
615 1719 3.31113726 0.00331113726 2.79512195
615 1719 3.31113104 0.00331113104 2.79512195
615 1719 3.31101482 0.00331101482 2.79512195
615 1719 3.31102174 0.00331102174 2.79512195
614 1716 3.30639367 0.00330639367 2.79478827
614 1716 3.30633944 0.00330633944 2.79478827
613 1712 3.29727816 0.00329727816 2.79282219
613 1712 3.29723161 0.00329723161 2.79282219
612 1707 3.28704981 0.00328704981 2.78921569
612 1710 3.28990578 0.00328990578 2.79411765
612 1710 3.28983909 0.00328983909 2.79411765
612 1710 3.28982249 0.00328982249 2.79411765
612 1706 3.29921763 0.00329921763 2.7875817
611 1703 3.2898039 0.0032898039 2.78723404
611 1703 3.28969616 0.00328969616 2.78723404
611 1703 3.28963621 0.00328963621 2.78723404
611 1703 3.28973681 0.00328973681 2.78723404
611 1703 3.28969983 0.00328969983 2.78723404
610 1701 3.27965194 0.00327965194 2.78852459
610 1701 3.27949284 0.00327949284 2.78852459
610 1701 3.27956087 0.00327956087 2.78852459
610 1701 3.2794712 0.0032794712 2.78852459
610 1701 3.2795179 0.0032795179 2.78852459
610 1699 3.27976184 0.00327976184 2.7852459
610 1699 3.2897386 0.0032897386 2.7852459
610 1707 3.28097443 0.00328097443 2.79836066
610 1707 3.28095058 0.00328095058 2.79836066
610 1707 3.28089635 0.00328089635 2.79836066
609 1705 3.27089123 0.00327089123 2.79967159
609 1705 3.27072031 0.00327072031 2.79967159
609 1700 3.27177211 0.00327177211 2.79146141
609 1694 3.28022089 0.00328022089 2.7816092
609 1694 3.28030857 0.00328030857 2.7816092
609 1694 3.28357811 0.00328357811 2.7816092
609 1694 3.283545 0.003283545 2.7816092
609 1694 3.2835055 0.0032835055 2.7816092
609 1694 3.28365238 0.00328365238 2.7816092
609 1694 3.28360563 0.00328360563 2.7816092
608 1690 3.27675062 0.00327675062 2.77960526
607 1687 3.26777074 0.00326777074 2.77924217
607 1684 3.27193042 0.00327193042 2.77429984
607 1683 3.26483738 0.00326483738 2.77265239
607 1683 3.26482196 0.00326482196 2.77265239
607 1691 3.25559545 0.00325559545 2.78583196
607 1691 3.25562727 0.00325562727 2.78583196
607 1694 3.25283245 0.00325283245 2.7907743
607 1688 3.25622355 0.00325622355 2.78088962
607 1688 3.25624331 0.00325624331 2.78088962
606 1681 3.25281222 0.00325281222 2.77392739
606 1681 3.25280274 0.00325280274 2.77392739
606 1681 3.25287857 0.00325287857 2.77392739
606 1680 3.26175732 0.00326175732 2.77227723
606 1680 3.26178414 0.00326178414 2.77227723
606 1680 3.26186936 0.00326186936 2.77227723
606 1680 3.26180511 0.00326180511 2.77227723
606 1680 3.26179947 0.00326179947 2.77227723
606 1680 3.26178232 0.00326178232 2.77227723
606 1680 3.2617597 0.0032617597 2.77227723
605 1676 3.25165378 0.00325165378 2.77024793
605 1674 3.2519916 0.0032519916 2.76694215
604 1670 3.24776445 0.00324776445 2.76490066
603 1666 3.23923698 0.00323923698 2.7628524
603 1666 3.23918025 0.00323918025 2.7628524
603 1673 3.24310419 0.00324310419 2.77446103
603 1671 3.23481969 0.00323481969 2.77114428
603 1671 3.23206815 0.00323206815 2.77114428
603 1671 3.23206312 0.00323206312 2.77114428
602 1666 3.23126757 0.00323126757 2.76744186
601 1658 3.22727531 0.00322727531 2.75873544
600 1653 3.22612234 0.00322612234 2.755
600 1653 3.22618438 0.00322618438 2.755
600 1653 3.22609885 0.00322609885 2.755
600 1653 3.22606183 0.00322606183 2.755
600 1653 3.22608214 0.00322608214 2.755
600 1652 3.23826207 0.00323826207 2.75333333
600 1652 3.23823384 0.00323823384 2.75333333
600 1652 3.23826056 0.00323826056 2.75333333
600 1652 3.23815876 0.00323815876 2.75333333
599 1647 3.22845346 0.00322845346 2.74958264
599 1647 3.22852699 0.00322852699 2.74958264
599 1649 3.22851092 0.00322851092 2.75292154
599 1646 3.23751774 0.00323751774 2.74791319
599 1646 3.23753254 0.00323753254 2.74791319
599 1646 3.23764062 0.00323764062 2.74791319
599 1646 3.23749869 0.00323749869 2.74791319
599 1646 3.23752004 0.00323752004 2.74791319
598 1644 3.23717428 0.00323717428 2.74916388
598 1644 3.23719784 0.00323719784 2.74916388
597 1639 3.22660959 0.00322660959 2.74539363
597 1639 3.22655945 0.00322655945 2.74539363
597 1639 3.22757076 0.00322757076 2.74539363
597 1639 3.22744347 0.00322744347 2.74539363
597 1639 3.22756098 0.00322756098 2.74539363
597 1639 3.22750909 0.00322750909 2.74539363
597 1639 3.22746411 0.00322746411 2.74539363
597 1639 3.22744656 0.00322744656 2.74539363
597 1639 3.22746337 0.00322746337 2.74539363
597 1639 3.22751027 0.00322751027 2.74539363
596 1636 3.21768897 0.00321768897 2.74496644
596 1636 3.21767408 0.00321767408 2.74496644
596 1636 3.21761322 0.00321761322 2.74496644
596 1636 3.21766652 0.00321766652 2.74496644
596 1636 3.21754646 0.00321754646 2.74496644
596 1636 3.21768255 0.00321768255 2.74496644
596 1636 3.21762589 0.00321762589 2.74496644
596 1636 3.2176727 0.0032176727 2.74496644
596 1636 3.21757193 0.00321757193 2.74496644
596 1636 3.21765177 0.00321765177 2.74496644
595 1629 3.20659552 0.00320659552 2.73781513
595 1634 3.2074061 0.0032074061 2.74621849
595 1634 3.20745842 0.00320745842 2.74621849
595 1634 3.20734915 0.00320734915 2.74621849
595 1634 3.20738465 0.00320738465 2.74621849
595 1634 3.20740882 0.00320740882 2.74621849
595 1634 3.20741257 0.00320741257 2.74621849
595 1634 3.20742807 0.00320742807 2.74621849
595 1634 3.20748755 0.00320748755 2.74621849
595 1634 3.20746199 0.00320746199 2.74621849
594 1632 3.1959601 0.0031959601 2.74747475
594 1627 3.19734458 0.00319734458 2.73905724
594 1627 3.19725982 0.00319725982 2.73905724
594 1627 3.19746232 0.00319746232 2.73905724
594 1627 3.19742305 0.00319742305 2.73905724
594 1627 3.19736665 0.00319736665 2.73905724
594 1625 3.19732843 0.00319732843 2.73569024
594 1625 3.19734438 0.00319734438 2.73569024
594 1625 3.19737976 0.00319737976 2.73569024
594 1625 3.19731563 0.00319731563 2.73569024
593 1618 3.1869647 0.0031869647 2.72849916
593 1620 3.18733505 0.00318733505 2.73187184
593 1620 3.18722038 0.00318722038 2.73187184
593 1621 3.18781333 0.00318781333 2.73355818
593 1621 3.18785187 0.00318785187 2.73355818
593 1621 3.18773402 0.00318773402 2.73355818
593 1621 3.18774028 0.00318774028 2.73355818
593 1629 3.19324855 0.00319324855 2.7470489
593 1629 3.19319647 0.00319319647 2.7470489
593 1629 3.19310093 0.00319310093 2.7470489
592 1622 3.19158348 0.00319158348 2.73986486
592 1622 3.19159484 0.00319159484 2.73986486
592 1622 3.19155977 0.00319155977 2.73986486
592 1622 3.1916534 0.0031916534 2.73986486
592 1622 3.19153318 0.00319153318 2.73986486
592 1622 3.1916305 0.0031916305 2.73986486
592 1622 3.19151514 0.00319151514 2.73986486
592 1622 3.19160503 0.00319160503 2.73986486
592 1622 3.19153693 0.00319153693 2.73986486
592 1622 3.19161318 0.00319161318 2.73986486
591 1618 3.18181773 0.00318181773 2.73773266
591 1616 3.1848359 0.0031848359 2.73434856
591 1616 3.18499428 0.00318499428 2.73434856
591 1616 3.1849261 0.0031849261 2.73434856
591 1616 3.1848941 0.0031848941 2.73434856
591 1614 3.18503111 0.00318503111 2.73096447
591 1614 3.18498099 0.00318498099 2.73096447
591 1616 3.18490593 0.00318490593 2.73434856
591 1616 3.1849187 0.0031849187 2.73434856
591 1616 3.18486278 0.00318486278 2.73434856
590 1612 3.17461 0.00317461 2.73220339
590 1612 3.17533846 0.00317533846 2.73220339
590 1612 3.17533483 0.00317533483 2.73220339
590 1612 3.1753203 0.0031753203 2.73220339
590 1612 3.17519785 0.00317519785 2.73220339
590 1612 3.17535427 0.00317535427 2.73220339
590 1610 3.18502447 0.00318502447 2.72881356
590 1610 3.18496104 0.00318496104 2.72881356
590 1607 3.18457873 0.00318457873 2.72372881
590 1607 3.18453309 0.00318453309 2.72372881
589 1604 3.17415322 0.00317415322 2.72325976
588 1600 3.16918851 0.00316918851 2.72108844
588 1600 3.16901152 0.00316901152 2.72108844
588 1602 3.15962947 0.00315962947 2.7244898
588 1602 3.15963466 0.00315963466 2.7244898
588 1600 3.16914719 0.00316914719 2.72108844
588 1604 3.16100771 0.00316100771 2.72789116
588 1604 3.16091115 0.00316091115 2.72789116
588 1604 3.16104442 0.00316104442 2.72789116
588 1604 3.16106775 0.00316106775 2.72789116
587 1602 3.15181667 0.00315181667 2.72913118
587 1595 3.16108988 0.00316108988 2.71720613
587 1595 3.16096644 0.00316096644 2.71720613
587 1595 3.16102655 0.00316102655 2.71720613
587 1595 3.16109714 0.00316109714 2.71720613
587 1595 3.16098024 0.00316098024 2.71720613
587 1595 3.16103082 0.00316103082 2.71720613
587 1595 3.16104471 0.00316104471 2.71720613
586 1593 3.15183233 0.00315183233 2.71843003
586 1593 3.15175706 0.00315175706 2.71843003
585 1586 3.14176426 0.00314176426 2.71111111
585 1586 3.14181247 0.00314181247 2.71111111
585 1588 3.14190546 0.00314190546 2.71452991
585 1589 3.14917531 0.00314917531 2.71623932
585 1589 3.14928563 0.00314928563 2.71623932
585 1589 3.14915442 0.00314915442 2.71623932
585 1589 3.15979966 0.00315979966 2.71623932
585 1589 3.15976576 0.00315976576 2.71623932
585 1589 3.15973261 0.00315973261 2.71623932
585 1589 3.15989435 0.00315989435 2.71623932
584 1585 3.14956062 0.00314956062 2.7140411
584 1583 3.14937637 0.00314937637 2.71061644
584 1587 3.14988915 0.00314988915 2.71746575
584 1587 3.1500013 0.0031500013 2.71746575
584 1587 3.1499364 0.0031499364 2.71746575
584 1587 3.14985727 0.00314985727 2.71746575
584 1587 3.14991618 0.00314991618 2.71746575
584 1584 3.15021997 0.00315021997 2.71232877
584 1584 3.15011621 0.00315011621 2.71232877
584 1584 3.15018933 0.00315018933 2.71232877
583 1581 3.1398571 0.0031398571 2.71183533
583 1582 3.14023708 0.00314023708 2.7135506
583 1582 3.14016622 0.00314016622 2.7135506
583 1577 3.14020709 0.00314020709 2.70497427
583 1577 3.14016718 0.00314016718 2.70497427
583 1581 3.1406961 0.0031406961 2.71183533
583 1581 3.14077953 0.00314077953 2.71183533
583 1581 3.14065395 0.00314065395 2.71183533
583 1581 3.14009163 0.00314009163 2.71183533
583 1581 3.14004207 0.00314004207 2.71183533
582 1575 3.12978873 0.00312978873 2.70618557
582 1575 3.12985361 0.00312985361 2.70618557
582 1579 3.13008073 0.00313008073 2.71305842
582 1579 3.13007606 0.00313007606 2.71305842
582 1579 3.13011128 0.00313011128 2.71305842
582 1579 3.13001536 0.00313001536 2.71305842
582 1579 3.13008217 0.00313008217 2.71305842
582 1576 3.132247 0.003132247 2.70790378
582 1576 3.13215445 0.00313215445 2.70790378
582 1576 3.13214273 0.00313214273 2.70790378
581 1569 3.12270352 0.00312270352 2.70051635
581 1569 3.12273281 0.00312273281 2.70051635
581 1569 3.12270907 0.00312270907 2.70051635
581 1569 3.12265086 0.00312265086 2.70051635
581 1569 3.12261632 0.00312261632 2.70051635
581 1569 3.12269536 0.00312269536 2.70051635
581 1569 3.12266973 0.00312266973 2.70051635
581 1569 3.12271186 0.00312271186 2.70051635
581 1569 3.12272814 0.00312272814 2.70051635
581 1569 3.12276672 0.00312276672 2.70051635
580 1567 3.11210305 0.00311210305 2.70172414
580 1567 3.1121873 0.0031121873 2.70172414
580 1567 3.11186189 0.00311186189 2.70172414
580 1567 3.11292962 0.00311292962 2.70172414
580 1567 3.11290587 0.00311290587 2.70172414
580 1567 3.11281386 0.00311281386 2.70172414
580 1567 3.11292796 0.00311292796 2.70172414
580 1567 3.11288245 0.00311288245 2.70172414
580 1567 3.11288667 0.00311288667 2.70172414
580 1567 3.11286232 0.00311286232 2.70172414
579 1562 3.10207355 0.00310207355 2.69775475
579 1562 3.10199079 0.00310199079 2.69775475
579 1563 3.10303048 0.00310303048 2.69948187
579 1563 3.10297348 0.00310297348 2.69948187
579 1563 3.10307745 0.00310307745 2.69948187
579 1561 3.10305365 0.00310305365 2.69602763
579 1561 3.10298552 0.00310298552 2.69602763
579 1561 3.10304695 0.00310304695 2.69602763
579 1559 3.10293035 0.00310293035 2.6925734
579 1559 3.10297709 0.00310297709 2.6925734
578 1556 3.09222997 0.00309222997 2.69204152
578 1554 3.09256149 0.00309256149 2.68858131
578 1554 3.09262405 0.00309262405 2.68858131
578 1554 3.09259516 0.00309259516 2.68858131
578 1554 3.0925285 0.0030925285 2.68858131
578 1554 3.09258938 0.00309258938 2.68858131
578 1554 3.09247697 0.00309247697 2.68858131
578 1554 3.09262314 0.00309262314 2.68858131
578 1554 3.0924811 0.0030924811 2.68858131
578 1554 3.09261621 0.00309261621 2.68858131
577 1552 3.08147125 0.00308147125 2.6897747
577 1551 3.08223726 0.00308223726 2.68804159
577 1551 3.0822555 0.0030822555 2.68804159
577 1549 3.08896092 0.00308896092 2.68457539
577 1549 3.08895246 0.00308895246 2.68457539
577 1549 3.08899629 0.00308899629 2.68457539
576 1547 3.07987951 0.00307987951 2.68576389
576 1547 3.07987478 0.00307987478 2.68576389
576 1547 3.07981055 0.00307981055 2.68576389
576 1547 3.07985215 0.00307985215 2.68576389
575 1542 3.06957003 0.00306957003 2.68173913
575 1542 3.06961703 0.00306961703 2.68173913
575 1542 3.06962267 0.00306962267 2.68173913
575 1545 3.07055339 0.00307055339 2.68695652
575 1545 3.07055601 0.00307055601 2.68695652
575 1545 3.07051203 0.00307051203 2.68695652
575 1545 3.07047174 0.00307047174 2.68695652
575 1545 3.07053182 0.00307053182 2.68695652
575 1545 3.07043603 0.00307043603 2.68695652
575 1545 3.07051234 0.00307051234 2.68695652
574 1542 3.06001095 0.00306001095 2.68641115
574 1542 3.05989109 0.00305989109 2.68641115
574 1540 3.06016326 0.00306016326 2.68292683
574 1540 3.06000705 0.00306000705 2.68292683
574 1540 3.06011092 0.00306011092 2.68292683
574 1540 3.06003322 0.00306003322 2.68292683
574 1540 3.06018654 0.00306018654 2.68292683
574 1541 3.05992238 0.00305992238 2.68466899
574 1541 3.05993871 0.00305993871 2.68466899
574 1541 3.05993594 0.00305993594 2.68466899
573 1538 3.04987293 0.00304987293 2.68411867
573 1537 3.04956869 0.00304956869 2.68237347
573 1537 3.04958656 0.00304958656 2.68237347
573 1537 3.04964125 0.00304964125 2.68237347
573 1537 3.04949668 0.00304949668 2.68237347
573 1537 3.04963846 0.00304963846 2.68237347
573 1537 3.0494389 0.0030494389 2.68237347
573 1537 3.04950903 0.00304950903 2.68237347
573 1537 3.04957716 0.00304957716 2.68237347
573 1537 3.04953473 0.00304953473 2.68237347
572 1534 3.03895019 0.00303895019 2.68181818
572 1534 3.03886411 0.00303886411 2.68181818
572 1532 3.03932836 0.00303932836 2.67832168
572 1532 3.03932827 0.00303932827 2.67832168
572 1532 3.03921778 0.00303921778 2.67832168
572 1532 3.03934166 0.00303934166 2.67832168
572 1532 3.03926825 0.00303926825 2.67832168
572 1532 3.03919096 0.00303919096 2.67832168
572 1535 3.04326393 0.00304326393 2.68356643
572 1535 3.0431974 0.0030431974 2.68356643
571 1531 3.03333094 0.00303333094 2.68126095
571 1531 3.03350708 0.00303350708 2.68126095
571 1531 3.03331294 0.00303331294 2.68126095
571 1531 3.03329481 0.00303329481 2.68126095
571 1531 3.03331606 0.00303331606 2.68126095
571 1531 3.03332007 0.00303332007 2.68126095
571 1531 3.03337744 0.00303337744 2.68126095
571 1531 3.03338668 0.00303338668 2.68126095
571 1531 3.03327461 0.00303327461 2.68126095
571 1531 3.03328965 0.00303328965 2.68126095
570 1526 3.02211103 0.00302211103 2.67719298
570 1526 3.02283154 0.00302283154 2.67719298
570 1526 3.02275329 0.00302275329 2.67719298
570 1526 3.02285576 0.00302285576 2.67719298
570 1526 3.02277889 0.00302277889 2.67719298
570 1526 3.02275404 0.00302275404 2.67719298
570 1526 3.02274655 0.00302274655 2.67719298
570 1526 3.02275558 0.00302275558 2.67719298
570 1526 3.02308998 0.00302308998 2.67719298
570 1526 3.02311421 0.00302311421 2.67719298
569 1520 3.01180138 0.00301180138 2.67135325
569 1520 3.01197474 0.00301197474 2.67135325
569 1520 3.0118836 0.0030118836 2.67135325
569 1520 3.01196654 0.00301196654 2.67135325
569 1524 3.01271504 0.00301271504 2.67838313
569 1524 3.01270117 0.00301270117 2.67838313
569 1524 3.01267995 0.00301267995 2.67838313
569 1524 3.01269421 0.00301269421 2.67838313
569 1526 3.00868918 0.00300868918 2.68189807
569 1526 3.0086657 0.0030086657 2.68189807
568 1521 2.99791289 0.00299791289 2.6778169
568 1523 3.00262242 0.00300262242 2.68133803
568 1523 3.0025218 0.0030025218 2.68133803
568 1523 3.00278536 0.00300278536 2.68133803
568 1523 3.00254892 0.00300254892 2.68133803
568 1523 3.00256501 0.00300256501 2.68133803
568 1523 3.00256216 0.00300256216 2.68133803
568 1523 3.0026796 0.0030026796 2.68133803
568 1523 3.0103883 0.0030103883 2.68133803
568 1523 3.01035744 0.00301035744 2.68133803
567 1518 2.9996653 0.0029996653 2.67724868
567 1518 2.99962376 0.00299962376 2.67724868
567 1518 2.99976575 0.00299976575 2.67724868
567 1520 3.00000221 0.00300000221 2.68077601
567 1518 3.00033201 0.00300033201 2.67724868
567 1518 3.00028561 0.00300028561 2.67724868
567 1518 3.00026659 0.00300026659 2.67724868
567 1518 3.00032523 0.00300032523 2.67724868
567 1518 3.00030458 0.00300030458 2.67724868
567 1518 3.00025991 0.00300025991 2.67724868
566 1516 2.98934272 0.00298934272 2.67844523
566 1516 2.98926381 0.00298926381 2.67844523
566 1515 2.98848125 0.00298848125 2.67667845
566 1515 2.98850683 0.00298850683 2.67667845
566 1512 2.98419207 0.00298419207 2.67137809
566 1511 2.98444781 0.00298444781 2.66961131
566 1511 2.98620372 0.00298620372 2.66961131
566 1511 2.98621365 0.00298621365 2.66961131
566 1511 2.98705804 0.00298705804 2.66961131
566 1511 2.98697023 0.00298697023 2.66961131
565 1509 2.9768449 0.0029768449 2.67079646
565 1509 2.97680788 0.00297680788 2.67079646
565 1509 2.97686316 0.00297686316 2.67079646
565 1509 2.97675781 0.00297675781 2.67079646
565 1509 2.97671471 0.00297671471 2.67079646
565 1509 2.97686696 0.00297686696 2.67079646
565 1509 2.9768499 0.0029768499 2.67079646
565 1509 2.97676604 0.00297676604 2.67079646
565 1509 2.9767833 0.0029767833 2.67079646
565 1509 2.97689784 0.00297689784 2.67079646
564 1503 2.96628261 0.00296628261 2.66489362
564 1503 2.96633364 0.00296633364 2.66489362
564 1503 2.96631661 0.00296631661 2.66489362
564 1506 2.9725335 0.0029725335 2.67021277
564 1506 2.97243823 0.00297243823 2.67021277
564 1506 2.9724192 0.0029724192 2.67021277
564 1506 2.97243745 0.00297243745 2.67021277
564 1506 2.97242797 0.00297242797 2.67021277
564 1506 2.97242771 0.00297242771 2.67021277
564 1506 2.97249222 0.00297249222 2.67021277
563 1501 2.9615172 0.0029615172 2.6660746
563 1502 2.96203634 0.00296203634 2.6678508
563 1501 2.96879776 0.00296879776 2.6660746
563 1500 2.9734724 0.0029734724 2.6642984
563 1500 2.97339115 0.00297339115 2.6642984
563 1500 2.97336358 0.00297336358 2.6642984
563 1500 2.97336026 0.00297336026 2.6642984
563 1500 2.97342132 0.00297342132 2.6642984
563 1500 2.97344807 0.00297344807 2.6642984
563 1500 2.97336534 0.00297336534 2.6642984
562 1495 2.962614 0.002962614 2.66014235
562 1495 2.96378886 0.00296378886 2.66014235
562 1496 2.96292257 0.00296292257 2.66192171
562 1495 2.96379015 0.00296379015 2.66014235
562 1495 2.96392809 0.00296392809 2.66014235
562 1495 2.96379652 0.00296379652 2.66014235
562 1498 2.96355854 0.00296355854 2.66548043
562 1498 2.96361366 0.00296361366 2.66548043
562 1498 2.96346054 0.00296346054 2.66548043
562 1498 2.96354462 0.00296354462 2.66548043
561 1495 2.95308801 0.00295308801 2.66488414
561 1495 2.95317549 0.00295317549 2.66488414
561 1495 2.9531896 0.0029531896 2.66488414
561 1495 2.95313647 0.00295313647 2.66488414
561 1495 2.95315 0.00295315 2.66488414
561 1495 2.95383493 0.00295383493 2.66488414
561 1495 2.95381944 0.00295381944 2.66488414
561 1495 2.95381998 0.00295381998 2.66488414
561 1495 2.95379382 0.00295379382 2.66488414
561 1495 2.95374595 0.00295374595 2.66488414
560 1492 2.94340024 0.00294340024 2.66428571
560 1489 2.9431621 0.0029431621 2.65892857
560 1489 2.94309925 0.00294309925 2.65892857
560 1489 2.94314259 0.00294314259 2.65892857
560 1489 2.94316216 0.00294316216 2.65892857
560 1489 2.94315251 0.00294315251 2.65892857
560 1489 2.94319382 0.00294319382 2.65892857
560 1489 2.9431039 0.0029431039 2.65892857
560 1489 2.94311468 0.00294311468 2.65892857
560 1489 2.9430914 0.0029430914 2.65892857
559 1484 2.93258048 0.00293258048 2.65474061
559 1484 2.93259548 0.00293259548 2.65474061
559 1484 2.93255563 0.00293255563 2.65474061
559 1484 2.93252097 0.00293252097 2.65474061
559 1484 2.93257737 0.00293257737 2.65474061
559 1485 2.9335342 0.0029335342 2.65652952
559 1487 2.93259518 0.00293259518 2.66010733
559 1486 2.94092382 0.00294092382 2.65831843
559 1486 2.94101677 0.00294101677 2.65831843
559 1486 2.94105424 0.00294105424 2.65831843
558 1480 2.92959161 0.00292959161 2.65232975
558 1481 2.93216267 0.00293216267 2.65412186
558 1481 2.93224656 0.00293224656 2.65412186
558 1481 2.93219736 0.00293219736 2.65412186
558 1481 2.9322299 0.0029322299 2.65412186
558 1481 2.93227743 0.00293227743 2.65412186
558 1481 2.93221693 0.00293221693 2.65412186
558 1481 2.93222604 0.00293222604 2.65412186
558 1481 2.93218521 0.00293218521 2.65412186
558 1481 2.93223077 0.00293223077 2.65412186
557 1478 2.92240249 0.00292240249 2.6535009
557 1478 2.92238027 0.00292238027 2.6535009
557 1478 2.92230613 0.00292230613 2.6535009
557 1478 2.92239421 0.00292239421 2.6535009
557 1478 2.92235987 0.00292235987 2.6535009
557 1478 2.92236849 0.00292236849 2.6535009
557 1478 2.92236336 0.00292236336 2.6535009
557 1478 2.92237923 0.00292237923 2.6535009
557 1478 2.9223894 0.0029223894 2.6535009
557 1478 2.92230118 0.00292230118 2.6535009
556 1472 2.91158833 0.00291158833 2.64748201
556 1473 2.91223037 0.00291223037 2.64928058
556 1473 2.91229069 0.00291229069 2.64928058
556 1474 2.91239398 0.00291239398 2.65107914
556 1474 2.91230137 0.00291230137 2.65107914
556 1474 2.91238488 0.00291238488 2.65107914
555 1470 2.90453668 0.00290453668 2.64864865
555 1470 2.90452 0.00290452 2.64864865
555 1470 2.9045696 0.0029045696 2.64864865
555 1470 2.90452836 0.00290452836 2.64864865
554 1466 2.89449174 0.00289449174 2.64620939
554 1466 2.89447231 0.00289447231 2.64620939
554 1466 2.89441889 0.00289441889 2.64620939
554 1466 2.89428116 0.00289428116 2.64620939
554 1466 2.89425843 0.00289425843 2.64620939
554 1466 2.89453207 0.00289453207 2.64620939
554 1466 2.89452663 0.00289452663 2.64620939
554 1466 2.89443174 0.00289443174 2.64620939
554 1466 2.89443042 0.00289443042 2.64620939
554 1466 2.89446767 0.00289446767 2.64620939
553 1461 2.88383815 0.00288383815 2.64195298
553 1460 2.88424476 0.00288424476 2.64014467
553 1462 2.88406549 0.00288406549 2.6437613
553 1462 2.88402845 0.00288402845 2.6437613
553 1462 2.88394392 0.00288394392 2.6437613
553 1462 2.88407514 0.00288407514 2.6437613
553 1462 2.88394521 0.00288394521 2.6437613
553 1462 2.8840678 0.0028840678 2.6437613
553 1461 2.88413158 0.00288413158 2.64195298
553 1461 2.88410784 0.00288410784 2.64195298
552 1458 2.87367403 0.00287367403 2.64130435
552 1458 2.87369091 0.00287369091 2.64130435
552 1458 2.87365258 0.00287365258 2.64130435
552 1455 2.87407259 0.00287407259 2.63586957
552 1455 2.87411831 0.00287411831 2.63586957
552 1455 2.87413744 0.00287413744 2.63586957
552 1455 2.8740554 0.0028740554 2.63586957
552 1455 2.87407421 0.00287407421 2.63586957
552 1455 2.8739744 0.0028739744 2.63586957
552 1455 2.87403265 0.00287403265 2.63586957
551 1452 2.86295646 0.00286295646 2.63520871
551 1450 2.86325043 0.00286325043 2.63157895
551 1451 2.86321697 0.00286321697 2.63339383
551 1451 2.86913604 0.00286913604 2.63339383
551 1451 2.86909962 0.00286909962 2.63339383
551 1451 2.86915834 0.00286915834 2.63339383
551 1451 2.86918813 0.00286918813 2.63339383
551 1451 2.87118616 0.00287118616 2.63339383
550 1446 2.88828098 0.00288828098 2.62909091
550 1446 2.88823219 0.00288823219 2.62909091
549 1443 2.87852056 0.00287852056 2.6284153
549 1441 2.87915141 0.00287915141 2.62477231
549 1437 2.87665655 0.00287665655 2.61748634
549 1437 2.87665885 0.00287665885 2.61748634
549 1437 2.8766524 0.0028766524 2.61748634
549 1435 2.87478103 0.00287478103 2.61384335
549 1435 2.87505772 0.00287505772 2.61384335
549 1433 2.87580386 0.00287580386 2.61020036
549 1438 2.87415731 0.00287415731 2.61930783
549 1433 2.87569623 0.00287569623 2.61020036
548 1431 2.87244737 0.00287244737 2.61131387
548 1428 2.87769635 0.00287769635 2.60583942
548 1426 2.8793482 0.0028793482 2.60218978
547 1419 2.87548685 0.00287548685 2.59414991
547 1418 2.87470468 0.00287470468 2.59232176
547 1420 2.87761625 0.00287761625 2.59597806
547 1419 2.8776483 0.0028776483 2.59414991
547 1417 2.87155892 0.00287155892 2.5904936
547 1419 2.87070654 0.00287070654 2.59414991
547 1414 2.86533066 0.00286533066 2.58500914
546 1413 2.86536183 0.00286536183 2.58791209
545 1411 2.85748179 0.00285748179 2.58899083
544 1406 2.84945876 0.00284945876 2.58455882
544 1407 2.84997853 0.00284997853 2.58639706
544 1408 2.8428279 0.0028428279 2.58823529
544 1411 2.83911392 0.00283911392 2.59375
544 1411 2.84838023 0.00284838023 2.59375
544 1413 2.84234651 0.00284234651 2.59742647
543 1406 2.84107415 0.00284107415 2.5893186
543 1408 2.8380779 0.0028380779 2.59300184
542 1400 2.83806162 0.00283806162 2.58302583
542 1400 2.83807536 0.00283807536 2.58302583
541 1395 2.83268815 0.00283268815 2.57855823
541 1395 2.83169943 0.00283169943 2.57855823
541 1396 2.82382268 0.00282382268 2.58040665
540 1391 2.81499355 0.00281499355 2.57592593
540 1394 2.81892861 0.00281892861 2.58148148
539 1391 2.81027039 0.00281027039 2.58070501
538 1385 2.80958582 0.00280958582 2.57434944
538 1380 2.81350528 0.00281350528 2.56505576
537 1377 2.80644024 0.00280644024 2.56424581
537 1376 2.80024502 0.00280024502 2.56238361
537 1380 2.79671238 0.00279671238 2.5698324
536 1376 2.78845324 0.00278845324 2.56716418
536 1379 2.78164244 0.00278164244 2.57276119
536 1382 2.77336043 0.00277336043 2.57835821
536 1383 2.77117888 0.00277117888 2.58022388
536 1384 2.77117558 0.00277117558 2.58208955
536 1384 2.77891902 0.00277891902 2.58208955
536 1381 2.77991968 0.00277991968 2.57649254
535 1377 2.7799239 0.0027799239 2.57383178
535 1377 2.78099929 0.00278099929 2.57383178
534 1371 2.78040003 0.00278040003 2.56741573
533 1365 2.7722766 0.0027722766 2.56097561
533 1367 2.77259168 0.00277259168 2.56472795
533 1367 2.77258201 0.00277258201 2.56472795
533 1368 2.77649182 0.00277649182 2.56660413
532 1362 2.76880404 0.00276880404 2.56015038
531 1358 2.76594655 0.00276594655 2.55743879
530 1351 2.76319174 0.00276319174 2.5490566
529 1346 2.76302466 0.00276302466 2.54442344
529 1346 2.76483753 0.00276483753 2.54442344
529 1348 2.76121416 0.00276121416 2.54820416
528 1344 2.7551552 0.0027551552 2.54545455
528 1345 2.76282858 0.00276282858 2.54734848
528 1345 2.7628894 0.0027628894 2.54734848
528 1343 2.76154751 0.00276154751 2.54356061
527 1338 2.75305362 0.00275305362 2.53889943
527 1338 2.75303623 0.00275303623 2.53889943
527 1341 2.74535786 0.00274535786 2.54459203
526 1335 2.74535188 0.00274535188 2.53802281
526 1339 2.74430305 0.00274430305 2.54562738
526 1336 2.75242755 0.00275242755 2.53992395
526 1336 2.75243919 0.00275243919 2.53992395
526 1337 2.75459224 0.00275459224 2.5418251
526 1337 2.75459543 0.00275459543 2.5418251
526 1338 2.75033058 0.00275033058 2.54372624
526 1338 2.75036728 0.00275036728 2.54372624
526 1340 2.74909776 0.00274909776 2.54752852
526 1340 2.74906544 0.00274906544 2.54752852
525 1334 2.74117113 0.00274117113 2.54095238
524 1328 2.73376464 0.00273376464 2.53435115
524 1326 2.74164544 0.00274164544 2.53053435
524 1326 2.74166356 0.00274166356 2.53053435
524 1325 2.73691217 0.00273691217 2.52862595
524 1325 2.7368984 0.0027368984 2.52862595
524 1325 2.73395292 0.00273395292 2.52862595
523 1322 2.73399695 0.00273399695 2.52772467
523 1320 2.73300067 0.00273300067 2.52390057
523 1319 2.7272764 0.0027272764 2.52198853
522 1317 2.72009716 0.00272009716 2.52298851
522 1317 2.72005942 0.00272005942 2.52298851
521 1313 2.72005887 0.00272005887 2.52015355
521 1313 2.72007238 0.00272007238 2.52015355
520 1311 2.71503742 0.00271503742 2.52115385
519 1305 2.70859633 0.00270859633 2.51445087
519 1305 2.70855076 0.00270855076 2.51445087
519 1305 2.70855624 0.00270855624 2.51445087
519 1305 2.70855863 0.00270855863 2.51445087
519 1305 2.70852815 0.00270852815 2.51445087
518 1302 2.6992098 0.0026992098 2.51351351
518 1300 2.70063413 0.00270063413 2.50965251
518 1300 2.70069385 0.00270069385 2.50965251
518 1300 2.70069681 0.00270069681 2.50965251
518 1299 2.7006521 0.0027006521 2.50772201
518 1299 2.70059757 0.00270059757 2.50772201
518 1299 2.70069149 0.00270069149 2.50772201
518 1299 2.70064107 0.00270064107 2.50772201
518 1299 2.70068976 0.00270068976 2.50772201
518 1299 2.70057466 0.00270057466 2.50772201
517 1296 2.69149036 0.00269149036 2.50676983
517 1295 2.69239118 0.00269239118 2.50483559
517 1296 2.69120683 0.00269120683 2.50676983
517 1296 2.69120631 0.00269120631 2.50676983
517 1298 2.70173545 0.00270173545 2.5106383
517 1298 2.70169831 0.00270169831 2.5106383
517 1298 2.70172685 0.00270172685 2.5106383
516 1294 2.70176297 0.00270176297 2.50775194
516 1294 2.70172317 0.00270172317 2.50775194
514 1286 2.697299 0.002697299 2.50194553
513 1283 2.68874169 0.00268874169 2.50097466
513 1283 2.68867267 0.00268867267 2.50097466
513 1281 2.68966695 0.00268966695 2.49707602
513 1281 2.68962195 0.00268962195 2.49707602
513 1281 2.68959996 0.00268959996 2.49707602
513 1281 2.6896781 0.0026896781 2.49707602
513 1281 2.68969469 0.00268969469 2.49707602
513 1281 2.68961988 0.00268961988 2.49707602
513 1281 2.68965178 0.00268965178 2.49707602
513 1281 2.68969817 0.00268969817 2.49707602
512 1278 2.68024511 0.00268024511 2.49609375
512 1278 2.68023873 0.00268023873 2.49609375
512 1278 2.68026937 0.00268026937 2.49609375
512 1276 2.68088108 0.00268088108 2.4921875
512 1276 2.68086876 0.00268086876 2.4921875
512 1277 2.68525796 0.00268525796 2.49414062
512 1277 2.68525947 0.00268525947 2.49414062
512 1277 2.68521653 0.00268521653 2.49414062
512 1277 2.68521827 0.00268521827 2.49414062
512 1277 2.68518149 0.00268518149 2.49414062
511 1274 2.67609611 0.00267609611 2.49315068
511 1274 2.6761363 0.0026761363 2.49315068
511 1274 2.67602924 0.00267602924 2.49315068
511 1274 2.67605277 0.00267605277 2.49315068
511 1272 2.6765635 0.0026765635 2.48923679
511 1272 2.67660481 0.00267660481 2.48923679
511 1272 2.67650298 0.00267650298 2.48923679
511 1275 2.67704293 0.00267704293 2.49510763
511 1275 2.67701362 0.00267701362 2.49510763
511 1275 2.67702967 0.00267702967 2.49510763
510 1272 2.66792717 0.00266792717 2.49411765
510 1273 2.66852451 0.00266852451 2.49607843
510 1273 2.66849434 0.00266849434 2.49607843
510 1273 2.66851325 0.00266851325 2.49607843
510 1273 2.66841304 0.00266841304 2.49607843
510 1273 2.66847912 0.00266847912 2.49607843
510 1273 2.66844814 0.00266844814 2.49607843
510 1273 2.66849909 0.00266849909 2.49607843
510 1273 2.66845325 0.00266845325 2.49607843
510 1273 2.66847465 0.00266847465 2.49607843
509 1268 2.6583982 0.0026583982 2.49115914
509 1270 2.66044102 0.00266044102 2.49508841
509 1270 2.66041905 0.00266041905 2.49508841
509 1270 2.66033441 0.00266033441 2.49508841
509 1270 2.66046965 0.00266046965 2.49508841
509 1270 2.66035005 0.00266035005 2.49508841
509 1267 2.660248 0.002660248 2.4891945
509 1270 2.66041051 0.00266041051 2.49508841
509 1270 2.66041716 0.00266041716 2.49508841
509 1270 2.66032933 0.00266032933 2.49508841
508 1264 2.65058813 0.00265058813 2.48818898
508 1265 2.65202356 0.00265202356 2.49015748
508 1265 2.65201942 0.00265201942 2.49015748
508 1265 2.65204619 0.00265204619 2.49015748
508 1265 2.65197839 0.00265197839 2.49015748
508 1265 2.65201955 0.00265201955 2.49015748
508 1265 2.65197558 0.00265197558 2.49015748
508 1265 2.6520293 0.0026520293 2.49015748
508 1265 2.65196098 0.00265196098 2.49015748
508 1265 2.65212324 0.00265212324 2.49015748
507 1259 2.64188758 0.00264188758 2.48323471
507 1262 2.64271643 0.00264271643 2.48915187
507 1262 2.64270985 0.00264270985 2.48915187
507 1262 2.64277309 0.00264277309 2.48915187
507 1262 2.64268021 0.00264268021 2.48915187
507 1262 2.64284383 0.00264284383 2.48915187
507 1262 2.6426908 0.0026426908 2.48915187
507 1262 2.6427427 0.0026427427 2.48915187
507 1262 2.64271492 0.00264271492 2.48915187
507 1262 2.64264181 0.00264264181 2.48915187
506 1257 2.6331564 0.0026331564 2.48418972
506 1257 2.63321259 0.00263321259 2.48418972
506 1257 2.63306281 0.00263306281 2.48418972
506 1257 2.63308537 0.00263308537 2.48418972
506 1257 2.63313643 0.00263313643 2.48418972
506 1257 2.63295897 0.00263295897 2.48418972
506 1257 2.63291549 0.00263291549 2.48418972
506 1257 2.63291816 0.00263291816 2.48418972
506 1257 2.63286196 0.00263286196 2.48418972
506 1257 2.63287459 0.00263287459 2.48418972
505 1254 2.6230235 0.0026230235 2.48316832
505 1254 2.62295219 0.00262295219 2.48316832
505 1254 2.62286726 0.00262286726 2.48316832
505 1254 2.62294311 0.00262294311 2.48316832
505 1254 2.62292393 0.00262292393 2.48316832
505 1254 2.62291272 0.00262291272 2.48316832
505 1254 2.62282903 0.00262282903 2.48316832
505 1254 2.62289219 0.00262289219 2.48316832
505 1254 2.62423661 0.00262423661 2.48316832
505 1254 2.62425489 0.00262425489 2.48316832
504 1251 2.61551317 0.00261551317 2.48214286
504 1251 2.61544286 0.00261544286 2.48214286
504 1251 2.615447 0.002615447 2.48214286
504 1251 2.61551736 0.00261551736 2.48214286
504 1251 2.61543636 0.00261543636 2.48214286
504 1251 2.61547168 0.00261547168 2.48214286
504 1253 2.62182044 0.00262182044 2.48611111
504 1253 2.62174254 0.00262174254 2.48611111
504 1253 2.62172547 0.00262172547 2.48611111
504 1253 2.62178435 0.00262178435 2.48611111
503 1251 2.61192996 0.00261192996 2.48707753
503 1248 2.61414512 0.00261414512 2.48111332
503 1248 2.61309288 0.00261309288 2.48111332
503 1245 2.61364507 0.00261364507 2.47514911
503 1245 2.61361631 0.00261361631 2.47514911
503 1245 2.61350258 0.00261350258 2.47514911
503 1245 2.61350516 0.00261350516 2.47514911
503 1245 2.61351438 0.00261351438 2.47514911
503 1245 2.61355861 0.00261355861 2.47514911
503 1245 2.61367249 0.00261367249 2.47514911
502 1240 2.60297724 0.00260297724 2.47011952
502 1242 2.60401562 0.00260401562 2.47410359
502 1242 2.60402683 0.00260402683 2.47410359
502 1242 2.60405994 0.00260405994 2.47410359
502 1242 2.60400343 0.00260400343 2.47410359
502 1242 2.6040624 0.0026040624 2.47410359
502 1242 2.60399126 0.00260399126 2.47410359
502 1239 2.60403955 0.00260403955 2.46812749
502 1239 2.6039113 0.0026039113 2.46812749
502 1239 2.60391264 0.00260391264 2.46812749
501 1234 2.59310124 0.00259310124 2.46307385
501 1236 2.59416993 0.00259416993 2.46706587
501 1236 2.59416 0.00259416 2.46706587
501 1236 2.59413972 0.00259413972 2.46706587
501 1236 2.59476409 0.00259476409 2.46706587
501 1236 2.59460705 0.00259460705 2.46706587
501 1236 2.59513035 0.00259513035 2.46706587
501 1236 2.59527171 0.00259527171 2.46706587
501 1236 2.59519399 0.00259519399 2.46706587
501 1236 2.595103 0.002595103 2.46706587
500 1232 2.58375412 0.00258375412 2.464
500 1231 2.58434603 0.00258434603 2.462
500 1233 2.58591569 0.00258591569 2.466
500 1233 2.58591278 0.00258591278 2.466
500 1233 2.58593481 0.00258593481 2.466
500 1233 2.58583741 0.00258583741 2.466
500 1233 2.58588514 0.00258588514 2.466
500 1233 2.5857934 0.0025857934 2.466
500 1233 2.58578559 0.00258578559 2.466
500 1233 2.58578465 0.00258578465 2.466
499 1228 2.57483691 0.00257483691 2.46092184
498 1226 2.57041991 0.00257041991 2.46184739
498 1228 2.57012237 0.00257012237 2.46586345
498 1232 2.56911673 0.00256911673 2.47389558
498 1228 2.57235679 0.00257235679 2.46586345
498 1228 2.57221941 0.00257221941 2.46586345
498 1227 2.57700491 0.00257700491 2.46385542
498 1227 2.57692695 0.00257692695 2.46385542
498 1229 2.58671743 0.00258671743 2.46787149
498 1229 2.58659256 0.00258659256 2.46787149
497 1226 2.57674218 0.00257674218 2.4668008
497 1226 2.57664257 0.00257664257 2.4668008
497 1226 2.57650956 0.00257650956 2.4668008
497 1228 2.57702381 0.00257702381 2.47082495
497 1228 2.57695002 0.00257695002 2.47082495
497 1226 2.58455424 0.00258455424 2.4668008
497 1226 2.5845072 0.0025845072 2.4668008
497 1226 2.58441869 0.00258441869 2.4668008
497 1226 2.584423 0.002584423 2.4668008
497 1226 2.58445523 0.00258445523 2.4668008
496 1223 2.57427511 0.00257427511 2.46572581
496 1224 2.5758106 0.0025758106 2.46774194
496 1224 2.57580652 0.00257580652 2.46774194
496 1222 2.58438165 0.00258438165 2.46370968
496 1222 2.58440296 0.00258440296 2.46370968
496 1222 2.58446653 0.00258446653 2.46370968
496 1222 2.58429207 0.00258429207 2.46370968
496 1222 2.58430455 0.00258430455 2.46370968
496 1222 2.58431089 0.00258431089 2.46370968
496 1222 2.58424685 0.00258424685 2.46370968
495 1219 2.57471708 0.00257471708 2.46262626
495 1219 2.57465844 0.00257465844 2.46262626
495 1219 2.57463287 0.00257463287 2.46262626
495 1219 2.57454728 0.00257454728 2.46262626
495 1221 2.57477851 0.00257477851 2.46666667
495 1220 2.5757975 0.0025757975 2.46464646
495 1220 2.57574907 0.00257574907 2.46464646
495 1220 2.57576907 0.00257576907 2.46464646
495 1220 2.57584112 0.00257584112 2.46464646
495 1220 2.57573475 0.00257573475 2.46464646
494 1217 2.56648478 0.00256648478 2.46356275
494 1214 2.56716084 0.00256716084 2.45748988
494 1214 2.56713732 0.00256713732 2.45748988
494 1214 2.56716186 0.00256716186 2.45748988
494 1214 2.56707233 0.00256707233 2.45748988
494 1214 2.56707314 0.00256707314 2.45748988
494 1214 2.56707621 0.00256707621 2.45748988
494 1214 2.56709915 0.00256709915 2.45748988
494 1214 2.56709596 0.00256709596 2.45748988
494 1214 2.56706611 0.00256706611 2.45748988
493 1208 2.5570801 0.0025570801 2.45030426
493 1211 2.55767907 0.00255767907 2.45638945
493 1211 2.55766321 0.00255766321 2.45638945
493 1211 2.55765406 0.00255765406 2.45638945
493 1211 2.55770718 0.00255770718 2.45638945
493 1211 2.55773457 0.00255773457 2.45638945
493 1211 2.55739894 0.00255739894 2.45638945
493 1211 2.5573533 0.0025573533 2.45638945
493 1211 2.55733815 0.00255733815 2.45638945
493 1211 2.55744018 0.00255744018 2.45638945
492 1205 2.54762082 0.00254762082 2.44918699
492 1208 2.54790531 0.00254790531 2.45528455
492 1210 2.54816012 0.00254816012 2.45934959
492 1210 2.54813219 0.00254813219 2.45934959
492 1210 2.54847058 0.00254847058 2.45934959
492 1210 2.54833607 0.00254833607 2.45934959
492 1210 2.54839593 0.00254839593 2.45934959
492 1210 2.54843362 0.00254843362 2.45934959
492 1210 2.54841247 0.00254841247 2.45934959
492 1210 2.54838325 0.00254838325 2.45934959
491 1207 2.53802898 0.00253802898 2.45824847
491 1207 2.53884119 0.00253884119 2.45824847
491 1207 2.53883502 0.00253883502 2.45824847
491 1207 2.53877379 0.00253877379 2.45824847
491 1207 2.53878424 0.00253878424 2.45824847
490 1202 2.53075686 0.00253075686 2.45306122
490 1202 2.53065087 0.00253065087 2.45306122
490 1202 2.53068877 0.00253068877 2.45306122
490 1202 2.53064012 0.00253064012 2.45306122
490 1202 2.53059597 0.00253059597 2.45306122
489 1199 2.52068209 0.00252068209 2.45194274
489 1199 2.5206768 0.0025206768 2.45194274
489 1199 2.52066476 0.00252066476 2.45194274
489 1199 2.52093692 0.00252093692 2.45194274
489 1199 2.52091006 0.00252091006 2.45194274
489 1199 2.52093857 0.00252093857 2.45194274
489 1199 2.52071375 0.00252071375 2.45194274
489 1199 2.52068623 0.00252068623 2.45194274
489 1199 2.52073308 0.00252073308 2.45194274
489 1199 2.52068613 0.00252068613 2.45194274
488 1196 2.50929238 0.00250929238 2.45081967
488 1196 2.51252904 0.00251252904 2.45081967
488 1197 2.51686551 0.00251686551 2.45286885
488 1197 2.51678745 0.00251678745 2.45286885
488 1197 2.51688211 0.00251688211 2.45286885
488 1197 2.51693099 0.00251693099 2.45286885
488 1197 2.51683585 0.00251683585 2.45286885
488 1197 2.51688729 0.00251688729 2.45286885
488 1197 2.51710309 0.00251710309 2.45286885
488 1197 2.51703024 0.00251703024 2.45286885
487 1192 2.50659272 0.00250659272 2.4476386
487 1192 2.50661697 0.00250661697 2.4476386
487 1194 2.50763888 0.00250763888 2.45174538
487 1194 2.50799301 0.00250799301 2.45174538
487 1194 2.50797094 0.00250797094 2.45174538
487 1194 2.50789291 0.00250789291 2.45174538
487 1194 2.50785087 0.00250785087 2.45174538
487 1194 2.50782891 0.00250782891 2.45174538
487 1194 2.50782691 0.00250782691 2.45174538
487 1194 2.50775995 0.00250775995 2.45174538
486 1191 2.49826694 0.00249826694 2.45061728
486 1191 2.49816888 0.00249816888 2.45061728
486 1191 2.49806521 0.00249806521 2.45061728
486 1191 2.49801974 0.00249801974 2.45061728
486 1190 2.49532693 0.00249532693 2.44855967
486 1191 2.50443898 0.00250443898 2.45061728
486 1191 2.50437456 0.00250437456 2.45061728
486 1191 2.50440484 0.00250440484 2.45061728
486 1191 2.50432021 0.00250432021 2.45061728
486 1191 2.50429441 0.00250429441 2.45061728
485 1189 2.49364929 0.00249364929 2.45154639
485 1188 2.49486276 0.00249486276 2.44948454
485 1188 2.49473143 0.00249473143 2.44948454
485 1188 2.49462114 0.00249462114 2.44948454
485 1188 2.49444006 0.00249444006 2.44948454
485 1188 2.49413578 0.00249413578 2.44948454
485 1188 2.49373812 0.00249373812 2.44948454
485 1188 2.4935499 0.0024935499 2.44948454
485 1188 2.49302237 0.00249302237 2.44948454
485 1187 2.49667904 0.00249667904 2.44742268
484 1184 2.48649939 0.00248649939 2.44628099
484 1184 2.48651614 0.00248651614 2.44628099
484 1184 2.48771794 0.00248771794 2.44628099
484 1184 2.48690571 0.00248690571 2.44628099
484 1184 2.48590479 0.00248590479 2.44628099
484 1184 2.48431525 0.00248431525 2.44628099
484 1184 2.4813153 0.0024813153 2.44628099
484 1184 2.47624058 0.00247624058 2.44628099
484 1184 2.46681596 0.00246681596 2.44628099
484 1181 2.45542932 0.00245542932 2.44008264
483 1178 2.4319806 0.0024319806 2.4389234
483 1178 2.36049862 0.00236049862 2.4389234
483 1176 0 0 2.43478261
allocating memory...
allocating memory...
allocating memory...
allocating memory...
allocating memory...
allocating memory...
allocating memory...
allocating memory...
allocating memory...
walksat version 35
command line = test -solcnf -cutoff 100000000 -best -seed 1234567 -numsol 10 ./residualformula_seed3.cnf
seed = 1234567
cutoff = 100000000
tries = 10
heuristic = best, noise 50 / 100
tail starts after flip = 3000
numatom = 1000, numclause = 1176, numliterals = 2949
wff read in

    lowest     final       avg     noise     noise     total                 avg        mean        mean
    #unsat    #unsat     noise   std dev     ratio     flips              length       flips       flips
      this      this      this      this      this      this   success   success       until         std
       try       try       try       try       try       try      rate     tries      assign         dev

         0         0      3.64      2.32      1.57     90393       100     90393    90393.00
         0         0      3.68      2.15      1.71    116673       100    103533   103533.00    18582.77
         0         0      3.26      2.05      1.59     52343       100     86469    86469.67    32343.96
         0         0      2.32      1.87      1.24      8366       100     66943    66943.75    47143.05
         0         0      2.59      1.76      1.47    155869       100     84728    84728.80    56994.65
         0         0      2.91      1.89      1.54     80137       100     83963    83963.50    51012.02
         0         0      2.50      1.76      1.42    121377       100     89308    89308.29    48667.12
         0         0      2.97      1.82      1.64     90199       100     89419    89419.62    45058.10
         0         0      3.11      2.03      1.54    198887       100    101582   101582.67    55748.63
         0         0      2.75      1.93      1.43    119737       100    103398   103398.10    52872.91

total elapsed seconds = 0.000000
average flips per second = -9223372036854775808
number solutions found = 10
final success rate = 100.000000
average length successful tries = 103398
mean flips until assign = 103398.100000
  variance = 2795544416.100000
  standard deviation = 52872.908149
  standard error of mean = 16719.881627
mean seconds until assign = 0.000000
  variance = 0.000000
  standard deviation = 0.000000
  standard error of mean = 0.000000
mean restarts until assign = 1.000000
  variance = 0.000000
  standard deviation = 0.000000
  standard error of mean = 0.000000
final noise level statistics
    statistics over all runs:
      overall mean average noise level = 2.973292
      overall mean noise std deviation = 1.957762
      overall ratio mean noise to mean std dev = 1.518720
    statistics on successful runs:
      successful mean average noise level = 2.973292
      successful mean noise std deviation = 1.957762
      successful ratio mean noise to mean std dev = 1.518720
    statistics on nonsuccessful runs:
      nonsuccessful mean average noise level = 0.000000
      nonsuccessful mean noise std deviation = 0.000000
      nonsuccessful ratio mean noise to mean std dev = 0.000000
ASSIGNMENT FOUND
Check and white a solution
time of whitening    freezing probability
12	 	 	 	1
11	 	 	 	1
17	 	 	 	1
11	 	 	 	1
11	 	 	 	1
17	 	 	 	1
18	 	 	 	1
18	 	 	 	1
18	 	 	 	1
11	 	 	 	1
