START ALGORITHM:
I am going to build an instance with N: 1000 variables and 4200 clauses with a clause density equal to 4.2
START BSP WITH r=0.9:
Decimation scorer: gamma:0.01
END UNIT PROPAGATION
1000 4200 2.87550251 0.00287550251 4.2
1000 4200 2.87629403 0.00287629403 4.2
1000 4200 2.87535604 0.00287535604 4.2
1000 4200 2.87553024 0.00287553024 4.2
1000 4200 2.87572295 0.00287572295 4.2
1000 4200 2.87568974 0.00287568974 4.2
1000 4200 2.87558213 0.00287558213 4.2
1000 4200 2.87560527 0.00287560527 4.2
1000 4200 2.87564362 0.00287564362 4.2
999 4195 2.87426704 0.00287426704 4.1991992
999 4195 2.87425417 0.00287425417 4.1991992
999 4195 2.87425267 0.00287425267 4.1991992
999 4195 2.87425025 0.00287425025 4.1991992
999 4195 2.87424959 0.00287424959 4.1991992
999 4195 2.87424677 0.00287424677 4.1991992
999 4195 2.87424802 0.00287424802 4.1991992
999 4195 2.87424841 0.00287424841 4.1991992
999 4195 2.874246 0.002874246 4.1991992
999 4195 2.87424668 0.00287424668 4.1991992
998 4183 2.87155987 0.00287155987 4.19138277
998 4183 2.87155294 0.00287155294 4.19138277
998 4183 2.8715524 0.0028715524 4.19138277
998 4183 2.87154856 0.00287154856 4.19138277
998 4183 2.8715487 0.0028715487 4.19138277
998 4183 2.87154863 0.00287154863 4.19138277
998 4183 2.87155127 0.00287155127 4.19138277
998 4183 2.87155603 0.00287155603 4.19138277
998 4183 2.8715559 0.0028715559 4.19138277
998 4183 2.87155827 0.00287155827 4.19138277
997 4173 2.86727482 0.00286727482 4.18555667
997 4173 2.867267 0.002867267 4.18555667
997 4173 2.8672673 0.0028672673 4.18555667
997 4173 2.86727223 0.00286727223 4.18555667
997 4173 2.86727438 0.00286727438 4.18555667
997 4173 2.86728118 0.00286728118 4.18555667
997 4173 2.86728464 0.00286728464 4.18555667
997 4173 2.8672906 0.0028672906 4.18555667
997 4173 2.8672955 0.0028672955 4.18555667
997 4173 2.86729623 0.00286729623 4.18555667
996 4162 2.86217575 0.00286217575 4.17871486
996 4162 2.86219011 0.00286219011 4.17871486
996 4162 2.86217958 0.00286217958 4.17871486
996 4162 2.86220297 0.00286220297 4.17871486
996 4162 2.86220892 0.00286220892 4.17871486
996 4162 2.86221568 0.00286221568 4.17871486
996 4162 2.8622205 0.0028622205 4.17871486
996 4162 2.86221595 0.00286221595 4.17871486
996 4162 2.86220874 0.00286220874 4.17871486
996 4162 2.8622133 0.0028622133 4.17871486
995 4153 2.85690961 0.00285690961 4.17386935
995 4153 2.85686456 0.00285686456 4.17386935
995 4153 2.85684552 0.00285684552 4.17386935
995 4153 2.85686735 0.00285686735 4.17386935
995 4156 2.85698005 0.00285698005 4.17688442
995 4153 2.85684146 0.00285684146 4.17386935
995 4156 2.85700151 0.00285700151 4.17688442
995 4153 2.85684438 0.00285684438 4.17386935
995 4153 2.85684572 0.00285684572 4.17386935
995 4153 2.85684132 0.00285684132 4.17386935
994 4147 2.85175289 0.00285175289 4.17203219
994 4147 2.85173773 0.00285173773 4.17203219
994 4147 2.85177046 0.00285177046 4.17203219
994 4147 2.85174571 0.00285174571 4.17203219
994 4147 2.85173664 0.00285173664 4.17203219
994 4147 2.85174087 0.00285174087 4.17203219
994 4147 2.85173874 0.00285173874 4.17203219
994 4147 2.85173557 0.00285173557 4.17203219
994 4147 2.85173624 0.00285173624 4.17203219
994 4147 2.85173384 0.00285173384 4.17203219
993 4139 2.8459087 0.0028459087 4.16817724
993 4139 2.84594517 0.00284594517 4.16817724
993 4139 2.84594026 0.00284594026 4.16817724
993 4139 2.84594295 0.00284594295 4.16817724
993 4139 2.84594329 0.00284594329 4.16817724
993 4139 2.8459265 0.0028459265 4.16817724
993 4139 2.84590585 0.00284590585 4.16817724
993 4139 2.84588742 0.00284588742 4.16817724
993 4139 2.84588214 0.00284588214 4.16817724
993 4139 2.84587773 0.00284587773 4.16817724
992 4134 2.84068585 0.00284068585 4.16733871
992 4134 2.84073707 0.00284073707 4.16733871
992 4134 2.84071914 0.00284071914 4.16733871
992 4134 2.8407367 0.0028407367 4.16733871
992 4134 2.84074112 0.00284074112 4.16733871
992 4134 2.84072889 0.00284072889 4.16733871
992 4134 2.84072567 0.00284072567 4.16733871
992 4134 2.84073012 0.00284073012 4.16733871
992 4134 2.84072482 0.00284072482 4.16733871
992 4134 2.84072185 0.00284072185 4.16733871
991 4125 2.83477055 0.00283477055 4.16246216
991 4125 2.83478489 0.00283478489 4.16246216
991 4125 2.83478768 0.00283478768 4.16246216
991 4125 2.83479488 0.00283479488 4.16246216
991 4125 2.83478756 0.00283478756 4.16246216
991 4125 2.83478458 0.00283478458 4.16246216
991 4125 2.83478239 0.00283478239 4.16246216
991 4125 2.83478251 0.00283478251 4.16246216
991 4125 2.83478337 0.00283478337 4.16246216
991 4125 2.83478391 0.00283478391 4.16246216
990 4120 2.83192588 0.00283192588 4.16161616
990 4120 2.83193657 0.00283193657 4.16161616
990 4120 2.83193883 0.00283193883 4.16161616
990 4120 2.83191775 0.00283191775 4.16161616
990 4120 2.83191037 0.00283191037 4.16161616
990 4120 2.83192613 0.00283192613 4.16161616
990 4120 2.83192682 0.00283192682 4.16161616
990 4120 2.83193546 0.00283193546 4.16161616
990 4120 2.83194373 0.00283194373 4.16161616
990 4120 2.83193683 0.00283193683 4.16161616
989 4113 2.82567683 0.00282567683 4.15874621
989 4113 2.82570465 0.00282570465 4.15874621
989 4113 2.8257324 0.0028257324 4.15874621
989 4113 2.82569872 0.00282569872 4.15874621
989 4113 2.82566069 0.00282566069 4.15874621
989 4113 2.82564999 0.00282564999 4.15874621
989 4113 2.82565367 0.00282565367 4.15874621
989 4113 2.82565749 0.00282565749 4.15874621
989 4113 2.82565692 0.00282565692 4.15874621
989 4113 2.82565337 0.00282565337 4.15874621
988 4105 2.81858065 0.00281858065 4.1548583
988 4105 2.818533 0.002818533 4.1548583
988 4105 2.8184931 0.0028184931 4.1548583
988 4105 2.81851068 0.00281851068 4.1548583
988 4105 2.81853318 0.00281853318 4.1548583
988 4105 2.8185578 0.0028185578 4.1548583
988 4105 2.81856981 0.00281856981 4.1548583
988 4105 2.81856168 0.00281856168 4.1548583
988 4105 2.81854889 0.00281854889 4.1548583
988 4105 2.81854654 0.00281854654 4.1548583
987 4089 2.81124053 0.00281124053 4.14285714
987 4089 2.81125567 0.00281125567 4.14285714
987 4089 2.81129926 0.00281129926 4.14285714
987 4089 2.81131479 0.00281131479 4.14285714
987 4089 2.81133764 0.00281133764 4.14285714
987 4089 2.8113523 0.0028113523 4.14285714
987 4089 2.81137778 0.00281137778 4.14285714
987 4089 2.81138544 0.00281138544 4.14285714
987 4089 2.81138686 0.00281138686 4.14285714
987 4089 2.81138439 0.00281138439 4.14285714
986 4074 2.80370076 0.00280370076 4.13184584
986 4074 2.80365139 0.00280365139 4.13184584
986 4074 2.80362779 0.00280362779 4.13184584
986 4074 2.80360854 0.00280360854 4.13184584
986 4074 2.80359834 0.00280359834 4.13184584
986 4074 2.80359642 0.00280359642 4.13184584
986 4074 2.80358735 0.00280358735 4.13184584
986 4074 2.80358936 0.00280358936 4.13184584
986 4074 2.80358909 0.00280358909 4.13184584
986 4074 2.80358982 0.00280358982 4.13184584
985 4067 2.79586358 0.00279586358 4.12893401
985 4067 2.79858429 0.00279858429 4.12893401
985 4075 2.80354273 0.00280354273 4.13705584
985 4075 2.80350476 0.00280350476 4.13705584
985 4075 2.80353733 0.00280353733 4.13705584
985 4075 2.80353346 0.00280353346 4.13705584
985 4075 2.80354077 0.00280354077 4.13705584
985 4075 2.80356134 0.00280356134 4.13705584
985 4075 2.8035679 0.0028035679 4.13705584
985 4075 2.80356937 0.00280356937 4.13705584
984 4060 2.79595809 0.00279595809 4.12601626
984 4060 2.79591057 0.00279591057 4.12601626
984 4060 2.79589593 0.00279589593 4.12601626
984 4060 2.79584775 0.00279584775 4.12601626
984 4060 2.79582309 0.00279582309 4.12601626
984 4060 2.79583518 0.00279583518 4.12601626
984 4060 2.79586984 0.00279586984 4.12601626
984 4060 2.79589604 0.00279589604 4.12601626
984 4060 2.79590294 0.00279590294 4.12601626
984 4060 2.79590348 0.00279590348 4.12601626
983 4052 2.787641 0.002787641 4.12207528
983 4052 2.78766208 0.00278766208 4.12207528
983 4052 2.78769362 0.00278769362 4.12207528
983 4052 2.78764373 0.00278764373 4.12207528
983 4052 2.78765583 0.00278765583 4.12207528
983 4053 2.78773829 0.00278773829 4.12309257
983 4052 2.78768761 0.00278768761 4.12207528
983 4052 2.78765366 0.00278765366 4.12207528
983 4052 2.78766049 0.00278766049 4.12207528
983 4052 2.78766286 0.00278766286 4.12207528
982 4045 2.77960616 0.00277960616 4.1191446
982 4045 2.7795673 0.0027795673 4.1191446
982 4045 2.77959963 0.00277959963 4.1191446
982 4045 2.779656 0.002779656 4.1191446
982 4045 2.77971374 0.00277971374 4.1191446
982 4045 2.77971991 0.00277971991 4.1191446
982 4045 2.77971251 0.00277971251 4.1191446
982 4045 2.77970562 0.00277970562 4.1191446
982 4045 2.77970169 0.00277970169 4.1191446
982 4045 2.77969778 0.00277969778 4.1191446
981 4033 2.77076108 0.00277076108 4.11111111
981 4033 2.77066862 0.00277066862 4.11111111
981 4033 2.77067913 0.00277067913 4.11111111
981 4033 2.77071477 0.00277071477 4.11111111
981 4033 2.77072881 0.00277072881 4.11111111
981 4033 2.7707356 0.0027707356 4.11111111
981 4033 2.77073379 0.00277073379 4.11111111
981 4033 2.77072466 0.00277072466 4.11111111
981 4033 2.77072137 0.00277072137 4.11111111
981 4033 2.77072352 0.00277072352 4.11111111
980 4024 2.76180822 0.00276180822 4.10612245
980 4024 2.7617305 0.0027617305 4.10612245
980 4024 2.76172751 0.00276172751 4.10612245
980 4024 2.76177438 0.00276177438 4.10612245
980 4024 2.76175541 0.00276175541 4.10612245
980 4020 2.761588 0.002761588 4.10204082
980 4019 2.75829532 0.00275829532 4.10102041
980 4018 2.76197293 0.00276197293 4.1
980 4015 2.76150783 0.00276150783 4.09693878
980 4014 2.76433972 0.00276433972 4.09591837
979 4006 2.75611767 0.00275611767 4.09193054
979 4006 2.75609013 0.00275609013 4.09193054
979 4006 2.75613063 0.00275613063 4.09193054
979 4006 2.7561028 0.0027561028 4.09193054
979 4006 2.75610287 0.00275610287 4.09193054
979 4007 2.75616695 0.00275616695 4.09295199
979 4006 2.75614276 0.00275614276 4.09193054
979 4006 2.75610295 0.00275610295 4.09193054
979 4006 2.75610758 0.00275610758 4.09193054
979 4006 2.75610909 0.00275610909 4.09193054
978 3999 2.74805264 0.00274805264 4.08895706
978 3999 2.74801571 0.00274801571 4.08895706
978 3999 2.74804783 0.00274804783 4.08895706
978 3999 2.74809948 0.00274809948 4.08895706
978 3999 2.74815671 0.00274815671 4.08895706
978 3999 2.7481663 0.0027481663 4.08895706
978 3999 2.74816316 0.00274816316 4.08895706
978 3999 2.74815774 0.00274815774 4.08895706
978 3999 2.74815451 0.00274815451 4.08895706
978 3999 2.74815081 0.00274815081 4.08895706
977 3987 2.73922318 0.00273922318 4.08085977
977 3987 2.73912853 0.00273912853 4.08085977
977 3987 2.73913096 0.00273913096 4.08085977
977 3987 2.73916114 0.00273916114 4.08085977
977 3987 2.73917133 0.00273917133 4.08085977
977 3987 2.73917561 0.00273917561 4.08085977
977 3987 2.7391743 0.0027391743 4.08085977
977 3987 2.73916645 0.00273916645 4.08085977
977 3987 2.73916376 0.00273916376 4.08085977
977 3987 2.7391663 0.0027391663 4.08085977
976 3978 2.7307212 0.0027307212 4.07581967
976 3978 2.73064836 0.00273064836 4.07581967
976 3978 2.73065559 0.00273065559 4.07581967
976 3978 2.73068448 0.00273068448 4.07581967
976 3978 2.73064788 0.00273064788 4.07581967
976 3978 2.73065547 0.00273065547 4.07581967
976 3978 2.73066693 0.00273066693 4.07581967
976 3978 2.73065406 0.00273065406 4.07581967
976 3978 2.73066683 0.00273066683 4.07581967
976 3978 2.73065621 0.00273065621 4.07581967
975 3973 2.73066154 0.00273066154 4.07487179
975 3973 2.73067619 0.00273067619 4.07487179
975 3973 2.7306593 0.0027306593 4.07487179
975 3973 2.73065111 0.00273065111 4.07487179
975 3973 2.73060529 0.00273060529 4.07487179
975 3973 2.73055112 0.00273055112 4.07487179
975 3973 2.73052494 0.00273052494 4.07487179
975 3973 2.73052181 0.00273052181 4.07487179
975 3973 2.73049721 0.00273049721 4.07487179
975 3973 2.73049636 0.00273049636 4.07487179
974 3961 2.71974029 0.00271974029 4.06673511
974 3961 2.71973802 0.00271973802 4.06673511
974 3961 2.71986701 0.00271986701 4.06673511
974 3961 2.71998129 0.00271998129 4.06673511
974 3961 2.71992057 0.00271992057 4.06673511
974 3961 2.71988993 0.00271988993 4.06673511
974 3961 2.71985591 0.00271985591 4.06673511
974 3961 2.71986483 0.00271986483 4.06673511
974 3961 2.71992056 0.00271992056 4.06673511
974 3961 2.71991601 0.00271991601 4.06673511
973 3951 2.70979451 0.00270979451 4.0606372
973 3951 2.70984669 0.00270984669 4.0606372
973 3956 2.70889832 0.00270889832 4.06577595
973 3951 2.70813438 0.00270813438 4.0606372
973 3956 2.70896489 0.00270896489 4.06577595
973 3958 2.70864524 0.00270864524 4.06783145
973 3958 2.70868579 0.00270868579 4.06783145
973 3956 2.70886277 0.00270886277 4.06577595
973 3956 2.70883046 0.00270883046 4.06577595
973 3956 2.7088141 0.0027088141 4.06577595
972 3946 2.69798552 0.00269798552 4.05967078
972 3946 2.69812565 0.00269812565 4.05967078
972 3946 2.69869366 0.00269869366 4.05967078
972 3946 2.69868608 0.00269868608 4.05967078
972 3946 2.69819456 0.00269819456 4.05967078
972 3946 2.69811051 0.00269811051 4.05967078
972 3946 2.69822473 0.00269822473 4.05967078
972 3946 2.69814475 0.00269814475 4.05967078
972 3946 2.69815298 0.00269815298 4.05967078
972 3946 2.69813139 0.00269813139 4.05967078
971 3936 2.68819442 0.00268819442 4.05355304
971 3936 2.68806595 0.00268806595 4.05355304
971 3936 2.68810163 0.00268810163 4.05355304
971 3936 2.68816939 0.00268816939 4.05355304
971 3936 2.6882577 0.0026882577 4.05355304
971 3936 2.6882913 0.0026882913 4.05355304
971 3936 2.68827729 0.00268827729 4.05355304
971 3936 2.68828374 0.00268828374 4.05355304
971 3936 2.68826049 0.00268826049 4.05355304
971 3936 2.68825009 0.00268825009 4.05355304
970 3928 2.67725596 0.00267725596 4.04948454
970 3928 2.67721162 0.00267721162 4.04948454
970 3928 2.67722236 0.00267722236 4.04948454
970 3928 2.67727363 0.00267727363 4.04948454
970 3928 2.67731602 0.00267731602 4.04948454
970 3928 2.67733245 0.00267733245 4.04948454
970 3928 2.67734441 0.00267734441 4.04948454
970 3928 2.67736453 0.00267736453 4.04948454
970 3928 2.67737842 0.00267737842 4.04948454
970 3928 2.67738382 0.00267738382 4.04948454
969 3920 2.66743246 0.00266743246 4.04540764
969 3920 2.66714667 0.00266714667 4.04540764
969 3922 2.66624321 0.00266624321 4.04747162
969 3922 2.66617992 0.00266617992 4.04747162
969 3920 2.66721478 0.00266721478 4.04540764
969 3920 2.66730767 0.00266730767 4.04540764
969 3920 2.66719814 0.00266719814 4.04540764
969 3920 2.66718592 0.00266718592 4.04540764
969 3920 2.66709338 0.00266709338 4.04540764
969 3920 2.66729403 0.00266729403 4.04540764
968 3914 2.65621496 0.00265621496 4.04338843
968 3914 2.65632824 0.00265632824 4.04338843
968 3914 2.65789306 0.00265789306 4.04338843
968 3914 2.65632812 0.00265632812 4.04338843
968 3914 2.65635007 0.00265635007 4.04338843
968 3914 2.65788195 0.00265788195 4.04338843
968 3914 2.65794098 0.00265794098 4.04338843
968 3914 2.65779947 0.00265779947 4.04338843
968 3914 2.65770891 0.00265770891 4.04338843
968 3914 2.65761799 0.00265761799 4.04338843
967 3908 2.64681575 0.00264681575 4.04136505
967 3908 2.64698435 0.00264698435 4.04136505
967 3908 2.64715916 0.00264715916 4.04136505
967 3908 2.64712544 0.00264712544 4.04136505
967 3908 2.64707538 0.00264707538 4.04136505
967 3908 2.64718905 0.00264718905 4.04136505
967 3908 2.64703805 0.00264703805 4.04136505
967 3908 2.647161 0.002647161 4.04136505
967 3908 2.64719366 0.00264719366 4.04136505
967 3908 2.64708841 0.00264708841 4.04136505
966 3895 2.63557079 0.00263557079 4.0320911
966 3902 2.63357171 0.00263357171 4.03933747
966 3895 2.63665548 0.00263665548 4.0320911
966 3895 2.63794181 0.00263794181 4.0320911
966 3895 2.63658785 0.00263658785 4.0320911
966 3895 2.63661987 0.00263661987 4.0320911
966 3895 2.63655366 0.00263655366 4.0320911
966 3895 2.63654781 0.00263654781 4.0320911
966 3895 2.63654677 0.00263654677 4.0320911
966 3895 2.63657717 0.00263657717 4.0320911
965 3889 2.62747926 0.00262747926 4.03005181
965 3889 2.62749758 0.00262749758 4.03005181
965 3889 2.62763941 0.00262763941 4.03005181
965 3889 2.62766788 0.00262766788 4.03005181
965 3889 2.62772177 0.00262772177 4.03005181
965 3889 2.62775326 0.00262775326 4.03005181
965 3889 2.62777102 0.00262777102 4.03005181
965 3889 2.62778619 0.00262778619 4.03005181
965 3889 2.62782078 0.00262782078 4.03005181
965 3889 2.62780789 0.00262780789 4.03005181
964 3878 2.61620048 0.00261620048 4.02282158
964 3878 2.61607094 0.00261607094 4.02282158
964 3878 2.61584064 0.00261584064 4.02282158
964 3878 2.61574343 0.00261574343 4.02282158
964 3878 2.61576898 0.00261576898 4.02282158
964 3878 2.61583288 0.00261583288 4.02282158
964 3878 2.61586063 0.00261586063 4.02282158
964 3878 2.61589627 0.00261589627 4.02282158
964 3878 2.61592564 0.00261592564 4.02282158
964 3878 2.61593695 0.00261593695 4.02282158
963 3870 2.60391795 0.00260391795 4.01869159
963 3870 2.60387903 0.00260387903 4.01869159
963 3870 2.60403678 0.00260403678 4.01869159
963 3870 2.60399729 0.00260399729 4.01869159
963 3870 2.60403039 0.00260403039 4.01869159
963 3870 2.60413482 0.00260413482 4.01869159
963 3870 2.6041301 0.0026041301 4.01869159
963 3870 2.60417311 0.00260417311 4.01869159
963 3870 2.60420079 0.00260420079 4.01869159
963 3870 2.60419856 0.00260419856 4.01869159
962 3862 2.59156626 0.00259156626 4.01455301
962 3861 2.58876878 0.00258876878 4.01351351
962 3860 2.59410413 0.00259410413 4.01247401
962 3860 2.59413147 0.00259413147 4.01247401
962 3860 2.59426771 0.00259426771 4.01247401
962 3860 2.59423972 0.00259423972 4.01247401
962 3860 2.59413042 0.00259413042 4.01247401
962 3860 2.59417204 0.00259417204 4.01247401
962 3860 2.59419688 0.00259419688 4.01247401
962 3860 2.59423013 0.00259423013 4.01247401
961 3853 2.58248204 0.00258248204 4.00936524
961 3853 2.58247903 0.00258247903 4.00936524
961 3853 2.58243592 0.00258243592 4.00936524
961 3853 2.58233698 0.00258233698 4.00936524
961 3853 2.5823495 0.0025823495 4.00936524
961 3853 2.58232659 0.00258232659 4.00936524
961 3853 2.58235752 0.00258235752 4.00936524
961 3853 2.58236124 0.00258236124 4.00936524
961 3853 2.58237457 0.00258237457 4.00936524
961 3853 2.58237625 0.00258237625 4.00936524
960 3843 2.57025419 0.00257025419 4.003125
960 3849 2.5691896 0.0025691896 4.009375
960 3843 2.57011103 0.00257011103 4.003125
960 3843 2.57022048 0.00257022048 4.003125
960 3843 2.57029017 0.00257029017 4.003125
960 3843 2.57031491 0.00257031491 4.003125
960 3843 2.57038176 0.00257038176 4.003125
960 3843 2.57040095 0.00257040095 4.003125
960 3843 2.57039962 0.00257039962 4.003125
960 3843 2.57038389 0.00257038389 4.003125
959 3839 2.55760194 0.00255760194 4.00312826
959 3839 2.5574394 0.0025574394 4.00312826
959 3839 2.55746627 0.00255746627 4.00312826
959 3839 2.55767224 0.00255767224 4.00312826
959 3839 2.55783495 0.00255783495 4.00312826
959 3839 2.55791881 0.00255791881 4.00312826
959 3839 2.55793887 0.00255793887 4.00312826
959 3839 2.55791119 0.00255791119 4.00312826
959 3839 2.55788993 0.00255788993 4.00312826
959 3839 2.55786402 0.00255786402 4.00312826
958 3830 2.54470189 0.00254470189 3.99791232
958 3830 2.54455626 0.00254455626 3.99791232
958 3830 2.54442473 0.00254442473 3.99791232
958 3830 2.54443772 0.00254443772 3.99791232
958 3830 2.54446082 0.00254446082 3.99791232
958 3830 2.54450299 0.00254450299 3.99791232
958 3830 2.54452445 0.00254452445 3.99791232
958 3830 2.54453253 0.00254453253 3.99791232
958 3830 2.5445471 0.0025445471 3.99791232
958 3830 2.54454645 0.00254454645 3.99791232
957 3820 2.5310249 0.0025310249 3.99164054
957 3820 2.53093655 0.00253093655 3.99164054
957 3820 2.53083373 0.00253083373 3.99164054
957 3820 2.53083035 0.00253083035 3.99164054
957 3820 2.53075959 0.00253075959 3.99164054
957 3820 2.53078638 0.00253078638 3.99164054
957 3820 2.53080634 0.00253080634 3.99164054
957 3820 2.53083787 0.00253083787 3.99164054
957 3820 2.53082773 0.00253082773 3.99164054
957 3820 2.53081474 0.00253081474 3.99164054
956 3814 2.51837449 0.00251837449 3.98953975
956 3808 2.51278164 0.00251278164 3.9832636
956 3812 2.51806891 0.00251806891 3.9874477
956 3814 2.51847785 0.00251847785 3.98953975
956 3814 2.51837874 0.00251837874 3.98953975
956 3814 2.51842128 0.00251842128 3.98953975
956 3814 2.51839811 0.00251839811 3.98953975
956 3814 2.5184412 0.0025184412 3.98953975
956 3814 2.51848841 0.00251848841 3.98953975
956 3814 2.51849204 0.00251849204 3.98953975
955 3802 2.50491697 0.00250491697 3.98115183
955 3802 2.50481826 0.00250481826 3.98115183
955 3802 2.50479696 0.00250479696 3.98115183
955 3802 2.50469574 0.00250469574 3.98115183
955 3802 2.50466419 0.00250466419 3.98115183
955 3802 2.50470303 0.00250470303 3.98115183
955 3802 2.50471745 0.00250471745 3.98115183
955 3802 2.50472042 0.00250472042 3.98115183
955 3802 2.50471411 0.00250471411 3.98115183
955 3802 2.50470536 0.00250470536 3.98115183
954 3793 2.49098733 0.00249098733 3.97589099
954 3796 2.49200833 0.00249200833 3.97903564
954 3796 2.49217781 0.00249217781 3.97903564
954 3796 2.49200039 0.00249200039 3.97903564
954 3793 2.49083351 0.00249083351 3.97589099
954 3795 2.49115129 0.00249115129 3.97798742
954 3793 2.49105852 0.00249105852 3.97589099
954 3798 2.49238445 0.00249238445 3.98113208
954 3798 2.49246929 0.00249246929 3.98113208
954 3796 2.4917891 0.0024917891 3.97903564
953 3789 2.47988766 0.00247988766 3.97586569
953 3789 2.47998233 0.00247998233 3.97586569
953 3792 2.48034733 0.00248034733 3.97901364
953 3792 2.48007896 0.00248007896 3.97901364
953 3793 2.48040756 0.00248040756 3.98006296
953 3789 2.47998534 0.00247998534 3.97586569
953 3792 2.48046937 0.00248046937 3.97901364
953 3792 2.48039502 0.00248039502 3.97901364
953 3792 2.48042921 0.00248042921 3.97901364
953 3792 2.48047637 0.00248047637 3.97901364
952 3783 2.4680242 0.0024680242 3.9737395
952 3783 2.46806382 0.00246806382 3.9737395
952 3783 2.46802219 0.00246802219 3.9737395
952 3783 2.4680723 0.0024680723 3.9737395
952 3783 2.4681 0.0024681 3.9737395
952 3783 2.46809044 0.00246809044 3.9737395
952 3783 2.4681066 0.0024681066 3.9737395
952 3783 2.46814039 0.00246814039 3.9737395
952 3783 2.46818388 0.00246818388 3.9737395
952 3783 2.46821281 0.00246821281 3.9737395
951 3775 2.45449373 0.00245449373 3.96950578
951 3775 2.45450288 0.00245450288 3.96950578
951 3775 2.45437578 0.00245437578 3.96950578
951 3775 2.45425958 0.00245425958 3.96950578
951 3775 2.45421643 0.00245421643 3.96950578
951 3775 2.4542842 0.0024542842 3.96950578
951 3775 2.45436919 0.00245436919 3.96950578
951 3775 2.45442222 0.00245442222 3.96950578
951 3775 2.45445341 0.00245445341 3.96950578
951 3775 2.45445945 0.00245445945 3.96950578
950 3763 2.44018383 0.00244018383 3.96105263
950 3763 2.44010554 0.00244010554 3.96105263
950 3763 2.4401169 0.0024401169 3.96105263
950 3763 2.44004524 0.00244004524 3.96105263
950 3763 2.44001694 0.00244001694 3.96105263
950 3763 2.44008189 0.00244008189 3.96105263
950 3763 2.44011258 0.00244011258 3.96105263
950 3763 2.44012231 0.00244012231 3.96105263
950 3763 2.44012322 0.00244012322 3.96105263
950 3763 2.44012603 0.00244012603 3.96105263
949 3757 2.42469146 0.00242469146 3.95890411
949 3757 2.4246983 0.0024246983 3.95890411
949 3757 2.42446271 0.00242446271 3.95890411
949 3757 2.42449436 0.00242449436 3.95890411
949 3757 2.4245589 0.0024245589 3.95890411
949 3757 2.42458916 0.00242458916 3.95890411
949 3757 2.42457629 0.00242457629 3.95890411
949 3757 2.42456713 0.00242456713 3.95890411
949 3757 2.42457186 0.00242457186 3.95890411
949 3757 2.42456944 0.00242456944 3.95890411
948 3754 2.41083039 0.00241083039 3.95991561
948 3754 2.41089364 0.00241089364 3.95991561
948 3754 2.41091129 0.00241091129 3.95991561
948 3754 2.41080772 0.00241080772 3.95991561
948 3754 2.41075516 0.00241075516 3.95991561
948 3754 2.41082476 0.00241082476 3.95991561
948 3753 2.40782178 0.00240782178 3.95886076
948 3754 2.4107781 0.0024107781 3.95991561
948 3754 2.4108152 0.0024108152 3.95991561
948 3754 2.41074109 0.00241074109 3.95991561
947 3747 2.39542091 0.00239542091 3.95670539
947 3747 2.39504079 0.00239504079 3.95670539
947 3748 2.39446752 0.00239446752 3.95776135
947 3748 2.39422175 0.00239422175 3.95776135
947 3750 2.39496049 0.00239496049 3.95987328
947 3750 2.39479589 0.00239479589 3.95987328
947 3748 2.39414417 0.00239414417 3.95776135
947 3747 2.3915026 0.0023915026 3.95670539
947 3750 2.39482646 0.00239482646 3.95987328
947 3750 2.39484108 0.00239484108 3.95987328
946 3744 2.37905605 0.00237905605 3.9577167
946 3744 2.37920909 0.00237920909 3.9577167
946 3744 2.37919815 0.00237919815 3.9577167
946 3744 2.37926824 0.00237926824 3.9577167
946 3744 2.3792681 0.0023792681 3.9577167
946 3743 2.37954851 0.00237954851 3.95665962
946 3744 2.37914929 0.00237914929 3.9577167
946 3744 2.37924965 0.00237924965 3.9577167
946 3744 2.37908289 0.00237908289 3.9577167
946 3744 2.37921595 0.00237921595 3.9577167
945 3737 2.36432057 0.00236432057 3.95449735
945 3735 2.36327774 0.00236327774 3.95238095
945 3735 2.36335371 0.00236335371 3.95238095
945 3733 2.36304347 0.00236304347 3.95026455
945 3730 2.3633772 0.0023633772 3.94708995
945 3733 2.36379561 0.00236379561 3.95026455
945 3732 2.36363454 0.00236363454 3.94920635
945 3734 2.36334574 0.00236334574 3.95132275
945 3735 2.36356079 0.00236356079 3.95238095
945 3736 2.36335386 0.00236335386 3.95343915
944 3727 2.34884697 0.00234884697 3.94809322
944 3729 2.34873195 0.00234873195 3.95021186
944 3723 2.3473259 0.0023473259 3.94385593
944 3727 2.34882254 0.00234882254 3.94809322
944 3727 2.34876171 0.00234876171 3.94809322
944 3728 2.34919913 0.00234919913 3.94915254
944 3723 2.34733037 0.00234733037 3.94385593
944 3723 2.34745236 0.00234745236 3.94385593
944 3716 2.34763515 0.00234763515 3.93644068
944 3712 2.34770592 0.00234770592 3.93220339
943 3705 2.33368477 0.00233368477 3.92895016
943 3705 2.33379762 0.00233379762 3.92895016
943 3705 2.33382088 0.00233382088 3.92895016
943 3705 2.33386591 0.00233386591 3.92895016
943 3701 2.33288384 0.00233288384 3.92470838
943 3701 2.3327886 0.0023327886 3.92470838
943 3705 2.33258914 0.00233258914 3.92895016
943 3705 2.33391445 0.00233391445 3.92895016
943 3705 2.3341015 0.0023341015 3.92895016
943 3705 2.33406293 0.00233406293 3.92895016
942 3694 2.31957005 0.00231957005 3.92144374
942 3698 2.31821646 0.00231821646 3.92569002
942 3704 2.32339362 0.00232339362 3.93205945
942 3700 2.31366425 0.00231366425 3.92781316
942 3699 2.3236226 0.0023236226 3.92675159
942 3700 2.32317458 0.00232317458 3.92781316
942 3701 2.32262069 0.00232262069 3.92887473
942 3705 2.32429563 0.00232429563 3.93312102
942 3705 2.32436602 0.00232436602 3.93312102
942 3700 2.32334838 0.00232334838 3.92781316
941 3693 2.30993801 0.00230993801 3.92454835
940 3682 2.29567777 0.00229567777 3.91702128
940 3685 2.29544568 0.00229544568 3.92021277
940 3690 2.29690471 0.00229690471 3.92553191
940 3690 2.29693862 0.00229693862 3.92553191
940 3690 2.29715348 0.00229715348 3.92553191
940 3689 2.29686344 0.00229686344 3.92446809
940 3691 2.29458308 0.00229458308 3.92659574
940 3693 2.29774456 0.00229774456 3.9287234
940 3688 2.29739105 0.00229739105 3.92340426
939 3682 2.28460104 0.00228460104 3.92119276
939 3682 2.28541631 0.00228541631 3.92119276
939 3683 2.28501975 0.00228501975 3.92225772
939 3683 2.28873563 0.00228873563 3.92225772
939 3676 2.29069939 0.00229069939 3.91480298
939 3683 2.29469074 0.00229469074 3.92225772
939 3679 2.30092577 0.00230092577 3.91799787
939 3677 2.31046893 0.00231046893 3.91586794
939 3683 2.32138373 0.00232138373 3.92225772
939 3679 2.33552783 0.00233552783 3.91799787
938 3671 2.33488931 0.00233488931 3.91364606
938 3674 2.50986366 0.00250986366 3.91684435
938 3677 2.51761336 0.00251761336 3.92004264
938 3679 2.51837728 0.00251837728 3.92217484
938 3684 2.51744401 0.00251744401 3.92750533
938 3677 2.51798434 0.00251798434 3.92004264
938 3679 2.52710835 0.00252710835 3.92217484
938 3682 2.54180242 0.00254180242 3.92537313
938 3674 2.54040751 0.00254040751 3.91684435
938 3675 2.54130515 0.00254130515 3.91791045
937 3667 2.53969264 0.00253969264 3.9135539
937 3667 2.54449155 0.00254449155 3.9135539
937 3668 2.54412417 0.00254412417 3.91462113
937 3669 2.54313291 0.00254313291 3.91568837
937 3664 2.54648392 0.00254648392 3.91035219
937 3667 2.54625486 0.00254625486 3.9135539
937 3663 2.54634261 0.00254634261 3.90928495
937 3667 2.55362111 0.00255362111 3.9135539
937 3661 2.55490679 0.00255490679 3.90715048
937 3661 2.55325918 0.00255325918 3.90715048
936 3651 2.55107848 0.00255107848 3.90064103
936 3650 2.55153225 0.00255153225 3.89957265
936 3647 2.54928337 0.00254928337 3.89636752
936 3645 2.56736625 0.00256736625 3.89423077
936 3652 2.56745311 0.00256745311 3.9017094
936 3649 2.57961441 0.00257961441 3.89850427
936 3655 2.57827827 0.00257827827 3.90491453
936 3654 2.58071539 0.00258071539 3.90384615
936 3659 2.60275559 0.00260275559 3.90918803
936 3657 2.60090999 0.00260090999 3.90705128
935 3652 2.59983362 0.00259983362 3.90588235
935 3651 2.59978226 0.00259978226 3.90481283
935 3649 2.59714489 0.00259714489 3.9026738
935 3653 2.62035881 0.00262035881 3.90695187
935 3653 2.62187121 0.00262187121 3.90695187
935 3650 2.624432 0.002624432 3.90374332
935 3649 2.64744859 0.00264744859 3.9026738
935 3654 2.64802457 0.00264802457 3.90802139
935 3652 2.64745731 0.00264745731 3.90588235
935 3649 2.65050543 0.00265050543 3.9026738
934 3639 2.64806027 0.00264806027 3.89614561
934 3640 2.6470567 0.0026470567 3.89721627
934 3646 2.6628171 0.0026628171 3.90364026
934 3650 2.66227181 0.00266227181 3.90792291
934 3650 2.66189156 0.00266189156 3.90792291
934 3646 2.66172571 0.00266172571 3.90364026
934 3655 2.66318597 0.00266318597 3.91327623
934 3656 2.66693506 0.00266693506 3.9143469
934 3656 2.68697578 0.00268697578 3.9143469
934 3657 2.68880829 0.00268880829 3.91541756
933 3653 2.68628906 0.00268628906 3.9153269
933 3650 2.68536074 0.00268536074 3.91211147
933 3657 2.68321426 0.00268321426 3.91961415
933 3653 2.68826234 0.00268826234 3.9153269
933 3647 2.69723415 0.00269723415 3.90889603
933 3647 2.70328043 0.00270328043 3.90889603
933 3649 2.70084775 0.00270084775 3.91103966
933 3645 2.72803991 0.00272803991 3.90675241
933 3644 2.7244679 0.0027244679 3.9056806
933 3641 2.72447137 0.00272447137 3.90246517
932 3635 2.72450941 0.00272450941 3.90021459
932 3636 2.7216569 0.0027216569 3.90128755
932 3638 2.72209369 0.00272209369 3.90343348
932 3637 2.72411448 0.00272411448 3.90236052
932 3634 2.72152345 0.00272152345 3.89914163
932 3634 2.72350723 0.00272350723 3.89914163
932 3639 2.72173592 0.00272173592 3.90450644
932 3637 2.72454993 0.00272454993 3.90236052
932 3635 2.72424987 0.00272424987 3.90021459
932 3634 2.72192433 0.00272192433 3.89914163
931 3627 2.72153589 0.00272153589 3.89581096
931 3630 2.72113815 0.00272113815 3.8990333
931 3627 2.72152016 0.00272152016 3.89581096
931 3627 2.72152357 0.00272152357 3.89581096
931 3627 2.72151243 0.00272151243 3.89581096
931 3627 2.72148345 0.00272148345 3.89581096
931 3627 2.72151915 0.00272151915 3.89581096
931 3627 2.72150961 0.00272150961 3.89581096
931 3627 2.7215081 0.0027215081 3.89581096
931 3627 2.72151493 0.00272151493 3.89581096
930 3620 2.71839811 0.00271839811 3.89247312
930 3620 2.71841387 0.00271841387 3.89247312
930 3620 2.71838904 0.00271838904 3.89247312
930 3620 2.7183767 0.0027183767 3.89247312
930 3620 2.71840422 0.00271840422 3.89247312
930 3620 2.71842088 0.00271842088 3.89247312
930 3620 2.7184023 0.0027184023 3.89247312
930 3620 2.71840799 0.00271840799 3.89247312
930 3620 2.71840932 0.00271840932 3.89247312
930 3620 2.7184104 0.0027184104 3.89247312
929 3609 2.71540374 0.00271540374 3.88482239
929 3609 2.71539097 0.00271539097 3.88482239
929 3609 2.71538823 0.00271538823 3.88482239
929 3609 2.71538534 0.00271538534 3.88482239
929 3609 2.71538215 0.00271538215 3.88482239
929 3609 2.71538212 0.00271538212 3.88482239
929 3609 2.71538351 0.00271538351 3.88482239
929 3609 2.71538392 0.00271538392 3.88482239
929 3609 2.71538408 0.00271538408 3.88482239
929 3609 2.71538359 0.00271538359 3.88482239
928 3602 2.71264964 0.00271264964 3.88146552
928 3602 2.7126313 0.0027126313 3.88146552
928 3602 2.71263409 0.00271263409 3.88146552
928 3602 2.71261509 0.00271261509 3.88146552
928 3602 2.71261846 0.00271261846 3.88146552
928 3602 2.7126222 0.0027126222 3.88146552
928 3602 2.71261634 0.00271261634 3.88146552
928 3602 2.71260485 0.00271260485 3.88146552
928 3602 2.7120546 0.0027120546 3.88146552
928 3602 2.71258423 0.00271258423 3.88146552
927 3595 2.70930796 0.00270930796 3.8781014
927 3595 2.70939379 0.00270939379 3.8781014
927 3595 2.70935543 0.00270935543 3.8781014
927 3595 2.70934431 0.00270934431 3.8781014
927 3595 2.70935726 0.00270935726 3.8781014
927 3595 2.7093605 0.0027093605 3.8781014
927 3595 2.70937394 0.00270937394 3.8781014
927 3595 2.70936651 0.00270936651 3.8781014
927 3595 2.70935754 0.00270935754 3.8781014
927 3595 2.7093646 0.0027093646 3.8781014
926 3586 2.70585188 0.00270585188 3.87257019
926 3591 2.70553802 0.00270553802 3.87796976
926 3586 2.70584519 0.00270584519 3.87257019
926 3586 2.70583713 0.00270583713 3.87257019
926 3586 2.7058515 0.0027058515 3.87257019
926 3586 2.70584757 0.00270584757 3.87257019
926 3589 2.70524142 0.00270524142 3.87580994
926 3589 2.70524144 0.00270524144 3.87580994
926 3589 2.7052334 0.0027052334 3.87580994
926 3589 2.7052321 0.0027052321 3.87580994
925 3582 2.70252563 0.00270252563 3.87243243
925 3582 2.70252652 0.00270252652 3.87243243
925 3582 2.70254191 0.00270254191 3.87243243
925 3582 2.70254273 0.00270254273 3.87243243
925 3582 2.70254925 0.00270254925 3.87243243
925 3582 2.70254757 0.00270254757 3.87243243
925 3582 2.70254685 0.00270254685 3.87243243
925 3582 2.70254519 0.00270254519 3.87243243
925 3582 2.70254278 0.00270254278 3.87243243
925 3582 2.70254123 0.00270254123 3.87243243
924 3574 2.69945588 0.00269945588 3.86796537
924 3573 2.6998541 0.0026998541 3.86688312
924 3572 2.70192453 0.00270192453 3.86580087
924 3572 2.70192885 0.00270192885 3.86580087
924 3572 2.70192676 0.00270192676 3.86580087
924 3569 2.7024685 0.0027024685 3.86255411
924 3572 2.70192725 0.00270192725 3.86580087
924 3572 2.70193189 0.00270193189 3.86580087
924 3572 2.70192679 0.00270192679 3.86580087
924 3572 2.7019244 0.0027019244 3.86580087
923 3565 2.69922803 0.00269922803 3.8624052
923 3565 2.69922274 0.00269922274 3.8624052
923 3565 2.69922444 0.00269922444 3.8624052
923 3565 2.69921421 0.00269921421 3.8624052
923 3565 2.6992274 0.0026992274 3.8624052
923 3565 2.69922718 0.00269922718 3.8624052
923 3565 2.69922616 0.00269922616 3.8624052
923 3565 2.69922524 0.00269922524 3.8624052
923 3565 2.69922291 0.00269922291 3.8624052
923 3565 2.69922291 0.00269922291 3.8624052
922 3558 2.69589166 0.00269589166 3.85900217
922 3558 2.69591772 0.00269591772 3.85900217
922 3558 2.69589645 0.00269589645 3.85900217
922 3558 2.69595017 0.00269595017 3.85900217
922 3558 2.69590683 0.00269590683 3.85900217
922 3558 2.69589837 0.00269589837 3.85900217
922 3558 2.69589463 0.00269589463 3.85900217
922 3558 2.69589224 0.00269589224 3.85900217
922 3558 2.69589399 0.00269589399 3.85900217
922 3558 2.6958656 0.0026958656 3.85900217
921 3550 2.69235895 0.00269235895 3.85450597
921 3550 2.69236276 0.00269236276 3.85450597
921 3550 2.69235671 0.00269235671 3.85450597
921 3550 2.69236567 0.00269236567 3.85450597
921 3551 2.69250061 0.00269250061 3.85559175
921 3550 2.69240867 0.00269240867 3.85450597
921 3550 2.69237047 0.00269237047 3.85450597
921 3550 2.69236323 0.00269236323 3.85450597
921 3550 2.69236175 0.00269236175 3.85450597
921 3550 2.69235344 0.00269235344 3.85450597
920 3543 2.68904387 0.00268904387 3.85108696
920 3543 2.68906254 0.00268906254 3.85108696
920 3543 2.68904708 0.00268904708 3.85108696
920 3543 2.6890758 0.0026890758 3.85108696
920 3543 2.68908235 0.00268908235 3.85108696
920 3543 2.68909096 0.00268909096 3.85108696
920 3543 2.68909477 0.00268909477 3.85108696
920 3543 2.68908934 0.00268908934 3.85108696
920 3543 2.68910265 0.00268910265 3.85108696
920 3543 2.68910659 0.00268910659 3.85108696
919 3537 2.68585658 0.00268585658 3.84874864
919 3537 2.68586013 0.00268586013 3.84874864
919 3537 2.68583643 0.00268583643 3.84874864
919 3537 2.68583293 0.00268583293 3.84874864
919 3537 2.68580765 0.00268580765 3.84874864
919 3537 2.68583527 0.00268583527 3.84874864
919 3537 2.68579762 0.00268579762 3.84874864
919 3537 2.68585085 0.00268585085 3.84874864
919 3537 2.68577632 0.00268577632 3.84874864
919 3537 2.68586591 0.00268586591 3.84874864
918 3533 2.68217627 0.00268217627 3.84858388
917 3524 2.67945138 0.00267945138 3.84296619
917 3524 2.67954956 0.00267954956 3.84296619
917 3524 2.67948759 0.00267948759 3.84296619
917 3524 2.67949402 0.00267949402 3.84296619
917 3521 2.67913121 0.00267913121 3.83969466
917 3526 2.67963301 0.00267963301 3.84514722
917 3524 2.67961054 0.00267961054 3.84296619
917 3525 2.67954578 0.00267954578 3.84405671
917 3524 2.67960773 0.00267960773 3.84296619
916 3517 2.67632006 0.00267632006 3.83951965
916 3517 2.67634993 0.00267634993 3.83951965
916 3517 2.67633534 0.00267633534 3.83951965
916 3517 2.67634302 0.00267634302 3.83951965
916 3517 2.67636677 0.00267636677 3.83951965
916 3517 2.67637482 0.00267637482 3.83951965
916 3517 2.67638239 0.00267638239 3.83951965
916 3517 2.67638989 0.00267638989 3.83951965
916 3517 2.67636156 0.00267636156 3.83951965
916 3517 2.67636496 0.00267636496 3.83951965
915 3510 2.67306161 0.00267306161 3.83606557
915 3510 2.67306601 0.00267306601 3.83606557
915 3511 2.67321309 0.00267321309 3.83715847
915 3511 2.67309365 0.00267309365 3.83715847
915 3510 2.6730766 0.0026730766 3.83606557
915 3510 2.67305078 0.00267305078 3.83606557
915 3510 2.6730391 0.0026730391 3.83606557
915 3510 2.6730423 0.0026730423 3.83606557
915 3508 2.6730439 0.0026730439 3.83387978
915 3510 2.67305626 0.00267305626 3.83606557
914 3501 2.66985232 0.00266985232 3.83041575
914 3501 2.66987041 0.00266987041 3.83041575
914 3501 2.66986013 0.00266986013 3.83041575
914 3501 2.66986891 0.00266986891 3.83041575
914 3501 2.66987212 0.00266987212 3.83041575
914 3501 2.66988565 0.00266988565 3.83041575
914 3501 2.66989662 0.00266989662 3.83041575
914 3501 2.66990167 0.00266990167 3.83041575
914 3501 2.66990415 0.00266990415 3.83041575
914 3501 2.6699056 0.0026699056 3.83041575
913 3495 2.66680912 0.00266680912 3.82803943
913 3495 2.66678131 0.00266678131 3.82803943
913 3495 2.66675908 0.00266675908 3.82803943
913 3495 2.66674361 0.00266674361 3.82803943
913 3495 2.66672467 0.00266672467 3.82803943
913 3495 2.6667103 0.0026667103 3.82803943
913 3495 2.66669138 0.00266669138 3.82803943
913 3495 2.66668093 0.00266668093 3.82803943
913 3495 2.66667035 0.00266667035 3.82803943
913 3495 2.66665847 0.00266665847 3.82803943
912 3487 2.66315821 0.00266315821 3.82346491
912 3487 2.66333314 0.00266333314 3.82346491
912 3487 2.66329046 0.00266329046 3.82346491
912 3487 2.66319193 0.00266319193 3.82346491
912 3487 2.66331272 0.00266331272 3.82346491
912 3487 2.6632905 0.0026632905 3.82346491
912 3487 2.66320852 0.00266320852 3.82346491
912 3487 2.66330276 0.00266330276 3.82346491
912 3487 2.66321704 0.00266321704 3.82346491
912 3488 2.66294756 0.00266294756 3.8245614
911 3481 2.65997919 0.00265997919 3.82107574
911 3480 2.65921636 0.00265921636 3.81997805
911 3481 2.65997691 0.00265997691 3.82107574
911 3481 2.65995453 0.00265995453 3.82107574
911 3481 2.65993768 0.00265993768 3.82107574
911 3481 2.65991992 0.00265991992 3.82107574
911 3481 2.65990789 0.00265990789 3.82107574
911 3481 2.65989685 0.00265989685 3.82107574
911 3481 2.65988352 0.00265988352 3.82107574
911 3481 2.65987006 0.00265987006 3.82107574
910 3473 2.65656733 0.00265656733 3.81648352
910 3473 2.65667449 0.00265667449 3.81648352
910 3473 2.65668482 0.00265668482 3.81648352
910 3473 2.65668199 0.00265668199 3.81648352
910 3473 2.65658737 0.00265658737 3.81648352
910 3473 2.65666685 0.00265666685 3.81648352
910 3473 2.65665953 0.00265665953 3.81648352
910 3473 2.65661407 0.00265661407 3.81648352
910 3473 2.65665033 0.00265665033 3.81648352
910 3473 2.65663756 0.00265663756 3.81648352
909 3463 2.65284402 0.00265284402 3.80968097
909 3468 2.65132668 0.00265132668 3.81518152
909 3468 2.65369318 0.00265369318 3.81518152
909 3464 2.65515788 0.00265515788 3.81078108
909 3467 2.65503949 0.00265503949 3.81408141
909 3464 2.65515696 0.00265515696 3.81078108
909 3464 2.65514214 0.00265514214 3.81078108
909 3464 2.65514207 0.00265514207 3.81078108
909 3464 2.65514484 0.00265514484 3.81078108
909 3462 2.65481488 0.00265481488 3.80858086
908 3458 2.65211019 0.00265211019 3.80837004
908 3458 2.65208535 0.00265208535 3.80837004
908 3458 2.65210832 0.00265210832 3.80837004
908 3458 2.65207927 0.00265207927 3.80837004
908 3458 2.65207025 0.00265207025 3.80837004
908 3458 2.65207373 0.00265207373 3.80837004
908 3458 2.65204616 0.00265204616 3.80837004
908 3458 2.65207986 0.00265207986 3.80837004
908 3458 2.652062 0.002652062 3.80837004
908 3458 2.65205415 0.00265205415 3.80837004
907 3450 2.64888786 0.00264888786 3.80374862
907 3450 2.64886426 0.00264886426 3.80374862
907 3450 2.64886204 0.00264886204 3.80374862
907 3450 2.64887195 0.00264887195 3.80374862
907 3450 2.64887617 0.00264887617 3.80374862
907 3450 2.64888538 0.00264888538 3.80374862
907 3450 2.64887579 0.00264887579 3.80374862
907 3450 2.64886651 0.00264886651 3.80374862
907 3450 2.64887575 0.00264887575 3.80374862
907 3450 2.64888638 0.00264888638 3.80374862
906 3444 2.64884919 0.00264884919 3.8013245
906 3444 2.64695796 0.00264695796 3.8013245
906 3444 2.64695809 0.00264695809 3.8013245
906 3444 2.64696514 0.00264696514 3.8013245
906 3444 2.64697625 0.00264697625 3.8013245
906 3444 2.64697139 0.00264697139 3.8013245
906 3444 2.64695833 0.00264695833 3.8013245
906 3444 2.6469645 0.0026469645 3.8013245
906 3444 2.64697394 0.00264697394 3.8013245
906 3444 2.64697292 0.00264697292 3.8013245
905 3430 2.64311273 0.00264311273 3.79005525
905 3438 2.64694919 0.00264694919 3.79889503
905 3438 2.64697729 0.00264697729 3.79889503
905 3438 2.64698395 0.00264698395 3.79889503
905 3438 2.64696161 0.00264696161 3.79889503
905 3438 2.64698923 0.00264698923 3.79889503
905 3438 2.64698542 0.00264698542 3.79889503
905 3438 2.64698761 0.00264698761 3.79889503
905 3438 2.64698365 0.00264698365 3.79889503
905 3438 2.64696992 0.00264696992 3.79889503
904 3424 2.64312198 0.00264312198 3.78761062
904 3424 2.64307438 0.00264307438 3.78761062
904 3424 2.64310038 0.00264310038 3.78761062
904 3424 2.64308024 0.00264308024 3.78761062
904 3424 2.64309636 0.00264309636 3.78761062
904 3424 2.64308601 0.00264308601 3.78761062
904 3424 2.64309297 0.00264309297 3.78761062
904 3424 2.64308905 0.00264308905 3.78761062
904 3424 2.64307875 0.00264307875 3.78761062
904 3424 2.64309289 0.00264309289 3.78761062
903 3417 2.6393911 0.0026393911 3.78405316
903 3417 2.63939213 0.00263939213 3.78405316
903 3417 2.63939995 0.00263939995 3.78405316
903 3417 2.6393913 0.0026393913 3.78405316
903 3417 2.63938884 0.00263938884 3.78405316
903 3417 2.63939289 0.00263939289 3.78405316
903 3417 2.63939969 0.00263939969 3.78405316
903 3417 2.63938023 0.00263938023 3.78405316
903 3417 2.63939901 0.00263939901 3.78405316
903 3417 2.63938073 0.00263938073 3.78405316
902 3411 2.63591834 0.00263591834 3.78159645
902 3411 2.6359219 0.0026359219 3.78159645
902 3414 2.6352175 0.0026352175 3.78492239
902 3410 2.63533488 0.00263533488 3.7804878
902 3414 2.63504738 0.00263504738 3.78492239
902 3410 2.63535224 0.00263535224 3.7804878
902 3410 2.63534628 0.00263534628 3.7804878
902 3410 2.63535177 0.00263535177 3.7804878
902 3410 2.63534092 0.00263534092 3.7804878
902 3410 2.63533827 0.00263533827 3.7804878
901 3407 2.63140057 0.00263140057 3.78135405
901 3407 2.63146857 0.00263146857 3.78135405
901 3407 2.63143235 0.00263143235 3.78135405
901 3407 2.63142301 0.00263142301 3.78135405
901 3407 2.63142839 0.00263142839 3.78135405
901 3407 2.6314337 0.0026314337 3.78135405
901 3407 2.63142955 0.00263142955 3.78135405
901 3407 2.63142709 0.00263142709 3.78135405
901 3407 2.63143006 0.00263143006 3.78135405
901 3407 2.63143089 0.00263143089 3.78135405
900 3401 2.62806386 0.00262806386 3.77888889
900 3401 2.62806277 0.00262806277 3.77888889
900 3401 2.62806921 0.00262806921 3.77888889
900 3401 2.62806707 0.00262806707 3.77888889
900 3401 2.62806945 0.00262806945 3.77888889
900 3401 2.62806422 0.00262806422 3.77888889
900 3401 2.62807986 0.00262807986 3.77888889
900 3401 2.62808429 0.00262808429 3.77888889
900 3401 2.62809099 0.00262809099 3.77888889
900 3401 2.62806963 0.00262806963 3.77888889
899 3397 2.62446931 0.00262446931 3.77864294
899 3391 2.62322526 0.00262322526 3.77196885
899 3393 2.62417949 0.00262417949 3.77419355
899 3390 2.6247047 0.0026247047 3.77085651
899 3393 2.62420673 0.00262420673 3.77419355
899 3393 2.62417554 0.00262417554 3.77419355
899 3393 2.62418462 0.00262418462 3.77419355
899 3393 2.62418883 0.00262418883 3.77419355
899 3393 2.62418301 0.00262418301 3.77419355
899 3393 2.62417848 0.00262417848 3.77419355
898 3387 2.62086859 0.00262086859 3.77171492
898 3387 2.62085208 0.00262085208 3.77171492
898 3387 2.62087277 0.00262087277 3.77171492
898 3387 2.62089032 0.00262089032 3.77171492
898 3387 2.62090089 0.00262090089 3.77171492
898 3387 2.62087778 0.00262087778 3.77171492
898 3387 2.62087427 0.00262087427 3.77171492
898 3387 2.62088255 0.00262088255 3.77171492
898 3387 2.62088015 0.00262088015 3.77171492
898 3387 2.62088313 0.00262088313 3.77171492
897 3379 2.61691569 0.00261691569 3.76700111
897 3379 2.61692822 0.00261692822 3.76700111
897 3378 2.61682197 0.00261682197 3.76588629
897 3376 2.61630061 0.00261630061 3.76365663
897 3379 2.61690267 0.00261690267 3.76700111
897 3384 2.61665387 0.00261665387 3.77257525
897 3376 2.61309727 0.00261309727 3.76365663
897 3376 2.61311057 0.00261311057 3.76365663
897 3376 2.61310759 0.00261310759 3.76365663
897 3376 2.61312633 0.00261312633 3.76365663
896 3370 2.61308658 0.00261308658 3.76116071
896 3370 2.6130759 0.0026130759 3.76116071
896 3370 2.61311657 0.00261311657 3.76116071
896 3370 2.61313347 0.00261313347 3.76116071
896 3370 2.6131134 0.0026131134 3.76116071
896 3370 2.613093 0.002613093 3.76116071
896 3370 2.61308706 0.00261308706 3.76116071
896 3370 2.61310778 0.00261310778 3.76116071
896 3370 2.61309629 0.00261309629 3.76116071
896 3370 2.61309926 0.00261309926 3.76116071
895 3360 2.60913461 0.00260913461 3.75418994
895 3360 2.60911529 0.00260911529 3.75418994
895 3366 2.6092275 0.0026092275 3.76089385
895 3364 2.60904049 0.00260904049 3.75865922
895 3366 2.60610057 0.00260610057 3.76089385
895 3366 2.60607963 0.00260607963 3.76089385
895 3366 2.60612085 0.00260612085 3.76089385
895 3366 2.60610667 0.00260610667 3.76089385
895 3366 2.60612671 0.00260612671 3.76089385
895 3366 2.60609664 0.00260609664 3.76089385
894 3356 2.60231511 0.00260231511 3.75391499
894 3356 2.60231247 0.00260231247 3.75391499
894 3356 2.60227547 0.00260227547 3.75391499
894 3356 2.60230001 0.00260230001 3.75391499
894 3356 2.60230999 0.00260230999 3.75391499
894 3356 2.60230241 0.00260230241 3.75391499
894 3356 2.60229877 0.00260229877 3.75391499
894 3356 2.60230106 0.00260230106 3.75391499
894 3356 2.60229792 0.00260229792 3.75391499
894 3356 2.60230348 0.00260230348 3.75391499
893 3350 2.60227069 0.00260227069 3.75139978
893 3350 2.60228608 0.00260228608 3.75139978
893 3350 2.60226849 0.00260226849 3.75139978
893 3350 2.60226988 0.00260226988 3.75139978
893 3350 2.60227737 0.00260227737 3.75139978
893 3350 2.60226986 0.00260226986 3.75139978
893 3350 2.60227422 0.00260227422 3.75139978
893 3350 2.60225115 0.00260225115 3.75139978
893 3350 2.60225828 0.00260225828 3.75139978
893 3350 2.60225792 0.00260225792 3.75139978
892 3344 2.59876633 0.00259876633 3.74887892
892 3345 2.59904637 0.00259904637 3.75
892 3345 2.59879907 0.00259879907 3.75
892 3345 2.59879641 0.00259879641 3.75
892 3345 2.5988005 0.0025988005 3.75
892 3345 2.59880226 0.00259880226 3.75
892 3345 2.59880361 0.00259880361 3.75
892 3345 2.59880313 0.00259880313 3.75
892 3345 2.59880365 0.00259880365 3.75
892 3345 2.5988063 0.0025988063 3.75
891 3339 2.5987838 0.0025987838 3.74747475
891 3339 2.59877459 0.00259877459 3.74747475
891 3339 2.59875218 0.00259875218 3.74747475
891 3339 2.59872727 0.00259872727 3.74747475
891 3339 2.59870075 0.00259870075 3.74747475
891 3339 2.59867047 0.00259867047 3.74747475
891 3339 2.59864224 0.00259864224 3.74747475
891 3339 2.59861988 0.00259861988 3.74747475
891 3339 2.59859346 0.00259859346 3.74747475
891 3339 2.59857078 0.00259857078 3.74747475
890 3331 2.59483393 0.00259483393 3.74269663
890 3331 2.59516261 0.00259516261 3.74269663
890 3331 2.59485787 0.00259485787 3.74269663
890 3331 2.59512981 0.00259512981 3.74269663
890 3331 2.59435044 0.00259435044 3.74269663
890 3331 2.59497448 0.00259497448 3.74269663
890 3331 2.595085 0.002595085 3.74269663
890 3331 2.59512246 0.00259512246 3.74269663
890 3331 2.59511916 0.00259511916 3.74269663
890 3331 2.59513508 0.00259513508 3.74269663
889 3323 2.59104422 0.00259104422 3.73790776
889 3321 2.59032895 0.00259032895 3.73565804
889 3319 2.58734348 0.00258734348 3.73340832
889 3319 2.5873313 0.0025873313 3.73340832
889 3319 2.58725195 0.00258725195 3.73340832
889 3319 2.5873086 0.0025873086 3.73340832
889 3319 2.58735037 0.00258735037 3.73340832
889 3319 2.58726438 0.00258726438 3.73340832
889 3319 2.58729089 0.00258729089 3.73340832
889 3319 2.58731401 0.00258731401 3.73340832
888 3313 2.58728823 0.00258728823 3.73085586
888 3313 2.58724114 0.00258724114 3.73085586
888 3313 2.58730127 0.00258730127 3.73085586
888 3313 2.58725176 0.00258725176 3.73085586
888 3313 2.58727186 0.00258727186 3.73085586
888 3313 2.58727915 0.00258727915 3.73085586
888 3313 2.5872923 0.0025872923 3.73085586
888 3313 2.58726842 0.00258726842 3.73085586
888 3313 2.58729363 0.00258729363 3.73085586
888 3313 2.58729612 0.00258729612 3.73085586
887 3307 2.58385697 0.00258385697 3.72829763
887 3307 2.58384831 0.00258384831 3.72829763
887 3307 2.58385877 0.00258385877 3.72829763
887 3307 2.58384964 0.00258384964 3.72829763
887 3307 2.58384828 0.00258384828 3.72829763
887 3307 2.58385218 0.00258385218 3.72829763
887 3307 2.58385956 0.00258385956 3.72829763
887 3307 2.58385813 0.00258385813 3.72829763
887 3307 2.5838588 0.0025838588 3.72829763
887 3307 2.58385752 0.00258385752 3.72829763
886 3301 2.58010802 0.00258010802 3.72573363
886 3300 2.58095655 0.00258095655 3.72460497
886 3300 2.58145573 0.00258145573 3.72460497
886 3300 2.57810513 0.00257810513 3.72460497
886 3300 2.57807889 0.00257807889 3.72460497
886 3300 2.57809261 0.00257809261 3.72460497
886 3300 2.57810481 0.00257810481 3.72460497
886 3300 2.57808956 0.00257808956 3.72460497
886 3300 2.5780811 0.0025780811 3.72460497
886 3300 2.57809609 0.00257809609 3.72460497
885 3294 2.57806235 0.00257806235 3.7220339
885 3294 2.57805116 0.00257805116 3.7220339
885 3294 2.57805469 0.00257805469 3.7220339
885 3294 2.57802753 0.00257802753 3.7220339
885 3294 2.57801504 0.00257801504 3.7220339
885 3294 2.5780235 0.0025780235 3.7220339
885 3294 2.57801867 0.00257801867 3.7220339
885 3294 2.57801133 0.00257801133 3.7220339
885 3294 2.57801559 0.00257801559 3.7220339
885 3294 2.57801178 0.00257801178 3.7220339
884 3287 2.57396783 0.00257396783 3.71832579
883 3283 2.57215319 0.00257215319 3.7180068
883 3282 2.5702493 0.0025702493 3.71687429
883 3282 2.57019183 0.00257019183 3.71687429
883 3282 2.57022214 0.00257022214 3.71687429
883 3282 2.57020419 0.00257020419 3.71687429
883 3282 2.57021625 0.00257021625 3.71687429
883 3282 2.57020518 0.00257020518 3.71687429
883 3282 2.57021075 0.00257021075 3.71687429
883 3282 2.57020121 0.00257020121 3.71687429
882 3276 2.5701857 0.0025701857 3.71428571
882 3276 2.57018991 0.00257018991 3.71428571
882 3276 2.57018539 0.00257018539 3.71428571
882 3276 2.57017757 0.00257017757 3.71428571
882 3276 2.57017774 0.00257017774 3.71428571
882 3276 2.57020554 0.00257020554 3.71428571
882 3276 2.57014191 0.00257014191 3.71428571
882 3276 2.57020457 0.00257020457 3.71428571
882 3276 2.57020276 0.00257020276 3.71428571
882 3276 2.57015985 0.00257015985 3.71428571
881 3266 2.56627997 0.00256627997 3.70715096
881 3267 2.56597586 0.00256597586 3.70828604
881 3263 2.56245503 0.00256245503 3.70374574
881 3263 2.56240933 0.00256240933 3.70374574
881 3263 2.56245459 0.00256245459 3.70374574
881 3263 2.56243303 0.00256243303 3.70374574
881 3263 2.56244284 0.00256244284 3.70374574
881 3263 2.56243228 0.00256243228 3.70374574
881 3263 2.56243505 0.00256243505 3.70374574
881 3263 2.56243243 0.00256243243 3.70374574
880 3257 2.56240914 0.00256240914 3.70113636
880 3257 2.56239186 0.00256239186 3.70113636
880 3257 2.56244328 0.00256244328 3.70113636
880 3257 2.56243094 0.00256243094 3.70113636
880 3257 2.56241144 0.00256241144 3.70113636
880 3257 2.56240798 0.00256240798 3.70113636
880 3257 2.56240998 0.00256240998 3.70113636
880 3257 2.56241456 0.00256241456 3.70113636
880 3257 2.5624158 0.0025624158 3.70113636
880 3257 2.56241122 0.00256241122 3.70113636
879 3245 2.55842102 0.00255842102 3.69169511
879 3245 2.55836175 0.00255836175 3.69169511
879 3248 2.55848357 0.00255848357 3.69510808
879 3248 2.55842614 0.00255842614 3.69510808
879 3248 2.55847855 0.00255847855 3.69510808
879 3248 2.55848143 0.00255848143 3.69510808
879 3248 2.55848892 0.00255848892 3.69510808
879 3248 2.55847825 0.00255847825 3.69510808
879 3248 2.5584612 0.0025584612 3.69510808
879 3248 2.55848362 0.00255848362 3.69510808
878 3236 2.55445786 0.00255445786 3.6856492
878 3236 2.55444588 0.00255444588 3.6856492
878 3236 2.55445857 0.00255445857 3.6856492
878 3236 2.55448157 0.00255448157 3.6856492
878 3236 2.55448118 0.00255448118 3.6856492
878 3236 2.55448908 0.00255448908 3.6856492
878 3236 2.55450188 0.00255450188 3.6856492
878 3236 2.5545043 0.0025545043 3.6856492
878 3236 2.55451364 0.00255451364 3.6856492
878 3236 2.5545175 0.0025545175 3.6856492
877 3228 2.55099532 0.00255099532 3.68072976
877 3228 2.55019322 0.00255019322 3.68072976
877 3232 2.55142893 0.00255142893 3.68529076
877 3229 2.55192046 0.00255192046 3.68187001
877 3229 2.55184029 0.00255184029 3.68187001
877 3229 2.55186365 0.00255186365 3.68187001
877 3235 2.55192628 0.00255192628 3.68871152
877 3232 2.54816445 0.00254816445 3.68529076
877 3229 2.55187158 0.00255187158 3.68187001
877 3232 2.5493012 0.0025493012 3.68529076
876 3226 2.54813247 0.00254813247 3.6826484
876 3226 2.54809828 0.00254809828 3.6826484
876 3226 2.54809885 0.00254809885 3.6826484
876 3226 2.54804935 0.00254804935 3.6826484
876 3226 2.54800508 0.00254800508 3.6826484
876 3226 2.54800842 0.00254800842 3.6826484
876 3226 2.54801792 0.00254801792 3.6826484
876 3226 2.54803094 0.00254803094 3.6826484
876 3226 2.5480315 0.0025480315 3.6826484
876 3226 2.54802942 0.00254802942 3.6826484
875 3223 2.54418082 0.00254418082 3.68342857
875 3223 2.54424531 0.00254424531 3.68342857
875 3223 2.54423747 0.00254423747 3.68342857
875 3223 2.54422565 0.00254422565 3.68342857
875 3223 2.54423467 0.00254423467 3.68342857
875 3223 2.54424259 0.00254424259 3.68342857
875 3223 2.54425247 0.00254425247 3.68342857
875 3223 2.54424956 0.00254424956 3.68342857
875 3223 2.54425086 0.00254425086 3.68342857
875 3223 2.54425179 0.00254425179 3.68342857
874 3220 2.54073116 0.00254073116 3.68421053
874 3220 2.54072465 0.00254072465 3.68421053
874 3220 2.54073786 0.00254073786 3.68421053
874 3220 2.54073826 0.00254073826 3.68421053
874 3220 2.54074693 0.00254074693 3.68421053
874 3220 2.54075104 0.00254075104 3.68421053
874 3220 2.54075658 0.00254075658 3.68421053
874 3220 2.54075449 0.00254075449 3.68421053
874 3220 2.5407569 0.0025407569 3.68421053
874 3220 2.5407515 0.0025407515 3.68421053
873 3215 2.53815651 0.00253815651 3.68270332
873 3215 2.53815062 0.00253815062 3.68270332
873 3215 2.53669927 0.00253669927 3.68270332
873 3215 2.53668468 0.00253668468 3.68270332
873 3215 2.53812514 0.00253812514 3.68270332
873 3215 2.53812827 0.00253812827 3.68270332
873 3215 2.53814046 0.00253814046 3.68270332
873 3215 2.53814273 0.00253814273 3.68270332
873 3215 2.53816126 0.00253816126 3.68270332
873 3215 2.53814357 0.00253814357 3.68270332
872 3209 2.53452878 0.00253452878 3.68004587
872 3207 2.5328485 0.0025328485 3.67775229
872 3206 2.53416052 0.00253416052 3.6766055
872 3206 2.53413886 0.00253413886 3.6766055
872 3206 2.53414382 0.00253414382 3.6766055
872 3206 2.53412725 0.00253412725 3.6766055
872 3206 2.53411338 0.00253411338 3.6766055
872 3206 2.53411378 0.00253411378 3.6766055
872 3206 2.53411823 0.00253411823 3.6766055
872 3206 2.53411605 0.00253411605 3.6766055
871 3202 2.53018638 0.00253018638 3.67623421
871 3202 2.53022182 0.00253022182 3.67623421
871 3202 2.53022992 0.00253022992 3.67623421
871 3202 2.53025204 0.00253025204 3.67623421
871 3202 2.53022998 0.00253022998 3.67623421
871 3202 2.53022412 0.00253022412 3.67623421
871 3202 2.5302251 0.0025302251 3.67623421
871 3202 2.53022551 0.00253022551 3.67623421
871 3202 2.53021948 0.00253021948 3.67623421
871 3202 2.53021651 0.00253021651 3.67623421
870 3198 2.52663597 0.00252663597 3.67586207
870 3193 2.52615619 0.00252615619 3.67011494
870 3193 2.52666337 0.00252666337 3.67011494
870 3198 2.52668345 0.00252668345 3.67586207
870 3198 2.52663639 0.00252663639 3.67586207
870 3198 2.52661135 0.00252661135 3.67586207
870 3193 2.52666054 0.00252666054 3.67011494
870 3192 2.52619326 0.00252619326 3.66896552
870 3193 2.52669085 0.00252669085 3.67011494
870 3193 2.52664704 0.00252664704 3.67011494
869 3189 2.52278574 0.00252278574 3.66973533
869 3189 2.5227771 0.0025227771 3.66973533
869 3189 2.52278344 0.00252278344 3.66973533
869 3189 2.5227746 0.0025227746 3.66973533
869 3189 2.52277651 0.00252277651 3.66973533
869 3189 2.52279004 0.00252279004 3.66973533
869 3189 2.52278421 0.00252278421 3.66973533
869 3189 2.52278377 0.00252278377 3.66973533
869 3189 2.52278953 0.00252278953 3.66973533
869 3189 2.52278574 0.00252278574 3.66973533
868 3184 2.52025139 0.00252025139 3.66820276
868 3184 2.52025455 0.00252025455 3.66820276
868 3184 2.51885497 0.00251885497 3.66820276
868 3184 2.51883272 0.00251883272 3.66820276
868 3184 2.51884167 0.00251884167 3.66820276
868 3184 2.5188473 0.0025188473 3.66820276
868 3184 2.51885321 0.00251885321 3.66820276
868 3184 2.51886308 0.00251886308 3.66820276
868 3184 2.51886269 0.00251886269 3.66820276
868 3184 2.51885723 0.00251885723 3.66820276
867 3179 2.51634823 0.00251634823 3.66666667
867 3179 2.51633224 0.00251633224 3.66666667
867 3179 2.5163414 0.0025163414 3.66666667
867 3179 2.51634909 0.00251634909 3.66666667
867 3179 2.51633328 0.00251633328 3.66666667
867 3179 2.51631713 0.00251631713 3.66666667
867 3179 2.51630897 0.00251630897 3.66666667
867 3179 2.51630257 0.00251630257 3.66666667
867 3179 2.51630542 0.00251630542 3.66666667
867 3179 2.51629559 0.00251629559 3.66666667
866 3171 2.51229521 0.00251229521 3.66166282
866 3171 2.5122846 0.0025122846 3.66166282
866 3171 2.51228841 0.00251228841 3.66166282
866 3171 2.51229641 0.00251229641 3.66166282
866 3171 2.51230294 0.00251230294 3.66166282
866 3171 2.51229547 0.00251229547 3.66166282
866 3171 2.51229378 0.00251229378 3.66166282
866 3171 2.51230893 0.00251230893 3.66166282
866 3171 2.5123239 0.0025123239 3.66166282
866 3171 2.51232761 0.00251232761 3.66166282
865 3164 2.50828498 0.00250828498 3.65780347
865 3165 2.50702324 0.00250702324 3.65895954
865 3166 2.50855101 0.00250855101 3.66011561
865 3166 2.50856011 0.00250856011 3.66011561
865 3166 2.5085766 0.0025085766 3.66011561
865 3166 2.50855478 0.00250855478 3.66011561
865 3166 2.50854126 0.00250854126 3.66011561
865 3166 2.50852528 0.00250852528 3.66011561
865 3166 2.50852415 0.00250852415 3.66011561
865 3166 2.50852505 0.00250852505 3.66011561
864 3158 2.50457248 0.00250457248 3.65509259
864 3158 2.50451624 0.00250451624 3.65509259
864 3158 2.50454617 0.00250454617 3.65509259
864 3158 2.50456613 0.00250456613 3.65509259
864 3158 2.50457873 0.00250457873 3.65509259
864 3158 2.50458514 0.00250458514 3.65509259
864 3158 2.50459414 0.00250459414 3.65509259
864 3158 2.50460434 0.00250460434 3.65509259
864 3158 2.50461104 0.00250461104 3.65509259
864 3158 2.5046176 0.0025046176 3.65509259
863 3152 2.50049206 0.00250049206 3.65237543
863 3152 2.50049315 0.00250049315 3.65237543
863 3152 2.50049545 0.00250049545 3.65237543
863 3152 2.5005034 0.0025005034 3.65237543
863 3152 2.50050305 0.00250050305 3.65237543
863 3152 2.50050018 0.00250050018 3.65237543
863 3152 2.50050101 0.00250050101 3.65237543
863 3152 2.50050065 0.00250050065 3.65237543
863 3152 2.50049949 0.00250049949 3.65237543
863 3152 2.50049655 0.00250049655 3.65237543
862 3147 2.50047485 0.00250047485 3.65081206
862 3147 2.50047599 0.00250047599 3.65081206
862 3147 2.50048556 0.00250048556 3.65081206
862 3147 2.50048081 0.00250048081 3.65081206
862 3147 2.50048121 0.00250048121 3.65081206
862 3147 2.5004828 0.0025004828 3.65081206
862 3147 2.5004824 0.0025004824 3.65081206
862 3147 2.50048055 0.00250048055 3.65081206
862 3147 2.50048109 0.00250048109 3.65081206
862 3147 2.50048101 0.00250048101 3.65081206
861 3141 2.49647919 0.00249647919 3.64808362
861 3141 2.4964818 0.0024964818 3.64808362
861 3141 2.49648474 0.00249648474 3.64808362
861 3140 2.49634706 0.00249634706 3.64692218
861 3141 2.49647713 0.00249647713 3.64808362
861 3141 2.49647748 0.00249647748 3.64808362
861 3141 2.49646329 0.00249646329 3.64808362
861 3141 2.49648379 0.00249648379 3.64808362
861 3141 2.49649371 0.00249649371 3.64808362
861 3141 2.49645517 0.00249645517 3.64808362
860 3134 2.4923327 0.0024923327 3.64418605
860 3134 2.49236173 0.00249236173 3.64418605
860 3134 2.4923741 0.0024923741 3.64418605
860 3134 2.49237503 0.00249237503 3.64418605
860 3134 2.49237578 0.00249237578 3.64418605
860 3134 2.49237643 0.00249237643 3.64418605
860 3134 2.49237752 0.00249237752 3.64418605
860 3134 2.49237862 0.00249237862 3.64418605
860 3134 2.49237986 0.00249237986 3.64418605
860 3134 2.49238007 0.00249238007 3.64418605
859 3127 2.48910867 0.00248910867 3.64027939
859 3132 2.48904794 0.00248904794 3.64610012
859 3132 2.49004849 0.00249004849 3.64610012
859 3131 2.48989906 0.00248989906 3.64493597
859 3130 2.48595894 0.00248595894 3.64377183
859 3132 2.49005444 0.00249005444 3.64610012
859 3132 2.49004342 0.00249004342 3.64610012
859 3132 2.49006404 0.00249006404 3.64610012
859 3132 2.49005299 0.00249005299 3.64610012
859 3132 2.49004497 0.00249004497 3.64610012
858 3125 2.48594361 0.00248594361 3.64219114
858 3125 2.48598216 0.00248598216 3.64219114
858 3125 2.48597062 0.00248597062 3.64219114
858 3125 2.48597482 0.00248597482 3.64219114
858 3125 2.48595429 0.00248595429 3.64219114
858 3125 2.48591008 0.00248591008 3.64219114
858 3125 2.4859233 0.0024859233 3.64219114
858 3125 2.48592685 0.00248592685 3.64219114
858 3125 2.48591004 0.00248591004 3.64219114
858 3125 2.48591253 0.00248591253 3.64219114
857 3119 2.48164018 0.00248164018 3.63943991
857 3119 2.481692 0.002481692 3.63943991
857 3119 2.48170323 0.00248170323 3.63943991
857 3119 2.48167604 0.00248167604 3.63943991
857 3119 2.48164436 0.00248164436 3.63943991
857 3117 2.48147084 0.00248147084 3.63710618
857 3119 2.48168477 0.00248168477 3.63943991
857 3119 2.48174075 0.00248174075 3.63943991
857 3119 2.48172288 0.00248172288 3.63943991
857 3119 2.48170989 0.00248170989 3.63943991
856 3114 2.47808642 0.00247808642 3.63785047
856 3111 2.47740583 0.00247740583 3.63434579
856 3111 2.47740505 0.00247740505 3.63434579
856 3111 2.47740064 0.00247740064 3.63434579
856 3111 2.47738307 0.00247738307 3.63434579
856 3111 2.47736709 0.00247736709 3.63434579
856 3111 2.47735898 0.00247735898 3.63434579
856 3111 2.47735317 0.00247735317 3.63434579
856 3111 2.47734464 0.00247734464 3.63434579
856 3111 2.47734131 0.00247734131 3.63434579
855 3106 2.47375103 0.00247375103 3.63274854
855 3106 2.47376133 0.00247376133 3.63274854
855 3106 2.47380923 0.00247380923 3.63274854
855 3106 2.47379309 0.00247379309 3.63274854
855 3106 2.47380128 0.00247380128 3.63274854
855 3106 2.47380112 0.00247380112 3.63274854
855 3106 2.47381208 0.00247381208 3.63274854
855 3106 2.47380479 0.00247380479 3.63274854
855 3106 2.47381273 0.00247381273 3.63274854
855 3106 2.47380722 0.00247380722 3.63274854
854 3101 2.47021214 0.00247021214 3.63114754
854 3098 2.46941769 0.00246941769 3.62763466
854 3101 2.47022041 0.00247022041 3.63114754
854 3098 2.46941023 0.00246941023 3.62763466
854 3101 2.47021963 0.00247021963 3.63114754
854 3101 2.47021618 0.00247021618 3.63114754
854 3101 2.47022364 0.00247022364 3.63114754
854 3101 2.47022331 0.00247022331 3.63114754
854 3101 2.47022616 0.00247022616 3.63114754
854 3101 2.47023496 0.00247023496 3.63114754
853 3093 2.46595201 0.00246595201 3.62602579
853 3093 2.46596049 0.00246596049 3.62602579
853 3093 2.46596886 0.00246596886 3.62602579
853 3093 2.46589616 0.00246589616 3.62602579
853 3093 2.46577636 0.00246577636 3.62602579
853 3093 2.46593724 0.00246593724 3.62602579
853 3093 2.46591751 0.00246591751 3.62602579
853 3093 2.46591875 0.00246591875 3.62602579
853 3093 2.46591587 0.00246591587 3.62602579
853 3090 2.46483161 0.00246483161 3.62250879
852 3085 2.46160231 0.00246160231 3.62089202
852 3085 2.4615859 0.0024615859 3.62089202
852 3085 2.46160602 0.00246160602 3.62089202
852 3085 2.46158767 0.00246158767 3.62089202
852 3086 2.46190001 0.00246190001 3.62206573
852 3087 2.46149492 0.00246149492 3.62323944
852 3090 2.46190152 0.00246190152 3.62676056
852 3089 2.46183455 0.00246183455 3.62558685
852 3090 2.46250128 0.00246250128 3.62676056
852 3090 2.46246566 0.00246246566 3.62676056
851 3082 2.45830233 0.00245830233 3.62162162
851 3082 2.4583262 0.0024583262 3.62162162
851 3082 2.45830928 0.00245830928 3.62162162
851 3081 2.45762949 0.00245762949 3.62044653
851 3082 2.45822787 0.00245822787 3.62162162
851 3080 2.45769751 0.00245769751 3.61927145
851 3079 2.45415278 0.00245415278 3.61809636
851 3080 2.45777199 0.00245777199 3.61927145
851 3082 2.45832297 0.00245832297 3.62162162
851 3082 2.45831946 0.00245831946 3.62162162
850 3074 2.45416647 0.00245416647 3.61647059
850 3074 2.45416934 0.00245416934 3.61647059
850 3074 2.45417211 0.00245417211 3.61647059
850 3074 2.45417059 0.00245417059 3.61647059
850 3074 2.45417693 0.00245417693 3.61647059
850 3074 2.45411955 0.00245411955 3.61647059
850 3074 2.45413961 0.00245413961 3.61647059
850 3074 2.45417388 0.00245417388 3.61647059
850 3074 2.45410731 0.00245410731 3.61647059
850 3074 2.45415668 0.00245415668 3.61647059
849 3065 2.44994166 0.00244994166 3.61012956
849 3064 2.44816823 0.00244816823 3.60895171
849 3063 2.45042694 0.00245042694 3.60777385
849 3061 2.45061159 0.00245061159 3.60541814
849 3057 2.44991547 0.00244991547 3.60070671
849 3063 2.45117388 0.00245117388 3.60777385
849 3063 2.4494141 0.0024494141 3.60777385
849 3060 2.4492026 0.0024492026 3.60424028
849 3062 2.44984579 0.00244984579 3.606596
849 3060 2.44941039 0.00244941039 3.60424028
848 3055 2.44722326 0.00244722326 3.60259434
848 3055 2.44720314 0.00244720314 3.60259434
848 3055 2.44723592 0.00244723592 3.60259434
848 3055 2.44723313 0.00244723313 3.60259434
848 3055 2.44722366 0.00244722366 3.60259434
848 3055 2.44722729 0.00244722729 3.60259434
848 3055 2.44723177 0.00244723177 3.60259434
848 3055 2.44723563 0.00244723563 3.60259434
848 3055 2.44723447 0.00244723447 3.60259434
848 3055 2.44723672 0.00244723672 3.60259434
847 3050 2.44310108 0.00244310108 3.60094451
847 3050 2.44312768 0.00244312768 3.60094451
847 3050 2.44303743 0.00244303743 3.60094451
847 3050 2.44307692 0.00244307692 3.60094451
847 3050 2.44305593 0.00244305593 3.60094451
847 3044 2.44334906 0.00244334906 3.59386068
847 3050 2.44307229 0.00244307229 3.60094451
847 3050 2.44313985 0.00244313985 3.60094451
847 3050 2.44312535 0.00244312535 3.60094451
847 3050 2.44306993 0.00244306993 3.60094451
846 3039 2.43918495 0.00243918495 3.59219858
846 3039 2.43918759 0.00243918759 3.59219858
846 3039 2.43921962 0.00243921962 3.59219858
846 3039 2.43921125 0.00243921125 3.59219858
846 3039 2.43920892 0.00243920892 3.59219858
846 3039 2.43922256 0.00243922256 3.59219858
846 3039 2.43921799 0.00243921799 3.59219858
846 3039 2.43921842 0.00243921842 3.59219858
846 3039 2.43922431 0.00243922431 3.59219858
846 3039 2.43922342 0.00243922342 3.59219858
845 3034 2.43747178 0.00243747178 3.59053254
845 3034 2.43746975 0.00243746975 3.59053254
845 3034 2.43747741 0.00243747741 3.59053254
845 3034 2.43747427 0.00243747427 3.59053254
845 3034 2.43747407 0.00243747407 3.59053254
845 3034 2.43747934 0.00243747934 3.59053254
845 3034 2.4374816 0.0024374816 3.59053254
845 3034 2.43748656 0.00243748656 3.59053254
845 3034 2.43748773 0.00243748773 3.59053254
845 3034 2.43749042 0.00243749042 3.59053254
844 3025 2.4351833 0.0024351833 3.58412322
844 3025 2.43520084 0.00243520084 3.58412322
844 3025 2.43521215 0.00243521215 3.58412322
844 3025 2.43523131 0.00243523131 3.58412322
844 3025 2.4352458 0.0024352458 3.58412322
844 3025 2.43525312 0.00243525312 3.58412322
844 3025 2.43525432 0.00243525432 3.58412322
844 3025 2.43525818 0.00243525818 3.58412322
844 3025 2.4352585 0.0024352585 3.58412322
844 3025 2.4352588 0.0024352588 3.58412322
843 3018 2.43101934 0.00243101934 3.58007117
843 3018 2.43081938 0.00243081938 3.58007117
843 3018 2.43093984 0.00243093984 3.58007117
843 3018 2.43092956 0.00243092956 3.58007117
843 3018 2.43087771 0.00243087771 3.58007117
843 3018 2.43091341 0.00243091341 3.58007117
843 3018 2.43089941 0.00243089941 3.58007117
843 3018 2.43088587 0.00243088587 3.58007117
843 3018 2.43091335 0.00243091335 3.58007117
843 3018 2.43090589 0.00243090589 3.58007117
842 3012 2.42792748 0.00242792748 3.57719715
842 3011 2.42671552 0.00242671552 3.5760095
842 3012 2.42928158 0.00242928158 3.57719715
842 3012 2.42925234 0.00242925234 3.57719715
842 3012 2.42926665 0.00242926665 3.57719715
842 3012 2.42924798 0.00242924798 3.57719715
842 3012 2.42937105 0.00242937105 3.57719715
842 3012 2.42917038 0.00242917038 3.57719715
842 3012 2.42916546 0.00242916546 3.57719715
842 3012 2.42919017 0.00242919017 3.57719715
841 3005 2.42513596 0.00242513596 3.57312723
841 3005 2.4250379 0.0024250379 3.57312723
841 3005 2.42504823 0.00242504823 3.57312723
841 3005 2.42502892 0.00242502892 3.57312723
841 3005 2.42502213 0.00242502213 3.57312723
841 3005 2.42504565 0.00242504565 3.57312723
841 3005 2.42503308 0.00242503308 3.57312723
841 3005 2.42505833 0.00242505833 3.57312723
841 3005 2.42503377 0.00242503377 3.57312723
841 3005 2.42505566 0.00242505566 3.57312723
840 2999 2.42076912 0.00242076912 3.5702381
840 2999 2.42078575 0.00242078575 3.5702381
840 2995 2.42034809 0.00242034809 3.56547619
840 2999 2.42072421 0.00242072421 3.5702381
840 2999 2.42074432 0.00242074432 3.5702381
840 2999 2.42074978 0.00242074978 3.5702381
840 2999 2.42081571 0.00242081571 3.5702381
840 2999 2.42079413 0.00242079413 3.5702381
840 2999 2.42085701 0.00242085701 3.5702381
840 2999 2.42087482 0.00242087482 3.5702381
839 2989 2.41647743 0.00241647743 3.56257449
839 2989 2.41634386 0.00241634386 3.56257449
839 2989 2.4163821 0.0024163821 3.56257449
839 2989 2.41639396 0.00241639396 3.56257449
839 2989 2.41637325 0.00241637325 3.56257449
839 2989 2.41637556 0.00241637556 3.56257449
839 2989 2.416381 0.002416381 3.56257449
839 2989 2.41639347 0.00241639347 3.56257449
839 2989 2.41637822 0.00241637822 3.56257449
839 2989 2.41636708 0.00241636708 3.56257449
838 2982 2.41322536 0.00241322536 3.55847255
838 2982 2.4132434 0.0024132434 3.55847255
838 2984 2.41173727 0.00241173727 3.56085919
838 2986 2.41199923 0.00241199923 3.56324582
838 2991 2.41219516 0.00241219516 3.56921241
838 2994 2.41245869 0.00241245869 3.57279236
838 2994 2.41239006 0.00241239006 3.57279236
838 2994 2.41246072 0.00241246072 3.57279236
838 2994 2.41234963 0.00241234963 3.57279236
838 2994 2.41233771 0.00241233771 3.57279236
837 2987 2.40834211 0.00240834211 3.56869773
837 2987 2.40825085 0.00240825085 3.56869773
837 2987 2.40826948 0.00240826948 3.56869773
837 2987 2.40821906 0.00240821906 3.56869773
837 2987 2.40822315 0.00240822315 3.56869773
837 2987 2.40827071 0.00240827071 3.56869773
837 2987 2.40826325 0.00240826325 3.56869773
837 2987 2.40829217 0.00240829217 3.56869773
837 2987 2.40825198 0.00240825198 3.56869773
837 2987 2.40820421 0.00240820421 3.56869773
836 2980 2.40527244 0.00240527244 3.5645933
836 2980 2.4051633 0.0024051633 3.5645933
836 2980 2.40524469 0.00240524469 3.5645933
836 2980 2.4053421 0.0024053421 3.5645933
836 2980 2.40531981 0.00240531981 3.5645933
836 2980 2.40536253 0.00240536253 3.5645933
836 2980 2.40524373 0.00240524373 3.5645933
836 2980 2.40525248 0.00240525248 3.5645933
836 2980 2.40516621 0.00240516621 3.5645933
836 2980 2.40529235 0.00240529235 3.5645933
835 2970 2.40097432 0.00240097432 3.55688623
835 2970 2.40083501 0.00240083501 3.55688623
835 2970 2.40077354 0.00240077354 3.55688623
835 2977 2.40090778 0.00240090778 3.56526946
835 2975 2.40353738 0.00240353738 3.56287425
834 2969 2.40069672 0.00240069672 3.55995204
834 2969 2.40068891 0.00240068891 3.55995204
834 2969 2.40073077 0.00240073077 3.55995204
834 2971 2.3999663 0.0023999663 3.56235012
834 2967 2.40163567 0.00240163567 3.55755396
833 2962 2.39777039 0.00239777039 3.55582233
833 2962 2.39786597 0.00239786597 3.55582233
833 2960 2.39539498 0.00239539498 3.55342137
833 2958 2.39703178 0.00239703178 3.55102041
833 2962 2.39661587 0.00239661587 3.55582233
833 2962 2.3966392 0.0023966392 3.55582233
833 2962 2.39659868 0.00239659868 3.55582233
833 2962 2.39655249 0.00239655249 3.55582233
833 2962 2.39658708 0.00239658708 3.55582233
833 2962 2.39663011 0.00239663011 3.55582233
832 2955 2.39367751 0.00239367751 3.55168269
832 2955 2.39368831 0.00239368831 3.55168269
832 2955 2.39373173 0.00239373173 3.55168269
832 2955 2.39373497 0.00239373497 3.55168269
832 2955 2.39370503 0.00239370503 3.55168269
832 2955 2.39368226 0.00239368226 3.55168269
832 2955 2.39366647 0.00239366647 3.55168269
832 2955 2.39367033 0.00239367033 3.55168269
832 2955 2.39369525 0.00239369525 3.55168269
832 2955 2.39371478 0.00239371478 3.55168269
831 2950 2.38942554 0.00238942554 3.54993983
831 2950 2.38947076 0.00238947076 3.54993983
831 2950 2.38947965 0.00238947965 3.54993983
831 2950 2.38942886 0.00238942886 3.54993983
831 2950 2.38943915 0.00238943915 3.54993983
831 2947 2.38984298 0.00238984298 3.54632972
831 2950 2.38706768 0.00238706768 3.54993983
831 2949 2.38937513 0.00238937513 3.54873646
831 2951 2.3892988 0.0023892988 3.5511432
831 2951 2.38951924 0.00238951924 3.5511432
830 2944 2.38662327 0.00238662327 3.54698795
830 2944 2.38665177 0.00238665177 3.54698795
830 2944 2.38668274 0.00238668274 3.54698795
830 2944 2.38663179 0.00238663179 3.54698795
830 2944 2.38655949 0.00238655949 3.54698795
830 2944 2.38665384 0.00238665384 3.54698795
830 2944 2.38672685 0.00238672685 3.54698795
830 2944 2.38675522 0.00238675522 3.54698795
830 2944 2.38665904 0.00238665904 3.54698795
830 2944 2.38656632 0.00238656632 3.54698795
829 2937 2.38242256 0.00238242256 3.54282268
829 2937 2.38248714 0.00238248714 3.54282268
829 2937 2.38247551 0.00238247551 3.54282268
829 2934 2.38239265 0.00238239265 3.53920386
829 2934 2.38245368 0.00238245368 3.53920386
829 2934 2.3824568 0.0023824568 3.53920386
829 2937 2.38248267 0.00238248267 3.54282268
829 2937 2.38252284 0.00238252284 3.54282268
829 2937 2.38256069 0.00238256069 3.54282268
829 2937 2.38256614 0.00238256614 3.54282268
828 2927 2.37836941 0.00237836941 3.53502415
828 2927 2.37829767 0.00237829767 3.53502415
828 2927 2.37821825 0.00237821825 3.53502415
828 2927 2.37833221 0.00237833221 3.53502415
828 2927 2.37829758 0.00237829758 3.53502415
828 2927 2.37825557 0.00237825557 3.53502415
828 2927 2.37828458 0.00237828458 3.53502415
828 2927 2.37830252 0.00237830252 3.53502415
828 2927 2.37830788 0.00237830788 3.53502415
828 2927 2.3782818 0.0023782818 3.53502415
827 2920 2.3741666 0.0023741666 3.53083434
827 2920 2.37419506 0.00237419506 3.53083434
827 2920 2.37415434 0.00237415434 3.53083434
827 2920 2.37417114 0.00237417114 3.53083434
827 2920 2.37418242 0.00237418242 3.53083434
827 2920 2.37418724 0.00237418724 3.53083434
827 2920 2.37421408 0.00237421408 3.53083434
827 2920 2.37419732 0.00237419732 3.53083434
827 2920 2.3742185 0.0023742185 3.53083434
827 2920 2.37421237 0.00237421237 3.53083434
826 2915 2.37145984 0.00237145984 3.52905569
826 2915 2.37144861 0.00237144861 3.52905569
826 2915 2.37140879 0.00237140879 3.52905569
826 2915 2.3714162 0.0023714162 3.52905569
826 2915 2.37139534 0.00237139534 3.52905569
826 2915 2.37139257 0.00237139257 3.52905569
826 2915 2.37136036 0.00237136036 3.52905569
826 2915 2.37137378 0.00237137378 3.52905569
826 2915 2.37136195 0.00237136195 3.52905569
826 2915 2.37135541 0.00237135541 3.52905569
825 2913 2.36719291 0.00236719291 3.53090909
825 2913 2.36720669 0.00236720669 3.53090909
825 2913 2.3671988 0.0023671988 3.53090909
825 2913 2.36721031 0.00236721031 3.53090909
825 2913 2.36722055 0.00236722055 3.53090909
825 2913 2.36721355 0.00236721355 3.53090909
825 2913 2.36722382 0.00236722382 3.53090909
825 2913 2.36722241 0.00236722241 3.53090909
825 2913 2.36721835 0.00236721835 3.53090909
825 2913 2.3672313 0.0023672313 3.53090909
824 2906 2.36330054 0.00236330054 3.52669903
824 2906 2.36329713 0.00236329713 3.52669903
824 2906 2.36331789 0.00236331789 3.52669903
824 2906 2.36332223 0.00236332223 3.52669903
824 2906 2.36332689 0.00236332689 3.52669903
824 2906 2.36334198 0.00236334198 3.52669903
824 2906 2.36334807 0.00236334807 3.52669903
824 2906 2.36334651 0.00236334651 3.52669903
824 2906 2.36335557 0.00236335557 3.52669903
824 2906 2.36335321 0.00236335321 3.52669903
823 2899 2.35923506 0.00235923506 3.52247874
823 2897 2.35757208 0.00235757208 3.5200486
823 2897 2.36096263 0.00236096263 3.5200486
823 2893 2.36213824 0.00236213824 3.51518834
823 2896 2.36075539 0.00236075539 3.51883354
823 2896 2.36076205 0.00236076205 3.51883354
823 2896 2.36078301 0.00236078301 3.51883354
823 2896 2.36078619 0.00236078619 3.51883354
823 2893 2.36213866 0.00236213866 3.51518834
823 2893 2.36208734 0.00236208734 3.51518834
822 2891 2.35803972 0.00235803972 3.51703163
822 2891 2.35804436 0.00235804436 3.51703163
822 2891 2.35802476 0.00235802476 3.51703163
822 2891 2.35801779 0.00235801779 3.51703163
822 2891 2.35802626 0.00235802626 3.51703163
822 2891 2.35801514 0.00235801514 3.51703163
822 2891 2.35801883 0.00235801883 3.51703163
822 2891 2.35802211 0.00235802211 3.51703163
822 2891 2.3580122 0.0023580122 3.51703163
822 2891 2.3580192 0.0023580192 3.51703163
821 2884 2.35405167 0.00235405167 3.51278928
821 2884 2.35402201 0.00235402201 3.51278928
821 2884 2.35402779 0.00235402779 3.51278928
821 2884 2.35402553 0.00235402553 3.51278928
821 2884 2.35403081 0.00235403081 3.51278928
821 2884 2.35404212 0.00235404212 3.51278928
821 2884 2.35404992 0.00235404992 3.51278928
821 2884 2.35404681 0.00235404681 3.51278928
821 2884 2.35405472 0.00235405472 3.51278928
821 2884 2.35405632 0.00235405632 3.51278928
820 2876 2.34994685 0.00234994685 3.50731707
820 2876 2.34992632 0.00234992632 3.50731707
820 2876 2.3499167 0.0023499167 3.50731707
820 2876 2.34992474 0.00234992474 3.50731707
820 2876 2.3499257 0.0023499257 3.50731707
820 2876 2.349908 0.002349908 3.50731707
820 2879 2.34938773 0.00234938773 3.51097561
820 2876 2.34986619 0.00234986619 3.50731707
820 2876 2.34990263 0.00234990263 3.50731707
820 2876 2.34988523 0.00234988523 3.50731707
819 2871 2.34528775 0.00234528775 3.50549451
819 2871 2.34534091 0.00234534091 3.50549451
819 2871 2.34530951 0.00234530951 3.50549451
819 2871 2.34531862 0.00234531862 3.50549451
819 2871 2.34531434 0.00234531434 3.50549451
819 2871 2.34530305 0.00234530305 3.50549451
819 2871 2.34530237 0.00234530237 3.50549451
819 2871 2.34531752 0.00234531752 3.50549451
819 2871 2.34530524 0.00234530524 3.50549451
819 2871 2.34531251 0.00234531251 3.50549451
818 2868 2.34293771 0.00234293771 3.50611247
818 2868 2.34296081 0.00234296081 3.50611247
818 2868 2.3429424 0.0023429424 3.50611247
818 2868 2.34290162 0.00234290162 3.50611247
818 2868 2.34290244 0.00234290244 3.50611247
818 2868 2.3428795 0.0023428795 3.50611247
818 2868 2.34285513 0.00234285513 3.50611247
818 2868 2.34282487 0.00234282487 3.50611247
818 2868 2.34280098 0.00234280098 3.50611247
818 2868 2.34278504 0.00234278504 3.50611247
817 2859 2.3389872 0.0023389872 3.499388
817 2859 2.33900864 0.00233900864 3.499388
817 2859 2.33903938 0.00233903938 3.499388
817 2859 2.33909066 0.00233909066 3.499388
817 2860 2.33810355 0.00233810355 3.500612
817 2860 2.33804697 0.00233804697 3.500612
817 2860 2.33807283 0.00233807283 3.500612
817 2859 2.33916441 0.00233916441 3.499388
817 2859 2.33915214 0.00233915214 3.499388
817 2859 2.33912765 0.00233912765 3.499388
816 2852 2.33453364 0.00233453364 3.49509804
816 2854 2.33448708 0.00233448708 3.49754902
816 2856 2.33570073 0.00233570073 3.5
816 2855 2.33472161 0.00233472161 3.49877451
816 2857 2.33474383 0.00233474383 3.50122549
816 2857 2.33467447 0.00233467447 3.50122549
816 2857 2.33461662 0.00233461662 3.50122549
816 2857 2.33464003 0.00233464003 3.50122549
816 2857 2.3346232 0.0023346232 3.50122549
816 2857 2.3346302 0.0023346302 3.50122549
815 2849 2.33057021 0.00233057021 3.49570552
815 2849 2.33055111 0.00233055111 3.49570552
815 2849 2.3305716 0.0023305716 3.49570552
815 2849 2.33060433 0.00233060433 3.49570552
815 2849 2.33063781 0.00233063781 3.49570552
815 2849 2.33060632 0.00233060632 3.49570552
815 2849 2.33059819 0.00233059819 3.49570552
815 2849 2.33059432 0.00233059432 3.49570552
815 2849 2.33058454 0.00233058454 3.49570552
815 2849 2.33059838 0.00233059838 3.49570552
814 2844 2.32604761 0.00232604761 3.49385749
814 2844 2.32600074 0.00232600074 3.49385749
814 2844 2.32599657 0.00232599657 3.49385749
814 2844 2.32600467 0.00232600467 3.49385749
814 2844 2.32598608 0.00232598608 3.49385749
814 2844 2.32599607 0.00232599607 3.49385749
814 2844 2.32598996 0.00232598996 3.49385749
814 2844 2.32600108 0.00232600108 3.49385749
814 2844 2.32600818 0.00232600818 3.49385749
814 2844 2.32599463 0.00232599463 3.49385749
813 2841 2.32362236 0.00232362236 3.49446494
813 2841 2.32364778 0.00232364778 3.49446494
813 2841 2.32364822 0.00232364822 3.49446494
813 2841 2.32363801 0.00232363801 3.49446494
813 2841 2.3236227 0.0023236227 3.49446494
813 2841 2.32363374 0.00232363374 3.49446494
813 2841 2.32362566 0.00232362566 3.49446494
813 2841 2.32363154 0.00232363154 3.49446494
813 2841 2.32364083 0.00232364083 3.49446494
813 2841 2.32363582 0.00232363582 3.49446494
812 2834 2.3189758 0.0023189758 3.49014778
812 2834 2.3189723 0.0023189723 3.49014778
812 2834 2.31894472 0.00231894472 3.49014778
812 2834 2.31894526 0.00231894526 3.49014778
812 2834 2.3189446 0.0023189446 3.49014778
812 2834 2.31892232 0.00231892232 3.49014778
812 2834 2.31892414 0.00231892414 3.49014778
812 2834 2.31887043 0.00231887043 3.49014778
812 2834 2.3188638 0.0023188638 3.49014778
812 2834 2.31884928 0.00231884928 3.49014778
811 2825 2.31503598 0.00231503598 3.48335388
811 2825 2.31508787 0.00231508787 3.48335388
811 2826 2.31417102 0.00231417102 3.48458693
811 2826 2.31410247 0.00231410247 3.48458693
811 2825 2.31521251 0.00231521251 3.48335388
811 2825 2.31515913 0.00231515913 3.48335388
811 2825 2.31514468 0.00231514468 3.48335388
811 2825 2.31513937 0.00231513937 3.48335388
811 2825 2.31512797 0.00231512797 3.48335388
811 2825 2.31512701 0.00231512701 3.48335388
810 2817 2.31032294 0.00231032294 3.47777778
810 2817 2.31034686 0.00231034686 3.47777778
810 2821 2.31014217 0.00231014217 3.48271605
810 2823 2.31293212 0.00231293212 3.48518519
809 2819 2.30957726 0.00230957726 3.48454883
809 2823 2.31171525 0.00231171525 3.4894932
809 2823 2.31362993 0.00231362993 3.4894932
809 2817 2.31664832 0.00231664832 3.48207664
809 2822 2.31716582 0.00231716582 3.48825711
809 2822 2.31716037 0.00231716037 3.48825711
808 2814 2.31308691 0.00231308691 3.48267327
808 2814 2.31308848 0.00231308848 3.48267327
808 2814 2.31310971 0.00231310971 3.48267327
808 2814 2.31317163 0.00231317163 3.48267327
808 2814 2.31313499 0.00231313499 3.48267327
808 2817 2.31267369 0.00231267369 3.48638614
808 2814 2.31305892 0.00231305892 3.48267327
808 2814 2.31310648 0.00231310648 3.48267327
808 2817 2.31267332 0.00231267332 3.48638614
808 2816 2.3124922 0.0023124922 3.48514851
807 2809 2.3086777 0.0023086777 3.48079306
807 2809 2.30869314 0.00230869314 3.48079306
807 2809 2.30868466 0.00230868466 3.48079306
807 2809 2.30867498 0.00230867498 3.48079306
807 2809 2.30868421 0.00230868421 3.48079306
807 2809 2.30867157 0.00230867157 3.48079306
807 2809 2.30868314 0.00230868314 3.48079306
807 2809 2.30867314 0.00230867314 3.48079306
807 2809 2.30867593 0.00230867593 3.48079306
807 2809 2.30868628 0.00230868628 3.48079306
806 2806 2.30643197 0.00230643197 3.48138958
806 2806 2.30647241 0.00230647241 3.48138958
806 2806 2.30645416 0.00230645416 3.48138958
806 2806 2.3064535 0.0023064535 3.48138958
806 2806 2.3064443 0.0023064443 3.48138958
806 2806 2.30643685 0.00230643685 3.48138958
806 2806 2.30644649 0.00230644649 3.48138958
806 2806 2.30644792 0.00230644792 3.48138958
806 2806 2.30644373 0.00230644373 3.48138958
806 2806 2.30645592 0.00230645592 3.48138958
805 2799 2.30187118 0.00230187118 3.47701863
805 2799 2.30185516 0.00230185516 3.47701863
805 2799 2.30184924 0.00230184924 3.47701863
805 2799 2.30183319 0.00230183319 3.47701863
805 2799 2.30182426 0.00230182426 3.47701863
805 2799 2.30182177 0.00230182177 3.47701863
805 2799 2.30180784 0.00230180784 3.47701863
805 2799 2.30177946 0.00230177946 3.47701863
805 2799 2.3017457 0.0023017457 3.47701863
805 2799 2.30173958 0.00230173958 3.47701863
804 2790 2.29805602 0.00229805602 3.47014925
804 2790 2.29809013 0.00229809013 3.47014925
804 2790 2.29807508 0.00229807508 3.47014925
804 2790 2.29810674 0.00229810674 3.47014925
804 2790 2.29809695 0.00229809695 3.47014925
804 2790 2.29811957 0.00229811957 3.47014925
804 2790 2.29812222 0.00229812222 3.47014925
804 2790 2.2981173 0.0022981173 3.47014925
804 2790 2.29812195 0.00229812195 3.47014925
804 2790 2.29811494 0.00229811494 3.47014925
803 2782 2.29338621 0.00229338621 3.46450809
803 2782 2.29351465 0.00229351465 3.46450809
803 2782 2.29343314 0.00229343314 3.46450809
803 2782 2.29344242 0.00229344242 3.46450809
803 2782 2.293492 0.002293492 3.46450809
803 2782 2.29346956 0.00229346956 3.46450809
803 2782 2.29348542 0.00229348542 3.46450809
803 2782 2.29350002 0.00229350002 3.46450809
803 2782 2.29350463 0.00229350463 3.46450809
803 2782 2.29351348 0.00229351348 3.46450809
802 2774 2.28856413 0.00228856413 3.45885287
802 2776 2.28833819 0.00228833819 3.46134663
802 2776 2.28941122 0.00228941122 3.46134663
802 2776 2.28939107 0.00228939107 3.46134663
802 2776 2.28938179 0.00228938179 3.46134663
802 2776 2.28939971 0.00228939971 3.46134663
802 2776 2.28939278 0.00228939278 3.46134663
802 2776 2.28937694 0.00228937694 3.46134663
802 2776 2.28939282 0.00228939282 3.46134663
802 2776 2.28937345 0.00228937345 3.46134663
801 2768 2.28465949 0.00228465949 3.4556804
801 2768 2.28469551 0.00228469551 3.4556804
801 2768 2.28472321 0.00228472321 3.4556804
801 2768 2.28473918 0.00228473918 3.4556804
801 2768 2.28478291 0.00228478291 3.4556804
801 2768 2.28477702 0.00228477702 3.4556804
801 2768 2.28479043 0.00228479043 3.4556804
801 2768 2.28481292 0.00228481292 3.4556804
801 2768 2.28481355 0.00228481355 3.4556804
801 2768 2.28483142 0.00228483142 3.4556804
800 2759 2.27983701 0.00227983701 3.44875
799 2752 2.27530957 0.00227530957 3.44430538
799 2752 2.27517588 0.00227517588 3.44430538
799 2752 2.27517099 0.00227517099 3.44430538
799 2752 2.27520497 0.00227520497 3.44430538
799 2752 2.27520202 0.00227520202 3.44430538
799 2752 2.27520004 0.00227520004 3.44430538
799 2752 2.27520191 0.00227520191 3.44430538
799 2752 2.27519963 0.00227519963 3.44430538
799 2752 2.27519811 0.00227519811 3.44430538
798 2744 2.27199284 0.00227199284 3.43859649
798 2744 2.27197721 0.00227197721 3.43859649
798 2744 2.27199775 0.00227199775 3.43859649
798 2744 2.27200005 0.00227200005 3.43859649
798 2744 2.27200022 0.00227200022 3.43859649
798 2744 2.27201228 0.00227201228 3.43859649
798 2744 2.27196158 0.00227196158 3.43859649
798 2744 2.27191101 0.00227191101 3.43859649
798 2744 2.2720053 0.0022720053 3.43859649
798 2744 2.27195456 0.00227195456 3.43859649
797 2737 2.26786703 0.00226786703 3.43412798
797 2737 2.2679867 0.0022679867 3.43412798
797 2737 2.26790835 0.00226790835 3.43412798
797 2737 2.26793621 0.00226793621 3.43412798
797 2737 2.26795594 0.00226795594 3.43412798
797 2737 2.26782033 0.00226782033 3.43412798
797 2737 2.26792082 0.00226792082 3.43412798
797 2737 2.26793133 0.00226793133 3.43412798
797 2737 2.26786619 0.00226786619 3.43412798
797 2737 2.26795008 0.00226795008 3.43412798
796 2732 2.26383603 0.00226383603 3.4321608
796 2732 2.26317026 0.00226317026 3.4321608
796 2731 2.2669906 0.0022669906 3.43090452
796 2731 2.26384972 0.00226384972 3.43090452
796 2732 2.26632894 0.00226632894 3.4321608
796 2732 2.26635652 0.00226635652 3.4321608
796 2732 2.26634598 0.00226634598 3.4321608
796 2732 2.26632986 0.00226632986 3.4321608
796 2732 2.26628589 0.00226628589 3.4321608
796 2732 2.26624921 0.00226624921 3.4321608
795 2724 2.26318962 0.00226318962 3.42641509
795 2724 2.26311422 0.00226311422 3.42641509
795 2727 2.26234723 0.00226234723 3.43018868
795 2724 2.26314475 0.00226314475 3.42641509
795 2724 2.26309034 0.00226309034 3.42641509
795 2724 2.26311245 0.00226311245 3.42641509
795 2727 2.26226414 0.00226226414 3.43018868
795 2727 2.26233988 0.00226233988 3.43018868
795 2727 2.26233408 0.00226233408 3.43018868
795 2727 2.26236987 0.00226236987 3.43018868
794 2719 2.25922764 0.00225922764 3.42443325
794 2719 2.25926718 0.00225926718 3.42443325
794 2719 2.25928266 0.00225928266 3.42443325
794 2719 2.25922269 0.00225922269 3.42443325
794 2719 2.25925703 0.00225925703 3.42443325
794 2719 2.2592374 0.0022592374 3.42443325
794 2719 2.25919943 0.00225919943 3.42443325
794 2719 2.25924408 0.00225924408 3.42443325
794 2719 2.25921364 0.00225921364 3.42443325
794 2719 2.2592074 0.0022592074 3.42443325
793 2709 2.2545015 0.0022545015 3.41614124
793 2709 2.25443455 0.00225443455 3.41614124
793 2709 2.25460176 0.00225460176 3.41614124
793 2709 2.25450158 0.00225450158 3.41614124
793 2709 2.25448914 0.00225448914 3.41614124
793 2709 2.25458994 0.00225458994 3.41614124
793 2709 2.2544915 0.0022544915 3.41614124
793 2709 2.25446418 0.00225446418 3.41614124
793 2709 2.25457689 0.00225457689 3.41614124
793 2709 2.25454196 0.00225454196 3.41614124
792 2704 2.25454463 0.00225454463 3.41414141
792 2704 2.25448805 0.00225448805 3.41414141
792 2704 2.25454298 0.00225454298 3.41414141
792 2704 2.2546564 0.0022546564 3.41414141
792 2704 2.25445037 0.00225445037 3.41414141
792 2704 2.2545153 0.0022545153 3.41414141
792 2704 2.25450412 0.00225450412 3.41414141
792 2704 2.25456181 0.00225456181 3.41414141
792 2704 2.25442963 0.00225442963 3.41414141
792 2704 2.25456743 0.00225456743 3.41414141
791 2695 2.24898341 0.00224898341 3.40707965
791 2689 2.24919342 0.00224919342 3.39949431
791 2698 2.2503795 0.0022503795 3.41087231
791 2688 2.24712201 0.00224712201 3.39823009
791 2688 2.24711497 0.00224711497 3.39823009
791 2688 2.24716635 0.00224716635 3.39823009
791 2688 2.24714801 0.00224714801 3.39823009
791 2688 2.247094 0.002247094 3.39823009
791 2688 2.24707242 0.00224707242 3.39823009
791 2688 2.24714245 0.00224714245 3.39823009
790 2683 2.24708127 0.00224708127 3.39620253
790 2683 2.24720056 0.00224720056 3.39620253
790 2683 2.24706848 0.00224706848 3.39620253
790 2683 2.24714975 0.00224714975 3.39620253
790 2683 2.24718158 0.00224718158 3.39620253
790 2683 2.24709106 0.00224709106 3.39620253
790 2683 2.24715961 0.00224715961 3.39620253
790 2683 2.24711387 0.00224711387 3.39620253
790 2683 2.24720642 0.00224720642 3.39620253
790 2683 2.24710385 0.00224710385 3.39620253
789 2677 2.24177086 0.00224177086 3.39290241
789 2678 2.24093398 0.00224093398 3.39416984
789 2677 2.24175896 0.00224175896 3.39290241
789 2677 2.24178325 0.00224178325 3.39290241
789 2677 2.24179438 0.00224179438 3.39290241
789 2677 2.24179651 0.00224179651 3.39290241
789 2677 2.24180663 0.00224180663 3.39290241
789 2677 2.24178902 0.00224178902 3.39290241
789 2677 2.24178849 0.00224178849 3.39290241
789 2677 2.24177512 0.00224177512 3.39290241
788 2672 2.2364199 0.0022364199 3.39086294
788 2670 2.23609278 0.00223609278 3.38832487
788 2670 2.23112615 0.00223112615 3.38832487
788 2670 2.23106612 0.00223106612 3.38832487
788 2670 2.23111324 0.00223111324 3.38832487
788 2670 2.23110243 0.00223110243 3.38832487
788 2670 2.23108438 0.00223108438 3.38832487
788 2670 2.23106137 0.00223106137 3.38832487
788 2670 2.23112484 0.00223112484 3.38832487
788 2670 2.23103399 0.00223103399 3.38832487
787 2664 2.22560215 0.00222560215 3.38500635
787 2664 2.22567019 0.00222567019 3.38500635
787 2664 2.22563568 0.00222563568 3.38500635
787 2664 2.22562272 0.00222562272 3.38500635
787 2664 2.22567482 0.00222567482 3.38500635
787 2664 2.225607 0.002225607 3.38500635
787 2664 2.2256067 0.0022256067 3.38500635
787 2664 2.22563797 0.00222563797 3.38500635
787 2664 2.22561427 0.00222561427 3.38500635
787 2664 2.22564372 0.00222564372 3.38500635
786 2659 2.22563169 0.00222563169 3.38295165
786 2659 2.22555777 0.00222555777 3.38295165
786 2659 2.22565706 0.00222565706 3.38295165
786 2656 2.22018568 0.00222018568 3.37913486
786 2658 2.22145772 0.00222145772 3.38167939
786 2658 2.22129108 0.00222129108 3.38167939
786 2660 2.22139536 0.00222139536 3.38422392
786 2662 2.22082813 0.00222082813 3.38676845
786 2658 2.22148065 0.00222148065 3.38167939
786 2658 2.22154046 0.00222154046 3.38167939
785 2652 2.2163687 0.0022163687 3.37834395
785 2652 2.21623217 0.00221623217 3.37834395
785 2649 2.21626129 0.00221626129 3.37452229
785 2649 2.21637428 0.00221637428 3.37452229
785 2649 2.21649143 0.00221649143 3.37452229
785 2649 2.2164997 0.0022164997 3.37452229
785 2649 2.2166094 0.0022166094 3.37452229
785 2649 2.21667144 0.00221667144 3.37452229
785 2649 2.21668865 0.00221668865 3.37452229
785 2649 2.21677859 0.00221677859 3.37452229
784 2643 2.21156104 0.00221156104 3.37117347
784 2643 2.21045849 0.00221045849 3.37117347
784 2643 2.21111668 0.00221111668 3.37117347
783 2640 2.20880315 0.00220880315 3.37164751
783 2642 2.20789303 0.00220789303 3.37420179
783 2638 2.20711653 0.00220711653 3.36909323
783 2638 2.20710647 0.00220710647 3.36909323
783 2638 2.20715371 0.00220715371 3.36909323
783 2643 2.20839277 0.00220839277 3.37547893
783 2638 2.20720254 0.00220720254 3.36909323
782 2634 2.20324003 0.00220324003 3.36828645
782 2634 2.20322565 0.00220322565 3.36828645
782 2634 2.20321537 0.00220321537 3.36828645
782 2634 2.20317163 0.00220317163 3.36828645
782 2634 2.20319729 0.00220319729 3.36828645
782 2634 2.20319102 0.00220319102 3.36828645
782 2634 2.203159 0.002203159 3.36828645
782 2634 2.2031853 0.0022031853 3.36828645
782 2634 2.20317354 0.00220317354 3.36828645
782 2634 2.20316547 0.00220316547 3.36828645
781 2629 2.19930014 0.00219930014 3.36619718
781 2629 2.1993427 0.0021993427 3.36619718
781 2629 2.19925586 0.00219925586 3.36619718
781 2630 2.19822368 0.00219822368 3.36747759
781 2629 2.19927144 0.00219927144 3.36619718
781 2629 2.19828058 0.00219828058 3.36619718
781 2629 2.19828877 0.00219828877 3.36619718
781 2630 2.19816361 0.00219816361 3.36747759
781 2630 2.19821025 0.00219821025 3.36747759
781 2630 2.19814672 0.00219814672 3.36747759
780 2619 2.19328176 0.00219328176 3.35769231
780 2619 2.19324923 0.00219324923 3.35769231
780 2619 2.19325372 0.00219325372 3.35769231
780 2619 2.19322685 0.00219322685 3.35769231
780 2619 2.19325051 0.00219325051 3.35769231
780 2619 2.19323077 0.00219323077 3.35769231
780 2619 2.19323498 0.00219323498 3.35769231
780 2619 2.19323963 0.00219323963 3.35769231
780 2619 2.19322344 0.00219322344 3.35769231
780 2619 2.1932387 0.0021932387 3.35769231
779 2614 2.18938176 0.00218938176 3.35558408
779 2614 2.18939517 0.00218939517 3.35558408
779 2614 2.1894007 0.0021894007 3.35558408
779 2614 2.18937573 0.00218937573 3.35558408
779 2614 2.18938869 0.00218938869 3.35558408
779 2614 2.18940302 0.00218940302 3.35558408
779 2614 2.18938526 0.00218938526 3.35558408
779 2614 2.18937892 0.00218937892 3.35558408
779 2614 2.18938467 0.00218938467 3.35558408
779 2614 2.18940757 0.00218940757 3.35558408
778 2606 2.18431574 0.00218431574 3.3496144
778 2606 2.18429362 0.00218429362 3.3496144
778 2606 2.18421738 0.00218421738 3.3496144
778 2606 2.18421057 0.00218421057 3.3496144
778 2606 2.18423062 0.00218423062 3.3496144
778 2606 2.18423935 0.00218423935 3.3496144
778 2609 2.18940305 0.00218940305 3.35347044
778 2609 2.18942942 0.00218942942 3.35347044
778 2609 2.18951798 0.00218951798 3.35347044
778 2609 2.18945904 0.00218945904 3.35347044
777 2601 2.18423705 0.00218423705 3.34749035
777 2601 2.18436361 0.00218436361 3.34749035
777 2601 2.1842798 0.0021842798 3.34749035
777 2601 2.18432169 0.00218432169 3.34749035
777 2601 2.18425113 0.00218425113 3.34749035
777 2601 2.18428295 0.00218428295 3.34749035
777 2601 2.18436346 0.00218436346 3.34749035
777 2601 2.18422633 0.00218422633 3.34749035
777 2601 2.1843501 0.0021843501 3.34749035
777 2601 2.1842802 0.0021842802 3.34749035
776 2596 2.17862601 0.00217862601 3.34536082
776 2598 2.17817581 0.00217817581 3.34793814
776 2601 2.17929426 0.00217929426 3.35180412
776 2599 2.17755817 0.00217755817 3.3492268
776 2599 2.1776096 0.0021776096 3.3492268
776 2599 2.17777211 0.00217777211 3.3492268
776 2599 2.1776481 0.0021776481 3.3492268
776 2599 2.17776731 0.00217776731 3.3492268
776 2599 2.17775799 0.00217775799 3.3492268
776 2599 2.17767207 0.00217767207 3.3492268
775 2594 2.17768705 0.00217768705 3.34709677
775 2591 2.17240854 0.00217240854 3.34322581
775 2591 2.17243589 0.00217243589 3.34322581
775 2591 2.17256531 0.00217256531 3.34322581
775 2591 2.17257211 0.00217257211 3.34322581
775 2591 2.17250608 0.00217250608 3.34322581
775 2591 2.17248983 0.00217248983 3.34322581
775 2591 2.17253628 0.00217253628 3.34322581
775 2591 2.17257165 0.00217257165 3.34322581
775 2591 2.17254195 0.00217254195 3.34322581
774 2586 2.17253946 0.00217253946 3.34108527
774 2586 2.17252359 0.00217252359 3.34108527
774 2586 2.17245968 0.00217245968 3.34108527
774 2586 2.17256643 0.00217256643 3.34108527
774 2586 2.17252985 0.00217252985 3.34108527
774 2586 2.17253593 0.00217253593 3.34108527
774 2586 2.17249841 0.00217249841 3.34108527
774 2586 2.17257046 0.00217257046 3.34108527
774 2586 2.17248142 0.00217248142 3.34108527
774 2586 2.17250991 0.00217250991 3.34108527
773 2579 2.16694219 0.00216694219 3.33635188
773 2579 2.16693121 0.00216693121 3.33635188
773 2583 2.16697347 0.00216697347 3.34152652
773 2579 2.16701754 0.00216701754 3.33635188
773 2579 2.16706395 0.00216706395 3.33635188
773 2579 2.16705817 0.00216705817 3.33635188
773 2579 2.16678814 0.00216678814 3.33635188
773 2579 2.1670933 0.0021670933 3.33635188
773 2579 2.16698774 0.00216698774 3.33635188
773 2579 2.16696766 0.00216696766 3.33635188
772 2576 2.16152778 0.00216152778 3.33678756
772 2576 2.16146459 0.00216146459 3.33678756
772 2576 2.16151317 0.00216151317 3.33678756
772 2576 2.16147946 0.00216147946 3.33678756
772 2576 2.16146471 0.00216146471 3.33678756
772 2576 2.16162897 0.00216162897 3.33678756
772 2576 2.1615836 0.0021615836 3.33678756
772 2576 2.16153701 0.00216153701 3.33678756
772 2576 2.16160782 0.00216160782 3.33678756
772 2576 2.1614659 0.0021614659 3.33678756
771 2569 2.15568003 0.00215568003 3.33203632
771 2569 2.15575177 0.00215575177 3.33203632
771 2569 2.15568058 0.00215568058 3.33203632
771 2569 2.15568319 0.00215568319 3.33203632
771 2569 2.15569925 0.00215569925 3.33203632
771 2569 2.15569423 0.00215569423 3.33203632
771 2569 2.15570151 0.00215570151 3.33203632
771 2569 2.15569161 0.00215569161 3.33203632
771 2569 2.15567924 0.00215567924 3.33203632
771 2569 2.15569609 0.00215569609 3.33203632
770 2562 2.1501915 0.0021501915 3.32727273
769 2557 2.14981637 0.00214981637 3.32509753
769 2557 2.14979257 0.00214979257 3.32509753
769 2557 2.14985392 0.00214985392 3.32509753
769 2557 2.1498008 0.0021498008 3.32509753
769 2557 2.14974231 0.00214974231 3.32509753
769 2557 2.14976549 0.00214976549 3.32509753
769 2557 2.14973644 0.00214973644 3.32509753
769 2557 2.14971551 0.00214971551 3.32509753
769 2557 2.14973676 0.00214973676 3.32509753
768 2552 2.14393205 0.00214393205 3.32291667
767 2545 2.14239625 0.00214239625 3.31812256
767 2542 2.14080864 0.00214080864 3.31421121
767 2546 2.14239825 0.00214239825 3.31942634
767 2545 2.14220983 0.00214220983 3.31812256
767 2545 2.14226267 0.00214226267 3.31812256
767 2545 2.14225436 0.00214225436 3.31812256
767 2545 2.14221089 0.00214221089 3.31812256
767 2545 2.14226966 0.00214226966 3.31812256
767 2545 2.14223926 0.00214223926 3.31812256
766 2539 2.13680484 0.00213680484 3.31462141
766 2540 2.13495998 0.00213495998 3.31592689
766 2539 2.13684462 0.00213684462 3.31462141
766 2539 2.13676738 0.00213676738 3.31462141
766 2539 2.13678276 0.00213678276 3.31462141
766 2539 2.1368756 0.0021368756 3.31462141
766 2539 2.13683726 0.00213683726 3.31462141
766 2539 2.13679111 0.00213679111 3.31462141
766 2539 2.13680626 0.00213680626 3.31462141
766 2539 2.13682423 0.00213682423 3.31462141
765 2534 2.13139407 0.00213139407 3.3124183
765 2528 2.1312961 0.0021312961 3.30457516
765 2534 2.13155909 0.00213155909 3.3124183
765 2534 2.13149415 0.00213149415 3.3124183
765 2534 2.13143503 0.00213143503 3.3124183
765 2534 2.13150705 0.00213150705 3.3124183
765 2534 2.13167681 0.00213167681 3.3124183
765 2534 2.13162768 0.00213162768 3.3124183
765 2534 2.1317045 0.0021317045 3.3124183
765 2534 2.13176889 0.00213176889 3.3124183
764 2523 2.12628759 0.00212628759 3.30235602
764 2523 2.12620465 0.00212620465 3.30235602
764 2523 2.12626251 0.00212626251 3.30235602
764 2523 2.12609395 0.00212609395 3.30235602
764 2523 2.12613527 0.00212613527 3.30235602
764 2523 2.12613817 0.00212613817 3.30235602
764 2523 2.1259988 0.0021259988 3.30235602
764 2523 2.12613279 0.00212613279 3.30235602
764 2523 2.12604016 0.00212604016 3.30235602
764 2523 2.12598639 0.00212598639 3.30235602
763 2516 2.12110473 0.00212110473 3.29750983
763 2516 2.1209764 0.0021209764 3.29750983
763 2521 2.1199025 0.0021199025 3.30406291
762 2512 2.11860634 0.00211860634 3.29658793
762 2518 2.11956911 0.00211956911 3.30446194
762 2519 2.11952964 0.00211952964 3.30577428
762 2519 2.11941096 0.00211941096 3.30577428
762 2519 2.11939372 0.00211939372 3.30577428
762 2519 2.11959041 0.00211959041 3.30577428
762 2519 2.11949955 0.00211949955 3.30577428
761 2514 2.11398293 0.00211398293 3.30354796
761 2508 2.11418124 0.00211418124 3.2956636
761 2508 2.11402255 0.00211402255 3.2956636
761 2508 2.11395193 0.00211395193 3.2956636
761 2508 2.11413386 0.00211413386 3.2956636
761 2508 2.11382434 0.00211382434 3.2956636
761 2508 2.11410164 0.00211410164 3.2956636
761 2508 2.11397362 0.00211397362 3.2956636
761 2508 2.11383909 0.00211383909 3.2956636
761 2508 2.11410595 0.00211410595 3.2956636
760 2503 2.10864564 0.00210864564 3.29342105
760 2503 2.1082711 0.0021082711 3.29342105
760 2503 2.10878976 0.00210878976 3.29342105
760 2503 2.10846611 0.00210846611 3.29342105
760 2503 2.1084679 0.0021084679 3.29342105
760 2503 2.10878777 0.00210878777 3.29342105
760 2503 2.10837479 0.00210837479 3.29342105
760 2503 2.10865633 0.00210865633 3.29342105
760 2503 2.10863691 0.00210863691 3.29342105
760 2503 2.10834213 0.00210834213 3.29342105
759 2498 2.1032304 0.0021032304 3.2911726
759 2498 2.10344703 0.00210344703 3.2911726
759 2496 2.10346639 0.00210346639 3.28853755
759 2498 2.10344968 0.00210344968 3.2911726
759 2498 2.10329798 0.00210329798 3.2911726
759 2498 2.10309882 0.00210309882 3.2911726
759 2498 2.10352201 0.00210352201 3.2911726
759 2498 2.10305793 0.00210305793 3.2911726
759 2498 2.10324908 0.00210324908 3.2911726
759 2498 2.10342085 0.00210342085 3.2911726
758 2491 2.0983198 0.0020983198 3.28627968
758 2491 2.09869699 0.00209869699 3.28627968
758 2491 2.09825451 0.00209825451 3.28627968
758 2491 2.09869579 0.00209869579 3.28627968
758 2491 2.09875484 0.00209875484 3.28627968
758 2491 2.09757494 0.00209757494 3.28627968
758 2491 2.09808504 0.00209808504 3.28627968
758 2488 2.10120301 0.00210120301 3.2823219
758 2486 2.10227687 0.00210227687 3.27968338
758 2491 2.10273746 0.00210273746 3.28627968
757 2485 2.09740268 0.00209740268 3.28269485
757 2485 2.09730246 0.00209730246 3.28269485
757 2485 2.0975989 0.0020975989 3.28269485
757 2486 2.09772304 0.00209772304 3.28401585
757 2487 2.09743946 0.00209743946 3.28533686
757 2485 2.09770206 0.00209770206 3.28269485
757 2485 2.09703081 0.00209703081 3.28269485
757 2485 2.0975819 0.0020975819 3.28269485
757 2485 2.0978243 0.0020978243 3.28269485
757 2485 2.09676403 0.00209676403 3.28269485
756 2480 2.09162985 0.00209162985 3.28042328
756 2480 2.09286057 0.00209286057 3.28042328
756 2480 2.09282689 0.00209282689 3.28042328
756 2480 2.09214334 0.00209214334 3.28042328
756 2480 2.09192945 0.00209192945 3.28042328
756 2480 2.09314999 0.00209314999 3.28042328
756 2480 2.09266032 0.00209266032 3.28042328
756 2480 2.09281969 0.00209281969 3.28042328
756 2480 2.09339789 0.00209339789 3.28042328
756 2480 2.09122025 0.00209122025 3.28042328
755 2473 2.08750636 0.00208750636 3.27549669
755 2473 2.08739247 0.00208739247 3.27549669
755 2470 2.08799332 0.00208799332 3.27152318
755 2470 2.08547989 0.00208547989 3.27152318
755 2470 2.08774551 0.00208774551 3.27152318
SP does not find any fixed points -> SP does not converge.
I am sorry I quit :(
