START ALGORITHM:
I am going to build an instance with N: 1000 variables and 4200 clauses with a clause density equal to 4.2
START BSP WITH r=0.9:
Decimation scorer: pol
END UNIT PROPAGATION
1000 4200 9.9544679 0.0099544679 4.2
1000 4200 9.95436453 0.00995436453 4.2
1000 4200 9.95420693 0.00995420693 4.2
1000 4200 9.95435813 0.00995435813 4.2
1000 4200 9.95434076 0.00995434076 4.2
1000 4200 9.95432176 0.00995432176 4.2
1000 4200 9.95433009 0.00995433009 4.2
1000 4200 9.95426612 0.00995426612 4.2
1000 4200 9.95428477 0.00995428477 4.2
999 4186 9.95086824 0.00995086824 4.19019019
999 4186 9.95089716 0.00995089716 4.19019019
999 4186 9.95087432 0.00995087432 4.19019019
999 4186 9.95087855 0.00995087855 4.19019019
999 4186 9.95088111 0.00995088111 4.19019019
999 4186 9.95088201 0.00995088201 4.19019019
999 4186 9.95088232 0.00995088232 4.19019019
999 4186 9.95088208 0.00995088208 4.19019019
999 4186 9.95088208 0.00995088208 4.19019019
999 4186 9.95088194 0.00995088194 4.19019019
998 4177 9.9487407 0.0099487407 4.18537074
998 4177 9.94874039 0.00994874039 4.18537074
998 4177 9.94871862 0.00994871862 4.18537074
998 4177 9.94872495 0.00994872495 4.18537074
998 4177 9.94872614 0.00994872614 4.18537074
998 4177 9.94873308 0.00994873308 4.18537074
998 4177 9.94874842 0.00994874842 4.18537074
998 4177 9.94875786 0.00994875786 4.18537074
998 4177 9.94875819 0.00994875819 4.18537074
998 4177 9.94875629 0.00994875629 4.18537074
997 4165 9.94215314 0.00994215314 4.1775326
997 4165 9.94218924 0.00994218924 4.1775326
997 4165 9.94222509 0.00994222509 4.1775326
997 4165 9.94218512 0.00994218512 4.1775326
997 4165 9.94217632 0.00994217632 4.1775326
997 4165 9.94218141 0.00994218141 4.1775326
997 4165 9.9421975 0.0099421975 4.1775326
997 4165 9.94220171 0.00994220171 4.1775326
997 4165 9.94219282 0.00994219282 4.1775326
997 4165 9.94220032 0.00994220032 4.1775326
996 4150 9.93349299 0.00993349299 4.16666667
996 4150 9.93342893 0.00993342893 4.16666667
996 4150 9.93341578 0.00993341578 4.16666667
996 4150 9.93341956 0.00993341956 4.16666667
996 4150 9.93341768 0.00993341768 4.16666667
996 4150 9.93341209 0.00993341209 4.16666667
996 4150 9.93340896 0.00993340896 4.16666667
996 4150 9.93340828 0.00993340828 4.16666667
996 4150 9.93340818 0.00993340818 4.16666667
996 4150 9.93340854 0.00993340854 4.16666667
995 4132 9.92713088 0.00992713088 4.15276382
995 4132 9.92713017 0.00992713017 4.15276382
995 4132 9.92713364 0.00992713364 4.15276382
995 4132 9.92713911 0.00992713911 4.15276382
995 4132 9.92714119 0.00992714119 4.15276382
995 4132 9.92714132 0.00992714132 4.15276382
995 4132 9.92714115 0.00992714115 4.15276382
995 4132 9.92714082 0.00992714082 4.15276382
995 4132 9.9271407 0.0099271407 4.15276382
995 4132 9.92714061 0.00992714061 4.15276382
994 4127 9.92632616 0.00992632616 4.15191147
994 4127 9.92633511 0.00992633511 4.15191147
994 4127 9.92633256 0.00992633256 4.15191147
994 4127 9.92634217 0.00992634217 4.15191147
994 4127 9.9263438 0.0099263438 4.15191147
994 4127 9.92634112 0.00992634112 4.15191147
994 4127 9.92633858 0.00992633858 4.15191147
994 4127 9.9263384 0.0099263384 4.15191147
994 4127 9.92633817 0.00992633817 4.15191147
994 4127 9.92633872 0.00992633872 4.15191147
993 4113 9.92082991 0.00992082991 4.14199396
993 4113 9.9208272 0.0099208272 4.14199396
993 4113 9.92082571 0.00992082571 4.14199396
993 4113 9.92082264 0.00992082264 4.14199396
993 4113 9.92082674 0.00992082674 4.14199396
993 4113 9.92079899 0.00992079899 4.14199396
993 4113 9.92082294 0.00992082294 4.14199396
993 4113 9.92080569 0.00992080569 4.14199396
993 4113 9.9208038 0.0099208038 4.14199396
993 4113 9.92079362 0.00992079362 4.14199396
992 4096 9.91551804 0.00991551804 4.12903226
992 4096 9.91553676 0.00991553676 4.12903226
992 4096 9.91554125 0.00991554125 4.12903226
992 4096 9.91556013 0.00991556013 4.12903226
992 4096 9.91555719 0.00991555719 4.12903226
992 4096 9.91555607 0.00991555607 4.12903226
992 4096 9.91555474 0.00991555474 4.12903226
992 4096 9.91555687 0.00991555687 4.12903226
992 4096 9.91555604 0.00991555604 4.12903226
992 4096 9.91555361 0.00991555361 4.12903226
991 4085 9.90648601 0.00990648601 4.12209889
991 4085 9.90648335 0.00990648335 4.12209889
991 4085 9.90651375 0.00990651375 4.12209889
991 4085 9.9065358 0.0099065358 4.12209889
991 4085 9.9065705 0.0099065705 4.12209889
991 4085 9.9065667 0.0099065667 4.12209889
991 4085 9.90656139 0.00990656139 4.12209889
991 4085 9.90643634 0.00990643634 4.12209889
991 4085 9.90643547 0.00990643547 4.12209889
991 4085 9.90653926 0.00990653926 4.12209889
990 4073 9.89447036 0.00989447036 4.11414141
990 4073 9.89446496 0.00989446496 4.11414141
990 4073 9.89447244 0.00989447244 4.11414141
990 4074 9.89858597 0.00989858597 4.11515152
990 4074 9.8985935 0.0098985935 4.11515152
990 4074 9.89854161 0.00989854161 4.11515152
990 4073 9.89447886 0.00989447886 4.11414141
990 4073 9.8944387 0.0098944387 4.11414141
990 4073 9.89439703 0.00989439703 4.11414141
990 4073 9.89443728 0.00989443728 4.11414141
989 4062 9.88654336 0.00988654336 4.10717897
989 4062 9.8865781 0.0098865781 4.10717897
989 4062 9.88657753 0.00988657753 4.10717897
989 4062 9.88656109 0.00988656109 4.10717897
989 4062 9.88655635 0.00988655635 4.10717897
989 4062 9.88655426 0.00988655426 4.10717897
989 4062 9.88655342 0.00988655342 4.10717897
989 4062 9.8865505 0.0098865505 4.10717897
989 4062 9.88654873 0.00988654873 4.10717897
989 4062 9.88654862 0.00988654862 4.10717897
988 4052 9.87717078 0.00987717078 4.10121457
988 4052 9.8771193 0.0098771193 4.10121457
988 4052 9.87713681 0.00987713681 4.10121457
988 4052 9.87562035 0.00987562035 4.10121457
988 4052 9.87552028 0.00987552028 4.10121457
988 4052 9.87557764 0.00987557764 4.10121457
988 4052 9.87715056 0.00987715056 4.10121457
988 4052 9.87710612 0.00987710612 4.10121457
988 4052 9.87714461 0.00987714461 4.10121457
988 4052 9.87713038 0.00987713038 4.10121457
987 4042 9.86620463 0.00986620463 4.0952381
987 4042 9.86622441 0.00986622441 4.0952381
987 4039 9.85944098 0.00985944098 4.09219858
987 4039 9.85760094 0.00985760094 4.09219858
987 4042 9.86574874 0.00986574874 4.0952381
987 4039 9.85935596 0.00985935596 4.09219858
987 4039 9.85944956 0.00985944956 4.09219858
987 4039 9.85947435 0.00985947435 4.09219858
987 4039 9.85944048 0.00985944048 4.09219858
987 4039 9.85940103 0.00985940103 4.09219858
986 4029 9.84865269 0.00984865269 4.0862069
986 4029 9.84869013 0.00984869013 4.0862069
986 4029 9.84871028 0.00984871028 4.0862069
986 4029 9.84873817 0.00984873817 4.0862069
986 4029 9.848745 0.009848745 4.0862069
986 4029 9.84874621 0.00984874621 4.0862069
986 4029 9.84874727 0.00984874727 4.0862069
986 4029 9.84874724 0.00984874724 4.0862069
986 4029 9.84874531 0.00984874531 4.0862069
986 4029 9.84874479 0.00984874479 4.0862069
985 4021 9.84385443 0.00984385443 4.0822335
985 4021 9.84385477 0.00984385477 4.0822335
985 4021 9.84379417 0.00984379417 4.0822335
985 4021 9.84377882 0.00984377882 4.0822335
985 4021 9.8437655 0.0098437655 4.0822335
985 4021 9.8437635 0.0098437635 4.0822335
985 4021 9.84376517 0.00984376517 4.0822335
985 4021 9.84376766 0.00984376766 4.0822335
985 4021 9.84376824 0.00984376824 4.0822335
985 4021 9.84376823 0.00984376823 4.0822335
984 4009 9.83015963 0.00983015963 4.07418699
984 4009 9.83008612 0.00983008612 4.07418699
984 4009 9.8302522 0.0098302522 4.07418699
984 4009 9.83029855 0.00983029855 4.07418699
984 4009 9.83029365 0.00983029365 4.07418699
984 4009 9.8303012 0.0098303012 4.07418699
984 4009 9.83031505 0.00983031505 4.07418699
984 4009 9.83032107 0.00983032107 4.07418699
984 4009 9.8303148 0.0098303148 4.07418699
984 4009 9.83031171 0.00983031171 4.07418699
983 4000 9.81485141 0.00981485141 4.06917599
983 4000 9.81486185 0.00981486185 4.06917599
983 3997 9.8122791 0.0098122791 4.06612411
983 4000 9.81464246 0.00981464246 4.06917599
983 4000 9.8149302 0.0098149302 4.06917599
983 4000 9.81484084 0.00981484084 4.06917599
983 4000 9.81483755 0.00981483755 4.06917599
983 4000 9.81483191 0.00981483191 4.06917599
983 4000 9.81483045 0.00981483045 4.06917599
983 4000 9.81482818 0.00981482818 4.06917599
982 3988 9.79722792 0.00979722792 4.0610998
982 3988 9.79712854 0.00979712854 4.0610998
982 3988 9.79704728 0.00979704728 4.0610998
982 3988 9.79867792 0.00979867792 4.0610998
982 3988 9.79716305 0.00979716305 4.0610998
982 3988 9.79714292 0.00979714292 4.0610998
982 3988 9.79711105 0.00979711105 4.0610998
982 3988 9.79709809 0.00979709809 4.0610998
982 3988 9.79708925 0.00979708925 4.0610998
982 3988 9.79709583 0.00979709583 4.0610998
981 3976 9.7814209 0.0097814209 4.05300714
981 3976 9.7815706 0.0097815706 4.05300714
981 3976 9.78146987 0.00978146987 4.05300714
981 3976 9.78151205 0.00978151205 4.05300714
981 3976 9.78134753 0.00978134753 4.05300714
981 3976 9.78143214 0.00978143214 4.05300714
981 3976 9.7815817 0.0097815817 4.05300714
981 3976 9.7813705 0.0097813705 4.05300714
981 3976 9.7815342 0.0097815342 4.05300714
981 3976 9.78160737 0.00978160737 4.05300714
980 3966 9.76640204 0.00976640204 4.04693878
980 3966 9.76637262 0.00976637262 4.04693878
980 3966 9.76651634 0.00976651634 4.04693878
980 3966 9.76641332 0.00976641332 4.04693878
980 3966 9.76637952 0.00976637952 4.04693878
980 3966 9.76636984 0.00976636984 4.04693878
980 3966 9.76640531 0.00976640531 4.04693878
980 3966 9.76640974 0.00976640974 4.04693878
980 3966 9.76640075 0.00976640075 4.04693878
980 3966 9.76639987 0.00976639987 4.04693878
979 3958 9.75152391 0.00975152391 4.04290092
979 3960 9.7572316 0.0097572316 4.04494382
979 3962 9.75780253 0.00975780253 4.04698672
979 3962 9.75773778 0.00975773778 4.04698672
979 3962 9.75774686 0.00975774686 4.04698672
979 3958 9.75154315 0.00975154315 4.04290092
979 3962 9.75777744 0.00975777744 4.04698672
979 3962 9.75784983 0.00975784983 4.04698672
979 3962 9.7576606 0.0097576606 4.04698672
979 3962 9.7577163 0.0097577163 4.04698672
978 3952 9.7425852 0.0097425852 4.0408998
978 3952 9.74262895 0.00974262895 4.0408998
978 3952 9.74265384 0.00974265384 4.0408998
978 3952 9.74269627 0.00974269627 4.0408998
978 3952 9.74273379 0.00974273379 4.0408998
978 3952 9.74274451 0.00974274451 4.0408998
978 3952 9.74275059 0.00974275059 4.0408998
978 3952 9.74274962 0.00974274962 4.0408998
978 3952 9.7427457 0.0097427457 4.0408998
978 3952 9.7427441 0.0097427441 4.0408998
977 3939 9.72096768 0.00972096768 4.03172979
977 3939 9.72094677 0.00972094677 4.03172979
977 3939 9.7208796 0.0097208796 4.03172979
977 3939 9.72090184 0.00972090184 4.03172979
977 3939 9.7209003 0.0097209003 4.03172979
977 3939 9.72090171 0.00972090171 4.03172979
977 3939 9.72090288 0.00972090288 4.03172979
977 3939 9.7208951 0.0097208951 4.03172979
977 3939 9.72090264 0.00972090264 4.03172979
977 3939 9.72090701 0.00972090701 4.03172979
976 3928 9.7146306 0.0097146306 4.02459016
976 3928 9.71454602 0.00971454602 4.02459016
976 3928 9.7147631 0.0097147631 4.02459016
976 3928 9.71485467 0.00971485467 4.02459016
976 3928 9.71487418 0.00971487418 4.02459016
976 3928 9.71483741 0.00971483741 4.02459016
976 3928 9.71482605 0.00971482605 4.02459016
976 3928 9.71482129 0.00971482129 4.02459016
976 3928 9.71482764 0.00971482764 4.02459016
976 3928 9.71482772 0.00971482772 4.02459016
975 3916 9.69034734 0.00969034734 4.01641026
975 3920 9.68724392 0.00968724392 4.02051282
975 3916 9.68999946 0.00968999946 4.01641026
975 3916 9.69012348 0.00969012348 4.01641026
975 3916 9.68981025 0.00968981025 4.01641026
975 3916 9.69038073 0.00969038073 4.01641026
975 3916 9.69039884 0.00969039884 4.01641026
975 3916 9.69045041 0.00969045041 4.01641026
975 3916 9.69048398 0.00969048398 4.01641026
975 3916 9.6905078 0.0096905078 4.01641026
974 3908 9.66580676 0.00966580676 4.01232033
974 3908 9.66545033 0.00966545033 4.01232033
974 3908 9.66546389 0.00966546389 4.01232033
974 3908 9.66545573 0.00966545573 4.01232033
974 3908 9.66546602 0.00966546602 4.01232033
974 3908 9.66548325 0.00966548325 4.01232033
974 3908 9.6654809 0.0096654809 4.01232033
974 3908 9.66548457 0.00966548457 4.01232033
974 3908 9.66548379 0.00966548379 4.01232033
974 3908 9.66548532 0.00966548532 4.01232033
973 3900 9.65338849 0.00965338849 4.00822199
973 3900 9.65340204 0.00965340204 4.00822199
973 3900 9.65351217 0.00965351217 4.00822199
973 3900 9.65341296 0.00965341296 4.00822199
973 3900 9.65338972 0.00965338972 4.00822199
973 3900 9.65340498 0.00965340498 4.00822199
973 3900 9.65339509 0.00965339509 4.00822199
973 3900 9.65339129 0.00965339129 4.00822199
973 3900 9.65339353 0.00965339353 4.00822199
973 3900 9.6533937 0.0096533937 4.00822199
972 3890 9.63053833 0.00963053833 4.00205761
972 3890 9.63031202 0.00963031202 4.00205761
972 3890 9.63045201 0.00963045201 4.00205761
972 3890 9.63041334 0.00963041334 4.00205761
972 3890 9.63033821 0.00963033821 4.00205761
972 3890 9.63053809 0.00963053809 4.00205761
972 3890 9.63053348 0.00963053348 4.00205761
972 3890 9.63059219 0.00963059219 4.00205761
972 3890 9.630597 0.009630597 4.00205761
972 3890 9.63058196 0.00963058196 4.00205761
971 3882 9.59891349 0.00959891349 3.99794027
971 3881 9.60640224 0.00960640224 3.9969104
971 3883 9.59859948 0.00959859948 3.99897013
971 3881 9.58882488 0.00958882488 3.9969104
971 3881 9.58870672 0.00958870672 3.9969104
971 3881 9.58873697 0.00958873697 3.9969104
971 3881 9.58876706 0.00958876706 3.9969104
971 3881 9.58876412 0.00958876412 3.9969104
971 3881 9.58876167 0.00958876167 3.9969104
971 3881 9.58876207 0.00958876207 3.9969104
970 3873 9.57624604 0.00957624604 3.99278351
970 3873 9.57619922 0.00957619922 3.99278351
970 3873 9.5761675 0.0095761675 3.99278351
970 3873 9.57615881 0.00957615881 3.99278351
970 3873 9.57620621 0.00957620621 3.99278351
970 3873 9.57627966 0.00957627966 3.99278351
970 3873 9.57615062 0.00957615062 3.99278351
970 3873 9.57619835 0.00957619835 3.99278351
970 3873 9.57624082 0.00957624082 3.99278351
970 3873 9.57617943 0.00957617943 3.99278351
969 3866 9.56005092 0.00956005092 3.98968008
969 3864 9.57621229 0.00957621229 3.9876161
969 3864 9.57623584 0.00957623584 3.9876161
969 3864 9.57610348 0.00957610348 3.9876161
969 3864 9.57602299 0.00957602299 3.9876161
969 3864 9.57599462 0.00957599462 3.9876161
969 3864 9.57596594 0.00957596594 3.9876161
969 3864 9.57595693 0.00957595693 3.9876161
969 3864 9.57596072 0.00957596072 3.9876161
969 3864 9.57596074 0.00957596074 3.9876161
968 3857 9.55978215 0.00955978215 3.98450413
968 3857 9.5600332 0.0095600332 3.98450413
968 3857 9.56012353 0.00956012353 3.98450413
968 3857 9.54894523 0.00954894523 3.98450413
968 3857 9.55998569 0.00955998569 3.98450413
968 3857 9.55969242 0.00955969242 3.98450413
968 3857 9.55963179 0.00955963179 3.98450413
968 3857 9.55962134 0.00955962134 3.98450413
968 3857 9.55960973 0.00955960973 3.98450413
968 3857 9.55961698 0.00955961698 3.98450413
967 3850 9.53281615 0.00953281615 3.98138573
967 3850 9.55307758 0.00955307758 3.98138573
967 3850 9.55309162 0.00955309162 3.98138573
967 3850 9.55319184 0.00955319184 3.98138573
967 3850 9.53367129 0.00953367129 3.98138573
967 3850 9.5334088 0.0095334088 3.98138573
967 3850 9.53344229 0.00953344229 3.98138573
967 3850 9.53339517 0.00953339517 3.98138573
967 3850 9.53340521 0.00953340521 3.98138573
967 3850 9.53340982 0.00953340982 3.98138573
966 3843 9.52671955 0.00952671955 3.97826087
966 3843 9.5266886 0.0095266886 3.97826087
966 3843 9.5265974 0.0095265974 3.97826087
966 3843 9.52659612 0.00952659612 3.97826087
966 3843 9.52659441 0.00952659441 3.97826087
966 3843 9.52660311 0.00952660311 3.97826087
966 3843 9.52660853 0.00952660853 3.97826087
966 3843 9.52661211 0.00952661211 3.97826087
966 3843 9.5266109 0.0095266109 3.97826087
966 3843 9.52661054 0.00952661054 3.97826087
965 3834 9.51293421 0.00951293421 3.97305699
965 3834 9.51305517 0.00951305517 3.97305699
965 3834 9.51307344 0.00951307344 3.97305699
965 3834 9.51309575 0.00951309575 3.97305699
965 3834 9.51305886 0.00951305886 3.97305699
965 3834 9.51304306 0.00951304306 3.97305699
965 3834 9.51303593 0.00951303593 3.97305699
965 3834 9.51302925 0.00951302925 3.97305699
965 3834 9.51302571 0.00951302571 3.97305699
965 3834 9.51302538 0.00951302538 3.97305699
964 3824 9.49423933 0.00949423933 3.96680498
964 3828 9.47720788 0.00947720788 3.97095436
964 3827 9.48080228 0.00948080228 3.96991701
964 3827 9.48063639 0.00948063639 3.96991701
964 3827 9.48059531 0.00948059531 3.96991701
964 3827 9.48059054 0.00948059054 3.96991701
964 3827 9.48059921 0.00948059921 3.96991701
964 3827 9.48061042 0.00948061042 3.96991701
964 3827 9.4806116 0.0094806116 3.96991701
964 3827 9.48061205 0.00948061205 3.96991701
963 3818 9.46678895 0.00946678895 3.96469367
963 3818 9.46699646 0.00946699646 3.96469367
963 3818 9.46689754 0.00946689754 3.96469367
963 3818 9.46692325 0.00946692325 3.96469367
963 3818 9.46696742 0.00946696742 3.96469367
963 3818 9.46696801 0.00946696801 3.96469367
963 3818 9.46696721 0.00946696721 3.96469367
963 3818 9.46696858 0.00946696858 3.96469367
963 3818 9.46696868 0.00946696868 3.96469367
963 3818 9.46696871 0.00946696871 3.96469367
962 3807 9.43549621 0.00943549621 3.95738046
962 3814 9.43275829 0.00943275829 3.96465696
962 3807 9.42966495 0.00942966495 3.95738046
962 3814 9.43322248 0.00943322248 3.96465696
962 3814 9.43293485 0.00943293485 3.96465696
962 3814 9.43294657 0.00943294657 3.96465696
962 3814 9.43289383 0.00943289383 3.96465696
962 3814 9.43300948 0.00943300948 3.96465696
962 3814 9.43296627 0.00943296627 3.96465696
962 3814 9.43294254 0.00943294254 3.96465696
961 3806 9.41910962 0.00941910962 3.96045786
961 3806 9.41922853 0.00941922853 3.96045786
961 3806 9.41924519 0.00941924519 3.96045786
961 3807 9.43247674 0.00943247674 3.96149844
961 3807 9.43253044 0.00943253044 3.96149844
961 3806 9.41918043 0.00941918043 3.96045786
961 3806 9.41918686 0.00941918686 3.96045786
961 3806 9.41924464 0.00941924464 3.96045786
961 3806 9.41921995 0.00941921995 3.96045786
961 3806 9.4192246 0.0094192246 3.96045786
960 3799 9.41877298 0.00941877298 3.95729167
960 3799 9.41940209 0.00941940209 3.95729167
960 3795 9.3837529 0.0093837529 3.953125
960 3795 9.36395055 0.00936395055 3.953125
960 3798 9.36562216 0.00936562216 3.95625
960 3800 9.38344069 0.00938344069 3.95833333
960 3795 9.37367654 0.00937367654 3.953125
959 3789 9.35207125 0.00935207125 3.95099062
959 3789 9.35230584 0.00935230584 3.95099062
959 3789 9.35243763 0.00935243763 3.95099062
958 3778 9.32353483 0.00932353483 3.94363257
958 3778 9.32889269 0.00932889269 3.94363257
958 3778 9.3233365 0.0093233365 3.94363257
958 3778 9.32321256 0.00932321256 3.94363257
958 3779 9.32907426 0.00932907426 3.94467641
958 3780 9.32526387 0.00932526387 3.94572025
958 3780 9.32618474 0.00932618474 3.94572025
958 3777 9.3379596 0.0093379596 3.94258873
958 3779 9.31606091 0.00931606091 3.94467641
957 3770 9.31582035 0.00931582035 3.93939394
956 3760 9.29810518 0.00929810518 3.93305439
956 3756 9.2836051 0.0092836051 3.92887029
956 3757 9.28226217 0.00928226217 3.92991632
956 3760 9.29836127 0.00929836127 3.93305439
956 3756 9.27756762 0.00927756762 3.92887029
956 3756 9.27748017 0.00927748017 3.92887029
956 3756 9.2774777 0.0092774777 3.92887029
956 3756 9.2774972 0.0092774972 3.92887029
956 3756 9.27749029 0.00927749029 3.92887029
956 3756 9.27749125 0.00927749125 3.92887029
955 3749 9.27171905 0.00927171905 3.92565445
955 3749 9.27201996 0.00927201996 3.92565445
955 3749 9.27164243 0.00927164243 3.92565445
955 3749 9.27169232 0.00927169232 3.92565445
955 3749 9.27214438 0.00927214438 3.92565445
955 3749 9.27169838 0.00927169838 3.92565445
955 3749 9.27172772 0.00927172772 3.92565445
955 3749 9.27212691 0.00927212691 3.92565445
955 3749 9.27169825 0.00927169825 3.92565445
955 3749 9.27172645 0.00927172645 3.92565445
954 3740 9.23992448 0.00923992448 3.92033543
954 3740 9.23976389 0.00923976389 3.92033543
954 3740 9.23963819 0.00923963819 3.92033543
954 3740 9.23967774 0.00923967774 3.92033543
954 3740 9.23966437 0.00923966437 3.92033543
954 3740 9.23965168 0.00923965168 3.92033543
954 3740 9.23955903 0.00923955903 3.92033543
954 3740 9.23968167 0.00923968167 3.92033543
954 3740 9.23964454 0.00923964454 3.92033543
954 3740 9.23957914 0.00923957914 3.92033543
953 3733 9.23951255 0.00923951255 3.91710388
953 3733 9.23947803 0.00923947803 3.91710388
953 3733 9.23939021 0.00923939021 3.91710388
953 3733 9.23935251 0.00923935251 3.91710388
953 3733 9.23934673 0.00923934673 3.91710388
953 3733 9.23935666 0.00923935666 3.91710388
953 3733 9.23936238 0.00923936238 3.91710388
953 3733 9.23936514 0.00923936514 3.91710388
953 3733 9.2393653 0.0092393653 3.91710388
953 3733 9.23936517 0.00923936517 3.91710388
952 3724 9.22641772 0.00922641772 3.91176471
952 3724 9.22670261 0.00922670261 3.91176471
952 3724 9.22651474 0.00922651474 3.91176471
952 3724 9.22669329 0.00922669329 3.91176471
952 3724 9.2265126 0.0092265126 3.91176471
952 3724 9.22668677 0.00922668677 3.91176471
952 3724 9.22653081 0.00922653081 3.91176471
952 3724 9.22668298 0.00922668298 3.91176471
952 3724 9.22652773 0.00922652773 3.91176471
952 3724 9.22668278 0.00922668278 3.91176471
951 3714 9.20491637 0.00920491637 3.90536278
951 3714 9.20500432 0.00920500432 3.90536278
951 3716 9.19644069 0.00919644069 3.90746583
951 3714 9.20509922 0.00920509922 3.90536278
951 3714 9.20510099 0.00920510099 3.90536278
951 3714 9.20520489 0.00920520489 3.90536278
951 3715 9.18878269 0.00918878269 3.9064143
951 3714 9.2051044 0.0092051044 3.90536278
951 3714 9.20510789 0.00920510789 3.90536278
951 3714 9.20520334 0.00920520334 3.90536278
950 3706 9.1759714 0.0091759714 3.90105263
950 3706 9.17566445 0.00917566445 3.90105263
950 3706 9.17563265 0.00917563265 3.90105263
950 3706 9.17561978 0.00917561978 3.90105263
950 3706 9.17561331 0.00917561331 3.90105263
950 3706 9.17562388 0.00917562388 3.90105263
950 3706 9.17562257 0.00917562257 3.90105263
950 3706 9.17562382 0.00917562382 3.90105263
950 3706 9.17562413 0.00917562413 3.90105263
950 3706 9.17562463 0.00917562463 3.90105263
949 3698 9.16360942 0.00916360942 3.8967334
949 3698 9.1636944 0.0091636944 3.8967334
949 3696 9.14989225 0.00914989225 3.89462592
949 3699 9.16142044 0.00916142044 3.89778714
949 3697 9.17462617 0.00917462617 3.89567966
949 3697 9.17523362 0.00917523362 3.89567966
949 3697 9.17499001 0.00917499001 3.89567966
949 3697 9.17487397 0.00917487397 3.89567966
949 3698 9.15912768 0.00915912768 3.8967334
949 3696 9.14625061 0.00914625061 3.89462592
948 3689 9.14607763 0.00914607763 3.89135021
948 3689 9.14608408 0.00914608408 3.89135021
948 3689 9.14599303 0.00914599303 3.89135021
948 3689 9.14597816 0.00914597816 3.89135021
948 3689 9.14597056 0.00914597056 3.89135021
948 3689 9.14598296 0.00914598296 3.89135021
948 3689 9.14598299 0.00914598299 3.89135021
948 3689 9.14598475 0.00914598475 3.89135021
948 3689 9.14598521 0.00914598521 3.89135021
948 3689 9.14598574 0.00914598574 3.89135021
947 3681 9.1341331 0.0091341331 3.88701162
947 3681 9.13425219 0.00913425219 3.88701162
947 3681 9.13420512 0.00913420512 3.88701162
947 3681 9.13420685 0.00913420685 3.88701162
947 3681 9.13384482 0.00913384482 3.88701162
947 3681 9.13431625 0.00913431625 3.88701162
947 3681 9.13425465 0.00913425465 3.88701162
947 3681 9.13420537 0.00913420537 3.88701162
947 3681 9.13377456 0.00913377456 3.88701162
947 3681 9.13432466 0.00913432466 3.88701162
946 3671 9.11979008 0.00911979008 3.88054968
946 3671 9.11966297 0.00911966297 3.88054968
946 3671 9.11938533 0.00911938533 3.88054968
946 3671 9.11953272 0.00911953272 3.88054968
946 3671 9.11945601 0.00911945601 3.88054968
946 3671 9.1194809 0.0091194809 3.88054968
946 3671 9.11948028 0.00911948028 3.88054968
946 3671 9.11948083 0.00911948083 3.88054968
946 3671 9.1194808 0.0091194808 3.88054968
946 3671 9.119481 0.009119481 3.88054968
945 3662 9.08727846 0.00908727846 3.87513228
945 3662 9.08751769 0.00908751769 3.87513228
945 3662 9.08759977 0.00908759977 3.87513228
945 3662 9.08761717 0.00908761717 3.87513228
945 3662 9.08765442 0.00908765442 3.87513228
945 3662 9.08767932 0.00908767932 3.87513228
945 3662 9.08768937 0.00908768937 3.87513228
945 3662 9.08769039 0.00908769039 3.87513228
945 3662 9.08769166 0.00908769166 3.87513228
945 3662 9.08769061 0.00908769061 3.87513228
944 3653 9.06200842 0.00906200842 3.86970339
944 3653 9.06182454 0.00906182454 3.86970339
944 3653 9.06183926 0.00906183926 3.86970339
944 3653 9.06197984 0.00906197984 3.86970339
944 3653 9.06181055 0.00906181055 3.86970339
944 3653 9.06199519 0.00906199519 3.86970339
944 3653 9.06181826 0.00906181826 3.86970339
944 3653 9.06199178 0.00906199178 3.86970339
944 3653 9.06182058 0.00906182058 3.86970339
944 3653 9.06199259 0.00906199259 3.86970339
943 3645 9.04365256 0.00904365256 3.86532344
943 3645 9.04385355 0.00904385355 3.86532344
943 3645 9.04377553 0.00904377553 3.86532344
943 3645 9.04380384 0.00904380384 3.86532344
943 3645 9.04377703 0.00904377703 3.86532344
943 3645 9.04378216 0.00904378216 3.86532344
943 3645 9.04377034 0.00904377034 3.86532344
943 3645 9.04377104 0.00904377104 3.86532344
943 3645 9.04376786 0.00904376786 3.86532344
943 3645 9.0437681 0.0090437681 3.86532344
942 3637 9.0220871 0.0090220871 3.86093418
942 3639 9.01005428 0.00901005428 3.86305732
942 3639 9.01584935 0.00901584935 3.86305732
942 3640 9.02338975 0.00902338975 3.8641189
942 3640 9.02335879 0.00902335879 3.8641189
942 3640 9.02329365 0.00902329365 3.8641189
942 3640 9.02338091 0.00902338091 3.8641189
942 3640 9.02337959 0.00902337959 3.8641189
942 3640 9.02339709 0.00902339709 3.8641189
942 3640 9.02340061 0.00902340061 3.8641189
941 3631 8.99824673 0.00899824673 3.858661
941 3631 8.99819947 0.00899819947 3.858661
941 3631 8.9981696 0.0089981696 3.858661
941 3631 8.99800338 0.00899800338 3.858661
941 3631 8.9982161 0.0089982161 3.858661
941 3631 8.9982093 0.0089982093 3.858661
941 3631 8.99801824 0.00899801824 3.858661
941 3631 8.99822224 0.00899822224 3.858661
941 3631 8.99820857 0.00899820857 3.858661
941 3631 8.99801661 0.00899801661 3.858661
940 3618 8.96824141 0.00896824141 3.84893617
940 3618 8.96802918 0.00896802918 3.84893617
940 3618 8.96797903 0.00896797903 3.84893617
940 3618 8.96806282 0.00896806282 3.84893617
940 3618 8.96826949 0.00896826949 3.84893617
940 3618 8.96816489 0.00896816489 3.84893617
940 3618 8.96828328 0.00896828328 3.84893617
940 3618 8.96811712 0.00896811712 3.84893617
940 3618 8.96829889 0.00896829889 3.84893617
940 3618 8.9681191 0.0089681191 3.84893617
939 3612 8.93401626 0.00893401626 3.84664537
939 3611 8.94556025 0.00894556025 3.8455804
939 3612 8.93413895 0.00893413895 3.84664537
939 3618 8.94343399 0.00894343399 3.85303514
939 3618 8.9434365 0.0089434365 3.85303514
939 3618 8.94353205 0.00894353205 3.85303514
939 3618 8.94349719 0.00894349719 3.85303514
939 3618 8.94350429 0.00894350429 3.85303514
939 3618 8.94350184 0.00894350184 3.85303514
939 3618 8.94350448 0.00894350448 3.85303514
938 3605 8.91269758 0.00891269758 3.84328358
938 3605 8.912666 0.008912666 3.84328358
938 3605 8.91244763 0.00891244763 3.84328358
938 3605 8.91262689 0.00891262689 3.84328358
938 3605 8.91280066 0.00891280066 3.84328358
938 3605 8.91277586 0.00891277586 3.84328358
938 3605 8.91275808 0.00891275808 3.84328358
938 3605 8.91275107 0.00891275107 3.84328358
938 3605 8.91275513 0.00891275513 3.84328358
938 3605 8.91275885 0.00891275885 3.84328358
937 3593 8.8941701 0.0088941701 3.83457844
937 3593 8.89410246 0.00889410246 3.83457844
937 3593 8.89411367 0.00889411367 3.83457844
937 3593 8.89426235 0.00889426235 3.83457844
937 3593 8.89423906 0.00889423906 3.83457844
937 3593 8.89412662 0.00889412662 3.83457844
937 3593 8.89425333 0.00889425333 3.83457844
937 3593 8.89424364 0.00889424364 3.83457844
937 3593 8.89412852 0.00889412852 3.83457844
937 3593 8.89425278 0.00889425278 3.83457844
936 3589 8.86752035 0.00886752035 3.83440171
936 3589 8.86755467 0.00886755467 3.83440171
936 3589 8.86738557 0.00886738557 3.83440171
936 3589 8.86746995 0.00886746995 3.83440171
936 3589 8.86749197 0.00886749197 3.83440171
936 3589 8.86740122 0.00886740122 3.83440171
936 3589 8.86740164 0.00886740164 3.83440171
936 3589 8.86739558 0.00886739558 3.83440171
936 3589 8.8673992 0.0088673992 3.83440171
936 3589 8.86739915 0.00886739915 3.83440171
935 3583 8.84600127 0.00884600127 3.83208556
935 3583 8.84606316 0.00884606316 3.83208556
935 3580 8.85893428 0.00885893428 3.82887701
935 3580 8.85888172 0.00885888172 3.82887701
935 3583 8.84604344 0.00884604344 3.83208556
935 3583 8.84608249 0.00884608249 3.83208556
935 3583 8.84606463 0.00884606463 3.83208556
935 3583 8.84605649 0.00884605649 3.83208556
935 3583 8.84605431 0.00884605431 3.83208556
935 3583 8.84605381 0.00884605381 3.83208556
934 3574 8.83772677 0.00883772677 3.82655246
934 3574 8.83778806 0.00883778806 3.82655246
934 3574 8.83786404 0.00883786404 3.82655246
934 3576 8.80021425 0.00880021425 3.82869379
934 3573 8.82103817 0.00882103817 3.8254818
934 3574 8.83827514 0.00883827514 3.82655246
934 3574 8.83782499 0.00883782499 3.82655246
934 3574 8.83773999 0.00883773999 3.82655246
934 3574 8.83771019 0.00883771019 3.82655246
934 3574 8.83782918 0.00883782918 3.82655246
933 3567 8.8003519 0.0088003519 3.82315113
933 3566 8.82869426 0.00882869426 3.82207931
933 3569 8.81796026 0.00881796026 3.82529475
933 3569 8.8179063 0.0088179063 3.82529475
933 3569 8.8178335 0.0088178335 3.82529475
933 3569 8.81784974 0.00881784974 3.82529475
933 3569 8.81785084 0.00881785084 3.82529475
933 3569 8.81785211 0.00881785211 3.82529475
933 3569 8.81784923 0.00881784923 3.82529475
933 3569 8.81784911 0.00881784911 3.82529475
932 3562 8.80804184 0.00880804184 3.82188841
932 3562 8.80800167 0.00880800167 3.82188841
932 3562 8.78090065 0.00878090065 3.82188841
932 3560 8.79385738 0.00879385738 3.81974249
932 3560 8.79392265 0.00879392265 3.81974249
932 3559 8.78158979 0.00878158979 3.81866953
932 3558 8.78910392 0.00878910392 3.81759657
932 3562 8.77153282 0.00877153282 3.82188841
932 3562 8.77148654 0.00877148654 3.82188841
932 3561 8.80000449 0.00880000449 3.82081545
931 3554 8.76409764 0.00876409764 3.81740064
931 3554 8.76408805 0.00876408805 3.81740064
931 3554 8.76401685 0.00876401685 3.81740064
931 3554 8.76405293 0.00876405293 3.81740064
931 3554 8.76398856 0.00876398856 3.81740064
931 3554 8.76400737 0.00876400737 3.81740064
931 3554 8.76404038 0.00876404038 3.81740064
931 3554 8.76398746 0.00876398746 3.81740064
931 3554 8.76397297 0.00876397297 3.81740064
931 3554 8.76401943 0.00876401943 3.81740064
930 3548 8.74327901 0.00874327901 3.81505376
930 3548 8.74323347 0.00874323347 3.81505376
930 3547 8.75451913 0.00875451913 3.81397849
930 3548 8.74326329 0.00874326329 3.81505376
930 3548 8.74325113 0.00874325113 3.81505376
930 3548 8.74322842 0.00874322842 3.81505376
930 3548 8.74320946 0.00874320946 3.81505376
930 3548 8.74321188 0.00874321188 3.81505376
930 3548 8.74320833 0.00874320833 3.81505376
930 3548 8.74320609 0.00874320609 3.81505376
929 3541 8.73409174 0.00873409174 3.8116254
929 3541 8.73411809 0.00873411809 3.8116254
929 3541 8.73387737 0.00873387737 3.8116254
929 3541 8.73396062 0.00873396062 3.8116254
929 3541 8.73451055 0.00873451055 3.8116254
929 3541 8.73380255 0.00873380255 3.8116254
929 3541 8.73389229 0.00873389229 3.8116254
929 3541 8.73422572 0.00873422572 3.8116254
929 3541 8.73405908 0.00873405908 3.8116254
929 3541 8.73387383 0.00873387383 3.8116254
928 3533 8.73434377 0.00873434377 3.80711207
928 3532 8.69975318 0.00869975318 3.80603448
928 3532 8.69985776 0.00869985776 3.80603448
928 3532 8.69981601 0.00869981601 3.80603448
928 3532 8.69980035 0.00869980035 3.80603448
928 3532 8.69979837 0.00869979837 3.80603448
928 3532 8.6998083 0.0086998083 3.80603448
928 3532 8.69980759 0.00869980759 3.80603448
928 3532 8.69980431 0.00869980431 3.80603448
928 3532 8.69980504 0.00869980504 3.80603448
927 3524 8.69968045 0.00869968045 3.80151025
927 3524 8.69973082 0.00869973082 3.80151025
927 3524 8.69953818 0.00869953818 3.80151025
927 3524 8.69973131 0.00869973131 3.80151025
927 3524 8.69959576 0.00869959576 3.80151025
927 3524 8.69975133 0.00869975133 3.80151025
927 3524 8.69952845 0.00869952845 3.80151025
927 3524 8.69971011 0.00869971011 3.80151025
927 3524 8.69949091 0.00869949091 3.80151025
927 3524 8.69973555 0.00869973555 3.80151025
926 3512 8.65836847 0.00865836847 3.79265659
926 3519 8.66648011 0.00866648011 3.80021598
926 3517 8.67190043 0.00867190043 3.79805616
926 3517 8.67190667 0.00867190667 3.79805616
926 3517 8.67193007 0.00867193007 3.79805616
926 3517 8.6719283 0.0086719283 3.79805616
926 3517 8.67193141 0.00867193141 3.79805616
926 3517 8.67193226 0.00867193226 3.79805616
926 3517 8.67193228 0.00867193228 3.79805616
926 3517 8.67193232 0.00867193232 3.79805616
925 3512 8.63996257 0.00863996257 3.79675676
925 3512 8.63986791 0.00863986791 3.79675676
925 3513 8.63639383 0.00863639383 3.79783784
925 3509 8.60240211 0.00860240211 3.79351351
925 3513 8.61079631 0.00861079631 3.79783784
925 3515 8.62137609 0.00862137609 3.8
925 3511 8.61388813 0.00861388813 3.79567568
925 3505 8.59605315 0.00859605315 3.78918919
924 3498 8.5571813 0.0085571813 3.78571429
924 3497 8.56831202 0.00856831202 3.78463203
923 3491 8.54179062 0.00854179062 3.78223185
923 3493 8.52057132 0.00852057132 3.7843987
923 3489 8.52247328 0.00852247328 3.78006501
923 3488 8.55265921 0.00855265921 3.77898158
923 3493 8.54991844 0.00854991844 3.7843987
923 3485 8.54337258 0.00854337258 3.77573131
923 3494 8.55063612 0.00855063612 3.78548212
923 3488 8.55212474 0.00855212474 3.77898158
923 3486 8.53928872 0.00853928872 3.77681473
923 3490 8.54916586 0.00854916586 3.78114843
922 3484 8.53037633 0.00853037633 3.77874187
922 3483 8.5034835 0.0085034835 3.77765727
922 3481 8.52243224 0.00852243224 3.77548807
922 3481 8.52229499 0.00852229499 3.77548807
922 3481 8.52229253 0.00852229253 3.77548807
922 3481 8.52229498 0.00852229498 3.77548807
922 3481 8.52229465 0.00852229465 3.77548807
922 3481 8.52229722 0.00852229722 3.77548807
922 3481 8.52229778 0.00852229778 3.77548807
922 3481 8.52229756 0.00852229756 3.77548807
921 3475 8.50332973 0.00850332973 3.77307275
921 3475 8.5036133 0.0085036133 3.77307275
921 3475 8.50344512 0.00850344512 3.77307275
921 3475 8.50369021 0.00850369021 3.77307275
921 3475 8.50329107 0.00850329107 3.77307275
921 3475 8.50347281 0.00850347281 3.77307275
921 3475 8.50346341 0.00850346341 3.77307275
921 3475 8.5036444 0.0085036444 3.77307275
921 3475 8.50329734 0.00850329734 3.77307275
921 3475 8.50347167 0.00850347167 3.77307275
920 3466 8.47437907 0.00847437907 3.7673913
920 3466 8.48192741 0.00848192741 3.7673913
920 3468 8.49774594 0.00849774594 3.76956522
920 3468 8.49772057 0.00849772057 3.76956522
920 3468 8.49794325 0.00849794325 3.76956522
920 3468 8.49795046 0.00849795046 3.76956522
920 3468 8.49763334 0.00849763334 3.76956522
920 3468 8.49768786 0.00849768786 3.76956522
920 3468 8.4977168 0.0084977168 3.76956522
920 3468 8.49774674 0.00849774674 3.76956522
919 3459 8.47678779 0.00847678779 3.76387378
919 3459 8.47684316 0.00847684316 3.76387378
919 3459 8.46845797 0.00846845797 3.76387378
919 3459 8.47701855 0.00847701855 3.76387378
919 3459 8.47667938 0.00847667938 3.76387378
919 3459 8.47683367 0.00847683367 3.76387378
919 3459 8.47676122 0.00847676122 3.76387378
919 3459 8.47670928 0.00847670928 3.76387378
919 3459 8.47669509 0.00847669509 3.76387378
919 3459 8.47669631 0.00847669631 3.76387378
918 3450 8.44805514 0.00844805514 3.75816993
918 3450 8.44800964 0.00844800964 3.75816993
918 3450 8.44803156 0.00844803156 3.75816993
918 3450 8.44801074 0.00844801074 3.75816993
918 3450 8.44790305 0.00844790305 3.75816993
918 3450 8.44804659 0.00844804659 3.75816993
918 3450 8.44801722 0.00844801722 3.75816993
918 3450 8.4481063 0.0084481063 3.75816993
918 3450 8.4479919 0.0084479919 3.75816993
918 3450 8.44805683 0.00844805683 3.75816993
917 3443 8.42351965 0.00842351965 3.75463468
917 3439 8.41679424 0.00841679424 3.75027263
917 3446 8.42297446 0.00842297446 3.75790622
917 3444 8.42657746 0.00842657746 3.75572519
917 3442 8.4039404 0.0084039404 3.75354417
917 3444 8.41899161 0.00841899161 3.75572519
917 3444 8.41896772 0.00841896772 3.75572519
917 3441 8.41565145 0.00841565145 3.75245365
917 3444 8.42662323 0.00842662323 3.75572519
917 3444 8.42659752 0.00842659752 3.75572519
916 3435 8.39878698 0.00839878698 3.75
916 3435 8.39883763 0.00839883763 3.75
916 3435 8.39881061 0.00839881061 3.75
916 3435 8.39873267 0.00839873267 3.75
916 3435 8.39911114 0.00839911114 3.75
916 3435 8.39876578 0.00839876578 3.75
916 3435 8.39916611 0.00839916611 3.75
916 3435 8.39901959 0.00839901959 3.75
916 3435 8.39880852 0.00839880852 3.75
916 3435 8.39913047 0.00839913047 3.75
915 3428 8.37380989 0.00837380989 3.74644809
915 3428 8.37366062 0.00837366062 3.74644809
915 3428 8.37384318 0.00837384318 3.74644809
915 3428 8.37385295 0.00837385295 3.74644809
915 3428 8.37386548 0.00837386548 3.74644809
915 3428 8.37386382 0.00837386382 3.74644809
915 3428 8.37385613 0.00837385613 3.74644809
915 3428 8.37384609 0.00837384609 3.74644809
915 3428 8.37384364 0.00837384364 3.74644809
915 3428 8.37384313 0.00837384313 3.74644809
914 3421 8.36635133 0.00836635133 3.7428884
914 3421 8.36626423 0.00836626423 3.7428884
914 3421 8.36707949 0.00836707949 3.7428884
914 3421 8.36660257 0.00836660257 3.7428884
914 3421 8.3669715 0.0083669715 3.7428884
914 3421 8.3671035 0.0083671035 3.7428884
914 3421 8.36648818 0.00836648818 3.7428884
914 3421 8.36698347 0.00836698347 3.7428884
914 3421 8.36651598 0.00836651598 3.7428884
914 3421 8.36692865 0.00836692865 3.7428884
913 3415 8.34237674 0.00834237674 3.74041621
913 3411 8.33760604 0.00833760604 3.73603505
913 3411 8.33791914 0.00833791914 3.73603505
913 3411 8.33814676 0.00833814676 3.73603505
913 3415 8.3329532 0.0083329532 3.74041621
913 3415 8.34228449 0.00834228449 3.74041621
913 3415 8.34269421 0.00834269421 3.74041621
913 3415 8.34198151 0.00834198151 3.74041621
913 3415 8.34191781 0.00834191781 3.74041621
913 3415 8.34304589 0.00834304589 3.74041621
912 3405 8.31452405 0.00831452405 3.73355263
912 3409 8.30950149 0.00830950149 3.7379386
912 3407 8.32918105 0.00832918105 3.73574561
912 3407 8.32979888 0.00832979888 3.73574561
912 3407 8.32904875 0.00832904875 3.73574561
912 3403 8.32487433 0.00832487433 3.73135965
912 3403 8.32497869 0.00832497869 3.73135965
912 3403 8.32514828 0.00832514828 3.73135965
912 3407 8.32020174 0.00832020174 3.73574561
912 3407 8.32010879 0.00832010879 3.73574561
911 3397 8.29207634 0.00829207634 3.72886937
911 3397 8.29183025 0.00829183025 3.72886937
911 3397 8.29209308 0.00829209308 3.72886937
911 3401 8.29430931 0.00829430931 3.73326015
911 3397 8.29736995 0.00829736995 3.72886937
911 3399 8.27931526 0.00827931526 3.73106476
911 3395 8.2694392 0.0082694392 3.72667398
911 3396 8.260906 0.008260906 3.72777168
911 3395 8.27362708 0.00827362708 3.72667398
911 3395 8.2734501 0.0082734501 3.72667398
910 3388 8.24884552 0.00824884552 3.72307692
910 3388 8.24921514 0.00824921514 3.72307692
910 3388 8.24906108 0.00824906108 3.72307692
910 3388 8.24908381 0.00824908381 3.72307692
910 3388 8.2490393 0.0082490393 3.72307692
910 3388 8.24901743 0.00824901743 3.72307692
910 3388 8.24903029 0.00824903029 3.72307692
910 3388 8.24903608 0.00824903608 3.72307692
910 3388 8.24903818 0.00824903818 3.72307692
910 3388 8.24904002 0.00824904002 3.72307692
909 3382 8.22644171 0.00822644171 3.72057206
909 3382 8.22632561 0.00822632561 3.72057206
909 3382 8.22671571 0.00822671571 3.72057206
909 3382 8.22634495 0.00822634495 3.72057206
909 3382 8.22619513 0.00822619513 3.72057206
909 3382 8.22605995 0.00822605995 3.72057206
909 3382 8.22618569 0.00822618569 3.72057206
909 3382 8.2260468 0.0082260468 3.72057206
909 3382 8.22617883 0.00822617883 3.72057206
909 3382 8.22604423 0.00822604423 3.72057206
908 3372 8.18758728 0.00818758728 3.71365639
908 3379 8.19100478 0.00819100478 3.72136564
907 3373 8.17929529 0.00817929529 3.71885336
907 3373 8.17910829 0.00817910829 3.71885336
907 3373 8.17927393 0.00817927393 3.71885336
907 3373 8.17922104 0.00817922104 3.71885336
907 3373 8.17922187 0.00817922187 3.71885336
907 3373 8.17920977 0.00817920977 3.71885336
907 3373 8.17921465 0.00817921465 3.71885336
907 3373 8.1792103 0.0081792103 3.71885336
906 3366 8.17143314 0.00817143314 3.71523179
906 3363 8.13714854 0.00813714854 3.71192053
906 3366 8.17189573 0.00817189573 3.71523179
906 3366 8.17140509 0.00817140509 3.71523179
906 3366 8.1713666 0.0081713666 3.71523179
906 3362 8.15274728 0.00815274728 3.71081678
906 3366 8.17161076 0.00817161076 3.71523179
906 3366 8.17153969 0.00817153969 3.71523179
906 3366 8.17139238 0.00817139238 3.71523179
906 3366 8.17212191 0.00817212191 3.71523179
905 3360 8.16222617 0.00816222617 3.71270718
905 3356 8.13107535 0.00813107535 3.70828729
905 3356 8.13120168 0.00813120168 3.70828729
905 3356 8.13107226 0.00813107226 3.70828729
905 3356 8.13106685 0.00813106685 3.70828729
905 3356 8.13110822 0.00813110822 3.70828729
905 3356 8.13108783 0.00813108783 3.70828729
905 3356 8.131097 0.008131097 3.70828729
905 3356 8.13109132 0.00813109132 3.70828729
905 3356 8.13109069 0.00813109069 3.70828729
904 3348 8.1302619 0.0081302619 3.70353982
904 3348 8.13025797 0.00813025797 3.70353982
904 3348 8.13027789 0.00813027789 3.70353982
904 3348 8.1302893 0.0081302893 3.70353982
904 3348 8.1302961 0.0081302961 3.70353982
904 3348 8.13029939 0.00813029939 3.70353982
904 3348 8.13029878 0.00813029878 3.70353982
904 3348 8.13029862 0.00813029862 3.70353982
904 3348 8.13029912 0.00813029912 3.70353982
904 3348 8.13029933 0.00813029933 3.70353982
903 3342 8.12123886 0.00812123886 3.70099668
903 3342 8.12119595 0.00812119595 3.70099668
903 3342 8.12122792 0.00812122792 3.70099668
903 3342 8.12122625 0.00812122625 3.70099668
903 3342 8.12121756 0.00812121756 3.70099668
903 3342 8.12121328 0.00812121328 3.70099668
903 3342 8.12121211 0.00812121211 3.70099668
903 3342 8.12121143 0.00812121143 3.70099668
903 3342 8.12121131 0.00812121131 3.70099668
903 3342 8.12121119 0.00812121119 3.70099668
902 3336 8.11259624 0.00811259624 3.69844789
902 3336 8.11256421 0.00811256421 3.69844789
902 3332 8.07999915 0.00807999915 3.6940133
902 3332 8.07984536 0.00807984536 3.6940133
902 3332 8.07990674 0.00807990674 3.6940133
902 3332 8.07959295 0.00807959295 3.6940133
902 3332 8.07982148 0.00807982148 3.6940133
902 3332 8.07934487 0.00807934487 3.6940133
902 3332 8.07982886 0.00807982886 3.6940133
902 3334 8.09066361 0.00809066361 3.6962306
901 3328 8.06148111 0.00806148111 3.6936737
901 3328 8.06119854 0.00806119854 3.6936737
901 3328 8.0632148 0.0080632148 3.6936737
901 3330 8.05835165 0.00805835165 3.69589345
901 3328 8.07128855 0.00807128855 3.6936737
901 3328 8.07073074 0.00807073074 3.6936737
901 3328 8.0708263 0.0080708263 3.6936737
901 3326 8.04435603 0.00804435603 3.69145394
901 3328 8.07069808 0.00807069808 3.6936737
901 3328 8.07090487 0.00807090487 3.6936737
900 3320 8.04042234 0.00804042234 3.68888889
900 3320 8.04025884 0.00804025884 3.68888889
900 3320 8.0401028 0.0080401028 3.68888889
900 3320 8.03995474 0.00803995474 3.68888889
900 3320 8.04003604 0.00804003604 3.68888889
900 3320 8.04002488 0.00804002488 3.68888889
900 3320 8.04001456 0.00804001456 3.68888889
900 3320 8.0400139 0.0080400139 3.68888889
900 3320 8.04001603 0.00804001603 3.68888889
900 3320 8.04001579 0.00804001579 3.68888889
899 3314 8.01110208 0.00801110208 3.68631813
899 3314 8.01125036 0.00801125036 3.68631813
899 3314 8.01130457 0.00801130457 3.68631813
899 3314 8.01091509 0.00801091509 3.68631813
899 3314 8.01127639 0.00801127639 3.68631813
899 3314 8.01060325 0.00801060325 3.68631813
899 3314 8.01170607 0.00801170607 3.68631813
899 3314 8.01071266 0.00801071266 3.68631813
899 3314 8.01123136 0.00801123136 3.68631813
899 3314 8.01061125 0.00801061125 3.68631813
898 3305 8.00574425 0.00800574425 3.68040089
898 3304 7.96977482 0.00796977482 3.67928731
898 3308 7.96954701 0.00796954701 3.68374165
898 3304 7.96921894 0.00796921894 3.67928731
898 3304 7.96963761 0.00796963761 3.67928731
898 3308 7.96928252 0.00796928252 3.68374165
898 3307 7.97645632 0.00797645632 3.68262806
898 3308 7.96905019 0.00796905019 3.68374165
898 3308 7.96922309 0.00796922309 3.68374165
898 3308 7.96926206 0.00796926206 3.68374165
897 3298 7.9287032 0.0079287032 3.67670011
897 3301 7.95137919 0.00795137919 3.68004459
897 3298 7.92880129 0.00792880129 3.67670011
897 3298 7.92848961 0.00792848961 3.67670011
897 3298 7.92865857 0.00792865857 3.67670011
897 3298 7.9287025 0.0079287025 3.67670011
897 3298 7.92869557 0.00792869557 3.67670011
897 3298 7.92856247 0.00792856247 3.67670011
897 3298 7.92856606 0.00792856606 3.67670011
897 3298 7.92866848 0.00792866848 3.67670011
896 3291 7.91109618 0.00791109618 3.67299107
896 3291 7.91087281 0.00791087281 3.67299107
896 3291 7.91088435 0.00791088435 3.67299107
896 3291 7.91094167 0.00791094167 3.67299107
896 3291 7.91091921 0.00791091921 3.67299107
896 3291 7.91091035 0.00791091035 3.67299107
896 3291 7.91091916 0.00791091916 3.67299107
896 3291 7.91093148 0.00791093148 3.67299107
896 3291 7.91093652 0.00791093652 3.67299107
896 3291 7.9109316 0.0079109316 3.67299107
895 3282 7.90571886 0.00790571886 3.66703911
895 3281 7.90756538 0.00790756538 3.66592179
895 3281 7.90755249 0.00790755249 3.66592179
895 3281 7.90757494 0.00790757494 3.66592179
895 3281 7.90758773 0.00790758773 3.66592179
895 3281 7.90758664 0.00790758664 3.66592179
895 3281 7.90758734 0.00790758734 3.66592179
895 3281 7.90758984 0.00790758984 3.66592179
895 3281 7.90758811 0.00790758811 3.66592179
895 3281 7.90758748 0.00790758748 3.66592179
894 3272 7.90240032 0.00790240032 3.65995526
894 3272 7.90261769 0.00790261769 3.65995526
894 3272 7.9026524 0.0079026524 3.65995526
894 3272 7.90260709 0.00790260709 3.65995526
894 3272 7.90258854 0.00790258854 3.65995526
894 3272 7.90258724 0.00790258724 3.65995526
894 3272 7.90258701 0.00790258701 3.65995526
894 3272 7.90258489 0.00790258489 3.65995526
894 3272 7.90258522 0.00790258522 3.65995526
894 3272 7.90258513 0.00790258513 3.65995526
893 3265 7.8757758 0.0078757758 3.65621501
893 3262 7.88640888 0.00788640888 3.65285554
893 3262 7.88654332 0.00788654332 3.65285554
893 3262 7.88651147 0.00788651147 3.65285554
893 3262 7.88642644 0.00788642644 3.65285554
893 3262 7.88643251 0.00788643251 3.65285554
893 3262 7.88642839 0.00788642839 3.65285554
893 3262 7.88642709 0.00788642709 3.65285554
893 3262 7.88642596 0.00788642596 3.65285554
893 3262 7.8864264 0.0078864264 3.65285554
892 3255 7.85979107 0.00785979107 3.64910314
892 3256 7.87743197 0.00787743197 3.65022422
892 3255 7.859543 0.007859543 3.64910314
892 3255 7.85957533 0.00785957533 3.64910314
892 3259 7.86760046 0.00786760046 3.65358744
892 3259 7.86761985 0.00786761985 3.65358744
892 3259 7.86763452 0.00786763452 3.65358744
892 3259 7.86760276 0.00786760276 3.65358744
892 3259 7.86759126 0.00786759126 3.65358744
892 3259 7.86759644 0.00786759644 3.65358744
891 3249 7.85163348 0.00785163348 3.64646465
891 3249 7.85185634 0.00785185634 3.64646465
891 3252 7.82733868 0.00782733868 3.64983165
891 3251 7.79580755 0.00779580755 3.64870932
891 3248 7.80389242 0.00780389242 3.64534231
891 3250 7.78541699 0.00778541699 3.64758698
891 3251 7.78371151 0.00778371151 3.64870932
891 3251 7.79557254 0.00779557254 3.64870932
891 3251 7.79559295 0.00779559295 3.64870932
891 3251 7.79564929 0.00779564929 3.64870932
890 3241 7.78053154 0.00778053154 3.64157303
890 3241 7.78052964 0.00778052964 3.64157303
890 3241 7.78061334 0.00778061334 3.64157303
890 3241 7.78058597 0.00778058597 3.64157303
890 3241 7.78057804 0.00778057804 3.64157303
890 3241 7.78057962 0.00778057962 3.64157303
890 3241 7.78057926 0.00778057926 3.64157303
890 3241 7.78057884 0.00778057884 3.64157303
890 3241 7.78057886 0.00778057886 3.64157303
890 3241 7.78057952 0.00778057952 3.64157303
889 3235 7.77335612 0.00777335612 3.63892013
889 3235 7.77418006 0.00777418006 3.63892013
889 3235 7.77312047 0.00777312047 3.63892013
889 3237 7.75314737 0.00775314737 3.64116985
889 3241 7.76824126 0.00776824126 3.64566929
889 3241 7.76911234 0.00776911234 3.64566929
889 3241 7.76827984 0.00776827984 3.64566929
889 3241 7.76809174 0.00776809174 3.64566929
889 3241 7.76825848 0.00776825848 3.64566929
888 3231 7.72379731 0.00772379731 3.63851351
887 3225 7.71669837 0.00771669837 3.63585118
887 3225 7.71663323 0.00771663323 3.63585118
887 3225 7.7166762 0.0077166762 3.63585118
887 3225 7.71658524 0.00771658524 3.63585118
887 3225 7.71661904 0.00771661904 3.63585118
887 3225 7.71663786 0.00771663786 3.63585118
887 3225 7.71664515 0.00771664515 3.63585118
887 3225 7.71664946 0.00771664946 3.63585118
887 3225 7.71664738 0.00771664738 3.63585118
887 3225 7.71664729 0.00771664729 3.63585118
886 3215 7.70114679 0.00770114679 3.62866817
886 3215 7.70117699 0.00770117699 3.62866817
886 3215 7.70125049 0.00770125049 3.62866817
886 3215 7.7010738 0.0077010738 3.62866817
886 3215 7.70122239 0.00770122239 3.62866817
886 3215 7.70122783 0.00770122783 3.62866817
886 3215 7.70123774 0.00770123774 3.62866817
886 3215 7.70124529 0.00770124529 3.62866817
886 3215 7.70123915 0.00770123915 3.62866817
886 3215 7.70123572 0.00770123572 3.62866817
885 3212 7.6949748 0.0076949748 3.62937853
885 3212 7.69487828 0.00769487828 3.62937853
885 3212 7.69482869 0.00769482869 3.62937853
885 3206 7.66368187 0.00766368187 3.62259887
885 3206 7.66371402 0.00766371402 3.62259887
885 3206 7.66371309 0.00766371309 3.62259887
885 3206 7.66361933 0.00766361933 3.62259887
885 3211 7.70117023 0.00770117023 3.62824859
885 3211 7.70122659 0.00770122659 3.62824859
885 3211 7.70122426 0.00770122426 3.62824859
884 3208 7.69495816 0.00769495816 3.62895928
884 3208 7.69486217 0.00769486217 3.62895928
884 3208 7.69482785 0.00769482785 3.62895928
884 3208 7.69488462 0.00769488462 3.62895928
884 3208 7.69479342 0.00769479342 3.62895928
884 3206 7.69052328 0.00769052328 3.62669683
884 3206 7.69060119 0.00769060119 3.62669683
884 3207 7.68458621 0.00768458621 3.62782805
884 3208 7.69498617 0.00769498617 3.62895928
884 3208 7.69479214 0.00769479214 3.62895928
883 3199 7.65812046 0.00765812046 3.62287656
883 3203 7.69134808 0.00769134808 3.62740657
883 3203 7.69095393 0.00769095393 3.62740657
883 3203 7.69089089 0.00769089089 3.62740657
883 3203 7.69086297 0.00769086297 3.62740657
883 3203 7.691036 0.007691036 3.62740657
883 3203 7.69100607 0.00769100607 3.62740657
883 3203 7.69094278 0.00769094278 3.62740657
883 3203 7.69104598 0.00769104598 3.62740657
883 3203 7.69101112 0.00769101112 3.62740657
882 3194 7.65449637 0.00765449637 3.62131519
882 3194 7.6538831 0.0076538831 3.62131519
882 3194 7.65390431 0.00765390431 3.62131519
882 3194 7.6540182 0.0076540182 3.62131519
882 3194 7.65410636 0.00765410636 3.62131519
882 3194 7.65409672 0.00765409672 3.62131519
882 3194 7.6540941 0.0076540941 3.62131519
882 3194 7.65409829 0.00765409829 3.62131519
882 3194 7.65410004 0.00765410004 3.62131519
882 3194 7.65409983 0.00765409983 3.62131519
881 3185 7.6164413 0.0076164413 3.61520999
881 3187 7.64341364 0.00764341364 3.61748014
881 3187 7.64600881 0.00764600881 3.61748014
881 3187 7.6456738 0.0076456738 3.61748014
881 3187 7.64551813 0.00764551813 3.61748014
881 3187 7.64586246 0.00764586246 3.61748014
881 3187 7.6459728 0.0076459728 3.61748014
881 3187 7.64623359 0.00764623359 3.61748014
881 3187 7.64558541 0.00764558541 3.61748014
881 3187 7.64551738 0.00764551738 3.61748014
880 3178 7.60886961 0.00760886961 3.61136364
880 3178 7.60854918 0.00760854918 3.61136364
880 3178 7.60848979 0.00760848979 3.61136364
880 3178 7.60851509 0.00760851509 3.61136364
880 3178 7.6085389 0.0076085389 3.61136364
880 3178 7.6084928 0.0076084928 3.61136364
880 3178 7.60847798 0.00760847798 3.61136364
880 3178 7.60849631 0.00760849631 3.61136364
880 3178 7.60850496 0.00760850496 3.61136364
880 3178 7.60851022 0.00760851022 3.61136364
879 3171 7.59743098 0.00759743098 3.60750853
879 3172 7.57707663 0.00757707663 3.60864619
879 3171 7.59763416 0.00759763416 3.60750853
879 3171 7.59739994 0.00759739994 3.60750853
879 3171 7.5974418 0.0075974418 3.60750853
879 3171 7.597564 0.007597564 3.60750853
879 3171 7.5977366 0.0075977366 3.60750853
879 3171 7.59733916 0.00759733916 3.60750853
879 3171 7.59741411 0.00759741411 3.60750853
879 3171 7.59754997 0.00759754997 3.60750853
878 3165 7.56630595 0.00756630595 3.6047836
878 3166 7.58694258 0.00758694258 3.60592255
878 3166 7.58657558 0.00758657558 3.60592255
878 3165 7.56627561 0.00756627561 3.6047836
878 3165 7.56611014 0.00756611014 3.6047836
878 3165 7.56629808 0.00756629808 3.6047836
878 3165 7.56628217 0.00756628217 3.6047836
878 3165 7.56625356 0.00756625356 3.6047836
878 3165 7.56624476 0.00756624476 3.6047836
878 3165 7.56624551 0.00756624551 3.6047836
877 3160 7.5558445 0.0075558445 3.6031927
877 3162 7.53079386 0.00753079386 3.6054732
877 3166 7.55987051 0.00755987051 3.61003421
877 3166 7.55998178 0.00755998178 3.61003421
877 3164 7.53342854 0.00753342854 3.60775371
877 3163 7.55329449 0.00755329449 3.60661345
877 3163 7.553118 0.007553118 3.60661345
877 3163 7.55328835 0.00755328835 3.60661345
877 3163 7.5531074 0.0075531074 3.60661345
877 3163 7.5531882 0.0075531882 3.60661345
876 3157 7.52301156 0.00752301156 3.60388128
876 3157 7.52288783 0.00752288783 3.60388128
876 3157 7.52272898 0.00752272898 3.60388128
876 3157 7.52260151 0.00752260151 3.60388128
876 3157 7.52253256 0.00752253256 3.60388128
876 3157 7.52250281 0.00752250281 3.60388128
876 3157 7.5224948 0.0075224948 3.60388128
876 3157 7.5224907 0.0075224907 3.60388128
876 3157 7.52249052 0.00752249052 3.60388128
876 3157 7.52249079 0.00752249079 3.60388128
875 3151 7.49921693 0.00749921693 3.60114286
875 3151 7.49986437 0.00749986437 3.60114286
875 3147 7.48633648 0.00748633648 3.59657143
875 3151 7.47194872 0.00747194872 3.60114286
875 3149 7.46834172 0.00746834172 3.59885714
875 3144 7.49940749 0.00749940749 3.59314286
875 3137 7.48049049 0.00748049049 3.58514286
875 3144 7.46603954 0.00746603954 3.59314286
875 3142 7.44103028 0.00744103028 3.59085714
875 3142 7.44112387 0.00744112387 3.59085714
874 3136 7.41919999 0.00741919999 3.58810069
874 3132 7.39461882 0.00739461882 3.58352403
874 3134 7.40870749 0.00740870749 3.58581236
874 3137 7.43080337 0.00743080337 3.58924485
874 3137 7.43048238 0.00743048238 3.58924485
874 3137 7.4304705 0.0074304705 3.58924485
874 3137 7.4309729 0.0074309729 3.58924485
874 3135 7.39660549 0.00739660549 3.58695652
874 3135 7.4036806 0.0074036806 3.58695652
874 3137 7.43106748 0.00743106748 3.58924485
873 3128 7.39468831 0.00739468831 3.58304696
873 3128 7.39426855 0.00739426855 3.58304696
873 3128 7.39431471 0.00739431471 3.58304696
873 3128 7.39424492 0.00739424492 3.58304696
873 3128 7.39427852 0.00739427852 3.58304696
873 3128 7.39427605 0.00739427605 3.58304696
873 3128 7.39428397 0.00739428397 3.58304696
873 3128 7.39428682 0.00739428682 3.58304696
873 3128 7.39428434 0.00739428434 3.58304696
873 3128 7.39428682 0.00739428682 3.58304696
872 3124 7.39033553 0.00739033553 3.58256881
872 3124 7.39031599 0.00739031599 3.58256881
872 3118 7.36713089 0.00736713089 3.57568807
872 3118 7.36727232 0.00736727232 3.57568807
872 3118 7.36722694 0.00736722694 3.57568807
872 3118 7.36719103 0.00736719103 3.57568807
872 3118 7.38271808 0.00738271808 3.57568807
872 3118 7.36720694 0.00736720694 3.57568807
872 3118 7.36726782 0.00736726782 3.57568807
872 3118 7.36719373 0.00736719373 3.57568807
871 3108 7.35583772 0.00735583772 3.56831228
871 3108 7.35578957 0.00735578957 3.56831228
871 3108 7.35579727 0.00735579727 3.56831228
871 3108 7.33588944 0.00733588944 3.56831228
871 3108 7.35573961 0.00735573961 3.56831228
871 3108 7.35594373 0.00735594373 3.56831228
871 3108 7.35573672 0.00735573672 3.56831228
871 3108 7.35590274 0.00735590274 3.56831228
871 3108 7.35578258 0.00735578258 3.56831228
871 3108 7.35589184 0.00735589184 3.56831228
870 3098 7.32450095 0.00732450095 3.56091954
870 3100 7.33853268 0.00733853268 3.56321839
870 3099 7.34398405 0.00734398405 3.56206897
870 3100 7.32018438 0.00732018438 3.56321839
870 3098 7.32455248 0.00732455248 3.56091954
870 3100 7.33843613 0.00733843613 3.56321839
870 3100 7.33848978 0.00733848978 3.56321839
870 3100 7.33825608 0.00733825608 3.56321839
870 3100 7.33820034 0.00733820034 3.56321839
870 3100 7.33820793 0.00733820793 3.56321839
869 3090 7.30864146 0.00730864146 3.55581128
869 3090 7.29665998 0.00729665998 3.55581128
869 3095 7.31631159 0.00731631159 3.56156502
869 3095 7.31346018 0.00731346018 3.56156502
869 3095 7.29633 0.00729633 3.56156502
869 3093 7.29560056 0.00729560056 3.55926352
869 3092 7.28829382 0.00728829382 3.55811277
869 3092 7.29332294 0.00729332294 3.55811277
869 3095 7.30542283 0.00730542283 3.56156502
869 3091 7.27845763 0.00727845763 3.55696203
868 3081 7.26804402 0.00726804402 3.54953917
868 3081 7.26796749 0.00726796749 3.54953917
868 3081 7.26803926 0.00726803926 3.54953917
868 3081 7.26797168 0.00726797168 3.54953917
868 3081 7.26797392 0.00726797392 3.54953917
868 3081 7.26797112 0.00726797112 3.54953917
868 3081 7.26799214 0.00726799214 3.54953917
868 3081 7.26798434 0.00726798434 3.54953917
868 3081 7.26799296 0.00726799296 3.54953917
868 3081 7.26798555 0.00726798555 3.54953917
867 3078 7.26312858 0.00726312858 3.55017301
867 3078 7.26310759 0.00726310759 3.55017301
867 3078 7.26314249 0.00726314249 3.55017301
867 3078 7.26310454 0.00726310454 3.55017301
867 3078 7.26314106 0.00726314106 3.55017301
867 3078 7.26315683 0.00726315683 3.55017301
867 3077 7.25080259 0.00725080259 3.54901961
867 3078 7.26319398 0.00726319398 3.55017301
867 3078 7.26312815 0.00726312815 3.55017301
867 3078 7.26312232 0.00726312232 3.55017301
866 3074 7.25868266 0.00725868266 3.54965358
866 3074 7.25868172 0.00725868172 3.54965358
866 3074 7.24598359 0.00724598359 3.54965358
866 3074 7.24594055 0.00724594055 3.54965358
866 3072 7.2570231 0.0072570231 3.54734411
866 3072 7.25697135 0.00725697135 3.54734411
866 3072 7.25701551 0.00725701551 3.54734411
866 3072 7.25702176 0.00725702176 3.54734411
866 3072 7.2569938 0.0072569938 3.54734411
866 3072 7.25698127 0.00725698127 3.54734411
865 3068 7.24005506 0.00724005506 3.54682081
865 3068 7.2399825 0.0072399825 3.54682081
865 3068 7.23993684 0.00723993684 3.54682081
865 3068 7.23994141 0.00723994141 3.54682081
865 3068 7.23994496 0.00723994496 3.54682081
865 3068 7.23995254 0.00723995254 3.54682081
865 3068 7.23995913 0.00723995913 3.54682081
865 3068 7.23994898 0.00723994898 3.54682081
865 3068 7.239952 0.007239952 3.54682081
865 3068 7.23995213 0.00723995213 3.54682081
864 3064 7.23543045 0.00723543045 3.5462963
864 3064 7.23542685 0.00723542685 3.5462963
864 3064 7.23556634 0.00723556634 3.5462963
864 3064 7.23551356 0.00723551356 3.5462963
864 3064 7.23548822 0.00723548822 3.5462963
864 3064 7.2354486 0.0072354486 3.5462963
864 3064 7.23556138 0.00723556138 3.5462963
864 3064 7.23537422 0.00723537422 3.5462963
864 3064 7.23546255 0.00723546255 3.5462963
864 3064 7.23544318 0.00723544318 3.5462963
863 3057 7.2191581 0.0072191581 3.54229432
863 3057 7.21918521 0.00721918521 3.54229432
863 3058 7.21819879 0.00721819879 3.54345307
863 3055 7.22805136 0.00722805136 3.53997683
863 3055 7.22811783 0.00722811783 3.53997683
863 3055 7.22809972 0.00722809972 3.53997683
863 3055 7.22807641 0.00722807641 3.53997683
863 3055 7.22808128 0.00722808128 3.53997683
863 3055 7.22808936 0.00722808936 3.53997683
863 3055 7.22808659 0.00722808659 3.53997683
862 3049 7.21136522 0.00721136522 3.53712297
862 3049 7.21146388 0.00721146388 3.53712297
862 3049 7.1950446 0.0071950446 3.53712297
862 3047 7.1834182 0.0071834182 3.53480278
862 3047 7.18339401 0.00718339401 3.53480278
862 3049 7.1948047 0.0071948047 3.53712297
862 3049 7.21097539 0.00721097539 3.53712297
862 3049 7.2115472 0.0072115472 3.53712297
862 3047 7.18305874 0.00718305874 3.53480278
862 3047 7.18339016 0.00718339016 3.53480278
861 3043 7.17865619 0.00717865619 3.53426249
861 3043 7.17862613 0.00717862613 3.53426249
861 3043 7.17854058 0.00717854058 3.53426249
861 3043 7.1785368 0.0071785368 3.53426249
861 3043 7.17853869 0.00717853869 3.53426249
861 3043 7.17854002 0.00717854002 3.53426249
861 3043 7.1785391 0.0071785391 3.53426249
861 3043 7.17854299 0.00717854299 3.53426249
861 3043 7.17854322 0.00717854322 3.53426249
861 3043 7.17854253 0.00717854253 3.53426249
860 3036 7.16823273 0.00716823273 3.53023256
860 3038 7.15999719 0.00715999719 3.53255814
860 3040 7.16083399 0.00716083399 3.53488372
860 3040 7.16083723 0.00716083723 3.53488372
860 3040 7.1608026 0.0071608026 3.53488372
860 3040 7.16080413 0.00716080413 3.53488372
860 3040 7.1607916 0.0071607916 3.53488372
860 3040 7.16078785 0.00716078785 3.53488372
860 3040 7.16079072 0.00716079072 3.53488372
860 3040 7.16078867 0.00716078867 3.53488372
859 3031 7.15414194 0.00715414194 3.52852154
859 3031 7.15413592 0.00715413592 3.52852154
859 3031 7.15420929 0.00715420929 3.52852154
859 3031 7.1542103 0.0071542103 3.52852154
859 3031 7.15420238 0.00715420238 3.52852154
859 3031 7.15419398 0.00715419398 3.52852154
859 3031 7.15418075 0.00715418075 3.52852154
859 3031 7.15417925 0.00715417925 3.52852154
859 3031 7.15417708 0.00715417708 3.52852154
859 3031 7.15417667 0.00715417667 3.52852154
858 3024 7.13807454 0.00713807454 3.52447552
858 3026 7.14516688 0.00714516688 3.52680653
858 3026 7.14519497 0.00714519497 3.52680653
858 3026 7.14520207 0.00714520207 3.52680653
858 3026 7.14521383 0.00714521383 3.52680653
858 3026 7.14518904 0.00714518904 3.52680653
858 3026 7.14516794 0.00714516794 3.52680653
858 3026 7.14516573 0.00714516573 3.52680653
858 3026 7.14516569 0.00714516569 3.52680653
858 3026 7.14516519 0.00714516519 3.52680653
857 3019 7.12906487 0.00712906487 3.52275379
857 3019 7.12908759 0.00712908759 3.52275379
857 3019 7.12899348 0.00712899348 3.52275379
857 3019 7.12905274 0.00712905274 3.52275379
857 3019 7.12902179 0.00712902179 3.52275379
857 3019 7.12904932 0.00712904932 3.52275379
857 3019 7.12903217 0.00712903217 3.52275379
857 3019 7.1290142 0.0071290142 3.52275379
857 3019 7.12906067 0.00712906067 3.52275379
857 3019 7.12903624 0.00712903624 3.52275379
856 3013 7.11126556 0.00711126556 3.51985981
856 3013 7.11114882 0.00711114882 3.51985981
856 3014 7.12272919 0.00712272919 3.52102804
856 3014 7.12261033 0.00712261033 3.52102804
856 3014 7.12268421 0.00712268421 3.52102804
856 3014 7.12261114 0.00712261114 3.52102804
856 3014 7.12261624 0.00712261624 3.52102804
856 3014 7.12262074 0.00712262074 3.52102804
856 3014 7.12262911 0.00712262911 3.52102804
856 3014 7.1226282 0.0071226282 3.52102804
855 3008 7.10478502 0.00710478502 3.51812865
855 3008 7.10498816 0.00710498816 3.51812865
855 3008 7.10524585 0.00710524585 3.51812865
855 3008 7.10492372 0.00710492372 3.51812865
855 3008 7.10481506 0.00710481506 3.51812865
855 3008 7.10528278 0.00710528278 3.51812865
855 3008 7.10489651 0.00710489651 3.51812865
855 3008 7.10504706 0.00710504706 3.51812865
855 3008 7.10511679 0.00710511679 3.51812865
855 3008 7.10489476 0.00710489476 3.51812865
854 3003 7.071759 0.007071759 3.51639344
854 3003 7.07181592 0.00707181592 3.51639344
854 3003 7.07187887 0.00707187887 3.51639344
854 3003 7.07170503 0.00707170503 3.51639344
854 3001 7.05834537 0.00705834537 3.51405152
854 3001 7.05868236 0.00705868236 3.51405152
854 3001 7.05837101 0.00705837101 3.51405152
854 3001 7.05838939 0.00705838939 3.51405152
854 3001 7.05849906 0.00705849906 3.51405152
854 3003 7.07194123 0.00707194123 3.51639344
853 2996 7.02614481 0.00702614481 3.5123095
853 2997 7.04732031 0.00704732031 3.51348183
853 2997 7.04732253 0.00704732253 3.51348183
853 2996 7.02615608 0.00702615608 3.5123095
853 2996 7.02560101 0.00702560101 3.5123095
853 2996 7.02609675 0.00702609675 3.5123095
853 2994 7.03797297 0.00703797297 3.50996483
853 2995 6.99813037 0.00699813037 3.51113716
853 2991 7.03159302 0.00703159302 3.50644783
853 2994 7.03312212 0.00703312212 3.50996483
852 2984 7.01761887 0.00701761887 3.50234742
852 2984 7.017469 0.007017469 3.50234742
852 2983 7.00723955 0.00700723955 3.50117371
852 2983 7.00722685 0.00700722685 3.50117371
852 2983 7.00722064 0.00700722064 3.50117371
852 2984 7.01760013 0.00701760013 3.50234742
852 2984 7.01762274 0.00701762274 3.50234742
852 2984 7.01759812 0.00701759812 3.50234742
852 2984 7.0175345 0.0070175345 3.50234742
852 2984 7.0175503 0.0070175503 3.50234742
851 2978 7.0005503 0.0070005503 3.49941246
851 2978 7.00046264 0.00700046264 3.49941246
851 2978 7.00076982 0.00700076982 3.49941246
851 2978 7.00079937 0.00700079937 3.49941246
851 2978 7.00064272 0.00700064272 3.49941246
851 2978 7.00058968 0.00700058968 3.49941246
851 2978 7.00061273 0.00700061273 3.49941246
851 2978 7.00061524 0.00700061524 3.49941246
851 2978 7.00061186 0.00700061186 3.49941246
851 2978 7.000612 0.007000612 3.49941246
850 2972 6.97755221 0.00697755221 3.49647059
850 2972 6.97742934 0.00697742934 3.49647059
850 2972 6.97771468 0.00697771468 3.49647059
850 2972 6.97754639 0.00697754639 3.49647059
850 2972 6.97757625 0.00697757625 3.49647059
850 2972 6.97755754 0.00697755754 3.49647059
850 2972 6.97756514 0.00697756514 3.49647059
850 2972 6.97791369 0.00697791369 3.49647059
850 2972 6.97782486 0.00697782486 3.49647059
850 2972 6.9780458 0.0069780458 3.49647059
849 2965 6.93222046 0.00693222046 3.49234393
849 2967 6.95518088 0.00695518088 3.49469965
849 2967 6.95513162 0.00695513162 3.49469965
849 2965 6.93156114 0.00693156114 3.49234393
849 2965 6.93168925 0.00693168925 3.49234393
849 2965 6.93147366 0.00693147366 3.49234393
849 2965 6.9317031 0.0069317031 3.49234393
849 2965 6.9314683 0.0069314683 3.49234393
849 2965 6.93169915 0.00693169915 3.49234393
849 2965 6.93147146 0.00693147146 3.49234393
848 2960 6.898482 0.006898482 3.49056604
848 2960 6.89836331 0.00689836331 3.49056604
848 2960 6.89842188 0.00689842188 3.49056604
848 2960 6.89844842 0.00689844842 3.49056604
848 2960 6.89845059 0.00689845059 3.49056604
848 2960 6.89844562 0.00689844562 3.49056604
848 2960 6.8984461 0.0068984461 3.49056604
848 2960 6.8984464 0.0068984464 3.49056604
848 2960 6.89844631 0.00689844631 3.49056604
848 2960 6.89844629 0.00689844629 3.49056604
847 2955 6.87596759 0.00687596759 3.48878394
847 2955 6.87583252 0.00687583252 3.48878394
847 2952 6.87593806 0.00687593806 3.48524203
847 2952 6.88606987 0.00688606987 3.48524203
847 2952 6.8857 0.0068857 3.48524203
847 2952 6.88590261 0.00688590261 3.48524203
847 2952 6.88556883 0.00688556883 3.48524203
847 2952 6.88574579 0.00688574579 3.48524203
847 2952 6.88617594 0.00688617594 3.48524203
847 2952 6.88594152 0.00688594152 3.48524203
846 2947 6.85345975 0.00685345975 3.48345154
846 2947 6.85332777 0.00685332777 3.48345154
846 2947 6.85347214 0.00685347214 3.48345154
846 2947 6.85355892 0.00685355892 3.48345154
846 2947 6.85324185 0.00685324185 3.48345154
846 2947 6.85332133 0.00685332133 3.48345154
846 2947 6.85349089 0.00685349089 3.48345154
846 2947 6.85324771 0.00685324771 3.48345154
846 2947 6.85332832 0.00685332832 3.48345154
846 2947 6.85349339 0.00685349339 3.48345154
845 2940 6.82089625 0.00682089625 3.47928994
845 2940 6.8210067 0.0068210067 3.47928994
845 2940 6.82089482 0.00682089482 3.47928994
845 2940 6.82099525 0.00682099525 3.47928994
845 2940 6.82102225 0.00682102225 3.47928994
845 2940 6.82104452 0.00682104452 3.47928994
845 2940 6.82103714 0.00682103714 3.47928994
845 2940 6.82104418 0.00682104418 3.47928994
845 2940 6.82104303 0.00682104303 3.47928994
845 2940 6.82104252 0.00682104252 3.47928994
844 2937 6.80766878 0.00680766878 3.47985782
844 2930 6.79909116 0.00679909116 3.47156398
844 2937 6.80750714 0.00680750714 3.47985782
844 2937 6.8075894 0.0068075894 3.47985782
844 2937 6.80756009 0.00680756009 3.47985782
844 2937 6.80755685 0.00680755685 3.47985782
844 2937 6.80758307 0.00680758307 3.47985782
844 2937 6.80760337 0.00680760337 3.47985782
844 2937 6.80761176 0.00680761176 3.47985782
844 2937 6.80755746 0.00680755746 3.47985782
843 2927 6.78591661 0.00678591661 3.47212337
843 2930 6.80202642 0.00680202642 3.47568209
843 2927 6.78585403 0.00678585403 3.47212337
843 2927 6.78589059 0.00678589059 3.47212337
843 2927 6.78595858 0.00678595858 3.47212337
843 2927 6.78592937 0.00678592937 3.47212337
843 2927 6.78586717 0.00678586717 3.47212337
843 2927 6.78589317 0.00678589317 3.47212337
843 2927 6.78591132 0.00678591132 3.47212337
843 2927 6.78591331 0.00678591331 3.47212337
842 2920 6.78050263 0.00678050263 3.46793349
842 2920 6.78045663 0.00678045663 3.46793349
842 2920 6.78044457 0.00678044457 3.46793349
842 2920 6.78047116 0.00678047116 3.46793349
842 2920 6.78043895 0.00678043895 3.46793349
842 2920 6.78051185 0.00678051185 3.46793349
842 2920 6.78043287 0.00678043287 3.46793349
842 2920 6.78051059 0.00678051059 3.46793349
842 2920 6.78043921 0.00678043921 3.46793349
842 2920 6.78050855 0.00678050855 3.46793349
841 2914 6.77676816 0.00677676816 3.46492271
841 2914 6.77675702 0.00677675702 3.46492271
841 2914 6.77672377 0.00677672377 3.46492271
841 2914 6.7770783 0.0067770783 3.46492271
841 2914 6.77697553 0.00677697553 3.46492271
841 2914 6.77701156 0.00677701156 3.46492271
841 2914 6.7770096 0.0067770096 3.46492271
841 2914 6.77700551 0.00677700551 3.46492271
841 2914 6.77700569 0.00677700569 3.46492271
841 2914 6.77700576 0.00677700576 3.46492271
840 2909 6.73298267 0.00673298267 3.46309524
840 2909 6.73262818 0.00673262818 3.46309524
840 2909 6.73259828 0.00673259828 3.46309524
840 2909 6.7327285 0.0067327285 3.46309524
840 2909 6.73253989 0.00673253989 3.46309524
840 2909 6.7327304 0.0067327304 3.46309524
840 2909 6.73278698 0.00673278698 3.46309524
840 2909 6.73261745 0.00673261745 3.46309524
840 2909 6.732852 0.006732852 3.46309524
840 2909 6.73264639 0.00673264639 3.46309524
839 2903 6.73277877 0.00673277877 3.46007151
839 2901 6.71117084 0.00671117084 3.45768772
839 2903 6.6811152 0.0066811152 3.46007151
839 2903 6.73295137 0.00673295137 3.46007151
839 2903 6.73283684 0.00673283684 3.46007151
839 2903 6.73251496 0.00673251496 3.46007151
839 2903 6.73290129 0.00673290129 3.46007151
839 2903 6.73216805 0.00673216805 3.46007151
839 2904 6.72814794 0.00672814794 3.46126341
839 2905 6.69119333 0.00669119333 3.4624553
838 2899 6.68783335 0.00668783335 3.45942721
838 2899 6.68760886 0.00668760886 3.45942721
838 2899 6.68775382 0.00668775382 3.45942721
838 2899 6.68766609 0.00668766609 3.45942721
838 2899 6.68752223 0.00668752223 3.45942721
838 2899 6.68781412 0.00668781412 3.45942721
838 2899 6.6877291 0.0066877291 3.45942721
838 2899 6.68754181 0.00668754181 3.45942721
838 2899 6.68780978 0.00668780978 3.45942721
838 2899 6.68772488 0.00668772488 3.45942721
837 2891 6.6656727 0.0066656727 3.45400239
837 2891 6.66564013 0.00666564013 3.45400239
837 2893 6.64674813 0.00664674813 3.45639188
837 2888 6.67346723 0.00667346723 3.45041816
837 2891 6.64795747 0.00664795747 3.45400239
837 2894 6.66337911 0.00666337911 3.45758662
836 2884 6.64462271 0.00664462271 3.44976077
836 2883 6.60223954 0.00660223954 3.44856459
836 2882 6.60673286 0.00660673286 3.44736842
836 2879 6.61881718 0.00661881718 3.4437799
835 2876 6.57731874 0.00657731874 3.44431138
835 2872 6.54141448 0.00654141448 3.43952096
835 2870 6.53836374 0.00653836374 3.43712575
834 2865 6.53087829 0.00653087829 3.4352518
834 2864 6.55678835 0.00655678835 3.43405276
834 2865 6.5309089 0.0065309089 3.4352518
834 2865 6.53073427 0.00653073427 3.4352518
834 2865 6.53099049 0.00653099049 3.4352518
834 2866 6.51984251 0.00651984251 3.43645084
834 2867 6.50854301 0.00650854301 3.43764988
833 2859 6.49016451 0.00649016451 3.43217287
833 2859 6.49003903 0.00649003903 3.43217287
833 2859 6.4899269 0.0064899269 3.43217287
833 2859 6.49002766 0.00649002766 3.43217287
833 2859 6.49006599 0.00649006599 3.43217287
833 2859 6.49003689 0.00649003689 3.43217287
833 2859 6.4899831 0.0064899831 3.43217287
833 2859 6.4899869 0.0064899869 3.43217287
833 2859 6.48999985 0.00648999985 3.43217287
833 2859 6.49001606 0.00649001606 3.43217287
832 2853 6.49001443 0.00649001443 3.42908654
832 2853 6.48973547 0.00648973547 3.42908654
832 2853 6.48997996 0.00648997996 3.42908654
832 2853 6.48995953 0.00648995953 3.42908654
832 2853 6.48978859 0.00648978859 3.42908654
832 2853 6.49015507 0.00649015507 3.42908654
832 2853 6.48982195 0.00648982195 3.42908654
832 2853 6.4901545 0.0064901545 3.42908654
832 2853 6.48982606 0.00648982606 3.42908654
832 2853 6.49013123 0.00649013123 3.42908654
831 2847 6.45528125 0.00645528125 3.42599278
831 2847 6.45465735 0.00645465735 3.42599278
831 2847 6.45477452 0.00645477452 3.42599278
831 2847 6.45508463 0.00645508463 3.42599278
831 2847 6.45507401 0.00645507401 3.42599278
831 2847 6.45486739 0.00645486739 3.42599278
831 2847 6.45509104 0.00645509104 3.42599278
831 2847 6.45507283 0.00645507283 3.42599278
831 2847 6.45487941 0.00645487941 3.42599278
831 2847 6.45509366 0.00645509366 3.42599278
830 2839 6.43438194 0.00643438194 3.42048193
830 2839 6.43460146 0.00643460146 3.42048193
830 2839 6.4344373 0.0064344373 3.42048193
830 2839 6.43441523 0.00643441523 3.42048193
830 2839 6.43441012 0.00643441012 3.42048193
830 2839 6.43451435 0.00643451435 3.42048193
830 2839 6.43457469 0.00643457469 3.42048193
830 2839 6.4347361 0.0064347361 3.42048193
830 2839 6.43486681 0.00643486681 3.42048193
830 2839 6.43484868 0.00643484868 3.42048193
829 2832 6.4028762 0.0064028762 3.41616405
829 2836 6.41984803 0.00641984803 3.42098914
829 2832 6.40230445 0.00640230445 3.41616405
829 2832 6.40226843 0.00640226843 3.41616405
829 2832 6.40235811 0.00640235811 3.41616405
829 2832 6.40232172 0.00640232172 3.41616405
829 2832 6.40211255 0.00640211255 3.41616405
829 2832 6.40228836 0.00640228836 3.41616405
829 2832 6.40233429 0.00640233429 3.41616405
829 2832 6.40210273 0.00640210273 3.41616405
828 2829 6.39044366 0.00639044366 3.41666667
828 2829 6.39050594 0.00639050594 3.41666667
828 2829 6.38940721 0.00638940721 3.41666667
828 2829 6.39090715 0.00639090715 3.41666667
828 2829 6.39056013 0.00639056013 3.41666667
828 2829 6.38985515 0.00638985515 3.41666667
828 2829 6.39098945 0.00639098945 3.41666667
828 2829 6.39057288 0.00639057288 3.41666667
828 2829 6.38992149 0.00638992149 3.41666667
828 2829 6.39098046 0.00639098046 3.41666667
827 2820 6.3608514 0.0063608514 3.40991536
827 2824 6.34254017 0.00634254017 3.41475212
827 2821 6.31904151 0.00631904151 3.41112455
827 2823 6.34808217 0.00634808217 3.41354293
826 2818 6.3327958 0.0063327958 3.41162228
826 2820 6.32489605 0.00632489605 3.41404358
826 2818 6.33306873 0.00633306873 3.41162228
826 2818 6.34022742 0.00634022742 3.41162228
826 2818 6.33285082 0.00633285082 3.41162228
826 2818 6.33998232 0.00633998232 3.41162228
825 2812 6.30564331 0.00630564331 3.40848485
825 2812 6.30560449 0.00630560449 3.40848485
825 2812 6.3053444 0.0063053444 3.40848485
825 2812 6.30536645 0.00630536645 3.40848485
825 2812 6.30534508 0.00630534508 3.40848485
825 2812 6.30536238 0.00630536238 3.40848485
825 2812 6.30534795 0.00630534795 3.40848485
825 2812 6.30535104 0.00630535104 3.40848485
825 2812 6.30535039 0.00630535039 3.40848485
825 2812 6.3053517 0.0063053517 3.40848485
824 2806 6.28953868 0.00628953868 3.40533981
824 2806 6.2897261 0.0062897261 3.40533981
824 2806 6.28971796 0.00628971796 3.40533981
824 2806 6.28970579 0.00628970579 3.40533981
824 2806 6.28958593 0.00628958593 3.40533981
824 2806 6.29010693 0.00629010693 3.40533981
824 2806 6.28978456 0.00628978456 3.40533981
824 2806 6.28967636 0.00628967636 3.40533981
824 2806 6.28961021 0.00628961021 3.40533981
824 2806 6.29011788 0.00629011788 3.40533981
823 2797 6.25967872 0.00625967872 3.39854192
823 2797 6.25991646 0.00625991646 3.39854192
823 2797 6.25994162 0.00625994162 3.39854192
823 2797 6.25992603 0.00625992603 3.39854192
823 2797 6.25999965 0.00625999965 3.39854192
823 2797 6.25999666 0.00625999666 3.39854192
823 2797 6.25999222 0.00625999222 3.39854192
823 2797 6.26000613 0.00626000613 3.39854192
823 2797 6.26000405 0.00626000405 3.39854192
823 2797 6.2600038 0.0062600038 3.39854192
822 2790 6.22939633 0.00622939633 3.39416058
822 2794 6.24690895 0.00624690895 3.39902676
822 2796 6.24856415 0.00624856415 3.40145985
822 2796 6.24849792 0.00624849792 3.40145985
822 2796 6.24849671 0.00624849671 3.40145985
822 2796 6.24849895 0.00624849895 3.40145985
822 2796 6.24851288 0.00624851288 3.40145985
822 2796 6.24851576 0.00624851576 3.40145985
822 2796 6.24851503 0.00624851503 3.40145985
822 2796 6.24851461 0.00624851461 3.40145985
821 2787 6.21902072 0.00621902072 3.39464068
821 2787 6.21925657 0.00621925657 3.39464068
821 2790 6.21279772 0.00621279772 3.39829476
821 2790 6.21289759 0.00621289759 3.39829476
821 2790 6.19299378 0.00619299378 3.39829476
821 2790 6.2129603 0.0062129603 3.39829476
821 2790 6.21278059 0.00621278059 3.39829476
821 2790 6.21272959 0.00621272959 3.39829476
821 2790 6.21277302 0.00621277302 3.39829476
821 2790 6.21271431 0.00621271431 3.39829476
820 2784 6.17892714 0.00617892714 3.39512195
820 2784 6.17888586 0.00617888586 3.39512195
820 2784 6.17877994 0.00617877994 3.39512195
820 2784 6.17877932 0.00617877932 3.39512195
820 2784 6.17880637 0.00617880637 3.39512195
820 2784 6.17880708 0.00617880708 3.39512195
820 2784 6.17880387 0.00617880387 3.39512195
820 2784 6.17880107 0.00617880107 3.39512195
820 2784 6.17880108 0.00617880108 3.39512195
820 2784 6.17880133 0.00617880133 3.39512195
819 2775 6.14984823 0.00614984823 3.38827839
819 2775 6.14977772 0.00614977772 3.38827839
819 2776 6.14457622 0.00614457622 3.38949939
819 2773 6.14943582 0.00614943582 3.38583639
819 2776 6.14473728 0.00614473728 3.38949939
819 2776 6.14469738 0.00614469738 3.38949939
819 2775 6.14948141 0.00614948141 3.38827839
819 2775 6.14999777 0.00614999777 3.38827839
819 2775 6.14993379 0.00614993379 3.38827839
819 2775 6.14994794 0.00614994794 3.38827839
818 2767 6.11642926 0.00611642926 3.38264059
818 2767 6.11622665 0.00611622665 3.38264059
818 2767 6.11677174 0.00611677174 3.38264059
818 2767 6.11717414 0.00611717414 3.38264059
818 2770 6.08776705 0.00608776705 3.38630807
818 2771 6.09641584 0.00609641584 3.38753056
818 2769 6.09176215 0.00609176215 3.38508557
818 2771 6.09630718 0.00609630718 3.38753056
818 2770 6.08339557 0.00608339557 3.38630807
818 2771 6.07452695 0.00607452695 3.38753056
817 2764 6.05135083 0.00605135083 3.38310894
817 2763 6.0904972 0.0060904972 3.38188494
817 2762 6.0643734 0.0060643734 3.38066095
817 2763 6.09056895 0.00609056895 3.38188494
817 2763 6.09051552 0.00609051552 3.38188494
817 2762 6.07056319 0.00607056319 3.38066095
817 2762 6.05873709 0.00605873709 3.38066095
817 2762 6.04587168 0.00604587168 3.38066095
817 2762 6.07430168 0.00607430168 3.38066095
817 2762 6.07391416 0.00607391416 3.38066095
816 2756 6.06541758 0.00606541758 3.37745098
816 2756 6.06561166 0.00606561166 3.37745098
816 2755 6.04062775 0.00604062775 3.37622549
816 2752 6.04656389 0.00604656389 3.37254902
816 2753 6.07073726 0.00607073726 3.37377451
816 2757 6.06546244 0.00606546244 3.37867647
816 2758 6.08770375 0.00608770375 3.37990196
816 2758 6.08759361 0.00608759361 3.37990196
816 2758 6.08749782 0.00608749782 3.37990196
816 2758 6.08791462 0.00608791462 3.37990196
815 2751 6.05477084 0.00605477084 3.37546012
815 2754 6.05486462 0.00605486462 3.3791411
815 2752 6.04509599 0.00604509599 3.37668712
815 2752 6.05453914 0.00605453914 3.37668712
815 2750 6.04051776 0.00604051776 3.37423313
815 2752 6.03801605 0.00603801605 3.37668712
815 2752 6.0379181 0.0060379181 3.37668712
815 2750 6.01673067 0.00601673067 3.37423313
815 2754 6.02707073 0.00602707073 3.3791411
815 2752 6.00880063 0.00600880063 3.37668712
814 2746 6.0088064 0.0060088064 3.37346437
814 2746 6.00891297 0.00600891297 3.37346437
814 2746 6.00833347 0.00600833347 3.37346437
814 2746 6.00889455 0.00600889455 3.37346437
814 2746 6.00870423 0.00600870423 3.37346437
814 2746 6.00888793 0.00600888793 3.37346437
814 2746 6.00882787 0.00600882787 3.37346437
814 2746 6.00886777 0.00600886777 3.37346437
814 2746 6.00885167 0.00600885167 3.37346437
814 2746 6.0088621 0.0060088621 3.37346437
813 2740 5.97925715 0.00597925715 3.3702337
813 2740 5.9792108 0.0059792108 3.3702337
813 2740 5.97920123 0.00597920123 3.3702337
813 2740 5.96082084 0.00596082084 3.3702337
813 2736 5.9906267 0.0059906267 3.36531365
813 2738 5.95188159 0.00595188159 3.36777368
813 2734 5.97943024 0.00597943024 3.36285363
813 2734 5.95594438 0.00595594438 3.36285363
813 2734 5.98835984 0.00598835984 3.36285363
813 2734 5.99391405 0.00599391405 3.36285363
812 2728 5.95271774 0.00595271774 3.35960591
812 2728 5.9528815 0.0059528815 3.35960591
812 2729 5.96616204 0.00596616204 3.36083744
812 2728 5.95515656 0.00595515656 3.35960591
812 2728 5.95510134 0.00595510134 3.35960591
812 2728 5.95486345 0.00595486345 3.35960591
812 2728 5.95472378 0.00595472378 3.35960591
812 2728 5.95478633 0.00595478633 3.35960591
812 2728 5.954839 0.005954839 3.35960591
812 2728 5.95487444 0.00595487444 3.35960591
811 2722 5.95484923 0.00595484923 3.35635018
811 2719 5.92686634 0.00592686634 3.35265105
811 2719 5.92675197 0.00592675197 3.35265105
811 2719 5.92678296 0.00592678296 3.35265105
811 2719 5.92674789 0.00592674789 3.35265105
811 2722 5.95496766 0.00595496766 3.35635018
811 2722 5.95502843 0.00595502843 3.35635018
811 2722 5.95504989 0.00595504989 3.35635018
811 2722 5.95504197 0.00595504197 3.35635018
811 2722 5.95504579 0.00595504579 3.35635018
810 2713 5.92697773 0.00592697773 3.34938272
810 2716 5.91301388 0.00591301388 3.35308642
809 2707 5.88610766 0.00588610766 3.3461063
809 2707 5.84855332 0.00584855332 3.3461063
809 2710 5.86197415 0.00586197415 3.34981459
809 2709 5.85192498 0.00585192498 3.34857849
809 2709 5.87174499 0.00587174499 3.34857849
809 2706 5.85443228 0.00585443228 3.34487021
809 2707 5.85656534 0.00585656534 3.3461063
809 2707 5.85007892 0.00585007892 3.3461063
808 2701 5.84096944 0.00584096944 3.34282178
808 2699 5.84451555 0.00584451555 3.34034653
808 2701 5.84093104 0.00584093104 3.34282178
808 2702 5.84969061 0.00584969061 3.34405941
808 2701 5.87176314 0.00587176314 3.34282178
808 2700 5.84774851 0.00584774851 3.34158416
808 2701 5.85093994 0.00585093994 3.34282178
808 2704 5.8409723 0.0058409723 3.34653465
808 2701 5.86279121 0.00586279121 3.34282178
808 2705 5.84737125 0.00584737125 3.34777228
807 2695 5.84096562 0.00584096562 3.33952912
807 2695 5.84085843 0.00584085843 3.33952912
807 2695 5.84124185 0.00584124185 3.33952912
807 2695 5.8415323 0.0058415323 3.33952912
807 2695 5.84083838 0.00584083838 3.33952912
807 2695 5.84142032 0.00584142032 3.33952912
807 2695 5.84089151 0.00584089151 3.33952912
807 2695 5.8408697 0.0058408697 3.33952912
807 2695 5.84136586 0.00584136586 3.33952912
807 2695 5.84171431 0.00584171431 3.33952912
806 2688 5.81351661 0.00581351661 3.33498759
806 2685 5.79805477 0.00579805477 3.33126551
806 2684 5.7847292 0.0057847292 3.33002481
806 2683 5.74776078 0.00574776078 3.32878412
806 2681 5.75572281 0.00575572281 3.32630273
806 2683 5.74959051 0.00574959051 3.32878412
806 2686 5.77556083 0.00577556083 3.3325062
806 2689 5.78090039 0.00578090039 3.33622829
806 2690 5.79148929 0.00579148929 3.33746898
806 2688 5.78030494 0.00578030494 3.33498759
805 2679 5.76865872 0.00576865872 3.32795031
805 2682 5.77559295 0.00577559295 3.33167702
805 2675 5.76666879 0.00576666879 3.32298137
805 2675 5.74851305 0.00574851305 3.32298137
805 2674 5.75978436 0.00575978436 3.32173913
805 2674 5.75964275 0.00575964275 3.32173913
805 2674 5.7596227 0.0057596227 3.32173913
805 2674 5.75974332 0.00575974332 3.32173913
805 2674 5.75964509 0.00575964509 3.32173913
805 2674 5.75975676 0.00575975676 3.32173913
804 2666 5.74503872 0.00574503872 3.3159204
804 2670 5.73809054 0.00573809054 3.32089552
804 2666 5.73401403 0.00573401403 3.3159204
804 2671 5.72292153 0.00572292153 3.3221393
803 2662 5.72211964 0.00572211964 3.31506849
803 2662 5.72207199 0.00572207199 3.31506849
803 2662 5.72208837 0.00572208837 3.31506849
803 2662 5.72202305 0.00572202305 3.31506849
803 2662 5.72192769 0.00572192769 3.31506849
803 2662 5.72187724 0.00572187724 3.31506849
802 2654 5.70729516 0.00570729516 3.30922693
802 2655 5.70791189 0.00570791189 3.31047382
802 2654 5.70744779 0.00570744779 3.30922693
802 2654 5.70763181 0.00570763181 3.30922693
802 2654 5.70754497 0.00570754497 3.30922693
802 2654 5.70752141 0.00570752141 3.30922693
802 2654 5.70750835 0.00570750835 3.30922693
802 2654 5.70750922 0.00570750922 3.30922693
802 2654 5.70750645 0.00570750645 3.30922693
802 2654 5.70750974 0.00570750974 3.30922693
801 2647 5.69385626 0.00569385626 3.30461923
801 2647 5.69408589 0.00569408589 3.30461923
801 2647 5.69390094 0.00569390094 3.30461923
801 2647 5.69443331 0.00569443331 3.30461923
801 2647 5.69396206 0.00569396206 3.30461923
801 2647 5.69416038 0.00569416038 3.30461923
801 2647 5.694267 0.005694267 3.30461923
801 2647 5.6939994 0.0056939994 3.30461923
801 2647 5.69423696 0.00569423696 3.30461923
801 2647 5.69416731 0.00569416731 3.30461923
800 2642 5.65288229 0.00565288229 3.3025
800 2644 5.63961834 0.00563961834 3.305
800 2642 5.63000661 0.00563000661 3.3025
800 2640 5.63665197 0.00563665197 3.3
800 2642 5.61784231 0.00561784231 3.3025
800 2641 5.61378761 0.00561378761 3.30125
799 2635 5.61386325 0.00561386325 3.29787234
799 2636 5.60053926 0.00560053926 3.2991239
799 2637 5.61271602 0.00561271602 3.30037547
799 2630 5.63174024 0.00563174024 3.29161452
798 2624 5.60386068 0.00560386068 3.28822055
798 2622 5.58127642 0.00558127642 3.28571429
798 2625 5.5745394 0.0055745394 3.28947368
798 2629 5.58665734 0.00558665734 3.29448622
798 2632 5.58643982 0.00558643982 3.29824561
798 2630 5.57471581 0.00557471581 3.29573935
797 2623 5.56775475 0.00556775475 3.29109159
796 2619 5.56781438 0.00556781438 3.29020101
796 2617 5.56407719 0.00556407719 3.28768844
796 2621 5.56709384 0.00556709384 3.29271357
795 2611 5.56404458 0.00556404458 3.28427673
795 2616 5.56158754 0.00556158754 3.29056604
795 2620 5.55371237 0.00555371237 3.29559748
795 2614 5.55345079 0.00555345079 3.28805031
795 2619 5.55028109 0.00555028109 3.29433962
795 2619 5.57461538 0.00557461538 3.29433962
794 2611 5.54940668 0.00554940668 3.2884131
793 2603 5.53669703 0.00553669703 3.28247163
793 2600 5.5014628 0.0055014628 3.27868852
793 2599 5.52578567 0.00552578567 3.27742749
792 2592 5.51493113 0.00551493113 3.27272727
792 2594 5.50762621 0.00550762621 3.27525253
792 2594 5.48130495 0.00548130495 3.27525253
791 2589 5.47052339 0.00547052339 3.27307206
791 2589 5.44644712 0.00544644712 3.27307206
791 2590 5.43887937 0.00543887937 3.27433628
791 2591 5.44115678 0.00544115678 3.27560051
791 2590 5.44864864 0.00544864864 3.27433628
791 2587 5.46844061 0.00546844061 3.27054362
791 2591 5.46475477 0.00546475477 3.27560051
790 2584 5.45041504 0.00545041504 3.27088608
790 2580 5.46270405 0.00546270405 3.26582278
790 2585 5.45449503 0.00545449503 3.2721519
790 2582 5.4561914 0.0054561914 3.26835443
789 2575 5.45031441 0.00545031441 3.26362484
789 2576 5.45625758 0.00545625758 3.26489227
789 2575 5.443016 0.005443016 3.26362484
789 2575 5.44316192 0.00544316192 3.26362484
789 2578 5.41847194 0.00541847194 3.26742712
789 2578 5.40903128 0.00540903128 3.26742712
788 2572 5.40596263 0.00540596263 3.26395939
788 2572 5.40598731 0.00540598731 3.26395939
788 2572 5.40594742 0.00540594742 3.26395939
788 2572 5.4059488 0.0054059488 3.26395939
788 2572 5.40596339 0.00540596339 3.26395939
788 2572 5.40595608 0.00540595608 3.26395939
788 2572 5.40594851 0.00540594851 3.26395939
788 2572 5.40595767 0.00540595767 3.26395939
788 2572 5.40595139 0.00540595139 3.26395939
788 2572 5.40595308 0.00540595308 3.26395939
787 2563 5.40595463 0.00540595463 3.2566709
787 2563 5.40596919 0.00540596919 3.2566709
787 2563 5.4058933 0.0054058933 3.2566709
787 2563 5.40588863 0.00540588863 3.2566709
787 2563 5.4059259 0.0054059259 3.2566709
787 2563 5.40596552 0.00540596552 3.2566709
787 2563 5.40593635 0.00540593635 3.2566709
787 2563 5.40595119 0.00540595119 3.2566709
787 2563 5.40595686 0.00540595686 3.2566709
787 2563 5.40595095 0.00540595095 3.2566709
786 2555 5.38663398 0.00538663398 3.25063613
786 2555 5.38653891 0.00538653891 3.25063613
786 2555 5.38654226 0.00538654226 3.25063613
786 2555 5.38656427 0.00538656427 3.25063613
786 2555 5.38656788 0.00538656788 3.25063613
786 2555 5.38656708 0.00538656708 3.25063613
786 2555 5.38656164 0.00538656164 3.25063613
786 2555 5.38656421 0.00538656421 3.25063613
786 2555 5.38656269 0.00538656269 3.25063613
786 2555 5.38656302 0.00538656302 3.25063613
785 2549 5.36650983 0.00536650983 3.24713376
785 2549 5.36631757 0.00536631757 3.24713376
785 2552 5.36167712 0.00536167712 3.25095541
785 2555 5.37316146 0.00537316146 3.25477707
784 2547 5.35502384 0.00535502384 3.24872449
784 2547 5.35495689 0.00535495689 3.24872449
784 2547 5.35480145 0.00535480145 3.24872449
784 2547 5.35498359 0.00535498359 3.24872449
784 2547 5.35498106 0.00535498106 3.24872449
784 2547 5.35513792 0.00535513792 3.24872449
783 2539 5.32070172 0.00532070172 3.24265645
783 2541 5.33907366 0.00533907366 3.24521073
783 2539 5.32083983 0.00532083983 3.24265645
783 2539 5.32055995 0.00532055995 3.24265645
783 2542 5.30842241 0.00530842241 3.24648787
783 2542 5.30833563 0.00530833563 3.24648787
783 2542 5.30831265 0.00530831265 3.24648787
783 2542 5.30829812 0.00530829812 3.24648787
783 2542 5.30832147 0.00530832147 3.24648787
783 2542 5.3083236 0.0053083236 3.24648787
782 2533 5.30832232 0.00530832232 3.23913043
782 2533 5.30826097 0.00530826097 3.23913043
782 2533 5.30827045 0.00530827045 3.23913043
782 2533 5.30827657 0.00530827657 3.23913043
782 2533 5.30827201 0.00530827201 3.23913043
782 2533 5.30827495 0.00530827495 3.23913043
782 2533 5.30827496 0.00530827496 3.23913043
782 2533 5.30827336 0.00530827336 3.23913043
782 2533 5.30827305 0.00530827305 3.23913043
782 2533 5.3082734 0.0053082734 3.23913043
781 2527 5.28886291 0.00528886291 3.23559539
781 2527 5.28893589 0.00528893589 3.23559539
781 2527 5.28889029 0.00528889029 3.23559539
781 2527 5.2888898 0.0052888898 3.23559539
781 2527 5.28891359 0.00528891359 3.23559539
781 2527 5.28891356 0.00528891356 3.23559539
781 2527 5.2889122 0.0052889122 3.23559539
781 2527 5.288914 0.005288914 3.23559539
781 2527 5.28891435 0.00528891435 3.23559539
781 2527 5.28891425 0.00528891425 3.23559539
780 2524 5.28132863 0.00528132863 3.23589744
780 2524 5.28118463 0.00528118463 3.23589744
780 2522 5.27037177 0.00527037177 3.23333333
780 2520 5.26210825 0.00526210825 3.23076923
780 2518 5.2527346 0.0052527346 3.22820513
780 2522 5.24277907 0.00524277907 3.23333333
780 2519 5.25532918 0.00525532918 3.22948718
780 2519 5.25533843 0.00525533843 3.22948718
780 2519 5.25535679 0.00525535679 3.22948718
780 2519 5.25534748 0.00525534748 3.22948718
779 2509 5.25532682 0.00525532682 3.22079589
779 2509 5.25530354 0.00525530354 3.22079589
779 2509 5.25525803 0.00525525803 3.22079589
779 2513 5.24271022 0.00524271022 3.22593068
779 2513 5.24264722 0.00524264722 3.22593068
779 2513 5.24256227 0.00524256227 3.22593068
779 2513 5.24270948 0.00524270948 3.22593068
779 2513 5.24265676 0.00524265676 3.22593068
779 2513 5.24263543 0.00524263543 3.22593068
779 2513 5.24257813 0.00524257813 3.22593068
778 2504 5.24256921 0.00524256921 3.218509
778 2504 5.24263559 0.00524263559 3.218509
778 2504 5.2425622 0.0052425622 3.218509
778 2504 5.24259478 0.00524259478 3.218509
778 2504 5.24260715 0.00524260715 3.218509
778 2504 5.24260705 0.00524260705 3.218509
778 2504 5.24260173 0.00524260173 3.218509
778 2504 5.24260116 0.00524260116 3.218509
778 2504 5.24260086 0.00524260086 3.218509
778 2504 5.242601 0.005242601 3.218509
777 2498 5.22387076 0.00522387076 3.21492921
777 2498 5.22395572 0.00522395572 3.21492921
777 2498 5.22400414 0.00522400414 3.21492921
777 2498 5.22392424 0.00522392424 3.21492921
777 2498 5.22390486 0.00522390486 3.21492921
777 2498 5.22391718 0.00522391718 3.21492921
777 2498 5.22392358 0.00522392358 3.21492921
777 2498 5.22392696 0.00522392696 3.21492921
777 2498 5.22392593 0.00522392593 3.21492921
777 2498 5.22392646 0.00522392646 3.21492921
776 2493 5.19819065 0.00519819065 3.21262887
776 2491 5.21601218 0.00521601218 3.21005155
776 2491 5.21649124 0.00521649124 3.21005155
776 2491 5.21643195 0.00521643195 3.21005155
776 2491 5.21641109 0.00521641109 3.21005155
776 2491 5.21640056 0.00521640056 3.21005155
776 2491 5.21640739 0.00521640739 3.21005155
776 2491 5.21640325 0.00521640325 3.21005155
776 2491 5.21640385 0.00521640385 3.21005155
776 2491 5.21640436 0.00521640436 3.21005155
775 2486 5.19184215 0.00519184215 3.20774194
775 2482 5.21633664 0.00521633664 3.20258065
775 2486 5.19141839 0.00519141839 3.20774194
775 2486 5.19176006 0.00519176006 3.20774194
775 2486 5.1915768 0.0051915768 3.20774194
775 2486 5.19157485 0.00519157485 3.20774194
775 2486 5.19159735 0.00519159735 3.20774194
775 2486 5.19159454 0.00519159454 3.20774194
775 2486 5.19160975 0.00519160975 3.20774194
775 2482 5.21629666 0.00521629666 3.20258065
774 2477 5.19166915 0.00519166915 3.2002584
774 2479 5.20905423 0.00520905423 3.20284238
774 2477 5.19170566 0.00519170566 3.2002584
774 2477 5.19158067 0.00519158067 3.2002584
774 2477 5.19160187 0.00519160187 3.2002584
774 2477 5.1916087 0.0051916087 3.2002584
774 2477 5.19160247 0.00519160247 3.2002584
774 2477 5.19160374 0.00519160374 3.2002584
774 2477 5.19160847 0.00519160847 3.2002584
774 2477 5.19160717 0.00519160717 3.2002584
773 2474 5.1850323 0.0051850323 3.20051746
773 2474 5.18499343 0.00518499343 3.20051746
773 2474 5.1849387 0.0051849387 3.20051746
773 2474 5.18495268 0.00518495268 3.20051746
773 2474 5.18495064 0.00518495064 3.20051746
773 2474 5.18495218 0.00518495218 3.20051746
773 2474 5.18495201 0.00518495201 3.20051746
773 2474 5.18495181 0.00518495181 3.20051746
773 2474 5.18495197 0.00518495197 3.20051746
773 2474 5.18495193 0.00518495193 3.20051746
772 2470 5.15802375 0.00515802375 3.19948187
772 2467 5.1695228 0.0051695228 3.19559585
772 2470 5.15817876 0.00515817876 3.19948187
772 2470 5.15802388 0.00515802388 3.19948187
772 2470 5.15804371 0.00515804371 3.19948187
772 2470 5.15804107 0.00515804107 3.19948187
772 2470 5.15804089 0.00515804089 3.19948187
772 2470 5.15804372 0.00515804372 3.19948187
772 2470 5.15804125 0.00515804125 3.19948187
772 2470 5.15804199 0.00515804199 3.19948187
771 2463 5.14320982 0.00514320982 3.19455253
771 2463 5.14343851 0.00514343851 3.19455253
771 2463 5.1439502 0.0051439502 3.19455253
771 2463 5.14374611 0.00514374611 3.19455253
771 2464 5.12841402 0.00512841402 3.19584955
771 2463 5.14300948 0.00514300948 3.19455253
771 2463 5.14335794 0.00514335794 3.19455253
771 2463 5.14338021 0.00514338021 3.19455253
771 2463 5.14369696 0.00514369696 3.19455253
771 2463 5.14394508 0.00514394508 3.19455253
770 2457 5.11468882 0.00511468882 3.19090909
770 2457 5.11434627 0.00511434627 3.19090909
770 2457 5.1142479 0.0051142479 3.19090909
770 2457 5.11425733 0.00511425733 3.19090909
770 2457 5.11426855 0.00511426855 3.19090909
770 2457 5.11426632 0.00511426632 3.19090909
770 2457 5.11426744 0.00511426744 3.19090909
770 2457 5.11426765 0.00511426765 3.19090909
770 2457 5.11426774 0.00511426774 3.19090909
770 2457 5.11426768 0.00511426768 3.19090909
769 2452 5.08500195 0.00508500195 3.18855657
768 2446 5.04940662 0.00504940662 3.18489583
768 2444 5.05374533 0.00505374533 3.18229167
768 2444 5.01898386 0.00501898386 3.18229167
768 2440 5.03075508 0.00503075508 3.17708333
768 2443 5.01778822 0.00501778822 3.18098958
768 2445 5.00751867 0.00500751867 3.18359375
768 2441 5.00750117 0.00500750117 3.17838542
768 2442 5.02426118 0.00502426118 3.1796875
768 2439 4.99345486 0.00499345486 3.17578125
767 2430 4.99338569 0.00499338569 3.16818774
767 2430 4.99338227 0.00499338227 3.16818774
767 2430 4.9934103 0.0049934103 3.16818774
767 2430 4.99344928 0.00499344928 3.16818774
766 2425 4.95975407 0.00495975407 3.16579634
766 2425 4.9340129 0.0049340129 3.16579634
765 2418 4.92530883 0.00492530883 3.16078431
765 2425 4.91380428 0.00491380428 3.16993464
765 2422 4.90407031 0.00490407031 3.16601307
765 2424 4.91075341 0.00491075341 3.16862745
764 2416 4.8986287 0.0048986287 3.16230366
764 2415 4.89156578 0.00489156578 3.16099476
764 2418 4.90025233 0.00490025233 3.16492147
764 2417 4.89152402 0.00489152402 3.16361257
764 2414 4.88491879 0.00488491879 3.15968586
764 2418 4.88560072 0.00488560072 3.16492147
764 2417 4.89021692 0.00489021692 3.16361257
763 2410 4.88382834 0.00488382834 3.15858453
763 2413 4.90050677 0.00490050677 3.16251638
762 2407 4.8785164 0.0048785164 3.15879265
761 2404 4.86202333 0.00486202333 3.15900131
761 2404 4.86187831 0.00486187831 3.15900131
761 2404 4.8618718 0.0048618718 3.15900131
761 2404 4.86180533 0.00486180533 3.15900131
761 2404 4.86180086 0.00486180086 3.15900131
761 2404 4.86179228 0.00486179228 3.15900131
761 2404 4.86179755 0.00486179755 3.15900131
761 2404 4.86179726 0.00486179726 3.15900131
761 2404 4.86179572 0.00486179572 3.15900131
761 2404 4.86179544 0.00486179544 3.15900131
760 2399 4.8496216 0.0048496216 3.15657895
760 2399 4.84989212 0.00484989212 3.15657895
760 2399 4.85013262 0.00485013262 3.15657895
760 2399 4.84979802 0.00484979802 3.15657895
760 2399 4.85006807 0.00485006807 3.15657895
760 2399 4.84982565 0.00484982565 3.15657895
760 2399 4.85005466 0.00485005466 3.15657895
760 2399 4.84982956 0.00484982956 3.15657895
760 2399 4.85005956 0.00485005956 3.15657895
760 2399 4.84982867 0.00484982867 3.15657895
759 2393 4.82330039 0.00482330039 3.15283267
759 2393 4.82320958 0.00482320958 3.15283267
759 2393 4.82314092 0.00482314092 3.15283267
759 2393 4.82310298 0.00482310298 3.15283267
759 2393 4.82311132 0.00482311132 3.15283267
759 2393 4.82311888 0.00482311888 3.15283267
759 2393 4.82311692 0.00482311692 3.15283267
759 2393 4.82311383 0.00482311383 3.15283267
759 2393 4.82311467 0.00482311467 3.15283267
759 2393 4.82311592 0.00482311592 3.15283267
758 2390 4.79634466 0.00479634466 3.1530343
758 2385 4.77980173 0.00477980173 3.14643799
758 2390 4.7967455 0.0047967455 3.1530343
758 2388 4.78200751 0.00478200751 3.15039578
758 2388 4.78225173 0.00478225173 3.15039578
758 2388 4.7818277 0.0047818277 3.15039578
758 2388 4.78210773 0.00478210773 3.15039578
758 2388 4.78187407 0.00478187407 3.15039578
758 2388 4.78208779 0.00478208779 3.15039578
758 2388 4.7818786 0.0047818786 3.15039578
757 2382 4.75550444 0.00475550444 3.14663144
757 2382 4.75546636 0.00475546636 3.14663144
757 2382 4.75573305 0.00475573305 3.14663144
757 2382 4.7553221 0.0047553221 3.14663144
757 2382 4.75537589 0.00475537589 3.14663144
757 2382 4.75532135 0.00475532135 3.14663144
757 2382 4.75543568 0.00475543568 3.14663144
757 2382 4.75583141 0.00475583141 3.14663144
757 2382 4.7552453 0.0047552453 3.14663144
757 2382 4.75531291 0.00475531291 3.14663144
756 2373 4.75531438 0.00475531438 3.13888889
756 2373 4.75539072 0.00475539072 3.13888889
756 2378 4.73123149 0.00473123149 3.14550265
756 2378 4.73124449 0.00473124449 3.14550265
756 2378 4.73126783 0.00473126783 3.14550265
756 2378 4.7312533 0.0047312533 3.14550265
756 2378 4.73126162 0.00473126162 3.14550265
756 2378 4.73123441 0.00473123441 3.14550265
756 2378 4.73124082 0.00473124082 3.14550265
756 2378 4.73124826 0.00473124826 3.14550265
755 2369 4.7312542 0.0047312542 3.13774834
755 2369 4.73126572 0.00473126572 3.13774834
755 2369 4.73123584 0.00473123584 3.13774834
755 2369 4.73123023 0.00473123023 3.13774834
755 2369 4.73122443 0.00473122443 3.13774834
755 2369 4.7312244 0.0047312244 3.13774834
755 2369 4.73122388 0.00473122388 3.13774834
755 2369 4.73122478 0.00473122478 3.13774834
755 2369 4.73122501 0.00473122501 3.13774834
755 2369 4.731225 0.004731225 3.13774834
754 2362 4.7263901 0.0047263901 3.13262599
754 2362 4.72640901 0.00472640901 3.13262599
754 2362 4.72640796 0.00472640796 3.13262599
754 2362 4.72641282 0.00472641282 3.13262599
754 2362 4.72641302 0.00472641302 3.13262599
754 2362 4.72641276 0.00472641276 3.13262599
754 2362 4.72641252 0.00472641252 3.13262599
754 2362 4.72641259 0.00472641259 3.13262599
754 2362 4.72641255 0.00472641255 3.13262599
754 2362 4.72641219 0.00472641219 3.13262599
753 2358 4.72592096 0.00472592096 3.1314741
753 2358 4.72588531 0.00472588531 3.1314741
753 2358 4.72594386 0.00472594386 3.1314741
753 2358 4.72597132 0.00472597132 3.1314741
753 2358 4.72599043 0.00472599043 3.1314741
753 2358 4.72592828 0.00472592828 3.1314741
753 2358 4.72607804 0.00472607804 3.1314741
753 2358 4.72585635 0.00472585635 3.1314741
753 2358 4.7258879 0.0047258879 3.1314741
753 2358 4.72591292 0.00472591292 3.1314741
752 2354 4.71164719 0.00471164719 3.13031915
752 2354 4.71205112 0.00471205112 3.13031915
752 2354 4.71189783 0.00471189783 3.13031915
752 2354 4.71197275 0.00471197275 3.13031915
752 2354 4.71179836 0.00471179836 3.13031915
752 2354 4.71206019 0.00471206019 3.13031915
752 2355 4.69942668 0.00469942668 3.13164894
752 2355 4.68447331 0.00468447331 3.13164894
752 2357 4.67206427 0.00467206427 3.13430851
752 2354 4.67310384 0.00467310384 3.13031915
751 2351 4.65082354 0.00465082354 3.13049268
751 2350 4.6364492 0.0046364492 3.12916112
751 2345 4.62284837 0.00462284837 3.12250333
751 2342 4.6425805 0.0046425805 3.11850866
750 2339 4.61989725 0.00461989725 3.11866667
750 2341 4.62247682 0.00462247682 3.12133333
750 2340 4.62587003 0.00462587003 3.12
750 2344 4.64278933 0.00464278933 3.12533333
750 2339 4.6245854 0.0046245854 3.11866667
750 2340 4.6259805 0.0046259805 3.12
749 2336 4.62541452 0.00462541452 3.1188251
749 2336 4.60437619 0.00460437619 3.1188251
749 2336 4.60409941 0.00460409941 3.1188251
749 2336 4.60427592 0.00460427592 3.1188251
749 2336 4.60420088 0.00460420088 3.1188251
749 2336 4.60424123 0.00460424123 3.1188251
749 2336 4.60423397 0.00460423397 3.1188251
749 2336 4.6042381 0.0046042381 3.1188251
749 2336 4.60423641 0.00460423641 3.1188251
749 2336 4.60423676 0.00460423676 3.1188251
748 2332 4.60383158 0.00460383158 3.11764706
748 2332 4.60369658 0.00460369658 3.11764706
748 2332 4.60384485 0.00460384485 3.11764706
748 2332 4.60387337 0.00460387337 3.11764706
748 2332 4.6037678 0.0046037678 3.11764706
748 2332 4.60385721 0.00460385721 3.11764706
748 2332 4.60365317 0.00460365317 3.11764706
748 2332 4.603878 0.004603878 3.11764706
748 2332 4.60386715 0.00460386715 3.11764706
748 2332 4.60387533 0.00460387533 3.11764706
747 2328 4.59029707 0.00459029707 3.11646586
747 2327 4.59790054 0.00459790054 3.11512718
747 2328 4.59039824 0.00459039824 3.11646586
747 2328 4.5903348 0.0045903348 3.11646586
747 2328 4.59032205 0.00459032205 3.11646586
747 2328 4.5903078 0.0045903078 3.11646586
747 2328 4.59031691 0.00459031691 3.11646586
747 2328 4.59031575 0.00459031575 3.11646586
747 2328 4.59031349 0.00459031349 3.11646586
747 2328 4.59031276 0.00459031276 3.11646586
746 2323 4.58456681 0.00458456681 3.11394102
746 2323 4.58453463 0.00458453463 3.11394102
746 2323 4.58456417 0.00458456417 3.11394102
746 2323 4.58455352 0.00458455352 3.11394102
746 2323 4.58455349 0.00458455349 3.11394102
746 2323 4.58455586 0.00458455586 3.11394102
746 2323 4.58455563 0.00458455563 3.11394102
746 2323 4.58455608 0.00458455608 3.11394102
746 2323 4.58455641 0.00458455641 3.11394102
746 2323 4.58455616 0.00458455616 3.11394102
745 2314 4.58455648 0.00458455648 3.10604027
745 2314 4.5844807 0.0045844807 3.10604027
745 2314 4.58460381 0.00458460381 3.10604027
745 2314 4.58454945 0.00458454945 3.10604027
745 2314 4.58452265 0.00458452265 3.10604027
745 2314 4.58462893 0.00458462893 3.10604027
745 2314 4.58413425 0.00458413425 3.10604027
745 2314 4.58455219 0.00458455219 3.10604027
745 2314 4.58441328 0.00458441328 3.10604027
745 2314 4.58462841 0.00458462841 3.10604027
744 2309 4.56761467 0.00456761467 3.10349462
744 2309 4.56786443 0.00456786443 3.10349462
744 2311 4.5532549 0.0045532549 3.1061828
744 2309 4.56757087 0.00456757087 3.10349462
744 2309 4.56789661 0.00456789661 3.10349462
744 2309 4.56778324 0.00456778324 3.10349462
744 2309 4.56763988 0.00456763988 3.10349462
744 2309 4.56767827 0.00456767827 3.10349462
744 2309 4.56766299 0.00456766299 3.10349462
744 2309 4.56765242 0.00456765242 3.10349462
743 2306 4.53758359 0.00453758359 3.10363392
743 2304 4.55481826 0.00455481826 3.10094213
743 2310 4.52494579 0.00452494579 3.1090175
743 2304 4.55491792 0.00455491792 3.10094213
743 2304 4.55490519 0.00455490519 3.10094213
743 2306 4.53745089 0.00453745089 3.10363392
743 2306 4.53731473 0.00453731473 3.10363392
743 2306 4.53779902 0.00453779902 3.10363392
742 2300 4.50715754 0.00450715754 3.09973046
742 2300 4.5092117 0.0045092117 3.09973046
741 2295 4.49435613 0.00449435613 3.09716599
741 2295 4.4944049 0.0044944049 3.09716599
741 2295 4.4948517 0.0044948517 3.09716599
741 2295 4.49482705 0.00449482705 3.09716599
741 2295 4.49444401 0.00449444401 3.09716599
741 2295 4.49484246 0.00449484246 3.09716599
741 2295 4.49481846 0.00449481846 3.09716599
741 2295 4.49444603 0.00449444603 3.09716599
741 2295 4.4948403 0.0044948403 3.09716599
741 2295 4.49481908 0.00449481908 3.09716599
740 2288 4.45796626 0.00445796626 3.09189189
740 2286 4.45456103 0.00445456103 3.08918919
740 2288 4.43669577 0.00443669577 3.09189189
740 2287 4.41267509 0.00441267509 3.09054054
740 2283 4.43666933 0.00443666933 3.08513514
740 2282 4.42965811 0.00442965811 3.08378378
740 2281 4.43745238 0.00443745238 3.08243243
740 2281 4.44809597 0.00444809597 3.08243243
740 2281 4.45887855 0.00445887855 3.08243243
739 2277 4.43712628 0.00443712628 3.0811908
738 2271 4.40887892 0.00440887892 3.07723577
738 2271 4.40844782 0.00440844782 3.07723577
738 2271 4.40839517 0.00440839517 3.07723577
738 2271 4.40842096 0.00440842096 3.07723577
738 2271 4.40839241 0.00440839241 3.07723577
738 2271 4.40836504 0.00440836504 3.07723577
738 2271 4.40837675 0.00440837675 3.07723577
738 2271 4.40837821 0.00440837821 3.07723577
738 2271 4.40836894 0.00440836894 3.07723577
738 2271 4.4083688 0.0044083688 3.07723577
737 2266 4.39629271 0.00439629271 3.07462687
737 2266 4.39633177 0.00439633177 3.07462687
737 2266 4.39631209 0.00439631209 3.07462687
737 2266 4.39633142 0.00439633142 3.07462687
737 2266 4.39634349 0.00439634349 3.07462687
737 2266 4.39635205 0.00439635205 3.07462687
737 2266 4.39636097 0.00439636097 3.07462687
737 2266 4.39636916 0.00439636916 3.07462687
737 2266 4.39637182 0.00439637182 3.07462687
737 2266 4.39637155 0.00439637155 3.07462687
736 2257 4.39637584 0.00439637584 3.06657609
736 2257 4.39641848 0.00439641848 3.06657609
736 2257 4.39616846 0.00439616846 3.06657609
736 2257 4.39630129 0.00439630129 3.06657609
736 2257 4.39602946 0.00439602946 3.06657609
736 2257 4.39604205 0.00439604205 3.06657609
736 2257 4.39607262 0.00439607262 3.06657609
736 2257 4.39607841 0.00439607841 3.06657609
736 2257 4.39607615 0.00439607615 3.06657609
736 2257 4.39607502 0.00439607502 3.06657609
735 2250 4.3756784 0.0043756784 3.06122449
735 2254 4.39586747 0.00439586747 3.06666667
735 2254 4.39577422 0.00439577422 3.06666667
735 2254 4.39554938 0.00439554938 3.06666667
735 2256 4.37514449 0.00437514449 3.06938776
735 2256 4.37483001 0.00437483001 3.06938776
735 2255 4.37606413 0.00437606413 3.06802721
735 2252 4.36012924 0.00436012924 3.06394558
735 2253 4.35070139 0.00435070139 3.06530612
735 2252 4.36027001 0.00436027001 3.06394558
734 2245 4.3417664 0.0043417664 3.05858311
734 2245 4.34164626 0.00434164626 3.05858311
734 2245 4.34169372 0.00434169372 3.05858311
734 2245 4.34170642 0.00434170642 3.05858311
734 2245 4.34170751 0.00434170751 3.05858311
734 2245 4.34170648 0.00434170648 3.05858311
734 2245 4.3417118 0.0043417118 3.05858311
734 2245 4.34171264 0.00434171264 3.05858311
734 2245 4.34171314 0.00434171314 3.05858311
734 2245 4.34171355 0.00434171355 3.05858311
733 2242 4.34101472 0.00434101472 3.05866303
733 2242 4.34101726 0.00434101726 3.05866303
733 2242 4.34101771 0.00434101771 3.05866303
733 2242 4.34101931 0.00434101931 3.05866303
733 2242 4.34102048 0.00434102048 3.05866303
733 2242 4.34102101 0.00434102101 3.05866303
733 2242 4.34102186 0.00434102186 3.05866303
733 2242 4.34102228 0.00434102228 3.05866303
733 2242 4.34102271 0.00434102271 3.05866303
733 2242 4.34102297 0.00434102297 3.05866303
732 2233 4.34102312 0.00434102312 3.05054645
732 2233 4.34117638 0.00434117638 3.05054645
732 2233 4.34128007 0.00434128007 3.05054645
732 2237 4.30930227 0.00430930227 3.05601093
732 2238 4.31292012 0.00431292012 3.05737705
732 2236 4.28457616 0.00428457616 3.05464481
732 2236 4.28453447 0.00428453447 3.05464481
732 2236 4.28457326 0.00428457326 3.05464481
732 2236 4.28454419 0.00428454419 3.05464481
732 2236 4.28454656 0.00428454656 3.05464481
731 2233 4.28388401 0.00428388401 3.05471956
731 2233 4.28376714 0.00428376714 3.05471956
731 2230 4.26260068 0.00426260068 3.0506156
731 2230 4.27149331 0.00427149331 3.0506156
731 2229 4.28551896 0.00428551896 3.04924761
731 2230 4.29019075 0.00429019075 3.0506156
731 2229 4.30293895 0.00430293895 3.04924761
731 2228 4.29238521 0.00429238521 3.04787962
731 2229 4.30165567 0.00430165567 3.04924761
731 2228 4.31444336 0.00431444336 3.04787962
730 2216 4.28356689 0.00428356689 3.03561644
730 2216 4.28288486 0.00428288486 3.03561644
730 2221 4.28107987 0.00428107987 3.04246575
730 2221 4.28153472 0.00428153472 3.04246575
730 2221 4.28222835 0.00428222835 3.04246575
730 2221 4.28165395 0.00428165395 3.04246575
730 2221 4.28162203 0.00428162203 3.04246575
730 2221 4.28224673 0.00428224673 3.04246575
730 2221 4.28165312 0.00428165312 3.04246575
730 2221 4.28161694 0.00428161694 3.04246575
729 2209 4.25072601 0.00425072601 3.03017833
729 2216 4.25161958 0.00425161958 3.03978052
729 2216 4.25212932 0.00425212932 3.03978052
729 2216 4.25216629 0.00425216629 3.03978052
729 2216 4.25225355 0.00425225355 3.03978052
729 2216 4.25209766 0.00425209766 3.03978052
729 2216 4.25237842 0.00425237842 3.03978052
729 2216 4.25199452 0.00425199452 3.03978052
729 2216 4.2524487 0.0042524487 3.03978052
729 2216 4.25181038 0.00425181038 3.03978052
728 2204 4.22075136 0.00422075136 3.02747253
728 2204 4.22095726 0.00422095726 3.02747253
728 2213 4.25223741 0.00425223741 3.03983516
728 2213 4.25154923 0.00425154923 3.03983516
728 2213 4.25205842 0.00425205842 3.03983516
728 2213 4.25127198 0.00425127198 3.03983516
728 2213 4.25144704 0.00425144704 3.03983516
728 2213 4.25139829 0.00425139829 3.03983516
728 2213 4.25120917 0.00425120917 3.03983516
728 2213 4.25184289 0.00425184289 3.03983516
727 2201 4.22017597 0.00422017597 3.02751032
727 2201 4.2203786 0.0042203786 3.02751032
727 2201 4.22029431 0.00422029431 3.02751032
727 2201 4.22019345 0.00422019345 3.02751032
727 2201 4.22030716 0.00422030716 3.02751032
727 2201 4.22020367 0.00422020367 3.02751032
727 2201 4.22023435 0.00422023435 3.02751032
727 2201 4.22041918 0.00422041918 3.02751032
727 2201 4.22016589 0.00422016589 3.02751032
727 2201 4.2202719 0.0042202719 3.02751032
726 2194 4.20305697 0.00420305697 3.02203857
726 2197 4.19453103 0.00419453103 3.0261708
726 2194 4.20295078 0.00420295078 3.02203857
726 2194 4.20275963 0.00420275963 3.02203857
726 2194 4.20283334 0.00420283334 3.02203857
726 2197 4.19466085 0.00419466085 3.0261708
726 2197 4.19465544 0.00419465544 3.0261708
726 2197 4.19441006 0.00419441006 3.0261708
726 2197 4.19423833 0.00419423833 3.0261708
726 2197 4.1942604 0.0041942604 3.0261708
725 2190 4.17727546 0.00417727546 3.02068966
725 2190 4.17770635 0.00417770635 3.02068966
725 2190 4.17740815 0.00417740815 3.02068966
725 2190 4.17743172 0.00417743172 3.02068966
725 2190 4.17741274 0.00417741274 3.02068966
725 2190 4.17740549 0.00417740549 3.02068966
725 2190 4.17743122 0.00417743122 3.02068966
725 2190 4.17747648 0.00417747648 3.02068966
725 2190 4.17748697 0.00417748697 3.02068966
725 2190 4.17741738 0.00417741738 3.02068966
724 2183 4.17096144 0.00417096144 3.01519337
724 2184 4.16452956 0.00416452956 3.01657459
724 2184 4.16448889 0.00416448889 3.01657459
724 2184 4.1640132 0.0041640132 3.01657459
724 2185 4.15261822 0.00415261822 3.0179558
724 2182 4.12369861 0.00412369861 3.01381215
724 2184 4.14102872 0.00414102872 3.01657459
724 2179 4.14819536 0.00414819536 3.00966851
724 2188 4.1380559 0.0041380559 3.02209945
724 2185 4.13824759 0.00413824759 3.0179558
723 2173 4.12203217 0.00412203217 3.0055325
723 2172 4.14602007 0.00414602007 3.00414938
723 2174 4.15205744 0.00415205744 3.00691563
723 2176 4.14117209 0.00414117209 3.00968188
723 2176 4.14153151 0.00414153151 3.00968188
723 2176 4.14128984 0.00414128984 3.00968188
722 2167 4.1214385 0.0041214385 3.00138504
721 2164 4.12088858 0.00412088858 3.00138696
721 2164 4.12082936 0.00412082936 3.00138696
721 2164 4.12098963 0.00412098963 3.00138696
720 2159 4.11070293 0.00411070293 2.99861111
720 2159 4.11059651 0.00411059651 2.99861111
720 2159 4.11061305 0.00411061305 2.99861111
720 2159 4.11061186 0.00411061186 2.99861111
720 2159 4.11061466 0.00411061466 2.99861111
720 2159 4.1106092 0.0041106092 2.99861111
720 2159 4.11060743 0.00411060743 2.99861111
720 2159 4.11060761 0.00411060761 2.99861111
720 2159 4.11060781 0.00411060781 2.99861111
720 2159 4.11060769 0.00411060769 2.99861111
719 2153 4.10825223 0.00410825223 2.99443672
719 2156 4.1079081 0.0041079081 2.99860918
719 2156 4.10790434 0.00410790434 2.99860918
719 2156 4.10790303 0.00410790303 2.99860918
719 2156 4.1079048 0.0041079048 2.99860918
719 2156 4.1079044 0.0041079044 2.99860918
719 2156 4.10790394 0.00410790394 2.99860918
719 2156 4.10790414 0.00410790414 2.99860918
719 2156 4.10790407 0.00410790407 2.99860918
719 2156 4.10790389 0.00410790389 2.99860918
718 2150 4.10627053 0.00410627053 2.99442897
718 2150 4.10619605 0.00410619605 2.99442897
718 2148 4.08926419 0.00408926419 2.99164345
718 2151 4.09355127 0.00409355127 2.99582173
718 2148 4.08689358 0.00408689358 2.99164345
718 2146 4.07806372 0.00407806372 2.98885794
718 2146 4.07811009 0.00407811009 2.98885794
718 2146 4.07808016 0.00407808016 2.98885794
718 2152 4.09635499 0.00409635499 2.99721448
718 2152 4.09670232 0.00409670232 2.99721448
717 2143 4.07764333 0.00407764333 2.9888424
717 2143 4.07742549 0.00407742549 2.9888424
717 2143 4.07738894 0.00407738894 2.9888424
717 2143 4.07737727 0.00407737727 2.9888424
717 2143 4.07737981 0.00407737981 2.9888424
717 2143 4.07738065 0.00407738065 2.9888424
717 2143 4.07737741 0.00407737741 2.9888424
717 2143 4.07737652 0.00407737652 2.9888424
717 2143 4.07737628 0.00407737628 2.9888424
717 2143 4.07737584 0.00407737584 2.9888424
716 2137 4.07575581 0.00407575581 2.98463687
716 2137 4.07575577 0.00407575577 2.98463687
716 2137 4.07570831 0.00407570831 2.98463687
716 2137 4.07568721 0.00407568721 2.98463687
716 2137 4.07569135 0.00407569135 2.98463687
716 2137 4.07568846 0.00407568846 2.98463687
716 2137 4.07569134 0.00407569134 2.98463687
716 2137 4.07569322 0.00407569322 2.98463687
716 2137 4.07569396 0.00407569396 2.98463687
716 2137 4.07569438 0.00407569438 2.98463687
715 2131 4.06237626 0.00406237626 2.98041958
715 2131 4.06246249 0.00406246249 2.98041958
715 2131 4.06270548 0.00406270548 2.98041958
715 2131 4.0624644 0.0040624644 2.98041958
715 2133 4.04964438 0.00404964438 2.98321678
715 2131 4.06224695 0.00406224695 2.98041958
715 2131 4.06241289 0.00406241289 2.98041958
715 2131 4.06251637 0.00406251637 2.98041958
715 2131 4.06256494 0.00406256494 2.98041958
715 2131 4.06269282 0.00406269282 2.98041958
714 2122 4.0623827 0.0040623827 2.9719888
714 2127 4.03689778 0.00403689778 2.9789916
714 2127 4.03688078 0.00403688078 2.9789916
714 2127 4.03687297 0.00403687297 2.9789916
714 2127 4.03683301 0.00403683301 2.9789916
714 2127 4.03687112 0.00403687112 2.9789916
714 2127 4.03689587 0.00403689587 2.9789916
714 2127 4.03690282 0.00403690282 2.9789916
714 2127 4.03688831 0.00403688831 2.9789916
714 2127 4.03688719 0.00403688719 2.9789916
713 2118 4.03688958 0.00403688958 2.97054698
713 2118 4.03696657 0.00403696657 2.97054698
713 2122 4.02288345 0.00402288345 2.97615708
713 2122 4.02287304 0.00402287304 2.97615708
713 2120 4.03088513 0.00403088513 2.97335203
713 2122 4.02295654 0.00402295654 2.97615708
713 2122 4.02292376 0.00402292376 2.97615708
713 2122 4.02287771 0.00402287771 2.97615708
713 2122 4.02286526 0.00402286526 2.97615708
713 2122 4.02286993 0.00402286993 2.97615708
712 2117 4.01299416 0.00401299416 2.97331461
712 2117 4.01297171 0.00401297171 2.97331461
712 2117 4.01300379 0.00401300379 2.97331461
712 2117 4.01301132 0.00401301132 2.97331461
712 2117 4.01300897 0.00401300897 2.97331461
712 2117 4.01297953 0.00401297953 2.97331461
712 2117 4.0129566 0.0040129566 2.97331461
712 2117 4.01303898 0.00401303898 2.97331461
712 2117 4.01303321 0.00401303321 2.97331461
712 2117 4.0129957 0.0040129957 2.97331461
711 2110 4.00735904 0.00400735904 2.9676512
711 2110 4.00729528 0.00400729528 2.9676512
711 2110 4.00728736 0.00400728736 2.9676512
711 2110 4.00729563 0.00400729563 2.9676512
711 2110 4.00732449 0.00400732449 2.9676512
711 2111 3.99817059 0.00399817059 2.96905767
711 2114 3.99765852 0.00399765852 2.97327707
711 2112 4.01660261 0.00401660261 2.97046414
711 2112 4.0162279 0.0040162279 2.97046414
711 2112 4.01617887 0.00401617887 2.97046414
710 2103 4.01617893 0.00401617893 2.96197183
710 2103 4.01614769 0.00401614769 2.96197183
710 2107 4.00629091 0.00400629091 2.96760563
710 2107 4.00627249 0.00400627249 2.96760563
710 2107 4.00627303 0.00400627303 2.96760563
710 2107 4.00626025 0.00400626025 2.96760563
710 2107 4.00627254 0.00400627254 2.96760563
710 2107 4.00627574 0.00400627574 2.96760563
710 2107 4.00627945 0.00400627945 2.96760563
710 2107 4.0062795 0.0040062795 2.96760563
709 2098 4.00628121 0.00400628121 2.95909732
709 2098 4.00631277 0.00400631277 2.95909732
709 2098 4.00626077 0.00400626077 2.95909732
709 2098 4.00630609 0.00400630609 2.95909732
709 2098 4.00623377 0.00400623377 2.95909732
709 2098 4.00626987 0.00400626987 2.95909732
709 2098 4.00619444 0.00400619444 2.95909732
709 2098 4.00623987 0.00400623987 2.95909732
709 2098 4.00616951 0.00400616951 2.95909732
709 2098 4.00619865 0.00400619865 2.95909732
708 2091 4.0009474 0.0040009474 2.95338983
708 2092 3.99502997 0.00399502997 2.95480226
708 2092 3.99505437 0.00399505437 2.95480226
708 2092 3.99503085 0.00399503085 2.95480226
708 2092 3.99501186 0.00399501186 2.95480226
708 2092 3.99497366 0.00399497366 2.95480226
708 2092 3.99494808 0.00399494808 2.95480226
708 2092 3.99494341 0.00399494341 2.95480226
708 2092 3.99494671 0.00399494671 2.95480226
708 2092 3.99495278 0.00399495278 2.95480226
707 2085 3.99013776 0.00399013776 2.94908062
707 2085 3.99014741 0.00399014741 2.94908062
707 2085 3.99023312 0.00399023312 2.94908062
707 2085 3.99039795 0.00399039795 2.94908062
707 2085 3.9901871 0.0039901871 2.94908062
707 2085 3.99023102 0.00399023102 2.94908062
707 2085 3.99042064 0.00399042064 2.94908062
707 2085 3.99020969 0.00399020969 2.94908062
707 2085 3.99025298 0.00399025298 2.94908062
707 2085 3.99042179 0.00399042179 2.94908062
706 2077 3.99005934 0.00399005934 2.94192635
706 2077 3.9902955 0.0039902955 2.94192635
706 2077 3.99023731 0.00399023731 2.94192635
706 2077 3.9901249 0.0039901249 2.94192635
706 2077 3.99019222 0.00399019222 2.94192635
706 2077 3.99026062 0.00399026062 2.94192635
706 2077 3.9901834 0.0039901834 2.94192635
706 2077 3.99021001 0.00399021001 2.94192635
706 2077 3.99024802 0.00399024802 2.94192635
706 2077 3.99017155 0.00399017155 2.94192635
705 2073 3.96390645 0.00396390645 2.94042553
705 2073 3.96379855 0.00396379855 2.94042553
705 2070 3.97403908 0.00397403908 2.93617021
705 2073 3.95947307 0.00395947307 2.94042553
705 2075 3.93309057 0.00393309057 2.94326241
705 2075 3.93264821 0.00393264821 2.94326241
705 2082 3.9301225 0.0039301225 2.95319149
705 2080 3.92342806 0.00392342806 2.95035461
705 2079 3.93254271 0.00393254271 2.94893617
705 2080 3.93684744 0.00393684744 2.95035461
704 2075 3.92645405 0.00392645405 2.94744318
704 2074 3.92266751 0.00392266751 2.94602273
704 2078 3.93116638 0.00393116638 2.95170455
703 2069 3.91405778 0.00391405778 2.943101
703 2067 3.88350152 0.00388350152 2.94025605
702 2058 3.88353991 0.00388353991 2.93162393
701 2054 3.86107543 0.00386107543 2.93009986
701 2055 3.86111606 0.00386111606 2.93152639
701 2054 3.86104552 0.00386104552 2.93009986
700 2050 3.86103272 0.00386103272 2.92857143
699 2043 3.85640091 0.00385640091 2.92274678
699 2043 3.85639678 0.00385639678 2.92274678
699 2043 3.85639624 0.00385639624 2.92274678
699 2043 3.85639191 0.00385639191 2.92274678
699 2043 3.85639419 0.00385639419 2.92274678
699 2043 3.85639302 0.00385639302 2.92274678
699 2043 3.85639544 0.00385639544 2.92274678
699 2043 3.85639659 0.00385639659 2.92274678
699 2043 3.8563966 0.0038563966 2.92274678
699 2043 3.85639848 0.00385639848 2.92274678
698 2035 3.85639881 0.00385639881 2.91547278
698 2035 3.85640012 0.00385640012 2.91547278
698 2035 3.85640067 0.00385640067 2.91547278
698 2035 3.85640085 0.00385640085 2.91547278
698 2035 3.8564009 0.0038564009 2.91547278
698 2035 3.85640091 0.00385640091 2.91547278
698 2035 3.85640092 0.00385640092 2.91547278
698 2035 3.85640092 0.00385640092 2.91547278
698 2035 3.85640092 0.00385640092 2.91547278
698 2035 3.85640092 0.00385640092 2.91547278
697 2029 3.8561425 0.0038561425 2.91104735
697 2029 3.85613988 0.00385613988 2.91104735
697 2029 3.85614086 0.00385614086 2.91104735
697 2029 3.8561487 0.0038561487 2.91104735
697 2029 3.85615154 0.00385615154 2.91104735
697 2029 3.85615575 0.00385615575 2.91104735
697 2029 3.85615102 0.00385615102 2.91104735
697 2029 3.85615003 0.00385615003 2.91104735
697 2029 3.85614902 0.00385614902 2.91104735
697 2029 3.85614881 0.00385614881 2.91104735
696 2024 3.85197958 0.00385197958 2.90804598
696 2024 3.8519774 0.0038519774 2.90804598
696 2024 3.85197112 0.00385197112 2.90804598
696 2024 3.85197159 0.00385197159 2.90804598
696 2024 3.85583319 0.00385583319 2.90804598
696 2024 3.85583668 0.00385583668 2.90804598
696 2024 3.85583308 0.00385583308 2.90804598
696 2024 3.85583839 0.00385583839 2.90804598
696 2024 3.85583839 0.00385583839 2.90804598
696 2024 3.85583693 0.00385583693 2.90804598
695 2019 3.85166749 0.00385166749 2.90503597
695 2019 3.8520023 0.0038520023 2.90503597
695 2019 3.85204823 0.00385204823 2.90503597
695 2019 3.85203098 0.00385203098 2.90503597
695 2019 3.85200012 0.00385200012 2.90503597
695 2019 3.85199848 0.00385199848 2.90503597
695 2019 3.85200516 0.00385200516 2.90503597
695 2019 3.85200553 0.00385200553 2.90503597
695 2019 3.85200457 0.00385200457 2.90503597
695 2019 3.85200467 0.00385200467 2.90503597
694 2011 3.82211766 0.00382211766 2.89769452
694 2010 3.8194433 0.0038194433 2.8962536
694 2007 3.80336078 0.00380336078 2.89193084
694 2007 3.80322751 0.00380322751 2.89193084
694 2007 3.80324198 0.00380324198 2.89193084
694 2007 3.80323121 0.00380323121 2.89193084
694 2007 3.80326139 0.00380326139 2.89193084
694 2007 3.803254 0.003803254 2.89193084
694 2007 3.80324437 0.00380324437 2.89193084
694 2007 3.80324062 0.00380324062 2.89193084
693 2002 3.79920043 0.00379920043 2.88888889
693 2002 3.79928074 0.00379928074 2.88888889
693 2002 3.79928263 0.00379928263 2.88888889
693 2002 3.79929154 0.00379929154 2.88888889
693 2002 3.7992968 0.0037992968 2.88888889
693 2002 3.79929579 0.00379929579 2.88888889
693 2002 3.79929484 0.00379929484 2.88888889
693 2002 3.79929519 0.00379929519 2.88888889
693 2002 3.79929542 0.00379929542 2.88888889
693 2002 3.79929538 0.00379929538 2.88888889
692 1995 3.77753584 0.00377753584 2.88294798
692 1995 3.77761765 0.00377761765 2.88294798
692 1995 3.77737899 0.00377737899 2.88294798
692 1995 3.77735584 0.00377735584 2.88294798
692 1995 3.7773179 0.0037773179 2.88294798
692 1995 3.77730366 0.00377730366 2.88294798
692 1995 3.77729371 0.00377729371 2.88294798
692 1995 3.77729051 0.00377729051 2.88294798
692 1995 3.77728871 0.00377728871 2.88294798
692 1995 3.77728753 0.00377728753 2.88294798
691 1990 3.75834026 0.00375834026 2.87988423
691 1990 3.75942909 0.00375942909 2.87988423
691 1990 3.76625156 0.00376625156 2.87988423
691 1990 3.76638898 0.00376638898 2.87988423
691 1990 3.76616701 0.00376616701 2.87988423
691 1990 3.76616053 0.00376616053 2.87988423
691 1990 3.76611534 0.00376611534 2.87988423
691 1990 3.76610974 0.00376610974 2.87988423
691 1990 3.7661014 0.0037661014 2.87988423
691 1990 3.76610092 0.00376610092 2.87988423
690 1985 3.74728247 0.00374728247 2.87681159
690 1985 3.74970745 0.00374970745 2.87681159
690 1985 3.74950879 0.00374950879 2.87681159
690 1985 3.74949927 0.00374949927 2.87681159
690 1985 3.74949719 0.00374949719 2.87681159
690 1985 3.74948863 0.00374948863 2.87681159
690 1985 3.74948992 0.00374948992 2.87681159
690 1985 3.7494866 0.0037494866 2.87681159
690 1985 3.74948823 0.00374948823 2.87681159
690 1985 3.74948747 0.00374948747 2.87681159
689 1980 3.73120142 0.00373120142 2.87373004
689 1980 3.73123728 0.00373123728 2.87373004
689 1980 3.73122793 0.00373122793 2.87373004
689 1980 3.73146767 0.00373146767 2.87373004
689 1980 3.73140972 0.00373140972 2.87373004
689 1980 3.73112362 0.00373112362 2.87373004
689 1980 3.73137427 0.00373137427 2.87373004
689 1980 3.73141299 0.00373141299 2.87373004
689 1980 3.73113161 0.00373113161 2.87373004
689 1980 3.73138569 0.00373138569 2.87373004
688 1975 3.7264097 0.0037264097 2.87063953
688 1975 3.72720659 0.00372720659 2.87063953
688 1974 3.726887 0.003726887 2.86918605
688 1974 3.72707062 0.00372707062 2.86918605
688 1974 3.7271567 0.0037271567 2.86918605
688 1974 3.72686614 0.00372686614 2.86918605
688 1974 3.72709546 0.00372709546 2.86918605
688 1974 3.72714352 0.00372714352 2.86918605
688 1974 3.72686949 0.00372686949 2.86918605
688 1974 3.72709515 0.00372709515 2.86918605
687 1969 3.72346938 0.00372346938 2.86608443
687 1969 3.72400396 0.00372400396 2.86608443
687 1969 3.70481486 0.00370481486 2.86608443
686 1964 3.66150779 0.00366150779 2.86297376
686 1964 3.67522037 0.00367522037 2.86297376
686 1964 3.66166068 0.00366166068 2.86297376
686 1964 3.66151527 0.00366151527 2.86297376
686 1964 3.66149675 0.00366149675 2.86297376
686 1964 3.66150038 0.00366150038 2.86297376
686 1964 3.66150004 0.00366150004 2.86297376
685 1959 3.63436257 0.00363436257 2.85985401
685 1959 3.63440293 0.00363440293 2.85985401
685 1962 3.65354399 0.00365354399 2.86423358
685 1959 3.63441839 0.00363441839 2.85985401
685 1959 3.63440902 0.00363440902 2.85985401
685 1959 3.63440639 0.00363440639 2.85985401
685 1959 3.63439192 0.00363439192 2.85985401
685 1959 3.63434998 0.00363434998 2.85985401
685 1959 3.6343284 0.0036343284 2.85985401
685 1959 3.63440172 0.00363440172 2.85985401
684 1957 3.62657754 0.00362657754 2.86111111
684 1954 3.631197 0.003631197 2.85672515
684 1954 3.6311794 0.0036311794 2.85672515
684 1954 3.63119564 0.00363119564 2.85672515
684 1957 3.62664709 0.00362664709 2.86111111
684 1957 3.62664194 0.00362664194 2.86111111
684 1957 3.62664009 0.00362664009 2.86111111
684 1957 3.62664244 0.00362664244 2.86111111
684 1957 3.62664405 0.00362664405 2.86111111
684 1957 3.62664427 0.00362664427 2.86111111
683 1952 3.62353716 0.00362353716 2.8579795
683 1952 3.62353626 0.00362353626 2.8579795
683 1952 3.62364943 0.00362364943 2.8579795
683 1952 3.62364842 0.00362364842 2.8579795
683 1952 3.62365284 0.00362365284 2.8579795
683 1952 3.62365641 0.00362365641 2.8579795
683 1952 3.62365653 0.00362365653 2.8579795
683 1952 3.62365634 0.00362365634 2.8579795
683 1952 3.62365651 0.00362365651 2.8579795
683 1952 3.62365647 0.00362365647 2.8579795
682 1947 3.60335747 0.00360335747 2.85483871
682 1947 3.60345251 0.00360345251 2.85483871
682 1947 3.60344584 0.00360344584 2.85483871
682 1947 3.60343019 0.00360343019 2.85483871
682 1947 3.60344655 0.00360344655 2.85483871
682 1947 3.60344067 0.00360344067 2.85483871
682 1947 3.6034406 0.0036034406 2.85483871
682 1947 3.60344025 0.00360344025 2.85483871
682 1947 3.60343997 0.00360343997 2.85483871
682 1947 3.60344085 0.00360344085 2.85483871
681 1942 3.60114405 0.00360114405 2.85168869
681 1941 3.60125195 0.00360125195 2.85022026
681 1941 3.60124719 0.00360124719 2.85022026
681 1941 3.60123941 0.00360123941 2.85022026
681 1941 3.60122941 0.00360122941 2.85022026
681 1941 3.60122747 0.00360122747 2.85022026
681 1941 3.60123025 0.00360123025 2.85022026
681 1941 3.60123228 0.00360123228 2.85022026
681 1941 3.60123094 0.00360123094 2.85022026
681 1941 3.60122997 0.00360122997 2.85022026
680 1936 3.59903089 0.00359903089 2.84705882
680 1936 3.59904446 0.00359904446 2.84705882
680 1936 3.59904773 0.00359904773 2.84705882
680 1936 3.59904746 0.00359904746 2.84705882
680 1936 3.59904738 0.00359904738 2.84705882
680 1936 3.5990471 0.0035990471 2.84705882
680 1936 3.599047 0.003599047 2.84705882
680 1936 3.59904706 0.00359904706 2.84705882
680 1936 3.59904708 0.00359904708 2.84705882
680 1936 3.59904708 0.00359904708 2.84705882
679 1931 3.59893006 0.00359893006 2.84388807
679 1931 3.59890151 0.00359890151 2.84388807
679 1931 3.59889265 0.00359889265 2.84388807
679 1931 3.59856319 0.00359856319 2.84388807
679 1932 3.57467739 0.00357467739 2.84536082
679 1929 3.58572254 0.00358572254 2.84094256
679 1930 3.56671207 0.00356671207 2.84241532
679 1931 3.56675104 0.00356675104 2.84388807
679 1929 3.58580407 0.00358580407 2.84094256
679 1931 3.56669143 0.00356669143 2.84388807
678 1926 3.56662373 0.00356662373 2.84070796
678 1926 3.56664036 0.00356664036 2.84070796
678 1926 3.5666491 0.0035666491 2.84070796
678 1926 3.5666455 0.0035666455 2.84070796
678 1926 3.56664004 0.00356664004 2.84070796
678 1926 3.56663818 0.00356663818 2.84070796
678 1926 3.56663721 0.00356663721 2.84070796
678 1926 3.56663642 0.00356663642 2.84070796
678 1926 3.56663539 0.00356663539 2.84070796
678 1926 3.56663397 0.00356663397 2.84070796
677 1920 3.56448769 0.00356448769 2.83604136
677 1920 3.56449613 0.00356449613 2.83604136
677 1920 3.56452849 0.00356452849 2.83604136
677 1920 3.56450397 0.00356450397 2.83604136
677 1920 3.56449542 0.00356449542 2.83604136
677 1920 3.56454124 0.00356454124 2.83604136
677 1920 3.56453793 0.00356453793 2.83604136
677 1920 3.56449565 0.00356449565 2.83604136
677 1920 3.56450268 0.00356450268 2.83604136
677 1920 3.56453796 0.00356453796 2.83604136
676 1915 3.55795569 0.00355795569 2.83284024
676 1918 3.53555914 0.00353555914 2.83727811
676 1918 3.53545228 0.00353545228 2.83727811
676 1918 3.53550914 0.00353550914 2.83727811
676 1918 3.53539566 0.00353539566 2.83727811
676 1918 3.53539735 0.00353539735 2.83727811
676 1918 3.53537179 0.00353537179 2.83727811
676 1918 3.53536676 0.00353536676 2.83727811
676 1918 3.53536902 0.00353536902 2.83727811
676 1918 3.53536887 0.00353536887 2.83727811
675 1916 3.52755402 0.00352755402 2.83851852
675 1916 3.52759917 0.00352759917 2.83851852
675 1916 3.52758745 0.00352758745 2.83851852
675 1913 3.53530541 0.00353530541 2.83407407
675 1913 3.53526003 0.00353526003 2.83407407
675 1913 3.53518493 0.00353518493 2.83407407
675 1913 3.53543642 0.00353543642 2.83407407
675 1913 3.53525962 0.00353525962 2.83407407
675 1913 3.53508581 0.00353508581 2.83407407
675 1913 3.53543628 0.00353543628 2.83407407
674 1909 3.51577001 0.00351577001 2.83234421
674 1911 3.52766313 0.00352766313 2.83531157
674 1911 3.52757916 0.00352757916 2.83531157
674 1911 3.52744189 0.00352744189 2.83531157
674 1911 3.52737078 0.00352737078 2.83531157
674 1907 3.51928764 0.00351928764 2.82937685
674 1909 3.49095569 0.00349095569 2.83234421
674 1908 3.49432377 0.00349432377 2.83086053
674 1904 3.49736111 0.00349736111 2.82492582
674 1905 3.5068399 0.0035068399 2.8264095
673 1902 3.4802718 0.0034802718 2.82615156
673 1898 3.50634416 0.00350634416 2.82020802
673 1901 3.48117849 0.00348117849 2.82466568
673 1898 3.50641034 0.00350641034 2.82020802
673 1898 3.50638356 0.00350638356 2.82020802
673 1898 3.50638175 0.00350638175 2.82020802
673 1898 3.50636266 0.00350636266 2.82020802
673 1898 3.50635931 0.00350635931 2.82020802
673 1898 3.50635844 0.00350635844 2.82020802
673 1898 3.50635816 0.00350635816 2.82020802
672 1895 3.47969775 0.00347969775 2.81994048
672 1895 3.47952587 0.00347952587 2.81994048
672 1892 3.5001993 0.0035001993 2.81547619
672 1895 3.47946572 0.00347946572 2.81994048
672 1893 3.49539562 0.00349539562 2.81696429
672 1893 3.49521809 0.00349521809 2.81696429
672 1893 3.49509992 0.00349509992 2.81696429
672 1893 3.49527906 0.00349527906 2.81696429
672 1893 3.49530353 0.00349530353 2.81696429
672 1893 3.49533323 0.00349533323 2.81696429
671 1889 3.47469947 0.00347469947 2.81520119
671 1889 3.47455063 0.00347455063 2.81520119
671 1889 3.47472793 0.00347472793 2.81520119
671 1889 3.47452633 0.00347452633 2.81520119
671 1889 3.47466074 0.00347466074 2.81520119
671 1889 3.47446354 0.00347446354 2.81520119
671 1889 3.47462509 0.00347462509 2.81520119
671 1889 3.47454554 0.00347454554 2.81520119
671 1889 3.47458773 0.00347458773 2.81520119
671 1889 3.47451803 0.00347451803 2.81520119
670 1881 3.46100856 0.00346100856 2.80746269
670 1885 3.45611438 0.00345611438 2.81343284
670 1885 3.45617616 0.00345617616 2.81343284
670 1885 3.45617338 0.00345617338 2.81343284
670 1885 3.45617053 0.00345617053 2.81343284
670 1885 3.45616321 0.00345616321 2.81343284
670 1885 3.45615903 0.00345615903 2.81343284
670 1885 3.45615846 0.00345615846 2.81343284
670 1885 3.45615757 0.00345615757 2.81343284
670 1885 3.45615933 0.00345615933 2.81343284
669 1882 3.45357927 0.00345357927 2.81315396
669 1882 3.45354118 0.00345354118 2.81315396
669 1882 3.45356193 0.00345356193 2.81315396
669 1882 3.45354729 0.00345354729 2.81315396
669 1882 3.45354163 0.00345354163 2.81315396
669 1882 3.45354114 0.00345354114 2.81315396
669 1882 3.45354049 0.00345354049 2.81315396
669 1882 3.45354054 0.00345354054 2.81315396
669 1882 3.45354063 0.00345354063 2.81315396
669 1882 3.45354074 0.00345354074 2.81315396
668 1874 3.44035273 0.00344035273 2.80538922
668 1877 3.45352703 0.00345352703 2.80988024
668 1874 3.44040004 0.00344040004 2.80538922
668 1877 3.45360263 0.00345360263 2.80988024
668 1874 3.4404235 0.0034404235 2.80538922
668 1874 3.44040652 0.00344040652 2.80538922
668 1874 3.44041393 0.00344041393 2.80538922
668 1874 3.44040858 0.00344040858 2.80538922
668 1874 3.44038598 0.00344038598 2.80538922
668 1874 3.44039378 0.00344039378 2.80538922
667 1869 3.44039403 0.00344039403 2.80209895
667 1869 3.44056046 0.00344056046 2.80209895
667 1869 3.44051463 0.00344051463 2.80209895
667 1869 3.44052055 0.00344052055 2.80209895
667 1869 3.44052062 0.00344052062 2.80209895
667 1869 3.44052062 0.00344052062 2.80209895
667 1869 3.44052064 0.00344052064 2.80209895
667 1869 3.44052065 0.00344052065 2.80209895
667 1869 3.44052064 0.00344052064 2.80209895
667 1869 3.44052065 0.00344052065 2.80209895
666 1866 3.40900618 0.00340900618 2.8018018
665 1865 3.40878566 0.00340878566 2.80451128
665 1868 3.40256739 0.00340256739 2.80902256
665 1868 3.40260475 0.00340260475 2.80902256
665 1868 3.4026832 0.0034026832 2.80902256
665 1868 3.40268001 0.00340268001 2.80902256
665 1868 3.40264911 0.00340264911 2.80902256
665 1868 3.40271268 0.00340271268 2.80902256
665 1868 3.40261086 0.00340261086 2.80902256
665 1868 3.40254427 0.00340254427 2.80902256
664 1863 3.40254373 0.00340254373 2.80572289
664 1863 3.40271154 0.00340271154 2.80572289
664 1863 3.40276824 0.00340276824 2.80572289
664 1863 3.40278172 0.00340278172 2.80572289
664 1863 3.40277978 0.00340277978 2.80572289
664 1863 3.40277954 0.00340277954 2.80572289
664 1863 3.40277914 0.00340277914 2.80572289
664 1863 3.40277922 0.00340277922 2.80572289
664 1863 3.40277923 0.00340277923 2.80572289
664 1863 3.40277922 0.00340277922 2.80572289
663 1857 3.37204704 0.00337204704 2.80090498
662 1851 3.34156371 0.00334156371 2.79607251
662 1851 3.30835326 0.00330835326 2.79607251
662 1855 3.31548276 0.00331548276 2.8021148
662 1850 3.30599685 0.00330599685 2.79456193
662 1851 3.32347189 0.00332347189 2.79607251
662 1851 3.32347475 0.00332347475 2.79607251
662 1851 3.32323031 0.00332323031 2.79607251
662 1851 3.32359936 0.00332359936 2.79607251
662 1851 3.3233625 0.0033233625 2.79607251
661 1847 3.30440613 0.00330440613 2.79425113
661 1847 3.30433492 0.00330433492 2.79425113
661 1847 3.30432616 0.00330432616 2.79425113
661 1847 3.30429817 0.00330429817 2.79425113
661 1847 3.30431936 0.00330431936 2.79425113
661 1847 3.30432398 0.00330432398 2.79425113
661 1847 3.30432729 0.00330432729 2.79425113
661 1847 3.30433336 0.00330433336 2.79425113
661 1847 3.30433853 0.00330433853 2.79425113
661 1847 3.30433934 0.00330433934 2.79425113
660 1843 3.30433778 0.00330433778 2.79242424
660 1843 3.30433785 0.00330433785 2.79242424
660 1843 3.30433764 0.00330433764 2.79242424
660 1843 3.3043369 0.0033043369 2.79242424
660 1843 3.304336 0.003304336 2.79242424
660 1843 3.30433558 0.00330433558 2.79242424
660 1843 3.30433524 0.00330433524 2.79242424
660 1843 3.30433504 0.00330433504 2.79242424
660 1843 3.30433494 0.00330433494 2.79242424
660 1843 3.30433494 0.00330433494 2.79242424
659 1838 3.30433506 0.00330433506 2.78907436
659 1838 3.30433507 0.00330433507 2.78907436
659 1838 3.30433503 0.00330433503 2.78907436
659 1838 3.30433498 0.00330433498 2.78907436
659 1838 3.30433495 0.00330433495 2.78907436
659 1838 3.30433494 0.00330433494 2.78907436
659 1838 3.30433493 0.00330433493 2.78907436
659 1838 3.30433493 0.00330433493 2.78907436
659 1838 3.30433493 0.00330433493 2.78907436
659 1838 3.30433493 0.00330433493 2.78907436
658 1832 3.30433492 0.00330433492 2.78419453
658 1832 3.3043387 0.0033043387 2.78419453
658 1832 3.30436292 0.00330436292 2.78419453
658 1832 3.3043753 0.0033043753 2.78419453
658 1832 3.30437071 0.00330437071 2.78419453
658 1832 3.30437042 0.00330437042 2.78419453
658 1832 3.30437135 0.00330437135 2.78419453
658 1832 3.30437078 0.00330437078 2.78419453
658 1832 3.30437098 0.00330437098 2.78419453
658 1832 3.30437077 0.00330437077 2.78419453
657 1827 3.29863013 0.00329863013 2.78082192
657 1827 3.29859418 0.00329859418 2.78082192
657 1827 3.29859624 0.00329859624 2.78082192
657 1827 3.29859814 0.00329859814 2.78082192
657 1827 3.29859052 0.00329859052 2.78082192
657 1827 3.29859301 0.00329859301 2.78082192
657 1827 3.29859428 0.00329859428 2.78082192
657 1827 3.2985938 0.0032985938 2.78082192
657 1827 3.29859462 0.00329859462 2.78082192
657 1827 3.298594 0.003298594 2.78082192
656 1815 3.29859407 0.00329859407 2.76676829
656 1815 3.29854241 0.00329854241 2.76676829
656 1822 3.28181774 0.00328181774 2.77743902
656 1822 3.24724019 0.00324724019 2.77743902
656 1822 3.23574599 0.00323574599 2.77743902
656 1823 3.23302429 0.00323302429 2.77896341
656 1824 3.23301647 0.00323301647 2.7804878
656 1822 3.23302031 0.00323302031 2.77743902
656 1822 3.25111432 0.00325111432 2.77743902
655 1818 3.23282772 0.00323282772 2.77557252
654 1813 3.22900135 0.00322900135 2.77217125
654 1813 3.22908437 0.00322908437 2.77217125
654 1813 3.22912011 0.00322912011 2.77217125
654 1813 3.22881421 0.00322881421 2.77217125
654 1813 3.22881432 0.00322881432 2.77217125
654 1813 3.22895984 0.00322895984 2.77217125
654 1813 3.22900571 0.00322900571 2.77217125
654 1813 3.22910984 0.00322910984 2.77217125
654 1813 3.22909819 0.00322909819 2.77217125
654 1813 3.22881541 0.00322881541 2.77217125
653 1808 3.18824958 0.00318824958 2.76875957
652 1801 3.17651216 0.00317651216 2.76226994
652 1803 3.17205581 0.00317205581 2.76533742
652 1803 3.17198475 0.00317198475 2.76533742
652 1803 3.17195134 0.00317195134 2.76533742
652 1803 3.17193926 0.00317193926 2.76533742
652 1803 3.1719383 0.0031719383 2.76533742
652 1803 3.17193262 0.00317193262 2.76533742
652 1803 3.17192911 0.00317192911 2.76533742
652 1803 3.17192656 0.00317192656 2.76533742
651 1798 3.16820241 0.00316820241 2.76190476
651 1798 3.16814675 0.00316814675 2.76190476
651 1798 3.1681416 0.0031681416 2.76190476
651 1798 3.16813825 0.00316813825 2.76190476
651 1798 3.16813966 0.00316813966 2.76190476
651 1798 3.16814089 0.00316814089 2.76190476
651 1798 3.16814111 0.00316814111 2.76190476
651 1798 3.16814122 0.00316814122 2.76190476
651 1798 3.16814127 0.00316814127 2.76190476
651 1798 3.16814129 0.00316814129 2.76190476
650 1795 3.13187783 0.00313187783 2.76153846
649 1789 3.13191424 0.00313191424 2.75654854
649 1788 3.13366756 0.00313366756 2.7550077
649 1788 3.13370783 0.00313370783 2.7550077
649 1788 3.13367086 0.00313367086 2.7550077
649 1788 3.13367507 0.00313367507 2.7550077
649 1788 3.13367241 0.00313367241 2.7550077
649 1788 3.13367422 0.00313367422 2.7550077
649 1788 3.13366852 0.00313366852 2.7550077
649 1788 3.13367657 0.00313367657 2.7550077
648 1783 3.12989153 0.00312989153 2.75154321
648 1783 3.12988749 0.00312988749 2.75154321
648 1783 3.13360391 0.00313360391 2.75154321
648 1783 3.13360374 0.00313360374 2.75154321
648 1783 3.1298853 0.0031298853 2.75154321
648 1783 3.12988785 0.00312988785 2.75154321
648 1783 3.12988565 0.00312988565 2.75154321
648 1783 3.12988526 0.00312988526 2.75154321
648 1783 3.12988537 0.00312988537 2.75154321
648 1783 3.12988539 0.00312988539 2.75154321
647 1778 3.12981838 0.00312981838 2.74806801
647 1778 3.12975966 0.00312975966 2.74806801
647 1778 3.12991318 0.00312991318 2.74806801
647 1778 3.12976766 0.00312976766 2.74806801
647 1778 3.12991411 0.00312991411 2.74806801
647 1778 3.12976848 0.00312976848 2.74806801
647 1778 3.12991456 0.00312991456 2.74806801
647 1778 3.12976845 0.00312976845 2.74806801
647 1778 3.12991459 0.00312991459 2.74806801
647 1778 3.12976848 0.00312976848 2.74806801
646 1775 3.11750196 0.00311750196 2.74767802
646 1770 3.08722025 0.00308722025 2.73993808
646 1766 3.12985992 0.00312985992 2.73374613
646 1766 3.12990077 0.00312990077 2.73374613
646 1766 3.12977043 0.00312977043 2.73374613
646 1766 3.12991249 0.00312991249 2.73374613
646 1766 3.12976914 0.00312976914 2.73374613
646 1766 3.12991491 0.00312991491 2.73374613
646 1766 3.12976857 0.00312976857 2.73374613
646 1766 3.12991465 0.00312991465 2.73374613
645 1758 3.08725951 0.00308725951 2.7255814
645 1758 3.08724251 0.00308724251 2.7255814
645 1758 3.08738925 0.00308738925 2.7255814
645 1758 3.08731265 0.00308731265 2.7255814
645 1758 3.08732704 0.00308732704 2.7255814
645 1758 3.08733332 0.00308733332 2.7255814
645 1758 3.08732922 0.00308732922 2.7255814
645 1758 3.0873307 0.0030873307 2.7255814
645 1758 3.08733293 0.00308733293 2.7255814
645 1758 3.08733366 0.00308733366 2.7255814
644 1757 3.07917261 0.00307917261 2.72826087
643 1752 3.06727114 0.00306727114 2.72472784
643 1756 3.10951961 0.00310951961 2.73094868
643 1757 3.09731192 0.00309731192 2.73250389
643 1756 3.10958059 0.00310958059 2.73094868
643 1756 3.10940972 0.00310940972 2.73094868
643 1756 3.10956163 0.00310956163 2.73094868
643 1756 3.10942125 0.00310942125 2.73094868
643 1756 3.10955852 0.00310955852 2.73094868
643 1756 3.10942114 0.00310942114 2.73094868
642 1753 3.09729078 0.00309729078 2.7305296
642 1748 3.06720437 0.00306720437 2.72274143
642 1748 3.06714699 0.00306714699 2.72274143
642 1748 3.0673078 0.0030673078 2.72274143
642 1748 3.06720766 0.00306720766 2.72274143
642 1748 3.06738897 0.00306738897 2.72274143
642 1748 3.06735079 0.00306735079 2.72274143
642 1748 3.06719821 0.00306719821 2.72274143
642 1748 3.06696881 0.00306696881 2.72274143
642 1753 3.09732745 0.00309732745 2.7305296
641 1750 3.0900382 0.0030900382 2.7301092
641 1745 3.0546103 0.0030546103 2.72230889
641 1745 3.05463045 0.00305463045 2.72230889
641 1745 3.05484228 0.00305484228 2.72230889
641 1745 3.05462998 0.00305462998 2.72230889
641 1745 3.05436244 0.00305436244 2.72230889
641 1745 3.05464684 0.00305464684 2.72230889
641 1745 3.05464967 0.00305464967 2.72230889
641 1745 3.0546553 0.0030546553 2.72230889
641 1745 3.05459463 0.00305459463 2.72230889
640 1739 3.03480717 0.00303480717 2.7171875
640 1742 3.04717691 0.00304717691 2.721875
640 1742 3.04694835 0.00304694835 2.721875
640 1742 3.04728424 0.00304728424 2.721875
640 1742 3.04712829 0.00304712829 2.721875
640 1739 3.0346899 0.0030346899 2.7171875
640 1739 3.03464748 0.00303464748 2.7171875
640 1739 3.03468697 0.00303468697 2.7171875
640 1739 3.0347074 0.0030347074 2.7171875
640 1739 3.03466319 0.00303466319 2.7171875
639 1736 3.0274256 0.0030274256 2.71674491
639 1736 3.02737855 0.00302737855 2.71674491
639 1736 3.02699951 0.00302699951 2.71674491
639 1736 3.02726527 0.00302726527 2.71674491
639 1736 3.02735157 0.00302735157 2.71674491
639 1736 3.027381 0.003027381 2.71674491
639 1736 3.02739258 0.00302739258 2.71674491
639 1736 3.02700949 0.00302700949 2.71674491
639 1736 3.02726474 0.00302726474 2.71674491
639 1736 3.02735284 0.00302735284 2.71674491
638 1731 3.01918239 0.00301918239 2.71316614
637 1727 3.01925035 0.00301925035 2.711146
637 1727 3.01922645 0.00301922645 2.711146
637 1727 3.01923177 0.00301923177 2.711146
637 1727 3.01923581 0.00301923581 2.711146
637 1727 3.01923168 0.00301923168 2.711146
637 1727 3.01923504 0.00301923504 2.711146
637 1727 3.01923118 0.00301923118 2.711146
637 1727 3.01925636 0.00301925636 2.711146
637 1727 3.01923402 0.00301923402 2.711146
636 1723 3.01334476 0.00301334476 2.7091195
636 1723 3.01313153 0.00301313153 2.7091195
636 1723 3.0127967 0.0030127967 2.7091195
636 1723 3.01377702 0.00301377702 2.7091195
636 1723 3.01326232 0.00301326232 2.7091195
636 1723 3.0134917 0.0030134917 2.7091195
636 1724 2.98076732 0.00298076732 2.71069182
636 1723 3.0126634 0.0030126634 2.7091195
636 1723 3.01380538 0.00301380538 2.7091195
636 1723 2.98300075 0.00298300075 2.7091195
635 1719 2.98266731 0.00298266731 2.70708661
635 1719 2.98266213 0.00298266213 2.70708661
635 1719 2.98266198 0.00298266198 2.70708661
635 1719 2.98262043 0.00298262043 2.70708661
635 1719 2.98263356 0.00298263356 2.70708661
635 1719 2.98266927 0.00298266927 2.70708661
635 1719 2.98266551 0.00298266551 2.70708661
635 1719 2.98265382 0.00298265382 2.70708661
635 1719 2.98264869 0.00298264869 2.70708661
635 1719 2.98264784 0.00298264784 2.70708661
634 1715 2.98264713 0.00298264713 2.70504732
634 1715 2.98262104 0.00298262104 2.70504732
634 1715 2.98262352 0.00298262352 2.70504732
634 1715 2.98264525 0.00298264525 2.70504732
634 1715 2.9826105 0.0029826105 2.70504732
634 1715 2.98262563 0.00298262563 2.70504732
634 1715 2.98264857 0.00298264857 2.70504732
634 1715 2.98261054 0.00298261054 2.70504732
634 1715 2.98262568 0.00298262568 2.70504732
634 1715 2.98264883 0.00298264883 2.70504732
633 1712 2.97538041 0.00297538041 2.70458136
633 1712 2.97536511 0.00297536511 2.70458136
633 1712 2.97547605 0.00297547605 2.70458136
633 1712 2.97536767 0.00297536767 2.70458136
633 1712 2.97547754 0.00297547754 2.70458136
633 1712 2.97538598 0.00297538598 2.70458136
633 1712 2.97548334 0.00297548334 2.70458136
633 1712 2.97539086 0.00297539086 2.70458136
633 1712 2.97548481 0.00297548481 2.70458136
633 1712 2.97539266 0.00297539266 2.70458136
632 1707 2.95826549 0.00295826549 2.70094937
632 1705 2.97420534 0.00297420534 2.69778481
632 1705 2.97413717 0.00297413717 2.69778481
632 1705 2.97425096 0.00297425096 2.69778481
632 1705 2.97412578 0.00297412578 2.69778481
632 1705 2.9742342 0.0029742342 2.69778481
632 1705 2.9741358 0.0029741358 2.69778481
632 1705 2.97423386 0.00297423386 2.69778481
632 1705 2.97413799 0.00297413799 2.69778481
632 1705 2.97423287 0.00297423287 2.69778481
631 1702 2.95683092 0.00295683092 2.69730586
631 1701 2.94071718 0.00294071718 2.69572108
631 1702 2.95695195 0.00295695195 2.69730586
631 1702 2.95689573 0.00295689573 2.69730586
631 1702 2.9568893 0.0029568893 2.69730586
631 1702 2.95689183 0.00295689183 2.69730586
631 1702 2.95689572 0.00295689572 2.69730586
631 1702 2.95689552 0.00295689552 2.69730586
631 1702 2.95689584 0.00295689584 2.69730586
631 1702 2.95689604 0.00295689604 2.69730586
630 1698 2.92438063 0.00292438063 2.6952381
630 1698 2.9243627 0.0029243627 2.6952381
630 1698 2.92431805 0.00292431805 2.6952381
630 1698 2.92426815 0.00292426815 2.6952381
630 1698 2.92428906 0.00292428906 2.6952381
630 1698 2.92432728 0.00292432728 2.6952381
630 1698 2.92433345 0.00292433345 2.6952381
630 1698 2.92431643 0.00292431643 2.6952381
630 1698 2.92431519 0.00292431519 2.6952381
630 1698 2.92432003 0.00292432003 2.6952381
629 1693 2.92432391 0.00292432391 2.69157393
629 1693 2.92429204 0.00292429204 2.69157393
629 1693 2.92428332 0.00292428332 2.69157393
629 1693 2.92427189 0.00292427189 2.69157393
629 1693 2.92426672 0.00292426672 2.69157393
629 1693 2.92426587 0.00292426587 2.69157393
629 1693 2.92426628 0.00292426628 2.69157393
629 1693 2.92426683 0.00292426683 2.69157393
629 1693 2.92426731 0.00292426731 2.69157393
629 1693 2.92426747 0.00292426747 2.69157393
628 1687 2.91953404 0.00291953404 2.68630573
628 1691 2.89106376 0.00289106376 2.69267516
628 1690 2.89119507 0.00289119507 2.6910828
628 1686 2.92448438 0.00292448438 2.68471338
628 1684 2.94175792 0.00294175792 2.68152866
628 1684 2.94158069 0.00294158069 2.68152866
628 1684 2.94170328 0.00294170328 2.68152866
628 1684 2.94154553 0.00294154553 2.68152866
628 1684 2.94164284 0.00294164284 2.68152866
628 1684 2.94153055 0.00294153055 2.68152866
627 1679 2.92501984 0.00292501984 2.67783094
627 1679 2.92491103 0.00292491103 2.67783094
627 1681 2.92446609 0.00292446609 2.68102073
626 1675 2.92433735 0.00292433735 2.67571885
626 1675 2.92435867 0.00292435867 2.67571885
626 1675 2.92438989 0.00292438989 2.67571885
626 1675 2.92439461 0.00292439461 2.67571885
626 1675 2.92447332 0.00292447332 2.67571885
626 1675 2.92439593 0.00292439593 2.67571885
626 1675 2.92448476 0.00292448476 2.67571885
625 1670 2.90782713 0.00290782713 2.672
625 1670 2.92451357 0.00292451357 2.672
625 1670 2.92452371 0.00292452371 2.672
625 1670 2.92444654 0.00292444654 2.672
625 1670 2.92448812 0.00292448812 2.672
625 1670 2.92445029 0.00292445029 2.672
625 1670 2.92448199 0.00292448199 2.672
625 1670 2.92445064 0.00292445064 2.672
625 1670 2.92448235 0.00292448235 2.672
625 1670 2.92445064 0.00292445064 2.672
624 1666 2.89115209 0.00289115209 2.66987179
624 1666 2.89117755 0.00289117755 2.66987179
624 1666 2.89109518 0.00289109518 2.66987179
624 1666 2.89106402 0.00289106402 2.66987179
624 1666 2.89125039 0.00289125039 2.66987179
624 1666 2.89104528 0.00289104528 2.66987179
624 1666 2.89107634 0.00289107634 2.66987179
624 1666 2.89109236 0.00289109236 2.66987179
624 1666 2.89108284 0.00289108284 2.66987179
624 1666 2.89107504 0.00289107504 2.66987179
623 1661 2.87481883 0.00287481883 2.66613162
623 1661 2.8747907 0.0028747907 2.66613162
623 1661 2.87484895 0.00287484895 2.66613162
623 1661 2.87484917 0.00287484917 2.66613162
623 1661 2.87484609 0.00287484609 2.66613162
623 1661 2.87484275 0.00287484275 2.66613162
623 1661 2.87483999 0.00287483999 2.66613162
623 1661 2.87484121 0.00287484121 2.66613162
623 1661 2.87484123 0.00287484123 2.66613162
623 1661 2.87484016 0.00287484016 2.66613162
622 1655 2.87401148 0.00287401148 2.6607717
622 1655 2.87396137 0.00287396137 2.6607717
622 1655 2.87397576 0.00287397576 2.6607717
622 1655 2.87398474 0.00287398474 2.6607717
622 1655 2.87399508 0.00287399508 2.6607717
622 1655 2.87392824 0.00287392824 2.6607717
622 1655 2.87408579 0.00287408579 2.6607717
622 1656 2.83468908 0.00283468908 2.66237942
622 1652 2.83815709 0.00283815709 2.65594855
622 1650 2.852951 0.002852951 2.65273312
621 1644 2.85206378 0.00285206378 2.647343
621 1644 2.85214362 0.00285214362 2.647343
621 1644 2.85220246 0.00285220246 2.647343
621 1644 2.85205522 0.00285205522 2.647343
621 1644 2.85221164 0.00285221164 2.647343
621 1644 2.85221799 0.00285221799 2.647343
621 1644 2.8520561 0.0028520561 2.647343
621 1644 2.85220989 0.00285220989 2.647343
621 1644 2.85221809 0.00285221809 2.647343
621 1644 2.85205616 0.00285205616 2.647343
620 1639 2.8362947 0.0028362947 2.64354839
620 1639 2.83625707 0.00283625707 2.64354839
620 1639 2.83632925 0.00283632925 2.64354839
620 1639 2.81512758 0.00281512758 2.64354839
620 1639 2.81517107 0.00281517107 2.64354839
620 1638 2.83852229 0.00283852229 2.64193548
620 1640 2.84225482 0.00284225482 2.64516129
620 1640 2.84220289 0.00284220289 2.64516129
620 1642 2.8507319 0.0028507319 2.6483871
620 1640 2.84221951 0.00284221951 2.64516129
619 1635 2.8300568 0.0028300568 2.64135703
619 1635 2.8301723 0.0028301723 2.64135703
619 1635 2.83001225 0.00283001225 2.64135703
619 1635 2.83008359 0.00283008359 2.64135703
619 1635 2.83011403 0.00283011403 2.64135703
619 1635 2.83004305 0.00283004305 2.64135703
619 1635 2.83005691 0.00283005691 2.64135703
619 1635 2.83008125 0.00283008125 2.64135703
619 1635 2.83012702 0.00283012702 2.64135703
619 1635 2.83004924 0.00283004924 2.64135703
618 1630 2.81426904 0.00281426904 2.63754045
618 1630 2.8142351 0.0028142351 2.63754045
618 1630 2.81427319 0.00281427319 2.63754045
618 1630 2.81435139 0.00281435139 2.63754045
618 1632 2.81800548 0.00281800548 2.6407767
617 1630 2.8179684 0.0028179684 2.64181524
617 1630 2.81808561 0.00281808561 2.64181524
617 1630 2.81792999 0.00281792999 2.64181524
617 1630 2.81794407 0.00281794407 2.64181524
617 1630 2.81796712 0.00281796712 2.64181524
616 1625 2.80209791 0.00280209791 2.63798701
616 1625 2.80206454 0.00280206454 2.63798701
616 1625 2.80198519 0.00280198519 2.63798701
616 1625 2.80219135 0.00280219135 2.63798701
616 1625 2.80210196 0.00280210196 2.63798701
616 1625 2.80215208 0.00280215208 2.63798701
616 1625 2.80209857 0.00280209857 2.63798701
616 1625 2.80215307 0.00280215307 2.63798701
616 1625 2.8020988 0.0028020988 2.63798701
616 1625 2.80215285 0.00280215285 2.63798701
615 1621 2.76629302 0.00276629302 2.63577236
615 1621 2.76630901 0.00276630901 2.63577236
615 1618 2.74331451 0.00274331451 2.63089431
615 1618 2.73120452 0.00273120452 2.63089431
615 1622 2.77486378 0.00277486378 2.63739837
615 1624 2.76605063 0.00276605063 2.64065041
615 1623 2.72176087 0.00272176087 2.63902439
615 1622 2.73043237 0.00273043237 2.63739837
615 1624 2.75595626 0.00275595626 2.64065041
615 1625 2.72374581 0.00272374581 2.64227642
614 1620 2.71478512 0.00271478512 2.63843648
613 1614 2.71477891 0.00271477891 2.63295269
613 1614 2.71486907 0.00271486907 2.63295269
613 1614 2.71477963 0.00271477963 2.63295269
613 1614 2.71478404 0.00271478404 2.63295269
613 1614 2.71482545 0.00271482545 2.63295269
613 1614 2.7147753 0.0027147753 2.63295269
613 1614 2.71474095 0.00271474095 2.63295269
613 1614 2.71476881 0.00271476881 2.63295269
613 1614 2.71477546 0.00271477546 2.63295269
612 1609 2.70018364 0.00270018364 2.62908497
612 1609 2.70018433 0.00270018433 2.62908497
612 1610 2.68155045 0.00268155045 2.63071895
612 1610 2.68152839 0.00268152839 2.63071895
612 1610 2.681511 0.002681511 2.63071895
612 1610 2.6815778 0.0026815778 2.63071895
612 1610 2.68155042 0.00268155042 2.63071895
612 1610 2.6815728 0.0026815728 2.63071895
612 1610 2.68155784 0.00268155784 2.63071895
612 1610 2.68156964 0.00268156964 2.63071895
611 1605 2.68157469 0.00268157469 2.62684124
611 1605 2.66720607 0.00266720607 2.62684124
611 1605 2.65667214 0.00265667214 2.62684124
611 1605 2.66494917 0.00266494917 2.62684124
611 1605 2.66514125 0.00266514125 2.62684124
611 1605 2.66499541 0.00266499541 2.62684124
611 1605 2.66498895 0.00266498895 2.62684124
611 1605 2.66514293 0.00266514293 2.62684124
611 1605 2.66495991 0.00266495991 2.62684124
611 1605 2.66507194 0.00266507194 2.62684124
610 1600 2.66495217 0.00266495217 2.62295082
610 1600 2.66506675 0.00266506675 2.62295082
610 1600 2.66495691 0.00266495691 2.62295082
610 1600 2.66499194 0.00266499194 2.62295082
610 1600 2.65067655 0.00265067655 2.62295082
610 1600 2.65081676 0.00265081676 2.62295082
610 1600 2.65078608 0.00265078608 2.62295082
610 1600 2.65086435 0.00265086435 2.62295082
610 1600 2.65082765 0.00265082765 2.62295082
610 1600 2.65081944 0.00265081944 2.62295082
609 1595 2.62782515 0.00262782515 2.61904762
609 1595 2.65082698 0.00265082698 2.61904762
609 1595 2.65079966 0.00265079966 2.61904762
609 1595 2.65081096 0.00265081096 2.61904762
609 1595 2.65080889 0.00265080889 2.61904762
609 1595 2.65081049 0.00265081049 2.61904762
609 1595 2.6508107 0.0026508107 2.61904762
609 1595 2.65081083 0.00265081083 2.61904762
609 1595 2.65081091 0.00265081091 2.61904762
609 1595 2.65081097 0.00265081097 2.61904762
608 1590 2.62781423 0.00262781423 2.61513158
608 1590 2.62780203 0.00262780203 2.61513158
608 1590 2.62780073 0.00262780073 2.61513158
608 1590 2.62778065 0.00262778065 2.61513158
608 1590 2.6277954 0.0026277954 2.61513158
608 1590 2.62780337 0.00262780337 2.61513158
608 1590 2.62779517 0.00262779517 2.61513158
608 1590 2.62779974 0.00262779974 2.61513158
608 1590 2.62780306 0.00262780306 2.61513158
608 1590 2.62780132 0.00262780132 2.61513158
607 1586 2.62404724 0.00262404724 2.61285008
607 1588 2.62779045 0.00262779045 2.61614498
607 1588 2.62779656 0.00262779656 2.61614498
607 1588 2.62780275 0.00262780275 2.61614498
607 1588 2.6277987 0.0026277987 2.61614498
607 1588 2.62779811 0.00262779811 2.61614498
607 1588 2.62780007 0.00262780007 2.61614498
607 1588 2.62780065 0.00262780065 2.61614498
607 1588 2.62780078 0.00262780078 2.61614498
607 1588 2.62780049 0.00262780049 2.61614498
606 1584 2.62404495 0.00262404495 2.61386139
606 1584 2.62403737 0.00262403737 2.61386139
606 1584 2.62404025 0.00262404025 2.61386139
606 1584 2.62404234 0.00262404234 2.61386139
606 1584 2.624039 0.002624039 2.61386139
606 1584 2.62403706 0.00262403706 2.61386139
606 1584 2.62403837 0.00262403837 2.61386139
606 1584 2.6240394 0.0026240394 2.61386139
606 1584 2.62403898 0.00262403898 2.61386139
606 1584 2.62403877 0.00262403877 2.61386139
605 1580 2.62403865 0.00262403865 2.61157025
605 1580 2.62403866 0.00262403866 2.61157025
605 1580 2.62403828 0.00262403828 2.61157025
605 1580 2.62403846 0.00262403846 2.61157025
605 1580 2.62403857 0.00262403857 2.61157025
605 1580 2.62403849 0.00262403849 2.61157025
605 1580 2.62403846 0.00262403846 2.61157025
605 1580 2.62403844 0.00262403844 2.61157025
605 1580 2.62403842 0.00262403842 2.61157025
605 1580 2.62403839 0.00262403839 2.61157025
604 1576 2.62403839 0.00262403839 2.60927152
604 1576 2.62403573 0.00262403573 2.60927152
604 1576 2.62402636 0.00262402636 2.60927152
604 1576 2.62403089 0.00262403089 2.60927152
604 1576 2.62403726 0.00262403726 2.60927152
604 1576 2.62404461 0.00262404461 2.60927152
604 1576 2.62405144 0.00262405144 2.60927152
604 1576 2.62405574 0.00262405574 2.60927152
604 1576 2.62405896 0.00262405896 2.60927152
604 1576 2.62406128 0.00262406128 2.60927152
603 1574 2.62132881 0.00262132881 2.61028192
603 1569 2.55200037 0.00255200037 2.60199005
603 1571 2.58996183 0.00258996183 2.6053068
603 1573 2.53772351 0.00253772351 2.60862355
603 1572 2.53582237 0.00253582237 2.60696517
603 1571 2.52033991 0.00252033991 2.6053068
603 1566 2.52019662 0.00252019662 2.59701493
603 1564 2.477993 0.002477993 2.59369818
602 1559 2.45575108 0.00245575108 2.589701
602 1560 2.4970154 0.0024970154 2.59136213
601 1556 2.48506395 0.00248506395 2.5890183
601 1555 2.42721642 0.00242721642 2.58735441
601 1555 2.4274173 0.0024274173 2.58735441
601 1555 2.4274181 0.0024274181 2.58735441
601 1555 2.42732166 0.00242732166 2.58735441
601 1555 2.42727368 0.00242727368 2.58735441
601 1555 2.42724404 0.00242724404 2.58735441
601 1555 2.42721849 0.00242721849 2.58735441
601 1555 2.42719414 0.00242719414 2.58735441
601 1555 2.42717362 0.00242717362 2.58735441
600 1549 2.42703468 0.00242703468 2.58166667
600 1549 2.42701924 0.00242701924 2.58166667
600 1549 2.42700594 0.00242700594 2.58166667
600 1549 2.42699462 0.00242699462 2.58166667
600 1549 2.42698505 0.00242698505 2.58166667
600 1549 2.42697702 0.00242697702 2.58166667
600 1549 2.42697018 0.00242697018 2.58166667
600 1549 2.42696434 0.00242696434 2.58166667
600 1549 2.42695937 0.00242695937 2.58166667
600 1549 2.42695512 0.00242695512 2.58166667
599 1547 2.42682395 0.00242682395 2.58263773
599 1547 2.42682226 0.00242682226 2.58263773
599 1547 2.42682064 0.00242682064 2.58263773
599 1547 2.42681916 0.00242681916 2.58263773
599 1547 2.42681778 0.00242681778 2.58263773
599 1547 2.4268165 0.0024268165 2.58263773
599 1547 2.42681532 0.00242681532 2.58263773
599 1547 2.42681425 0.00242681425 2.58263773
599 1547 2.42681326 0.00242681326 2.58263773
599 1547 2.42681234 0.00242681234 2.58263773
598 1543 2.42681194 0.00242681194 2.58026756
598 1543 2.42681112 0.00242681112 2.58026756
598 1543 2.42681036 0.00242681036 2.58026756
598 1543 2.42680966 0.00242680966 2.58026756
598 1543 2.42680901 0.00242680901 2.58026756
598 1543 2.42680842 0.00242680842 2.58026756
598 1543 2.42680787 0.00242680787 2.58026756
598 1543 2.42680736 0.00242680736 2.58026756
598 1543 2.42680689 0.00242680689 2.58026756
598 1543 2.42680646 0.00242680646 2.58026756
597 1541 2.42680626 0.00242680626 2.58123953
597 1541 2.42684708 0.00242684708 2.58123953
597 1541 2.4268988 0.0024268988 2.58123953
597 1541 2.42688372 0.00242688372 2.58123953
597 1541 2.42689469 0.00242689469 2.58123953
597 1541 2.42689715 0.00242689715 2.58123953
597 1541 2.42689756 0.00242689756 2.58123953
597 1541 2.4268993 0.0024268993 2.58123953
597 1541 2.42690068 0.00242690068 2.58123953
597 1541 2.42690162 0.00242690162 2.58123953
596 1537 2.40722272 0.00240722272 2.57885906
596 1537 2.40711383 0.00240711383 2.57885906
596 1537 2.40718483 0.00240718483 2.57885906
596 1537 2.40711752 0.00240711752 2.57885906
596 1537 2.40711787 0.00240711787 2.57885906
596 1537 2.40711559 0.00240711559 2.57885906
596 1537 2.40713367 0.00240713367 2.57885906
596 1537 2.40712028 0.00240712028 2.57885906
596 1537 2.40711135 0.00240711135 2.57885906
596 1537 2.4071194 0.0024071194 2.57885906
595 1533 2.40299029 0.00240299029 2.57647059
595 1531 2.40711516 0.00240711516 2.57310924
595 1531 2.40710989 0.00240710989 2.57310924
595 1531 2.40711537 0.00240711537 2.57310924
595 1531 2.40711396 0.00240711396 2.57310924
595 1531 2.40711188 0.00240711188 2.57310924
595 1531 2.40711226 0.00240711226 2.57310924
595 1531 2.40711219 0.00240711219 2.57310924
595 1531 2.40711237 0.00240711237 2.57310924
595 1531 2.40711269 0.00240711269 2.57310924
594 1527 2.40298018 0.00240298018 2.57070707
593 1523 2.40298695 0.00240298695 2.5682968
593 1523 2.40298212 0.00240298212 2.5682968
593 1523 2.40298746 0.00240298746 2.5682968
593 1523 2.4029855 0.0024029855 2.5682968
593 1523 2.4029841 0.0024029841 2.5682968
593 1523 2.40298139 0.00240298139 2.5682968
593 1523 2.40297918 0.00240297918 2.5682968
593 1523 2.40297738 0.00240297738 2.5682968
593 1523 2.40297421 0.00240297421 2.5682968
592 1517 2.40183496 0.00240183496 2.5625
592 1517 2.40198571 0.00240198571 2.5625
592 1517 2.40165582 0.00240165582 2.5625
592 1517 2.40204719 0.00240204719 2.5625
592 1517 2.40161053 0.00240161053 2.5625
592 1517 2.40194852 0.00240194852 2.5625
592 1517 2.40190584 0.00240190584 2.5625
592 1517 2.40200186 0.00240200186 2.5625
592 1517 2.401949 0.002401949 2.5625
592 1517 2.40202676 0.00240202676 2.5625
591 1513 2.38578211 0.00238578211 2.56006768
591 1513 2.40181061 0.00240181061 2.56006768
591 1513 2.4020326 0.0024020326 2.56006768
591 1513 2.4015979 0.0024015979 2.56006768
591 1513 2.40194471 0.00240194471 2.56006768
591 1513 2.40205432 0.00240205432 2.56006768
591 1513 2.40180529 0.00240180529 2.56006768
591 1513 2.40203136 0.00240203136 2.56006768
591 1513 2.40159736 0.00240159736 2.56006768
591 1513 2.40194121 0.00240194121 2.56006768
590 1508 2.36943653 0.00236943653 2.5559322
590 1508 2.34157186 0.00234157186 2.5559322
590 1509 2.3287398 0.0023287398 2.55762712
590 1508 2.29884825 0.00229884825 2.5559322
590 1510 2.298744 0.002298744 2.55932203
590 1510 2.29860969 0.00229860969 2.55932203
590 1508 2.31515213 0.00231515213 2.5559322
590 1510 2.29862665 0.00229862665 2.55932203
590 1510 2.2986642 0.0022986642 2.55932203
590 1510 2.29860598 0.00229860598 2.55932203
589 1504 2.29748 0.00229748 2.55348048
589 1504 2.29748244 0.00229748244 2.55348048
589 1503 2.2689334 0.0022689334 2.55178268
588 1499 2.26905061 0.00226905061 2.54931973
588 1500 2.24186105 0.00224186105 2.55102041
588 1500 2.24189483 0.00224189483 2.55102041
588 1500 2.24163863 0.00224163863 2.55102041
588 1500 2.24165125 0.00224165125 2.55102041
588 1500 2.24166817 0.00224166817 2.55102041
588 1500 2.2416694 0.0022416694 2.55102041
587 1494 2.24057689 0.00224057689 2.5451448
587 1494 2.24080112 0.00224080112 2.5451448
587 1494 2.24077594 0.00224077594 2.5451448
587 1494 2.24076957 0.00224076957 2.5451448
587 1494 2.24076745 0.00224076745 2.5451448
587 1494 2.24076894 0.00224076894 2.5451448
587 1494 2.24077046 0.00224077046 2.5451448
587 1494 2.24077165 0.00224077165 2.5451448
587 1494 2.24077264 0.00224077264 2.5451448
587 1494 2.24077344 0.00224077344 2.5451448
586 1489 2.21338547 0.00221338547 2.54095563
586 1489 2.21317952 0.00221317952 2.54095563
586 1489 2.21320153 0.00221320153 2.54095563
586 1489 2.21319552 0.00221319552 2.54095563
586 1489 2.21316778 0.00221316778 2.54095563
586 1489 2.21320052 0.00221320052 2.54095563
586 1489 2.21320828 0.00221320828 2.54095563
586 1489 2.21318958 0.00221318958 2.54095563
586 1489 2.21318457 0.00221318457 2.54095563
586 1489 2.21318951 0.00221318951 2.54095563
585 1485 2.21318683 0.00221318683 2.53846154
585 1485 2.21286498 0.00221286498 2.53846154
585 1485 2.21268806 0.00221268806 2.53846154
585 1485 2.21314492 0.00221314492 2.53846154
585 1485 2.21327463 0.00221327463 2.53846154
585 1485 2.19601141 0.00219601141 2.53846154
585 1483 2.21306139 0.00221306139 2.53504274
585 1483 2.21334543 0.00221334543 2.53504274
585 1483 2.21309714 0.00221309714 2.53504274
585 1483 2.21316458 0.00221316458 2.53504274
584 1479 2.21322344 0.00221322344 2.53253425
584 1479 2.21317507 0.00221317507 2.53253425
584 1479 2.2131765 0.0022131765 2.53253425
584 1479 2.21317591 0.00221317591 2.53253425
584 1479 2.21317995 0.00221317995 2.53253425
584 1479 2.21317991 0.00221317991 2.53253425
584 1479 2.21318079 0.00221318079 2.53253425
584 1479 2.21318078 0.00221318078 2.53253425
584 1479 2.21317984 0.00221317984 2.53253425
584 1479 2.21317965 0.00221317965 2.53253425
583 1475 2.2125042 0.0022125042 2.53001715
583 1475 2.21219168 0.00221219168 2.53001715
583 1475 2.21200243 0.00221200243 2.53001715
583 1475 2.2124423 0.0022124423 2.53001715
583 1475 2.19611218 0.00219611218 2.53001715
583 1475 2.19617755 0.00219617755 2.53001715
583 1475 2.19624803 0.00219624803 2.53001715
583 1475 2.19624495 0.00219624495 2.53001715
583 1475 2.21249502 0.00221249502 2.53001715
583 1475 2.21223652 0.00221223652 2.53001715
582 1467 2.21145871 0.00221145871 2.52061856
582 1471 2.19555015 0.00219555015 2.52749141
582 1471 2.1954037 0.0021954037 2.52749141
582 1468 2.16391892 0.00216391892 2.52233677
582 1470 2.20311914 0.00220311914 2.5257732
582 1467 2.16080685 0.00216080685 2.52061856
582 1467 2.16046154 0.00216046154 2.52061856
582 1468 2.16134087 0.00216134087 2.52233677
582 1469 2.16157242 0.00216157242 2.52405498
581 1464 2.16156029 0.00216156029 2.51979346
580 1459 2.13239119 0.00213239119 2.51551724
580 1460 2.1595277 0.0021595277 2.51724138
580 1460 2.18574866 0.00218574866 2.51724138
580 1459 2.15769307 0.00215769307 2.51551724
580 1456 2.13726035 0.00213726035 2.51034483
580 1456 2.13720342 0.00213720342 2.51034483
580 1456 2.13720161 0.00213720161 2.51034483
580 1456 2.13717189 0.00213717189 2.51034483
580 1456 2.13717084 0.00213717084 2.51034483
580 1456 2.1371485 0.0021371485 2.51034483
579 1452 2.13714006 0.00213714006 2.50777202
579 1452 2.13710835 0.00213710835 2.50777202
579 1452 2.13708361 0.00213708361 2.50777202
579 1452 2.13706245 0.00213706245 2.50777202
579 1452 2.13704367 0.00213704367 2.50777202
579 1452 2.1370263 0.0021370263 2.50777202
579 1452 2.1370101 0.0021370101 2.50777202
579 1452 2.13699531 0.00213699531 2.50777202
579 1452 2.13698188 0.00213698188 2.50777202
579 1452 2.13696974 0.00213696974 2.50777202
578 1448 2.1369641 0.0021369641 2.50519031
578 1448 2.13696079 0.00213696079 2.50519031
578 1448 2.13689015 0.00213689015 2.50519031
578 1449 2.10291714 0.00210291714 2.50692042
578 1448 2.13683693 0.00213683693 2.50519031
578 1448 2.13692931 0.00213692931 2.50519031
578 1448 2.13700237 0.00213700237 2.50519031
578 1448 2.13695456 0.00213695456 2.50519031
578 1448 2.13694349 0.00213694349 2.50519031
578 1448 2.13694038 0.00213694038 2.50519031
577 1445 2.10281449 0.00210281449 2.50433276
576 1441 2.09523669 0.00209523669 2.50173611
576 1437 2.09179481 0.00209179481 2.49479167
576 1439 2.11006068 0.00211006068 2.49826389
575 1433 2.08411668 0.00208411668 2.49217391
575 1434 2.06222174 0.00206222174 2.49391304
575 1436 2.05884339 0.00205884339 2.4973913
574 1433 2.00680065 0.00200680065 2.49651568
574 1435 1.9981268 0.0019981268 2.5
574 1436 1.99595368 0.00199595368 2.50174216
573 1429 1.98206655 0.00198206655 2.4938918
573 1431 2.00709875 0.00200709875 2.4973822
573 1431 1.98196169 0.00198196169 2.4973822
573 1432 1.98300125 0.00198300125 2.4991274
573 1429 1.98198178 0.00198198178 2.4938918
573 1431 1.9819107 0.0019819107 2.4973822
573 1431 1.98189863 0.00198189863 2.4973822
573 1431 1.98189719 0.00198189719 2.4973822
573 1431 1.98189827 0.00198189827 2.4973822
573 1431 1.98190271 0.00198190271 2.4973822
572 1427 1.98189929 0.00198189929 2.49475524
572 1427 1.98190311 0.00198190311 2.49475524
572 1427 1.98173078 0.00198173078 2.49475524
572 1427 1.98182037 0.00198182037 2.49475524
572 1427 1.98189203 0.00198189203 2.49475524
572 1427 1.9819071 0.0019819071 2.49475524
572 1427 1.98179306 0.00198179306 2.49475524
572 1427 1.98176273 0.00198176273 2.49475524
572 1427 1.98196831 0.00198196831 2.49475524
572 1427 1.98171795 0.00198171795 2.49475524
571 1423 1.94358198 0.00194358198 2.49211909
571 1425 1.98191629 0.00198191629 2.49562172
571 1425 1.98176988 0.00198176988 2.49562172
571 1425 1.98179362 0.00198179362 2.49562172
571 1425 1.98188919 0.00198188919 2.49562172
571 1425 1.98181711 0.00198181711 2.49562172
571 1425 1.98170495 0.00198170495 2.49562172
571 1425 1.98177978 0.00198177978 2.49562172
571 1425 1.9818935 0.0019818935 2.49562172
571 1425 1.98181853 0.00198181853 2.49562172
570 1422 1.95542649 0.00195542649 2.49473684
569 1415 1.95275885 0.00195275885 2.48681898
569 1415 1.95273223 0.00195273223 2.48681898
569 1415 1.95272013 0.00195272013 2.48681898
569 1415 1.95255766 0.00195255766 2.48681898
569 1415 1.9525583 0.0019525583 2.48681898
569 1415 1.9527081 0.0019527081 2.48681898
569 1415 1.9526742 0.0019526742 2.48681898
569 1415 1.95260706 0.00195260706 2.48681898
569 1415 1.9525837 0.0019525837 2.48681898
568 1411 1.91556085 0.00191556085 2.48415493
568 1412 1.94395338 0.00194395338 2.48591549
568 1411 1.94396775 0.00194396775 2.48415493
568 1411 1.93158242 0.00193158242 2.48415493
568 1411 1.93170219 0.00193170219 2.48415493
568 1411 1.93172077 0.00193172077 2.48415493
568 1411 1.93168702 0.00193168702 2.48415493
568 1411 1.93169872 0.00193169872 2.48415493
568 1411 1.93170642 0.00193170642 2.48415493
568 1411 1.93171599 0.00193171599 2.48415493
567 1407 1.89594538 0.00189594538 2.48148148
566 1402 1.8872852 0.0018872852 2.4770318
566 1402 1.88714807 0.00188714807 2.4770318
566 1402 1.88724063 0.00188724063 2.4770318
566 1402 1.88724939 0.00188724939 2.4770318
566 1402 1.88725256 0.00188725256 2.4770318
566 1402 1.88721957 0.00188721957 2.4770318
566 1402 1.8872056 0.0018872056 2.4770318
566 1402 1.88719411 0.00188719411 2.4770318
566 1402 1.8871807 0.0018871807 2.4770318
565 1399 1.88717608 0.00188717608 2.47610619
565 1399 1.8871757 0.0018871757 2.47610619
565 1399 1.88704566 0.00188704566 2.47610619
565 1399 1.88718466 0.00188718466 2.47610619
565 1399 1.88701562 0.00188701562 2.47610619
565 1399 1.88695517 0.00188695517 2.47610619
565 1399 1.88712259 0.00188712259 2.47610619
565 1399 1.88645099 0.00188645099 2.47610619
565 1399 1.88641526 0.00188641526 2.47610619
565 1399 1.88637472 0.00188637472 2.47610619
564 1395 1.82881329 0.00182881329 2.47340426
563 1394 1.82922841 0.00182922841 2.47602131
563 1391 1.80401748 0.00180401748 2.47069272
563 1391 1.80411259 0.00180411259 2.47069272
563 1391 1.80398733 0.00180398733 2.47069272
563 1391 1.80398289 0.00180398289 2.47069272
563 1391 1.80398109 0.00180398109 2.47069272
563 1391 1.80396918 0.00180396918 2.47069272
563 1391 1.80396902 0.00180396902 2.47069272
563 1391 1.80396671 0.00180396671 2.47069272
562 1388 1.80396931 0.00180396931 2.46975089
562 1388 1.80386411 0.00180386411 2.46975089
562 1388 1.80385737 0.00180385737 2.46975089
562 1388 1.8038554 0.0018038554 2.46975089
562 1388 1.80385399 0.00180385399 2.46975089
562 1388 1.8038532 0.0018038532 2.46975089
562 1388 1.80385281 0.00180385281 2.46975089
562 1388 1.80385265 0.00180385265 2.46975089
562 1388 1.80385266 0.00180385266 2.46975089
562 1388 1.80385279 0.00180385279 2.46975089
561 1384 1.7899746 0.0017899746 2.46702317
561 1384 1.80399363 0.00180399363 2.46702317
561 1384 1.80385964 0.00180385964 2.46702317
561 1384 1.80385474 0.00180385474 2.46702317
561 1384 1.80385464 0.00180385464 2.46702317
561 1384 1.80385506 0.00180385506 2.46702317
561 1384 1.80385547 0.00180385547 2.46702317
561 1384 1.80385601 0.00180385601 2.46702317
561 1384 1.80385662 0.00180385662 2.46702317
561 1384 1.80385727 0.00180385727 2.46702317
560 1380 1.78994301 0.00178994301 2.46428571
560 1380 1.78986475 0.00178986475 2.46428571
560 1380 1.78993579 0.00178993579 2.46428571
560 1380 1.78993946 0.00178993946 2.46428571
560 1380 1.78993638 0.00178993638 2.46428571
560 1380 1.7899376 0.0017899376 2.46428571
560 1380 1.7899317 0.0017899317 2.46428571
560 1380 1.7899286 0.0017899286 2.46428571
560 1380 1.78992558 0.00178992558 2.46428571
560 1380 1.78992219 0.00178992219 2.46428571
559 1372 1.78054266 0.00178054266 2.45438283
559 1372 1.78044428 0.00178044428 2.45438283
559 1372 1.78049888 0.00178049888 2.45438283
559 1372 1.78047389 0.00178047389 2.45438283
559 1372 1.78047881 0.00178047881 2.45438283
559 1372 1.78047774 0.00178047774 2.45438283
559 1372 1.78047162 0.00178047162 2.45438283
559 1372 1.78047025 0.00178047025 2.45438283
559 1372 1.78046889 0.00178046889 2.45438283
559 1372 1.78046684 0.00178046684 2.45438283
558 1368 1.78046588 0.00178046588 2.4516129
558 1368 1.78046013 0.00178046013 2.4516129
558 1368 1.78044895 0.00178044895 2.4516129
558 1368 1.7804389 0.0017804389 2.4516129
558 1368 1.78042968 0.00178042968 2.4516129
558 1368 1.78042018 0.00178042018 2.4516129
558 1368 1.78041054 0.00178041054 2.4516129
558 1368 1.78040283 0.00178040283 2.4516129
558 1368 1.78039772 0.00178039772 2.4516129
558 1368 1.78038976 0.00178038976 2.4516129
557 1363 1.77884681 0.00177884681 2.4470377
557 1363 1.77883846 0.00177883846 2.4470377
557 1363 1.77882907 0.00177882907 2.4470377
557 1363 1.77882055 0.00177882055 2.4470377
557 1363 1.77881229 0.00177881229 2.4470377
557 1363 1.77880326 0.00177880326 2.4470377
557 1363 1.77879395 0.00177879395 2.4470377
557 1363 1.77878454 0.00177878454 2.4470377
557 1363 1.77877492 0.00177877492 2.4470377
557 1363 1.77876499 0.00177876499 2.4470377
556 1361 1.7764009 0.0017764009 2.44784173
556 1361 1.77639301 0.00177639301 2.44784173
556 1361 1.77638724 0.00177638724 2.44784173
556 1361 1.7763839 0.0017763839 2.44784173
556 1361 1.77637762 0.00177637762 2.44784173
556 1361 1.77637299 0.00177637299 2.44784173
556 1361 1.77636764 0.00177636764 2.44784173
556 1361 1.77636237 0.00177636237 2.44784173
556 1361 1.77635702 0.00177635702 2.44784173
556 1361 1.77635176 0.00177635176 2.44784173
555 1357 1.77634909 0.00177634909 2.44504505
555 1357 1.77660754 0.00177660754 2.44504505
555 1357 1.7765971 0.0017765971 2.44504505
555 1357 1.77650153 0.00177650153 2.44504505
555 1357 1.77637771 0.00177637771 2.44504505
555 1357 1.77621718 0.00177621718 2.44504505
555 1357 1.7759981 0.0017759981 2.44504505
555 1357 1.77568016 0.00177568016 2.44504505
555 1357 1.77518244 0.00177518244 2.44504505
555 1357 1.77432381 0.00177432381 2.44504505
554 1353 1.71144263 0.00171144263 2.44223827
554 1352 1.77242569 0.00177242569 2.44043321
554 1352 1.76834245 0.00176834245 2.44043321
554 1352 1.75687369 0.00175687369 2.44043321
554 1352 1.74856883 0.00174856883 2.44043321
554 1352 1.7338539 0.0017338539 2.44043321
554 1352 1.7060494 0.0017060494 2.44043321
554 1352 1.6474697 0.0016474697 2.44043321
554 1352 3.7897907e-11 3.7897907e-14 2.44043321
554 1352 -5.55111512e-14 -5.55111512e-17 2.44043321
553 1349 0 0 2.43942134
allocating memory...
allocating memory...
allocating memory...
allocating memory...
allocating memory...
allocating memory...
allocating memory...
allocating memory...
allocating memory...
allocating memory...
walksat version 35
command line = test -solcnf -cutoff 100000000 -best -seed 1234567 -numsol 10 ./residualformula_seed16.cnf
seed = 1234567
cutoff = 100000000
tries = 10
heuristic = best, noise 50 / 100
tail starts after flip = 3000
numatom = 1000, numclause = 1349, numliterals = 3414
wff read in

    lowest     final       avg     noise     noise     total                 avg        mean        mean
    #unsat    #unsat     noise   std dev     ratio     flips              length       flips       flips
      this      this      this      this      this      this   success   success       until         std
       try       try       try       try       try       try      rate     tries      assign         dev

         0         0      3.45      2.06      1.68     17842       100     17842    17842.00
         0         0      3.63      1.91      1.90     18387       100     18114    18114.50      385.37
         0         0      2.74      1.79      1.53     10184       100     15471    15471.00     4586.78
         0         0      3.47      2.03      1.71     58121       100     26133    26133.50    21651.36
         0         0      3.00      1.73      1.74     71728       100     35252    35252.40    27701.22
         0         0      2.12      1.55      1.37     10052       100     31052    31052.33    26827.77
         0         0      3.21      1.77      1.81     35135       100     31635    31635.57    24538.86
         0         0      1.66      0.90      1.85      3462       100     28113    28113.88    24806.29
         0         0      3.26      1.65      1.97     10414       100     26147    26147.22    23942.49
         0         0      3.87      1.95      1.99     41922       100     27724    27724.70    23117.82

total elapsed seconds = 0.000000
average flips per second = -9223372036854775808
number solutions found = 10
final success rate = 100.000000
average length successful tries = 27724
mean flips until assign = 27724.700000
  variance = 534433462.900000
  standard deviation = 23117.817001
  standard error of mean = 7310.495625
mean seconds until assign = 0.000000
  variance = 0.000000
  standard deviation = 0.000000
  standard error of mean = 0.000000
mean restarts until assign = 1.000000
  variance = 0.000000
  standard deviation = 0.000000
  standard error of mean = 0.000000
final noise level statistics
    statistics over all runs:
      overall mean average noise level = 3.040519
      overall mean noise std deviation = 1.732674
      overall ratio mean noise to mean std dev = 1.754813
    statistics on successful runs:
      successful mean average noise level = 3.040519
      successful mean noise std deviation = 1.732674
      successful ratio mean noise to mean std dev = 1.754813
    statistics on nonsuccessful runs:
      nonsuccessful mean average noise level = 0.000000
      nonsuccessful mean noise std deviation = 0.000000
      nonsuccessful ratio mean noise to mean std dev = 0.000000
ASSIGNMENT FOUND
Check and white a solution
time of whitening    freezing probability
12	 	 	 	1
11	 	 	 	1
14	 	 	 	1
11	 	 	 	1
16	 	 	 	1
12	 	 	 	1
13	 	 	 	1
11	 	 	 	1
14	 	 	 	1
11	 	 	 	1
