START ALGORITHM:
I am going to build an instance with N: 1000 variables and 4200 clauses with a clause density equal to 4.2
START DYNAMIC-I BSP WITH r=0.9:
Decimation scorer: cert
END UNIT PROPAGATION
1000 4200 10.4049669 0.0104049669 4.2
1000 4200 10.4046933 0.0104046933 4.2
1000 4200 10.4050641 0.0104050641 4.2
1000 4200 10.4049215 0.0104049215 4.2
1000 4200 10.4049274 0.0104049274 4.2
1000 4200 10.404867 0.010404867 4.2
1000 4200 10.4049048 0.0104049048 4.2
1000 4200 10.4048642 0.0104048642 4.2
1000 4200 10.4049053 0.0104049053 4.2
999 4191 10.4048917 0.0104048917 4.1951952
999 4191 10.4048916 0.0104048916 4.1951952
999 4191 10.4048987 0.0104048987 4.1951952
999 4191 10.4049023 0.0104049023 4.1951952
999 4191 10.4049035 0.0104049035 4.1951952
999 4191 10.4049039 0.0104049039 4.1951952
999 4191 10.4049045 0.0104049045 4.1951952
999 4191 10.4049038 0.0104049038 4.1951952
999 4191 10.4049046 0.0104049046 4.1951952
999 4191 10.4049044 0.0104049044 4.1951952
998 4179 10.4049046 0.0104049046 4.18737475
998 4179 10.4049044 0.0104049044 4.18737475
998 4179 10.4049045 0.0104049045 4.18737475
998 4179 10.4049044 0.0104049044 4.18737475
998 4179 10.4049044 0.0104049044 4.18737475
998 4179 10.4049043 0.0104049043 4.18737475
998 4179 10.4049043 0.0104049043 4.18737475
998 4179 10.4049043 0.0104049043 4.18737475
998 4179 10.4049043 0.0104049043 4.18737475
998 4179 10.4049043 0.0104049043 4.18737475
997 4170 10.4049043 0.0104049043 4.18254764
997 4168 10.4049043 0.0104049043 4.18054162
997 4168 10.4049043 0.0104049043 4.18054162
997 4168 10.4049043 0.0104049043 4.18054162
997 4168 10.4049043 0.0104049043 4.18054162
997 4168 10.4049043 0.0104049043 4.18054162
997 4168 10.4049043 0.0104049043 4.18054162
997 4168 10.4049043 0.0104049043 4.18054162
997 4168 10.4049043 0.0104049043 4.18054162
997 4168 10.4049043 0.0104049043 4.18054162
996 4162 10.4049043 0.0104049043 4.17871486
996 4163 10.4049043 0.0104049043 4.17971888
996 4163 10.4049043 0.0104049043 4.17971888
996 4163 10.4049043 0.0104049043 4.17971888
996 4163 10.4049043 0.0104049043 4.17971888
996 4163 10.4049043 0.0104049043 4.17971888
996 4163 10.4049043 0.0104049043 4.17971888
996 4163 10.4049043 0.0104049043 4.17971888
996 4163 10.4049043 0.0104049043 4.17971888
996 4163 10.4049043 0.0104049043 4.17971888
995 4154 10.4049043 0.0104049043 4.17487437
995 4154 10.4049043 0.0104049043 4.17487437
995 4154 10.4049043 0.0104049043 4.17487437
995 4154 10.4049043 0.0104049043 4.17487437
995 4154 10.4049043 0.0104049043 4.17487437
995 4154 10.4049043 0.0104049043 4.17487437
995 4154 10.4049043 0.0104049043 4.17487437
995 4154 10.4049043 0.0104049043 4.17487437
995 4154 10.4049043 0.0104049043 4.17487437
995 4154 10.4049043 0.0104049043 4.17487437
994 4148 10.4049043 0.0104049043 4.17303823
994 4145 10.4049043 0.0104049043 4.17002012
994 4145 10.4049043 0.0104049043 4.17002012
994 4145 10.4049043 0.0104049043 4.17002012
994 4145 10.4049043 0.0104049043 4.17002012
994 4145 10.4049043 0.0104049043 4.17002012
994 4145 10.4049043 0.0104049043 4.17002012
994 4145 10.4049043 0.0104049043 4.17002012
994 4145 10.4049043 0.0104049043 4.17002012
994 4145 10.4049043 0.0104049043 4.17002012
993 4139 10.4049043 0.0104049043 4.16817724
993 4139 10.4049066 0.0104049066 4.16817724
993 4139 10.4049062 0.0104049062 4.16817724
993 4139 10.4049048 0.0104049048 4.16817724
993 4139 10.4049035 0.0104049035 4.16817724
993 4139 10.404903 0.010404903 4.16817724
993 4139 10.4049029 0.0104049029 4.16817724
993 4139 10.4049029 0.0104049029 4.16817724
993 4139 10.4049029 0.0104049029 4.16817724
993 4139 10.4049029 0.0104049029 4.16817724
992 4129 10.4034486 0.0104034486 4.16229839
992 4129 10.40345 0.01040345 4.16229839
992 4129 10.4034517 0.0104034517 4.16229839
992 4129 10.4034517 0.0104034517 4.16229839
992 4129 10.4034515 0.0104034515 4.16229839
992 4129 10.4034511 0.0104034511 4.16229839
992 4129 10.4034506 0.0104034506 4.16229839
992 4129 10.4034503 0.0104034503 4.16229839
992 4129 10.4034502 0.0104034502 4.16229839
992 4129 10.4034502 0.0104034502 4.16229839
991 4121 10.4015514 0.0104015514 4.15842583
991 4121 10.4015518 0.0104015518 4.15842583
991 4121 10.4015508 0.0104015508 4.15842583
991 4121 10.4015528 0.0104015528 4.15842583
991 4121 10.4015472 0.0104015472 4.15842583
991 4121 10.4015462 0.0104015462 4.15842583
991 4121 10.4015432 0.0104015432 4.15842583
991 4121 10.4015434 0.0104015434 4.15842583
991 4121 10.4015547 0.0104015547 4.15842583
991 4121 10.4015501 0.0104015501 4.15842583
990 4111 10.3992537 0.0103992537 4.15252525
990 4111 10.3992588 0.0103992588 4.15252525
990 4111 10.3992645 0.0103992645 4.15252525
990 4111 10.3992668 0.0103992668 4.15252525
990 4111 10.3992478 0.0103992478 4.15252525
990 4111 10.3992645 0.0103992645 4.15252525
990 4111 10.3992472 0.0103992472 4.15252525
990 4111 10.3992597 0.0103992597 4.15252525
990 4111 10.3992663 0.0103992663 4.15252525
990 4111 10.3992678 0.0103992678 4.15252525
989 4101 10.3963485 0.0103963485 4.14661274
989 4101 10.3963386 0.0103963386 4.14661274
989 4101 10.3963378 0.0103963378 4.14661274
989 4101 10.3963417 0.0103963417 4.14661274
989 4101 10.3963432 0.0103963432 4.14661274
989 4101 10.3963435 0.0103963435 4.14661274
989 4101 10.3963425 0.0103963425 4.14661274
989 4101 10.3963423 0.0103963423 4.14661274
989 4101 10.3963424 0.0103963424 4.14661274
989 4101 10.3963426 0.0103963426 4.14661274
988 4090 10.3934113 0.0103934113 4.13967611
988 4090 10.3934068 0.0103934068 4.13967611
988 4090 10.3934055 0.0103934055 4.13967611
988 4090 10.3934078 0.0103934078 4.13967611
988 4090 10.3934081 0.0103934081 4.13967611
988 4090 10.3934079 0.0103934079 4.13967611
988 4090 10.3934083 0.0103934083 4.13967611
988 4090 10.3934085 0.0103934085 4.13967611
988 4090 10.3934085 0.0103934085 4.13967611
988 4090 10.3934086 0.0103934086 4.13967611
987 4083 10.3902812 0.0103902812 4.13677812
987 4083 10.3902853 0.0103902853 4.13677812
987 4083 10.3902805 0.0103902805 4.13677812
987 4083 10.3902809 0.0103902809 4.13677812
987 4083 10.3902787 0.0103902787 4.13677812
987 4083 10.3902781 0.0103902781 4.13677812
987 4083 10.3902775 0.0103902775 4.13677812
987 4083 10.3902774 0.0103902774 4.13677812
987 4083 10.390277 0.010390277 4.13677812
987 4083 10.3902766 0.0103902766 4.13677812
986 4075 10.3871283 0.0103871283 4.13286004
986 4075 10.3871273 0.0103871273 4.13286004
986 4075 10.3871227 0.0103871227 4.13286004
986 4075 10.3871177 0.0103871177 4.13286004
986 4075 10.3871136 0.0103871136 4.13286004
986 4075 10.3871119 0.0103871119 4.13286004
986 4075 10.3871103 0.0103871103 4.13286004
986 4075 10.3871094 0.0103871094 4.13286004
986 4075 10.3871091 0.0103871091 4.13286004
986 4075 10.3871089 0.0103871089 4.13286004
985 4070 10.383797 0.010383797 4.1319797
985 4070 10.3838061 0.0103838061 4.1319797
985 4070 10.3838133 0.0103838133 4.1319797
985 4070 10.3838136 0.0103838136 4.1319797
985 4070 10.3838123 0.0103838123 4.1319797
985 4070 10.3838087 0.0103838087 4.1319797
985 4070 10.3838063 0.0103838063 4.1319797
985 4070 10.3838048 0.0103838048 4.1319797
985 4070 10.3838041 0.0103838041 4.1319797
985 4070 10.3838042 0.0103838042 4.1319797
984 4061 10.3803566 0.0103803566 4.12703252
984 4061 10.3803706 0.0103803706 4.12703252
984 4061 10.3803717 0.0103803717 4.12703252
984 4061 10.3803791 0.0103803791 4.12703252
984 4061 10.3803852 0.0103803852 4.12703252
984 4061 10.3803856 0.0103803856 4.12703252
984 4061 10.3803853 0.0103803853 4.12703252
984 4061 10.3803852 0.0103803852 4.12703252
984 4061 10.3803854 0.0103803854 4.12703252
984 4061 10.3803855 0.0103803855 4.12703252
983 4054 10.3764724 0.0103764724 4.12410987
983 4054 10.3764645 0.0103764645 4.12410987
983 4054 10.3764558 0.0103764558 4.12410987
983 4054 10.3764549 0.0103764549 4.12410987
983 4054 10.3764545 0.0103764545 4.12410987
983 4054 10.3764546 0.0103764546 4.12410987
983 4054 10.3764548 0.0103764548 4.12410987
983 4054 10.3764555 0.0103764555 4.12410987
983 4054 10.3764561 0.0103764561 4.12410987
983 4054 10.3764561 0.0103764561 4.12410987
982 4044 10.3725788 0.0103725788 4.11812627
982 4044 10.372587 0.010372587 4.11812627
982 4044 10.3725871 0.0103725871 4.11812627
982 4044 10.3725973 0.0103725973 4.11812627
982 4044 10.3726002 0.0103726002 4.11812627
982 4044 10.372599 0.010372599 4.11812627
982 4044 10.3725964 0.0103725964 4.11812627
982 4044 10.3725996 0.0103725996 4.11812627
982 4044 10.3726007 0.0103726007 4.11812627
982 4044 10.3725987 0.0103725987 4.11812627
981 4033 10.3684359 0.0103684359 4.11111111
981 4033 10.3684343 0.0103684343 4.11111111
981 4033 10.3684226 0.0103684226 4.11111111
981 4033 10.3684251 0.0103684251 4.11111111
981 4033 10.3684238 0.0103684238 4.11111111
981 4033 10.3684235 0.0103684235 4.11111111
981 4033 10.3684241 0.0103684241 4.11111111
981 4033 10.3684239 0.0103684239 4.11111111
981 4033 10.3684239 0.0103684239 4.11111111
981 4033 10.3684238 0.0103684238 4.11111111
980 4025 10.3626217 0.0103626217 4.10714286
980 4025 10.3626243 0.0103626243 4.10714286
980 4025 10.3626334 0.0103626334 4.10714286
980 4025 10.362638 0.010362638 4.10714286
980 4025 10.362638 0.010362638 4.10714286
980 4025 10.3626379 0.0103626379 4.10714286
980 4025 10.3626381 0.0103626381 4.10714286
980 4025 10.3626383 0.0103626383 4.10714286
980 4025 10.3626387 0.0103626387 4.10714286
980 4025 10.3626389 0.0103626389 4.10714286
979 4016 10.3567844 0.0103567844 4.10214505
979 4016 10.3567608 0.0103567608 4.10214505
979 4016 10.3567725 0.0103567725 4.10214505
979 4016 10.3567766 0.0103567766 4.10214505
979 4016 10.3567757 0.0103567757 4.10214505
979 4016 10.3567762 0.0103567762 4.10214505
979 4016 10.3567772 0.0103567772 4.10214505
979 4016 10.3567756 0.0103567756 4.10214505
979 4016 10.3567676 0.0103567676 4.10214505
979 4016 10.3567654 0.0103567654 4.10214505
978 4004 10.3504965 0.0103504965 4.09406953
978 4004 10.350479 0.010350479 4.09406953
978 4004 10.3504944 0.0103504944 4.09406953
978 4004 10.3505095 0.0103505095 4.09406953
978 4004 10.3504956 0.0103504956 4.09406953
978 4004 10.350485 0.010350485 4.09406953
978 4004 10.3504862 0.0103504862 4.09406953
978 4004 10.3504926 0.0103504926 4.09406953
978 4004 10.350493 0.010350493 4.09406953
978 4004 10.3504949 0.0103504949 4.09406953
977 3992 10.3440324 0.0103440324 4.08597748
977 3992 10.3440398 0.0103440398 4.08597748
977 3992 10.3440394 0.0103440394 4.08597748
977 3992 10.3440167 0.0103440167 4.08597748
977 3992 10.3440317 0.0103440317 4.08597748
977 3992 10.3440111 0.0103440111 4.08597748
977 3992 10.3440292 0.0103440292 4.08597748
977 3992 10.3440099 0.0103440099 4.08597748
977 3992 10.3440288 0.0103440288 4.08597748
977 3992 10.3440099 0.0103440099 4.08597748
976 3988 10.3373628 0.0103373628 4.08606557
976 3987 10.3373787 0.0103373787 4.08504098
976 3988 10.3373851 0.0103373851 4.08606557
976 3987 10.3373829 0.0103373829 4.08504098
976 3987 10.337412 0.010337412 4.08504098
976 3987 10.3373723 0.0103373723 4.08504098
976 3987 10.3373949 0.0103373949 4.08504098
976 3987 10.3373799 0.0103373799 4.08504098
976 3987 10.3373937 0.0103373937 4.08504098
976 3987 10.3373777 0.0103373777 4.08504098
975 3983 10.3307645 0.0103307645 4.08512821
975 3983 10.3307666 0.0103307666 4.08512821
975 3983 10.3307196 0.0103307196 4.08512821
975 3983 10.3307221 0.0103307221 4.08512821
975 3979 10.3306837 0.0103306837 4.08102564
975 3983 10.3307612 0.0103307612 4.08512821
975 3979 10.3306831 0.0103306831 4.08102564
975 3983 10.3307606 0.0103307606 4.08512821
975 3979 10.3306782 0.0103306782 4.08102564
975 3983 10.3307558 0.0103307558 4.08512821
974 3975 10.3241543 0.0103241543 4.08110883
974 3975 10.3241122 0.0103241122 4.08110883
974 3975 10.3241238 0.0103241238 4.08110883
974 3975 10.3241295 0.0103241295 4.08110883
974 3975 10.3241383 0.0103241383 4.08110883
974 3975 10.3241392 0.0103241392 4.08110883
974 3975 10.3241362 0.0103241362 4.08110883
974 3975 10.3241322 0.0103241322 4.08110883
974 3975 10.3241286 0.0103241286 4.08110883
974 3975 10.3241275 0.0103241275 4.08110883
973 3967 10.3172309 0.0103172309 4.07708119
973 3967 10.3172792 0.0103172792 4.07708119
973 3967 10.317247 0.010317247 4.07708119
973 3967 10.317245 0.010317245 4.07708119
973 3967 10.3172496 0.0103172496 4.07708119
973 3967 10.3172514 0.0103172514 4.07708119
973 3967 10.3172523 0.0103172523 4.07708119
973 3967 10.3172521 0.0103172521 4.07708119
973 3967 10.3172522 0.0103172522 4.07708119
973 3967 10.3172524 0.0103172524 4.07708119
972 3961 10.3102672 0.0103102672 4.07510288
972 3961 10.3102485 0.0103102485 4.07510288
972 3961 10.310259 0.010310259 4.07510288
972 3961 10.310247 0.010310247 4.07510288
972 3961 10.3102411 0.0103102411 4.07510288
972 3961 10.3102426 0.0103102426 4.07510288
972 3961 10.3102489 0.0103102489 4.07510288
972 3961 10.3102497 0.0103102497 4.07510288
972 3961 10.3102479 0.0103102479 4.07510288
972 3961 10.3102487 0.0103102487 4.07510288
971 3950 10.3023124 0.0103023124 4.06797116
971 3950 10.3023472 0.0103023472 4.06797116
971 3950 10.3023359 0.0103023359 4.06797116
971 3950 10.3023509 0.0103023509 4.06797116
971 3950 10.3023419 0.0103023419 4.06797116
971 3950 10.3023463 0.0103023463 4.06797116
971 3950 10.302335 0.010302335 4.06797116
971 3950 10.3023449 0.0103023449 4.06797116
971 3950 10.3023362 0.0103023362 4.06797116
971 3950 10.3023446 0.0103023446 4.06797116
970 3946 10.2939823 0.0102939823 4.06804124
970 3949 10.2987789 0.0102987789 4.07113402
970 3949 10.2987803 0.0102987803 4.07113402
970 3949 10.2987669 0.0102987669 4.07113402
970 3949 10.29874 0.01029874 4.07113402
970 3949 10.298736 0.010298736 4.07113402
970 3949 10.298744 0.010298744 4.07113402
970 3949 10.2987454 0.0102987454 4.07113402
970 3949 10.2987443 0.0102987443 4.07113402
970 3949 10.2987448 0.0102987448 4.07113402
969 3938 10.2908932 0.0102908932 4.06398349
969 3938 10.2909272 0.0102909272 4.06398349
969 3938 10.2909259 0.0102909259 4.06398349
969 3938 10.2909016 0.0102909016 4.06398349
969 3938 10.2908822 0.0102908822 4.06398349
969 3938 10.2908714 0.0102908714 4.06398349
969 3938 10.2908674 0.0102908674 4.06398349
969 3938 10.2908626 0.0102908626 4.06398349
969 3938 10.2908595 0.0102908595 4.06398349
969 3938 10.2908592 0.0102908592 4.06398349
968 3927 10.2828305 0.0102828305 4.05681818
968 3927 10.2828628 0.0102828628 4.05681818
968 3927 10.2828888 0.0102828888 4.05681818
968 3927 10.2829107 0.0102829107 4.05681818
968 3927 10.2829036 0.0102829036 4.05681818
968 3927 10.2828942 0.0102828942 4.05681818
968 3927 10.2828879 0.0102828879 4.05681818
968 3927 10.2828856 0.0102828856 4.05681818
968 3927 10.2828846 0.0102828846 4.05681818
968 3927 10.2828846 0.0102828846 4.05681818
967 3921 10.274601 0.010274601 4.05480869
967 3921 10.2745637 0.0102745637 4.05480869
967 3921 10.2745756 0.0102745756 4.05480869
967 3921 10.2745535 0.0102745535 4.05480869
967 3921 10.2745471 0.0102745471 4.05480869
967 3921 10.2745472 0.0102745472 4.05480869
967 3921 10.2745449 0.0102745449 4.05480869
967 3921 10.2745434 0.0102745434 4.05480869
967 3921 10.2745417 0.0102745417 4.05480869
967 3921 10.2745418 0.0102745418 4.05480869
966 3912 10.266124 0.010266124 4.04968944
966 3912 10.2661224 0.0102661224 4.04968944
966 3912 10.2661625 0.0102661625 4.04968944
966 3912 10.2661623 0.0102661623 4.04968944
966 3912 10.266155 0.010266155 4.04968944
966 3912 10.2661542 0.0102661542 4.04968944
966 3912 10.2661508 0.0102661508 4.04968944
966 3912 10.26615 0.01026615 4.04968944
966 3912 10.2661506 0.0102661506 4.04968944
966 3912 10.2661499 0.0102661499 4.04968944
965 3906 10.2564427 0.0102564427 4.04766839
965 3906 10.2564929 0.0102564929 4.04766839
965 3906 10.2565045 0.0102565045 4.04766839
965 3906 10.2565113 0.0102565113 4.04766839
965 3906 10.2565107 0.0102565107 4.04766839
965 3906 10.2565079 0.0102565079 4.04766839
965 3906 10.2565077 0.0102565077 4.04766839
965 3906 10.2565079 0.0102565079 4.04766839
965 3906 10.2565078 0.0102565078 4.04766839
965 3906 10.2565079 0.0102565079 4.04766839
964 3902 10.246221 0.010246221 4.04771784
964 3902 10.2462368 0.0102462368 4.04771784
964 3902 10.2462279 0.0102462279 4.04771784
964 3902 10.2462401 0.0102462401 4.04771784
964 3902 10.2462398 0.0102462398 4.04771784
964 3902 10.2462397 0.0102462397 4.04771784
964 3902 10.2462398 0.0102462398 4.04771784
964 3902 10.2462397 0.0102462397 4.04771784
964 3902 10.2462396 0.0102462396 4.04771784
964 3902 10.2462395 0.0102462395 4.04771784
963 3896 10.234993 0.010234993 4.04569055
963 3892 10.2397355 0.0102397355 4.04153686
963 3892 10.2397759 0.0102397759 4.04153686
963 3892 10.2397869 0.0102397869 4.04153686
963 3892 10.2397929 0.0102397929 4.04153686
963 3892 10.2397909 0.0102397909 4.04153686
963 3892 10.2397888 0.0102397888 4.04153686
963 3892 10.239788 0.010239788 4.04153686
963 3892 10.2397877 0.0102397877 4.04153686
963 3892 10.2397876 0.0102397876 4.04153686
962 3888 10.2294307 0.0102294307 4.04158004
962 3888 10.2293961 0.0102293961 4.04158004
962 3888 10.2293474 0.0102293474 4.04158004
962 3888 10.2293464 0.0102293464 4.04158004
962 3888 10.2293386 0.0102293386 4.04158004
962 3888 10.2293313 0.0102293313 4.04158004
962 3888 10.2293277 0.0102293277 4.04158004
962 3888 10.2293273 0.0102293273 4.04158004
962 3888 10.2293265 0.0102293265 4.04158004
962 3888 10.2293261 0.0102293261 4.04158004
961 3879 10.218043 0.010218043 4.0364204
961 3877 10.2205158 0.0102205158 4.03433923
961 3877 10.2205432 0.0102205432 4.03433923
961 3877 10.2205377 0.0102205377 4.03433923
961 3877 10.2205459 0.0102205459 4.03433923
961 3877 10.2205406 0.0102205406 4.03433923
961 3877 10.2205391 0.0102205391 4.03433923
961 3877 10.2205385 0.0102205385 4.03433923
961 3877 10.2205381 0.0102205381 4.03433923
961 3877 10.2205381 0.0102205381 4.03433923
960 3873 10.2100735 0.0102100735 4.034375
960 3873 10.210018 0.010210018 4.034375
960 3873 10.2100222 0.0102100222 4.034375
960 3873 10.21005 0.01021005 4.034375
960 3873 10.2100332 0.0102100332 4.034375
960 3873 10.2100205 0.0102100205 4.034375
960 3873 10.2100152 0.0102100152 4.034375
960 3873 10.2100192 0.0102100192 4.034375
960 3873 10.2100111 0.0102100111 4.034375
960 3873 10.2100088 0.0102100088 4.034375
959 3867 10.1989969 0.0101989969 4.03232534
959 3867 10.1989761 0.0101989761 4.03232534
959 3867 10.1989984 0.0101989984 4.03232534
959 3867 10.1990105 0.0101990105 4.03232534
959 3867 10.1990119 0.0101990119 4.03232534
959 3867 10.1990153 0.0101990153 4.03232534
959 3867 10.1990139 0.0101990139 4.03232534
959 3867 10.1990135 0.0101990135 4.03232534
959 3867 10.1990135 0.0101990135 4.03232534
959 3867 10.1990133 0.0101990133 4.03232534
958 3860 10.1878324 0.0101878324 4.02922756
958 3860 10.1878352 0.0101878352 4.02922756
958 3860 10.1878622 0.0101878622 4.02922756
958 3860 10.1878636 0.0101878636 4.02922756
958 3860 10.1878647 0.0101878647 4.02922756
958 3860 10.1878637 0.0101878637 4.02922756
958 3860 10.1878632 0.0101878632 4.02922756
958 3860 10.1878635 0.0101878635 4.02922756
958 3860 10.1878636 0.0101878636 4.02922756
958 3860 10.1878636 0.0101878636 4.02922756
957 3855 10.1764932 0.0101764932 4.02821317
957 3854 10.1772117 0.0101772117 4.02716823
957 3852 10.1773072 0.0101773072 4.02507837
957 3856 10.1782823 0.0101782823 4.0292581
957 3852 10.1785342 0.0101785342 4.02507837
957 3852 10.1785787 0.0101785787 4.02507837
957 3852 10.1785044 0.0101785044 4.02507837
957 3852 10.1785293 0.0101785293 4.02507837
957 3852 10.178503 0.010178503 4.02507837
957 3852 10.1785286 0.0101785286 4.02507837
956 3848 10.1678899 0.0101678899 4.0251046
956 3848 10.1678562 0.0101678562 4.0251046
956 3848 10.1679005 0.0101679005 4.0251046
956 3848 10.1679098 0.0101679098 4.0251046
956 3848 10.1679044 0.0101679044 4.0251046
956 3848 10.1678824 0.0101678824 4.0251046
956 3848 10.1678821 0.0101678821 4.0251046
956 3848 10.1678824 0.0101678824 4.0251046
956 3848 10.1678756 0.0101678756 4.0251046
956 3848 10.1678735 0.0101678735 4.0251046
955 3842 10.1570219 0.0101570219 4.02303665
955 3842 10.1570253 0.0101570253 4.02303665
955 3842 10.1570856 0.0101570856 4.02303665
955 3842 10.1571197 0.0101571197 4.02303665
955 3842 10.1571207 0.0101571207 4.02303665
955 3842 10.1571134 0.0101571134 4.02303665
955 3842 10.1571031 0.0101571031 4.02303665
955 3842 10.157099 0.010157099 4.02303665
955 3842 10.1570965 0.0101570965 4.02303665
955 3842 10.1570953 0.0101570953 4.02303665
954 3831 10.1462794 0.0101462794 4.01572327
954 3832 10.1463651 0.0101463651 4.01677149
954 3832 10.1463953 0.0101463953 4.01677149
954 3832 10.1463974 0.0101463974 4.01677149
954 3832 10.1463981 0.0101463981 4.01677149
954 3832 10.1463883 0.0101463883 4.01677149
954 3832 10.1463807 0.0101463807 4.01677149
954 3832 10.1463784 0.0101463784 4.01677149
954 3832 10.1463722 0.0101463722 4.01677149
954 3832 10.1463683 0.0101463683 4.01677149
953 3826 10.1356938 0.0101356938 4.01469045
953 3826 10.1356785 0.0101356785 4.01469045
953 3826 10.1357047 0.0101357047 4.01469045
953 3826 10.1357157 0.0101357157 4.01469045
953 3826 10.1357165 0.0101357165 4.01469045
953 3826 10.1357198 0.0101357198 4.01469045
953 3826 10.1357187 0.0101357187 4.01469045
953 3826 10.1357183 0.0101357183 4.01469045
953 3826 10.1357182 0.0101357182 4.01469045
953 3826 10.1357181 0.0101357181 4.01469045
952 3819 10.1248284 0.0101248284 4.01155462
952 3819 10.1248388 0.0101248388 4.01155462
952 3819 10.1248404 0.0101248404 4.01155462
952 3819 10.1248245 0.0101248245 4.01155462
952 3819 10.124825 0.010124825 4.01155462
952 3819 10.1248266 0.0101248266 4.01155462
952 3819 10.1248278 0.0101248278 4.01155462
952 3819 10.124828 0.010124828 4.01155462
952 3819 10.1248281 0.0101248281 4.01155462
952 3819 10.1248283 0.0101248283 4.01155462
951 3813 10.1138592 0.0101138592 4.00946372
951 3813 10.1139036 0.0101139036 4.00946372
951 3813 10.1138816 0.0101138816 4.00946372
951 3813 10.1138987 0.0101138987 4.00946372
951 3813 10.1138982 0.0101138982 4.00946372
951 3813 10.1138954 0.0101138954 4.00946372
951 3813 10.1138959 0.0101138959 4.00946372
951 3813 10.1138959 0.0101138959 4.00946372
951 3813 10.1138964 0.0101138964 4.00946372
951 3813 10.1138969 0.0101138969 4.00946372
950 3808 10.1028912 0.0101028912 4.00842105
950 3808 10.1028828 0.0101028828 4.00842105
950 3808 10.1028728 0.0101028728 4.00842105
950 3808 10.1028752 0.0101028752 4.00842105
950 3808 10.1028819 0.0101028819 4.00842105
950 3808 10.1028778 0.0101028778 4.00842105
950 3808 10.1028714 0.0101028714 4.00842105
950 3808 10.1028742 0.0101028742 4.00842105
950 3808 10.1028772 0.0101028772 4.00842105
950 3808 10.1028767 0.0101028767 4.00842105
949 3796 10.0913473 0.0100913473 4
949 3796 10.0913231 0.0100913231 4
949 3796 10.0912954 0.0100912954 4
949 3796 10.0913048 0.0100913048 4
949 3796 10.0913038 0.0100913038 4
949 3796 10.0913056 0.0100913056 4
949 3796 10.0913072 0.0100913072 4
949 3796 10.0913066 0.0100913066 4
949 3796 10.0913064 0.0100913064 4
949 3796 10.0913061 0.0100913061 4
948 3788 10.0793446 0.0100793446 3.99578059
948 3787 10.0834166 0.0100834166 3.99472574
948 3787 10.0834507 0.0100834507 3.99472574
948 3787 10.0834589 0.0100834589 3.99472574
948 3787 10.0834541 0.0100834541 3.99472574
948 3787 10.0834476 0.0100834476 3.99472574
948 3787 10.0834494 0.0100834494 3.99472574
948 3787 10.0834505 0.0100834505 3.99472574
948 3787 10.0834503 0.0100834503 3.99472574
948 3787 10.0834505 0.0100834505 3.99472574
947 3782 10.0725389 0.0100725389 3.9936642
947 3782 10.0724767 0.0100724767 3.9936642
947 3782 10.0724219 0.0100724219 3.9936642
947 3782 10.0724343 0.0100724343 3.9936642
947 3782 10.0724477 0.0100724477 3.9936642
947 3782 10.0724536 0.0100724536 3.9936642
947 3782 10.0724537 0.0100724537 3.9936642
947 3782 10.0724537 0.0100724537 3.9936642
947 3782 10.0724539 0.0100724539 3.9936642
947 3782 10.0724541 0.0100724541 3.9936642
946 3771 10.0604428 0.0100604428 3.98625793
946 3771 10.0605124 0.0100605124 3.98625793
946 3771 10.0605159 0.0100605159 3.98625793
946 3771 10.0605092 0.0100605092 3.98625793
946 3771 10.0605043 0.0100605043 3.98625793
946 3771 10.06051 0.01006051 3.98625793
946 3771 10.0605104 0.0100605104 3.98625793
946 3771 10.0605122 0.0100605122 3.98625793
946 3771 10.0605149 0.0100605149 3.98625793
946 3771 10.0605159 0.0100605159 3.98625793
945 3766 10.048174 0.010048174 3.98518519
945 3773 10.0495234 0.0100495234 3.99259259
945 3773 10.0494521 0.0100494521 3.99259259
945 3773 10.0494522 0.0100494522 3.99259259
945 3773 10.0494502 0.0100494502 3.99259259
945 3773 10.0494499 0.0100494499 3.99259259
945 3773 10.0494502 0.0100494502 3.99259259
945 3773 10.0494486 0.0100494486 3.99259259
945 3773 10.0494478 0.0100494478 3.99259259
945 3773 10.0494481 0.0100494481 3.99259259
944 3762 10.0376673 0.0100376673 3.98516949
944 3762 10.0377118 0.0100377118 3.98516949
944 3762 10.0376513 0.0100376513 3.98516949
944 3762 10.0376849 0.0100376849 3.98516949
944 3762 10.0377208 0.0100377208 3.98516949
944 3762 10.037639 0.010037639 3.98516949
944 3762 10.0376922 0.0100376922 3.98516949
944 3762 10.0377236 0.0100377236 3.98516949
944 3762 10.037639 0.010037639 3.98516949
944 3762 10.0376916 0.0100376916 3.98516949
943 3757 10.0253796 0.0100253796 3.98409332
943 3757 10.0255722 0.0100255722 3.98409332
943 3757 10.0254553 0.0100254553 3.98409332
943 3757 10.0255482 0.0100255482 3.98409332
943 3757 10.0253852 0.0100253852 3.98409332
943 3757 10.0254472 0.0100254472 3.98409332
943 3757 10.0254348 0.0100254348 3.98409332
943 3757 10.0254367 0.0100254367 3.98409332
943 3757 10.0254373 0.0100254373 3.98409332
943 3757 10.0254378 0.0100254378 3.98409332
942 3750 10.0129058 0.0100129058 3.98089172
942 3751 10.0127519 0.0100127519 3.98195329
942 3750 10.0129229 0.0100129229 3.98089172
942 3750 10.0128808 0.0100128808 3.98089172
942 3751 10.0126908 0.0100126908 3.98195329
942 3750 10.0129108 0.0100129108 3.98089172
942 3750 10.0128578 0.0100128578 3.98089172
942 3751 10.0126952 0.0100126952 3.98195329
942 3750 10.0129094 0.0100129094 3.98089172
942 3750 10.0128577 0.0100128577 3.98089172
941 3744 10.0003533 0.0100003533 3.97874601
941 3744 10.0003627 0.0100003627 3.97874601
941 3743 10.000313 0.010000313 3.97768332
941 3741 10.000276 0.010000276 3.97555792
941 3744 10.0003503 0.0100003503 3.97874601
941 3744 10.0003517 0.0100003517 3.97874601
941 3744 10.0004122 0.0100004122 3.97874601
941 3741 10.0003499 0.0100003499 3.97555792
941 3742 10.0005815 0.0100005815 3.97662062
941 3742 10.0005769 0.0100005769 3.97662062
940 3735 9.98849814 0.00998849814 3.97340426
940 3735 9.9885251 0.0099885251 3.97340426
940 3735 9.98849962 0.00998849962 3.97340426
940 3735 9.98842352 0.00998842352 3.97340426
940 3735 9.98839341 0.00998839341 3.97340426
940 3735 9.98845206 0.00998845206 3.97340426
940 3735 9.98841958 0.00998841958 3.97340426
940 3735 9.98845415 0.00998845415 3.97340426
940 3735 9.98842819 0.00998842819 3.97340426
940 3735 9.98845229 0.00998845229 3.97340426
939 3726 9.9760899 0.0099760899 3.96805112
939 3729 9.97605798 0.00997605798 3.97124601
939 3726 9.97610348 0.00997610348 3.96805112
939 3729 9.97604778 0.00997604778 3.97124601
939 3726 9.97610169 0.00997610169 3.96805112
939 3729 9.97605288 0.00997605288 3.97124601
939 3726 9.9761017 0.0099761017 3.96805112
939 3729 9.97605106 0.00997605106 3.97124601
939 3726 9.97610516 0.00997610516 3.96805112
939 3729 9.97605309 0.00997605309 3.97124601
938 3720 9.96364457 0.00996364457 3.96588486
938 3720 9.96369854 0.00996369854 3.96588486
938 3720 9.96367602 0.00996367602 3.96588486
938 3720 9.96371502 0.00996371502 3.96588486
938 3720 9.96375632 0.00996375632 3.96588486
938 3720 9.96376089 0.00996376089 3.96588486
938 3720 9.96376997 0.00996376997 3.96588486
938 3720 9.96376836 0.00996376836 3.96588486
938 3720 9.96377282 0.00996377282 3.96588486
938 3720 9.9637696 0.0099637696 3.96588486
937 3710 9.95118012 0.00995118012 3.95944504
937 3710 9.95112564 0.00995112564 3.95944504
937 3710 9.95111486 0.00995111486 3.95944504
937 3710 9.95113296 0.00995113296 3.95944504
937 3710 9.95113376 0.00995113376 3.95944504
937 3710 9.9511274 0.0099511274 3.95944504
937 3710 9.95112644 0.00995112644 3.95944504
937 3710 9.95112716 0.00995112716 3.95944504
937 3710 9.95112744 0.00995112744 3.95944504
937 3710 9.95112743 0.00995112743 3.95944504
936 3703 9.9385019 0.0099385019 3.95619658
936 3703 9.93849088 0.00993849088 3.95619658
936 3703 9.93853122 0.00993853122 3.95619658
936 3703 9.93853862 0.00993853862 3.95619658
936 3703 9.93854556 0.00993854556 3.95619658
936 3703 9.93854699 0.00993854699 3.95619658
936 3703 9.93854684 0.00993854684 3.95619658
936 3703 9.93854707 0.00993854707 3.95619658
936 3703 9.93854694 0.00993854694 3.95619658
936 3703 9.93854697 0.00993854697 3.95619658
935 3697 9.92576463 0.00992576463 3.9540107
935 3694 9.92586443 0.00992586443 3.95080214
935 3696 9.93375969 0.00993375969 3.95294118
935 3696 9.93388174 0.00993388174 3.95294118
935 3696 9.93379643 0.00993379643 3.95294118
935 3696 9.93380528 0.00993380528 3.95294118
935 3696 9.93380218 0.00993380218 3.95294118
935 3696 9.93378373 0.00993378373 3.95294118
935 3696 9.93377576 0.00993377576 3.95294118
935 3696 9.93377223 0.00993377223 3.95294118
934 3689 9.92121598 0.00992121598 3.9496788
934 3689 9.92129784 0.00992129784 3.9496788
934 3689 9.92133162 0.00992133162 3.9496788
934 3689 9.92133435 0.00992133435 3.9496788
934 3689 9.92133552 0.00992133552 3.9496788
934 3689 9.92133743 0.00992133743 3.9496788
934 3689 9.92133642 0.00992133642 3.9496788
934 3689 9.9213374 0.0099213374 3.9496788
934 3689 9.9213373 0.0099213373 3.9496788
934 3689 9.92133755 0.00992133755 3.9496788
933 3679 9.90861419 0.00990861419 3.943194
933 3679 9.90849427 0.00990849427 3.943194
933 3679 9.90847321 0.00990847321 3.943194
933 3679 9.90847401 0.00990847401 3.943194
933 3679 9.90847977 0.00990847977 3.943194
933 3679 9.90848319 0.00990848319 3.943194
933 3679 9.90848897 0.00990848897 3.943194
933 3679 9.9084913 0.0099084913 3.943194
933 3679 9.90849351 0.00990849351 3.943194
933 3679 9.90849435 0.00990849435 3.943194
932 3671 9.89573763 0.00989573763 3.9388412
932 3671 9.89579015 0.00989579015 3.9388412
932 3671 9.89583198 0.00989583198 3.9388412
932 3671 9.8958394 0.0098958394 3.9388412
932 3671 9.89584446 0.00989584446 3.9388412
932 3671 9.89584781 0.00989584781 3.9388412
932 3671 9.89584827 0.00989584827 3.9388412
932 3671 9.89584877 0.00989584877 3.9388412
932 3671 9.8958487 0.0098958487 3.9388412
932 3671 9.89584868 0.00989584868 3.9388412
931 3665 9.88302868 0.00988302868 3.93662728
931 3665 9.88293596 0.00988293596 3.93662728
931 3665 9.88302604 0.00988302604 3.93662728
931 3665 9.88303386 0.00988303386 3.93662728
931 3665 9.88301619 0.00988301619 3.93662728
931 3665 9.88299094 0.00988299094 3.93662728
931 3665 9.88301354 0.00988301354 3.93662728
931 3665 9.88301782 0.00988301782 3.93662728
931 3665 9.88304612 0.00988304612 3.93662728
931 3665 9.88303041 0.00988303041 3.93662728
930 3653 9.87008996 0.00987008996 3.92795699
930 3653 9.87011664 0.00987011664 3.92795699
930 3653 9.87004935 0.00987004935 3.92795699
930 3653 9.87005786 0.00987005786 3.92795699
930 3653 9.87005348 0.00987005348 3.92795699
930 3653 9.87005295 0.00987005295 3.92795699
930 3653 9.87005291 0.00987005291 3.92795699
930 3653 9.87005242 0.00987005242 3.92795699
930 3653 9.87005236 0.00987005236 3.92795699
930 3653 9.87005217 0.00987005217 3.92795699
929 3646 9.85656182 0.00985656182 3.92465016
929 3646 9.85653475 0.00985653475 3.92465016
929 3646 9.85652602 0.00985652602 3.92465016
929 3646 9.85651903 0.00985651903 3.92465016
929 3646 9.85654257 0.00985654257 3.92465016
929 3646 9.85650749 0.00985650749 3.92465016
929 3646 9.85655078 0.00985655078 3.92465016
929 3646 9.85650849 0.00985650849 3.92465016
929 3646 9.85654946 0.00985654946 3.92465016
929 3646 9.85650853 0.00985650853 3.92465016
928 3640 9.8422048 0.0098422048 3.92241379
928 3640 9.84218505 0.00984218505 3.92241379
928 3640 9.84223958 0.00984223958 3.92241379
928 3640 9.84218359 0.00984218359 3.92241379
928 3640 9.84214392 0.00984214392 3.92241379
928 3640 9.84222512 0.00984222512 3.92241379
928 3640 9.84217882 0.00984217882 3.92241379
928 3640 9.84214928 0.00984214928 3.92241379
928 3640 9.84222826 0.00984222826 3.92241379
928 3640 9.84217815 0.00984217815 3.92241379
927 3634 9.82819948 0.00982819948 3.9201726
927 3634 9.8282944 0.0098282944 3.9201726
927 3634 9.82823439 0.00982823439 3.9201726
927 3634 9.82826127 0.00982826127 3.9201726
927 3634 9.8282533 0.0098282533 3.9201726
927 3634 9.82826046 0.00982826046 3.9201726
927 3634 9.82820717 0.00982820717 3.9201726
927 3634 9.82824331 0.00982824331 3.9201726
927 3634 9.82826075 0.00982826075 3.9201726
927 3634 9.82826521 0.00982826521 3.9201726
926 3623 9.81332141 0.00981332141 3.912527
926 3627 9.81357507 0.00981357507 3.91684665
926 3627 9.81357932 0.00981357932 3.91684665
926 3627 9.81329237 0.00981329237 3.91684665
926 3627 9.81324298 0.00981324298 3.91684665
926 3627 9.81324325 0.00981324325 3.91684665
926 3627 9.81323249 0.00981323249 3.91684665
926 3627 9.81323532 0.00981323532 3.91684665
926 3627 9.81323439 0.00981323439 3.91684665
926 3627 9.81323425 0.00981323425 3.91684665
925 3616 9.79839763 0.00979839763 3.90918919
925 3614 9.79901599 0.00979901599 3.90702703
925 3617 9.80076978 0.00980076978 3.91027027
925 3617 9.8007503 0.0098007503 3.91027027
925 3617 9.80061975 0.00980061975 3.91027027
925 3617 9.8006994 0.0098006994 3.91027027
925 3617 9.80058997 0.00980058997 3.91027027
925 3617 9.80069909 0.00980069909 3.91027027
925 3617 9.80058953 0.00980058953 3.91027027
925 3617 9.80069802 0.00980069802 3.91027027
924 3606 9.78640474 0.00978640474 3.9025974
924 3606 9.78632443 0.00978632443 3.9025974
924 3606 9.78634017 0.00978634017 3.9025974
924 3606 9.78636885 0.00978636885 3.9025974
924 3606 9.78628713 0.00978628713 3.9025974
924 3606 9.78628117 0.00978628117 3.9025974
924 3606 9.7862594 0.0097862594 3.9025974
924 3606 9.7862643 0.0097862643 3.9025974
924 3606 9.78626755 0.00978626755 3.9025974
924 3606 9.78626806 0.00978626806 3.9025974
923 3597 9.77218139 0.00977218139 3.89707476
923 3599 9.7721931 0.0097721931 3.8992416
923 3597 9.77234587 0.00977234587 3.89707476
923 3597 9.77231372 0.00977231372 3.89707476
923 3597 9.77233062 0.00977233062 3.89707476
923 3597 9.77233342 0.00977233342 3.89707476
923 3597 9.77232772 0.00977232772 3.89707476
923 3597 9.77232887 0.00977232887 3.89707476
923 3597 9.77232937 0.00977232937 3.89707476
923 3597 9.77232986 0.00977232986 3.89707476
922 3590 9.75804952 0.00975804952 3.89370933
922 3590 9.75800287 0.00975800287 3.89370933
922 3590 9.75802846 0.00975802846 3.89370933
922 3590 9.75800664 0.00975800664 3.89370933
922 3590 9.75802376 0.00975802376 3.89370933
922 3590 9.75803058 0.00975803058 3.89370933
922 3590 9.75803152 0.00975803152 3.89370933
922 3590 9.75803118 0.00975803118 3.89370933
922 3590 9.75803031 0.00975803031 3.89370933
922 3590 9.75802997 0.00975802997 3.89370933
921 3585 9.74304225 0.00974304225 3.89250814
921 3585 9.74308459 0.00974308459 3.89250814
921 3585 9.7429971 0.0097429971 3.89250814
921 3585 9.74300495 0.00974300495 3.89250814
921 3585 9.74301416 0.00974301416 3.89250814
921 3585 9.74301394 0.00974301394 3.89250814
921 3585 9.7430169 0.0097430169 3.89250814
921 3585 9.74301921 0.00974301921 3.89250814
921 3585 9.74301942 0.00974301942 3.89250814
921 3585 9.74301955 0.00974301955 3.89250814
920 3576 9.72781966 0.00972781966 3.88695652
920 3576 9.72789781 0.00972789781 3.88695652
920 3576 9.72787654 0.00972787654 3.88695652
920 3576 9.72793404 0.00972793404 3.88695652
920 3576 9.72793365 0.00972793365 3.88695652
920 3576 9.72793175 0.00972793175 3.88695652
920 3576 9.72793394 0.00972793394 3.88695652
920 3576 9.72793457 0.00972793457 3.88695652
920 3576 9.72793426 0.00972793426 3.88695652
920 3576 9.72793496 0.00972793496 3.88695652
919 3570 9.71180531 0.00971180531 3.88465724
919 3570 9.71164839 0.00971164839 3.88465724
919 3570 9.71157732 0.00971157732 3.88465724
919 3570 9.71153498 0.00971153498 3.88465724
919 3570 9.71172183 0.00971172183 3.88465724
919 3570 9.71171792 0.00971171792 3.88465724
919 3570 9.71163371 0.00971163371 3.88465724
919 3570 9.71157264 0.00971157264 3.88465724
919 3570 9.71155759 0.00971155759 3.88465724
919 3570 9.71172123 0.00971172123 3.88465724
918 3560 9.69504904 0.00969504904 3.87799564
918 3556 9.70243407 0.00970243407 3.87363834
918 3556 9.70252353 0.00970252353 3.87363834
918 3556 9.70237754 0.00970237754 3.87363834
918 3556 9.70239582 0.00970239582 3.87363834
918 3556 9.70243468 0.00970243468 3.87363834
918 3556 9.70236161 0.00970236161 3.87363834
918 3556 9.70240831 0.00970240831 3.87363834
918 3556 9.7024434 0.0097024434 3.87363834
918 3556 9.70236339 0.00970236339 3.87363834
917 3550 9.68605301 0.00968605301 3.87131952
917 3553 9.68599761 0.00968599761 3.87459106
917 3553 9.68597841 0.00968597841 3.87459106
917 3553 9.6859529 0.0096859529 3.87459106
917 3553 9.68604675 0.00968604675 3.87459106
917 3553 9.68605653 0.00968605653 3.87459106
917 3553 9.68604193 0.00968604193 3.87459106
917 3553 9.68604851 0.00968604851 3.87459106
917 3553 9.68605116 0.00968605116 3.87459106
917 3553 9.68605042 0.00968605042 3.87459106
916 3547 9.66984774 0.00966984774 3.87227074
916 3547 9.66979087 0.00966979087 3.87227074
916 3547 9.66972248 0.00966972248 3.87227074
916 3547 9.66968226 0.00966968226 3.87227074
916 3547 9.66968959 0.00966968959 3.87227074
916 3547 9.66970492 0.00966970492 3.87227074
916 3547 9.6697141 0.0096697141 3.87227074
916 3547 9.66971655 0.00966971655 3.87227074
916 3547 9.66971763 0.00966971763 3.87227074
916 3547 9.66971805 0.00966971805 3.87227074
915 3538 9.65341673 0.00965341673 3.86666667
915 3538 9.65355172 0.00965355172 3.86666667
915 3538 9.65350892 0.00965350892 3.86666667
915 3538 9.65354551 0.00965354551 3.86666667
915 3538 9.65353685 0.00965353685 3.86666667
915 3538 9.65352478 0.00965352478 3.86666667
915 3538 9.65356036 0.00965356036 3.86666667
915 3538 9.6535237 0.0096535237 3.86666667
915 3538 9.65356085 0.00965356085 3.86666667
915 3538 9.65352314 0.00965352314 3.86666667
914 3534 9.63676272 0.00963676272 3.86652079
914 3533 9.64058919 0.00964058919 3.8654267
914 3533 9.640624 0.009640624 3.8654267
914 3533 9.64054713 0.00964054713 3.8654267
914 3533 9.64047303 0.00964047303 3.8654267
914 3533 9.64062065 0.00964062065 3.8654267
914 3533 9.64069094 0.00964069094 3.8654267
914 3533 9.64069958 0.00964069958 3.8654267
914 3533 9.64070694 0.00964070694 3.8654267
914 3533 9.64071446 0.00964071446 3.8654267
913 3527 9.6249146 0.0096249146 3.86308872
913 3527 9.62480417 0.00962480417 3.86308872
913 3527 9.62481497 0.00962481497 3.86308872
913 3527 9.62477856 0.00962477856 3.86308872
913 3527 9.62492271 0.00962492271 3.86308872
913 3527 9.62499447 0.00962499447 3.86308872
913 3527 9.62471324 0.00962471324 3.86308872
913 3527 9.62470572 0.00962470572 3.86308872
913 3527 9.62464307 0.00962464307 3.86308872
913 3527 9.62460507 0.00962460507 3.86308872
912 3522 9.60753405 0.00960753405 3.86184211
912 3522 9.60778396 0.00960778396 3.86184211
912 3522 9.60779827 0.00960779827 3.86184211
912 3522 9.60767014 0.00960767014 3.86184211
912 3522 9.60768468 0.00960768468 3.86184211
912 3522 9.6076824 0.0096076824 3.86184211
912 3522 9.60785972 0.00960785972 3.86184211
912 3522 9.60793344 0.00960793344 3.86184211
912 3522 9.60794561 0.00960794561 3.86184211
912 3522 9.607952 0.009607952 3.86184211
911 3515 9.59077998 0.00959077998 3.85839737
911 3516 9.59012337 0.00959012337 3.85949506
911 3519 9.59463549 0.00959463549 3.86278814
911 3519 9.59447011 0.00959447011 3.86278814
911 3519 9.59467344 0.00959467344 3.86278814
911 3519 9.594745 0.009594745 3.86278814
911 3519 9.59453399 0.00959453399 3.86278814
911 3519 9.59450667 0.00959450667 3.86278814
911 3519 9.59444407 0.00959444407 3.86278814
911 3519 9.59461598 0.00959461598 3.86278814
910 3512 9.57765209 0.00957765209 3.85934066
910 3514 9.57790624 0.00957790624 3.86153846
910 3514 9.57787486 0.00957787486 3.86153846
910 3514 9.577924 0.009577924 3.86153846
910 3514 9.57786648 0.00957786648 3.86153846
910 3514 9.5778521 0.0095778521 3.86153846
910 3514 9.5778692 0.0095778692 3.86153846
910 3514 9.57787708 0.00957787708 3.86153846
910 3514 9.57787982 0.00957787982 3.86153846
910 3514 9.57788249 0.00957788249 3.86153846
909 3507 9.56116468 0.00956116468 3.85808581
909 3507 9.56110479 0.00956110479 3.85808581
909 3507 9.56116901 0.00956116901 3.85808581
909 3507 9.56121224 0.00956121224 3.85808581
909 3507 9.56121224 0.00956121224 3.85808581
909 3507 9.56121721 0.00956121721 3.85808581
909 3507 9.56121767 0.00956121767 3.85808581
909 3507 9.56121712 0.00956121712 3.85808581
909 3507 9.56121687 0.00956121687 3.85808581
909 3507 9.56121681 0.00956121681 3.85808581
908 3501 9.54292197 0.00954292197 3.85572687
908 3499 9.55563789 0.00955563789 3.85352423
908 3501 9.5557584 0.0095557584 3.85572687
908 3501 9.55564743 0.00955564743 3.85572687
908 3501 9.55555425 0.00955555425 3.85572687
908 3501 9.55576552 0.00955576552 3.85572687
908 3501 9.55583279 0.00955583279 3.85572687
908 3501 9.55570447 0.00955570447 3.85572687
908 3501 9.5556765 0.0095556765 3.85572687
908 3501 9.55567212 0.00955567212 3.85572687
907 3494 9.5392626 0.0095392626 3.8522602
907 3494 9.53913784 0.00953913784 3.8522602
907 3495 9.5389271 0.0095389271 3.85336273
907 3495 9.54649121 0.00954649121 3.85336273
907 3496 9.54877213 0.00954877213 3.85446527
907 3496 9.54867826 0.00954867826 3.85446527
907 3496 9.54877952 0.00954877952 3.85446527
907 3496 9.54881081 0.00954881081 3.85446527
907 3496 9.54882367 0.00954882367 3.85446527
907 3496 9.54882625 0.00954882625 3.85446527
906 3490 9.53309975 0.00953309975 3.85209713
906 3490 9.53297828 0.00953297828 3.85209713
906 3490 9.53311207 0.00953311207 3.85209713
906 3490 9.53322311 0.00953322311 3.85209713
906 3490 9.53320012 0.00953320012 3.85209713
906 3490 9.53319257 0.00953319257 3.85209713
906 3490 9.53319425 0.00953319425 3.85209713
906 3490 9.53320066 0.00953320066 3.85209713
906 3490 9.53319919 0.00953319919 3.85209713
906 3490 9.53319743 0.00953319743 3.85209713
905 3483 9.51677664 0.00951677664 3.84861878
905 3483 9.51666988 0.00951666988 3.84861878
905 3483 9.51650048 0.00951650048 3.84861878
905 3485 9.51652154 0.00951652154 3.85082873
905 3485 9.51650129 0.00951650129 3.85082873
905 3483 9.51671627 0.00951671627 3.84861878
905 3483 9.51656914 0.00951656914 3.84861878
905 3485 9.51652197 0.00951652197 3.85082873
905 3485 9.51651943 0.00951651943 3.85082873
905 3483 9.51671292 0.00951671292 3.84861878
904 3478 9.50031019 0.00950031019 3.84734513
904 3478 9.5004651 0.0095004651 3.84734513
904 3478 9.500391 0.009500391 3.84734513
904 3478 9.50039143 0.00950039143 3.84734513
904 3478 9.50042243 0.00950042243 3.84734513
904 3478 9.50042474 0.00950042474 3.84734513
904 3478 9.50036201 0.00950036201 3.84734513
904 3478 9.50041517 0.00950041517 3.84734513
904 3478 9.5004242 0.0095004242 3.84734513
904 3478 9.50042358 0.00950042358 3.84734513
903 3470 9.48264666 0.00948264666 3.8427464
903 3469 9.48594862 0.00948594862 3.84163898
903 3469 9.48594506 0.00948594506 3.84163898
903 3469 9.48584408 0.00948584408 3.84163898
903 3469 9.4858041 0.0094858041 3.84163898
903 3469 9.48578913 0.00948578913 3.84163898
903 3469 9.48577879 0.00948577879 3.84163898
903 3469 9.4857725 0.0094857725 3.84163898
903 3469 9.48577106 0.00948577106 3.84163898
903 3469 9.48577162 0.00948577162 3.84163898
902 3464 9.46951922 0.00946951922 3.84035477
902 3464 9.46964329 0.00946964329 3.84035477
902 3464 9.46970021 0.00946970021 3.84035477
902 3464 9.46969797 0.00946969797 3.84035477
902 3464 9.46970655 0.00946970655 3.84035477
902 3464 9.46971739 0.00946971739 3.84035477
902 3464 9.46972005 0.00946972005 3.84035477
902 3464 9.4697213 0.0094697213 3.84035477
902 3464 9.46972183 0.00946972183 3.84035477
902 3464 9.46972226 0.00946972226 3.84035477
901 3456 9.45232601 0.00945232601 3.83573807
901 3456 9.45234388 0.00945234388 3.83573807
901 3456 9.45237279 0.00945237279 3.83573807
901 3456 9.45237406 0.00945237406 3.83573807
901 3456 9.45237191 0.00945237191 3.83573807
901 3456 9.45237434 0.00945237434 3.83573807
901 3456 9.45237376 0.00945237376 3.83573807
901 3456 9.45237308 0.00945237308 3.83573807
901 3456 9.4523732 0.0094523732 3.83573807
901 3456 9.45237333 0.00945237333 3.83573807
900 3444 9.43487914 0.00943487914 3.82666667
900 3444 9.43482097 0.00943482097 3.82666667
900 3444 9.43479316 0.00943479316 3.82666667
900 3444 9.4348352 0.0094348352 3.82666667
900 3444 9.43480082 0.00943480082 3.82666667
900 3444 9.4348279 0.0094348279 3.82666667
900 3444 9.43483055 0.00943483055 3.82666667
900 3444 9.43480045 0.00943480045 3.82666667
900 3444 9.43490239 0.00943490239 3.82666667
900 3444 9.4347779 0.0094347779 3.82666667
899 3435 9.41673429 0.00941673429 3.82091212
899 3441 9.41827998 0.00941827998 3.82758621
899 3441 9.41820968 0.00941820968 3.82758621
899 3441 9.41821437 0.00941821437 3.82758621
899 3441 9.41821186 0.00941821186 3.82758621
899 3441 9.41820982 0.00941820982 3.82758621
899 3441 9.41821003 0.00941821003 3.82758621
899 3441 9.41821057 0.00941821057 3.82758621
899 3441 9.41821051 0.00941821051 3.82758621
899 3441 9.41821042 0.00941821042 3.82758621
898 3429 9.401044 0.009401044 3.81848552
898 3429 9.40097136 0.00940097136 3.81848552
898 3434 9.4006038 0.0094006038 3.82405345
898 3429 9.40088165 0.00940088165 3.81848552
898 3429 9.40103242 0.00940103242 3.81848552
898 3429 9.40095651 0.00940095651 3.81848552
898 3429 9.4010373 0.0094010373 3.81848552
898 3434 9.40061639 0.00940061639 3.82405345
898 3429 9.40088869 0.00940088869 3.81848552
898 3429 9.40103181 0.00940103181 3.81848552
897 3422 9.38357687 0.00938357687 3.81493868
897 3426 9.38324189 0.00938324189 3.81939799
897 3422 9.38367014 0.00938367014 3.81493868
897 3422 9.38367926 0.00938367926 3.81493868
897 3426 9.38329587 0.00938329587 3.81939799
897 3422 9.38367625 0.00938367625 3.81493868
897 3426 9.38337386 0.00938337386 3.81939799
897 3420 9.38270402 0.00938270402 3.81270903
897 3426 9.38342308 0.00938342308 3.81939799
897 3422 9.38382712 0.00938382712 3.81493868
896 3419 9.36652779 0.00936652779 3.81584821
896 3419 9.36651169 0.00936651169 3.81584821
896 3419 9.3665344 0.0093665344 3.81584821
896 3419 9.36655661 0.00936655661 3.81584821
896 3419 9.36655792 0.00936655792 3.81584821
896 3419 9.36655678 0.00936655678 3.81584821
896 3419 9.36655778 0.00936655778 3.81584821
896 3419 9.36655789 0.00936655789 3.81584821
896 3419 9.36655796 0.00936655796 3.81584821
896 3419 9.36655793 0.00936655793 3.81584821
895 3410 9.34951548 0.00934951548 3.81005587
895 3414 9.35079306 0.00935079306 3.81452514
895 3412 9.3525142 0.0093525142 3.8122905
895 3412 9.35254315 0.00935254315 3.8122905
895 3412 9.35269776 0.00935269776 3.8122905
895 3412 9.35271082 0.00935271082 3.8122905
895 3412 9.35271658 0.00935271658 3.8122905
895 3412 9.35272872 0.00935272872 3.8122905
895 3412 9.3527319 0.0093527319 3.8122905
895 3412 9.3527306 0.0093527306 3.8122905
894 3405 9.33714858 0.00933714858 3.80872483
894 3409 9.35215248 0.00935215248 3.81319911
894 3405 9.35466439 0.00935466439 3.80872483
894 3406 9.35526966 0.00935526966 3.8098434
894 3406 9.35514384 0.00935514384 3.8098434
894 3406 9.355212 0.009355212 3.8098434
894 3406 9.35518941 0.00935518941 3.8098434
894 3406 9.35518869 0.00935518869 3.8098434
894 3406 9.35519936 0.00935519936 3.8098434
894 3406 9.35520548 0.00935520548 3.8098434
893 3398 9.34016388 0.00934016388 3.80515118
893 3398 9.34026564 0.00934026564 3.80515118
893 3398 9.34019782 0.00934019782 3.80515118
893 3398 9.34018891 0.00934018891 3.80515118
893 3398 9.3401966 0.0093401966 3.80515118
893 3398 9.34019842 0.00934019842 3.80515118
893 3398 9.34019531 0.00934019531 3.80515118
893 3398 9.3401935 0.0093401935 3.80515118
893 3398 9.3401936 0.0093401936 3.80515118
893 3398 9.3401931 0.0093401931 3.80515118
892 3392 9.32506562 0.00932506562 3.80269058
892 3392 9.32503995 0.00932503995 3.80269058
892 3392 9.3250424 0.0093250424 3.80269058
892 3392 9.32512205 0.00932512205 3.80269058
892 3392 9.32514746 0.00932514746 3.80269058
892 3392 9.32515008 0.00932515008 3.80269058
892 3392 9.32515464 0.00932515464 3.80269058
892 3392 9.32515733 0.00932515733 3.80269058
892 3392 9.32515752 0.00932515752 3.80269058
892 3392 9.32515832 0.00932515832 3.80269058
891 3386 9.30989057 0.00930989057 3.80022447
891 3386 9.30979395 0.00930979395 3.80022447
891 3386 9.30981455 0.00930981455 3.80022447
891 3386 9.30970248 0.00930970248 3.80022447
891 3386 9.30966382 0.00930966382 3.80022447
891 3386 9.30962677 0.00930962677 3.80022447
891 3386 9.30982472 0.00930982472 3.80022447
891 3386 9.30980399 0.00930980399 3.80022447
891 3386 9.30978944 0.00930978944 3.80022447
891 3387 9.30959756 0.00930959756 3.8013468
890 3381 9.29422555 0.00929422555 3.7988764
890 3374 9.29419599 0.00929419599 3.79101124
890 3381 9.29423152 0.00929423152 3.7988764
890 3381 9.29417967 0.00929417967 3.7988764
890 3381 9.29420076 0.00929420076 3.7988764
890 3381 9.29420048 0.00929420048 3.7988764
890 3381 9.29420486 0.00929420486 3.7988764
890 3381 9.29420444 0.00929420444 3.7988764
890 3381 9.29420389 0.00929420389 3.7988764
890 3381 9.29420376 0.00929420376 3.7988764
889 3369 9.27842674 0.00927842674 3.78965129
889 3369 9.27835358 0.00927835358 3.78965129
889 3369 9.27854475 0.00927854475 3.78965129
889 3370 9.27980497 0.00927980497 3.79077615
889 3369 9.28005546 0.00928005546 3.78965129
889 3369 9.28001814 0.00928001814 3.78965129
889 3369 9.28000219 0.00928000219 3.78965129
889 3369 9.27986512 0.00927986512 3.78965129
889 3370 9.27976011 0.00927976011 3.79077615
889 3370 9.27978973 0.00927978973 3.79077615
888 3364 9.26453218 0.00926453218 3.78828829
888 3357 9.26456797 0.00926456797 3.78040541
888 3361 9.26434229 0.00926434229 3.78490991
888 3364 9.26458372 0.00926458372 3.78828829
888 3364 9.26448069 0.00926448069 3.78828829
888 3357 9.26450534 0.00926450534 3.78040541
888 3364 9.26457502 0.00926457502 3.78828829
888 3364 9.26451143 0.00926451143 3.78828829
888 3364 9.26451576 0.00926451576 3.78828829
888 3357 9.26449152 0.00926449152 3.78040541
887 3352 9.24878405 0.00924878405 3.77903044
887 3356 9.24892132 0.00924892132 3.78354002
887 3356 9.24880842 0.00924880842 3.78354002
887 3352 9.24899774 0.00924899774 3.77903044
887 3352 9.24892265 0.00924892265 3.77903044
887 3356 9.24896967 0.00924896967 3.78354002
887 3356 9.24880997 0.00924880997 3.78354002
887 3352 9.24900045 0.00924900045 3.77903044
887 3352 9.24891209 0.00924891209 3.77903044
887 3356 9.24896597 0.00924896597 3.78354002
886 3344 9.23324673 0.00923324673 3.77426637
886 3344 9.23384217 0.00923384217 3.77426637
886 3343 9.23406306 0.00923406306 3.7731377
886 3343 9.2339132 0.0092339132 3.7731377
886 3344 9.23393766 0.00923393766 3.77426637
886 3344 9.23394841 0.00923394841 3.77426637
886 3344 9.23399104 0.00923399104 3.77426637
886 3343 9.23419077 0.00923419077 3.7731377
886 3343 9.23394741 0.00923394741 3.7731377
886 3344 9.23397029 0.00923397029 3.77426637
885 3338 9.21873482 0.00921873482 3.77175141
885 3338 9.21878834 0.00921878834 3.77175141
885 3338 9.21874129 0.00921874129 3.77175141
885 3338 9.21875144 0.00921875144 3.77175141
885 3338 9.21875213 0.00921875213 3.77175141
885 3338 9.21875373 0.00921875373 3.77175141
885 3338 9.21875051 0.00921875051 3.77175141
885 3338 9.21874886 0.00921874886 3.77175141
885 3338 9.21874678 0.00921874678 3.77175141
885 3338 9.21874675 0.00921874675 3.77175141
884 3328 9.20235607 0.00920235607 3.76470588
884 3328 9.20227088 0.00920227088 3.76470588
884 3328 9.2023311 0.0092023311 3.76470588
884 3328 9.20232561 0.00920232561 3.76470588
884 3328 9.2023308 0.0092023308 3.76470588
884 3328 9.20233399 0.00920233399 3.76470588
884 3328 9.20233625 0.00920233625 3.76470588
884 3328 9.20233425 0.00920233425 3.76470588
884 3328 9.20233319 0.00920233319 3.76470588
884 3328 9.20233289 0.00920233289 3.76470588
883 3321 9.18631394 0.00918631394 3.7610419
883 3321 9.18788347 0.00918788347 3.7610419
883 3325 9.19667633 0.00919667633 3.76557191
883 3322 9.19664966 0.00919664966 3.76217441
883 3323 9.19638008 0.00919638008 3.76330691
883 3322 9.1966509 0.0091966509 3.76217441
883 3325 9.19664303 0.00919664303 3.76557191
883 3322 9.19664576 0.00919664576 3.76217441
883 3325 9.19648809 0.00919648809 3.76557191
883 3322 9.19653596 0.00919653596 3.76217441
882 3316 9.18179491 0.00918179491 3.75963719
882 3316 9.18170186 0.00918170186 3.75963719
882 3317 9.18148547 0.00918148547 3.76077098
882 3318 9.18147309 0.00918147309 3.76190476
882 3316 9.18180079 0.00918180079 3.75963719
882 3316 9.18165645 0.00918165645 3.75963719
882 3317 9.18155909 0.00918155909 3.76077098
882 3318 9.18150359 0.00918150359 3.76190476
882 3316 9.18181998 0.00918181998 3.75963719
882 3316 9.18165957 0.00918165957 3.75963719
881 3311 9.16647963 0.00916647963 3.75822928
881 3311 9.16668103 0.00916668103 3.75822928
881 3311 9.16658873 0.00916658873 3.75822928
881 3311 9.16672373 0.00916672373 3.75822928
881 3311 9.16658963 0.00916658963 3.75822928
881 3311 9.16672271 0.00916672271 3.75822928
881 3311 9.16658955 0.00916658955 3.75822928
881 3311 9.16672278 0.00916672278 3.75822928
881 3311 9.1665895 0.0091665895 3.75822928
881 3311 9.16672279 0.00916672279 3.75822928
880 3301 9.15010481 0.00915010481 3.75113636
880 3301 9.15011449 0.00915011449 3.75113636
880 3301 9.15002422 0.00915002422 3.75113636
880 3309 9.15052572 0.00915052572 3.76022727
880 3306 9.16251831 0.00916251831 3.75681818
880 3310 9.16258269 0.00916258269 3.76136364
880 3308 9.16273575 0.00916273575 3.75909091
880 3308 9.16253216 0.00916253216 3.75909091
880 3308 9.16251267 0.00916251267 3.75909091
880 3310 9.16254322 0.00916254322 3.76136364
879 3301 9.14760612 0.00914760612 3.75540387
879 3303 9.14749115 0.00914749115 3.75767918
879 3303 9.14751355 0.00914751355 3.75767918
879 3301 9.14780185 0.00914780185 3.75540387
879 3301 9.14759192 0.00914759192 3.75540387
879 3303 9.14746095 0.00914746095 3.75767918
879 3303 9.14748858 0.00914748858 3.75767918
879 3301 9.14780652 0.00914780652 3.75540387
879 3301 9.1475877 0.0091475877 3.75540387
879 3303 9.14757404 0.00914757404 3.75767918
878 3296 9.13248828 0.00913248828 3.75398633
878 3296 9.13236775 0.00913236775 3.75398633
878 3296 9.13237623 0.00913237623 3.75398633
878 3296 9.13234127 0.00913234127 3.75398633
878 3296 9.13233507 0.00913233507 3.75398633
878 3296 9.13233649 0.00913233649 3.75398633
878 3296 9.13233662 0.00913233662 3.75398633
878 3296 9.13233655 0.00913233655 3.75398633
878 3296 9.13233647 0.00913233647 3.75398633
878 3296 9.13233651 0.00913233651 3.75398633
877 3286 9.11620595 0.00911620595 3.74686431
877 3286 9.11630621 0.00911630621 3.74686431
877 3286 9.11625877 0.00911625877 3.74686431
877 3286 9.11632839 0.00911632839 3.74686431
877 3286 9.11629694 0.00911629694 3.74686431
877 3286 9.11620069 0.00911620069 3.74686431
877 3286 9.11631718 0.00911631718 3.74686431
877 3286 9.11628762 0.00911628762 3.74686431
877 3286 9.11620146 0.00911620146 3.74686431
877 3286 9.11631763 0.00911631763 3.74686431
876 3280 9.09996024 0.00909996024 3.74429224
876 3280 9.09989096 0.00909989096 3.74429224
876 3280 9.10004695 0.00910004695 3.74429224
876 3285 9.10387054 0.00910387054 3.75
876 3285 9.10388045 0.00910388045 3.75
876 3284 9.10347536 0.00910347536 3.74885845
876 3285 9.10383158 0.00910383158 3.75
876 3285 9.10377837 0.00910377837 3.75
876 3284 9.10349736 0.00910349736 3.74885845
876 3285 9.10370477 0.00910370477 3.75
875 3279 9.08833415 0.00908833415 3.74742857
875 3278 9.08835893 0.00908835893 3.74628571
875 3279 9.08819756 0.00908819756 3.74742857
875 3278 9.08841502 0.00908841502 3.74628571
875 3278 9.08853102 0.00908853102 3.74628571
875 3278 9.08847065 0.00908847065 3.74628571
875 3278 9.08848596 0.00908848596 3.74628571
875 3278 9.08848566 0.00908848566 3.74628571
875 3278 9.08848853 0.00908848853 3.74628571
875 3278 9.08848245 0.00908848245 3.74628571
874 3272 9.07283798 0.00907283798 3.74370709
874 3272 9.07266552 0.00907266552 3.74370709
874 3272 9.07272596 0.00907272596 3.74370709
874 3272 9.0727283 0.0090727283 3.74370709
874 3272 9.07271238 0.00907271238 3.74370709
874 3272 9.07270921 0.00907270921 3.74370709
874 3272 9.07271079 0.00907271079 3.74370709
874 3272 9.07271077 0.00907271077 3.74370709
874 3272 9.07271068 0.00907271068 3.74370709
874 3272 9.072711 0.009072711 3.74370709
873 3265 9.0568455 0.0090568455 3.73997709
873 3265 9.05680105 0.00905680105 3.73997709
873 3265 9.05680163 0.00905680163 3.73997709
873 3265 9.05681255 0.00905681255 3.73997709
873 3265 9.05681041 0.00905681041 3.73997709
873 3265 9.05680922 0.00905680922 3.73997709
873 3265 9.05680954 0.00905680954 3.73997709
873 3265 9.05680949 0.00905680949 3.73997709
873 3265 9.05680935 0.00905680935 3.73997709
873 3265 9.0568093 0.0090568093 3.73997709
872 3258 9.04075849 0.00904075849 3.73623853
872 3258 9.04078422 0.00904078422 3.73623853
872 3258 9.04088286 0.00904088286 3.73623853
872 3258 9.04082452 0.00904082452 3.73623853
872 3258 9.04078723 0.00904078723 3.73623853
872 3258 9.04088398 0.00904088398 3.73623853
872 3258 9.04081924 0.00904081924 3.73623853
872 3258 9.04078873 0.00904078873 3.73623853
872 3258 9.0408838 0.0090408838 3.73623853
872 3258 9.04081974 0.00904081974 3.73623853
871 3254 9.02441018 0.00902441018 3.73593571
871 3254 9.03209401 0.00903209401 3.73593571
871 3254 9.03212888 0.00903212888 3.73593571
871 3254 9.03210226 0.00903210226 3.73593571
871 3254 9.03210585 0.00903210585 3.73593571
871 3254 9.03210122 0.00903210122 3.73593571
871 3254 9.03210173 0.00903210173 3.73593571
871 3254 9.03210152 0.00903210152 3.73593571
871 3254 9.03210146 0.00903210146 3.73593571
871 3254 9.03210141 0.00903210141 3.73593571
870 3247 9.01601193 0.00901601193 3.73218391
870 3247 9.01606244 0.00901606244 3.73218391
870 3247 9.01609429 0.00901609429 3.73218391
870 3247 9.01610612 0.00901610612 3.73218391
870 3247 9.01611502 0.00901611502 3.73218391
870 3247 9.01611457 0.00901611457 3.73218391
870 3247 9.01611536 0.00901611536 3.73218391
870 3247 9.01611523 0.00901611523 3.73218391
870 3247 9.01611533 0.00901611533 3.73218391
870 3247 9.01611535 0.00901611535 3.73218391
869 3233 8.9995866 0.0089995866 3.72036824
869 3239 8.99931351 0.00899931351 3.72727273
869 3239 8.99941175 0.00899941175 3.72727273
869 3239 8.99933643 0.00899933643 3.72727273
869 3239 8.9994373 0.0089994373 3.72727273
869 3239 8.99931594 0.00899931594 3.72727273
869 3239 8.99942298 0.00899942298 3.72727273
869 3239 8.9993179 0.0089993179 3.72727273
869 3239 8.99942241 0.00899942241 3.72727273
869 3239 8.9993186 0.0089993186 3.72727273
868 3225 8.98307527 0.00898307527 3.71543779
868 3225 8.98290807 0.00898290807 3.71543779
868 3225 8.98308625 0.00898308625 3.71543779
868 3225 8.98293738 0.00898293738 3.71543779
868 3225 8.98308847 0.00898308847 3.71543779
868 3225 8.98293613 0.00898293613 3.71543779
868 3225 8.98309802 0.00898309802 3.71543779
868 3225 8.9829342 0.0089829342 3.71543779
868 3225 8.98309933 0.00898309933 3.71543779
868 3225 8.982934 0.008982934 3.71543779
867 3213 8.96599896 0.00896599896 3.70588235
867 3213 8.96602711 0.00896602711 3.70588235
867 3219 8.96596053 0.00896596053 3.71280277
867 3227 8.9670695 0.0089670695 3.72202999
867 3227 8.96773307 0.00896773307 3.72202999
867 3223 8.97316339 0.00897316339 3.71741638
867 3223 8.97311351 0.00897311351 3.71741638
867 3223 8.97312091 0.00897312091 3.71741638
867 3223 8.9731212 0.0089731212 3.71741638
867 3223 8.97312199 0.00897312199 3.71741638
866 3216 8.95770418 0.00895770418 3.71362587
866 3216 8.95766573 0.00895766573 3.71362587
866 3216 8.95765764 0.00895765764 3.71362587
866 3216 8.9576706 0.0089576706 3.71362587
866 3216 8.95766874 0.00895766874 3.71362587
866 3216 8.95766724 0.00895766724 3.71362587
866 3216 8.95766751 0.00895766751 3.71362587
866 3216 8.95766747 0.00895766747 3.71362587
866 3216 8.95766738 0.00895766738 3.71362587
866 3216 8.95766731 0.00895766731 3.71362587
865 3209 8.94213497 0.00894213497 3.70982659
865 3209 8.942205 0.008942205 3.70982659
865 3209 8.94215367 0.00894215367 3.70982659
865 3209 8.94220038 0.00894220038 3.70982659
865 3209 8.94226383 0.00894226383 3.70982659
865 3209 8.94213936 0.00894213936 3.70982659
865 3209 8.94219866 0.00894219866 3.70982659
865 3209 8.94226469 0.00894226469 3.70982659
865 3209 8.94213856 0.00894213856 3.70982659
865 3209 8.94219906 0.00894219906 3.70982659
864 3195 8.92600482 0.00892600482 3.69791667
864 3200 8.92595656 0.00892595656 3.7037037
864 3200 8.92590811 0.00892590811 3.7037037
864 3200 8.92592162 0.00892592162 3.7037037
864 3200 8.9259415 0.0089259415 3.7037037
864 3195 8.92605538 0.00892605538 3.69791667
864 3200 8.92604122 0.00892604122 3.7037037
864 3200 8.92588889 0.00892588889 3.7037037
864 3200 8.9259192 0.0089259192 3.7037037
864 3200 8.92594168 0.00892594168 3.7037037
863 3194 8.91001672 0.00891001672 3.70104287
863 3195 8.91048668 0.00891048668 3.70220162
863 3195 8.91545015 0.00891545015 3.70220162
863 3196 8.91720423 0.00891720423 3.70336037
863 3197 8.92048239 0.00892048239 3.70451912
863 3197 8.92920704 0.00892920704 3.70451912
863 3197 8.92932201 0.00892932201 3.70451912
863 3199 8.92954299 0.00892954299 3.70683662
863 3203 8.93066114 0.00893066114 3.71147161
863 3198 8.93471767 0.00893471767 3.70567787
862 3186 8.92280249 0.00892280249 3.69605568
862 3186 8.92269973 0.00892269973 3.69605568
862 3186 8.92274048 0.00892274048 3.69605568
862 3186 8.92272807 0.00892272807 3.69605568
862 3186 8.92271373 0.00892271373 3.69605568
862 3186 8.92271583 0.00892271583 3.69605568
862 3186 8.92271766 0.00892271766 3.69605568
862 3186 8.92271752 0.00892271752 3.69605568
862 3186 8.9227172 0.0089227172 3.69605568
862 3186 8.92271724 0.00892271724 3.69605568
861 3177 8.90883787 0.00890883787 3.68989547
861 3177 8.90883511 0.00890883511 3.68989547
861 3177 8.90878366 0.00890878366 3.68989547
861 3177 8.9088124 0.0089088124 3.68989547
861 3177 8.90882337 0.00890882337 3.68989547
861 3177 8.90882371 0.00890882371 3.68989547
861 3177 8.90881287 0.00890881287 3.68989547
861 3177 8.9088234 0.0089088234 3.68989547
861 3177 8.90882211 0.00890882211 3.68989547
861 3177 8.90881256 0.00890881256 3.68989547
860 3170 8.89469068 0.00889469068 3.68604651
860 3170 8.89477425 0.00889477425 3.68604651
860 3170 8.89473898 0.00889473898 3.68604651
860 3170 8.89471157 0.00889471157 3.68604651
860 3170 8.89471829 0.00889471829 3.68604651
860 3170 8.89472268 0.00889472268 3.68604651
860 3170 8.89472138 0.00889472138 3.68604651
860 3170 8.89472149 0.00889472149 3.68604651
860 3170 8.89472252 0.00889472252 3.68604651
860 3170 8.8947224 0.0088947224 3.68604651
859 3164 8.8804397 0.0088804397 3.68335274
859 3164 8.88043568 0.00888043568 3.68335274
859 3164 8.88038594 0.00888038594 3.68335274
859 3164 8.88039291 0.00888039291 3.68335274
859 3164 8.88039524 0.00888039524 3.68335274
859 3164 8.88039539 0.00888039539 3.68335274
859 3164 8.88039534 0.00888039534 3.68335274
859 3164 8.88039533 0.00888039533 3.68335274
859 3164 8.88039533 0.00888039533 3.68335274
859 3164 8.88039533 0.00888039533 3.68335274
858 3159 8.86569982 0.00886569982 3.68181818
858 3159 8.8657847 0.0088657847 3.68181818
858 3159 8.86583743 0.00886583743 3.68181818
858 3159 8.86586908 0.00886586908 3.68181818
858 3159 8.86591261 0.00886591261 3.68181818
858 3159 8.8659233 0.0088659233 3.68181818
858 3159 8.86567355 0.00886567355 3.68181818
858 3159 8.86588124 0.00886588124 3.68181818
858 3159 8.86589088 0.00886589088 3.68181818
858 3159 8.86585038 0.00886585038 3.68181818
857 3153 8.85116668 0.00885116668 3.67911319
857 3153 8.85088242 0.00885088242 3.67911319
857 3153 8.85092948 0.00885092948 3.67911319
857 3153 8.85081741 0.00885081741 3.67911319
857 3153 8.85077881 0.00885077881 3.67911319
857 3153 8.85077392 0.00885077392 3.67911319
857 3153 8.85077193 0.00885077193 3.67911319
857 3153 8.85076802 0.00885076802 3.67911319
857 3153 8.85076636 0.00885076636 3.67911319
857 3153 8.85076677 0.00885076677 3.67911319
856 3144 8.83593159 0.00883593159 3.6728972
856 3144 8.83590109 0.00883590109 3.6728972
856 3144 8.83586587 0.00883586587 3.6728972
856 3144 8.83590422 0.00883590422 3.6728972
856 3144 8.83595011 0.00883595011 3.6728972
856 3144 8.83596396 0.00883596396 3.6728972
856 3144 8.83596818 0.00883596818 3.6728972
856 3144 8.83596756 0.00883596756 3.6728972
856 3144 8.8359674 0.0088359674 3.6728972
856 3144 8.83596754 0.00883596754 3.6728972
855 3139 8.82054797 0.00882054797 3.67134503
855 3139 8.82071527 0.00882071527 3.67134503
855 3139 8.82075881 0.00882075881 3.67134503
855 3139 8.82073804 0.00882073804 3.67134503
855 3139 8.82074183 0.00882074183 3.67134503
855 3139 8.82074549 0.00882074549 3.67134503
855 3139 8.82074583 0.00882074583 3.67134503
855 3139 8.82074671 0.00882074671 3.67134503
855 3139 8.82074707 0.00882074707 3.67134503
855 3139 8.82074753 0.00882074753 3.67134503
854 3132 8.80512227 0.00880512227 3.66744731
854 3132 8.80519507 0.00880519507 3.66744731
854 3132 8.80516781 0.00880516781 3.66744731
854 3132 8.80510667 0.00880510667 3.66744731
854 3132 8.80511276 0.00880511276 3.66744731
854 3132 8.80517411 0.00880517411 3.66744731
854 3132 8.80511453 0.00880511453 3.66744731
854 3132 8.80511965 0.00880511965 3.66744731
854 3132 8.8051734 0.0088051734 3.66744731
854 3132 8.80511375 0.00880511375 3.66744731
853 3125 8.7887397 0.0087887397 3.66354045
853 3125 8.79121077 0.00879121077 3.66354045
853 3125 8.79117621 0.00879117621 3.66354045
853 3125 8.79114734 0.00879114734 3.66354045
853 3125 8.79113694 0.00879113694 3.66354045
853 3125 8.79114361 0.00879114361 3.66354045
853 3125 8.79115359 0.00879115359 3.66354045
853 3125 8.79115846 0.00879115846 3.66354045
853 3125 8.79116117 0.00879116117 3.66354045
853 3125 8.79116275 0.00879116275 3.66354045
852 3118 8.77541899 0.00877541899 3.65962441
852 3118 8.77536942 0.00877536942 3.65962441
852 3118 8.77541016 0.00877541016 3.65962441
852 3118 8.77540718 0.00877540718 3.65962441
852 3118 8.77540252 0.00877540252 3.65962441
852 3118 8.77540144 0.00877540144 3.65962441
852 3118 8.77539948 0.00877539948 3.65962441
852 3118 8.77539887 0.00877539887 3.65962441
852 3118 8.77539882 0.00877539882 3.65962441
852 3118 8.77539899 0.00877539899 3.65962441
851 3106 8.75913248 0.00875913248 3.64982374
851 3106 8.75914714 0.00875914714 3.64982374
851 3106 8.75914791 0.00875914791 3.64982374
851 3106 8.75914185 0.00875914185 3.64982374
851 3106 8.75914762 0.00875914762 3.64982374
851 3106 8.759152 0.008759152 3.64982374
851 3106 8.75915469 0.00875915469 3.64982374
851 3106 8.75915564 0.00875915564 3.64982374
851 3106 8.75915593 0.00875915593 3.64982374
851 3106 8.75915616 0.00875915616 3.64982374
850 3101 8.74319999 0.00874319999 3.64823529
850 3101 8.74322947 0.00874322947 3.64823529
850 3101 8.74324061 0.00874324061 3.64823529
850 3101 8.74323578 0.00874323578 3.64823529
850 3101 8.74323413 0.00874323413 3.64823529
850 3101 8.7432325 0.0087432325 3.64823529
850 3101 8.74323483 0.00874323483 3.64823529
850 3101 8.74323206 0.00874323206 3.64823529
850 3101 8.74323493 0.00874323493 3.64823529
850 3101 8.74323209 0.00874323209 3.64823529
849 3092 8.72648799 0.00872648799 3.64193168
849 3092 8.72648595 0.00872648595 3.64193168
849 3091 8.7268389 0.0087268389 3.64075383
849 3091 8.72685528 0.00872685528 3.64075383
849 3091 8.72676796 0.00872676796 3.64075383
849 3091 8.72679674 0.00872679674 3.64075383
849 3091 8.72679711 0.00872679711 3.64075383
849 3091 8.72680611 0.00872680611 3.64075383
849 3091 8.7268089 0.0087268089 3.64075383
849 3091 8.72680903 0.00872680903 3.64075383
848 3086 8.71077062 0.00871077062 3.63915094
848 3086 8.71079472 0.00871079472 3.63915094
848 3086 8.71084816 0.00871084816 3.63915094
848 3086 8.71083957 0.00871083957 3.63915094
848 3086 8.71084592 0.00871084592 3.63915094
848 3086 8.71084514 0.00871084514 3.63915094
848 3086 8.71084607 0.00871084607 3.63915094
848 3086 8.71084616 0.00871084616 3.63915094
848 3086 8.71084625 0.00871084625 3.63915094
848 3086 8.71084626 0.00871084626 3.63915094
847 3072 8.69439665 0.00869439665 3.62691854
847 3072 8.69430727 0.00869430727 3.62691854
847 3072 8.69415496 0.00869415496 3.62691854
847 3072 8.69419867 0.00869419867 3.62691854
847 3072 8.69433182 0.00869433182 3.62691854
847 3072 8.69420859 0.00869420859 3.62691854
847 3072 8.69422401 0.00869422401 3.62691854
847 3072 8.69433621 0.00869433621 3.62691854
847 3072 8.694204 0.008694204 3.62691854
847 3072 8.69422353 0.00869422353 3.62691854
846 3065 8.67731353 0.00867731353 3.62293144
846 3063 8.6771401 0.0086771401 3.62056738
846 3063 8.67701997 0.00867701997 3.62056738
846 3063 8.67699578 0.00867699578 3.62056738
846 3063 8.67704049 0.00867704049 3.62056738
846 3063 8.6770536 0.0086770536 3.62056738
846 3063 8.67706539 0.00867706539 3.62056738
846 3063 8.67706455 0.00867706455 3.62056738
846 3063 8.67706605 0.00867706605 3.62056738
846 3063 8.67706829 0.00867706829 3.62056738
845 3059 8.66044493 0.00866044493 3.62011834
845 3068 8.66376748 0.00866376748 3.63076923
845 3068 8.66353608 0.00866353608 3.63076923
845 3063 8.66349546 0.00866349546 3.62485207
845 3068 8.6637125 0.0086637125 3.63076923
845 3068 8.66358191 0.00866358191 3.63076923
845 3063 8.66350758 0.00866350758 3.62485207
845 3068 8.66371142 0.00866371142 3.63076923
845 3068 8.66358209 0.00866358209 3.63076923
845 3063 8.66350799 0.00866350799 3.62485207
844 3054 8.64706148 0.00864706148 3.61848341
844 3057 8.64698063 0.00864698063 3.62203791
844 3062 8.65147629 0.00865147629 3.62796209
844 3062 8.65159379 0.00865159379 3.62796209
844 3062 8.65147854 0.00865147854 3.62796209
844 3062 8.65149586 0.00865149586 3.62796209
844 3062 8.65159025 0.00865159025 3.62796209
844 3062 8.65147684 0.00865147684 3.62796209
844 3062 8.65149521 0.00865149521 3.62796209
844 3062 8.65159029 0.00865159029 3.62796209
843 3053 8.63547926 0.00863547926 3.62158956
843 3048 8.63531642 0.00863531642 3.61565836
843 3053 8.63558623 0.00863558623 3.62158956
843 3053 8.63549897 0.00863549897 3.62158956
843 3044 8.63541698 0.00863541698 3.6109134
843 3053 8.63563209 0.00863563209 3.62158956
843 3053 8.63544099 0.00863544099 3.62158956
843 3044 8.63540612 0.00863540612 3.6109134
843 3053 8.63563401 0.00863563401 3.62158956
843 3053 8.63543998 0.00863543998 3.62158956
842 3039 8.61929136 0.00861929136 3.60926366
842 3039 8.61923857 0.00861923857 3.60926366
842 3039 8.61909354 0.00861909354 3.60926366
842 3039 8.6190764 0.0086190764 3.60926366
842 3046 8.61903784 0.00861903784 3.6175772
842 3039 8.61922365 0.00861922365 3.60926366
842 3041 8.6189205 0.0086189205 3.61163895
842 3045 8.61884649 0.00861884649 3.61638955
842 3039 8.61919417 0.00861919417 3.60926366
842 3046 8.61899213 0.00861899213 3.6175772
841 3032 8.60276158 0.00860276158 3.60523187
841 3036 8.60295464 0.00860295464 3.60998811
841 3036 8.60278822 0.00860278822 3.60998811
841 3032 8.6027859 0.0086027859 3.60523187
841 3036 8.60298631 0.00860298631 3.60998811
841 3036 8.60275364 0.00860275364 3.60998811
841 3032 8.60278277 0.00860278277 3.60523187
841 3036 8.60297581 0.00860297581 3.60998811
841 3036 8.60275557 0.00860275557 3.60998811
841 3032 8.60278225 0.00860278225 3.60523187
840 3029 8.58586108 0.00858586108 3.60595238
840 3029 8.58599781 0.00858599781 3.60595238
840 3029 8.58610241 0.00858610241 3.60595238
840 3029 8.58605326 0.00858605326 3.60595238
840 3029 8.58597443 0.00858597443 3.60595238
840 3029 8.5859849 0.0085859849 3.60595238
840 3029 8.58604553 0.00858604553 3.60595238
840 3029 8.58600214 0.00858600214 3.60595238
840 3029 8.58596548 0.00858596548 3.60595238
840 3029 8.58598195 0.00858598195 3.60595238
839 3018 8.56866882 0.00856866882 3.59713945
839 3018 8.56857095 0.00856857095 3.59713945
839 3018 8.56849913 0.00856849913 3.59713945
839 3018 8.56859162 0.00856859162 3.59713945
839 3018 8.56858481 0.00856858481 3.59713945
839 3018 8.56852485 0.00856852485 3.59713945
839 3018 8.56864395 0.00856864395 3.59713945
839 3018 8.56864579 0.00856864579 3.59713945
839 3018 8.56865655 0.00856865655 3.59713945
839 3018 8.56867009 0.00856867009 3.59713945
838 3010 8.55072716 0.00855072716 3.59188544
838 3012 8.55307012 0.00855307012 3.59427208
838 3012 8.55312297 0.00855312297 3.59427208
838 3012 8.55303109 0.00855303109 3.59427208
838 3012 8.55301256 0.00855301256 3.59427208
838 3012 8.55300321 0.00855300321 3.59427208
838 3012 8.55298716 0.00855298716 3.59427208
838 3012 8.55298818 0.00855298818 3.59427208
838 3012 8.5529903 0.0085529903 3.59427208
838 3012 8.55299075 0.00855299075 3.59427208
837 3001 8.53594981 0.00853594981 3.58542413
837 3001 8.53591125 0.00853591125 3.58542413
837 3001 8.53605821 0.00853605821 3.58542413
837 3001 8.53599483 0.00853599483 3.58542413
837 3001 8.53597576 0.00853597576 3.58542413
837 3001 8.53607272 0.00853607272 3.58542413
837 3001 8.53601028 0.00853601028 3.58542413
837 3001 8.53598265 0.00853598265 3.58542413
837 3001 8.53607556 0.00853607556 3.58542413
837 3001 8.5360113 0.0085360113 3.58542413
836 2993 8.51832033 0.00851832033 3.58014354
836 2995 8.52190897 0.00852190897 3.58253589
836 2995 8.52155152 0.00852155152 3.58253589
836 2991 8.5214727 0.0085214727 3.5777512
836 2995 8.52180296 0.00852180296 3.58253589
836 2995 8.52159015 0.00852159015 3.58253589
836 2991 8.52144739 0.00852144739 3.5777512
836 2995 8.52180308 0.00852180308 3.58253589
836 2995 8.52159259 0.00852159259 3.58253589
836 2991 8.52144545 0.00852144545 3.5777512
835 2988 8.50470732 0.00850470732 3.57844311
835 2988 8.50469007 0.00850469007 3.57844311
835 2988 8.50470951 0.00850470951 3.57844311
835 2988 8.5046661 0.0085046661 3.57844311
835 2988 8.50468802 0.00850468802 3.57844311
835 2988 8.50469217 0.00850469217 3.57844311
835 2988 8.50469095 0.00850469095 3.57844311
835 2988 8.50468908 0.00850468908 3.57844311
835 2988 8.50468939 0.00850468939 3.57844311
835 2988 8.50468921 0.00850468921 3.57844311
834 2981 8.48673471 0.00848673471 3.57434053
834 2981 8.48675529 0.00848675529 3.57434053
834 2981 8.48693034 0.00848693034 3.57434053
834 2981 8.48685115 0.00848685115 3.57434053
834 2981 8.48680149 0.00848680149 3.57434053
834 2981 8.48679818 0.00848679818 3.57434053
834 2981 8.48679394 0.00848679394 3.57434053
834 2981 8.48679277 0.00848679277 3.57434053
834 2981 8.48679245 0.00848679245 3.57434053
834 2981 8.48679215 0.00848679215 3.57434053
833 2977 8.46866251 0.00846866251 3.57382953
833 2977 8.4685583 0.0084685583 3.57382953
833 2977 8.46956092 0.00846956092 3.57382953
833 2977 8.46932856 0.00846932856 3.57382953
833 2977 8.46930792 0.00846930792 3.57382953
833 2977 8.46929109 0.00846929109 3.57382953
833 2977 8.46930299 0.00846930299 3.57382953
833 2977 8.46930721 0.00846930721 3.57382953
833 2977 8.46930962 0.00846930962 3.57382953
833 2977 8.46930951 0.00846930951 3.57382953
832 2970 8.45138537 0.00845138537 3.56971154
832 2970 8.45148541 0.00845148541 3.56971154
832 2971 8.4514869 0.0084514869 3.57091346
832 2971 8.45124275 0.00845124275 3.57091346
832 2971 8.45121134 0.00845121134 3.57091346
832 2971 8.45121226 0.00845121226 3.57091346
832 2970 8.45150635 0.00845150635 3.56971154
832 2970 8.4515822 0.0084515822 3.56971154
832 2970 8.45148324 0.00845148324 3.56971154
832 2971 8.45136465 0.00845136465 3.57091346
831 2965 8.43287222 0.00843287222 3.56799037
831 2964 8.43331601 0.00843331601 3.566787
831 2964 8.43354037 0.00843354037 3.566787
831 2964 8.43339695 0.00843339695 3.566787
831 2964 8.43336403 0.00843336403 3.566787
831 2964 8.43335832 0.00843335832 3.566787
831 2964 8.43335271 0.00843335271 3.566787
831 2964 8.43335234 0.00843335234 3.566787
831 2964 8.43335249 0.00843335249 3.566787
831 2964 8.43335214 0.00843335214 3.566787
830 2960 8.4151824 0.0084151824 3.56626506
830 2960 8.41524647 0.00841524647 3.56626506
830 2960 8.41516623 0.00841516623 3.56626506
830 2958 8.41504452 0.00841504452 3.56385542
830 2960 8.41525959 0.00841525959 3.56626506
830 2960 8.41521117 0.00841521117 3.56626506
830 2960 8.41515379 0.00841515379 3.56626506
830 2960 8.41520292 0.00841520292 3.56626506
830 2960 8.41514884 0.00841514884 3.56626506
830 2958 8.41504384 0.00841504384 3.56385542
829 2952 8.39692216 0.00839692216 3.56091677
829 2955 8.39684527 0.00839684527 3.56453559
829 2955 8.39677418 0.00839677418 3.56453559
829 2955 8.39677979 0.00839677979 3.56453559
829 2955 8.39684495 0.00839684495 3.56453559
829 2955 8.39682178 0.00839682178 3.56453559
829 2955 8.39684476 0.00839684476 3.56453559
829 2955 8.3968557 0.0083968557 3.56453559
829 2955 8.39685947 0.00839685947 3.56453559
829 2955 8.39685877 0.00839685877 3.56453559
828 2949 8.37855208 0.00837855208 3.5615942
828 2947 8.37837525 0.00837837525 3.55917874
828 2946 8.37860719 0.00837860719 3.55797101
828 2947 8.37901481 0.00837901481 3.55917874
828 2947 8.37903606 0.00837903606 3.55917874
828 2947 8.37914216 0.00837914216 3.55917874
828 2945 8.37865571 0.00837865571 3.55676329
828 2947 8.37909324 0.00837909324 3.55917874
828 2947 8.37904195 0.00837904195 3.55917874
828 2947 8.37914714 0.00837914714 3.55917874
827 2939 8.36054295 0.00836054295 3.55380895
827 2942 8.36058047 0.00836058047 3.55743652
827 2942 8.36065945 0.00836065945 3.55743652
827 2942 8.36066926 0.00836066926 3.55743652
827 2942 8.36068922 0.00836068922 3.55743652
827 2942 8.36069499 0.00836069499 3.55743652
827 2942 8.36069323 0.00836069323 3.55743652
827 2942 8.36069227 0.00836069227 3.55743652
827 2942 8.36069216 0.00836069216 3.55743652
827 2942 8.36069216 0.00836069216 3.55743652
826 2941 8.34243494 0.00834243494 3.56053269
826 2934 8.34218927 0.00834218927 3.55205811
826 2941 8.3423388 0.0083423388 3.56053269
826 2941 8.34229717 0.00834229717 3.56053269
826 2934 8.342225 0.008342225 3.55205811
826 2941 8.34233799 0.00834233799 3.56053269
826 2941 8.34226152 0.00834226152 3.56053269
826 2934 8.34222867 0.00834222867 3.55205811
826 2941 8.3423383 0.0083423383 3.56053269
826 2941 8.34226163 0.00834226163 3.56053269
825 2933 8.32387271 0.00832387271 3.55515152
825 2938 8.32397331 0.00832397331 3.56121212
825 2933 8.32378764 0.00832378764 3.55515152
825 2938 8.32397627 0.00832397627 3.56121212
825 2933 8.32378716 0.00832378716 3.55515152
825 2938 8.32400865 0.00832400865 3.56121212
825 2933 8.32379757 0.00832379757 3.55515152
825 2938 8.32400838 0.00832400838 3.56121212
825 2933 8.32379671 0.00832379671 3.55515152
825 2938 8.32400859 0.00832400859 3.56121212
824 2930 8.30546533 0.00830546533 3.55582524
824 2930 8.3055852 0.0083055852 3.55582524
824 2930 8.30547216 0.00830547216 3.55582524
824 2930 8.30569521 0.00830569521 3.55582524
824 2930 8.30575698 0.00830575698 3.55582524
824 2930 8.30575592 0.00830575592 3.55582524
824 2930 8.30574917 0.00830574917 3.55582524
824 2930 8.30574739 0.00830574739 3.55582524
824 2930 8.30574749 0.00830574749 3.55582524
824 2930 8.30574823 0.00830574823 3.55582524
823 2923 8.28663368 0.00828663368 3.55164034
823 2923 8.28616795 0.00828616795 3.55164034
823 2924 8.28635334 0.00828635334 3.55285541
823 2924 8.28621171 0.00828621171 3.55285541
823 2923 8.28636519 0.00828636519 3.55164034
823 2924 8.28633195 0.00828633195 3.55285541
823 2924 8.28623837 0.00828623837 3.55285541
823 2923 8.28636014 0.00828636014 3.55164034
823 2924 8.28631187 0.00828631187 3.55285541
823 2924 8.28623377 0.00828623377 3.55285541
822 2917 8.26749498 0.00826749498 3.5486618
822 2917 8.26731747 0.00826731747 3.5486618
822 2917 8.26735931 0.00826735931 3.5486618
822 2917 8.26732527 0.00826732527 3.5486618
822 2917 8.267331 0.008267331 3.5486618
822 2917 8.26732876 0.00826732876 3.5486618
822 2917 8.26732989 0.00826732989 3.5486618
822 2917 8.26733048 0.00826733048 3.5486618
822 2917 8.26733062 0.00826733062 3.5486618
822 2917 8.26733053 0.00826733053 3.5486618
821 2910 8.24805138 0.00824805138 3.54445798
821 2910 8.24816235 0.00824816235 3.54445798
821 2907 8.24798695 0.00824798695 3.5408039
821 2907 8.24784608 0.00824784608 3.5408039
821 2907 8.24786556 0.00824786556 3.5408039
821 2907 8.24786752 0.00824786752 3.5408039
821 2907 8.24786532 0.00824786532 3.5408039
821 2907 8.24786541 0.00824786541 3.5408039
821 2907 8.24786662 0.00824786662 3.5408039
821 2907 8.24786654 0.00824786654 3.5408039
820 2900 8.22849037 0.00822849037 3.53658537
820 2902 8.22795236 0.00822795236 3.53902439
820 2900 8.22861023 0.00822861023 3.53658537
820 2900 8.22859462 0.00822859462 3.53658537
820 2902 8.22793939 0.00822793939 3.53902439
820 2900 8.22856999 0.00822856999 3.53658537
820 2900 8.22854194 0.00822854194 3.53658537
820 2902 8.22804138 0.00822804138 3.53902439
820 2900 8.22856601 0.00822856601 3.53658537
820 2900 8.22855172 0.00822855172 3.53658537
819 2895 8.20897289 0.00820897289 3.53479853
819 2895 8.20909771 0.00820909771 3.53479853
819 2897 8.20853523 0.00820853523 3.53724054
819 2899 8.20837442 0.00820837442 3.53968254
819 2895 8.20896298 0.00820896298 3.53479853
819 2895 8.2089077 0.0082089077 3.53479853
819 2895 8.20897951 0.00820897951 3.53479853
819 2895 8.20896104 0.00820896104 3.53479853
819 2895 8.20898671 0.00820898671 3.53479853
819 2895 8.20895912 0.00820895912 3.53479853
818 2892 8.18928838 0.00818928838 3.53545232
818 2892 8.1893776 0.0081893776 3.53545232
818 2892 8.18931996 0.00818931996 3.53545232
818 2889 8.18948551 0.00818948551 3.53178484
818 2887 8.19607959 0.00819607959 3.52933985
818 2890 8.19948569 0.00819948569 3.53300733
818 2888 8.20289711 0.00820289711 3.53056235
818 2888 8.20440764 0.00820440764 3.53056235
818 2888 8.20442506 0.00820442506 3.53056235
818 2888 8.20444669 0.00820444669 3.53056235
817 2884 8.1857885 0.0081857885 3.52998776
817 2884 8.18586001 0.00818586001 3.52998776
817 2884 8.1857695 0.0081857695 3.52998776
817 2884 8.18578164 0.00818578164 3.52998776
817 2884 8.18584457 0.00818584457 3.52998776
817 2884 8.1859109 0.0081859109 3.52998776
817 2884 8.18591773 0.00818591773 3.52998776
817 2884 8.18589317 0.00818589317 3.52998776
817 2884 8.18588709 0.00818588709 3.52998776
817 2884 8.18588271 0.00818588271 3.52998776
816 2878 8.16713842 0.00816713842 3.52696078
816 2878 8.16707684 0.00816707684 3.52696078
816 2878 8.16711008 0.00816711008 3.52696078
816 2878 8.16708618 0.00816708618 3.52696078
816 2878 8.16709946 0.00816709946 3.52696078
816 2878 8.16709667 0.00816709667 3.52696078
816 2878 8.16709625 0.00816709625 3.52696078
816 2878 8.16709708 0.00816709708 3.52696078
816 2878 8.16709708 0.00816709708 3.52696078
816 2878 8.16709701 0.00816709701 3.52696078
815 2871 8.14818777 0.00814818777 3.52269939
815 2871 8.14827421 0.00814827421 3.52269939
815 2871 8.1482252 0.0081482252 3.52269939
815 2871 8.14818611 0.00814818611 3.52269939
815 2871 8.14832592 0.00814832592 3.52269939
815 2871 8.14824767 0.00814824767 3.52269939
815 2871 8.14826587 0.00814826587 3.52269939
815 2871 8.14827016 0.00814827016 3.52269939
815 2871 8.14833098 0.00814833098 3.52269939
815 2871 8.14823566 0.00814823566 3.52269939
814 2866 8.12848481 0.00812848481 3.52088452
814 2866 8.12871459 0.00812871459 3.52088452
814 2868 8.12855927 0.00812855927 3.52334152
814 2870 8.12837826 0.00812837826 3.52579853
814 2866 8.12873343 0.00812873343 3.52088452
814 2868 8.12870138 0.00812870138 3.52334152
814 2870 8.12838079 0.00812838079 3.52579853
814 2866 8.12873265 0.00812873265 3.52088452
814 2868 8.12869874 0.00812869874 3.52334152
814 2870 8.12838138 0.00812838138 3.52579853
813 2863 8.1096506 0.0081096506 3.52152522
813 2863 8.10967538 0.00810967538 3.52152522
813 2863 8.10972038 0.00810972038 3.52152522
813 2863 8.10971178 0.00810971178 3.52152522
813 2863 8.1097552 0.0081097552 3.52152522
813 2863 8.1098035 0.0081098035 3.52152522
813 2863 8.10949267 0.00810949267 3.52152522
813 2863 8.10938603 0.00810938603 3.52152522
813 2863 8.10978349 0.00810978349 3.52152522
813 2863 8.109715 0.008109715 3.52152522
812 2858 8.09056844 0.00809056844 3.51970443
812 2858 8.09052053 0.00809052053 3.51970443
812 2858 8.09050244 0.00809050244 3.51970443
812 2858 8.09044097 0.00809044097 3.51970443
812 2858 8.09041244 0.00809041244 3.51970443
812 2858 8.090437 0.008090437 3.51970443
812 2858 8.09041122 0.00809041122 3.51970443
812 2858 8.09043394 0.00809043394 3.51970443
812 2858 8.09041009 0.00809041009 3.51970443
812 2858 8.09043058 0.00809043058 3.51970443
811 2853 8.07117155 0.00807117155 3.51787916
811 2853 8.07115853 0.00807115853 3.51787916
811 2853 8.07118316 0.00807118316 3.51787916
811 2853 8.0711775 0.0080711775 3.51787916
811 2853 8.07117855 0.00807117855 3.51787916
811 2853 8.07117884 0.00807117884 3.51787916
811 2853 8.07117899 0.00807117899 3.51787916
811 2853 8.07117903 0.00807117903 3.51787916
811 2853 8.07117904 0.00807117904 3.51787916
811 2853 8.07117904 0.00807117904 3.51787916
810 2848 8.05140426 0.00805140426 3.51604938
810 2846 8.05098756 0.00805098756 3.51358025
810 2846 8.05119614 0.00805119614 3.51358025
810 2846 8.05103212 0.00805103212 3.51358025
810 2848 8.0514711 0.0080514711 3.51604938
810 2848 8.05127648 0.00805127648 3.51604938
810 2848 8.05128859 0.00805128859 3.51604938
810 2848 8.05126712 0.00805126712 3.51604938
810 2848 8.05125982 0.00805125982 3.51604938
810 2848 8.05126591 0.00805126591 3.51604938
809 2841 8.03201067 0.00803201067 3.51174289
809 2841 8.03204172 0.00803204172 3.51174289
809 2841 8.03208363 0.00803208363 3.51174289
809 2841 8.03215126 0.00803215126 3.51174289
809 2841 8.0323195 0.0080323195 3.51174289
809 2841 8.03206793 0.00803206793 3.51174289
809 2841 8.03210455 0.00803210455 3.51174289
809 2841 8.032089 0.008032089 3.51174289
809 2841 8.03208746 0.00803208746 3.51174289
809 2841 8.03208783 0.00803208783 3.51174289
808 2832 8.01153309 0.00801153309 3.5049505
808 2832 8.01164778 0.00801164778 3.5049505
808 2832 8.01168749 0.00801168749 3.5049505
808 2832 8.01171066 0.00801171066 3.5049505
808 2832 8.01167388 0.00801167388 3.5049505
808 2832 8.01165773 0.00801165773 3.5049505
808 2832 8.01170044 0.00801170044 3.5049505
808 2832 8.01171379 0.00801171379 3.5049505
808 2832 8.01166849 0.00801166849 3.5049505
808 2832 8.01165881 0.00801165881 3.5049505
807 2827 7.99022237 0.00799022237 3.50309789
807 2830 7.99515752 0.00799515752 3.50681537
807 2830 7.99511442 0.00799511442 3.50681537
807 2830 7.99518593 0.00799518593 3.50681537
807 2830 7.99519872 0.00799519872 3.50681537
807 2830 7.99519928 0.00799519928 3.50681537
807 2830 7.99519974 0.00799519974 3.50681537
807 2830 7.99520007 0.00799520007 3.50681537
807 2830 7.99519996 0.00799519996 3.50681537
807 2830 7.99519996 0.00799519996 3.50681537
806 2821 7.97520387 0.00797520387 3.5
806 2821 7.9752558 0.0079752558 3.5
806 2821 7.97524293 0.00797524293 3.5
806 2821 7.975235 0.007975235 3.5
806 2821 7.97524432 0.00797524432 3.5
806 2821 7.97525454 0.00797525454 3.5
806 2821 7.9752495 0.0079752495 3.5
806 2821 7.97525006 0.00797525006 3.5
806 2821 7.97524986 0.00797524986 3.5
806 2821 7.97524956 0.00797524956 3.5
805 2817 7.95466693 0.00795466693 3.49937888
805 2817 7.9546711 0.0079546711 3.49937888
805 2817 7.95473947 0.00795473947 3.49937888
805 2817 7.95473399 0.00795473399 3.49937888
805 2817 7.95453792 0.00795453792 3.49937888
805 2817 7.95466639 0.00795466639 3.49937888
805 2817 7.95473147 0.00795473147 3.49937888
805 2817 7.95472658 0.00795472658 3.49937888
805 2817 7.95454083 0.00795454083 3.49937888
805 2817 7.95466635 0.00795466635 3.49937888
804 2811 7.93311105 0.00793311105 3.49626866
804 2806 7.93940289 0.00793940289 3.49004975
804 2806 7.93939531 0.00793939531 3.49004975
804 2806 7.93931829 0.00793931829 3.49004975
804 2806 7.93935639 0.00793935639 3.49004975
804 2806 7.93935753 0.00793935753 3.49004975
804 2806 7.93935367 0.00793935367 3.49004975
804 2806 7.9393498 0.0079393498 3.49004975
804 2806 7.9393505 0.0079393505 3.49004975
804 2806 7.93935037 0.00793935037 3.49004975
803 2802 7.91887253 0.00791887253 3.48941469
803 2799 7.91848068 0.00791848068 3.4856787
803 2802 7.92167756 0.00792167756 3.48941469
803 2802 7.92167546 0.00792167546 3.48941469
803 2802 7.92170994 0.00792170994 3.48941469
803 2802 7.92173342 0.00792173342 3.48941469
803 2802 7.92173612 0.00792173612 3.48941469
803 2802 7.92173797 0.00792173797 3.48941469
803 2802 7.92173841 0.00792173841 3.48941469
803 2802 7.92173833 0.00792173833 3.48941469
802 2793 7.90226105 0.00790226105 3.48254364
802 2793 7.90230558 0.00790230558 3.48254364
802 2793 7.902213 0.007902213 3.48254364
802 2793 7.90230211 0.00790230211 3.48254364
802 2793 7.90227138 0.00790227138 3.48254364
802 2793 7.90225827 0.00790225827 3.48254364
802 2793 7.90225952 0.00790225952 3.48254364
802 2793 7.90225964 0.00790225964 3.48254364
802 2793 7.9022602 0.0079022602 3.48254364
802 2793 7.90226013 0.00790226013 3.48254364
801 2788 7.88233809 0.00788233809 3.48064919
801 2788 7.88253281 0.00788253281 3.48064919
801 2788 7.88216815 0.00788216815 3.48064919
801 2788 7.88243771 0.00788243771 3.48064919
801 2788 7.88220552 0.00788220552 3.48064919
801 2788 7.88243245 0.00788243245 3.48064919
801 2788 7.88219473 0.00788219473 3.48064919
801 2788 7.88242835 0.00788242835 3.48064919
801 2788 7.88219385 0.00788219385 3.48064919
801 2788 7.88242762 0.00788242762 3.48064919
800 2783 7.86228176 0.00786228176 3.47875
800 2783 7.86241467 0.00786241467 3.47875
800 2783 7.86225723 0.00786225723 3.47875
800 2783 7.86226708 0.00786226708 3.47875
800 2783 7.86223856 0.00786223856 3.47875
800 2783 7.86224732 0.00786224732 3.47875
800 2783 7.86223357 0.00786223357 3.47875
800 2783 7.86225094 0.00786225094 3.47875
800 2783 7.86223696 0.00786223696 3.47875
800 2783 7.86225181 0.00786225181 3.47875
799 2779 7.84167689 0.00784167689 3.47809762
799 2774 7.84151495 0.00784151495 3.4718398
799 2779 7.84161452 0.00784161452 3.47809762
799 2774 7.84144444 0.00784144444 3.4718398
799 2779 7.84166712 0.00784166712 3.47809762
799 2774 7.84145226 0.00784145226 3.4718398
799 2779 7.8416636 0.0078416636 3.47809762
799 2774 7.84144969 0.00784144969 3.4718398
799 2779 7.84166202 0.00784166202 3.47809762
799 2774 7.8414494 0.0078414494 3.4718398
798 2770 7.82098597 0.00782098597 3.47117794
798 2770 7.82106159 0.00782106159 3.47117794
798 2770 7.82116094 0.00782116094 3.47117794
798 2770 7.82106107 0.00782106107 3.47117794
798 2770 7.82105445 0.00782105445 3.47117794
798 2770 7.82112267 0.00782112267 3.47117794
798 2770 7.82108277 0.00782108277 3.47117794
798 2770 7.82114244 0.00782114244 3.47117794
798 2770 7.8210824 0.0078210824 3.47117794
798 2770 7.82114028 0.00782114028 3.47117794
797 2765 7.79990111 0.00779990111 3.46925972
797 2765 7.81173085 0.00781173085 3.46925972
797 2762 7.81322173 0.00781322173 3.46549561
797 2762 7.81306833 0.00781306833 3.46549561
797 2762 7.81311247 0.00781311247 3.46549561
797 2762 7.81312832 0.00781312832 3.46549561
797 2762 7.81312031 0.00781312031 3.46549561
797 2762 7.8131204 0.0078131204 3.46549561
797 2762 7.81312138 0.00781312138 3.46549561
797 2762 7.81312119 0.00781312119 3.46549561
796 2749 7.79373561 0.00779373561 3.45351759
796 2749 7.79385177 0.00779385177 3.45351759
796 2749 7.79377503 0.00779377503 3.45351759
796 2749 7.79377692 0.00779377692 3.45351759
796 2749 7.79376965 0.00779376965 3.45351759
796 2749 7.79377184 0.00779377184 3.45351759
796 2749 7.79376733 0.00779376733 3.45351759
796 2749 7.79376872 0.00779376872 3.45351759
796 2749 7.79376812 0.00779376812 3.45351759
796 2749 7.79376814 0.00779376814 3.45351759
795 2745 7.77380875 0.00777380875 3.45283019
795 2745 7.77378673 0.00777378673 3.45283019
795 2745 7.77377502 0.00777377502 3.45283019
795 2745 7.77376116 0.00777376116 3.45283019
795 2745 7.77376353 0.00777376353 3.45283019
795 2745 7.77376447 0.00777376447 3.45283019
795 2745 7.7737647 0.0077737647 3.45283019
795 2745 7.77376485 0.00777376485 3.45283019
795 2745 7.77376476 0.00777376476 3.45283019
795 2745 7.77376476 0.00777376476 3.45283019
794 2736 7.75332804 0.00775332804 3.44584383
794 2736 7.7534134 0.0077534134 3.44584383
794 2736 7.75345157 0.00775345157 3.44584383
794 2739 7.75309157 0.00775309157 3.44962217
794 2730 7.75664698 0.00775664698 3.43828715
794 2730 7.75666585 0.00775666585 3.43828715
794 2730 7.75662197 0.00775662197 3.43828715
794 2730 7.75661996 0.00775661996 3.43828715
794 2730 7.75661657 0.00775661657 3.43828715
794 2730 7.75661681 0.00775661681 3.43828715
793 2726 7.73667133 0.00773667133 3.43757881
793 2726 7.73665326 0.00773665326 3.43757881
793 2726 7.73664237 0.00773664237 3.43757881
793 2726 7.73662816 0.00773662816 3.43757881
793 2726 7.73663078 0.00773663078 3.43757881
793 2726 7.73663171 0.00773663171 3.43757881
793 2726 7.73663186 0.00773663186 3.43757881
793 2726 7.73663202 0.00773663202 3.43757881
793 2726 7.7366319 0.0077366319 3.43757881
793 2726 7.7366319 0.0077366319 3.43757881
792 2717 7.71625783 0.00771625783 3.43055556
792 2721 7.71578854 0.00771578854 3.43560606
792 2717 7.71635296 0.00771635296 3.43055556
792 2718 7.7163058 0.0077163058 3.43181818
792 2716 7.72082704 0.00772082704 3.42929293
792 2716 7.72083372 0.00772083372 3.42929293
792 2716 7.72080899 0.00772080899 3.42929293
792 2716 7.72081201 0.00772081201 3.42929293
792 2716 7.72081298 0.00772081298 3.42929293
792 2716 7.72081042 0.00772081042 3.42929293
791 2712 7.70107922 0.00770107922 3.42857143
791 2712 7.70107086 0.00770107086 3.42857143
791 2712 7.70093851 0.00770093851 3.42857143
791 2712 7.70097689 0.00770097689 3.42857143
791 2712 7.70088069 0.00770088069 3.42857143
791 2712 7.70098474 0.00770098474 3.42857143
791 2712 7.7008838 0.0077008838 3.42857143
791 2712 7.70098469 0.00770098469 3.42857143
791 2712 7.70088407 0.00770088407 3.42857143
791 2712 7.7009845 0.0077009845 3.42857143
790 2703 7.68041752 0.00768041752 3.42151899
790 2703 7.68096349 0.00768096349 3.42151899
790 2707 7.68043139 0.00768043139 3.42658228
790 2703 7.68099099 0.00768099099 3.42151899
790 2703 7.68089577 0.00768089577 3.42151899
790 2707 7.68041723 0.00768041723 3.42658228
790 2703 7.68099835 0.00768099835 3.42151899
790 2703 7.68088646 0.00768088646 3.42151899
790 2707 7.68041683 0.00768041683 3.42658228
790 2703 7.68099855 0.00768099855 3.42151899
789 2694 7.66007923 0.00766007923 3.41444867
789 2698 7.66054941 0.00766054941 3.41951838
789 2698 7.66070424 0.00766070424 3.41951838
789 2698 7.66069077 0.00766069077 3.41951838
789 2698 7.6607744 0.0076607744 3.41951838
789 2698 7.6606433 0.0076606433 3.41951838
789 2698 7.66078139 0.00766078139 3.41951838
789 2698 7.66064886 0.00766064886 3.41951838
789 2698 7.66078027 0.00766078027 3.41951838
789 2698 7.66064982 0.00766064982 3.41951838
788 2689 7.64058577 0.00764058577 3.41243655
788 2689 7.64041268 0.00764041268 3.41243655
788 2689 7.64041363 0.00764041363 3.41243655
788 2689 7.64040876 0.00764040876 3.41243655
788 2693 7.64025356 0.00764025356 3.41751269
788 2689 7.64054196 0.00764054196 3.41243655
788 2689 7.64043805 0.00764043805 3.41243655
788 2689 7.64032777 0.00764032777 3.41243655
788 2693 7.64005508 0.00764005508 3.41751269
788 2689 7.64050197 0.00764050197 3.41243655
787 2684 7.62036213 0.00762036213 3.41041931
787 2684 7.62027241 0.00762027241 3.41041931
787 2684 7.62027797 0.00762027797 3.41041931
787 2684 7.62021163 0.00762021163 3.41041931
787 2684 7.62020821 0.00762020821 3.41041931
787 2684 7.62021422 0.00762021422 3.41041931
787 2684 7.62021857 0.00762021857 3.41041931
787 2684 7.62021885 0.00762021885 3.41041931
787 2684 7.62021879 0.00762021879 3.41041931
787 2684 7.6202186 0.0076202186 3.41041931
786 2675 7.60012966 0.00760012966 3.40330789
786 2675 7.60018146 0.00760018146 3.40330789
786 2675 7.60025591 0.00760025591 3.40330789
786 2675 7.60023738 0.00760023738 3.40330789
786 2675 7.60023767 0.00760023767 3.40330789
786 2675 7.60024245 0.00760024245 3.40330789
786 2675 7.60024275 0.00760024275 3.40330789
786 2675 7.6002424 0.0076002424 3.40330789
786 2675 7.60024221 0.00760024221 3.40330789
786 2675 7.60024225 0.00760024225 3.40330789
785 2662 7.57868142 0.00757868142 3.3910828
785 2667 7.58133192 0.00758133192 3.39745223
785 2669 7.59556507 0.00759556507 3.4
785 2669 7.59538132 0.00759538132 3.4
785 2669 7.59546396 0.00759546396 3.4
785 2669 7.59549608 0.00759549608 3.4
785 2669 7.59546063 0.00759546063 3.4
785 2669 7.59545583 0.00759545583 3.4
785 2669 7.59544626 0.00759544626 3.4
785 2669 7.59544202 0.00759544202 3.4
784 2660 7.57577381 0.00757577381 3.39285714
784 2660 7.57562845 0.00757562845 3.39285714
784 2660 7.57562648 0.00757562648 3.39285714
784 2660 7.57557915 0.00757557915 3.39285714
784 2660 7.57558362 0.00757558362 3.39285714
784 2660 7.57558146 0.00757558146 3.39285714
784 2660 7.57558334 0.00757558334 3.39285714
784 2660 7.57558535 0.00757558535 3.39285714
784 2660 7.57558486 0.00757558486 3.39285714
784 2660 7.57558457 0.00757558457 3.39285714
783 2651 7.55530111 0.00755530111 3.38569604
783 2651 7.55543756 0.00755543756 3.38569604
783 2651 7.55553308 0.00755553308 3.38569604
783 2651 7.55551901 0.00755551901 3.38569604
783 2651 7.55551919 0.00755551919 3.38569604
783 2651 7.55551828 0.00755551828 3.38569604
783 2651 7.55551804 0.00755551804 3.38569604
783 2651 7.55551807 0.00755551807 3.38569604
783 2651 7.55551807 0.00755551807 3.38569604
783 2651 7.55551807 0.00755551807 3.38569604
782 2644 7.53429351 0.00753429351 3.38107417
782 2650 7.55117862 0.00755117862 3.3887468
782 2650 7.55103638 0.00755103638 3.3887468
782 2650 7.55098559 0.00755098559 3.3887468
782 2650 7.55097956 0.00755097956 3.3887468
782 2650 7.55098048 0.00755098048 3.3887468
782 2650 7.55098521 0.00755098521 3.3887468
782 2650 7.55098511 0.00755098511 3.3887468
782 2650 7.55098464 0.00755098464 3.3887468
782 2650 7.55098464 0.00755098464 3.3887468
781 2641 7.53157691 0.00753157691 3.3815621
781 2641 7.53170158 0.00753170158 3.3815621
781 2641 7.53168506 0.00753168506 3.3815621
781 2641 7.53168269 0.00753168269 3.3815621
781 2641 7.53167697 0.00753167697 3.3815621
781 2641 7.53167818 0.00753167818 3.3815621
781 2641 7.53167794 0.00753167794 3.3815621
781 2641 7.53167791 0.00753167791 3.3815621
781 2641 7.53167786 0.00753167786 3.3815621
781 2641 7.53167786 0.00753167786 3.3815621
780 2636 7.51014995 0.00751014995 3.37948718
780 2633 7.5108157 0.0075108157 3.37564103
780 2633 7.51071761 0.00751071761 3.37564103
780 2633 7.51069473 0.00751069473 3.37564103
780 2633 7.51070939 0.00751070939 3.37564103
780 2633 7.51071021 0.00751071021 3.37564103
780 2633 7.51071155 0.00751071155 3.37564103
780 2633 7.51071169 0.00751071169 3.37564103
780 2633 7.51071186 0.00751071186 3.37564103
780 2633 7.51071187 0.00751071187 3.37564103
779 2628 7.4910196 0.0074910196 3.37355584
779 2628 7.49100033 0.00749100033 3.37355584
779 2628 7.49099037 0.00749099037 3.37355584
779 2628 7.49097726 0.00749097726 3.37355584
779 2628 7.49097641 0.00749097641 3.37355584
779 2628 7.49097604 0.00749097604 3.37355584
779 2628 7.49097628 0.00749097628 3.37355584
779 2628 7.49097603 0.00749097603 3.37355584
779 2628 7.490976 0.007490976 3.37355584
779 2628 7.49097598 0.00749097598 3.37355584
778 2623 7.47012516 0.00747012516 3.3714653
778 2621 7.47032497 0.00747032497 3.3688946
778 2621 7.47154846 0.00747154846 3.3688946
778 2621 7.47166858 0.00747166858 3.3688946
778 2621 7.47149918 0.00747149918 3.3688946
778 2621 7.47155475 0.00747155475 3.3688946
778 2621 7.47165994 0.00747165994 3.3688946
778 2621 7.47150293 0.00747150293 3.3688946
778 2621 7.47155096 0.00747155096 3.3688946
778 2621 7.471661 0.007471661 3.3688946
777 2616 7.45154251 0.00745154251 3.36679537
777 2616 7.45185787 0.00745185787 3.36679537
777 2616 7.45166827 0.00745166827 3.36679537
777 2616 7.45179188 0.00745179188 3.36679537
777 2616 7.45164934 0.00745164934 3.36679537
777 2616 7.4517852 0.0074517852 3.36679537
777 2616 7.45165357 0.00745165357 3.36679537
777 2616 7.45178504 0.00745178504 3.36679537
777 2616 7.45165462 0.00745165462 3.36679537
777 2616 7.45178484 0.00745178484 3.36679537
776 2611 7.43041709 0.00743041709 3.36469072
776 2605 7.43089764 0.00743089764 3.35695876
776 2605 7.43066187 0.00743066187 3.35695876
776 2611 7.43037154 0.00743037154 3.36469072
776 2605 7.430777 0.007430777 3.35695876
776 2611 7.43035179 0.00743035179 3.36469072
776 2605 7.43080553 0.00743080553 3.35695876
776 2611 7.43035123 0.00743035123 3.36469072
776 2605 7.43080706 0.00743080706 3.35695876
776 2611 7.4303509 0.0074303509 3.36469072
775 2600 7.40983614 0.00740983614 3.35483871
775 2600 7.40995321 0.00740995321 3.35483871
775 2600 7.40998761 0.00740998761 3.35483871
775 2600 7.41000274 0.00741000274 3.35483871
775 2600 7.40998455 0.00740998455 3.35483871
775 2600 7.40997984 0.00740997984 3.35483871
775 2600 7.4099794 0.0074099794 3.35483871
775 2600 7.40998013 0.00740998013 3.35483871
775 2600 7.40998043 0.00740998043 3.35483871
775 2600 7.40998043 0.00740998043 3.35483871
774 2590 7.38892089 0.00738892089 3.34625323
774 2590 7.38890113 0.00738890113 3.34625323
774 2590 7.38882194 0.00738882194 3.34625323
774 2590 7.38873336 0.00738873336 3.34625323
774 2590 7.38887859 0.00738887859 3.34625323
774 2590 7.38880638 0.00738880638 3.34625323
774 2590 7.3887326 0.0073887326 3.34625323
774 2590 7.38887789 0.00738887789 3.34625323
774 2590 7.38880547 0.00738880547 3.34625323
774 2590 7.38873307 0.00738873307 3.34625323
773 2584 7.36639426 0.00736639426 3.34282018
773 2582 7.37732474 0.00737732474 3.34023286
773 2582 7.37724305 0.00737724305 3.34023286
773 2582 7.37725533 0.00737725533 3.34023286
773 2582 7.37725156 0.00737725156 3.34023286
773 2582 7.37724971 0.00737724971 3.34023286
773 2582 7.37725037 0.00737725037 3.34023286
773 2582 7.37725012 0.00737725012 3.34023286
773 2582 7.37725015 0.00737725015 3.34023286
773 2582 7.37725009 0.00737725009 3.34023286
772 2577 7.35607764 0.00735607764 3.3380829
772 2577 7.35608964 0.00735608964 3.3380829
772 2579 7.37568315 0.00737568315 3.34067358
772 2579 7.37590483 0.00737590483 3.34067358
772 2579 7.37593936 0.00737593936 3.34067358
772 2579 7.37589265 0.00737589265 3.34067358
772 2579 7.37588595 0.00737588595 3.34067358
772 2579 7.37587946 0.00737587946 3.34067358
772 2579 7.37587773 0.00737587773 3.34067358
772 2579 7.37587868 0.00737587868 3.34067358
771 2569 7.35540791 0.00735540791 3.33203632
771 2569 7.35526389 0.00735526389 3.33203632
771 2569 7.35526312 0.00735526312 3.33203632
771 2569 7.35519307 0.00735519307 3.33203632
771 2569 7.3551666 0.0073551666 3.33203632
771 2569 7.35516092 0.00735516092 3.33203632
771 2569 7.35516064 0.00735516064 3.33203632
771 2569 7.35516219 0.00735516219 3.33203632
771 2569 7.35516282 0.00735516282 3.33203632
771 2569 7.35516277 0.00735516277 3.33203632
770 2564 7.33386378 0.00733386378 3.32987013
770 2563 7.33377544 0.00733377544 3.32857143
770 2564 7.34409699 0.00734409699 3.32987013
770 2565 7.34387702 0.00734387702 3.33116883
770 2564 7.34921894 0.00734921894 3.32987013
770 2566 7.35100663 0.00735100663 3.33246753
770 2569 7.35164028 0.00735164028 3.33636364
770 2572 7.35245299 0.00735245299 3.34025974
770 2572 7.35255675 0.00735255675 3.34025974
770 2572 7.35245896 0.00735245896 3.34025974
769 2567 7.33431473 0.00733431473 3.33810143
769 2567 7.33421152 0.00733421152 3.33810143
769 2567 7.33421034 0.00733421034 3.33810143
769 2567 7.33413424 0.00733413424 3.33810143
769 2567 7.33423863 0.00733423863 3.33810143
769 2567 7.33420028 0.00733420028 3.33810143
769 2567 7.33420448 0.00733420448 3.33810143
769 2567 7.33414461 0.00733414461 3.33810143
769 2567 7.33413009 0.00733413009 3.33810143
769 2567 7.33423925 0.00733423925 3.33810143
768 2560 7.31500991 0.00731500991 3.33333333
768 2560 7.31571908 0.00731571908 3.33333333
768 2560 7.31584541 0.00731584541 3.33333333
768 2560 7.3157228 0.0073157228 3.33333333
768 2560 7.31598895 0.00731598895 3.33333333
768 2560 7.31586524 0.00731586524 3.33333333
768 2560 7.31585382 0.00731585382 3.33333333
768 2560 7.31570252 0.00731570252 3.33333333
768 2560 7.31598552 0.00731598552 3.33333333
768 2560 7.31586312 0.00731586312 3.33333333
767 2555 7.29706715 0.00729706715 3.33116037
767 2555 7.29730029 0.00729730029 3.33116037
767 2555 7.29700074 0.00729700074 3.33116037
767 2555 7.29718915 0.00729718915 3.33116037
767 2555 7.29710096 0.00729710096 3.33116037
767 2555 7.29722137 0.00729722137 3.33116037
767 2555 7.29711231 0.00729711231 3.33116037
767 2555 7.29721395 0.00729721395 3.33116037
767 2555 7.29710793 0.00729710793 3.33116037
767 2555 7.29721416 0.00729721416 3.33116037
766 2549 7.27757382 0.00727757382 3.32767624
766 2549 7.27766616 0.00727766616 3.32767624
766 2549 7.2776141 0.0072776141 3.32767624
766 2549 7.2776101 0.0072776101 3.32767624
766 2549 7.27762692 0.00727762692 3.32767624
766 2549 7.27763311 0.00727763311 3.32767624
766 2549 7.27763309 0.00727763309 3.32767624
766 2549 7.27763332 0.00727763332 3.32767624
766 2549 7.27763312 0.00727763312 3.32767624
766 2549 7.27763303 0.00727763303 3.32767624
765 2544 7.25773712 0.00725773712 3.3254902
765 2544 7.25792145 0.00725792145 3.3254902
765 2544 7.25776418 0.00725776418 3.3254902
765 2544 7.25770981 0.00725770981 3.3254902
765 2544 7.25771682 0.00725771682 3.3254902
765 2544 7.25771661 0.00725771661 3.3254902
765 2544 7.25771646 0.00725771646 3.3254902
765 2544 7.25771632 0.00725771632 3.3254902
765 2544 7.25771633 0.00725771633 3.3254902
765 2544 7.25771634 0.00725771634 3.3254902
764 2540 7.23722792 0.00723722792 3.32460733
764 2538 7.23693287 0.00723693287 3.32198953
764 2540 7.23783016 0.00723783016 3.32460733
764 2539 7.25440355 0.00725440355 3.32329843
764 2539 7.25783079 0.00725783079 3.32329843
764 2533 7.26373396 0.00726373396 3.31544503
764 2537 7.26625592 0.00726625592 3.32068063
764 2545 7.27269664 0.00727269664 3.33115183
764 2539 7.28230104 0.00728230104 3.32329843
764 2545 7.28788227 0.00728788227 3.33115183
763 2540 7.27345959 0.00727345959 3.32896461
763 2538 7.28636924 0.00728636924 3.32634338
763 2540 7.2879118 0.0072879118 3.32896461
763 2535 7.2901118 0.0072901118 3.32241153
763 2539 7.29293096 0.00729293096 3.327654
763 2535 7.29459906 0.00729459906 3.32241153
763 2531 7.31129473 0.00731129473 3.31716907
763 2531 7.31103025 0.00731103025 3.31716907
763 2531 7.31105926 0.00731105926 3.31716907
763 2531 7.3110872 0.0073110872 3.31716907
762 2528 7.29454491 0.00729454491 3.3175853
762 2528 7.29463702 0.00729463702 3.3175853
762 2528 7.29457229 0.00729457229 3.3175853
762 2528 7.29461844 0.00729461844 3.3175853
762 2528 7.29460762 0.00729460762 3.3175853
762 2528 7.29464557 0.00729464557 3.3175853
762 2528 7.2946009 0.0072946009 3.3175853
762 2528 7.29464293 0.00729464293 3.3175853
762 2528 7.29459856 0.00729459856 3.3175853
762 2528 7.29464143 0.00729464143 3.3175853
761 2522 7.27814224 0.00727814224 3.31406045
761 2519 7.2787184 0.0072787184 3.31011827
761 2519 7.27848303 0.00727848303 3.31011827
761 2519 7.27847177 0.00727847177 3.31011827
761 2519 7.27851531 0.00727851531 3.31011827
761 2519 7.2785117 0.0072785117 3.31011827
761 2519 7.27851044 0.00727851044 3.31011827
761 2519 7.27851123 0.00727851123 3.31011827
761 2519 7.27851047 0.00727851047 3.31011827
761 2519 7.27851047 0.00727851047 3.31011827
760 2516 7.26242787 0.00726242787 3.31052632
760 2516 7.26259008 0.00726259008 3.31052632
760 2516 7.26266548 0.00726266548 3.31052632
760 2516 7.26254128 0.00726254128 3.31052632
760 2516 7.26267881 0.00726267881 3.31052632
760 2516 7.2625663 0.0072625663 3.31052632
760 2516 7.26267153 0.00726267153 3.31052632
760 2516 7.26256614 0.00726256614 3.31052632
760 2516 7.26267057 0.00726267057 3.31052632
760 2516 7.26256619 0.00726256619 3.31052632
759 2509 7.2453834 0.0072453834 3.30566535
759 2509 7.24540948 0.00724540948 3.30566535
759 2513 7.24538958 0.00724538958 3.31093544
759 2509 7.24534297 0.00724534297 3.30566535
759 2509 7.245313 0.007245313 3.30566535
759 2513 7.2454018 0.0072454018 3.31093544
759 2509 7.24536355 0.00724536355 3.30566535
759 2509 7.24531061 0.00724531061 3.30566535
759 2513 7.24540247 0.00724540247 3.31093544
759 2509 7.24536303 0.00724536303 3.30566535
758 2506 7.228411 0.007228411 3.3060686
758 2506 7.22826629 0.00722826629 3.3060686
758 2506 7.22829997 0.00722829997 3.3060686
758 2506 7.22832023 0.00722832023 3.3060686
758 2506 7.22831399 0.00722831399 3.3060686
758 2506 7.22831452 0.00722831452 3.3060686
758 2506 7.22831405 0.00722831405 3.3060686
758 2506 7.22831423 0.00722831423 3.3060686
758 2506 7.22831424 0.00722831424 3.3060686
758 2506 7.22831424 0.00722831424 3.3060686
757 2500 7.2110471 0.0072110471 3.30250991
757 2501 7.2108551 0.0072108551 3.30383091
757 2503 7.21073163 0.00721073163 3.30647292
757 2500 7.21112455 0.00721112455 3.30250991
757 2501 7.21090238 0.00721090238 3.30383091
757 2503 7.21075132 0.00721075132 3.30647292
757 2500 7.2111188 0.0072111188 3.30250991
757 2501 7.21090254 0.00721090254 3.30383091
757 2503 7.2107523 0.0072107523 3.30647292
757 2500 7.21111851 0.00721111851 3.30250991
756 2494 7.19383094 0.00719383094 3.2989418
756 2494 7.19386899 0.00719386899 3.2989418
756 2496 7.19376661 0.00719376661 3.3015873
756 2494 7.1938551 0.0071938551 3.2989418
756 2496 7.19377511 0.00719377511 3.3015873
756 2494 7.19386689 0.00719386689 3.2989418
756 2496 7.19378182 0.00719378182 3.3015873
756 2494 7.19386691 0.00719386691 3.2989418
756 2496 7.19378212 0.00719378212 3.3015873
756 2494 7.19386684 0.00719386684 3.2989418
755 2490 7.17670696 0.00717670696 3.29801325
755 2490 7.1767483 0.0071767483 3.29801325
755 2490 7.17679279 0.00717679279 3.29801325
755 2490 7.17673654 0.00717673654 3.29801325
755 2490 7.17674256 0.00717674256 3.29801325
755 2490 7.176733 0.007176733 3.29801325
755 2490 7.17673835 0.00717673835 3.29801325
755 2490 7.17673206 0.00717673206 3.29801325
755 2490 7.17673802 0.00717673802 3.29801325
755 2490 7.17673202 0.00717673202 3.29801325
754 2483 7.15928294 0.00715928294 3.29310345
754 2485 7.15928019 0.00715928019 3.29575597
754 2485 7.15932376 0.00715932376 3.29575597
754 2485 7.15930915 0.00715930915 3.29575597
754 2485 7.15928913 0.00715928913 3.29575597
754 2485 7.15929733 0.00715929733 3.29575597
754 2485 7.15928928 0.00715928928 3.29575597
754 2485 7.15929606 0.00715929606 3.29575597
754 2485 7.15928922 0.00715928922 3.29575597
754 2485 7.15929652 0.00715929652 3.29575597
753 2481 7.14190033 0.00714190033 3.29482072
753 2479 7.14430801 0.00714430801 3.29216467
753 2479 7.14437875 0.00714437875 3.29216467
753 2479 7.14446116 0.00714446116 3.29216467
753 2479 7.1444127 0.0071444127 3.29216467
753 2479 7.14440329 0.00714440329 3.29216467
753 2479 7.14443578 0.00714443578 3.29216467
753 2479 7.14443301 0.00714443301 3.29216467
753 2479 7.14440661 0.00714440661 3.29216467
753 2479 7.14443322 0.00714443322 3.29216467
752 2472 7.12719239 0.00712719239 3.28723404
752 2472 7.12702047 0.00712702047 3.28723404
752 2472 7.12704295 0.00712704295 3.28723404
752 2474 7.12692759 0.00712692759 3.28989362
752 2474 7.12699991 0.00712699991 3.28989362
752 2474 7.12699129 0.00712699129 3.28989362
752 2474 7.12695675 0.00712695675 3.28989362
752 2474 7.12700121 0.00712700121 3.28989362
752 2474 7.12699621 0.00712699621 3.28989362
752 2474 7.12696656 0.00712696656 3.28989362
751 2467 7.10965386 0.00710965386 3.2849534
751 2467 7.10947406 0.00710947406 3.2849534
751 2467 7.10955131 0.00710955131 3.2849534
751 2467 7.10946649 0.00710946649 3.2849534
751 2467 7.10947087 0.00710947087 3.2849534
751 2467 7.10946644 0.00710946644 3.2849534
751 2467 7.10945987 0.00710945987 3.2849534
751 2467 7.10945811 0.00710945811 3.2849534
751 2467 7.1094581 0.0071094581 3.2849534
751 2467 7.10945814 0.00710945814 3.2849534
750 2460 7.09171047 0.00709171047 3.28
750 2460 7.09180493 0.00709180493 3.28
750 2460 7.09166774 0.00709166774 3.28
750 2460 7.09170172 0.00709170172 3.28
750 2460 7.0917444 0.0070917444 3.28
750 2460 7.09167778 0.00709167778 3.28
750 2460 7.09175804 0.00709175804 3.28
750 2460 7.09166623 0.00709166623 3.28
750 2460 7.0917652 0.0070917652 3.28
750 2460 7.0916659 0.0070916659 3.28
749 2451 7.07352613 0.00707352613 3.27236315
749 2458 7.0737433 0.0070737433 3.28170895
749 2458 7.07363602 0.00707363602 3.28170895
749 2458 7.07370235 0.00707370235 3.28170895
749 2458 7.0736241 0.0070736241 3.28170895
749 2458 7.07370022 0.00707370022 3.28170895
749 2458 7.07362005 0.00707362005 3.28170895
749 2458 7.07369855 0.00707369855 3.28170895
749 2458 7.0736202 0.0070736202 3.28170895
749 2458 7.0736992 0.0070736992 3.28170895
748 2449 7.05576031 0.00705576031 3.27406417
748 2456 7.05570657 0.00705570657 3.28342246
748 2454 7.05630976 0.00705630976 3.28074866
748 2449 7.05569595 0.00705569595 3.27406417
748 2454 7.0563026 0.0070563026 3.28074866
748 2454 7.05627045 0.00705627045 3.28074866
748 2454 7.05615119 0.00705615119 3.28074866
748 2449 7.05571741 0.00705571741 3.27406417
748 2454 7.05628536 0.00705628536 3.28074866
748 2454 7.05626851 0.00705626851 3.28074866
747 2447 7.03821844 0.00703821844 3.27576975
747 2447 7.03826364 0.00703826364 3.27576975
747 2447 7.03833298 0.00703833298 3.27576975
747 2447 7.03831285 0.00703831285 3.27576975
747 2447 7.03830256 0.00703830256 3.27576975
747 2447 7.03831271 0.00703831271 3.27576975
747 2447 7.03831507 0.00703831507 3.27576975
747 2447 7.03831514 0.00703831514 3.27576975
747 2447 7.03831539 0.00703831539 3.27576975
747 2447 7.03831533 0.00703831533 3.27576975
746 2441 7.02018745 0.00702018745 3.27211796
746 2439 7.01996125 0.00701996125 3.269437
746 2439 7.01976602 0.00701976602 3.269437
746 2439 7.02003566 0.00702003566 3.269437
746 2441 7.02007046 0.00702007046 3.27211796
746 2441 7.0202411 0.0070202411 3.27211796
746 2441 7.02018668 0.00702018668 3.27211796
746 2441 7.02019368 0.00702019368 3.27211796
746 2441 7.02017657 0.00702017657 3.27211796
746 2441 7.0201813 0.0070201813 3.27211796
745 2432 7.00193209 0.00700193209 3.26442953
745 2432 7.00193133 0.00700193133 3.26442953
745 2432 7.00177427 0.00700177427 3.26442953
745 2432 7.00176488 0.00700176488 3.26442953
745 2432 7.00195122 0.00700195122 3.26442953
745 2432 7.00176513 0.00700176513 3.26442953
745 2432 7.00176237 0.00700176237 3.26442953
745 2432 7.00195829 0.00700195829 3.26442953
745 2432 7.00176442 0.00700176442 3.26442953
745 2432 7.00176302 0.00700176302 3.26442953
744 2425 6.98323796 0.00698323796 3.2594086
744 2425 6.98311035 0.00698311035 3.2594086
744 2425 6.98316587 0.00698316587 3.2594086
744 2425 6.98312407 0.00698312407 3.2594086
744 2425 6.98312013 0.00698312013 3.2594086
744 2425 6.9831256 0.0069831256 3.2594086
744 2425 6.98312482 0.00698312482 3.2594086
744 2425 6.98312388 0.00698312388 3.2594086
744 2425 6.9831238 0.0069831238 3.2594086
744 2425 6.98312363 0.00698312363 3.2594086
743 2419 6.96415169 0.00696415169 3.25572005
743 2419 6.96420677 0.00696420677 3.25572005
743 2419 6.96426618 0.00696426618 3.25572005
743 2419 6.96426978 0.00696426978 3.25572005
743 2419 6.96420626 0.00696420626 3.25572005
743 2419 6.964271 0.006964271 3.25572005
743 2419 6.96426896 0.00696426896 3.25572005
743 2419 6.96420692 0.00696420692 3.25572005
743 2419 6.96427066 0.00696427066 3.25572005
743 2419 6.96426897 0.00696426897 3.25572005
742 2417 6.94487587 0.00694487587 3.2574124
742 2418 6.94499378 0.00694499378 3.25876011
742 2418 6.94494969 0.00694494969 3.25876011
742 2418 6.94517384 0.00694517384 3.25876011
742 2422 6.94496989 0.00694496989 3.26415094
742 2417 6.96237818 0.00696237818 3.2574124
742 2417 6.96225712 0.00696225712 3.2574124
742 2417 6.96224841 0.00696224841 3.2574124
742 2417 6.96224697 0.00696224697 3.2574124
742 2417 6.96224718 0.00696224718 3.2574124
741 2415 6.94333294 0.00694333294 3.25910931
741 2415 6.94324207 0.00694324207 3.25910931
741 2415 6.9434405 0.0069434405 3.25910931
741 2415 6.9433977 0.0069433977 3.25910931
741 2415 6.94340549 0.00694340549 3.25910931
741 2415 6.94340119 0.00694340119 3.25910931
741 2415 6.94340044 0.00694340044 3.25910931
741 2415 6.94340025 0.00694340025 3.25910931
741 2415 6.94340024 0.00694340024 3.25910931
741 2415 6.94340032 0.00694340032 3.25910931
740 2410 6.92404809 0.00692404809 3.25675676
740 2410 6.9241886 0.0069241886 3.25675676
740 2410 6.92390889 0.00692390889 3.25675676
740 2404 6.92339369 0.00692339369 3.24864865
740 2410 6.92402312 0.00692402312 3.25675676
740 2410 6.92389779 0.00692389779 3.25675676
740 2404 6.92340232 0.00692340232 3.24864865
740 2410 6.92402934 0.00692402934 3.25675676
740 2410 6.92389884 0.00692389884 3.25675676
740 2404 6.92340313 0.00692340313 3.24864865
739 2399 6.90445791 0.00690445791 3.24627876
739 2399 6.90427313 0.00690427313 3.24627876
739 2399 6.90429819 0.00690429819 3.24627876
739 2404 6.90416302 0.00690416302 3.25304465
739 2408 6.9037708 0.0069037708 3.25845737
739 2404 6.90411028 0.00690411028 3.25304465
739 2399 6.90426488 0.00690426488 3.24627876
739 2404 6.90408265 0.00690408265 3.25304465
739 2408 6.90376997 0.00690376997 3.25845737
739 2399 6.90430305 0.00690430305 3.24627876
738 2393 6.88438869 0.00688438869 3.24254743
738 2397 6.88415252 0.00688415252 3.24796748
738 2393 6.88443261 0.00688443261 3.24254743
738 2402 6.88436526 0.00688436526 3.25474255
738 2397 6.88410736 0.00688410736 3.24796748
738 2402 6.88428156 0.00688428156 3.25474255
738 2397 6.8840715 0.0068840715 3.24796748
738 2402 6.88427662 0.00688427662 3.25474255
738 2397 6.88408067 0.00688408067 3.24796748
738 2402 6.88427879 0.00688427879 3.25474255
737 2391 6.86489065 0.00686489065 3.24423338
737 2392 6.86448589 0.00686448589 3.24559023
737 2397 6.86456854 0.00686456854 3.25237449
737 2392 6.86439492 0.00686439492 3.24559023
737 2397 6.86445298 0.00686445298 3.25237449
737 2392 6.86436337 0.00686436337 3.24559023
737 2397 6.8644694 0.0068644694 3.25237449
737 2392 6.86436691 0.00686436691 3.24559023
737 2397 6.86447062 0.00686447062 3.25237449
737 2392 6.86436595 0.00686436595 3.24559023
736 2386 6.84497115 0.00684497115 3.24184783
736 2386 6.8451617 0.0068451617 3.24184783
736 2386 6.84505319 0.00684505319 3.24184783
736 2386 6.84504245 0.00684504245 3.24184783
736 2386 6.84504663 0.00684504663 3.24184783
736 2386 6.84504692 0.00684504692 3.24184783
736 2386 6.84504508 0.00684504508 3.24184783
736 2386 6.8450455 0.0068450455 3.24184783
736 2386 6.84504542 0.00684504542 3.24184783
736 2386 6.84504517 0.00684504517 3.24184783
735 2381 6.82466486 0.00682466486 3.23945578
735 2381 6.82475056 0.00682475056 3.23945578
735 2381 6.82474655 0.00682474655 3.23945578
735 2381 6.8247668 0.0068247668 3.23945578
735 2381 6.82476353 0.00682476353 3.23945578
735 2381 6.8247646 0.0068247646 3.23945578
735 2381 6.82476425 0.00682476425 3.23945578
735 2381 6.82476427 0.00682476427 3.23945578
735 2381 6.82476423 0.00682476423 3.23945578
735 2381 6.82476423 0.00682476423 3.23945578
734 2377 6.80462863 0.00680462863 3.23841962
734 2371 6.81719849 0.00681719849 3.23024523
734 2377 6.82216547 0.00682216547 3.23841962
734 2377 6.82224582 0.00682224582 3.23841962
734 2377 6.82236473 0.00682236473 3.23841962
734 2377 6.82221325 0.00682221325 3.23841962
734 2377 6.82215062 0.00682215062 3.23841962
734 2377 6.82233615 0.00682233615 3.23841962
734 2377 6.82222798 0.00682222798 3.23841962
734 2377 6.82214719 0.00682214719 3.23841962
733 2366 6.801872 0.006801872 3.22783083
733 2372 6.80212024 0.00680212024 3.23601637
733 2373 6.80262277 0.00680262277 3.23738063
733 2376 6.8167896 0.0068167896 3.2414734
733 2376 6.81683615 0.00681683615 3.2414734
733 2376 6.81687101 0.00681687101 3.2414734
733 2376 6.81683293 0.00681683293 3.2414734
733 2376 6.81682685 0.00681682685 3.2414734
733 2376 6.8168261 0.0068168261 3.2414734
733 2376 6.81682699 0.00681682699 3.2414734
732 2370 6.79799308 0.00679799308 3.23770492
732 2370 6.79804364 0.00679804364 3.23770492
732 2370 6.79792431 0.00679792431 3.23770492
732 2370 6.79805699 0.00679805699 3.23770492
732 2370 6.79789582 0.00679789582 3.23770492
732 2370 6.79799413 0.00679799413 3.23770492
732 2370 6.79788741 0.00679788741 3.23770492
732 2370 6.79799937 0.00679799937 3.23770492
732 2370 6.79788445 0.00679788445 3.23770492
732 2370 6.79799924 0.00679799924 3.23770492
731 2364 6.77828697 0.00677828697 3.23392613
731 2364 6.77840681 0.00677840681 3.23392613
731 2368 6.77819627 0.00677819627 3.23939808
731 2364 6.77838182 0.00677838182 3.23392613
731 2368 6.77826342 0.00677826342 3.23939808
731 2364 6.7783849 0.0067783849 3.23392613
731 2368 6.77825949 0.00677825949 3.23939808
731 2364 6.7783876 0.0067783876 3.23392613
731 2368 6.77825939 0.00677825939 3.23939808
731 2364 6.77838716 0.00677838716 3.23392613
730 2362 6.75903023 0.00675903023 3.23561644
730 2362 6.75906176 0.00675906176 3.23561644
730 2362 6.75907294 0.00675907294 3.23561644
730 2362 6.75899362 0.00675899362 3.23561644
730 2362 6.758989 0.006758989 3.23561644
730 2362 6.7589835 0.0067589835 3.23561644
730 2362 6.75898169 0.00675898169 3.23561644
730 2362 6.75898281 0.00675898281 3.23561644
730 2362 6.75898103 0.00675898103 3.23561644
730 2362 6.75898283 0.00675898283 3.23561644
729 2359 6.73879969 0.00673879969 3.23593964
729 2356 6.755193 0.006755193 3.23182442
729 2353 6.75535546 0.00675535546 3.22770919
729 2352 6.76007949 0.00676007949 3.22633745
729 2352 6.76011643 0.00676011643 3.22633745
729 2352 6.76010903 0.00676010903 3.22633745
729 2352 6.76011113 0.00676011113 3.22633745
729 2352 6.76010748 0.00676010748 3.22633745
729 2352 6.76010708 0.00676010708 3.22633745
729 2352 6.76010617 0.00676010617 3.22633745
728 2347 6.74121279 0.00674121279 3.2239011
728 2347 6.74133195 0.00674133195 3.2239011
728 2347 6.74123232 0.00674123232 3.2239011
728 2347 6.74123645 0.00674123645 3.2239011
728 2347 6.74124136 0.00674124136 3.2239011
728 2347 6.74123979 0.00674123979 3.2239011
728 2347 6.74123773 0.00674123773 3.2239011
728 2347 6.7412373 0.0067412373 3.2239011
728 2347 6.74123726 0.00674123726 3.2239011
728 2347 6.74123731 0.00674123731 3.2239011
727 2339 6.72264435 0.00672264435 3.2173315
727 2339 6.7225478 0.0067225478 3.2173315
727 2339 6.72265903 0.00672265903 3.2173315
727 2339 6.7225259 0.0067225259 3.2173315
727 2339 6.72266411 0.00672266411 3.2173315
727 2339 6.72259051 0.00672259051 3.2173315
727 2339 6.72266774 0.00672266774 3.2173315
727 2339 6.72259036 0.00672259036 3.2173315
727 2339 6.72266856 0.00672266856 3.2173315
727 2339 6.7225911 0.0067225911 3.2173315
726 2333 6.70359463 0.00670359463 3.21349862
726 2333 6.70345998 0.00670345998 3.21349862
726 2334 6.70346395 0.00670346395 3.21487603
726 2339 6.70559799 0.00670559799 3.22176309
726 2337 6.72261143 0.00672261143 3.21900826
726 2339 6.72592136 0.00672592136 3.22176309
726 2335 6.73842242 0.00673842242 3.21625344
726 2334 6.74394378 0.00674394378 3.21487603
726 2334 6.75212923 0.00675212923 3.21487603
726 2339 6.75257547 0.00675257547 3.22176309
725 2332 6.73597242 0.00673597242 3.21655172
725 2332 6.73597802 0.00673597802 3.21655172
725 2332 6.73600154 0.00673600154 3.21655172
725 2332 6.73588488 0.00673588488 3.21655172
725 2332 6.73589515 0.00673589515 3.21655172
725 2332 6.73590801 0.00673590801 3.21655172
725 2332 6.73590859 0.00673590859 3.21655172
725 2332 6.73590865 0.00673590865 3.21655172
725 2332 6.73590875 0.00673590875 3.21655172
725 2332 6.73590872 0.00673590872 3.21655172
724 2327 6.71862192 0.00671862192 3.2140884
724 2323 6.71860171 0.00671860171 3.20856354
724 2327 6.71874134 0.00671874134 3.2140884
724 2327 6.71866306 0.00671866306 3.2140884
724 2327 6.71864499 0.00671864499 3.2140884
724 2327 6.71866321 0.00671866321 3.2140884
724 2323 6.71861282 0.00671861282 3.20856354
724 2327 6.71873133 0.00671873133 3.2140884
724 2327 6.71866559 0.00671866559 3.2140884
724 2327 6.7186434 0.0067186434 3.2140884
723 2322 6.70119243 0.00670119243 3.21161826
723 2318 6.70121447 0.00670121447 3.20608575
723 2318 6.70122386 0.00670122386 3.20608575
723 2318 6.70122994 0.00670122994 3.20608575
723 2318 6.70123617 0.00670123617 3.20608575
723 2318 6.70123758 0.00670123758 3.20608575
723 2318 6.70123782 0.00670123782 3.20608575
723 2318 6.70123779 0.00670123779 3.20608575
723 2318 6.70123783 0.00670123783 3.20608575
723 2318 6.70123782 0.00670123782 3.20608575
722 2313 6.68386833 0.00668386833 3.20360111
722 2313 6.68386394 0.00668386394 3.20360111
722 2313 6.68376085 0.00668376085 3.20360111
722 2313 6.68371318 0.00668371318 3.20360111
722 2313 6.68378412 0.00668378412 3.20360111
722 2313 6.68385592 0.00668385592 3.20360111
722 2313 6.68387897 0.00668387897 3.20360111
722 2313 6.68379122 0.00668379122 3.20360111
722 2313 6.68385745 0.00668385745 3.20360111
722 2313 6.68388836 0.00668388836 3.20360111
721 2306 6.66549846 0.00666549846 3.19833564
721 2307 6.66526815 0.00666526815 3.19972261
721 2306 6.66567222 0.00666567222 3.19833564
721 2308 6.66540049 0.00666540049 3.20110957
721 2306 6.66558928 0.00666558928 3.19833564
721 2308 6.66538489 0.00666538489 3.20110957
721 2306 6.66558425 0.00666558425 3.19833564
721 2308 6.66538853 0.00666538853 3.20110957
721 2306 6.66558398 0.00666558398 3.19833564
721 2308 6.6653878 0.0066653878 3.20110957
720 2301 6.64787238 0.00664787238 3.19583333
720 2301 6.64800561 0.00664800561 3.19583333
720 2301 6.64793114 0.00664793114 3.19583333
720 2301 6.6479454 0.0066479454 3.19583333
720 2301 6.64794406 0.00664794406 3.19583333
720 2301 6.64791206 0.00664791206 3.19583333
720 2301 6.64794754 0.00664794754 3.19583333
720 2301 6.64795553 0.00664795553 3.19583333
720 2301 6.64796406 0.00664796406 3.19583333
720 2301 6.64791237 0.00664791237 3.19583333
719 2295 6.62973533 0.00662973533 3.19193324
719 2295 6.62972942 0.00662972942 3.19193324
719 2295 6.62970422 0.00662970422 3.19193324
719 2295 6.62966711 0.00662966711 3.19193324
719 2295 6.62968587 0.00662968587 3.19193324
719 2295 6.62969346 0.00662969346 3.19193324
719 2295 6.62968885 0.00662968885 3.19193324
719 2295 6.62968879 0.00662968879 3.19193324
719 2295 6.62968932 0.00662968932 3.19193324
719 2295 6.62968931 0.00662968931 3.19193324
718 2293 6.61172068 0.00661172068 3.19359331
718 2293 6.62571206 0.00662571206 3.19359331
718 2297 6.62571447 0.00662571447 3.19916435
718 2293 6.62575098 0.00662575098 3.19359331
718 2293 6.62574254 0.00662574254 3.19359331
718 2293 6.62574358 0.00662574358 3.19359331
718 2293 6.62574886 0.00662574886 3.19359331
718 2293 6.62575282 0.00662575282 3.19359331
718 2293 6.62575302 0.00662575302 3.19359331
718 2293 6.62575299 0.00662575299 3.19359331
717 2288 6.60855292 0.00660855292 3.19107392
717 2288 6.60854148 0.00660854148 3.19107392
717 2288 6.60849312 0.00660849312 3.19107392
717 2288 6.60850326 0.00660850326 3.19107392
717 2288 6.60850845 0.00660850845 3.19107392
717 2288 6.60850745 0.00660850745 3.19107392
717 2288 6.60850728 0.00660850728 3.19107392
717 2288 6.60850689 0.00660850689 3.19107392
717 2288 6.60850687 0.00660850687 3.19107392
717 2288 6.60850693 0.00660850693 3.19107392
716 2280 6.59089393 0.00659089393 3.18435754
716 2280 6.5909122 0.0065909122 3.18435754
716 2280 6.59098638 0.00659098638 3.18435754
716 2280 6.59089262 0.00659089262 3.18435754
716 2280 6.59093392 0.00659093392 3.18435754
716 2280 6.59101473 0.00659101473 3.18435754
716 2280 6.59096558 0.00659096558 3.18435754
716 2280 6.591015 0.006591015 3.18435754
716 2280 6.59098215 0.00659098215 3.18435754
716 2280 6.59100919 0.00659100919 3.18435754
715 2272 6.57286697 0.00657286697 3.17762238
715 2277 6.57451497 0.00657451497 3.18461538
715 2277 6.57466198 0.00657466198 3.18461538
715 2277 6.57453664 0.00657453664 3.18461538
715 2277 6.57464247 0.00657464247 3.18461538
715 2277 6.57452825 0.00657452825 3.18461538
715 2277 6.57463662 0.00657463662 3.18461538
715 2277 6.57452889 0.00657452889 3.18461538
715 2277 6.5746367 0.0065746367 3.18461538
715 2277 6.57452907 0.00657452907 3.18461538
714 2272 6.5565124 0.0065565124 3.18207283
714 2269 6.55720848 0.00655720848 3.17787115
714 2269 6.55718805 0.00655718805 3.17787115
714 2269 6.55726734 0.00655726734 3.17787115
714 2269 6.55722163 0.00655722163 3.17787115
714 2269 6.55723447 0.00655723447 3.17787115
714 2269 6.55723403 0.00655723403 3.17787115
714 2269 6.55723484 0.00655723484 3.17787115
714 2269 6.55723482 0.00655723482 3.17787115
714 2269 6.55723473 0.00655723473 3.17787115
713 2264 6.53939581 0.00653939581 3.17531557
713 2264 6.53876046 0.00653876046 3.17531557
713 2270 6.5553615 0.0065553615 3.18373072
713 2268 6.56014249 0.00656014249 3.18092567
713 2267 6.56882459 0.00656882459 3.17952314
713 2273 6.56962123 0.00656962123 3.18793829
713 2273 6.56970073 0.00656970073 3.18793829
713 2269 6.57032271 0.00657032271 3.18232819
713 2269 6.57021773 0.00657021773 3.18232819
713 2269 6.57026865 0.00657026865 3.18232819
712 2265 6.55256411 0.00655256411 3.18117978
712 2261 6.5524344 0.0065524344 3.1755618
712 2261 6.55360789 0.00655360789 3.1755618
712 2254 6.55909121 0.00655909121 3.16573034
712 2254 6.55897365 0.00655897365 3.16573034
712 2257 6.55891536 0.00655891536 3.16994382
712 2254 6.55910798 0.00655910798 3.16573034
712 2254 6.55900719 0.00655900719 3.16573034
712 2257 6.55891472 0.00655891472 3.16994382
712 2254 6.55910591 0.00655910591 3.16573034
711 2252 6.54203131 0.00654203131 3.1673699
711 2245 6.54198175 0.00654198175 3.15752461
711 2248 6.54196326 0.00654196326 3.16174402
711 2252 6.54210386 0.00654210386 3.1673699
711 2245 6.54195153 0.00654195153 3.15752461
711 2252 6.54216515 0.00654216515 3.1673699
711 2245 6.54198085 0.00654198085 3.15752461
711 2252 6.5421747 0.0065421747 3.1673699
711 2245 6.54198509 0.00654198509 3.15752461
711 2252 6.54217692 0.00654217692 3.1673699
710 2243 6.52500578 0.00652500578 3.15915493
710 2243 6.52487498 0.00652487498 3.15915493
710 2243 6.52504155 0.00652504155 3.15915493
710 2243 6.52490231 0.00652490231 3.15915493
710 2243 6.52495079 0.00652495079 3.15915493
710 2243 6.5249169 0.0065249169 3.15915493
710 2243 6.52496312 0.00652496312 3.15915493
710 2243 6.52490594 0.00652490594 3.15915493
710 2243 6.52496275 0.00652496275 3.15915493
710 2243 6.52490481 0.00652490481 3.15915493
709 2239 6.506606 0.006506606 3.15796897
709 2239 6.50708473 0.00650708473 3.15796897
709 2239 6.50695712 0.00650695712 3.15796897
709 2239 6.50710107 0.00650710107 3.15796897
709 2239 6.50696979 0.00650696979 3.15796897
709 2239 6.50710612 0.00650710612 3.15796897
709 2239 6.5069686 0.0065069686 3.15796897
709 2239 6.50710555 0.00650710555 3.15796897
709 2239 6.50696885 0.00650696885 3.15796897
709 2239 6.50710568 0.00650710568 3.15796897
708 2234 6.48888634 0.00648888634 3.15536723
708 2232 6.50384019 0.00650384019 3.15254237
708 2235 6.50523141 0.00650523141 3.15677966
708 2231 6.50883982 0.00650883982 3.15112994
708 2231 6.50870463 0.00650870463 3.15112994
708 2231 6.50856551 0.00650856551 3.15112994
708 2231 6.5087077 0.0065087077 3.15112994
708 2231 6.5085886 0.0065085886 3.15112994
708 2231 6.50871735 0.00650871735 3.15112994
708 2231 6.50858505 0.00650858505 3.15112994
707 2227 6.49103599 0.00649103599 3.14992928
707 2229 6.49139265 0.00649139265 3.15275813
707 2229 6.49141033 0.00649141033 3.15275813
707 2229 6.49143519 0.00649143519 3.15275813
707 2229 6.49142717 0.00649142717 3.15275813
707 2229 6.49143017 0.00649143017 3.15275813
707 2229 6.49142909 0.00649142909 3.15275813
707 2229 6.49142936 0.00649142936 3.15275813
707 2229 6.49142923 0.00649142923 3.15275813
707 2229 6.49142925 0.00649142925 3.15275813
706 2225 6.47459326 0.00647459326 3.15155807
706 2225 6.47441886 0.00647441886 3.15155807
706 2225 6.47364103 0.00647364103 3.15155807
706 2225 6.47445321 0.00647445321 3.15155807
706 2225 6.47366049 0.00647366049 3.15155807
706 2225 6.47445676 0.00647445676 3.15155807
706 2225 6.47365205 0.00647365205 3.15155807
706 2225 6.47445716 0.00647445716 3.15155807
706 2225 6.47365234 0.00647365234 3.15155807
706 2225 6.47445721 0.00647445721 3.15155807
705 2221 6.4568653 0.0064568653 3.15035461
705 2216 6.45643282 0.00645643282 3.14326241
705 2221 6.4570322 0.0064570322 3.15035461
705 2221 6.45701666 0.00645701666 3.15035461
705 2217 6.45672691 0.00645672691 3.14468085
705 2216 6.45596064 0.00645596064 3.14326241
705 2217 6.45674743 0.00645674743 3.14468085
705 2221 6.45684272 0.00645684272 3.15035461
705 2217 6.45675813 0.00645675813 3.14468085
705 2216 6.45598072 0.00645598072 3.14326241
704 2212 6.43959991 0.00643959991 3.14204545
704 2212 6.43957453 0.00643957453 3.14204545
704 2211 6.43894751 0.00643894751 3.140625
704 2212 6.43971079 0.00643971079 3.14204545
704 2212 6.439759 0.006439759 3.14204545
704 2212 6.43974625 0.00643974625 3.14204545
704 2212 6.43974775 0.00643974775 3.14204545
704 2212 6.43974658 0.00643974658 3.14204545
704 2212 6.43974687 0.00643974687 3.14204545
704 2212 6.43974687 0.00643974687 3.14204545
703 2207 6.4226971 0.0064226971 3.13940256
703 2207 6.42253841 0.00642253841 3.13940256
703 2207 6.42272197 0.00642272197 3.13940256
703 2207 6.42274472 0.00642274472 3.13940256
703 2207 6.42274951 0.00642274951 3.13940256
703 2207 6.42275127 0.00642275127 3.13940256
703 2207 6.42274873 0.00642274873 3.13940256
703 2207 6.42274998 0.00642274998 3.13940256
703 2207 6.42275019 0.00642275019 3.13940256
703 2207 6.42275023 0.00642275023 3.13940256
702 2203 6.40520095 0.00640520095 3.13817664
702 2203 6.40522259 0.00640522259 3.13817664
702 2203 6.40515037 0.00640515037 3.13817664
702 2203 6.4050901 0.0064050901 3.13817664
702 2203 6.40508957 0.00640508957 3.13817664
702 2203 6.40510447 0.00640510447 3.13817664
702 2203 6.40510843 0.00640510843 3.13817664
702 2203 6.40510939 0.00640510939 3.13817664
702 2203 6.40511091 0.00640511091 3.13817664
702 2203 6.40511094 0.00640511094 3.13817664
701 2194 6.38740543 0.00638740543 3.12981455
701 2194 6.38739745 0.00638739745 3.12981455
701 2194 6.38721218 0.00638721218 3.12981455
701 2194 6.38742516 0.00638742516 3.12981455
701 2194 6.38727459 0.00638727459 3.12981455
701 2194 6.38743343 0.00638743343 3.12981455
701 2194 6.38726876 0.00638726876 3.12981455
701 2194 6.38743428 0.00638743428 3.12981455
701 2194 6.38726944 0.00638726944 3.12981455
701 2194 6.38743319 0.00638743319 3.12981455
700 2189 6.36906965 0.00636906965 3.12714286
700 2193 6.37493781 0.00637493781 3.13285714
700 2193 6.3835555 0.0063835555 3.13285714
700 2188 6.38495715 0.00638495715 3.12571429
700 2189 6.3863275 0.0063863275 3.12714286
700 2188 6.39447933 0.00639447933 3.12571429
700 2188 6.3945982 0.0063945982 3.12571429
700 2188 6.39462625 0.00639462625 3.12571429
700 2187 6.39445125 0.00639445125 3.12428571
700 2187 6.39443907 0.00639443907 3.12428571
699 2183 6.37787123 0.00637787123 3.1230329
699 2183 6.37796173 0.00637796173 3.1230329
699 2183 6.37794872 0.00637794872 3.1230329
699 2183 6.37796267 0.00637796267 3.1230329
699 2183 6.37796476 0.00637796476 3.1230329
699 2183 6.37796328 0.00637796328 3.1230329
699 2183 6.3779632 0.0063779632 3.1230329
699 2183 6.37796285 0.00637796285 3.1230329
699 2183 6.37796299 0.00637796299 3.1230329
699 2183 6.37796298 0.00637796298 3.1230329
698 2179 6.36095538 0.00636095538 3.1217765
698 2179 6.36076965 0.00636076965 3.1217765
698 2179 6.36080525 0.00636080525 3.1217765
698 2179 6.36078892 0.00636078892 3.1217765
698 2179 6.36079594 0.00636079594 3.1217765
698 2179 6.3607846 0.0063607846 3.1217765
698 2179 6.36078674 0.00636078674 3.1217765
698 2179 6.36078488 0.00636078488 3.1217765
698 2179 6.36078544 0.00636078544 3.1217765
698 2179 6.36078545 0.00636078545 3.1217765
697 2173 6.34369789 0.00634369789 3.11764706
697 2176 6.34385906 0.00634385906 3.12195122
697 2176 6.34382293 0.00634382293 3.12195122
697 2176 6.34376505 0.00634376505 3.12195122
697 2176 6.34376812 0.00634376812 3.12195122
697 2176 6.34376597 0.00634376597 3.12195122
697 2176 6.34376378 0.00634376378 3.12195122
697 2176 6.34376416 0.00634376416 3.12195122
697 2176 6.34376398 0.00634376398 3.12195122
697 2176 6.343764 0.006343764 3.12195122
696 2171 6.32684915 0.00632684915 3.11925287
696 2171 6.32698982 0.00632698982 3.11925287
696 2171 6.32693798 0.00632693798 3.11925287
696 2171 6.32694368 0.00632694368 3.11925287
696 2171 6.32694502 0.00632694502 3.11925287
696 2171 6.32694554 0.00632694554 3.11925287
696 2171 6.32694593 0.00632694593 3.11925287
696 2171 6.32694612 0.00632694612 3.11925287
696 2171 6.32694621 0.00632694621 3.11925287
696 2171 6.32694626 0.00632694626 3.11925287
695 2168 6.30943841 0.00630943841 3.11942446
695 2170 6.31474712 0.00631474712 3.12230216
695 2171 6.32329393 0.00632329393 3.12374101
695 2172 6.32612083 0.00632612083 3.12517986
695 2174 6.3265156 0.0063265156 3.12805755
695 2175 6.32762091 0.00632762091 3.1294964
695 2175 6.32763521 0.00632763521 3.1294964
695 2175 6.3276186 0.0063276186 3.1294964
695 2175 6.32763435 0.00632763435 3.1294964
695 2175 6.32764079 0.00632764079 3.1294964
694 2171 6.31171137 0.00631171137 3.12824207
694 2171 6.31162607 0.00631162607 3.12824207
694 2168 6.31143452 0.00631143452 3.12391931
694 2168 6.31147731 0.00631147731 3.12391931
694 2168 6.3115032 0.0063115032 3.12391931
694 2168 6.31150474 0.00631150474 3.12391931
694 2168 6.31150295 0.00631150295 3.12391931
694 2168 6.31150197 0.00631150197 3.12391931
694 2168 6.31150188 0.00631150188 3.12391931
694 2168 6.31150197 0.00631150197 3.12391931
693 2164 6.29571949 0.00629571949 3.12265512
693 2164 6.29558948 0.00629558948 3.12265512
693 2164 6.29577134 0.00629577134 3.12265512
693 2164 6.29565072 0.00629565072 3.12265512
693 2164 6.29578307 0.00629578307 3.12265512
693 2164 6.29564961 0.00629564961 3.12265512
693 2164 6.29578202 0.00629578202 3.12265512
693 2164 6.2957968 0.0062957968 3.12265512
693 2164 6.29566767 0.00629566767 3.12265512
693 2164 6.29578624 0.00629578624 3.12265512
692 2160 6.27896462 0.00627896462 3.12138728
692 2160 6.27899742 0.00627899742 3.12138728
692 2159 6.2786719 0.0062786719 3.1199422
692 2160 6.27887851 0.00627887851 3.12138728
692 2159 6.27882723 0.00627882723 3.1199422
692 2160 6.27894327 0.00627894327 3.12138728
692 2159 6.27880514 0.00627880514 3.1199422
692 2160 6.27893432 0.00627893432 3.12138728
692 2159 6.27880372 0.00627880372 3.1199422
692 2160 6.27893451 0.00627893451 3.12138728
691 2155 6.26206938 0.00626206938 3.1186686
691 2155 6.26200253 0.00626200253 3.1186686
691 2154 6.26166146 0.00626166146 3.11722142
691 2154 6.26167219 0.00626167219 3.11722142
691 2154 6.26166765 0.00626166765 3.11722142
691 2154 6.26167446 0.00626167446 3.11722142
691 2154 6.26165282 0.00626165282 3.11722142
691 2154 6.26167653 0.00626167653 3.11722142
691 2154 6.26165239 0.00626165239 3.11722142
691 2154 6.2616768 0.0062616768 3.11722142
690 2150 6.24472595 0.00624472595 3.11594203
690 2150 6.24479307 0.00624479307 3.11594203
690 2148 6.24477351 0.00624477351 3.11304348
690 2148 6.24480403 0.00624480403 3.11304348
690 2148 6.24487272 0.00624487272 3.11304348
690 2148 6.24489408 0.00624489408 3.11304348
690 2148 6.24489794 0.00624489794 3.11304348
690 2148 6.24489988 0.00624489988 3.11304348
690 2148 6.24489887 0.00624489887 3.11304348
690 2148 6.24489872 0.00624489872 3.11304348
689 2144 6.22790628 0.00622790628 3.11175617
689 2144 6.22787733 0.00622787733 3.11175617
689 2144 6.22780509 0.00622780509 3.11175617
689 2144 6.22781789 0.00622781789 3.11175617
689 2144 6.22783825 0.00622783825 3.11175617
689 2144 6.22785098 0.00622785098 3.11175617
689 2144 6.22784848 0.00622784848 3.11175617
689 2144 6.22784689 0.00622784689 3.11175617
689 2144 6.22785059 0.00622785059 3.11175617
689 2144 6.22784736 0.00622784736 3.11175617
688 2135 6.21053193 0.00621053193 3.10319767
688 2130 6.21400464 0.00621400464 3.09593023
688 2129 6.21472147 0.00621472147 3.09447674
688 2130 6.21502252 0.00621502252 3.09593023
688 2131 6.21498798 0.00621498798 3.09738372
688 2134 6.21557498 0.00621557498 3.10174419
688 2134 6.21702083 0.00621702083 3.10174419
688 2134 6.21697608 0.00621697608 3.10174419
688 2134 6.21701859 0.00621701859 3.10174419
688 2134 6.21701402 0.00621701402 3.10174419
687 2129 6.2013053 0.0062013053 3.09898108
687 2129 6.2012023 0.0062012023 3.09898108
687 2129 6.20118359 0.00620118359 3.09898108
687 2129 6.20119225 0.00620119225 3.09898108
687 2129 6.20120416 0.00620120416 3.09898108
687 2129 6.201207 0.006201207 3.09898108
687 2129 6.2012087 0.0062012087 3.09898108
687 2129 6.20120905 0.00620120905 3.09898108
687 2129 6.20120957 0.00620120957 3.09898108
687 2129 6.20120977 0.00620120977 3.09898108
686 2124 6.18542944 0.00618542944 3.09620991
686 2124 6.18535313 0.00618535313 3.09620991
686 2125 6.19016104 0.00619016104 3.09766764
686 2125 6.19861013 0.00619861013 3.09766764
686 2130 6.20213196 0.00620213196 3.10495627
686 2131 6.20783664 0.00620783664 3.10641399
686 2132 6.20849452 0.00620849452 3.10787172
686 2135 6.21727286 0.00621727286 3.1122449
686 2136 6.21871604 0.00621871604 3.11370262
686 2136 6.21845586 0.00621845586 3.11370262
685 2131 6.20371308 0.00620371308 3.11094891
685 2131 6.20365606 0.00620365606 3.11094891
685 2131 6.20362084 0.00620362084 3.11094891
685 2131 6.20362641 0.00620362641 3.11094891
685 2131 6.20362508 0.00620362508 3.11094891
685 2131 6.20362432 0.00620362432 3.11094891
685 2131 6.20362446 0.00620362446 3.11094891
685 2131 6.20362438 0.00620362438 3.11094891
685 2131 6.20362446 0.00620362446 3.11094891
685 2131 6.20362448 0.00620362448 3.11094891
684 2124 6.18829104 0.00618829104 3.10526316
684 2124 6.18820284 0.00618820284 3.10526316
684 2124 6.18820945 0.00618820945 3.10526316
684 2124 6.18820441 0.00618820441 3.10526316
684 2124 6.18825552 0.00618825552 3.10526316
684 2124 6.1882178 0.0061882178 3.10526316
684 2124 6.18825243 0.00618825243 3.10526316
684 2124 6.18821818 0.00618821818 3.10526316
684 2124 6.18825208 0.00618825208 3.10526316
684 2124 6.18821817 0.00618821817 3.10526316
683 2121 6.17192643 0.00617192643 3.10541728
683 2121 6.17205816 0.00617205816 3.10541728
683 2119 6.17220834 0.00617220834 3.10248902
683 2121 6.17381006 0.00617381006 3.10541728
683 2122 6.17528205 0.00617528205 3.10688141
683 2122 6.17525368 0.00617525368 3.10688141
683 2122 6.17523634 0.00617523634 3.10688141
683 2122 6.17526407 0.00617526407 3.10688141
683 2122 6.17524219 0.00617524219 3.10688141
683 2122 6.17526414 0.00617526414 3.10688141
682 2117 6.16054087 0.00616054087 3.10410557
682 2117 6.16060684 0.00616060684 3.10410557
682 2117 6.16057171 0.00616057171 3.10410557
682 2117 6.16058551 0.00616058551 3.10410557
682 2117 6.16058519 0.00616058519 3.10410557
682 2117 6.16058573 0.00616058573 3.10410557
682 2117 6.16058589 0.00616058589 3.10410557
682 2117 6.16058586 0.00616058586 3.10410557
682 2117 6.16058591 0.00616058591 3.10410557
682 2117 6.16058591 0.00616058591 3.10410557
681 2110 6.14596041 0.00614596041 3.09838473
681 2108 6.1469399 0.0061469399 3.09544787
681 2106 6.14834301 0.00614834301 3.09251101
681 2107 6.15513424 0.00615513424 3.09397944
681 2108 6.1564279 0.0061564279 3.09544787
681 2110 6.16603711 0.00616603711 3.09838473
681 2115 6.167394 0.006167394 3.10572687
681 2115 6.16716175 0.00616716175 3.10572687
681 2115 6.16716758 0.00616716758 3.10572687
681 2115 6.16723035 0.00616723035 3.10572687
680 2111 6.15314052 0.00615314052 3.10441176
680 2111 6.15318786 0.00615318786 3.10441176
680 2111 6.15318056 0.00615318056 3.10441176
680 2111 6.15313288 0.00615313288 3.10441176
680 2111 6.1532119 0.0061532119 3.10441176
680 2111 6.15325325 0.00615325325 3.10441176
680 2111 6.15324028 0.00615324028 3.10441176
680 2111 6.15324541 0.00615324541 3.10441176
680 2111 6.15324486 0.00615324486 3.10441176
680 2111 6.1532445 0.0061532445 3.10441176
679 2107 6.13891983 0.00613891983 3.10309278
679 2107 6.13894096 0.00613894096 3.10309278
679 2105 6.13867802 0.00613867802 3.10014728
679 2107 6.13892725 0.00613892725 3.10309278
679 2107 6.13895894 0.00613895894 3.10309278
679 2107 6.13897122 0.00613897122 3.10309278
679 2107 6.138983 0.006138983 3.10309278
679 2107 6.13898522 0.00613898522 3.10309278
679 2107 6.13898593 0.00613898593 3.10309278
679 2107 6.13898644 0.00613898644 3.10309278
678 2101 6.12484715 0.00612484715 3.09882006
678 2101 6.12478814 0.00612478814 3.09882006
678 2101 6.124783 0.006124783 3.09882006
678 2101 6.12479077 0.00612479077 3.09882006
678 2101 6.12479064 0.00612479064 3.09882006
678 2101 6.12478992 0.00612478992 3.09882006
678 2101 6.12479068 0.00612479068 3.09882006
678 2101 6.1247919 0.0061247919 3.09882006
678 2101 6.12479256 0.00612479256 3.09882006
678 2101 6.12479296 0.00612479296 3.09882006
677 2097 6.11051201 0.00611051201 3.09748892
677 2097 6.11059286 0.00611059286 3.09748892
677 2097 6.11058854 0.00611058854 3.09748892
677 2097 6.11056633 0.00611056633 3.09748892
677 2097 6.11056598 0.00611056598 3.09748892
677 2097 6.11056688 0.00611056688 3.09748892
677 2097 6.11056641 0.00611056641 3.09748892
677 2097 6.11056678 0.00611056678 3.09748892
677 2097 6.11056717 0.00611056717 3.09748892
677 2097 6.11056739 0.00611056739 3.09748892
676 2093 6.09644185 0.00609644185 3.09615385
676 2093 6.09646985 0.00609646985 3.09615385
676 2093 6.09640782 0.00609640782 3.09615385
676 2093 6.09640475 0.00609640475 3.09615385
676 2093 6.09640825 0.00609640825 3.09615385
676 2093 6.09641062 0.00609641062 3.09615385
676 2093 6.0964119 0.0060964119 3.09615385
676 2093 6.09641276 0.00609641276 3.09615385
676 2093 6.09641337 0.00609641337 3.09615385
676 2093 6.09641378 0.00609641378 3.09615385
675 2089 6.08159858 0.00608159858 3.09481481
675 2089 6.08164154 0.00608164154 3.09481481
675 2089 6.08175601 0.00608175601 3.09481481
675 2089 6.08177142 0.00608177142 3.09481481
675 2089 6.08177471 0.00608177471 3.09481481
675 2089 6.08177948 0.00608177948 3.09481481
675 2089 6.08178224 0.00608178224 3.09481481
675 2089 6.08178311 0.00608178311 3.09481481
675 2089 6.08178422 0.00608178422 3.09481481
675 2089 6.08178438 0.00608178438 3.09481481
674 2082 6.06674663 0.00606674663 3.08902077
674 2082 6.06660863 0.00606660863 3.08902077
674 2082 6.06663939 0.00606663939 3.08902077
674 2082 6.06666702 0.00606666702 3.08902077
674 2082 6.06663486 0.00606663486 3.08902077
674 2083 6.07967346 0.00607967346 3.09050445
674 2083 6.08094321 0.00608094321 3.09050445
674 2083 6.08088186 0.00608088186 3.09050445
674 2083 6.0808618 0.0060808618 3.09050445
674 2083 6.08086353 0.00608086353 3.09050445
673 2079 6.06599038 0.00606599038 3.08915305
673 2079 6.06603611 0.00606603611 3.08915305
673 2079 6.06615043 0.00606615043 3.08915305
673 2079 6.06616457 0.00606616457 3.08915305
673 2079 6.06616819 0.00606616819 3.08915305
673 2079 6.06617283 0.00606617283 3.08915305
673 2079 6.06617535 0.00606617535 3.08915305
673 2079 6.06617605 0.00606617605 3.08915305
673 2079 6.06617704 0.00606617704 3.08915305
673 2079 6.06617717 0.00606617717 3.08915305
672 2072 6.05107431 0.00605107431 3.08333333
672 2072 6.05103797 0.00605103797 3.08333333
672 2072 6.05105385 0.00605105385 3.08333333
672 2072 6.05095626 0.00605095626 3.08333333
672 2072 6.0510521 0.0060510521 3.08333333
672 2072 6.05094163 0.00605094163 3.08333333
672 2072 6.05105019 0.00605105019 3.08333333
672 2072 6.05094555 0.00605094555 3.08333333
672 2072 6.05105041 0.00605105041 3.08333333
672 2072 6.05094544 0.00605094544 3.08333333
671 2066 6.03536338 0.00603536338 3.07898659
671 2069 6.03543971 0.00603543971 3.08345753
671 2066 6.03538081 0.00603538081 3.07898659
671 2069 6.03544909 0.00603544909 3.08345753
671 2066 6.03534944 0.00603534944 3.07898659
671 2069 6.03542916 0.00603542916 3.08345753
671 2066 6.03534209 0.00603534209 3.07898659
671 2069 6.03542696 0.00603542696 3.08345753
671 2066 6.03534271 0.00603534271 3.07898659
671 2069 6.03542752 0.00603542752 3.08345753
670 2063 6.02015381 0.00602015381 3.07910448
670 2063 6.02006537 0.00602006537 3.07910448
670 2063 6.02007686 0.00602007686 3.07910448
670 2063 6.02007008 0.00602007008 3.07910448
670 2063 6.02006162 0.00602006162 3.07910448
670 2063 6.02006543 0.00602006543 3.07910448
670 2063 6.02006577 0.00602006577 3.07910448
670 2063 6.02006574 0.00602006574 3.07910448
670 2063 6.02006571 0.00602006571 3.07910448
670 2063 6.02006576 0.00602006576 3.07910448
669 2057 6.00419409 0.00600419409 3.07473842
669 2059 6.00413395 0.00600413395 3.07772795
669 2057 6.00419874 0.00600419874 3.07473842
669 2057 6.0041183 0.0060041183 3.07473842
669 2057 6.00410803 0.00600410803 3.07473842
669 2057 6.0041173 0.0060041173 3.07473842
669 2057 6.00411946 0.00600411946 3.07473842
669 2057 6.00412013 0.00600412013 3.07473842
669 2057 6.00412068 0.00600412068 3.07473842
669 2057 6.00412099 0.00600412099 3.07473842
668 2051 5.98822736 0.00598822736 3.07035928
668 2051 5.98820054 0.00598820054 3.07035928
668 2053 5.98815226 0.00598815226 3.07335329
668 2051 5.98830168 0.00598830168 3.07035928
668 2051 5.98819269 0.00598819269 3.07035928
668 2053 5.98816082 0.00598816082 3.07335329
668 2051 5.98831609 0.00598831609 3.07035928
668 2051 5.98819375 0.00598819375 3.07035928
668 2051 5.98815522 0.00598815522 3.07035928
668 2051 5.98816641 0.00598816641 3.07035928
667 2047 5.97222232 0.00597222232 3.06896552
667 2047 5.97236542 0.00597236542 3.06896552
667 2047 5.97232181 0.00597232181 3.06896552
667 2047 5.97233653 0.00597233653 3.06896552
667 2047 5.97224823 0.00597224823 3.06896552
667 2047 5.97233467 0.00597233467 3.06896552
667 2047 5.9723523 0.0059723523 3.06896552
667 2047 5.97232071 0.00597232071 3.06896552
667 2047 5.97233949 0.00597233949 3.06896552
667 2047 5.97224748 0.00597224748 3.06896552
666 2045 5.95580514 0.00595580514 3.07057057
666 2045 5.95576453 0.00595576453 3.07057057
666 2042 5.95582554 0.00595582554 3.06606607
666 2039 5.97148073 0.00597148073 3.06156156
666 2039 5.97139005 0.00597139005 3.06156156
666 2039 5.9713364 0.0059713364 3.06156156
666 2039 5.97133641 0.00597133641 3.06156156
666 2039 5.97133389 0.00597133389 3.06156156
666 2039 5.9713296 0.0059713296 3.06156156
666 2039 5.97132733 0.00597132733 3.06156156
665 2035 5.95559366 0.00595559366 3.06015038
665 2035 5.95573461 0.00595573461 3.06015038
665 2035 5.95569032 0.00595569032 3.06015038
665 2035 5.95572341 0.00595572341 3.06015038
665 2035 5.95569608 0.00595569608 3.06015038
665 2035 5.95572152 0.00595572152 3.06015038
665 2035 5.95569516 0.00595569516 3.06015038
665 2035 5.95572165 0.00595572165 3.06015038
665 2035 5.95569521 0.00595569521 3.06015038
665 2035 5.95572168 0.00595572168 3.06015038
664 2033 5.93940071 0.00593940071 3.06174699
664 2033 5.93933886 0.00593933886 3.06174699
664 2033 5.93933885 0.00593933885 3.06174699
664 2033 5.93933814 0.00593933814 3.06174699
664 2033 5.93933854 0.00593933854 3.06174699
664 2033 5.93933853 0.00593933853 3.06174699
664 2033 5.93933857 0.00593933857 3.06174699
664 2033 5.93933857 0.00593933857 3.06174699
664 2033 5.93933858 0.00593933858 3.06174699
664 2033 5.93933859 0.00593933859 3.06174699
663 2031 5.92280949 0.00592280949 3.06334842
663 2030 5.92658701 0.00592658701 3.06184012
663 2023 5.92818751 0.00592818751 3.05128205
663 2023 5.92818097 0.00592818097 3.05128205
663 2023 5.92811698 0.00592811698 3.05128205
663 2023 5.92808667 0.00592808667 3.05128205
663 2023 5.92807822 0.00592807822 3.05128205
663 2023 5.92807908 0.00592807908 3.05128205
663 2023 5.92807963 0.00592807963 3.05128205
663 2023 5.92807979 0.00592807979 3.05128205
662 2018 5.91238623 0.00591238623 3.04833837
662 2018 5.91243627 0.00591243627 3.04833837
662 2018 5.91232417 0.00591232417 3.04833837
662 2018 5.91226882 0.00591226882 3.04833837
662 2018 5.91236646 0.00591236646 3.04833837
662 2018 5.91245902 0.00591245902 3.04833837
662 2018 5.91240429 0.00591240429 3.04833837
662 2018 5.91227346 0.00591227346 3.04833837
662 2018 5.91236599 0.00591236599 3.04833837
662 2018 5.91246128 0.00591246128 3.04833837
661 2014 5.89630367 0.00589630367 3.04689864
661 2014 5.89634566 0.00589634566 3.04689864
661 2014 5.89633105 0.00589633105 3.04689864
661 2014 5.89632061 0.00589632061 3.04689864
661 2014 5.89632188 0.00589632188 3.04689864
661 2014 5.89632219 0.00589632219 3.04689864
661 2014 5.89632189 0.00589632189 3.04689864
661 2014 5.89632183 0.00589632183 3.04689864
661 2014 5.8963218 0.0058963218 3.04689864
661 2014 5.89632179 0.00589632179 3.04689864
660 2008 5.88007923 0.00588007923 3.04242424
660 2008 5.87996356 0.00587996356 3.04242424
660 2008 5.87994332 0.00587994332 3.04242424
660 2008 5.87994521 0.00587994521 3.04242424
660 2008 5.87994443 0.00587994443 3.04242424
660 2008 5.87994441 0.00587994441 3.04242424
660 2008 5.87994436 0.00587994436 3.04242424
660 2008 5.87994433 0.00587994433 3.04242424
660 2008 5.87994431 0.00587994431 3.04242424
660 2008 5.8799443 0.0058799443 3.04242424
659 2004 5.86334762 0.00586334762 3.04097117
659 2004 5.86337252 0.00586337252 3.04097117
659 2004 5.86338822 0.00586338822 3.04097117
659 2004 5.86339231 0.00586339231 3.04097117
659 2004 5.86339437 0.00586339437 3.04097117
659 2004 5.86339486 0.00586339486 3.04097117
659 2004 5.86339505 0.00586339505 3.04097117
659 2004 5.86339507 0.00586339507 3.04097117
659 2004 5.8633951 0.0058633951 3.04097117
659 2004 5.86339512 0.00586339512 3.04097117
658 2002 5.84681981 0.00584681981 3.04255319
658 2002 5.84692468 0.00584692468 3.04255319
658 2002 5.84688653 0.00584688653 3.04255319
658 2002 5.84686045 0.00584686045 3.04255319
658 2002 5.84685337 0.00584685337 3.04255319
658 2002 5.84685322 0.00584685322 3.04255319
658 2002 5.84685471 0.00584685471 3.04255319
658 2002 5.84685536 0.00584685536 3.04255319
658 2002 5.84685567 0.00584685567 3.04255319
658 2002 5.8468559 0.0058468559 3.04255319
657 1991 5.82953074 0.00582953074 3.0304414
657 1999 5.83011247 0.00583011247 3.04261796
657 1999 5.83014414 0.00583014414 3.04261796
657 1999 5.83012004 0.00583012004 3.04261796
657 1999 5.8300968 0.0058300968 3.04261796
657 1999 5.8300907 0.0058300907 3.04261796
657 1999 5.83008778 0.00583008778 3.04261796
657 1999 5.83008766 0.00583008766 3.04261796
657 1999 5.83008677 0.00583008677 3.04261796
657 1999 5.83008626 0.00583008626 3.04261796
656 1988 5.81258948 0.00581258948 3.0304878
656 1988 5.81250306 0.00581250306 3.0304878
656 1988 5.81253373 0.00581253373 3.0304878
656 1988 5.81248025 0.00581248025 3.0304878
656 1988 5.81252168 0.00581252168 3.0304878
656 1988 5.81250685 0.00581250685 3.0304878
656 1988 5.81250715 0.00581250715 3.0304878
656 1988 5.81250727 0.00581250727 3.0304878
656 1988 5.81250712 0.00581250712 3.0304878
656 1988 5.81250702 0.00581250702 3.0304878
655 1983 5.7949371 0.0057949371 3.02748092
655 1989 5.80366503 0.00580366503 3.03664122
655 1989 5.80364833 0.00580364833 3.03664122
655 1989 5.80377007 0.00580377007 3.03664122
655 1989 5.80375207 0.00580375207 3.03664122
655 1989 5.80370565 0.00580370565 3.03664122
655 1989 5.80369925 0.00580369925 3.03664122
655 1989 5.80369747 0.00580369747 3.03664122
655 1989 5.80369843 0.00580369843 3.03664122
655 1989 5.80369896 0.00580369896 3.03664122
654 1978 5.78630017 0.00578630017 3.02446483
654 1986 5.78631682 0.00578631682 3.03669725
654 1978 5.7862474 0.0057862474 3.02446483
654 1986 5.78630691 0.00578630691 3.03669725
654 1978 5.78628118 0.00578628118 3.02446483
654 1986 5.78629144 0.00578629144 3.03669725
654 1978 5.78628688 0.00578628688 3.02446483
654 1986 5.78628604 0.00578628604 3.03669725
654 1978 5.78629096 0.00578629096 3.02446483
654 1986 5.78628377 0.00578628377 3.03669725
653 1975 5.76907141 0.00576907141 3.0245023
653 1981 5.76933495 0.00576933495 3.03369066
653 1977 5.77402331 0.00577402331 3.02756508
653 1978 5.79118196 0.00579118196 3.02909648
653 1974 5.79223184 0.00579223184 3.0229709
653 1972 5.79551911 0.00579551911 3.01990812
653 1972 5.79538503 0.00579538503 3.01990812
653 1972 5.79524642 0.00579524642 3.01990812
653 1972 5.79512994 0.00579512994 3.01990812
653 1972 5.79535511 0.00579535511 3.01990812
652 1968 5.77902552 0.00577902552 3.01840491
652 1968 5.77901739 0.00577901739 3.01840491
652 1968 5.77904354 0.00577904354 3.01840491
652 1968 5.77897895 0.00577897895 3.01840491
652 1968 5.77895507 0.00577895507 3.01840491
652 1968 5.77895811 0.00577895811 3.01840491
652 1968 5.77895647 0.00577895647 3.01840491
652 1968 5.77895695 0.00577895695 3.01840491
652 1968 5.77895711 0.00577895711 3.01840491
652 1968 5.77895698 0.00577895698 3.01840491
651 1965 5.76247268 0.00576247268 3.01843318
651 1965 5.76239642 0.00576239642 3.01843318
651 1963 5.7623141 0.0057623141 3.01536098
651 1961 5.76321419 0.00576321419 3.01228879
651 1961 5.76299001 0.00576299001 3.01228879
651 1960 5.76353989 0.00576353989 3.01075269
651 1963 5.77272578 0.00577272578 3.01536098
651 1963 5.772486 0.005772486 3.01536098
651 1963 5.77241815 0.00577241815 3.01536098
651 1963 5.77242525 0.00577242525 3.01536098
650 1956 5.75678015 0.00575678015 3.00923077
650 1956 5.75678354 0.00575678354 3.00923077
650 1956 5.75672229 0.00575672229 3.00923077
650 1956 5.756733 0.005756733 3.00923077
650 1956 5.7567332 0.0057567332 3.00923077
650 1956 5.75673447 0.00575673447 3.00923077
650 1956 5.75674046 0.00575674046 3.00923077
650 1956 5.75674067 0.00575674067 3.00923077
650 1956 5.75674524 0.00575674524 3.00923077
650 1956 5.75685605 0.00575685605 3.00923077
649 1950 5.74073678 0.00574073678 3.0046225
649 1945 5.74078867 0.00574078867 2.99691834
649 1944 5.74569916 0.00574569916 2.9953775
649 1946 5.74996913 0.00574996913 2.99845917
649 1948 5.7515294 0.0057515294 3.00154083
649 1948 5.75158854 0.00575158854 3.00154083
649 1949 5.76258703 0.00576258703 3.00308166
649 1949 5.7766931 0.0057766931 3.00308166
649 1949 5.7766996 0.0057766996 3.00308166
649 1949 5.77666129 0.00577666129 3.00308166
648 1944 5.76253478 0.00576253478 3
648 1946 5.76224004 0.00576224004 3.00308642
648 1944 5.76257183 0.00576257183 3
648 1944 5.76255476 0.00576255476 3
648 1944 5.76254748 0.00576254748 3
648 1944 5.7625533 0.0057625533 3
648 1944 5.76255571 0.00576255571 3
648 1944 5.76255601 0.00576255601 3
648 1944 5.76255612 0.00576255612 3
648 1944 5.76255614 0.00576255614 3
647 1941 5.74830419 0.00574830419 3
647 1941 5.74837698 0.00574837698 3
647 1941 5.74832356 0.00574832356 3
647 1941 5.74831659 0.00574831659 3
647 1941 5.74832023 0.00574832023 3
647 1941 5.7483168 0.0057483168 3
647 1941 5.74831673 0.00574831673 3
647 1941 5.74831809 0.00574831809 3
647 1941 5.74831881 0.00574831881 3
647 1941 5.74831924 0.00574831924 3
646 1938 5.73364935 0.00573364935 3
646 1938 5.73372686 0.00573372686 3
646 1938 5.73358199 0.00573358199 3
646 1938 5.73369835 0.00573369835 3
646 1938 5.73371206 0.00573371206 3
646 1938 5.73358891 0.00573358891 3
646 1938 5.73370317 0.00573370317 3
646 1938 5.73371525 0.00573371525 3
646 1938 5.73358993 0.00573358993 3
646 1938 5.73370436 0.00573370436 3
645 1932 5.71841668 0.00571841668 2.99534884
645 1933 5.71827744 0.00571827744 2.99689922
645 1936 5.7215203 0.0057215203 3.00155039
645 1935 5.72799688 0.00572799688 3
645 1938 5.7303568 0.0057303568 3.00465116
645 1937 5.73039082 0.00573039082 3.00310078
645 1937 5.73045657 0.00573045657 3.00310078
645 1937 5.73043728 0.00573043728 3.00310078
645 1937 5.73043091 0.00573043091 3.00310078
645 1937 5.73042921 0.00573042921 3.00310078
644 1932 5.71652518 0.00571652518 3
644 1932 5.71652805 0.00571652805 3
644 1932 5.71648057 0.00571648057 3
644 1932 5.71653184 0.00571653184 3
644 1934 5.71626263 0.00571626263 3.00310559
644 1932 5.71656679 0.00571656679 3
644 1932 5.71654036 0.00571654036 3
644 1932 5.71653505 0.00571653505 3
644 1932 5.71654116 0.00571654116 3
644 1932 5.71654329 0.00571654329 3
643 1929 5.70247506 0.00570247506 3
643 1929 5.70240644 0.00570240644 3
643 1929 5.70258823 0.00570258823 3
643 1929 5.7025536 0.0057025536 3
643 1929 5.70243884 0.00570243884 3
643 1929 5.7025428 0.0057025428 3
643 1929 5.70255384 0.00570255384 3
643 1929 5.70243957 0.00570243957 3
643 1929 5.7025437 0.0057025437 3
643 1929 5.70255436 0.00570255436 3
642 1922 5.68763846 0.00568763846 2.99376947
642 1926 5.68782976 0.00568782976 3
642 1926 5.68787867 0.00568787867 3
642 1922 5.68771704 0.00568771704 2.99376947
642 1922 5.68764379 0.00568764379 2.99376947
642 1923 5.68795104 0.00568795104 2.9953271
642 1923 5.68788978 0.00568788978 2.9953271
642 1922 5.68782404 0.00568782404 2.99376947
642 1923 5.68793522 0.00568793522 2.9953271
642 1923 5.68793455 0.00568793455 2.9953271
641 1916 5.67332499 0.00567332499 2.98907956
641 1916 5.67328721 0.00567328721 2.98907956
641 1916 5.67326216 0.00567326216 2.98907956
641 1916 5.67324581 0.00567324581 2.98907956
641 1916 5.67324686 0.00567324686 2.98907956
641 1916 5.67324914 0.00567324914 2.98907956
641 1916 5.67325069 0.00567325069 2.98907956
641 1916 5.67325178 0.00567325178 2.98907956
641 1916 5.67325253 0.00567325253 2.98907956
641 1916 5.67325308 0.00567325308 2.98907956
640 1913 5.65898836 0.00565898836 2.9890625
640 1913 5.65913688 0.00565913688 2.9890625
640 1913 5.65898402 0.00565898402 2.9890625
640 1913 5.65907933 0.00565907933 2.9890625
640 1913 5.65898529 0.00565898529 2.9890625
640 1913 5.65908216 0.00565908216 2.9890625
640 1913 5.65899214 0.00565899214 2.9890625
640 1913 5.65908789 0.00565908789 2.9890625
640 1913 5.65899743 0.00565899743 2.9890625
640 1913 5.65909153 0.00565909153 2.9890625
639 1907 5.64386203 0.00564386203 2.98435055
639 1910 5.64389708 0.00564389708 2.98904538
639 1910 5.64397302 0.00564397302 2.98904538
639 1907 5.64402259 0.00564402259 2.98435055
639 1907 5.6439115 0.0056439115 2.98435055
639 1910 5.64395023 0.00564395023 2.98904538
639 1910 5.64402167 0.00564402167 2.98904538
639 1907 5.64400386 0.00564400386 2.98435055
639 1907 5.64391016 0.00564391016 2.98435055
639 1910 5.64396695 0.00564396695 2.98904538
638 1906 5.62852551 0.00562852551 2.98746082
638 1905 5.6290911 0.0056290911 2.98589342
638 1905 5.63734575 0.00563734575 2.98589342
638 1905 5.63730285 0.00563730285 2.98589342
638 1905 5.63727576 0.00563727576 2.98589342
638 1905 5.63727597 0.00563727597 2.98589342
638 1905 5.63727912 0.00563727912 2.98589342
638 1905 5.63728245 0.00563728245 2.98589342
638 1905 5.63728483 0.00563728483 2.98589342
638 1905 5.63728654 0.00563728654 2.98589342
637 1902 5.622844 0.005622844 2.98587127
637 1898 5.62305587 0.00562305587 2.97959184
637 1898 5.62295838 0.00562295838 2.97959184
637 1902 5.62287801 0.00562287801 2.98587127
637 1898 5.62306204 0.00562306204 2.97959184
637 1898 5.62297285 0.00562297285 2.97959184
637 1898 5.62305954 0.00562305954 2.97959184
637 1898 5.62297569 0.00562297569 2.97959184
637 1902 5.62287149 0.00562287149 2.98587127
637 1898 5.62306894 0.00562306894 2.97959184
636 1892 5.60817415 0.00560817415 2.97484277
636 1895 5.60809868 0.00560809868 2.97955975
636 1892 5.60819224 0.00560819224 2.97484277
636 1892 5.60816101 0.00560816101 2.97484277
636 1892 5.60808668 0.00560808668 2.97484277
636 1895 5.60809028 0.00560809028 2.97955975
636 1892 5.60815959 0.00560815959 2.97484277
636 1895 5.60809179 0.00560809179 2.97955975
636 1892 5.60815797 0.00560815797 2.97484277
636 1895 5.60809952 0.00560809952 2.97955975
635 1889 5.5932309 0.0055932309 2.97480315
635 1889 5.59322013 0.00559322013 2.97480315
635 1889 5.59320151 0.00559320151 2.97480315
635 1889 5.59319006 0.00559319006 2.97480315
635 1889 5.59318726 0.00559318726 2.97480315
635 1889 5.59318749 0.00559318749 2.97480315
635 1889 5.59318717 0.00559318717 2.97480315
635 1889 5.59318715 0.00559318715 2.97480315
635 1889 5.59318717 0.00559318717 2.97480315
635 1889 5.59318722 0.00559318722 2.97480315
634 1882 5.57757307 0.00557757307 2.96845426
634 1882 5.57761347 0.00557761347 2.96845426
634 1882 5.57765211 0.00557765211 2.96845426
634 1887 5.57744206 0.00557744206 2.97634069
634 1888 5.57776062 0.00557776062 2.97791798
634 1888 5.57770781 0.00557770781 2.97791798
634 1888 5.5777314 0.0055777314 2.97791798
634 1888 5.57773631 0.00557773631 2.97791798
634 1888 5.5777334 0.0055777334 2.97791798
634 1888 5.57773153 0.00557773153 2.97791798
633 1882 5.56256548 0.00556256548 2.97314376
633 1882 5.56255228 0.00556255228 2.97314376
633 1882 5.56250818 0.00556250818 2.97314376
633 1882 5.56249199 0.00556249199 2.97314376
633 1882 5.56248811 0.00556248811 2.97314376
633 1882 5.56248717 0.00556248717 2.97314376
633 1882 5.56248659 0.00556248659 2.97314376
633 1882 5.56248637 0.00556248637 2.97314376
633 1882 5.56248626 0.00556248626 2.97314376
633 1882 5.56248622 0.00556248622 2.97314376
632 1875 5.54697494 0.00554697494 2.96677215
632 1875 5.54709593 0.00554709593 2.96677215
632 1875 5.54714564 0.00554714564 2.96677215
632 1875 5.54714994 0.00554714994 2.96677215
632 1875 5.54715706 0.00554715706 2.96677215
632 1875 5.54716364 0.00554716364 2.96677215
632 1875 5.54716858 0.00554716858 2.96677215
632 1875 5.54700442 0.00554700442 2.96677215
632 1875 5.54697444 0.00554697444 2.96677215
632 1875 5.54698474 0.00554698474 2.96677215
631 1871 5.53094053 0.00553094053 2.96513471
631 1871 5.53099921 0.00553099921 2.96513471
631 1871 5.5308708 0.0055308708 2.96513471
631 1871 5.53103749 0.00553103749 2.96513471
631 1871 5.53107446 0.00553107446 2.96513471
631 1871 5.53108464 0.00553108464 2.96513471
631 1871 5.53108969 0.00553108969 2.96513471
631 1871 5.53109115 0.00553109115 2.96513471
631 1871 5.53109214 0.00553109214 2.96513471
631 1871 5.53109286 0.00553109286 2.96513471
630 1867 5.51485666 0.00551485666 2.96349206
630 1867 5.51476509 0.00551476509 2.96349206
630 1867 5.51474761 0.00551474761 2.96349206
630 1867 5.51474286 0.00551474286 2.96349206
630 1867 5.51474179 0.00551474179 2.96349206
630 1867 5.5147417 0.0055147417 2.96349206
630 1867 5.51474179 0.00551474179 2.96349206
630 1867 5.5147419 0.0055147419 2.96349206
630 1867 5.51474199 0.00551474199 2.96349206
630 1867 5.51474205 0.00551474205 2.96349206
629 1862 5.49817652 0.00549817652 2.96025437
629 1862 5.49823151 0.00549823151 2.96025437
629 1862 5.49815251 0.00549815251 2.96025437
629 1862 5.4981827 0.0054981827 2.96025437
629 1862 5.49812119 0.00549812119 2.96025437
629 1862 5.49814304 0.00549814304 2.96025437
629 1862 5.49816337 0.00549816337 2.96025437
629 1862 5.49818693 0.00549818693 2.96025437
629 1862 5.49817292 0.00549817292 2.96025437
629 1862 5.49818756 0.00549818756 2.96025437
628 1859 5.48092978 0.00548092978 2.96019108
628 1860 5.48081948 0.00548081948 2.96178344
628 1859 5.48102087 0.00548102087 2.96019108
628 1858 5.48076345 0.00548076345 2.95859873
628 1857 5.48153658 0.00548153658 2.95700637
628 1857 5.48155151 0.00548155151 2.95700637
628 1857 5.48154623 0.00548154623 2.95700637
628 1857 5.48154553 0.00548154553 2.95700637
628 1857 5.48154508 0.00548154508 2.95700637
628 1857 5.48154487 0.00548154487 2.95700637
627 1852 5.46537202 0.00546537202 2.95374801
627 1852 5.46526182 0.00546526182 2.95374801
627 1852 5.46510882 0.00546510882 2.95374801
627 1852 5.46508214 0.00546508214 2.95374801
627 1852 5.46505837 0.00546505837 2.95374801
627 1852 5.46505262 0.00546505262 2.95374801
627 1852 5.46505074 0.00546505074 2.95374801
627 1852 5.46505025 0.00546505025 2.95374801
627 1852 5.46505021 0.00546505021 2.95374801
627 1852 5.4650503 0.0054650503 2.95374801
626 1847 5.44862819 0.00544862819 2.95047923
626 1849 5.44871899 0.00544871899 2.95367412
626 1849 5.4486889 0.0054486889 2.95367412
626 1848 5.44871034 0.00544871034 2.95207668
626 1849 5.44858698 0.00544858698 2.95367412
626 1849 5.4485053 0.0054485053 2.95367412
626 1849 5.44850968 0.00544850968 2.95367412
626 1849 5.44850253 0.00544850253 2.95367412
626 1849 5.44850249 0.00544850249 2.95367412
626 1849 5.44850256 0.00544850256 2.95367412
625 1844 5.43203508 0.00543203508 2.9504
625 1842 5.43246295 0.00543246295 2.9472
625 1841 5.43687001 0.00543687001 2.9456
625 1841 5.44694957 0.00544694957 2.9456
625 1840 5.44955635 0.00544955635 2.944
625 1836 5.45512889 0.00545512889 2.9376
625 1831 5.46375267 0.00546375267 2.9296
625 1831 5.46368217 0.00546368217 2.9296
625 1831 5.46360458 0.00546360458 2.9296
625 1831 5.46357273 0.00546357273 2.9296
624 1827 5.44823886 0.00544823886 2.92788462
624 1828 5.44792992 0.00544792992 2.92948718
624 1827 5.44825588 0.00544825588 2.92788462
624 1827 5.44822145 0.00544822145 2.92788462
624 1827 5.44821909 0.00544821909 2.92788462
624 1828 5.44796737 0.00544796737 2.92948718
624 1828 5.44798723 0.00544798723 2.92948718
624 1827 5.44822916 0.00544822916 2.92788462
624 1828 5.44856441 0.00544856441 2.92948718
624 1828 5.44852651 0.00544852651 2.92948718
623 1824 5.43291474 0.00543291474 2.92776886
623 1824 5.43283645 0.00543283645 2.92776886
623 1824 5.43271799 0.00543271799 2.92776886
623 1824 5.43268214 0.00543268214 2.92776886
623 1825 5.43250952 0.00543250952 2.929374
623 1825 5.43246712 0.00543246712 2.929374
623 1825 5.43248194 0.00543248194 2.929374
623 1825 5.43248421 0.00543248421 2.929374
623 1825 5.43248541 0.00543248541 2.929374
623 1825 5.43248459 0.00543248459 2.929374
622 1821 5.41702716 0.00541702716 2.92765273
622 1821 5.41709229 0.00541709229 2.92765273
622 1821 5.41710024 0.00541710024 2.92765273
622 1821 5.41710253 0.00541710253 2.92765273
622 1821 5.41710284 0.00541710284 2.92765273
622 1821 5.41710305 0.00541710305 2.92765273
622 1821 5.41710328 0.00541710328 2.92765273
622 1821 5.4171035 0.0054171035 2.92765273
622 1821 5.41710367 0.00541710367 2.92765273
622 1821 5.41710381 0.00541710381 2.92765273
621 1817 5.40061646 0.00540061646 2.92592593
621 1817 5.40050875 0.00540050875 2.92592593
621 1817 5.40050198 0.00540050198 2.92592593
621 1817 5.40051181 0.00540051181 2.92592593
621 1817 5.40051184 0.00540051184 2.92592593
621 1817 5.40051183 0.00540051183 2.92592593
621 1817 5.40051224 0.00540051224 2.92592593
621 1817 5.40051297 0.00540051297 2.92592593
621 1817 5.40051365 0.00540051365 2.92592593
621 1817 5.40051428 0.00540051428 2.92592593
620 1811 5.38383432 0.00538383432 2.92096774
620 1814 5.38339985 0.00538339985 2.92580645
620 1814 5.38355768 0.00538355768 2.92580645
620 1814 5.383542 0.005383542 2.92580645
620 1814 5.38354282 0.00538354282 2.92580645
620 1814 5.38354493 0.00538354493 2.92580645
620 1814 5.38354574 0.00538354574 2.92580645
620 1814 5.38354672 0.00538354672 2.92580645
620 1814 5.38354761 0.00538354761 2.92580645
620 1814 5.38354836 0.00538354836 2.92580645
619 1810 5.36730907 0.00536730907 2.92407108
619 1809 5.37767865 0.00537767865 2.92245557
619 1807 5.38421508 0.00538421508 2.91922456
619 1805 5.3979802 0.0053979802 2.91599354
619 1805 5.39789887 0.00539789887 2.91599354
619 1805 5.39800694 0.00539800694 2.91599354
619 1805 5.39789802 0.00539789802 2.91599354
619 1805 5.39791709 0.00539791709 2.91599354
619 1805 5.39792034 0.00539792034 2.91599354
619 1805 5.39792512 0.00539792512 2.91599354
618 1801 5.38216168 0.00538216168 2.91423948
618 1801 5.38204003 0.00538204003 2.91423948
618 1801 5.3820555 0.0053820555 2.91423948
618 1801 5.3820596 0.0053820596 2.91423948
618 1801 5.38206374 0.00538206374 2.91423948
618 1801 5.38206755 0.00538206755 2.91423948
618 1801 5.38207097 0.00538207097 2.91423948
618 1801 5.38207389 0.00538207389 2.91423948
618 1801 5.38207636 0.00538207636 2.91423948
618 1801 5.38207843 0.00538207843 2.91423948
617 1797 5.36643589 0.00536643589 2.91247974
617 1797 5.36628808 0.00536628808 2.91247974
617 1797 5.36618533 0.00536618533 2.91247974
617 1797 5.36612152 0.00536612152 2.91247974
617 1797 5.36609494 0.00536609494 2.91247974
617 1796 5.36639297 0.00536639297 2.910859
617 1793 5.37100515 0.00537100515 2.90599676
617 1793 5.37101659 0.00537101659 2.90599676
617 1793 5.3710268 0.0053710268 2.90599676
617 1793 5.37103113 0.00537103113 2.90599676
616 1789 5.35539088 0.00535539088 2.90422078
616 1789 5.35480987 0.00535480987 2.90422078
616 1789 5.35537978 0.00535537978 2.90422078
616 1789 5.35533063 0.00535533063 2.90422078
616 1789 5.35534608 0.00535534608 2.90422078
616 1789 5.35534481 0.00535534481 2.90422078
616 1789 5.35534233 0.00535534233 2.90422078
616 1789 5.35533964 0.00535533964 2.90422078
616 1789 5.35533789 0.00535533789 2.90422078
616 1789 5.35533656 0.00535533656 2.90422078
615 1785 5.33960288 0.00533960288 2.90243902
615 1785 5.33965751 0.00533965751 2.90243902
615 1785 5.33952059 0.00533952059 2.90243902
615 1785 5.33954249 0.00533954249 2.90243902
615 1785 5.33949363 0.00533949363 2.90243902
615 1785 5.33942634 0.00533942634 2.90243902
615 1785 5.33943158 0.00533943158 2.90243902
615 1784 5.33959934 0.00533959934 2.90081301
615 1778 5.36976745 0.00536976745 2.89105691
615 1779 5.37021919 0.00537021919 2.89268293
614 1776 5.3545309 0.0053545309 2.89250814
614 1775 5.35445251 0.00535445251 2.89087948
614 1775 5.35438065 0.00535438065 2.89087948
614 1775 5.35430051 0.00535430051 2.89087948
614 1775 5.35425907 0.00535425907 2.89087948
614 1775 5.35423439 0.00535423439 2.89087948
614 1775 5.35421847 0.00535421847 2.89087948
614 1775 5.35420884 0.00535420884 2.89087948
614 1775 5.35428867 0.00535428867 2.89087948
614 1775 5.35424534 0.00535424534 2.89087948
613 1771 5.33846181 0.00533846181 2.88907015
613 1771 5.33843783 0.00533843783 2.88907015
613 1771 5.33844765 0.00533844765 2.88907015
613 1771 5.33845446 0.00533845446 2.88907015
613 1771 5.33845791 0.00533845791 2.88907015
613 1771 5.33846067 0.00533846067 2.88907015
613 1771 5.33846318 0.00533846318 2.88907015
613 1771 5.33846531 0.00533846531 2.88907015
613 1771 5.33846711 0.00533846711 2.88907015
613 1771 5.33846862 0.00533846862 2.88907015
612 1768 5.32281223 0.00532281223 2.88888889
612 1768 5.32296135 0.00532296135 2.88888889
612 1766 5.32259663 0.00532259663 2.88562092
612 1766 5.32253706 0.00532253706 2.88562092
612 1766 5.32249086 0.00532249086 2.88562092
612 1768 5.32275057 0.00532275057 2.88888889
612 1766 5.32233906 0.00532233906 2.88562092
612 1768 5.32270148 0.00532270148 2.88888889
612 1766 5.32229743 0.00532229743 2.88562092
612 1768 5.32269252 0.00532269252 2.88888889
611 1763 5.30711607 0.00530711607 2.88543372
611 1763 5.30708182 0.00530708182 2.88543372
611 1763 5.30707989 0.00530707989 2.88543372
611 1763 5.30706168 0.00530706168 2.88543372
611 1763 5.30703053 0.00530703053 2.88543372
611 1763 5.30701387 0.00530701387 2.88543372
611 1763 5.30701714 0.00530701714 2.88543372
611 1763 5.30701788 0.00530701788 2.88543372
611 1763 5.30701704 0.00530701704 2.88543372
611 1763 5.30701676 0.00530701676 2.88543372
610 1759 5.2910749 0.0052910749 2.88360656
610 1759 5.29101933 0.00529101933 2.88360656
610 1760 5.29092922 0.00529092922 2.8852459
610 1760 5.2908874 0.0052908874 2.8852459
610 1760 5.29088638 0.00529088638 2.8852459
610 1760 5.29087649 0.00529087649 2.8852459
610 1760 5.29086943 0.00529086943 2.8852459
610 1760 5.2908628 0.0052908628 2.8852459
610 1760 5.29085828 0.00529085828 2.8852459
610 1760 5.29085487 0.00529085487 2.8852459
609 1756 5.27478938 0.00527478938 2.88341544
609 1756 5.2748295 0.0052748295 2.88341544
609 1756 5.27485982 0.00527485982 2.88341544
609 1756 5.27487015 0.00527487015 2.88341544
609 1756 5.27488028 0.00527488028 2.88341544
609 1756 5.27488997 0.00527488997 2.88341544
609 1756 5.27489882 0.00527489882 2.88341544
609 1756 5.27490681 0.00527490681 2.88341544
609 1756 5.27491397 0.00527491397 2.88341544
609 1756 5.27492033 0.00527492033 2.88341544
608 1752 5.25808883 0.00525808883 2.88157895
608 1751 5.2642711 0.0052642711 2.87993421
608 1751 5.26492977 0.00526492977 2.87993421
608 1748 5.27668282 0.00527668282 2.875
608 1751 5.28616637 0.00528616637 2.87993421
608 1751 5.29359508 0.00529359508 2.87993421
608 1752 5.29478219 0.00529478219 2.88157895
608 1752 5.29417175 0.00529417175 2.88157895
608 1752 5.29471487 0.00529471487 2.88157895
608 1752 5.29416932 0.00529416932 2.88157895
607 1749 5.27959091 0.00527959091 2.88138386
607 1749 5.27958789 0.00527958789 2.88138386
607 1749 5.27956958 0.00527956958 2.88138386
607 1749 5.27957384 0.00527957384 2.88138386
607 1749 5.2795756 0.0052795756 2.88138386
607 1749 5.27957716 0.00527957716 2.88138386
607 1749 5.27957876 0.00527957876 2.88138386
607 1749 5.27958037 0.00527958037 2.88138386
607 1749 5.27958194 0.00527958194 2.88138386
607 1749 5.27958348 0.00527958348 2.88138386
606 1745 5.26333588 0.00526333588 2.87953795
606 1745 5.26322978 0.00526322978 2.87953795
606 1745 5.26323694 0.00526323694 2.87953795
606 1745 5.26322812 0.00526322812 2.87953795
606 1745 5.26321925 0.00526321925 2.87953795
606 1745 5.26321206 0.00526321206 2.87953795
606 1745 5.26320685 0.00526320685 2.87953795
606 1745 5.26320298 0.00526320298 2.87953795
606 1745 5.26320016 0.00526320016 2.87953795
606 1745 5.2631982 0.0052631982 2.87953795
605 1740 5.24653044 0.00524653044 2.87603306
605 1740 5.24646176 0.00524646176 2.87603306
605 1740 5.24642464 0.00524642464 2.87603306
605 1740 5.2463795 0.0052463795 2.87603306
605 1740 5.24633972 0.00524633972 2.87603306
605 1740 5.24630502 0.00524630502 2.87603306
605 1740 5.24627488 0.00524627488 2.87603306
605 1740 5.24624841 0.00524624841 2.87603306
605 1740 5.24622498 0.00524622498 2.87603306
605 1740 5.24620406 0.00524620406 2.87603306
604 1737 5.22968724 0.00522968724 2.87582781
604 1737 5.22963916 0.00522963916 2.87582781
604 1737 5.22954644 0.00522954644 2.87582781
604 1737 5.22946045 0.00522946045 2.87582781
604 1737 5.2293772 0.0052293772 2.87582781
604 1737 5.22929347 0.00522929347 2.87582781
604 1737 5.22921017 0.00522921017 2.87582781
604 1737 5.22912683 0.00522912683 2.87582781
604 1737 5.22904281 0.00522904281 2.87582781
604 1737 5.22895746 0.00522895746 2.87582781
603 1733 5.21215083 0.00521215083 2.87396352
603 1733 5.2120249 0.0052120249 2.87396352
603 1733 5.21188333 0.00521188333 2.87396352
603 1733 5.21174968 0.00521174968 2.87396352
603 1731 5.21154513 0.00521154513 2.87064677
603 1731 5.21151244 0.00521151244 2.87064677
603 1731 5.21150033 0.00521150033 2.87064677
603 1731 5.21148404 0.00521148404 2.87064677
603 1731 5.21146363 0.00521146363 2.87064677
603 1731 5.21143864 0.00521143864 2.87064677
602 1728 5.19368325 0.00519368325 2.87043189
602 1728 5.19352916 0.00519352916 2.87043189
602 1728 5.19344348 0.00519344348 2.87043189
602 1728 5.19339697 0.00519339697 2.87043189
602 1728 5.19334833 0.00519334833 2.87043189
602 1728 5.19328821 0.00519328821 2.87043189
602 1728 5.19321115 0.00519321115 2.87043189
602 1728 5.19311151 0.00519311151 2.87043189
602 1728 5.19298148 0.00519298148 2.87043189
602 1729 5.19407524 0.00519407524 2.87209302
601 1724 5.17584367 0.00517584367 2.86855241
601 1719 5.1862508 0.0051862508 2.86023295
601 1718 5.18748952 0.00518748952 2.85856905
601 1718 5.18752848 0.00518752848 2.85856905
601 1718 5.18753223 0.00518753223 2.85856905
601 1718 5.18753294 0.00518753294 2.85856905
601 1718 5.18753318 0.00518753318 2.85856905
601 1718 5.1875335 0.0051875335 2.85856905
601 1718 5.18753369 0.00518753369 2.85856905
601 1718 5.18753371 0.00518753371 2.85856905
600 1708 5.16994283 0.00516994283 2.84666667
600 1708 5.16987658 0.00516987658 2.84666667
600 1708 5.16985014 0.00516985014 2.84666667
600 1708 5.16975622 0.00516975622 2.84666667
600 1708 5.16966567 0.00516966567 2.84666667
600 1708 5.16949261 0.00516949261 2.84666667
600 1708 5.16941088 0.00516941088 2.84666667
600 1708 5.16931298 0.00516931298 2.84666667
600 1708 5.16920264 0.00516920264 2.84666667
600 1708 5.16907695 0.00516907695 2.84666667
599 1702 5.1511743 0.0051511743 2.84140234
599 1702 5.15108688 0.00515108688 2.84140234
599 1702 5.15100016 0.00515100016 2.84140234
599 1702 5.15090977 0.00515090977 2.84140234
599 1702 5.15080979 0.00515080979 2.84140234
599 1702 5.15070373 0.00515070373 2.84140234
599 1702 5.15059228 0.00515059228 2.84140234
599 1702 5.15047623 0.00515047623 2.84140234
599 1702 5.15035645 0.00515035645 2.84140234
599 1702 5.15023394 0.00515023394 2.84140234
598 1698 5.13239004 0.00513239004 2.83946488
598 1699 5.1323631 0.0051323631 2.84113712
598 1706 5.13347938 0.00513347938 2.85284281
598 1708 5.13388464 0.00513388464 2.85618729
598 1710 5.13503061 0.00513503061 2.85953177
598 1710 5.13458238 0.00513458238 2.85953177
598 1710 5.13420819 0.00513420819 2.85953177
598 1710 5.13380471 0.00513380471 2.85953177
598 1710 5.13327169 0.00513327169 2.85953177
598 1710 5.13272747 0.00513272747 2.85953177
597 1704 5.11423605 0.00511423605 2.85427136
597 1705 5.11433597 0.00511433597 2.8559464
597 1702 5.11410454 0.00511410454 2.85092127
597 1702 5.11397872 0.00511397872 2.85092127
597 1702 5.11382367 0.00511382367 2.85092127
597 1701 5.11365246 0.00511365246 2.84924623
597 1703 5.11489382 0.00511489382 2.85259631
597 1703 5.11486537 0.00511486537 2.85259631
597 1703 5.11485704 0.00511485704 2.85259631
597 1703 5.11485056 0.00511485056 2.85259631
596 1700 5.09675477 0.00509675477 2.85234899
596 1700 5.09680093 0.00509680093 2.85234899
596 1700 5.09674422 0.00509674422 2.85234899
596 1700 5.09668838 0.00509668838 2.85234899
596 1700 5.09660058 0.00509660058 2.85234899
596 1700 5.09661382 0.00509661382 2.85234899
596 1700 5.09653229 0.00509653229 2.85234899
596 1700 5.09639748 0.00509639748 2.85234899
596 1700 5.09620309 0.00509620309 2.85234899
596 1700 5.09592013 0.00509592013 2.85234899
595 1690 5.07761113 0.00507761113 2.84033613
595 1690 5.0771259 0.0050771259 2.84033613
595 1690 5.07656319 0.00507656319 2.84033613
595 1690 5.0757002 0.0050757002 2.84033613
595 1690 5.07429533 0.00507429533 2.84033613
595 1694 5.07203552 0.00507203552 2.84705882
595 1689 5.06868946 0.00506868946 2.83865546
595 1690 5.06087912 0.00506087912 2.84033613
595 1685 5.05071615 0.00505071615 2.83193277
595 1685 5.0057269 0.0050057269 2.83193277
594 1682 4.93764681 0.00493764681 2.83164983
594 1683 0 0 2.83333333
allocating memory...
allocating memory...
allocating memory...
allocating memory...
allocating memory...
allocating memory...
allocating memory...
allocating memory...
allocating memory...
allocating memory...
allocating memory...
allocating memory...
allocating memory...
walksat version 35
command line = test -solcnf -cutoff 100000000 -best -seed 1234567 -numsol 10 ./residualformula_seed10.cnf
seed = 1234567
cutoff = 100000000
tries = 10
heuristic = best, noise 50 / 100
tail starts after flip = 3000
numatom = 1000, numclause = 1683, numliterals = 4442
wff read in

    lowest     final       avg     noise     noise     total                 avg        mean        mean
    #unsat    #unsat     noise   std dev     ratio     flips              length       flips       flips
      this      this      this      this      this      this   success   success       until         std
       try       try       try       try       try       try      rate     tries      assign         dev

         0         0      4.97      3.33      1.49     36589       100     36589    36589.00
         0         0      4.55      2.15      2.12      7453       100     22021    22021.00    20602.26
         0         0      4.81      2.90      1.66     30695       100     24912    24912.33    15404.74
         0         0      4.21      2.83      1.49     73918       100     37163    37163.75    27542.56
         0         0      6.61      5.04      1.31      4132       100     30557    30557.40    28056.44
         0         0      5.36      3.41      1.57      8207       100     26832    26832.33    26701.83
         0         0      3.05      2.37      1.29      4811       100     23686    23686.43    25757.20
         0         0      4.95      2.76      1.79     12637       100     22305    22305.25    24164.41
         0         0      2.95      2.52      1.17     15304       100     21527    21527.33    22723.89
         0         0      2.73      1.60      1.70      6893       100     20063    20063.90    21918.41

total elapsed seconds = 0.000000
average flips per second = -9223372036854775808
number solutions found = 10
final success rate = 100.000000
average length successful tries = 20063
mean flips until assign = 20063.900000
  variance = 480416519.433333
  standard deviation = 21918.405951
  standard error of mean = 6931.208549
mean seconds until assign = 0.000000
  variance = 0.000000
  standard deviation = 0.000000
  standard error of mean = 0.000000
mean restarts until assign = 1.000000
  variance = 0.000000
  standard deviation = 0.000000
  standard error of mean = 0.000000
final noise level statistics
    statistics over all runs:
      overall mean average noise level = 4.418520
      overall mean noise std deviation = 2.891416
      overall ratio mean noise to mean std dev = 1.528151
    statistics on successful runs:
      successful mean average noise level = 4.418520
      successful mean noise std deviation = 2.891416
      successful ratio mean noise to mean std dev = 1.528151
    statistics on nonsuccessful runs:
      nonsuccessful mean average noise level = 0.000000
      nonsuccessful mean noise std deviation = 0.000000
      nonsuccessful ratio mean noise to mean std dev = 0.000000
ASSIGNMENT FOUND
Check and white a solution
time of whitening    freezing probability
13	 	 	 	1
11	 	 	 	1
10	 	 	 	1
10	 	 	 	1
10	 	 	 	1
10	 	 	 	1
12	 	 	 	1
10	 	 	 	1
9	 	 	 	1
10	 	 	 	1
