START ALGORITHM:
I am going to build an instance with N: 1000 variables and 4200 clauses with a clause density equal to 4.2
START DYNAMIC-I BSP WITH r=0.9:
Decimation scorer: cert
END UNIT PROPAGATION
1000 4200 6.34213862 0.00634213862 4.2
1000 4200 6.34219181 0.00634219181 4.2
1000 4200 6.3420441 0.0063420441 4.2
1000 4200 6.34231298 0.00634231298 4.2
1000 4200 6.3422167 0.0063422167 4.2
1000 4200 6.34214469 0.00634214469 4.2
1000 4200 6.34217651 0.00634217651 4.2
1000 4200 6.34218022 0.00634218022 4.2
1000 4200 6.34214969 0.00634214969 4.2
999 4191 6.34216086 0.00634216086 4.1951952
999 4197 6.34217846 0.00634217846 4.2012012
999 4197 6.34218518 0.00634218518 4.2012012
999 4197 6.34216233 0.00634216233 4.2012012
999 4197 6.34217806 0.00634217806 4.2012012
999 4197 6.34216549 0.00634216549 4.2012012
999 4197 6.34217351 0.00634217351 4.2012012
999 4197 6.34217247 0.00634217247 4.2012012
999 4197 6.34217101 0.00634217101 4.2012012
999 4197 6.3421708 0.0063421708 4.2012012
998 4193 6.34217248 0.00634217248 4.20140281
998 4193 6.3421728 0.0063421728 4.20140281
998 4193 6.34217019 0.00634217019 4.20140281
998 4193 6.3421732 0.0063421732 4.20140281
998 4193 6.3421714 0.0063421714 4.20140281
998 4193 6.34217205 0.00634217205 4.20140281
998 4193 6.34217201 0.00634217201 4.20140281
998 4193 6.34217205 0.00634217205 4.20140281
998 4193 6.3421718 0.0063421718 4.20140281
998 4193 6.34217225 0.00634217225 4.20140281
997 4184 6.34217203 0.00634217203 4.19658977
997 4184 6.34217208 0.00634217208 4.19658977
997 4184 6.34217195 0.00634217195 4.19658977
997 4184 6.342172 0.006342172 4.19658977
997 4184 6.34217201 0.00634217201 4.19658977
997 4184 6.34217199 0.00634217199 4.19658977
997 4184 6.34217199 0.00634217199 4.19658977
997 4184 6.342172 0.006342172 4.19658977
997 4184 6.34217199 0.00634217199 4.19658977
997 4184 6.34217199 0.00634217199 4.19658977
996 4175 6.34213554 0.00634213554 4.19176707
996 4175 6.3421355 0.0063421355 4.19176707
996 4175 6.34213563 0.00634213563 4.19176707
996 4175 6.34213568 0.00634213568 4.19176707
996 4175 6.3421357 0.0063421357 4.19176707
996 4175 6.34213565 0.00634213565 4.19176707
996 4175 6.34213565 0.00634213565 4.19176707
996 4175 6.34213563 0.00634213563 4.19176707
996 4175 6.34213564 0.00634213564 4.19176707
996 4175 6.34213565 0.00634213565 4.19176707
995 4168 6.34175831 0.00634175831 4.18894472
995 4168 6.34175832 0.00634175832 4.18894472
995 4168 6.34175909 0.00634175909 4.18894472
995 4168 6.34175911 0.00634175911 4.18894472
995 4168 6.34175861 0.00634175861 4.18894472
995 4168 6.34175853 0.00634175853 4.18894472
995 4168 6.34175856 0.00634175856 4.18894472
995 4168 6.34175872 0.00634175872 4.18894472
995 4168 6.34175873 0.00634175873 4.18894472
995 4168 6.34175874 0.00634175874 4.18894472
994 4163 6.34070735 0.00634070735 4.18812877
994 4163 6.34070709 0.00634070709 4.18812877
994 4163 6.34070677 0.00634070677 4.18812877
994 4163 6.34070688 0.00634070688 4.18812877
994 4163 6.34070742 0.00634070742 4.18812877
994 4163 6.34070762 0.00634070762 4.18812877
994 4163 6.34070796 0.00634070796 4.18812877
994 4163 6.34070731 0.00634070731 4.18812877
994 4163 6.34070773 0.00634070773 4.18812877
994 4163 6.34070778 0.00634070778 4.18812877
993 4152 6.33945466 0.00633945466 4.18126888
993 4152 6.33945464 0.00633945464 4.18126888
993 4152 6.33945391 0.00633945391 4.18126888
993 4152 6.33945206 0.00633945206 4.18126888
993 4152 6.33945149 0.00633945149 4.18126888
993 4152 6.3394509 0.0063394509 4.18126888
993 4152 6.33944997 0.00633944997 4.18126888
993 4152 6.33944957 0.00633944957 4.18126888
993 4152 6.33944917 0.00633944917 4.18126888
993 4152 6.33944905 0.00633944905 4.18126888
992 4138 6.33771599 0.00633771599 4.17137097
992 4138 6.33771501 0.00633771501 4.17137097
992 4138 6.33771357 0.00633771357 4.17137097
992 4138 6.33771532 0.00633771532 4.17137097
992 4138 6.33771606 0.00633771606 4.17137097
992 4138 6.33771717 0.00633771717 4.17137097
992 4138 6.33771805 0.00633771805 4.17137097
992 4138 6.33771782 0.00633771782 4.17137097
992 4138 6.33771774 0.00633771774 4.17137097
992 4138 6.33771738 0.00633771738 4.17137097
991 4133 6.33476821 0.00633476821 4.17053481
991 4133 6.33479376 0.00633479376 4.17053481
991 4133 6.33480354 0.00633480354 4.17053481
991 4133 6.33482023 0.00633482023 4.17053481
991 4133 6.3348267 0.0063348267 4.17053481
991 4133 6.334829 0.006334829 4.17053481
991 4133 6.33483126 0.00633483126 4.17053481
991 4133 6.33483134 0.00633483134 4.17053481
991 4133 6.33483148 0.00633483148 4.17053481
991 4133 6.33483163 0.00633483163 4.17053481
990 4121 6.32983813 0.00632983813 4.16262626
990 4121 6.32977487 0.00632977487 4.16262626
990 4121 6.32979008 0.00632979008 4.16262626
990 4121 6.32979683 0.00632979683 4.16262626
990 4121 6.32979787 0.00632979787 4.16262626
990 4121 6.32979803 0.00632979803 4.16262626
990 4121 6.32979836 0.00632979836 4.16262626
990 4121 6.32980096 0.00632980096 4.16262626
990 4121 6.32979898 0.00632979898 4.16262626
990 4121 6.32979751 0.00632979751 4.16262626
989 4110 6.32464981 0.00632464981 4.15571284
989 4110 6.32463289 0.00632463289 4.15571284
989 4110 6.32459658 0.00632459658 4.15571284
989 4110 6.32457032 0.00632457032 4.15571284
989 4110 6.32455721 0.00632455721 4.15571284
989 4110 6.32458707 0.00632458707 4.15571284
989 4110 6.32461067 0.00632461067 4.15571284
989 4110 6.32464594 0.00632464594 4.15571284
989 4110 6.32465636 0.00632465636 4.15571284
989 4110 6.32466676 0.00632466676 4.15571284
988 4102 6.31944157 0.00631944157 4.15182186
988 4102 6.31941399 0.00631941399 4.15182186
988 4102 6.31941271 0.00631941271 4.15182186
988 4102 6.31941553 0.00631941553 4.15182186
988 4102 6.31941491 0.00631941491 4.15182186
988 4102 6.31941357 0.00631941357 4.15182186
988 4102 6.31941541 0.00631941541 4.15182186
988 4102 6.31941568 0.00631941568 4.15182186
988 4102 6.3194164 0.0063194164 4.15182186
988 4102 6.31941661 0.00631941661 4.15182186
987 4096 6.31395982 0.00631395982 4.14994934
987 4096 6.31395894 0.00631395894 4.14994934
987 4096 6.31392899 0.00631392899 4.14994934
987 4096 6.31397387 0.00631397387 4.14994934
987 4096 6.31399275 0.00631399275 4.14994934
987 4096 6.31399747 0.00631399747 4.14994934
987 4096 6.31400619 0.00631400619 4.14994934
987 4096 6.31400779 0.00631400779 4.14994934
987 4096 6.31400932 0.00631400932 4.14994934
987 4096 6.31401031 0.00631401031 4.14994934
986 4087 6.30804804 0.00630804804 4.14503043
986 4087 6.30814832 0.00630814832 4.14503043
986 4087 6.30813819 0.00630813819 4.14503043
986 4087 6.30813978 0.00630813978 4.14503043
986 4087 6.30813722 0.00630813722 4.14503043
986 4087 6.30813334 0.00630813334 4.14503043
986 4087 6.30811997 0.00630811997 4.14503043
986 4087 6.30813162 0.00630813162 4.14503043
986 4087 6.30812524 0.00630812524 4.14503043
986 4087 6.30814066 0.00630814066 4.14503043
985 4072 6.30212094 0.00630212094 4.13401015
985 4072 6.30213511 0.00630213511 4.13401015
985 4072 6.30213762 0.00630213762 4.13401015
985 4072 6.30215145 0.00630215145 4.13401015
985 4072 6.30215515 0.00630215515 4.13401015
985 4072 6.30215435 0.00630215435 4.13401015
985 4072 6.30215649 0.00630215649 4.13401015
985 4072 6.30215887 0.00630215887 4.13401015
985 4072 6.30215919 0.00630215919 4.13401015
985 4072 6.30216047 0.00630216047 4.13401015
984 4065 6.29575291 0.00629575291 4.13109756
984 4065 6.29568939 0.00629568939 4.13109756
984 4065 6.29563074 0.00629563074 4.13109756
984 4065 6.29564756 0.00629564756 4.13109756
984 4065 6.29563839 0.00629563839 4.13109756
984 4065 6.29566796 0.00629566796 4.13109756
984 4065 6.29571622 0.00629571622 4.13109756
984 4065 6.29573351 0.00629573351 4.13109756
984 4065 6.29574829 0.00629574829 4.13109756
984 4065 6.29574875 0.00629574875 4.13109756
983 4054 6.28918873 0.00628918873 4.12410987
983 4054 6.28916725 0.00628916725 4.12410987
983 4054 6.28923314 0.00628923314 4.12410987
983 4054 6.28914494 0.00628914494 4.12410987
983 4054 6.28920431 0.00628920431 4.12410987
983 4054 6.2891894 0.0062891894 4.12410987
983 4054 6.28916686 0.00628916686 4.12410987
983 4054 6.28917538 0.00628917538 4.12410987
983 4054 6.28918451 0.00628918451 4.12410987
983 4054 6.28918049 0.00628918049 4.12410987
982 4045 6.2822709 0.0062822709 4.1191446
982 4045 6.28220009 0.00628220009 4.1191446
982 4045 6.28229193 0.00628229193 4.1191446
982 4045 6.28232168 0.00628232168 4.1191446
982 4045 6.28232455 0.00628232455 4.1191446
982 4045 6.28232066 0.00628232066 4.1191446
982 4045 6.28231588 0.00628231588 4.1191446
982 4045 6.28231929 0.00628231929 4.1191446
982 4045 6.28231877 0.00628231877 4.1191446
982 4045 6.28232146 0.00628232146 4.1191446
981 4040 6.27522148 0.00627522148 4.11824669
981 4040 6.27512792 0.00627512792 4.11824669
981 4040 6.27512426 0.00627512426 4.11824669
981 4040 6.27512507 0.00627512507 4.11824669
981 4040 6.27513302 0.00627513302 4.11824669
981 4040 6.27514555 0.00627514555 4.11824669
981 4040 6.27514628 0.00627514628 4.11824669
981 4040 6.27514395 0.00627514395 4.11824669
981 4040 6.2751492 0.0062751492 4.11824669
981 4040 6.27515048 0.00627515048 4.11824669
980 4030 6.26736246 0.00626736246 4.1122449
980 4030 6.26735143 0.00626735143 4.1122449
980 4030 6.26735489 0.00626735489 4.1122449
980 4030 6.26737665 0.00626737665 4.1122449
980 4030 6.26737766 0.00626737766 4.1122449
980 4030 6.26740221 0.00626740221 4.1122449
980 4030 6.26740678 0.00626740678 4.1122449
980 4030 6.26741923 0.00626741923 4.1122449
980 4030 6.2674293 0.0062674293 4.1122449
980 4030 6.26743116 0.00626743116 4.1122449
979 4023 6.25821105 0.00625821105 4.1092952
979 4023 6.25820331 0.00625820331 4.1092952
979 4023 6.25819219 0.00625819219 4.1092952
979 4023 6.25820686 0.00625820686 4.1092952
979 4023 6.25822503 0.00625822503 4.1092952
979 4023 6.25822324 0.00625822324 4.1092952
979 4023 6.25823231 0.00625823231 4.1092952
979 4023 6.25822938 0.00625822938 4.1092952
979 4023 6.2582257 0.0062582257 4.1092952
979 4023 6.25822386 0.00625822386 4.1092952
978 4014 6.24895623 0.00624895623 4.10429448
978 4014 6.2488419 0.0062488419 4.10429448
978 4014 6.24887529 0.00624887529 4.10429448
978 4014 6.24890783 0.00624890783 4.10429448
978 4014 6.2489094 0.0062489094 4.10429448
978 4014 6.24891311 0.00624891311 4.10429448
978 4014 6.24890447 0.00624890447 4.10429448
978 4014 6.24890036 0.00624890036 4.10429448
978 4014 6.24889868 0.00624889868 4.10429448
978 4014 6.24889758 0.00624889758 4.10429448
977 4008 6.23943237 0.00623943237 4.10235415
977 4008 6.23933919 0.00623933919 4.10235415
977 4008 6.23945873 0.00623945873 4.10235415
977 4008 6.23949116 0.00623949116 4.10235415
977 4008 6.2394624 0.0062394624 4.10235415
977 4008 6.23945214 0.00623945214 4.10235415
977 4008 6.23942579 0.00623942579 4.10235415
977 4008 6.23941986 0.00623941986 4.10235415
977 4008 6.2394239 0.0062394239 4.10235415
977 4008 6.23941954 0.00623941954 4.10235415
976 3999 6.22971875 0.00622971875 4.09733607
976 3997 6.2296642 0.0062296642 4.09528689
976 3999 6.22968446 0.00622968446 4.09733607
976 3997 6.22952911 0.00622952911 4.09528689
976 3999 6.22965763 0.00622965763 4.09733607
976 3997 6.22950442 0.00622950442 4.09528689
976 3999 6.2296832 0.0062296832 4.09733607
976 3997 6.22950833 0.00622950833 4.09528689
976 3999 6.22967628 0.00622967628 4.09733607
976 3997 6.2295014 0.0062295014 4.09528689
975 3988 6.22001369 0.00622001369 4.09025641
975 3988 6.2200106 0.0062200106 4.09025641
975 3988 6.22005407 0.00622005407 4.09025641
975 3988 6.22000746 0.00622000746 4.09025641
975 3988 6.21999885 0.00621999885 4.09025641
975 3988 6.22000149 0.00622000149 4.09025641
975 3988 6.22000187 0.00622000187 4.09025641
975 3988 6.22000213 0.00622000213 4.09025641
975 3988 6.22000277 0.00622000277 4.09025641
975 3988 6.22000337 0.00622000337 4.09025641
974 3984 6.20924374 0.00620924374 4.09034908
974 3984 6.20931254 0.00620931254 4.09034908
974 3984 6.20922612 0.00620922612 4.09034908
974 3984 6.20926275 0.00620926275 4.09034908
974 3984 6.20924866 0.00620924866 4.09034908
974 3984 6.20922934 0.00620922934 4.09034908
974 3984 6.20922692 0.00620922692 4.09034908
974 3984 6.20922147 0.00620922147 4.09034908
974 3984 6.20921425 0.00620921425 4.09034908
974 3984 6.20921039 0.00620921039 4.09034908
973 3974 6.198127 0.006198127 4.08427544
973 3969 6.1995423 0.0061995423 4.07913669
973 3969 6.1995536 0.0061995536 4.07913669
973 3969 6.19950418 0.00619950418 4.07913669
973 3969 6.19949645 0.00619949645 4.07913669
973 3969 6.19950025 0.00619950025 4.07913669
973 3969 6.19950252 0.00619950252 4.07913669
973 3969 6.19950106 0.00619950106 4.07913669
973 3969 6.1995007 0.0061995007 4.07913669
973 3969 6.19950191 0.00619950191 4.07913669
972 3965 6.18872216 0.00618872216 4.07921811
972 3965 6.18877042 0.00618877042 4.07921811
972 3965 6.18876584 0.00618876584 4.07921811
972 3965 6.18872114 0.00618872114 4.07921811
972 3965 6.18870637 0.00618870637 4.07921811
972 3965 6.18869845 0.00618869845 4.07921811
972 3965 6.18870067 0.00618870067 4.07921811
972 3965 6.18870133 0.00618870133 4.07921811
972 3965 6.18870272 0.00618870272 4.07921811
972 3965 6.18870244 0.00618870244 4.07921811
971 3958 6.17724493 0.00617724493 4.07621009
971 3958 6.17735771 0.00617735771 4.07621009
971 3958 6.177215 0.006177215 4.07621009
971 3958 6.17735608 0.00617735608 4.07621009
971 3958 6.17735647 0.00617735647 4.07621009
971 3958 6.17718083 0.00617718083 4.07621009
971 3958 6.17735293 0.00617735293 4.07621009
971 3958 6.17734487 0.00617734487 4.07621009
971 3958 6.17717524 0.00617717524 4.07621009
971 3958 6.17735661 0.00617735661 4.07621009
970 3952 6.1650262 0.0061650262 4.0742268
970 3951 6.16493026 0.00616493026 4.07319588
970 3952 6.16499974 0.00616499974 4.0742268
970 3952 6.16486202 0.00616486202 4.0742268
970 3951 6.16493259 0.00616493259 4.07319588
970 3952 6.16500745 0.00616500745 4.0742268
970 3952 6.16489128 0.00616489128 4.0742268
970 3951 6.16491762 0.00616491762 4.07319588
970 3952 6.16501703 0.00616501703 4.0742268
970 3952 6.16488655 0.00616488655 4.0742268
969 3945 6.15252776 0.00615252776 4.07120743
969 3945 6.15251764 0.00615251764 4.07120743
969 3945 6.15258511 0.00615258511 4.07120743
969 3945 6.152569 0.006152569 4.07120743
969 3945 6.15259818 0.00615259818 4.07120743
969 3945 6.15264774 0.00615264774 4.07120743
969 3945 6.15266225 0.00615266225 4.07120743
969 3945 6.15265551 0.00615265551 4.07120743
969 3945 6.15265079 0.00615265079 4.07120743
969 3945 6.15265456 0.00615265456 4.07120743
968 3940 6.1399059 0.0061399059 4.07024793
968 3940 6.1397039 0.0061397039 4.07024793
968 3940 6.13966601 0.00613966601 4.07024793
968 3940 6.13969996 0.00613969996 4.07024793
968 3940 6.13963191 0.00613963191 4.07024793
968 3940 6.13957381 0.00613957381 4.07024793
968 3940 6.13958024 0.00613958024 4.07024793
968 3940 6.13960243 0.00613960243 4.07024793
968 3940 6.1395964 0.0061395964 4.07024793
968 3940 6.13959735 0.00613959735 4.07024793
967 3932 6.12572214 0.00612572214 4.06618407
967 3932 6.12577391 0.00612577391 4.06618407
967 3932 6.12586547 0.00612586547 4.06618407
967 3932 6.12594874 0.00612594874 4.06618407
967 3932 6.12593297 0.00612593297 4.06618407
967 3932 6.1258778 0.0061258778 4.06618407
967 3932 6.12596447 0.00612596447 4.06618407
967 3932 6.12602207 0.00612602207 4.06618407
967 3932 6.12597813 0.00612597813 4.06618407
967 3932 6.12586915 0.00612586915 4.06618407
966 3924 6.11184812 0.00611184812 4.0621118
966 3924 6.1118382 0.0061118382 4.0621118
966 3924 6.11180165 0.00611180165 4.0621118
966 3924 6.11166849 0.00611166849 4.0621118
966 3924 6.11175246 0.00611175246 4.0621118
966 3924 6.11180242 0.00611180242 4.0621118
966 3924 6.11181249 0.00611181249 4.0621118
966 3924 6.1118219 0.0061118219 4.0621118
966 3924 6.11182118 0.00611182118 4.0621118
966 3924 6.11181861 0.00611181861 4.0621118
965 3912 6.0976062 0.0060976062 4.05388601
965 3919 6.09748129 0.00609748129 4.0611399
965 3919 6.09759648 0.00609759648 4.0611399
965 3912 6.09752726 0.00609752726 4.05388601
965 3919 6.09756447 0.00609756447 4.0611399
965 3919 6.09760645 0.00609760645 4.0611399
965 3912 6.09750762 0.00609750762 4.05388601
965 3919 6.09753056 0.00609753056 4.0611399
965 3919 6.09762621 0.00609762621 4.0611399
965 3912 6.09749987 0.00609749987 4.05388601
964 3907 6.08327646 0.00608327646 4.05290456
964 3914 6.08322446 0.00608322446 4.06016598
964 3907 6.08315895 0.00608315895 4.05290456
964 3912 6.08336034 0.00608336034 4.05809129
964 3914 6.08331837 0.00608331837 4.06016598
964 3912 6.08356302 0.00608356302 4.05809129
964 3912 6.0835441 0.0060835441 4.05809129
964 3912 6.08363172 0.00608363172 4.05809129
964 3912 6.08354408 0.00608354408 4.05809129
964 3912 6.08358349 0.00608358349 4.05809129
963 3907 6.06943137 0.00606943137 4.05711319
963 3907 6.0693932 0.0060693932 4.05711319
963 3907 6.06935171 0.00606935171 4.05711319
963 3907 6.06936878 0.00606936878 4.05711319
963 3907 6.06938053 0.00606938053 4.05711319
963 3907 6.06938538 0.00606938538 4.05711319
963 3907 6.06939395 0.00606939395 4.05711319
963 3907 6.06939618 0.00606939618 4.05711319
963 3907 6.06939351 0.00606939351 4.05711319
963 3907 6.06939208 0.00606939208 4.05711319
962 3895 6.05482658 0.00605482658 4.04885655
962 3899 6.05462982 0.00605462982 4.05301455
962 3895 6.0546763 0.0060546763 4.04885655
962 3895 6.05474557 0.00605474557 4.04885655
962 3895 6.05471029 0.00605471029 4.04885655
962 3895 6.05467161 0.00605467161 4.04885655
962 3895 6.05465054 0.00605465054 4.04885655
962 3895 6.05463789 0.00605463789 4.04885655
962 3895 6.05462765 0.00605462765 4.04885655
962 3895 6.05462877 0.00605462877 4.04885655
961 3887 6.03965424 0.00603965424 4.04474506
961 3887 6.03974481 0.00603974481 4.04474506
961 3887 6.03979008 0.00603979008 4.04474506
961 3887 6.0398708 0.0060398708 4.04474506
961 3887 6.03986293 0.00603986293 4.04474506
961 3887 6.03986407 0.00603986407 4.04474506
961 3887 6.03985508 0.00603985508 4.04474506
961 3887 6.03985046 0.00603985046 4.04474506
961 3887 6.03984574 0.00603984574 4.04474506
961 3887 6.0398414 0.0060398414 4.04474506
960 3876 6.02377272 0.00602377272 4.0375
960 3876 6.02386207 0.00602386207 4.0375
960 3876 6.02383305 0.00602383305 4.0375
960 3876 6.02380785 0.00602380785 4.0375
960 3876 6.02380789 0.00602380789 4.0375
960 3876 6.0237992 0.0060237992 4.0375
960 3876 6.02379828 0.00602379828 4.0375
960 3876 6.02379837 0.00602379837 4.0375
960 3876 6.02379888 0.00602379888 4.0375
960 3876 6.02379918 0.00602379918 4.0375
959 3874 6.00790067 0.00600790067 4.03962461
959 3874 6.00781092 0.00600781092 4.03962461
959 3874 6.0079857 0.0060079857 4.03962461
959 3874 6.00800276 0.00600800276 4.03962461
959 3874 6.00802122 0.00600802122 4.03962461
959 3874 6.00804941 0.00600804941 4.03962461
959 3874 6.0080854 0.0060080854 4.03962461
959 3874 6.00808774 0.00600808774 4.03962461
959 3874 6.00810331 0.00600810331 4.03962461
959 3874 6.00810901 0.00600810901 4.03962461
958 3863 5.99216943 0.00599216943 4.03235908
958 3863 5.99200848 0.00599200848 4.03235908
958 3863 5.99187028 0.00599187028 4.03235908
958 3863 5.99204398 0.00599204398 4.03235908
958 3863 5.99191671 0.00599191671 4.03235908
958 3863 5.99211746 0.00599211746 4.03235908
958 3863 5.99178065 0.00599178065 4.03235908
958 3863 5.99212356 0.00599212356 4.03235908
958 3863 5.99202023 0.00599202023 4.03235908
958 3863 5.99196443 0.00599196443 4.03235908
957 3856 5.97566503 0.00597566503 4.0292581
957 3851 5.97534609 0.00597534609 4.02403344
957 3856 5.97666164 0.00597666164 4.0292581
957 3856 5.97664078 0.00597664078 4.0292581
957 3856 5.97672331 0.00597672331 4.0292581
957 3856 5.97677034 0.00597677034 4.0292581
957 3856 5.97678947 0.00597678947 4.0292581
957 3856 5.97681611 0.00597681611 4.0292581
957 3856 5.97683611 0.00597683611 4.0292581
957 3856 5.97684703 0.00597684703 4.0292581
956 3845 5.96123755 0.00596123755 4.02196653
956 3845 5.96107038 0.00596107038 4.02196653
956 3845 5.96093531 0.00596093531 4.02196653
956 3845 5.96110463 0.00596110463 4.02196653
956 3845 5.96099228 0.00596099228 4.02196653
956 3845 5.9611748 0.0059611748 4.02196653
956 3845 5.96084014 0.00596084014 4.02196653
956 3845 5.96118331 0.00596118331 4.02196653
956 3845 5.96115554 0.00596115554 4.02196653
956 3845 5.96094829 0.00596094829 4.02196653
955 3838 5.94440118 0.00594440118 4.01884817
955 3838 5.94448357 0.00594448357 4.01884817
955 3838 5.94452723 0.00594452723 4.01884817
955 3838 5.94460261 0.00594460261 4.01884817
955 3838 5.94458203 0.00594458203 4.01884817
955 3838 5.94449901 0.00594449901 4.01884817
955 3838 5.94461067 0.00594461067 4.01884817
955 3838 5.9445241 0.0059445241 4.01884817
955 3838 5.94466151 0.00594466151 4.01884817
955 3838 5.94450874 0.00594450874 4.01884817
954 3829 5.92625072 0.00592625072 4.01362683
954 3828 5.92607002 0.00592607002 4.01257862
954 3828 5.92639125 0.00592639125 4.01257862
954 3829 5.9262238 0.0059262238 4.01362683
954 3828 5.92626557 0.00592626557 4.01257862
954 3829 5.92632732 0.00592632732 4.01362683
954 3828 5.92621042 0.00592621042 4.01257862
954 3829 5.92629446 0.00592629446 4.01362683
954 3828 5.92622185 0.00592622185 4.01257862
954 3829 5.92632879 0.00592632879 4.01362683
953 3819 5.90822982 0.00590822982 4.00734523
953 3819 5.90832077 0.00590832077 4.00734523
953 3819 5.90798706 0.00590798706 4.00734523
953 3819 5.90811811 0.00590811811 4.00734523
953 3819 5.90814332 0.00590814332 4.00734523
953 3819 5.90821368 0.00590821368 4.00734523
953 3819 5.90817904 0.00590817904 4.00734523
953 3819 5.90821422 0.00590821422 4.00734523
953 3819 5.90816794 0.00590816794 4.00734523
953 3819 5.90822284 0.00590822284 4.00734523
952 3815 5.88966535 0.00588966535 4.00735294
952 3815 5.88982744 0.00588982744 4.00735294
952 3815 5.88984498 0.00588984498 4.00735294
952 3815 5.88976373 0.00588976373 4.00735294
952 3815 5.88975784 0.00588975784 4.00735294
952 3815 5.88971407 0.00588971407 4.00735294
952 3815 5.88970146 0.00588970146 4.00735294
952 3815 5.88969932 0.00588969932 4.00735294
952 3815 5.88970611 0.00588970611 4.00735294
952 3815 5.88970985 0.00588970985 4.00735294
951 3804 5.8709358 0.0058709358 4
951 3804 5.87085969 0.00587085969 4
951 3804 5.87097321 0.00587097321 4
951 3804 5.8709565 0.0058709565 4
951 3804 5.87093947 0.00587093947 4
951 3804 5.87092666 0.00587092666 4
951 3804 5.87094089 0.00587094089 4
951 3804 5.87094607 0.00587094607 4
951 3804 5.87094897 0.00587094897 4
951 3804 5.87095291 0.00587095291 4
950 3795 5.85153105 0.00585153105 3.99473684
950 3800 5.85235824 0.00585235824 4
950 3800 5.85240619 0.00585240619 4
950 3800 5.85241734 0.00585241734 4
950 3800 5.85235867 0.00585235867 4
950 3800 5.85232677 0.00585232677 4
950 3800 5.85231457 0.00585231457 4
950 3800 5.8523134 0.0058523134 4
950 3800 5.85231412 0.00585231412 4
950 3800 5.85231743 0.00585231743 4
949 3789 5.83356919 0.00583356919 3.99262381
949 3789 5.8335934 0.0058335934 3.99262381
949 3789 5.83377199 0.00583377199 3.99262381
949 3789 5.8338013 0.0058338013 3.99262381
949 3789 5.83381762 0.00583381762 3.99262381
949 3789 5.83385709 0.00583385709 3.99262381
949 3789 5.83387658 0.00583387658 3.99262381
949 3789 5.8338782 0.0058338782 3.99262381
949 3789 5.83387605 0.00583387605 3.99262381
949 3789 5.83387273 0.00583387273 3.99262381
948 3782 5.81428119 0.00581428119 3.98945148
948 3782 5.81410932 0.00581410932 3.98945148
948 3782 5.81411311 0.00581411311 3.98945148
948 3782 5.81415314 0.00581415314 3.98945148
948 3782 5.81404832 0.00581404832 3.98945148
948 3782 5.81398101 0.00581398101 3.98945148
948 3782 5.81403988 0.00581403988 3.98945148
948 3782 5.81415151 0.00581415151 3.98945148
948 3782 5.81390023 0.00581390023 3.98945148
948 3782 5.81415106 0.00581415106 3.98945148
947 3775 5.79402997 0.00579402997 3.98627244
947 3774 5.7972278 0.0057972278 3.98521647
947 3774 5.79743882 0.00579743882 3.98521647
947 3774 5.79734644 0.00579734644 3.98521647
947 3774 5.79739847 0.00579739847 3.98521647
947 3774 5.79744649 0.00579744649 3.98521647
947 3774 5.79745629 0.00579745629 3.98521647
947 3774 5.79745575 0.00579745575 3.98521647
947 3774 5.79745759 0.00579745759 3.98521647
947 3774 5.79744734 0.00579744734 3.98521647
946 3767 5.7785521 0.0057785521 3.9820296
946 3767 5.77822912 0.00577822912 3.9820296
946 3767 5.77819059 0.00577819059 3.9820296
946 3767 5.77836026 0.00577836026 3.9820296
946 3767 5.77839713 0.00577839713 3.9820296
946 3767 5.77839812 0.00577839812 3.9820296
946 3767 5.77841776 0.00577841776 3.9820296
946 3767 5.77842511 0.00577842511 3.9820296
946 3767 5.77842046 0.00577842046 3.9820296
946 3767 5.77841924 0.00577841924 3.9820296
945 3761 5.75819151 0.00575819151 3.97989418
945 3761 5.75802539 0.00575802539 3.97989418
945 3761 5.75848151 0.00575848151 3.97989418
945 3761 5.75838348 0.00575838348 3.97989418
945 3761 5.75828604 0.00575828604 3.97989418
945 3761 5.75830362 0.00575830362 3.97989418
945 3761 5.75832458 0.00575832458 3.97989418
945 3761 5.75835791 0.00575835791 3.97989418
945 3761 5.758378 0.005758378 3.97989418
945 3761 5.75838524 0.00575838524 3.97989418
944 3758 5.73758211 0.00573758211 3.9809322
944 3754 5.75010552 0.00575010552 3.97669492
944 3754 5.75067568 0.00575067568 3.97669492
944 3754 5.75035076 0.00575035076 3.97669492
944 3754 5.75037751 0.00575037751 3.97669492
944 3754 5.75038524 0.00575038524 3.97669492
944 3754 5.7503641 0.0057503641 3.97669492
944 3754 5.75035863 0.00575035863 3.97669492
944 3754 5.75035576 0.00575035576 3.97669492
944 3754 5.75035368 0.00575035368 3.97669492
943 3748 5.7304067 0.0057304067 3.97454931
943 3748 5.7300677 0.0057300677 3.97454931
943 3748 5.73034406 0.00573034406 3.97454931
943 3748 5.73042416 0.00573042416 3.97454931
943 3748 5.7303183 0.0057303183 3.97454931
943 3748 5.73032235 0.00573032235 3.97454931
943 3748 5.73030863 0.00573030863 3.97454931
943 3748 5.73031175 0.00573031175 3.97454931
943 3748 5.73031919 0.00573031919 3.97454931
943 3748 5.73031267 0.00573031267 3.97454931
942 3740 5.70899469 0.00570899469 3.97027601
942 3740 5.70891053 0.00570891053 3.97027601
942 3740 5.70884482 0.00570884482 3.97027601
942 3740 5.70886881 0.00570886881 3.97027601
942 3740 5.70894679 0.00570894679 3.97027601
942 3740 5.70902707 0.00570902707 3.97027601
942 3740 5.70904638 0.00570904638 3.97027601
942 3740 5.70904668 0.00570904668 3.97027601
942 3740 5.70903424 0.00570903424 3.97027601
942 3740 5.70902604 0.00570902604 3.97027601
941 3736 5.68666187 0.00568666187 3.97024442
941 3736 5.68637032 0.00568637032 3.97024442
941 3736 5.68666882 0.00568666882 3.97024442
941 3730 5.68675253 0.00568675253 3.96386823
941 3730 5.68683612 0.00568683612 3.96386823
941 3730 5.68660283 0.00568660283 3.96386823
941 3730 5.68661962 0.00568661962 3.96386823
941 3730 5.68659363 0.00568659363 3.96386823
941 3730 5.68670311 0.00568670311 3.96386823
941 3730 5.6867683 0.0056867683 3.96386823
940 3726 5.66447018 0.00566447018 3.96382979
940 3726 5.66416304 0.00566416304 3.96382979
940 3726 5.66444584 0.00566444584 3.96382979
940 3726 5.66443501 0.00566443501 3.96382979
940 3726 5.66441809 0.00566441809 3.96382979
940 3726 5.66439836 0.00566439836 3.96382979
940 3726 5.66435637 0.00566435637 3.96382979
940 3726 5.66433816 0.00566433816 3.96382979
940 3726 5.66432109 0.00566432109 3.96382979
940 3726 5.66430781 0.00566430781 3.96382979
939 3719 5.64195656 0.00564195656 3.96059638
939 3719 5.64205185 0.00564205185 3.96059638
939 3719 5.64211958 0.00564211958 3.96059638
939 3719 5.64216126 0.00564216126 3.96059638
939 3719 5.6420297 0.0056420297 3.96059638
939 3719 5.64192535 0.00564192535 3.96059638
939 3719 5.64224002 0.00564224002 3.96059638
939 3719 5.64227525 0.00564227525 3.96059638
939 3719 5.64242219 0.00564242219 3.96059638
939 3719 5.64207471 0.00564207471 3.96059638
938 3712 5.61900366 0.00561900366 3.95735608
938 3709 5.61933711 0.00561933711 3.95415778
938 3706 5.62613911 0.00562613911 3.95095949
938 3704 5.62781608 0.00562781608 3.94882729
938 3704 5.62863854 0.00562863854 3.94882729
938 3704 5.62937839 0.00562937839 3.94882729
938 3710 5.62935114 0.00562935114 3.95522388
938 3704 5.62903348 0.00562903348 3.94882729
938 3710 5.62929482 0.00562929482 3.95522388
938 3704 5.62896884 0.00562896884 3.94882729
937 3700 5.6084113 0.0056084113 3.94877268
937 3700 5.6080886 0.0056080886 3.94877268
937 3700 5.60818238 0.00560818238 3.94877268
937 3700 5.60795662 0.00560795662 3.94877268
937 3700 5.60804247 0.00560804247 3.94877268
937 3700 5.60796646 0.00560796646 3.94877268
937 3700 5.60809904 0.00560809904 3.94877268
937 3700 5.60797351 0.00560797351 3.94877268
937 3700 5.60809832 0.00560809832 3.94877268
937 3700 5.60796693 0.00560796693 3.94877268
936 3689 5.58554958 0.00558554958 3.94123932
936 3691 5.58549673 0.00558549673 3.94337607
936 3689 5.58576241 0.00558576241 3.94123932
936 3691 5.58525678 0.00558525678 3.94337607
936 3689 5.58596889 0.00558596889 3.94123932
936 3691 5.58540618 0.00558540618 3.94337607
936 3689 5.58582578 0.00558582578 3.94123932
936 3691 5.5854767 0.0055854767 3.94337607
936 3689 5.58577362 0.00558577362 3.94123932
936 3691 5.58549223 0.00558549223 3.94337607
935 3680 5.56380391 0.00556380391 3.93582888
935 3680 5.56333886 0.00556333886 3.93582888
935 3681 5.56461165 0.00556461165 3.9368984
935 3681 5.56440771 0.00556440771 3.9368984
935 3681 5.56474152 0.00556474152 3.9368984
935 3681 5.56464975 0.00556464975 3.9368984
935 3681 5.56417358 0.00556417358 3.9368984
935 3681 5.56439233 0.00556439233 3.9368984
935 3681 5.56462713 0.00556462713 3.9368984
935 3681 5.56465021 0.00556465021 3.9368984
934 3674 5.54245657 0.00554245657 3.93361884
934 3674 5.5421447 0.0055421447 3.93361884
934 3674 5.54215348 0.00554215348 3.93361884
934 3672 5.54247616 0.00554247616 3.93147752
934 3672 5.54206413 0.00554206413 3.93147752
934 3672 5.54203034 0.00554203034 3.93147752
934 3670 5.54193472 0.00554193472 3.92933619
934 3672 5.54202808 0.00554202808 3.93147752
934 3670 5.54218445 0.00554218445 3.92933619
934 3672 5.54219819 0.00554219819 3.93147752
933 3661 5.52047639 0.00552047639 3.92390139
933 3661 5.52047608 0.00552047608 3.92390139
933 3661 5.52070011 0.00552070011 3.92390139
933 3661 5.52065911 0.00552065911 3.92390139
933 3661 5.52025644 0.00552025644 3.92390139
933 3661 5.52073647 0.00552073647 3.92390139
933 3661 5.52063874 0.00552063874 3.92390139
933 3661 5.52070707 0.00552070707 3.92390139
933 3661 5.52088926 0.00552088926 3.92390139
933 3661 5.52045921 0.00552045921 3.92390139
932 3652 5.4977725 0.0054977725 3.91845494
932 3652 5.49765527 0.00549765527 3.91845494
932 3655 5.49761074 0.00549761074 3.92167382
932 3655 5.49744641 0.00549744641 3.92167382
932 3652 5.49807537 0.00549807537 3.91845494
932 3652 5.49770278 0.00549770278 3.91845494
932 3657 5.49763563 0.00549763563 3.92381974
932 3655 5.49759906 0.00549759906 3.92167382
932 3654 5.49807664 0.00549807664 3.92060086
932 3654 5.49791311 0.00549791311 3.92060086
931 3650 5.47505412 0.00547505412 3.92051557
931 3650 5.47530192 0.00547530192 3.92051557
931 3650 5.47514088 0.00547514088 3.92051557
931 3650 5.47511683 0.00547511683 3.92051557
931 3650 5.47541224 0.00547541224 3.92051557
931 3650 5.47561537 0.00547561537 3.92051557
931 3650 5.47512999 0.00547512999 3.92051557
931 3650 5.47546931 0.00547546931 3.92051557
931 3650 5.47528979 0.00547528979 3.92051557
931 3650 5.47520204 0.00547520204 3.92051557
930 3641 5.45236116 0.00545236116 3.91505376
930 3644 5.45222226 0.00545222226 3.91827957
930 3644 5.4521705 0.0054521705 3.91827957
930 3641 5.45219435 0.00545219435 3.91505376
930 3644 5.45246862 0.00545246862 3.91827957
930 3641 5.45244795 0.00545244795 3.91505376
930 3644 5.45258148 0.00545258148 3.91827957
930 3642 5.45227539 0.00545227539 3.91612903
930 3641 5.45237852 0.00545237852 3.91505376
930 3644 5.45245515 0.00545245515 3.91827957
929 3635 5.42932791 0.00542932791 3.91280947
929 3635 5.42924703 0.00542924703 3.91280947
929 3635 5.42914801 0.00542914801 3.91280947
929 3635 5.42933665 0.00542933665 3.91280947
929 3635 5.42920547 0.00542920547 3.91280947
929 3635 5.42887684 0.00542887684 3.91280947
929 3635 5.42923403 0.00542923403 3.91280947
929 3635 5.42913297 0.00542913297 3.91280947
929 3635 5.42929033 0.00542929033 3.91280947
929 3635 5.42922142 0.00542922142 3.91280947
928 3628 5.40556952 0.00540556952 3.90948276
928 3628 5.40591348 0.00540591348 3.90948276
928 3629 5.40545665 0.00540545665 3.91056034
928 3623 5.41249541 0.00541249541 3.90409483
928 3618 5.4169591 0.0054169591 3.8987069
928 3620 5.41962956 0.00541962956 3.90086207
928 3620 5.41947624 0.00541947624 3.90086207
928 3618 5.42015165 0.00542015165 3.8987069
928 3621 5.42020462 0.00542020462 3.90193966
928 3623 5.42077874 0.00542077874 3.90409483
927 3614 5.39825416 0.00539825416 3.89859763
927 3614 5.39814853 0.00539814853 3.89859763
927 3617 5.39813177 0.00539813177 3.90183387
927 3614 5.39849124 0.00539849124 3.89859763
927 3614 5.39825357 0.00539825357 3.89859763
927 3614 5.39833556 0.00539833556 3.89859763
927 3614 5.39813073 0.00539813073 3.89859763
927 3614 5.39810134 0.00539810134 3.89859763
927 3614 5.39803967 0.00539803967 3.89859763
927 3614 5.39802501 0.00539802501 3.89859763
926 3608 5.37669786 0.00537669786 3.89632829
926 3608 5.37573948 0.00537573948 3.89632829
926 3608 5.37583296 0.00537583296 3.89632829
926 3608 5.37595176 0.00537595176 3.89632829
926 3610 5.3759253 0.0053759253 3.89848812
926 3608 5.37643386 0.00537643386 3.89632829
926 3608 5.37613225 0.00537613225 3.89632829
926 3608 5.37600955 0.00537600955 3.89632829
926 3610 5.37598324 0.00537598324 3.89848812
926 3608 5.37638583 0.00537638583 3.89632829
925 3601 5.35351226 0.00535351226 3.89297297
925 3601 5.35355796 0.00535355796 3.89297297
925 3601 5.35368745 0.00535368745 3.89297297
925 3601 5.35328036 0.00535328036 3.89297297
925 3601 5.35330244 0.00535330244 3.89297297
925 3601 5.35386339 0.00535386339 3.89297297
925 3601 5.35359722 0.00535359722 3.89297297
925 3601 5.35368779 0.00535368779 3.89297297
925 3601 5.35309194 0.00535309194 3.89297297
925 3601 5.35323732 0.00535323732 3.89297297
924 3596 5.33110771 0.00533110771 3.89177489
924 3596 5.3311878 0.0053311878 3.89177489
924 3592 5.33067517 0.00533067517 3.88744589
924 3596 5.33097967 0.00533097967 3.89177489
924 3596 5.33123273 0.00533123273 3.89177489
924 3596 5.33128269 0.00533128269 3.89177489
924 3596 5.33122298 0.00533122298 3.89177489
924 3596 5.33110191 0.00533110191 3.89177489
924 3596 5.33103448 0.00533103448 3.89177489
924 3596 5.33103024 0.00533103024 3.89177489
923 3587 5.30879261 0.00530879261 3.88624052
923 3587 5.30865226 0.00530865226 3.88624052
923 3587 5.30859481 0.00530859481 3.88624052
923 3587 5.30872735 0.00530872735 3.88624052
923 3587 5.30889679 0.00530889679 3.88624052
923 3587 5.30883907 0.00530883907 3.88624052
923 3587 5.30851172 0.00530851172 3.88624052
923 3587 5.30866044 0.00530866044 3.88624052
923 3587 5.30874587 0.00530874587 3.88624052
923 3587 5.30887304 0.00530887304 3.88624052
922 3582 5.28605947 0.00528605947 3.88503254
922 3582 5.28598657 0.00528598657 3.88503254
922 3582 5.28631848 0.00528631848 3.88503254
922 3582 5.2861923 0.0052861923 3.88503254
922 3582 5.28599301 0.00528599301 3.88503254
922 3582 5.28597488 0.00528597488 3.88503254
922 3582 5.28596192 0.00528596192 3.88503254
922 3582 5.28593943 0.00528593943 3.88503254
922 3582 5.28595734 0.00528595734 3.88503254
922 3582 5.285963 0.005285963 3.88503254
921 3576 5.26281251 0.00526281251 3.88273616
921 3578 5.26278757 0.00526278757 3.88490771
921 3579 5.26305148 0.00526305148 3.88599349
921 3579 5.26353228 0.00526353228 3.88599349
921 3579 5.26315041 0.00526315041 3.88599349
921 3579 5.26311659 0.00526311659 3.88599349
921 3579 5.26301893 0.00526301893 3.88599349
921 3579 5.26298731 0.00526298731 3.88599349
921 3579 5.26297821 0.00526297821 3.88599349
921 3579 5.26296156 0.00526296156 3.88599349
920 3573 5.24045784 0.00524045784 3.88369565
920 3573 5.24027854 0.00524027854 3.88369565
920 3573 5.24060892 0.00524060892 3.88369565
920 3573 5.24065689 0.00524065689 3.88369565
920 3573 5.24060222 0.00524060222 3.88369565
920 3573 5.24052018 0.00524052018 3.88369565
920 3573 5.24040705 0.00524040705 3.88369565
920 3573 5.2404193 0.0052404193 3.88369565
920 3573 5.24073015 0.00524073015 3.88369565
920 3573 5.24064755 0.00524064755 3.88369565
919 3566 5.21746639 0.00521746639 3.88030468
919 3566 5.21711678 0.00521711678 3.88030468
919 3566 5.21705435 0.00521705435 3.88030468
919 3566 5.21756518 0.00521756518 3.88030468
919 3566 5.21756953 0.00521756953 3.88030468
919 3566 5.21767653 0.00521767653 3.88030468
919 3566 5.21771965 0.00521771965 3.88030468
919 3566 5.21771588 0.00521771588 3.88030468
919 3566 5.2177082 0.0052177082 3.88030468
919 3566 5.21771474 0.00521771474 3.88030468
918 3555 5.19375463 0.00519375463 3.87254902
918 3555 5.19341593 0.00519341593 3.87254902
918 3555 5.19352796 0.00519352796 3.87254902
918 3555 5.19366119 0.00519366119 3.87254902
918 3555 5.19374384 0.00519374384 3.87254902
918 3555 5.19383055 0.00519383055 3.87254902
918 3555 5.19393028 0.00519393028 3.87254902
918 3555 5.19398895 0.00519398895 3.87254902
918 3555 5.19403054 0.00519403054 3.87254902
918 3555 5.19405281 0.00519405281 3.87254902
917 3548 5.16990707 0.00516990707 3.8691385
917 3549 5.17158042 0.00517158042 3.87022901
917 3549 5.17144523 0.00517144523 3.87022901
917 3549 5.17169654 0.00517169654 3.87022901
917 3549 5.17162567 0.00517162567 3.87022901
917 3549 5.17163683 0.00517163683 3.87022901
917 3549 5.17164073 0.00517164073 3.87022901
917 3549 5.17165975 0.00517165975 3.87022901
917 3549 5.17166019 0.00517166019 3.87022901
917 3549 5.17165897 0.00517165897 3.87022901
916 3538 5.14758147 0.00514758147 3.86244541
916 3538 5.1473193 0.0051473193 3.86244541
916 3538 5.14755 0.00514755 3.86244541
916 3538 5.1473274 0.0051473274 3.86244541
916 3538 5.14751503 0.00514751503 3.86244541
916 3538 5.14738633 0.00514738633 3.86244541
916 3538 5.14750465 0.00514750465 3.86244541
916 3538 5.14740134 0.00514740134 3.86244541
916 3538 5.14752973 0.00514752973 3.86244541
916 3538 5.14740116 0.00514740116 3.86244541
915 3532 5.12245926 0.00512245926 3.86010929
915 3532 5.12229342 0.00512229342 3.86010929
915 3532 5.12261516 0.00512261516 3.86010929
915 3532 5.12267659 0.00512267659 3.86010929
915 3532 5.12231862 0.00512231862 3.86010929
915 3532 5.12258019 0.00512258019 3.86010929
915 3532 5.12259199 0.00512259199 3.86010929
915 3532 5.12229828 0.00512229828 3.86010929
915 3532 5.12259728 0.00512259728 3.86010929
915 3532 5.12259493 0.00512259493 3.86010929
914 3521 5.09825664 0.00509825664 3.85229759
914 3521 5.09842377 0.00509842377 3.85229759
914 3521 5.09856762 0.00509856762 3.85229759
914 3521 5.09820623 0.00509820623 3.85229759
914 3521 5.09825674 0.00509825674 3.85229759
914 3521 5.09853595 0.00509853595 3.85229759
914 3523 5.09782132 0.00509782132 3.85448578
914 3524 5.09820521 0.00509820521 3.85557987
914 3529 5.10195914 0.00510195914 3.86105033
914 3529 5.10178568 0.00510178568 3.86105033
913 3518 5.07840861 0.00507840861 3.85323111
913 3516 5.07854951 0.00507854951 3.85104053
913 3512 5.07838352 0.00507838352 3.84665936
913 3513 5.07878771 0.00507878771 3.84775465
913 3513 5.07864985 0.00507864985 3.84775465
913 3518 5.08346826 0.00508346826 3.85323111
913 3511 5.08336939 0.00508336939 3.84556407
913 3512 5.08518799 0.00508518799 3.84665936
913 3512 5.08488413 0.00508488413 3.84665936
913 3512 5.08528921 0.00508528921 3.84665936
912 3506 5.06279577 0.00506279577 3.84429825
912 3506 5.06234965 0.00506234965 3.84429825
912 3501 5.06255664 0.00506255664 3.83881579
912 3504 5.06163191 0.00506163191 3.84210526
912 3505 5.06187649 0.00506187649 3.84320175
912 3501 5.06244676 0.00506244676 3.83881579
912 3501 5.06265242 0.00506265242 3.83881579
912 3501 5.06256794 0.00506256794 3.83881579
912 3501 5.06250034 0.00506250034 3.83881579
912 3501 5.06252462 0.00506252462 3.83881579
911 3495 5.04091151 0.00504091151 3.83644347
911 3498 5.04016454 0.00504016454 3.83973655
911 3498 5.03977506 0.00503977506 3.83973655
911 3504 5.04769865 0.00504769865 3.84632272
911 3504 5.04762351 0.00504762351 3.84632272
911 3504 5.04778025 0.00504778025 3.84632272
911 3504 5.04762955 0.00504762955 3.84632272
911 3504 5.04750608 0.00504750608 3.84632272
911 3504 5.04753337 0.00504753337 3.84632272
911 3504 5.04754348 0.00504754348 3.84632272
910 3494 5.02600033 0.00502600033 3.83956044
910 3491 5.02617826 0.00502617826 3.83626374
910 3494 5.02610698 0.00502610698 3.83956044
910 3491 5.02658429 0.00502658429 3.83626374
910 3494 5.02669358 0.00502669358 3.83956044
910 3491 5.02661976 0.00502661976 3.83626374
910 3494 5.02654231 0.00502654231 3.83956044
910 3491 5.02656309 0.00502656309 3.83626374
910 3494 5.02652404 0.00502652404 3.83956044
910 3491 5.02658133 0.00502658133 3.83626374
909 3481 5.00455142 0.00500455142 3.82948295
909 3485 5.00483022 0.00500483022 3.83388339
909 3485 5.00467947 0.00500467947 3.83388339
909 3481 5.00492456 0.00500492456 3.82948295
909 3481 5.00498019 0.00500498019 3.82948295
909 3485 5.00507144 0.00500507144 3.83388339
909 3485 5.0043619 0.0050043619 3.83388339
909 3481 5.00501726 0.00500501726 3.82948295
909 3481 5.00494575 0.00500494575 3.82948295
909 3485 5.00499875 0.00500499875 3.83388339
908 3479 4.98231102 0.00498231102 3.8314978
908 3475 4.98358303 0.00498358303 3.82709251
908 3475 4.98307971 0.00498307971 3.82709251
908 3475 4.98309379 0.00498309379 3.82709251
908 3475 4.98289266 0.00498289266 3.82709251
908 3475 4.98303601 0.00498303601 3.82709251
908 3475 4.98365744 0.00498365744 3.82709251
908 3475 4.98327619 0.00498327619 3.82709251
908 3475 4.98305102 0.00498305102 3.82709251
908 3475 4.98366055 0.00498366055 3.82709251
907 3469 4.96102481 0.00496102481 3.8246968
907 3469 4.9609875 0.0049609875 3.8246968
907 3469 4.96070741 0.00496070741 3.8246968
907 3469 4.96080765 0.00496080765 3.8246968
907 3469 4.9609242 0.0049609242 3.8246968
907 3469 4.9609215 0.0049609215 3.8246968
907 3469 4.96069806 0.00496069806 3.8246968
907 3469 4.96072121 0.00496072121 3.8246968
907 3469 4.96067913 0.00496067913 3.8246968
907 3469 4.96096629 0.00496096629 3.8246968
906 3456 4.93774421 0.00493774421 3.81456954
906 3456 4.93795057 0.00493795057 3.81456954
906 3462 4.93777213 0.00493777213 3.82119205
906 3462 4.93795627 0.00493795627 3.82119205
906 3462 4.93771789 0.00493771789 3.82119205
906 3462 4.93776159 0.00493776159 3.82119205
906 3462 4.93770536 0.00493770536 3.82119205
906 3462 4.93754434 0.00493754434 3.82119205
906 3462 4.9378575 0.0049378575 3.82119205
906 3462 4.93779289 0.00493779289 3.82119205
905 3449 4.91490974 0.00491490974 3.81104972
905 3457 4.91558199 0.00491558199 3.8198895
905 3456 4.92583268 0.00492583268 3.81878453
905 3460 4.92506952 0.00492506952 3.82320442
905 3459 4.92537562 0.00492537562 3.82209945
905 3459 4.92532071 0.00492532071 3.82209945
905 3456 4.92567843 0.00492567843 3.81878453
905 3459 4.92541094 0.00492541094 3.82209945
905 3459 4.92518943 0.00492518943 3.82209945
905 3459 4.92526921 0.00492526921 3.82209945
904 3449 4.90393564 0.00490393564 3.81526549
904 3449 4.9042385 0.0049042385 3.81526549
904 3453 4.90409091 0.00490409091 3.81969027
904 3449 4.90458291 0.00490458291 3.81526549
904 3453 4.90416427 0.00490416427 3.81969027
904 3449 4.90471044 0.00490471044 3.81526549
904 3453 4.90426729 0.00490426729 3.81969027
904 3449 4.90470135 0.00490470135 3.81526549
904 3453 4.90425325 0.00490425325 3.81969027
904 3449 4.9046964 0.0049046964 3.81526549
903 3443 4.88228288 0.00488228288 3.81284607
903 3441 4.88293611 0.00488293611 3.81063123
903 3437 4.88298138 0.00488298138 3.80620155
903 3436 4.88314787 0.00488314787 3.80509413
903 3436 4.88256833 0.00488256833 3.80509413
903 3436 4.88267453 0.00488267453 3.80509413
903 3437 4.88288357 0.00488288357 3.80620155
903 3441 4.88277129 0.00488277129 3.81063123
903 3436 4.88319524 0.00488319524 3.80509413
903 3436 4.8828121 0.0048828121 3.80509413
902 3426 4.86180834 0.00486180834 3.79822616
902 3430 4.8616243 0.0048616243 3.80266075
902 3428 4.86117849 0.00486117849 3.80044346
902 3426 4.86145045 0.00486145045 3.79822616
902 3426 4.86121094 0.00486121094 3.79822616
902 3428 4.86108231 0.00486108231 3.80044346
902 3429 4.8611211 0.0048611211 3.80155211
902 3434 4.86065881 0.00486065881 3.80709534
902 3433 4.86152739 0.00486152739 3.8059867
902 3433 4.86129087 0.00486129087 3.8059867
901 3423 4.84095367 0.00484095367 3.7991121
901 3423 4.84078795 0.00484078795 3.7991121
901 3425 4.84096073 0.00484096073 3.80133185
901 3425 4.84149833 0.00484149833 3.80133185
901 3425 4.84114232 0.00484114232 3.80133185
901 3425 4.84083966 0.00484083966 3.80133185
901 3422 4.84139752 0.00484139752 3.79800222
901 3422 4.84147689 0.00484147689 3.79800222
901 3421 4.84078781 0.00484078781 3.79689234
901 3421 4.84168102 0.00484168102 3.79689234
900 3411 4.82261253 0.00482261253 3.79
900 3411 4.82266697 0.00482266697 3.79
900 3411 4.82252614 0.00482252614 3.79
900 3411 4.82269821 0.00482269821 3.79
900 3411 4.82212492 0.00482212492 3.79
900 3411 4.82225805 0.00482225805 3.79
900 3411 4.8226827 0.0048226827 3.79
900 3411 4.82292522 0.00482292522 3.79
900 3411 4.82264344 0.00482264344 3.79
900 3411 4.82241636 0.00482241636 3.79
899 3401 4.80230017 0.00480230017 3.78309232
899 3408 4.80431714 0.00480431714 3.79087875
899 3408 4.80423313 0.00480423313 3.79087875
899 3408 4.80469613 0.00480469613 3.79087875
899 3408 4.80435728 0.00480435728 3.79087875
899 3408 4.80455021 0.00480455021 3.79087875
899 3408 4.80440647 0.00480440647 3.79087875
899 3408 4.8042879 0.0048042879 3.79087875
899 3408 4.8043474 0.0048043474 3.79087875
899 3408 4.80424692 0.00480424692 3.79087875
898 3397 4.78497148 0.00478497148 3.78285078
898 3397 4.78505066 0.00478505066 3.78285078
898 3397 4.78483859 0.00478483859 3.78285078
898 3401 4.78514113 0.00478514113 3.78730512
898 3401 4.78480914 0.00478480914 3.78730512
898 3401 4.78476169 0.00478476169 3.78730512
898 3401 4.78469057 0.00478469057 3.78730512
898 3401 4.78468517 0.00478468517 3.78730512
898 3401 4.78471556 0.00478471556 3.78730512
898 3401 4.78469185 0.00478469185 3.78730512
897 3391 4.7656375 0.0047656375 3.78037904
897 3391 4.76570681 0.00476570681 3.78037904
897 3395 4.76638669 0.00476638669 3.78483835
897 3392 4.76760461 0.00476760461 3.78149387
897 3392 4.76716598 0.00476716598 3.78149387
897 3396 4.76785338 0.00476785338 3.78595318
897 3401 4.76831664 0.00476831664 3.79152731
897 3407 4.7694429 0.0047694429 3.79821628
897 3403 4.77125493 0.00477125493 3.79375697
897 3403 4.77131303 0.00477131303 3.79375697
896 3397 4.75331557 0.00475331557 3.79129464
896 3397 4.75307456 0.00475307456 3.79129464
896 3397 4.75338146 0.00475338146 3.79129464
896 3397 4.75339858 0.00475339858 3.79129464
896 3397 4.75333884 0.00475333884 3.79129464
896 3397 4.7534999 0.0047534999 3.79129464
896 3397 4.75326955 0.00475326955 3.79129464
896 3397 4.75358987 0.00475358987 3.79129464
896 3397 4.75321069 0.00475321069 3.79129464
896 3397 4.75360265 0.00475360265 3.79129464
895 3390 4.73571064 0.00473571064 3.7877095
895 3390 4.73515939 0.00473515939 3.7877095
895 3390 4.73552205 0.00473552205 3.7877095
895 3390 4.73523711 0.00473523711 3.7877095
895 3390 4.73533517 0.00473533517 3.7877095
895 3390 4.73526199 0.00473526199 3.7877095
895 3390 4.73527286 0.00473527286 3.7877095
895 3390 4.73531163 0.00473531163 3.7877095
895 3390 4.73530404 0.00473530404 3.7877095
895 3390 4.73529362 0.00473529362 3.7877095
894 3380 4.7175119 0.0047175119 3.78076063
894 3382 4.71755128 0.00471755128 3.78299776
894 3382 4.71758605 0.00471758605 3.78299776
894 3382 4.71774308 0.00471774308 3.78299776
894 3382 4.71768119 0.00471768119 3.78299776
894 3382 4.71749544 0.00471749544 3.78299776
894 3382 4.71752193 0.00471752193 3.78299776
894 3380 4.7174891 0.0047174891 3.78076063
894 3382 4.71810629 0.00471810629 3.78299776
894 3382 4.7178212 0.0047178212 3.78299776
893 3375 4.70037099 0.00470037099 3.7793953
893 3375 4.70027564 0.00470027564 3.7793953
893 3372 4.70023732 0.00470023732 3.77603583
893 3375 4.69995633 0.00469995633 3.7793953
893 3380 4.70043502 0.00470043502 3.7849944
893 3380 4.70335763 0.00470335763 3.7849944
893 3380 4.70336762 0.00470336762 3.7849944
893 3380 4.70348125 0.00470348125 3.7849944
893 3380 4.70350581 0.00470350581 3.7849944
893 3380 4.70344911 0.00470344911 3.7849944
892 3372 4.68660177 0.00468660177 3.78026906
892 3372 4.68627572 0.00468627572 3.78026906
892 3372 4.68665946 0.00468665946 3.78026906
892 3372 4.68646264 0.00468646264 3.78026906
892 3372 4.68628377 0.00468628377 3.78026906
892 3370 4.68582621 0.00468582621 3.77802691
892 3372 4.68681318 0.00468681318 3.78026906
892 3372 4.6863094 0.0046863094 3.78026906
892 3372 4.68628245 0.00468628245 3.78026906
892 3372 4.68633917 0.00468633917 3.78026906
891 3362 4.66914983 0.00466914983 3.77328844
891 3363 4.66951169 0.00466951169 3.77441077
891 3363 4.67475119 0.00467475119 3.77441077
891 3361 4.67724223 0.00467724223 3.77216611
891 3361 4.6778511 0.0046778511 3.77216611
891 3361 4.67765659 0.00467765659 3.77216611
891 3361 4.6777615 0.0046777615 3.77216611
891 3357 4.67725012 0.00467725012 3.76767677
891 3357 4.67742551 0.00467742551 3.76767677
891 3361 4.67768519 0.00467768519 3.77216611
890 3353 4.66162301 0.00466162301 3.76741573
890 3351 4.66152921 0.00466152921 3.76516854
890 3353 4.66146214 0.00466146214 3.76741573
890 3353 4.66177338 0.00466177338 3.76741573
890 3349 4.66171114 0.00466171114 3.76292135
890 3351 4.66141291 0.00466141291 3.76516854
890 3353 4.66172133 0.00466172133 3.76741573
890 3351 4.66151384 0.00466151384 3.76516854
890 3353 4.66132572 0.00466132572 3.76741573
890 3353 4.66182158 0.00466182158 3.76741573
889 3343 4.64586999 0.00464586999 3.76040495
889 3343 4.64590266 0.00464590266 3.76040495
889 3343 4.64602812 0.00464602812 3.76040495
889 3343 4.64609733 0.00464609733 3.76040495
889 3343 4.64619417 0.00464619417 3.76040495
889 3343 4.64619293 0.00464619293 3.76040495
889 3343 4.64623258 0.00464623258 3.76040495
889 3343 4.64623405 0.00464623405 3.76040495
889 3343 4.64624066 0.00464624066 3.76040495
889 3343 4.64624107 0.00464624107 3.76040495
888 3336 4.62975551 0.00462975551 3.75675676
888 3336 4.62954413 0.00462954413 3.75675676
888 3336 4.6293737 0.0046293737 3.75675676
888 3336 4.62936039 0.00462936039 3.75675676
888 3336 4.62941364 0.00462941364 3.75675676
888 3336 4.62942224 0.00462942224 3.75675676
888 3336 4.62941532 0.00462941532 3.75675676
888 3336 4.62940186 0.00462940186 3.75675676
888 3336 4.62940452 0.00462940452 3.75675676
888 3336 4.62940833 0.00462940833 3.75675676
887 3330 4.61201306 0.00461201306 3.75422773
887 3330 4.61222979 0.00461222979 3.75422773
887 3330 4.61212381 0.00461212381 3.75422773
887 3330 4.61223783 0.00461223783 3.75422773
887 3330 4.61224626 0.00461224626 3.75422773
887 3330 4.61241986 0.00461241986 3.75422773
887 3330 4.61228692 0.00461228692 3.75422773
887 3330 4.61220355 0.00461220355 3.75422773
887 3330 4.61246539 0.00461246539 3.75422773
887 3330 4.61234257 0.00461234257 3.75422773
886 3328 4.59475081 0.00459475081 3.75620767
886 3328 4.59413736 0.00459413736 3.75620767
886 3328 4.59402403 0.00459402403 3.75620767
886 3328 4.59393463 0.00459393463 3.75620767
886 3328 4.59396803 0.00459396803 3.75620767
886 3328 4.59399541 0.00459399541 3.75620767
886 3328 4.59397382 0.00459397382 3.75620767
886 3328 4.59396218 0.00459396218 3.75620767
886 3328 4.59396652 0.00459396652 3.75620767
886 3328 4.59397033 0.00459397033 3.75620767
885 3321 4.57669847 0.00457669847 3.75254237
885 3321 4.57709923 0.00457709923 3.75254237
885 3321 4.57701715 0.00457701715 3.75254237
885 3321 4.57699199 0.00457699199 3.75254237
885 3321 4.5770641 0.0045770641 3.75254237
885 3321 4.57709129 0.00457709129 3.75254237
885 3321 4.57707963 0.00457707963 3.75254237
885 3321 4.5770661 0.0045770661 3.75254237
885 3321 4.57706762 0.00457706762 3.75254237
885 3321 4.57707265 0.00457707265 3.75254237
884 3309 4.55952236 0.00455952236 3.74321267
884 3304 4.56738181 0.00456738181 3.73755656
884 3300 4.56737845 0.00456737845 3.73303167
884 3300 4.56769376 0.00456769376 3.73303167
884 3300 4.56762437 0.00456762437 3.73303167
884 3304 4.56753637 0.00456753637 3.73755656
884 3304 4.56710459 0.00456710459 3.73755656
884 3300 4.56731448 0.00456731448 3.73303167
884 3300 4.56758069 0.00456758069 3.73303167
884 3300 4.56764174 0.00456764174 3.73303167
883 3298 4.55006586 0.00455006586 3.73499434
883 3297 4.55026254 0.00455026254 3.73386183
883 3298 4.5501145 0.0045501145 3.73499434
883 3297 4.55044408 0.00455044408 3.73386183
883 3297 4.55038863 0.00455038863 3.73386183
883 3298 4.55011377 0.00455011377 3.73499434
883 3297 4.55044885 0.00455044885 3.73386183
883 3297 4.55038234 0.00455038234 3.73386183
883 3298 4.55011194 0.00455011194 3.73499434
883 3297 4.55045806 0.00455045806 3.73386183
882 3291 4.53338691 0.00453338691 3.73129252
882 3291 4.53292457 0.00453292457 3.73129252
882 3288 4.53290606 0.00453290606 3.72789116
882 3291 4.5333487 0.0045333487 3.73129252
882 3291 4.53318542 0.00453318542 3.73129252
882 3288 4.5328852 0.0045328852 3.72789116
882 3291 4.53343243 0.00453343243 3.73129252
882 3291 4.53328559 0.00453328559 3.73129252
882 3288 4.53287614 0.00453287614 3.72789116
882 3291 4.53341791 0.00453341791 3.73129252
881 3281 4.51593813 0.00451593813 3.72417707
881 3281 4.5161012 0.0045161012 3.72417707
881 3283 4.51513878 0.00451513878 3.72644722
881 3281 4.51604437 0.00451604437 3.72417707
881 3281 4.51612583 0.00451612583 3.72417707
881 3281 4.51606035 0.00451606035 3.72417707
881 3281 4.51607878 0.00451607878 3.72417707
881 3281 4.51600273 0.00451600273 3.72417707
881 3281 4.51588061 0.00451588061 3.72417707
881 3281 4.51620407 0.00451620407 3.72417707
880 3274 4.49850843 0.00449850843 3.72045455
880 3276 4.4985444 0.0044985444 3.72272727
880 3276 4.49833384 0.00449833384 3.72272727
880 3274 4.49834819 0.00449834819 3.72045455
880 3276 4.49857825 0.00449857825 3.72272727
880 3274 4.49857585 0.00449857585 3.72045455
880 3276 4.49869381 0.00449869381 3.72272727
880 3274 4.49836771 0.00449836771 3.72045455
880 3274 4.49841603 0.00449841603 3.72045455
880 3276 4.49839261 0.00449839261 3.72272727
879 3270 4.4807158 0.0044807158 3.72013652
879 3264 4.48222867 0.00448222867 3.71331058
879 3264 4.48198738 0.00448198738 3.71331058
879 3263 4.48201035 0.00448201035 3.71217292
879 3262 4.48275661 0.00448275661 3.71103527
879 3263 4.48297393 0.00448297393 3.71217292
879 3262 4.48281421 0.00448281421 3.71103527
879 3265 4.48232271 0.00448232271 3.71444824
879 3265 4.48268688 0.00448268688 3.71444824
879 3263 4.48278737 0.00448278737 3.71217292
878 3255 4.46580134 0.00446580134 3.70728929
878 3256 4.46574839 0.00446574839 3.70842825
878 3258 4.46574125 0.00446574125 3.71070615
878 3256 4.46595577 0.00446595577 3.70842825
878 3255 4.46619254 0.00446619254 3.70728929
878 3255 4.46617146 0.00446617146 3.70728929
878 3255 4.46609306 0.00446609306 3.70728929
878 3255 4.46602085 0.00446602085 3.70728929
878 3255 4.46613487 0.00446613487 3.70728929
878 3255 4.46614318 0.00446614318 3.70728929
877 3246 4.44980732 0.00444980732 3.70125428
877 3246 4.44988438 0.00444988438 3.70125428
877 3246 4.44965067 0.00444965067 3.70125428
877 3248 4.44978805 0.00444978805 3.70353478
877 3251 4.44908564 0.00444908564 3.70695553
877 3250 4.44957237 0.00444957237 3.70581528
877 3246 4.44980675 0.00444980675 3.70125428
877 3246 4.44973927 0.00444973927 3.70125428
877 3246 4.44955512 0.00444955512 3.70125428
877 3250 4.44939686 0.00444939686 3.70581528
876 3243 4.43338761 0.00443338761 3.70205479
876 3244 4.43330168 0.00443330168 3.70319635
876 3241 4.4399291 0.0044399291 3.69977169
876 3241 4.43981565 0.00443981565 3.69977169
876 3240 4.43973947 0.00443973947 3.69863014
876 3241 4.43990428 0.00443990428 3.69977169
876 3241 4.43981175 0.00443981175 3.69977169
876 3241 4.43983051 0.00443983051 3.69977169
876 3241 4.43980796 0.00443980796 3.69977169
876 3240 4.43975774 0.00443975774 3.69863014
875 3234 4.42420967 0.00442420967 3.696
875 3235 4.42423544 0.00442423544 3.69714286
875 3236 4.42388678 0.00442388678 3.69828571
875 3235 4.42408991 0.00442408991 3.69714286
875 3236 4.42403637 0.00442403637 3.69828571
875 3234 4.42413051 0.00442413051 3.696
875 3235 4.42412711 0.00442412711 3.69714286
875 3236 4.42403759 0.00442403759 3.69828571
875 3234 4.42417543 0.00442417543 3.696
875 3235 4.42416555 0.00442416555 3.69714286
874 3229 4.4084289 0.0044084289 3.69450801
874 3229 4.40863101 0.00440863101 3.69450801
874 3229 4.40880868 0.00440880868 3.69450801
874 3229 4.40877388 0.00440877388 3.69450801
874 3229 4.40810448 0.00440810448 3.69450801
874 3232 4.40811375 0.00440811375 3.6979405
874 3229 4.40828911 0.00440828911 3.69450801
874 3229 4.4087397 0.0044087397 3.69450801
874 3229 4.40864478 0.00440864478 3.69450801
874 3229 4.4079887 0.0044079887 3.69450801
873 3225 4.39277368 0.00439277368 3.69415808
873 3224 4.39317559 0.00439317559 3.6930126
873 3224 4.39314113 0.00439314113 3.6930126
873 3224 4.39323145 0.00439323145 3.6930126
873 3224 4.3931788 0.0043931788 3.6930126
873 3224 4.39316048 0.00439316048 3.6930126
873 3224 4.39315384 0.00439315384 3.6930126
873 3224 4.39316341 0.00439316341 3.6930126
873 3224 4.39316275 0.00439316275 3.6930126
873 3224 4.39316173 0.00439316173 3.6930126
872 3220 4.37770081 0.00437770081 3.69266055
872 3220 4.37767391 0.00437767391 3.69266055
872 3220 4.37775522 0.00437775522 3.69266055
872 3220 4.37793196 0.00437793196 3.69266055
872 3220 4.37800388 0.00437800388 3.69266055
872 3220 4.37801723 0.00437801723 3.69266055
872 3220 4.37799812 0.00437799812 3.69266055
872 3220 4.37798986 0.00437798986 3.69266055
872 3220 4.37798198 0.00437798198 3.69266055
872 3220 4.37797468 0.00437797468 3.69266055
871 3216 4.36237485 0.00436237485 3.69230769
871 3216 4.36213473 0.00436213473 3.69230769
871 3216 4.3620653 0.0043620653 3.69230769
871 3211 4.3624718 0.0043624718 3.68656716
871 3207 4.36255476 0.00436255476 3.68197474
871 3207 4.36233951 0.00436233951 3.68197474
871 3210 4.36216867 0.00436216867 3.68541906
871 3207 4.36221305 0.00436221305 3.68197474
871 3207 4.37359875 0.00437359875 3.68197474
871 3207 4.37741675 0.00437741675 3.68197474
870 3199 4.36734897 0.00436734897 3.67701149
870 3201 4.37606066 0.00437606066 3.67931034
870 3202 4.37636277 0.00437636277 3.68045977
870 3203 4.37647079 0.00437647079 3.6816092
870 3198 4.37700375 0.00437700375 3.67586207
870 3202 4.37758424 0.00437758424 3.68045977
870 3199 4.38055578 0.00438055578 3.67701149
870 3207 4.3806711 0.0043806711 3.6862069
870 3207 4.38047334 0.00438047334 3.6862069
870 3199 4.38037518 0.00438037518 3.67701149
869 3197 4.36695872 0.00436695872 3.67894131
869 3197 4.36718097 0.00436718097 3.67894131
869 3197 4.36710665 0.00436710665 3.67894131
869 3197 4.36710235 0.00436710235 3.67894131
869 3197 4.36687219 0.00436687219 3.67894131
869 3197 4.36708655 0.00436708655 3.67894131
869 3197 4.36677113 0.00436677113 3.67894131
869 3197 4.36708529 0.00436708529 3.67894131
869 3197 4.36679824 0.00436679824 3.67894131
869 3197 4.36707474 0.00436707474 3.67894131
868 3187 4.35301472 0.00435301472 3.67165899
868 3187 4.35288152 0.00435288152 3.67165899
868 3192 4.35289331 0.00435289331 3.67741935
868 3192 4.35286838 0.00435286838 3.67741935
868 3192 4.352846 0.004352846 3.67741935
868 3187 4.35284959 0.00435284959 3.67165899
868 3192 4.3530134 0.0043530134 3.67741935
868 3192 4.35290158 0.00435290158 3.67741935
868 3187 4.3529217 0.0043529217 3.67165899
868 3187 4.35287947 0.00435287947 3.67165899
867 3179 4.33868113 0.00433868113 3.66666667
867 3182 4.33901078 0.00433901078 3.67012687
867 3182 4.33904509 0.00433904509 3.67012687
867 3182 4.33889548 0.00433889548 3.67012687
867 3182 4.3388799 0.0043388799 3.67012687
867 3182 4.33893257 0.00433893257 3.67012687
867 3182 4.33882659 0.00433882659 3.67012687
867 3182 4.33890091 0.00433890091 3.67012687
867 3182 4.33881535 0.00433881535 3.67012687
867 3182 4.33890211 0.00433890211 3.67012687
866 3174 4.32491162 0.00432491162 3.66512702
866 3175 4.32490543 0.00432490543 3.66628176
866 3174 4.32486896 0.00432486896 3.66512702
866 3175 4.324964 0.004324964 3.66628176
866 3174 4.3248553 0.0043248553 3.66512702
866 3175 4.32491234 0.00432491234 3.66628176
866 3174 4.32484658 0.00432484658 3.66512702
866 3175 4.32492495 0.00432492495 3.66628176
866 3174 4.32485394 0.00432485394 3.66512702
866 3175 4.32492945 0.00432492945 3.66628176
865 3167 4.31073956 0.00431073956 3.66127168
865 3168 4.31077401 0.00431077401 3.66242775
865 3168 4.31083939 0.00431083939 3.66242775
865 3168 4.31071123 0.00431071123 3.66242775
865 3168 4.31090363 0.00431090363 3.66242775
865 3168 4.31094558 0.00431094558 3.66242775
865 3168 4.31093416 0.00431093416 3.66242775
865 3171 4.31059179 0.00431059179 3.66589595
865 3168 4.31068979 0.00431068979 3.66242775
865 3168 4.3106497 0.0043106497 3.66242775
864 3161 4.29677455 0.00429677455 3.65856481
864 3160 4.2967123 0.0042967123 3.65740741
864 3161 4.29689118 0.00429689118 3.65856481
864 3161 4.29689947 0.00429689947 3.65856481
864 3161 4.29696766 0.00429696766 3.65856481
864 3161 4.29693012 0.00429693012 3.65856481
864 3161 4.29701241 0.00429701241 3.65856481
864 3161 4.29691229 0.00429691229 3.65856481
864 3161 4.2963171 0.0042963171 3.65856481
864 3163 4.30367566 0.00430367566 3.66087963
863 3156 4.28997285 0.00428997285 3.65701043
863 3156 4.29001206 0.00429001206 3.65701043
863 3156 4.28990249 0.00428990249 3.65701043
863 3156 4.28980019 0.00428980019 3.65701043
863 3156 4.28999165 0.00428999165 3.65701043
863 3156 4.29008604 0.00429008604 3.65701043
863 3156 4.28986826 0.00428986826 3.65701043
863 3156 4.2898043 0.0042898043 3.65701043
863 3156 4.2899111 0.0042899111 3.65701043
863 3156 4.29009586 0.00429009586 3.65701043
862 3149 4.27616676 0.00427616676 3.65313225
862 3149 4.27603999 0.00427603999 3.65313225
862 3149 4.27608969 0.00427608969 3.65313225
862 3149 4.27597543 0.00427597543 3.65313225
862 3149 4.27620228 0.00427620228 3.65313225
862 3149 4.27610422 0.00427610422 3.65313225
862 3149 4.27620262 0.00427620262 3.65313225
862 3149 4.27613059 0.00427613059 3.65313225
862 3149 4.27606917 0.00427606917 3.65313225
862 3149 4.27604705 0.00427604705 3.65313225
861 3141 4.2618694 0.0042618694 3.64808362
861 3145 4.26186706 0.00426186706 3.65272938
861 3139 4.26189507 0.00426189507 3.64576074
861 3141 4.26209116 0.00426209116 3.64808362
861 3141 4.26204419 0.00426204419 3.64808362
861 3141 4.26212416 0.00426212416 3.64808362
861 3139 4.26181376 0.00426181376 3.64576074
861 3141 4.26218977 0.00426218977 3.64808362
861 3143 4.26186937 0.00426186937 3.6504065
861 3145 4.26153085 0.00426153085 3.65272938
860 3138 4.24801532 0.00424801532 3.64883721
860 3138 4.24796945 0.00424796945 3.64883721
860 3140 4.24839134 0.00424839134 3.65116279
860 3141 4.25015211 0.00425015211 3.65232558
860 3141 4.24977372 0.00424977372 3.65232558
860 3145 4.25393183 0.00425393183 3.65697674
860 3145 4.25396509 0.00425396509 3.65697674
860 3145 4.25395225 0.00425395225 3.65697674
860 3145 4.25393521 0.00425393521 3.65697674
860 3145 4.25390339 0.00425390339 3.65697674
859 3138 4.24076653 0.00424076653 3.65308498
859 3138 4.24070537 0.00424070537 3.65308498
859 3138 4.24058473 0.00424058473 3.65308498
859 3138 4.24068857 0.00424068857 3.65308498
859 3138 4.24081533 0.00424081533 3.65308498
859 3138 4.24064627 0.00424064627 3.65308498
859 3138 4.24057102 0.00424057102 3.65308498
859 3138 4.24077348 0.00424077348 3.65308498
859 3138 4.2407152 0.0042407152 3.65308498
859 3138 4.24056246 0.00424056246 3.65308498
858 3131 4.22719799 0.00422719799 3.64918415
858 3131 4.22748394 0.00422748394 3.64918415
858 3131 4.22740323 0.00422740323 3.64918415
858 3131 4.22734344 0.00422734344 3.64918415
858 3131 4.22733744 0.00422733744 3.64918415
858 3131 4.22734516 0.00422734516 3.64918415
858 3131 4.2273569 0.0042273569 3.64918415
858 3131 4.22735539 0.00422735539 3.64918415
858 3131 4.22735372 0.00422735372 3.64918415
858 3131 4.22735333 0.00422735333 3.64918415
857 3123 4.21390152 0.00421390152 3.64410735
857 3123 4.21392989 0.00421392989 3.64410735
857 3123 4.21397101 0.00421397101 3.64410735
857 3123 4.21397001 0.00421397001 3.64410735
857 3123 4.21399212 0.00421399212 3.64410735
857 3123 4.21398633 0.00421398633 3.64410735
857 3123 4.21399715 0.00421399715 3.64410735
857 3123 4.21399692 0.00421399692 3.64410735
857 3123 4.21399786 0.00421399786 3.64410735
857 3123 4.21399681 0.00421399681 3.64410735
856 3116 4.20063557 0.00420063557 3.64018692
856 3117 4.20899464 0.00420899464 3.64135514
856 3118 4.20905815 0.00420905815 3.64252336
856 3117 4.20901789 0.00420901789 3.64135514
856 3118 4.20913554 0.00420913554 3.64252336
856 3117 4.20907078 0.00420907078 3.64135514
856 3118 4.2091219 0.0042091219 3.64252336
856 3117 4.20906082 0.00420906082 3.64135514
856 3118 4.20911573 0.00420911573 3.64252336
856 3117 4.20906154 0.00420906154 3.64135514
855 3110 4.19597231 0.00419597231 3.6374269
855 3111 4.19585956 0.00419585956 3.63859649
855 3112 4.19578373 0.00419578373 3.63976608
855 3111 4.19585334 0.00419585334 3.63859649
855 3110 4.1958098 0.0041958098 3.6374269
855 3110 4.19580109 0.00419580109 3.6374269
855 3111 4.19586702 0.00419586702 3.63859649
855 3111 4.1959196 0.0041959196 3.63859649
855 3110 4.19578456 0.00419578456 3.6374269
855 3110 4.19590995 0.00419590995 3.6374269
854 3104 4.18285676 0.00418285676 3.63466042
854 3104 4.18264871 0.00418264871 3.63466042
854 3106 4.18249725 0.00418249725 3.63700234
854 3104 4.18294437 0.00418294437 3.63466042
854 3104 4.18289281 0.00418289281 3.63466042
854 3104 4.18287623 0.00418287623 3.63466042
854 3104 4.18292523 0.00418292523 3.63466042
854 3106 4.18258075 0.00418258075 3.63700234
854 3104 4.18298618 0.00418298618 3.63466042
854 3104 4.18292837 0.00418292837 3.63466042
853 3098 4.16946362 0.00416946362 3.63188746
853 3096 4.17535435 0.00417535435 3.62954279
853 3096 4.17542235 0.00417542235 3.62954279
853 3096 4.17544977 0.00417544977 3.62954279
853 3096 4.17557812 0.00417557812 3.62954279
853 3097 4.17518209 0.00417518209 3.63071512
853 3096 4.17526147 0.00417526147 3.62954279
853 3096 4.17512759 0.00417512759 3.62954279
853 3096 4.17508795 0.00417508795 3.62954279
853 3097 4.17489378 0.00417489378 3.63071512
852 3090 4.16225128 0.00416225128 3.62676056
852 3090 4.1622055 0.0041622055 3.62676056
852 3090 4.16220688 0.00416220688 3.62676056
852 3090 4.16244071 0.00416244071 3.62676056
852 3090 4.16256979 0.00416256979 3.62676056
852 3090 4.16265727 0.00416265727 3.62676056
852 3090 4.16268206 0.00416268206 3.62676056
852 3090 4.16267416 0.00416267416 3.62676056
852 3090 4.16266578 0.00416266578 3.62676056
852 3090 4.16264921 0.00416264921 3.62676056
851 3086 4.14943093 0.00414943093 3.62632197
851 3086 4.14917871 0.00414917871 3.62632197
851 3086 4.14912863 0.00414912863 3.62632197
851 3086 4.14898363 0.00414898363 3.62632197
851 3086 4.14894796 0.00414894796 3.62632197
851 3082 4.14886065 0.00414886065 3.62162162
851 3082 4.14875023 0.00414875023 3.62162162
851 3086 4.14900809 0.00414900809 3.62632197
851 3086 4.14901944 0.00414901944 3.62632197
851 3082 4.14884502 0.00414884502 3.62162162
850 3074 4.13535532 0.00413535532 3.61647059
850 3078 4.13586198 0.00413586198 3.62117647
850 3076 4.13557866 0.00413557866 3.61882353
850 3078 4.13577149 0.00413577149 3.62117647
850 3078 4.13563951 0.00413563951 3.62117647
850 3076 4.13559439 0.00413559439 3.61882353
850 3078 4.13580683 0.00413580683 3.62117647
850 3078 4.13567185 0.00413567185 3.62117647
850 3076 4.13560986 0.00413560986 3.61882353
850 3078 4.1357903 0.0041357903 3.62117647
849 3068 4.12257964 0.00412257964 3.61366313
849 3071 4.12240676 0.00412240676 3.6171967
849 3073 4.12270775 0.00412270775 3.61955241
849 3068 4.12266527 0.00412266527 3.61366313
849 3068 4.12270324 0.00412270324 3.61366313
849 3070 4.12244797 0.00412244797 3.61601885
849 3068 4.12279242 0.00412279242 3.61366313
849 3068 4.12270442 0.00412270442 3.61366313
849 3073 4.12266212 0.00412266212 3.61955241
849 3073 4.12232095 0.00412232095 3.61955241
848 3063 4.10909066 0.00410909066 3.6120283
848 3060 4.10950868 0.00410950868 3.60849057
848 3060 4.10923608 0.00410923608 3.60849057
848 3060 4.10957027 0.00410957027 3.60849057
848 3063 4.10945302 0.00410945302 3.6120283
848 3065 4.10943129 0.00410943129 3.61438679
848 3060 4.10954634 0.00410954634 3.60849057
848 3060 4.10941582 0.00410941582 3.60849057
848 3060 4.1096213 0.0041096213 3.60849057
848 3065 4.10939349 0.00410939349 3.61438679
847 3055 4.09631462 0.00409631462 3.6068477
847 3052 4.0963107 0.0040963107 3.60330579
847 3052 4.09621321 0.00409621321 3.60330579
847 3055 4.09642916 0.00409642916 3.6068477
847 3055 4.09631088 0.00409631088 3.6068477
847 3055 4.09629274 0.00409629274 3.6068477
847 3055 4.09634058 0.00409634058 3.6068477
847 3055 4.09617613 0.00409617613 3.6068477
847 3052 4.0963744 0.0040963744 3.60330579
847 3052 4.09624178 0.00409624178 3.60330579
846 3047 4.08327899 0.00408327899 3.60165485
846 3047 4.08303326 0.00408303326 3.60165485
846 3047 4.08301263 0.00408301263 3.60165485
846 3052 4.08274037 0.00408274037 3.60756501
846 3051 4.0827414 0.0040827414 3.60638298
846 3047 4.08306491 0.00408306491 3.60165485
846 3047 4.08302216 0.00408302216 3.60165485
846 3047 4.08297876 0.00408297876 3.60165485
846 3047 4.08288029 0.00408288029 3.60165485
846 3042 4.08261904 0.00408261904 3.59574468
845 3038 4.07438086 0.00407438086 3.59526627
845 3038 4.07426347 0.00407426347 3.59526627
845 3041 4.07422573 0.00407422573 3.59881657
845 3047 4.07461564 0.00407461564 3.60591716
845 3047 4.07437413 0.00407437413 3.60591716
845 3047 4.07471075 0.00407471075 3.60591716
845 3048 4.07438184 0.00407438184 3.60710059
845 3036 4.07541647 0.00407541647 3.59289941
845 3036 4.07527171 0.00407527171 3.59289941
845 3036 4.07530606 0.00407530606 3.59289941
844 3032 4.06283232 0.00406283232 3.59241706
844 3035 4.06294251 0.00406294251 3.59597156
844 3034 4.06268632 0.00406268632 3.59478673
844 3031 4.06263027 0.00406263027 3.59123223
844 3031 4.06261486 0.00406261486 3.59123223
844 3032 4.06271701 0.00406271701 3.59241706
844 3035 4.0627583 0.0040627583 3.59597156
844 3032 4.06283641 0.00406283641 3.59241706
844 3033 4.06289758 0.00406289758 3.5936019
844 3033 4.06284232 0.00406284232 3.5936019
843 3029 4.05056961 0.00405056961 3.59311981
843 3028 4.05026791 0.00405026791 3.59193357
843 3024 4.05023314 0.00405023314 3.58718861
843 3025 4.05038887 0.00405038887 3.58837485
843 3029 4.05055629 0.00405055629 3.59311981
843 3025 4.05041546 0.00405041546 3.58837485
843 3025 4.05032969 0.00405032969 3.58837485
843 3029 4.05045825 0.00405045825 3.59311981
843 3030 4.05049049 0.00405049049 3.59430605
843 3029 4.05082433 0.00405082433 3.59311981
842 3021 4.03820541 0.00403820541 3.58788599
842 3017 4.03800734 0.00403800734 3.58313539
842 3021 4.03847177 0.00403847177 3.58788599
842 3017 4.03806674 0.00403806674 3.58313539
842 3021 4.03831861 0.00403831861 3.58788599
842 3021 4.03817224 0.00403817224 3.58788599
842 3021 4.038057 0.004038057 3.58788599
842 3021 4.03802663 0.00403802663 3.58788599
842 3021 4.03823099 0.00403823099 3.58788599
842 3021 4.03798448 0.00403798448 3.58788599
841 3013 4.02555962 0.00402555962 3.58263971
841 3013 4.02562035 0.00402562035 3.58263971
841 3013 4.0256746 0.0040256746 3.58263971
841 3013 4.02591784 0.00402591784 3.58263971
841 3013 4.02580203 0.00402580203 3.58263971
841 3013 4.02586727 0.00402586727 3.58263971
841 3013 4.02590245 0.00402590245 3.58263971
841 3013 4.02583056 0.00402583056 3.58263971
841 3013 4.02568393 0.00402568393 3.58263971
841 3013 4.02587706 0.00402587706 3.58263971
840 3003 4.01297831 0.00401297831 3.575
840 3003 4.01287998 0.00401287998 3.575
840 3003 4.01305429 0.00401305429 3.575
840 3003 4.01305079 0.00401305079 3.575
840 3003 4.0130161 0.0040130161 3.575
840 3003 4.0129943 0.0040129943 3.575
840 3003 4.01297327 0.00401297327 3.575
840 3003 4.012971 0.004012971 3.575
840 3003 4.01296937 0.00401296937 3.575
840 3003 4.01296924 0.00401296924 3.575
839 2995 3.99985617 0.00399985617 3.56972586
839 2995 3.99964241 0.00399964241 3.56972586
839 2995 3.99961096 0.00399961096 3.56972586
839 2995 3.99962634 0.00399962634 3.56972586
839 2995 3.99965379 0.00399965379 3.56972586
839 2995 3.99966008 0.00399966008 3.56972586
839 2995 3.99965519 0.00399965519 3.56972586
839 2995 3.99964978 0.00399964978 3.56972586
839 2995 3.999649 0.003999649 3.56972586
839 2995 3.99964886 0.00399964886 3.56972586
838 2990 3.98693908 0.00398693908 3.56801909
838 2990 3.98691195 0.00398691195 3.56801909
838 2990 3.98690927 0.00398690927 3.56801909
838 2990 3.98694426 0.00398694426 3.56801909
838 2990 3.987018 0.003987018 3.56801909
838 2990 3.9869161 0.0039869161 3.56801909
838 2990 3.98691809 0.00398691809 3.56801909
838 2990 3.98699625 0.00398699625 3.56801909
838 2990 3.9869081 0.0039869081 3.56801909
838 2990 3.98691269 0.00398691269 3.56801909
837 2986 3.97422245 0.00397422245 3.56750299
837 2986 3.97423143 0.00397423143 3.56750299
837 2981 3.97416055 0.00397416055 3.56152927
837 2986 3.97431877 0.00397431877 3.56750299
837 2986 3.97443497 0.00397443497 3.56750299
837 2981 3.97424852 0.00397424852 3.56152927
837 2986 3.97469377 0.00397469377 3.56750299
837 2982 3.97438083 0.00397438083 3.56272401
837 2982 3.97427964 0.00397427964 3.56272401
837 2982 3.97440272 0.00397440272 3.56272401
836 2976 3.96200505 0.00396200505 3.55980861
836 2976 3.96193786 0.00396193786 3.55980861
836 2976 3.96195554 0.00396195554 3.55980861
836 2976 3.96195301 0.00396195301 3.55980861
836 2976 3.96199325 0.00396199325 3.55980861
836 2976 3.9619494 0.0039619494 3.55980861
836 2976 3.961986 0.003961986 3.55980861
836 2976 3.96194888 0.00396194888 3.55980861
836 2976 3.96198687 0.00396198687 3.55980861
836 2976 3.9619457 0.0039619457 3.55980861
835 2972 3.9492426 0.0039492426 3.55928144
835 2972 3.94945723 0.00394945723 3.55928144
835 2972 3.94920172 0.00394920172 3.55928144
835 2972 3.9494344 0.0039494344 3.55928144
835 2972 3.94923052 0.00394923052 3.55928144
835 2972 3.94943277 0.00394943277 3.55928144
835 2972 3.94946094 0.00394946094 3.55928144
835 2972 3.94953154 0.00394953154 3.55928144
835 2972 3.94954261 0.00394954261 3.55928144
835 2972 3.94954334 0.00394954334 3.55928144
834 2968 3.93689886 0.00393689886 3.558753
834 2968 3.93693254 0.00393693254 3.558753
834 2968 3.93680407 0.00393680407 3.558753
834 2968 3.93687249 0.00393687249 3.558753
834 2968 3.93681455 0.00393681455 3.558753
834 2968 3.93652513 0.00393652513 3.558753
834 2966 3.93673337 0.00393673337 3.55635492
834 2966 3.93673748 0.00393673748 3.55635492
834 2966 3.93669779 0.00393669779 3.55635492
834 2968 3.93667116 0.00393667116 3.558753
833 2962 3.92432825 0.00392432825 3.55582233
833 2955 3.92435565 0.00392435565 3.54741897
833 2957 3.92562503 0.00392562503 3.54981993
833 2966 3.94037274 0.00394037274 3.56062425
833 2969 3.94172281 0.00394172281 3.56422569
833 2966 3.94667943 0.00394667943 3.56062425
833 2961 3.94751695 0.00394751695 3.55462185
833 2961 3.94746528 0.00394746528 3.55462185
833 2961 3.94758 0.00394758 3.55462185
833 2961 3.94730401 0.00394730401 3.55462185
832 2952 3.93626788 0.00393626788 3.54807692
832 2956 3.93628333 0.00393628333 3.55288462
832 2952 3.9363369 0.0039363369 3.54807692
832 2952 3.93617534 0.00393617534 3.54807692
832 2952 3.9363001 0.0039363001 3.54807692
832 2952 3.93637215 0.00393637215 3.54807692
832 2952 3.93633381 0.00393633381 3.54807692
832 2952 3.93634193 0.00393634193 3.54807692
832 2952 3.93630536 0.00393630536 3.54807692
832 2952 3.93631787 0.00393631787 3.54807692
831 2947 3.92521696 0.00392521696 3.54632972
831 2947 3.92525356 0.00392525356 3.54632972
831 2947 3.92515602 0.00392515602 3.54632972
831 2947 3.92507477 0.00392507477 3.54632972
831 2947 3.92516255 0.00392516255 3.54632972
831 2947 3.92516356 0.00392516356 3.54632972
831 2947 3.92517483 0.00392517483 3.54632972
831 2947 3.92515089 0.00392515089 3.54632972
831 2947 3.92516292 0.00392516292 3.54632972
831 2947 3.92513828 0.00392513828 3.54632972
830 2939 3.91381315 0.00391381315 3.54096386
830 2939 3.91386348 0.00391386348 3.54096386
830 2939 3.91373313 0.00391373313 3.54096386
830 2939 3.91392908 0.00391392908 3.54096386
830 2939 3.91376017 0.00391376017 3.54096386
830 2939 3.91391938 0.00391391938 3.54096386
830 2939 3.91375665 0.00391375665 3.54096386
830 2939 3.91391586 0.00391391586 3.54096386
830 2939 3.91375528 0.00391375528 3.54096386
830 2939 3.91392126 0.00391392126 3.54096386
829 2931 3.90235508 0.00390235508 3.53558504
829 2931 3.9023806 0.0039023806 3.53558504
829 2931 3.90236928 0.00390236928 3.53558504
829 2931 3.90236724 0.00390236724 3.53558504
829 2931 3.90234011 0.00390234011 3.53558504
829 2931 3.90244337 0.00390244337 3.53558504
829 2933 3.90231462 0.00390231462 3.53799759
829 2933 3.90234071 0.00390234071 3.53799759
829 2933 3.90229564 0.00390229564 3.53799759
829 2931 3.90235314 0.00390235314 3.53558504
828 2922 3.89096241 0.00389096241 3.52898551
828 2922 3.89075018 0.00389075018 3.52898551
828 2922 3.89085506 0.00389085506 3.52898551
828 2922 3.89082416 0.00389082416 3.52898551
828 2922 3.89083803 0.00389083803 3.52898551
828 2924 3.89088851 0.00389088851 3.53140097
828 2922 3.89081962 0.00389081962 3.52898551
828 2924 3.89079777 0.00389079777 3.53140097
828 2922 3.89080141 0.00389080141 3.52898551
828 2924 3.89081263 0.00389081263 3.53140097
827 2916 3.87979306 0.00387979306 3.52599758
827 2914 3.87967738 0.00387967738 3.5235792
827 2916 3.8794459 0.0038794459 3.52599758
827 2916 3.87951518 0.00387951518 3.52599758
827 2916 3.87969852 0.00387969852 3.52599758
827 2914 3.87964164 0.00387964164 3.5235792
827 2916 3.87968407 0.00387968407 3.52599758
827 2916 3.87952022 0.00387952022 3.52599758
827 2916 3.8797421 0.0038797421 3.52599758
827 2916 3.87961517 0.00387961517 3.52599758
826 2908 3.86842489 0.00386842489 3.52058111
826 2908 3.86841281 0.00386841281 3.52058111
826 2908 3.86852317 0.00386852317 3.52058111
826 2908 3.86854092 0.00386854092 3.52058111
826 2908 3.86854246 0.00386854246 3.52058111
826 2908 3.86853264 0.00386853264 3.52058111
826 2908 3.86852716 0.00386852716 3.52058111
826 2908 3.86853266 0.00386853266 3.52058111
826 2908 3.86853021 0.00386853021 3.52058111
826 2908 3.86852861 0.00386852861 3.52058111
825 2904 3.85704058 0.00385704058 3.52
825 2904 3.85694183 0.00385694183 3.52
825 2901 3.85685637 0.00385685637 3.51636364
825 2904 3.85698601 0.00385698601 3.52
825 2908 3.86324535 0.00386324535 3.52484848
825 2912 3.86833503 0.00386833503 3.52969697
825 2912 3.86833918 0.00386833918 3.52969697
825 2912 3.86834467 0.00386834467 3.52969697
825 2912 3.86835446 0.00386835446 3.52969697
825 2912 3.86833935 0.00386833935 3.52969697
824 2904 3.85743946 0.00385743946 3.52427184
824 2904 3.85737461 0.00385737461 3.52427184
824 2904 3.85736403 0.00385736403 3.52427184
824 2904 3.85744105 0.00385744105 3.52427184
824 2904 3.85736065 0.00385736065 3.52427184
824 2904 3.85734361 0.00385734361 3.52427184
824 2904 3.85736263 0.00385736263 3.52427184
824 2908 3.8571072 0.0038571072 3.52912621
824 2904 3.8573616 0.0038573616 3.52427184
824 2904 3.85733624 0.00385733624 3.52427184
823 2896 3.84629831 0.00384629831 3.51883354
823 2896 3.84627283 0.00384627283 3.51883354
823 2896 3.8463483 0.0038463483 3.51883354
823 2896 3.84627157 0.00384627157 3.51883354
823 2900 3.84619632 0.00384619632 3.5236938
823 2900 3.84613327 0.00384613327 3.5236938
823 2896 3.84627848 0.00384627848 3.51883354
823 2896 3.84630789 0.00384630789 3.51883354
823 2900 3.84617433 0.00384617433 3.5236938
823 2900 3.84613816 0.00384613816 3.5236938
822 2892 3.83519191 0.00383519191 3.51824818
822 2892 3.8350192 0.0038350192 3.51824818
822 2892 3.83501167 0.00383501167 3.51824818
822 2892 3.83498093 0.00383498093 3.51824818
822 2893 3.83501824 0.00383501824 3.51946472
822 2894 3.84352255 0.00384352255 3.52068127
822 2893 3.84775977 0.00384775977 3.51946472
822 2893 3.84783575 0.00384783575 3.51946472
822 2893 3.84787299 0.00384787299 3.51946472
822 2893 3.84788565 0.00384788565 3.51946472
821 2885 3.83714607 0.00383714607 3.51400731
821 2885 3.83723986 0.00383723986 3.51400731
821 2885 3.83712519 0.00383712519 3.51400731
821 2885 3.83713659 0.00383713659 3.51400731
821 2885 3.83715444 0.00383715444 3.51400731
821 2885 3.83717399 0.00383717399 3.51400731
821 2885 3.83718817 0.00383718817 3.51400731
821 2885 3.83718172 0.00383718172 3.51400731
821 2885 3.83704575 0.00383704575 3.51400731
821 2885 3.83701772 0.00383701772 3.51400731
820 2881 3.82625136 0.00382625136 3.51341463
820 2877 3.82623708 0.00382623708 3.50853659
820 2877 3.82623136 0.00382623136 3.50853659
820 2881 3.82622165 0.00382622165 3.51341463
820 2880 3.82598798 0.00382598798 3.51219512
820 2877 3.82658473 0.00382658473 3.50853659
820 2881 3.82614101 0.00382614101 3.51341463
820 2877 3.82618443 0.00382618443 3.50853659
820 2880 3.82611369 0.00382611369 3.51219512
820 2881 3.82621357 0.00382621357 3.51341463
819 2873 3.81527385 0.00381527385 3.50793651
819 2873 3.81519309 0.00381519309 3.50793651
819 2873 3.81521804 0.00381521804 3.50793651
819 2873 3.81520129 0.00381520129 3.50793651
819 2873 3.81519052 0.00381519052 3.50793651
819 2873 3.81519398 0.00381519398 3.50793651
819 2873 3.81519173 0.00381519173 3.50793651
819 2873 3.81518939 0.00381518939 3.50793651
819 2873 3.81519316 0.00381519316 3.50793651
819 2873 3.81519134 0.00381519134 3.50793651
818 2868 3.80392049 0.00380392049 3.50611247
818 2868 3.80406646 0.00380406646 3.50611247
818 2868 3.80396583 0.00380396583 3.50611247
818 2871 3.80387831 0.00380387831 3.50977995
818 2868 3.80402361 0.00380402361 3.50611247
818 2868 3.80397534 0.00380397534 3.50611247
818 2868 3.80396008 0.00380396008 3.50611247
818 2868 3.80397453 0.00380397453 3.50611247
818 2868 3.80399889 0.00380399889 3.50611247
818 2868 3.80400994 0.00380400994 3.50611247
817 2863 3.79285283 0.00379285283 3.50428397
817 2862 3.79290023 0.00379290023 3.50305998
817 2863 3.79284376 0.00379284376 3.50428397
817 2862 3.79277763 0.00379277763 3.50305998
817 2862 3.7926828 0.0037926828 3.50305998
817 2863 3.79267095 0.00379267095 3.50428397
817 2862 3.79302612 0.00379302612 3.50305998
817 2862 3.7927441 0.0037927441 3.50305998
817 2863 3.79270913 0.00379270913 3.50428397
817 2863 3.79266745 0.00379266745 3.50428397
816 2858 3.78204151 0.00378204151 3.50245098
816 2857 3.7817668 0.0037817668 3.50122549
816 2858 3.78187008 0.00378187008 3.50245098
816 2858 3.78176556 0.00378176556 3.50245098
816 2857 3.78177534 0.00378177534 3.50122549
816 2858 3.78187143 0.00378187143 3.50245098
816 2858 3.78183889 0.00378183889 3.50245098
816 2857 3.78180121 0.00378180121 3.50122549
816 2858 3.78190233 0.00378190233 3.50245098
816 2857 3.78166267 0.00378166267 3.50122549
815 2853 3.77086023 0.00377086023 3.5006135
815 2853 3.77081676 0.00377081676 3.5006135
815 2853 3.77074056 0.00377074056 3.5006135
815 2853 3.77089429 0.00377089429 3.5006135
815 2853 3.77081641 0.00377081641 3.5006135
815 2853 3.7708383 0.0037708383 3.5006135
815 2853 3.77095265 0.00377095265 3.5006135
815 2853 3.7707755 0.0037707755 3.5006135
815 2853 3.77079204 0.00377079204 3.5006135
815 2853 3.77083166 0.00377083166 3.5006135
814 2845 3.75949399 0.00375949399 3.495086
814 2848 3.75970912 0.00375970912 3.4987715
814 2845 3.75954664 0.00375954664 3.495086
814 2848 3.75967271 0.00375967271 3.4987715
814 2848 3.75970052 0.00375970052 3.4987715
814 2848 3.759758 0.003759758 3.4987715
814 2848 3.75972269 0.00375972269 3.4987715
814 2848 3.75985904 0.00375985904 3.4987715
814 2848 3.7597434 0.0037597434 3.4987715
814 2848 3.75984262 0.00375984262 3.4987715
813 2840 3.74874015 0.00374874015 3.49323493
813 2838 3.75937712 0.00375937712 3.49077491
813 2838 3.75952697 0.00375952697 3.49077491
813 2838 3.75950572 0.00375950572 3.49077491
813 2838 3.7593958 0.0037593958 3.49077491
813 2838 3.75959621 0.00375959621 3.49077491
813 2838 3.75946241 0.00375946241 3.49077491
813 2838 3.75965956 0.00375965956 3.49077491
813 2838 3.75994421 0.00375994421 3.49077491
813 2838 3.75963456 0.00375963456 3.49077491
812 2830 3.74837267 0.00374837267 3.48522167
812 2833 3.74863744 0.00374863744 3.48891626
812 2833 3.74864116 0.00374864116 3.48891626
812 2833 3.74860514 0.00374860514 3.48891626
812 2833 3.74848271 0.00374848271 3.48891626
812 2833 3.74854533 0.00374854533 3.48891626
812 2833 3.74861401 0.00374861401 3.48891626
812 2833 3.74861407 0.00374861407 3.48891626
812 2833 3.74859378 0.00374859378 3.48891626
812 2833 3.74857629 0.00374857629 3.48891626
811 2825 3.73755764 0.00373755764 3.48335388
811 2825 3.73748869 0.00373748869 3.48335388
811 2825 3.73751451 0.00373751451 3.48335388
811 2825 3.7374998 0.0037374998 3.48335388
811 2825 3.73771688 0.00373771688 3.48335388
811 2825 3.73763213 0.00373763213 3.48335388
811 2825 3.73735869 0.00373735869 3.48335388
811 2825 3.73744422 0.00373744422 3.48335388
811 2825 3.73741689 0.00373741689 3.48335388
811 2825 3.73744879 0.00373744879 3.48335388
810 2821 3.72606433 0.00372606433 3.48271605
810 2821 3.72634504 0.00372634504 3.48271605
810 2817 3.72612109 0.00372612109 3.47777778
810 2818 3.73444389 0.00373444389 3.47901235
810 2821 3.73447862 0.00373447862 3.48271605
810 2818 3.73453 0.00373453 3.47901235
810 2821 3.73438963 0.00373438963 3.48271605
810 2818 3.73444017 0.00373444017 3.47901235
810 2821 3.7343075 0.0037343075 3.48271605
810 2818 3.73439047 0.00373439047 3.47901235
809 2813 3.72336102 0.00372336102 3.47713226
809 2813 3.72320605 0.00372320605 3.47713226
809 2813 3.72328446 0.00372328446 3.47713226
809 2813 3.72305791 0.00372305791 3.47713226
809 2813 3.72330219 0.00372330219 3.47713226
809 2810 3.72305704 0.00372305704 3.47342398
809 2813 3.7232515 0.0037232515 3.47713226
809 2813 3.72352017 0.00372352017 3.47713226
809 2813 3.72343438 0.00372343438 3.47713226
809 2813 3.72315118 0.00372315118 3.47713226
808 2809 3.71177501 0.00371177501 3.47648515
808 2805 3.7121948 0.0037121948 3.47153465
808 2805 3.71204383 0.00371204383 3.47153465
808 2805 3.71202995 0.00371202995 3.47153465
808 2805 3.71185099 0.00371185099 3.47153465
808 2805 3.7121044 0.0037121044 3.47153465
808 2805 3.71232721 0.00371232721 3.47153465
808 2805 3.71182848 0.00371182848 3.47153465
808 2805 3.71201535 0.00371201535 3.47153465
808 2805 3.71176735 0.00371176735 3.47153465
807 2801 3.70056846 0.00370056846 3.4708798
807 2801 3.70109153 0.00370109153 3.4708798
807 2798 3.70071187 0.00370071187 3.46716233
807 2801 3.70085218 0.00370085218 3.4708798
807 2801 3.70094548 0.00370094548 3.4708798
807 2801 3.70089148 0.00370089148 3.4708798
807 2801 3.70092922 0.00370092922 3.4708798
807 2801 3.70092037 0.00370092037 3.4708798
807 2801 3.70084244 0.00370084244 3.4708798
807 2801 3.70084956 0.00370084956 3.4708798
806 2794 3.68963009 0.00368963009 3.46650124
806 2794 3.68989448 0.00368989448 3.46650124
806 2794 3.68965267 0.00368965267 3.46650124
806 2794 3.68957749 0.00368957749 3.46650124
806 2794 3.68967067 0.00368967067 3.46650124
806 2794 3.68979994 0.00368979994 3.46650124
806 2794 3.6896605 0.0036896605 3.46650124
806 2794 3.68963677 0.00368963677 3.46650124
806 2794 3.68965261 0.00368965261 3.46650124
806 2794 3.68966542 0.00368966542 3.46650124
805 2787 3.67821551 0.00367821551 3.4621118
805 2785 3.68448248 0.00368448248 3.45962733
805 2786 3.68433855 0.00368433855 3.46086957
805 2785 3.684365 0.003684365 3.45962733
805 2786 3.6844329 0.0036844329 3.46086957
805 2785 3.68434503 0.00368434503 3.45962733
805 2788 3.68434897 0.00368434897 3.46335404
805 2788 3.68440859 0.00368440859 3.46335404
805 2785 3.68437104 0.00368437104 3.45962733
805 2785 3.68424469 0.00368424469 3.45962733
804 2781 3.6734842 0.0036734842 3.45895522
804 2781 3.67351565 0.00367351565 3.45895522
804 2781 3.67333889 0.00367333889 3.45895522
804 2781 3.67315679 0.00367315679 3.45895522
804 2781 3.67333675 0.00367333675 3.45895522
804 2781 3.67330773 0.00367330773 3.45895522
804 2781 3.67303702 0.00367303702 3.45895522
804 2781 3.67371828 0.00367371828 3.45895522
804 2781 3.67370426 0.00367370426 3.45895522
804 2781 3.67340097 0.00367340097 3.45895522
803 2772 3.66186405 0.00366186405 3.45205479
803 2772 3.66216897 0.00366216897 3.45205479
803 2772 3.66210313 0.00366210313 3.45205479
803 2772 3.66180684 0.00366180684 3.45205479
803 2772 3.6619939 0.0036619939 3.45205479
803 2772 3.66202897 0.00366202897 3.45205479
803 2772 3.66211474 0.00366211474 3.45205479
803 2772 3.66186076 0.00366186076 3.45205479
803 2772 3.66200053 0.00366200053 3.45205479
803 2772 3.6619468 0.0036619468 3.45205479
802 2767 3.6503664 0.0036503664 3.45012469
802 2767 3.6502141 0.0036502141 3.45012469
802 2767 3.65028798 0.00365028798 3.45012469
802 2766 3.65008333 0.00365008333 3.44887781
802 2766 3.65014531 0.00365014531 3.44887781
802 2767 3.65042741 0.00365042741 3.45012469
802 2767 3.65039467 0.00365039467 3.45012469
802 2766 3.65019216 0.00365019216 3.44887781
802 2766 3.65015729 0.00365015729 3.44887781
802 2767 3.65036792 0.00365036792 3.45012469
801 2763 3.63883159 0.00363883159 3.4494382
801 2763 3.6387435 0.0036387435 3.4494382
801 2758 3.63958974 0.00363958974 3.443196
801 2753 3.63944144 0.00363944144 3.43695381
801 2758 3.63929339 0.00363929339 3.443196
801 2751 3.6392759 0.0036392759 3.43445693
801 2758 3.63944627 0.00363944627 3.443196
801 2755 3.63945371 0.00363945371 3.43945069
801 2758 3.63941576 0.00363941576 3.443196
801 2753 3.63922796 0.00363922796 3.43695381
800 2746 3.62901924 0.00362901924 3.4325
800 2746 3.62895669 0.00362895669 3.4325
800 2746 3.62884907 0.00362884907 3.4325
800 2746 3.62882779 0.00362882779 3.4325
800 2746 3.62882741 0.00362882741 3.4325
800 2746 3.62883881 0.00362883881 3.4325
800 2746 3.62884824 0.00362884824 3.4325
800 2746 3.62885456 0.00362885456 3.4325
800 2746 3.62886094 0.00362886094 3.4325
800 2746 3.62886284 0.00362886284 3.4325
799 2739 3.61770487 0.00361770487 3.42803504
799 2739 3.61822466 0.00361822466 3.42803504
799 2737 3.61821918 0.00361821918 3.42553191
799 2740 3.61824064 0.00361824064 3.42928661
799 2739 3.61826463 0.00361826463 3.42803504
799 2740 3.6183627 0.0036183627 3.42928661
799 2740 3.6181189 0.0036181189 3.42928661
799 2739 3.61824509 0.00361824509 3.42803504
799 2740 3.61837683 0.00361837683 3.42928661
799 2737 3.61808701 0.00361808701 3.42553191
798 2732 3.60787514 0.00360787514 3.4235589
798 2732 3.60792058 0.00360792058 3.4235589
798 2732 3.60762809 0.00360762809 3.4235589
798 2732 3.60779196 0.00360779196 3.4235589
798 2732 3.60755643 0.00360755643 3.4235589
798 2732 3.60774225 0.00360774225 3.4235589
798 2732 3.60751074 0.00360751074 3.4235589
798 2732 3.60785833 0.00360785833 3.4235589
798 2732 3.60775149 0.00360775149 3.4235589
798 2732 3.60781028 0.00360781028 3.4235589
797 2721 3.59673522 0.00359673522 3.4140527
797 2721 3.59866554 0.00359866554 3.4140527
797 2717 3.60481544 0.00360481544 3.40903388
797 2719 3.60516646 0.00360516646 3.41154329
797 2719 3.60508527 0.00360508527 3.41154329
797 2718 3.6051724 0.0036051724 3.41028858
797 2724 3.6052261 0.0036052261 3.41781681
797 2724 3.60517432 0.00360517432 3.41781681
797 2724 3.60524699 0.00360524699 3.41781681
797 2724 3.60516494 0.00360516494 3.41781681
796 2720 3.59472032 0.00359472032 3.41708543
796 2715 3.5948553 0.0035948553 3.41080402
796 2714 3.59502315 0.00359502315 3.40954774
796 2714 3.59485658 0.00359485658 3.40954774
796 2720 3.59505838 0.00359505838 3.41708543
796 2720 3.59491178 0.00359491178 3.41708543
796 2717 3.59484999 0.00359484999 3.41331658
796 2720 3.59505617 0.00359505617 3.41708543
796 2714 3.59496962 0.00359496962 3.40954774
796 2715 3.59477202 0.00359477202 3.41080402
795 2710 3.58477231 0.00358477231 3.40880503
795 2707 3.58472014 0.00358472014 3.40503145
795 2710 3.58468179 0.00358468179 3.40880503
795 2710 3.58475547 0.00358475547 3.40880503
795 2710 3.58471189 0.00358471189 3.40880503
795 2710 3.58472692 0.00358472692 3.40880503
795 2710 3.58467712 0.00358467712 3.40880503
795 2710 3.58471326 0.00358471326 3.40880503
795 2710 3.58471157 0.00358471157 3.40880503
795 2710 3.58471648 0.00358471648 3.40880503
794 2703 3.57446156 0.00357446156 3.40428212
794 2703 3.57448468 0.00357448468 3.40428212
794 2703 3.57456992 0.00357456992 3.40428212
794 2703 3.57443353 0.00357443353 3.40428212
794 2703 3.57455106 0.00357455106 3.40428212
794 2703 3.57468564 0.00357468564 3.40428212
794 2703 3.57470687 0.00357470687 3.40428212
794 2703 3.5746754 0.0035746754 3.40428212
794 2703 3.57466787 0.00357466787 3.40428212
794 2703 3.57460811 0.00357460811 3.40428212
793 2694 3.56375302 0.00356375302 3.39722573
793 2694 3.56374618 0.00356374618 3.39722573
793 2694 3.56376773 0.00356376773 3.39722573
793 2701 3.56334013 0.00356334013 3.40605296
793 2694 3.56387089 0.00356387089 3.39722573
793 2694 3.56374392 0.00356374392 3.39722573
793 2694 3.56368568 0.00356368568 3.39722573
793 2701 3.56340132 0.00356340132 3.40605296
793 2694 3.56383011 0.00356383011 3.39722573
793 2694 3.56370389 0.00356370389 3.39722573
792 2692 3.55278245 0.00355278245 3.3989899
792 2692 3.55272928 0.00355272928 3.3989899
792 2689 3.55271087 0.00355271087 3.39520202
792 2689 3.55266829 0.00355266829 3.39520202
792 2689 3.55265497 0.00355265497 3.39520202
792 2689 3.5526654 0.0035526654 3.39520202
792 2689 3.5526917 0.0035526917 3.39520202
792 2689 3.55269199 0.00355269199 3.39520202
792 2689 3.55268406 0.00355268406 3.39520202
792 2689 3.55268024 0.00355268024 3.39520202
791 2683 3.5423145 0.0035423145 3.39190898
791 2683 3.54215826 0.00354215826 3.39190898
791 2683 3.54234131 0.00354234131 3.39190898
791 2683 3.54226818 0.00354226818 3.39190898
791 2683 3.54222502 0.00354222502 3.39190898
791 2683 3.54228604 0.00354228604 3.39190898
791 2683 3.54226112 0.00354226112 3.39190898
791 2683 3.54221284 0.00354221284 3.39190898
791 2683 3.54227397 0.00354227397 3.39190898
791 2683 3.54225642 0.00354225642 3.39190898
790 2676 3.53144775 0.00353144775 3.38734177
790 2674 3.53192966 0.00353192966 3.38481013
790 2674 3.53232564 0.00353232564 3.38481013
790 2674 3.53349173 0.00353349173 3.38481013
790 2674 3.53351568 0.00353351568 3.38481013
790 2674 3.53359908 0.00353359908 3.38481013
790 2674 3.53368984 0.00353368984 3.38481013
790 2671 3.53345578 0.00353345578 3.38101266
790 2674 3.53348917 0.00353348917 3.38481013
790 2671 3.53329272 0.00353329272 3.38101266
789 2667 3.52377396 0.00352377396 3.38022814
789 2667 3.52373221 0.00352373221 3.38022814
789 2667 3.52369591 0.00352369591 3.38022814
789 2667 3.52371282 0.00352371282 3.38022814
789 2667 3.52375417 0.00352375417 3.38022814
789 2667 3.52368077 0.00352368077 3.38022814
789 2667 3.52366268 0.00352366268 3.38022814
789 2667 3.52374409 0.00352374409 3.38022814
789 2667 3.52379493 0.00352379493 3.38022814
789 2667 3.52381268 0.00352381268 3.38022814
788 2663 3.51377776 0.00351377776 3.37944162
788 2663 3.51366704 0.00351366704 3.37944162
788 2663 3.51365857 0.00351365857 3.37944162
788 2663 3.51364449 0.00351364449 3.37944162
788 2663 3.51364414 0.00351364414 3.37944162
788 2663 3.51364363 0.00351364363 3.37944162
788 2663 3.51364444 0.00351364444 3.37944162
788 2663 3.51364094 0.00351364094 3.37944162
788 2663 3.51363978 0.00351363978 3.37944162
788 2663 3.51363967 0.00351363967 3.37944162
787 2658 3.50373092 0.00350373092 3.37738247
787 2658 3.50379184 0.00350379184 3.37738247
787 2658 3.50372702 0.00350372702 3.37738247
787 2658 3.50377912 0.00350377912 3.37738247
787 2658 3.50379122 0.00350379122 3.37738247
787 2658 3.50376259 0.00350376259 3.37738247
787 2658 3.50373163 0.00350373163 3.37738247
787 2658 3.50371608 0.00350371608 3.37738247
787 2658 3.5037126 0.0035037126 3.37738247
787 2658 3.50371241 0.00350371241 3.37738247
786 2656 3.49316534 0.00349316534 3.37913486
786 2656 3.49317555 0.00349317555 3.37913486
786 2656 3.49322274 0.00349322274 3.37913486
786 2656 3.4932462 0.0034932462 3.37913486
786 2656 3.49309177 0.00349309177 3.37913486
786 2651 3.49328192 0.00349328192 3.37277354
786 2651 3.49327112 0.00349327112 3.37277354
786 2651 3.49320898 0.00349320898 3.37277354
786 2651 3.49327135 0.00349327135 3.37277354
786 2651 3.49323558 0.00349323558 3.37277354
785 2642 3.48246964 0.00348246964 3.3656051
785 2646 3.48264994 0.00348264994 3.37070064
785 2649 3.48259731 0.00348259731 3.37452229
785 2642 3.48243666 0.00348243666 3.3656051
785 2646 3.482633 0.003482633 3.37070064
785 2649 3.48257974 0.00348257974 3.37452229
785 2642 3.48250368 0.00348250368 3.3656051
785 2646 3.48254957 0.00348254957 3.37070064
785 2649 3.48256046 0.00348256046 3.37452229
785 2649 3.48251893 0.00348251893 3.37452229
784 2640 3.47200316 0.00347200316 3.36734694
784 2637 3.47177011 0.00347177011 3.36352041
784 2640 3.47182125 0.00347182125 3.36734694
784 2644 3.47184125 0.00347184125 3.37244898
784 2637 3.47182619 0.00347182619 3.36352041
784 2644 3.47198258 0.00347198258 3.37244898
784 2644 3.4718573 0.0034718573 3.37244898
784 2637 3.47182456 0.00347182456 3.36352041
784 2644 3.47199289 0.00347199289 3.37244898
784 2637 3.47181042 0.00347181042 3.36352041
783 2635 3.46132813 0.00346132813 3.36526181
783 2635 3.46120501 0.00346120501 3.36526181
783 2635 3.46121738 0.00346121738 3.36526181
783 2635 3.4611946 0.0034611946 3.36526181
783 2635 3.46121042 0.00346121042 3.36526181
783 2635 3.46121811 0.00346121811 3.36526181
783 2635 3.46122329 0.00346122329 3.36526181
783 2635 3.46122388 0.00346122388 3.36526181
783 2635 3.46122108 0.00346122108 3.36526181
783 2635 3.46122121 0.00346122121 3.36526181
782 2628 3.45032281 0.00345032281 3.36061381
782 2628 3.45027224 0.00345027224 3.36061381
782 2626 3.44991698 0.00344991698 3.35805627
782 2625 3.45016854 0.00345016854 3.35677749
782 2625 3.45029268 0.00345029268 3.35677749
782 2629 3.45031447 0.00345031447 3.36189258
782 2629 3.45021793 0.00345021793 3.36189258
782 2625 3.45027967 0.00345027967 3.35677749
782 2629 3.45027715 0.00345027715 3.36189258
782 2626 3.45019108 0.00345019108 3.35805627
781 2621 3.43960266 0.00343960266 3.35595391
781 2621 3.43956125 0.00343956125 3.35595391
781 2621 3.43956678 0.00343956678 3.35595391
781 2620 3.43955039 0.00343955039 3.3546735
781 2620 3.43957068 0.00343957068 3.3546735
781 2620 3.43963007 0.00343963007 3.3546735
781 2620 3.43964268 0.00343964268 3.3546735
781 2620 3.43964336 0.00343964336 3.3546735
781 2620 3.43967914 0.00343967914 3.3546735
781 2620 3.43966139 0.00343966139 3.3546735
780 2613 3.42879465 0.00342879465 3.35
780 2612 3.42867006 0.00342867006 3.34871795
780 2612 3.42879479 0.00342879479 3.34871795
780 2613 3.42890284 0.00342890284 3.35
780 2612 3.42876238 0.00342876238 3.34871795
780 2612 3.42880521 0.00342880521 3.34871795
780 2613 3.42892123 0.00342892123 3.35
780 2612 3.42875611 0.00342875611 3.34871795
780 2612 3.42880496 0.00342880496 3.34871795
780 2613 3.42892101 0.00342892101 3.35
779 2605 3.41808241 0.00341808241 3.34403081
779 2605 3.41820039 0.00341820039 3.34403081
779 2605 3.41858134 0.00341858134 3.34403081
779 2605 3.41864034 0.00341864034 3.34403081
779 2605 3.41861095 0.00341861095 3.34403081
779 2605 3.41854825 0.00341854825 3.34403081
779 2605 3.41851877 0.00341851877 3.34403081
779 2605 3.41849927 0.00341849927 3.34403081
779 2605 3.41849567 0.00341849567 3.34403081
779 2605 3.41849755 0.00341849755 3.34403081
778 2599 3.40723145 0.00340723145 3.34061697
778 2600 3.41328575 0.00341328575 3.34190231
778 2600 3.41338913 0.00341338913 3.34190231
778 2599 3.4133433 0.0034133433 3.34061697
778 2599 3.41334812 0.00341334812 3.34061697
778 2599 3.41335344 0.00341335344 3.34061697
778 2600 3.413481 0.003413481 3.34190231
778 2599 3.41335139 0.00341335139 3.34061697
778 2599 3.41336423 0.00341336423 3.34061697
778 2600 3.4134652 0.0034134652 3.34190231
777 2592 3.40248817 0.00340248817 3.33590734
777 2592 3.40242189 0.00340242189 3.33590734
777 2592 3.40249464 0.00340249464 3.33590734
777 2592 3.40256146 0.00340256146 3.33590734
777 2592 3.40258668 0.00340258668 3.33590734
777 2592 3.40259063 0.00340259063 3.33590734
777 2592 3.40259764 0.00340259764 3.33590734
777 2592 3.40259788 0.00340259788 3.33590734
777 2592 3.40259787 0.00340259787 3.33590734
777 2592 3.40259817 0.00340259817 3.33590734
776 2588 3.39143501 0.00339143501 3.33505155
776 2592 3.39224158 0.00339224158 3.34020619
776 2594 3.39970739 0.00339970739 3.34278351
776 2594 3.39969319 0.00339969319 3.34278351
776 2594 3.39967312 0.00339967312 3.34278351
776 2594 3.3996979 0.0033996979 3.34278351
776 2594 3.39966747 0.00339966747 3.34278351
776 2594 3.39965735 0.00339965735 3.34278351
776 2594 3.39970854 0.00339970854 3.34278351
776 2594 3.39966349 0.00339966349 3.34278351
775 2587 3.38879423 0.00338879423 3.33806452
775 2586 3.38865252 0.00338865252 3.33677419
775 2586 3.38876787 0.00338876787 3.33677419
775 2587 3.38890134 0.00338890134 3.33806452
775 2586 3.38875171 0.00338875171 3.33677419
775 2586 3.38877567 0.00338877567 3.33677419
775 2587 3.38892119 0.00338892119 3.33806452
775 2586 3.38874518 0.00338874518 3.33677419
775 2586 3.38877519 0.00338877519 3.33677419
775 2587 3.38892137 0.00338892137 3.33806452
774 2579 3.37803104 0.00337803104 3.33204134
774 2579 3.37804191 0.00337804191 3.33204134
774 2579 3.37805892 0.00337805892 3.33204134
774 2579 3.37793992 0.00337793992 3.33204134
774 2579 3.37805285 0.00337805285 3.33204134
774 2579 3.37799408 0.00337799408 3.33204134
774 2579 3.3780249 0.0033780249 3.33204134
774 2579 3.37804228 0.00337804228 3.33204134
774 2579 3.37803531 0.00337803531 3.33204134
774 2579 3.37803074 0.00337803074 3.33204134
773 2572 3.3669527 0.0033669527 3.32729625
773 2571 3.36905579 0.00336905579 3.32600259
773 2571 3.36909592 0.00336909592 3.32600259
773 2571 3.36901211 0.00336901211 3.32600259
773 2572 3.3690062 0.0033690062 3.32729625
773 2571 3.36905462 0.00336905462 3.32600259
773 2571 3.3690652 0.0033690652 3.32600259
773 2571 3.36909617 0.00336909617 3.32600259
773 2571 3.36903001 0.00336903001 3.32600259
773 2572 3.36900527 0.00336900527 3.32729625
772 2564 3.35828498 0.00335828498 3.32124352
772 2564 3.35833265 0.00335833265 3.32124352
772 2564 3.35844495 0.00335844495 3.32124352
772 2564 3.35833445 0.00335833445 3.32124352
772 2564 3.35834167 0.00335834167 3.32124352
772 2564 3.35825183 0.00335825183 3.32124352
772 2564 3.35835911 0.00335835911 3.32124352
772 2564 3.35828512 0.00335828512 3.32124352
772 2564 3.35829616 0.00335829616 3.32124352
772 2564 3.35831996 0.00335831996 3.32124352
771 2558 3.34720964 0.00334720964 3.31776913
771 2558 3.34709916 0.00334709916 3.31776913
771 2558 3.34743349 0.00334743349 3.31776913
771 2558 3.34739334 0.00334739334 3.31776913
771 2558 3.34738623 0.00334738623 3.31776913
771 2558 3.34740907 0.00334740907 3.31776913
771 2558 3.34739764 0.00334739764 3.31776913
771 2558 3.34734522 0.00334734522 3.31776913
771 2558 3.34739091 0.00334739091 3.31776913
771 2558 3.34712679 0.00334712679 3.31776913
770 2553 3.33571965 0.00333571965 3.31558442
770 2552 3.3367853 0.0033367853 3.31428571
770 2554 3.3456845 0.0033456845 3.31688312
770 2554 3.34552711 0.00334552711 3.31688312
770 2554 3.34551717 0.00334551717 3.31688312
770 2554 3.34555434 0.00334555434 3.31688312
770 2554 3.34554889 0.00334554889 3.31688312
770 2554 3.34556349 0.00334556349 3.31688312
770 2554 3.3455605 0.0033455605 3.31688312
770 2554 3.34556673 0.00334556673 3.31688312
769 2546 3.33492885 0.00333492885 3.31079324
769 2546 3.33509686 0.00333509686 3.31079324
769 2546 3.33512906 0.00333512906 3.31079324
769 2546 3.33505587 0.00333505587 3.31079324
769 2546 3.33507691 0.00333507691 3.31079324
769 2546 3.33501372 0.00333501372 3.31079324
769 2546 3.33499343 0.00333499343 3.31079324
769 2546 3.33507465 0.00333507465 3.31079324
769 2546 3.33500831 0.00333500831 3.31079324
769 2546 3.33501399 0.00333501399 3.31079324
768 2538 3.32377821 0.00332377821 3.3046875
768 2540 3.32431895 0.00332431895 3.30729167
768 2540 3.32413734 0.00332413734 3.30729167
768 2540 3.32428815 0.00332428815 3.30729167
768 2540 3.32435556 0.00332435556 3.30729167
768 2540 3.32425433 0.00332425433 3.30729167
768 2540 3.32426341 0.00332426341 3.30729167
768 2540 3.3242304 0.0033242304 3.30729167
768 2540 3.32429472 0.00332429472 3.30729167
768 2540 3.32400715 0.00332400715 3.30729167
767 2532 3.3128656 0.0033128656 3.3011734
767 2535 3.31266656 0.00331266656 3.30508475
767 2535 3.31260943 0.00331260943 3.30508475
767 2532 3.31302731 0.00331302731 3.3011734
767 2532 3.31285427 0.00331285427 3.3011734
767 2535 3.31284866 0.00331284866 3.30508475
767 2535 3.31263307 0.00331263307 3.30508475
767 2532 3.31290696 0.00331290696 3.3011734
767 2532 3.31299469 0.00331299469 3.3011734
767 2535 3.3127924 0.0033127924 3.30508475
766 2528 3.30082861 0.00330082861 3.3002611
766 2529 3.30507495 0.00330507495 3.30156658
766 2531 3.30589989 0.00330589989 3.30417755
766 2532 3.30572227 0.00330572227 3.30548303
766 2532 3.30595905 0.00330595905 3.30548303
766 2531 3.30585185 0.00330585185 3.30417755
766 2531 3.30574289 0.00330574289 3.30417755
766 2532 3.30572289 0.00330572289 3.30548303
766 2532 3.30593006 0.00330593006 3.30548303
766 2531 3.30578725 0.00330578725 3.30417755
765 2525 3.29512398 0.00329512398 3.30065359
765 2524 3.29540474 0.00329540474 3.29934641
765 2524 3.29532168 0.00329532168 3.29934641
765 2524 3.29524275 0.00329524275 3.29934641
765 2525 3.29527634 0.00329527634 3.30065359
765 2524 3.29536484 0.00329536484 3.29934641
765 2524 3.29524146 0.00329524146 3.29934641
765 2523 3.29514869 0.00329514869 3.29803922
765 2524 3.29520841 0.00329520841 3.29934641
765 2524 3.29507995 0.00329507995 3.29934641
764 2516 3.2843684 0.0032843684 3.29319372
764 2518 3.28451061 0.00328451061 3.29581152
764 2518 3.28449775 0.00328449775 3.29581152
764 2518 3.28477804 0.00328477804 3.29581152
764 2518 3.28469943 0.00328469943 3.29581152
764 2518 3.28475128 0.00328475128 3.29581152
764 2518 3.28479324 0.00328479324 3.29581152
764 2518 3.28484351 0.00328484351 3.29581152
764 2518 3.28477324 0.00328477324 3.29581152
764 2518 3.28480968 0.00328480968 3.29581152
763 2510 3.27373579 0.00327373579 3.28964613
763 2513 3.27341193 0.00327341193 3.29357798
763 2510 3.27359376 0.00327359376 3.28964613
763 2510 3.2737971 0.0032737971 3.28964613
763 2510 3.27366415 0.00327366415 3.28964613
763 2510 3.27353598 0.00327353598 3.28964613
763 2510 3.27350632 0.00327350632 3.28964613
763 2510 3.27352687 0.00327352687 3.28964613
763 2510 3.27352916 0.00327352916 3.28964613
763 2510 3.27353552 0.00327353552 3.28964613
762 2505 3.2623946 0.0032623946 3.28740157
762 2505 3.26234778 0.00326234778 3.28740157
762 2505 3.26225375 0.00326225375 3.28740157
762 2505 3.26231144 0.00326231144 3.28740157
762 2505 3.2623452 0.0032623452 3.28740157
762 2505 3.26234586 0.00326234586 3.28740157
762 2505 3.26235517 0.00326235517 3.28740157
762 2505 3.2623477 0.0032623477 3.28740157
762 2505 3.26234438 0.00326234438 3.28740157
762 2505 3.26234318 0.00326234318 3.28740157
761 2500 3.25057907 0.00325057907 3.28515112
761 2500 3.25060342 0.00325060342 3.28515112
761 2500 3.25066217 0.00325066217 3.28515112
761 2500 3.25080672 0.00325080672 3.28515112
761 2500 3.25087177 0.00325087177 3.28515112
761 2500 3.25087608 0.00325087608 3.28515112
761 2500 3.2509127 0.0032509127 3.28515112
761 2500 3.25049386 0.00325049386 3.28515112
761 2500 3.250728 0.003250728 3.28515112
761 2500 3.25073918 0.00325073918 3.28515112
760 2494 3.23885085 0.00323885085 3.28157895
760 2492 3.23891721 0.00323891721 3.27894737
760 2492 3.23874494 0.00323874494 3.27894737
760 2493 3.23890485 0.00323890485 3.28026316
760 2493 3.23894164 0.00323894164 3.28026316
760 2493 3.23895627 0.00323895627 3.28026316
760 2493 3.23910918 0.00323910918 3.28026316
760 2493 3.23912023 0.00323912023 3.28026316
760 2493 3.23908836 0.00323908836 3.28026316
760 2493 3.23905619 0.00323905619 3.28026316
759 2487 3.22732994 0.00322732994 3.27667984
759 2487 3.2271661 0.0032271661 3.27667984
759 2487 3.22721279 0.00322721279 3.27667984
759 2487 3.22731812 0.00322731812 3.27667984
759 2487 3.22727588 0.00322727588 3.27667984
759 2487 3.22708365 0.00322708365 3.27667984
759 2487 3.22727075 0.00322727075 3.27667984
759 2487 3.22738044 0.00322738044 3.27667984
759 2487 3.22726275 0.00322726275 3.27667984
759 2487 3.22712607 0.00322712607 3.27667984
758 2481 3.2151514 0.0032151514 3.27308707
758 2481 3.21526766 0.00321526766 3.27308707
758 2481 3.21528714 0.00321528714 3.27308707
758 2481 3.21537403 0.00321537403 3.27308707
758 2481 3.21528911 0.00321528911 3.27308707
758 2481 3.21518101 0.00321518101 3.27308707
758 2481 3.21527096 0.00321527096 3.27308707
758 2481 3.21524349 0.00321524349 3.27308707
758 2481 3.21522691 0.00321522691 3.27308707
758 2481 3.21524998 0.00321524998 3.27308707
757 2473 3.2034674 0.0032034674 3.2668428
757 2475 3.2036789 0.0032036789 3.26948481
757 2475 3.20342336 0.00320342336 3.26948481
757 2473 3.2035357 0.0032035357 3.2668428
757 2475 3.20371155 0.00320371155 3.26948481
757 2475 3.20357698 0.00320357698 3.26948481
757 2473 3.20355444 0.00320355444 3.2668428
757 2475 3.20365215 0.00320365215 3.26948481
757 2475 3.20357547 0.00320357547 3.26948481
757 2473 3.20353662 0.00320353662 3.2668428
756 2467 3.19180032 0.00319180032 3.26322751
756 2468 3.19172896 0.00319172896 3.26455026
756 2467 3.19184307 0.00319184307 3.26322751
756 2468 3.19161978 0.00319161978 3.26455026
756 2467 3.19182548 0.00319182548 3.26322751
756 2466 3.19156543 0.00319156543 3.26190476
756 2464 3.19300061 0.00319300061 3.25925926
756 2464 3.19293615 0.00319293615 3.25925926
756 2464 3.19275337 0.00319275337 3.25925926
756 2464 3.19262742 0.00319262742 3.25925926
755 2458 3.18104058 0.00318104058 3.25562914
755 2456 3.18098534 0.00318098534 3.25298013
755 2458 3.18119865 0.00318119865 3.25562914
755 2458 3.18099028 0.00318099028 3.25562914
755 2456 3.18111272 0.00318111272 3.25298013
755 2458 3.18117224 0.00318117224 3.25562914
755 2458 3.18104011 0.00318104011 3.25562914
755 2456 3.18119585 0.00318119585 3.25298013
755 2458 3.18115126 0.00318115126 3.25562914
755 2458 3.18106665 0.00318106665 3.25562914
754 2450 3.16966922 0.00316966922 3.24933687
754 2450 3.16965885 0.00316965885 3.24933687
754 2451 3.16923493 0.00316923493 3.25066313
754 2450 3.16963884 0.00316963884 3.24933687
754 2450 3.16971683 0.00316971683 3.24933687
754 2451 3.16921703 0.00316921703 3.25066313
754 2450 3.16969478 0.00316969478 3.24933687
754 2450 3.16971274 0.00316971274 3.24933687
754 2451 3.1693047 0.0031693047 3.25066313
754 2450 3.16958943 0.00316958943 3.24933687
753 2445 3.1573341 0.0031573341 3.24701195
753 2443 3.15785996 0.00315785996 3.24435591
753 2447 3.1576291 0.0031576291 3.24966799
753 2451 3.15856131 0.00315856131 3.25498008
753 2453 3.16986278 0.00316986278 3.25763612
753 2455 3.17121479 0.00317121479 3.26029216
753 2455 3.1715395 0.0031715395 3.26029216
753 2455 3.171707 0.003171707 3.26029216
753 2456 3.17215277 0.00317215277 3.26162019
753 2456 3.17199969 0.00317199969 3.26162019
752 2448 3.16107167 0.00316107167 3.25531915
752 2449 3.16107943 0.00316107943 3.25664894
752 2449 3.1612027 0.0031612027 3.25664894
752 2449 3.16121725 0.00316121725 3.25664894
752 2449 3.16120381 0.00316120381 3.25664894
752 2449 3.16119998 0.00316119998 3.25664894
752 2449 3.16118515 0.00316118515 3.25664894
752 2449 3.16120806 0.00316120806 3.25664894
752 2449 3.16122093 0.00316122093 3.25664894
752 2449 3.16121769 0.00316121769 3.25664894
751 2441 3.15039944 0.00315039944 3.25033289
751 2441 3.15038849 0.00315038849 3.25033289
751 2441 3.15054765 0.00315054765 3.25033289
751 2444 3.14997026 0.00314997026 3.25432756
751 2444 3.15007779 0.00315007779 3.25432756
751 2444 3.15008604 0.00315008604 3.25432756
751 2444 3.1500982 0.0031500982 3.25432756
751 2444 3.15005823 0.00315005823 3.25432756
751 2444 3.15007616 0.00315007616 3.25432756
751 2441 3.15036593 0.00315036593 3.25033289
750 2436 3.1395342 0.0031395342 3.248
750 2436 3.1391111 0.0031391111 3.248
750 2436 3.1392704 0.0031392704 3.248
750 2436 3.13944059 0.00313944059 3.248
750 2436 3.13921185 0.00313921185 3.248
750 2436 3.13938463 0.00313938463 3.248
750 2436 3.13922993 0.00313922993 3.248
750 2436 3.13934565 0.00313934565 3.248
750 2436 3.13923513 0.00313923513 3.248
750 2436 3.13936566 0.00313936566 3.248
749 2428 3.12796565 0.00312796565 3.24165554
749 2428 3.1280807 0.0031280807 3.24165554
749 2428 3.12798437 0.00312798437 3.24165554
749 2429 3.12777253 0.00312777253 3.24299065
749 2428 3.12803577 0.00312803577 3.24165554
749 2429 3.12808954 0.00312808954 3.24299065
749 2428 3.12805859 0.00312805859 3.24165554
749 2429 3.12799533 0.00312799533 3.24299065
749 2428 3.12800757 0.00312800757 3.24165554
749 2429 3.12798418 0.00312798418 3.24299065
748 2421 3.11678319 0.00311678319 3.23663102
748 2421 3.11683432 0.00311683432 3.23663102
748 2421 3.1167213 0.0031167213 3.23663102
748 2421 3.11683427 0.00311683427 3.23663102
748 2421 3.11678163 0.00311678163 3.23663102
748 2421 3.11666691 0.00311666691 3.23663102
748 2421 3.11664398 0.00311664398 3.23663102
748 2421 3.11659503 0.00311659503 3.23663102
748 2421 3.11659484 0.00311659484 3.23663102
748 2421 3.11659888 0.00311659888 3.23663102
747 2416 3.10506298 0.00310506298 3.23427041
747 2416 3.10929464 0.00310929464 3.23427041
747 2417 3.11843526 0.00311843526 3.2356091
747 2418 3.11845488 0.00311845488 3.23694779
747 2417 3.11849075 0.00311849075 3.2356091
747 2418 3.11838751 0.00311838751 3.23694779
747 2417 3.11834641 0.00311834641 3.2356091
747 2418 3.11840298 0.00311840298 3.23694779
747 2417 3.11836598 0.00311836598 3.2356091
747 2418 3.1184083 0.0031184083 3.23694779
746 2410 3.10731633 0.00310731633 3.230563
746 2413 3.10752924 0.00310752924 3.23458445
746 2415 3.10739555 0.00310739555 3.23726542
746 2415 3.10747124 0.00310747124 3.23726542
746 2415 3.10718715 0.00310718715 3.23726542
746 2413 3.10745879 0.00310745879 3.23458445
746 2412 3.10726156 0.00310726156 3.23324397
746 2413 3.10751833 0.00310751833 3.23458445
746 2412 3.10734539 0.00310734539 3.23324397
746 2413 3.10741646 0.00310741646 3.23458445
745 2405 3.0961347 0.0030961347 3.22818792
745 2408 3.09637741 0.00309637741 3.23221477
745 2408 3.09624573 0.00309624573 3.23221477
745 2405 3.09636094 0.00309636094 3.22818792
745 2405 3.09641124 0.00309641124 3.22818792
745 2408 3.09629626 0.00309629626 3.23221477
745 2405 3.09637011 0.00309637011 3.22818792
745 2405 3.09636393 0.00309636393 3.22818792
745 2408 3.09608972 0.00309608972 3.23221477
745 2407 3.0959779 0.0030959779 3.23087248
744 2400 3.08491687 0.00308491687 3.22580645
744 2400 3.08492153 0.00308492153 3.22580645
744 2400 3.08478392 0.00308478392 3.22580645
744 2405 3.09557525 0.00309557525 3.23252688
744 2406 3.09598042 0.00309598042 3.23387097
744 2405 3.09552662 0.00309552662 3.23252688
744 2406 3.09589134 0.00309589134 3.23387097
744 2406 3.09590939 0.00309590939 3.23387097
744 2406 3.09582563 0.00309582563 3.23387097
744 2406 3.09577494 0.00309577494 3.23387097
743 2398 3.08453528 0.00308453528 3.22745626
743 2400 3.08471887 0.00308471887 3.23014805
743 2400 3.08459235 0.00308459235 3.23014805
743 2399 3.08443807 0.00308443807 3.22880215
743 2400 3.08464065 0.00308464065 3.23014805
743 2399 3.08445807 0.00308445807 3.22880215
743 2400 3.08464501 0.00308464501 3.23014805
743 2400 3.08463346 0.00308463346 3.23014805
743 2399 3.08448073 0.00308448073 3.22880215
743 2400 3.08469001 0.00308469001 3.23014805
742 2392 3.07336157 0.00307336157 3.22371968
742 2392 3.07330141 0.00307330141 3.22371968
742 2392 3.07311866 0.00307311866 3.22371968
742 2392 3.07302213 0.00307302213 3.22371968
742 2392 3.07303495 0.00307303495 3.22371968
742 2392 3.07301176 0.00307301176 3.22371968
742 2392 3.07294907 0.00307294907 3.22371968
742 2392 3.07290807 0.00307290807 3.22371968
742 2392 3.07286089 0.00307286089 3.22371968
742 2392 3.0728326 0.0030728326 3.22371968
741 2383 3.06125208 0.00306125208 3.21592443
741 2383 3.07210713 0.00307210713 3.21592443
741 2386 3.07243425 0.00307243425 3.21997301
741 2385 3.0724374 0.0030724374 3.21862348
741 2386 3.07236705 0.00307236705 3.21997301
741 2385 3.07216735 0.00307216735 3.21862348
741 2386 3.07236518 0.00307236518 3.21997301
741 2385 3.07223895 0.00307223895 3.21862348
741 2386 3.07242014 0.00307242014 3.21997301
741 2385 3.07213858 0.00307213858 3.21862348
740 2378 3.06142068 0.00306142068 3.21351351
740 2378 3.06120102 0.00306120102 3.21351351
740 2378 3.06127522 0.00306127522 3.21351351
740 2378 3.06129354 0.00306129354 3.21351351
740 2378 3.06130473 0.00306130473 3.21351351
740 2378 3.06131307 0.00306131307 3.21351351
740 2378 3.06130894 0.00306130894 3.21351351
740 2378 3.06130489 0.00306130489 3.21351351
740 2378 3.06130551 0.00306130551 3.21351351
740 2378 3.06130542 0.00306130542 3.21351351
739 2374 3.04967948 0.00304967948 3.21244926
739 2376 3.05481568 0.00305481568 3.21515562
739 2376 3.05461359 0.00305461359 3.21515562
739 2376 3.05434786 0.00305434786 3.21515562
739 2376 3.05461511 0.00305461511 3.21515562
739 2376 3.05468096 0.00305468096 3.21515562
739 2376 3.05460062 0.00305460062 3.21515562
739 2376 3.05463039 0.00305463039 3.21515562
739 2376 3.05461425 0.00305461425 3.21515562
739 2376 3.05429273 0.00305429273 3.21515562
738 2369 3.04368017 0.00304368017 3.2100271
738 2369 3.04361874 0.00304361874 3.2100271
738 2369 3.04385802 0.00304385802 3.2100271
738 2369 3.04355678 0.00304355678 3.2100271
738 2369 3.0436525 0.0030436525 3.2100271
738 2369 3.04372618 0.00304372618 3.2100271
738 2369 3.04373666 0.00304373666 3.2100271
738 2369 3.04375701 0.00304375701 3.2100271
738 2369 3.04361575 0.00304361575 3.2100271
738 2369 3.04366867 0.00304366867 3.2100271
737 2366 3.0321076 0.0030321076 3.21031208
737 2364 3.03199817 0.00303199817 3.20759837
737 2366 3.03217484 0.00303217484 3.21031208
737 2364 3.03214849 0.00303214849 3.20759837
737 2366 3.03220787 0.00303220787 3.21031208
737 2364 3.03221085 0.00303221085 3.20759837
737 2361 3.03223212 0.00303223212 3.20352782
737 2361 3.03221433 0.00303221433 3.20352782
737 2361 3.0323108 0.0030323108 3.20352782
737 2361 3.03228796 0.00303228796 3.20352782
736 2358 3.02084417 0.00302084417 3.20380435
736 2358 3.02085161 0.00302085161 3.20380435
736 2358 3.02065787 0.00302065787 3.20380435
736 2358 3.02107163 0.00302107163 3.20380435
736 2358 3.02092136 0.00302092136 3.20380435
736 2358 3.02063458 0.00302063458 3.20380435
736 2358 3.02078712 0.00302078712 3.20380435
736 2358 3.02068893 0.00302068893 3.20380435
736 2358 3.02081996 0.00302081996 3.20380435
736 2358 3.02083866 0.00302083866 3.20380435
735 2353 3.0091691 0.0030091691 3.20136054
735 2353 3.00930578 0.00300930578 3.20136054
735 2353 3.00922611 0.00300922611 3.20136054
735 2351 3.01052531 0.00301052531 3.19863946
735 2351 3.01026576 0.00301026576 3.19863946
735 2351 3.01063949 0.00301063949 3.19863946
735 2351 3.01043133 0.00301043133 3.19863946
735 2351 3.01027196 0.00301027196 3.19863946
735 2351 3.01079332 0.00301079332 3.19863946
735 2351 3.01065048 0.00301065048 3.19863946
734 2341 2.99941809 0.00299941809 3.1893733
734 2348 2.99992082 0.00299992082 3.19891008
734 2341 2.99896259 0.00299896259 3.1893733
734 2341 2.99940112 0.00299940112 3.1893733
734 2348 2.9997796 0.0029997796 3.19891008
734 2341 2.99911536 0.00299911536 3.1893733
734 2341 2.99934771 0.00299934771 3.1893733
734 2348 2.99978783 0.00299978783 3.19891008
734 2341 2.99915198 0.00299915198 3.1893733
734 2341 2.99933491 0.00299933491 3.1893733
733 2338 2.98838532 0.00298838532 3.18963165
733 2338 2.98862324 0.00298862324 3.18963165
733 2338 2.98840384 0.00298840384 3.18963165
733 2338 2.98835972 0.00298835972 3.18963165
733 2338 2.98844308 0.00298844308 3.18963165
733 2338 2.98839192 0.00298839192 3.18963165
733 2338 2.98833523 0.00298833523 3.18963165
733 2338 2.98844974 0.00298844974 3.18963165
733 2338 2.98834497 0.00298834497 3.18963165
733 2338 2.98843808 0.00298843808 3.18963165
732 2333 2.97674923 0.00297674923 3.18715847
732 2333 2.97692428 0.00297692428 3.18715847
732 2333 2.9769018 0.0029769018 3.18715847
732 2333 2.97695131 0.00297695131 3.18715847
732 2333 2.97678479 0.00297678479 3.18715847
732 2333 2.97680742 0.00297680742 3.18715847
732 2333 2.97696755 0.00297696755 3.18715847
732 2333 2.97679711 0.00297679711 3.18715847
732 2333 2.97679274 0.00297679274 3.18715847
732 2333 2.97696625 0.00297696625 3.18715847
731 2328 2.96519811 0.00296519811 3.18467852
731 2328 2.96517639 0.00296517639 3.18467852
731 2331 2.96534453 0.00296534453 3.18878249
731 2327 2.96508792 0.00296508792 3.18331053
731 2324 2.96610552 0.00296610552 3.17920657
731 2329 2.96575947 0.00296575947 3.18604651
731 2324 2.96594455 0.00296594455 3.17920657
731 2325 2.96617068 0.00296617068 3.18057456
731 2324 2.96614935 0.00296614935 3.17920657
731 2324 2.96605624 0.00296605624 3.17920657
730 2322 2.95515081 0.00295515081 3.18082192
730 2322 2.9551004 0.0029551004 3.18082192
730 2322 2.95517951 0.00295517951 3.18082192
730 2322 2.95516557 0.00295516557 3.18082192
730 2322 2.95515492 0.00295515492 3.18082192
730 2322 2.95515262 0.00295515262 3.18082192
730 2322 2.95515882 0.00295515882 3.18082192
730 2322 2.95515784 0.00295515784 3.18082192
730 2322 2.95515983 0.00295515983 3.18082192
730 2322 2.95516056 0.00295516056 3.18082192
729 2317 2.94383616 0.00294383616 3.17832647
729 2317 2.94382072 0.00294382072 3.17832647
729 2317 2.94388307 0.00294388307 3.17832647
729 2312 2.95428773 0.00295428773 3.17146776
729 2313 2.95406615 0.00295406615 3.17283951
729 2312 2.95427612 0.00295427612 3.17146776
729 2313 2.95417236 0.00295417236 3.17283951
729 2312 2.95415332 0.00295415332 3.17146776
729 2313 2.95413552 0.00295413552 3.17283951
729 2312 2.95417859 0.00295417859 3.17146776
728 2310 2.94337549 0.00294337549 3.17307692
728 2310 2.94341096 0.00294341096 3.17307692
728 2310 2.94349572 0.00294349572 3.17307692
728 2310 2.94344985 0.00294344985 3.17307692
728 2310 2.94351735 0.00294351735 3.17307692
728 2310 2.9433958 0.0029433958 3.17307692
728 2310 2.9435213 0.0029435213 3.17307692
728 2310 2.94339555 0.00294339555 3.17307692
728 2310 2.94352493 0.00294352493 3.17307692
728 2310 2.94339964 0.00294339964 3.17307692
727 2305 2.93210612 0.00293210612 3.17056396
727 2305 2.93210613 0.00293210613 3.17056396
727 2305 2.93220135 0.00293220135 3.17056396
727 2305 2.9320423 0.0029320423 3.17056396
727 2305 2.93198943 0.00293198943 3.17056396
727 2305 2.93216492 0.00293216492 3.17056396
727 2305 2.93218793 0.00293218793 3.17056396
727 2305 2.93203977 0.00293203977 3.17056396
727 2305 2.93215675 0.00293215675 3.17056396
727 2305 2.93195083 0.00293195083 3.17056396
726 2301 2.92055071 0.00292055071 3.16942149
726 2301 2.92883599 0.00292883599 3.16942149
726 2301 2.92890142 0.00292890142 3.16942149
726 2301 2.92891775 0.00292891775 3.16942149
726 2301 2.92881362 0.00292881362 3.16942149
726 2301 2.92891969 0.00292891969 3.16942149
726 2301 2.92888541 0.00292888541 3.16942149
726 2301 2.92888003 0.00292888003 3.16942149
726 2301 2.92887578 0.00292887578 3.16942149
726 2301 2.92887212 0.00292887212 3.16942149
725 2296 2.91756486 0.00291756486 3.16689655
725 2296 2.91764498 0.00291764498 3.16689655
725 2296 2.91749749 0.00291749749 3.16689655
725 2296 2.91757473 0.00291757473 3.16689655
725 2296 2.91764653 0.00291764653 3.16689655
725 2296 2.91766738 0.00291766738 3.16689655
725 2296 2.91767784 0.00291767784 3.16689655
725 2296 2.91766733 0.00291766733 3.16689655
725 2296 2.91765806 0.00291765806 3.16689655
725 2296 2.917647 0.002917647 3.16689655
724 2290 2.90628757 0.00290628757 3.16298343
724 2291 2.90823507 0.00290823507 3.16436464
724 2292 2.91555582 0.00291555582 3.16574586
724 2292 2.91565475 0.00291565475 3.16574586
724 2292 2.91561431 0.00291561431 3.16574586
724 2292 2.91600529 0.00291600529 3.16574586
724 2292 2.91589662 0.00291589662 3.16574586
724 2288 2.91588902 0.00291588902 3.16022099
724 2292 2.91544088 0.00291544088 3.16574586
724 2288 2.91561876 0.00291561876 3.16022099
723 2285 2.90506666 0.00290506666 3.1604426
723 2287 2.90467248 0.00290467248 3.16320885
723 2285 2.90482518 0.00290482518 3.1604426
723 2287 2.90466157 0.00290466157 3.16320885
723 2285 2.90489096 0.00290489096 3.1604426
723 2285 2.90488807 0.00290488807 3.1604426
723 2285 2.90491576 0.00290491576 3.1604426
723 2285 2.90488749 0.00290488749 3.1604426
723 2285 2.90488237 0.00290488237 3.1604426
723 2285 2.90488418 0.00290488418 3.1604426
722 2280 2.89390038 0.00289390038 3.15789474
722 2280 2.89399336 0.00289399336 3.15789474
722 2280 2.89406226 0.00289406226 3.15789474
722 2280 2.89406304 0.00289406304 3.15789474
722 2280 2.89406221 0.00289406221 3.15789474
722 2280 2.89405796 0.00289405796 3.15789474
722 2280 2.8940646 0.0028940646 3.15789474
722 2280 2.89406536 0.00289406536 3.15789474
722 2280 2.89406564 0.00289406564 3.15789474
722 2280 2.89406469 0.00289406469 3.15789474
721 2278 2.88226673 0.00288226673 3.15950069
721 2278 2.88214295 0.00288214295 3.15950069
721 2278 2.88213941 0.00288213941 3.15950069
721 2278 2.8821422 0.0028821422 3.15950069
721 2278 2.88216241 0.00288216241 3.15950069
721 2278 2.88215942 0.00288215942 3.15950069
721 2278 2.88213086 0.00288213086 3.15950069
721 2278 2.88211668 0.00288211668 3.15950069
721 2278 2.88210285 0.00288210285 3.15950069
721 2278 2.88209041 0.00288209041 3.15950069
720 2274 2.87018122 0.00287018122 3.15833333
720 2273 2.87081035 0.00287081035 3.15694444
720 2274 2.88186267 0.00288186267 3.15833333
720 2274 2.88181711 0.00288181711 3.15833333
720 2276 2.88150243 0.00288150243 3.16111111
720 2274 2.88183257 0.00288183257 3.15833333
720 2274 2.88173604 0.00288173604 3.15833333
720 2274 2.88180778 0.00288180778 3.15833333
720 2274 2.88175856 0.00288175856 3.15833333
720 2274 2.88175331 0.00288175331 3.15833333
719 2269 2.87077023 0.00287077023 3.15577191
719 2269 2.87086785 0.00287086785 3.15577191
719 2269 2.87086549 0.00287086549 3.15577191
719 2269 2.87089563 0.00287089563 3.15577191
719 2269 2.87087515 0.00287087515 3.15577191
719 2269 2.87088925 0.00287088925 3.15577191
719 2269 2.87086767 0.00287086767 3.15577191
719 2269 2.87088615 0.00287088615 3.15577191
719 2269 2.87086521 0.00287086521 3.15577191
719 2269 2.87088808 0.00287088808 3.15577191
718 2267 2.85918967 0.00285918967 3.15738162
718 2264 2.86970806 0.00286970806 3.15320334
718 2264 2.86990661 0.00286990661 3.15320334
718 2264 2.8698228 0.0028698228 3.15320334
718 2264 2.86979233 0.00286979233 3.15320334
718 2264 2.86979005 0.00286979005 3.15320334
718 2264 2.86978571 0.00286978571 3.15320334
718 2264 2.86979263 0.00286979263 3.15320334
718 2264 2.86979458 0.00286979458 3.15320334
718 2264 2.86979371 0.00286979371 3.15320334
717 2259 2.85875491 0.00285875491 3.15062762
717 2259 2.85885232 0.00285885232 3.15062762
717 2259 2.85884818 0.00285884818 3.15062762
717 2259 2.85888108 0.00285888108 3.15062762
717 2259 2.85886158 0.00285886158 3.15062762
717 2259 2.85887326 0.00285887326 3.15062762
717 2259 2.85885299 0.00285885299 3.15062762
717 2259 2.85887016 0.00285887016 3.15062762
717 2259 2.8588508 0.0028588508 3.15062762
717 2259 2.8588723 0.0028588723 3.15062762
716 2257 2.84723881 0.00284723881 3.15223464
716 2257 2.84722007 0.00284722007 3.15223464
716 2253 2.8472836 0.0028472836 3.14664804
716 2253 2.8474848 0.0028474848 3.14664804
716 2253 2.84737774 0.00284737774 3.14664804
716 2253 2.8474352 0.0028474352 3.14664804
716 2253 2.84746429 0.00284746429 3.14664804
716 2253 2.8474327 0.0028474327 3.14664804
716 2253 2.84743026 0.00284743026 3.14664804
716 2253 2.84743107 0.00284743107 3.14664804
715 2251 2.83612558 0.00283612558 3.14825175
715 2251 2.83607251 0.00283607251 3.14825175
715 2251 2.83606189 0.00283606189 3.14825175
715 2251 2.83605178 0.00283605178 3.14825175
715 2251 2.83606626 0.00283606626 3.14825175
715 2251 2.83607318 0.00283607318 3.14825175
715 2251 2.83606232 0.00283606232 3.14825175
715 2251 2.83603522 0.00283603522 3.14825175
715 2251 2.83605804 0.00283605804 3.14825175
715 2251 2.83604057 0.00283604057 3.14825175
714 2248 2.82421707 0.00282421707 3.14845938
714 2244 2.82521215 0.00282521215 3.14285714
714 2244 2.82522416 0.00282522416 3.14285714
714 2244 2.82526028 0.00282526028 3.14285714
714 2244 2.82524765 0.00282524765 3.14285714
714 2244 2.82527125 0.00282527125 3.14285714
714 2244 2.82526441 0.00282526441 3.14285714
714 2244 2.82527491 0.00282527491 3.14285714
714 2244 2.82526327 0.00282526327 3.14285714
714 2244 2.82527466 0.00282527466 3.14285714
713 2242 2.81392561 0.00281392561 3.14446003
713 2242 2.81387681 0.00281387681 3.14446003
713 2234 2.82407944 0.00282407944 3.13323983
713 2233 2.82618265 0.00282618265 3.13183731
713 2233 2.82614896 0.00282614896 3.13183731
713 2237 2.82604545 0.00282604545 3.13744741
713 2237 2.82613259 0.00282613259 3.13744741
713 2233 2.826181 0.002826181 3.13183731
713 2233 2.82625757 0.00282625757 3.13183731
713 2233 2.82631316 0.00282631316 3.13183731
712 2230 2.81566632 0.00281566632 3.13202247
712 2230 2.81558908 0.00281558908 3.13202247
712 2230 2.81552425 0.00281552425 3.13202247
712 2230 2.81550769 0.00281550769 3.13202247
712 2230 2.8154921 0.0028154921 3.13202247
712 2230 2.81550456 0.00281550456 3.13202247
712 2230 2.81549912 0.00281549912 3.13202247
712 2230 2.81549912 0.00281549912 3.13202247
712 2230 2.81550217 0.00281550217 3.13202247
712 2230 2.81550159 0.00281550159 3.13202247
711 2225 2.8046712 0.0028046712 3.12939522
711 2225 2.80475953 0.00280475953 3.12939522
711 2225 2.80475269 0.00280475269 3.12939522
711 2225 2.80479211 0.00280479211 3.12939522
711 2225 2.80477181 0.00280477181 3.12939522
711 2225 2.80478348 0.00280478348 3.12939522
711 2225 2.80476269 0.00280476269 3.12939522
711 2225 2.8047799 0.0028047799 3.12939522
711 2225 2.8047608 0.0028047608 3.12939522
711 2225 2.80478209 0.00280478209 3.12939522
710 2223 2.7936927 0.0027936927 3.13098592
710 2223 2.79349719 0.00279349719 3.13098592
710 2223 2.79342401 0.00279342401 3.13098592
710 2223 2.79323304 0.00279323304 3.13098592
710 2223 2.79319184 0.00279319184 3.13098592
710 2223 2.79324172 0.00279324172 3.13098592
710 2223 2.79325332 0.00279325332 3.13098592
710 2223 2.79329053 0.00279329053 3.13098592
710 2223 2.7932886 0.0027932886 3.13098592
710 2223 2.79327102 0.00279327102 3.13098592
709 2218 2.78146192 0.00278146192 3.12834979
709 2216 2.78393467 0.00278393467 3.12552891
709 2216 2.79302025 0.00279302025 3.12552891
709 2216 2.7930751 0.0027930751 3.12552891
709 2216 2.7932664 0.0027932664 3.12552891
709 2216 2.79320541 0.00279320541 3.12552891
709 2216 2.79316559 0.00279316559 3.12552891
709 2212 2.79308081 0.00279308081 3.11988717
709 2212 2.79312625 0.00279312625 3.11988717
709 2216 2.79312815 0.00279312815 3.12552891
708 2209 2.78259668 0.00278259668 3.1200565
708 2209 2.78256645 0.00278256645 3.1200565
708 2209 2.78254629 0.00278254629 3.1200565
708 2209 2.78245908 0.00278245908 3.1200565
708 2209 2.78242281 0.00278242281 3.1200565
708 2209 2.78243686 0.00278243686 3.1200565
708 2209 2.78243884 0.00278243884 3.1200565
708 2209 2.78244175 0.00278244175 3.1200565
708 2209 2.78244957 0.00278244957 3.1200565
708 2209 2.78245198 0.00278245198 3.1200565
707 2207 2.77146674 0.00277146674 3.12164074
707 2207 2.7714337 0.0027714337 3.12164074
707 2207 2.77141552 0.00277141552 3.12164074
707 2207 2.77141407 0.00277141407 3.12164074
707 2207 2.77143915 0.00277143915 3.12164074
707 2207 2.77136587 0.00277136587 3.12164074
707 2207 2.77136551 0.00277136551 3.12164074
707 2207 2.77135362 0.00277135362 3.12164074
707 2207 2.771343 0.002771343 3.12164074
707 2207 2.77134699 0.00277134699 3.12164074
706 2201 2.75967405 0.00275967405 3.11756374
706 2201 2.75997524 0.00275997524 3.11756374
706 2201 2.75985885 0.00275985885 3.11756374
706 2201 2.75984366 0.00275984366 3.11756374
706 2201 2.75980821 0.00275980821 3.11756374
706 2201 2.75981732 0.00275981732 3.11756374
706 2201 2.759818 0.002759818 3.11756374
706 2201 2.75979508 0.00275979508 3.11756374
706 2201 2.75978815 0.00275978815 3.11756374
706 2201 2.75978089 0.00275978089 3.11756374
705 2198 2.74789333 0.00274789333 3.1177305
705 2201 2.74946639 0.00274946639 3.12198582
705 2196 2.75358752 0.00275358752 3.11489362
705 2197 2.75339039 0.00275339039 3.11631206
705 2196 2.75356054 0.00275356054 3.11489362
705 2196 2.75356598 0.00275356598 3.11489362
705 2197 2.75346463 0.00275346463 3.11631206
705 2196 2.75349442 0.00275349442 3.11489362
705 2196 2.75357331 0.00275357331 3.11489362
705 2197 2.75342738 0.00275342738 3.11631206
704 2194 2.74290729 0.00274290729 3.11647727
704 2194 2.74283323 0.00274283323 3.11647727
704 2194 2.74293256 0.00274293256 3.11647727
704 2194 2.74295688 0.00274295688 3.11647727
704 2194 2.74287703 0.00274287703 3.11647727
704 2194 2.7427643 0.0027427643 3.11647727
704 2194 2.74276158 0.00274276158 3.11647727
704 2194 2.74275728 0.00274275728 3.11647727
704 2194 2.74277395 0.00274277395 3.11647727
704 2194 2.74278264 0.00274278264 3.11647727
703 2187 2.73151919 0.00273151919 3.11095306
703 2187 2.73156583 0.00273156583 3.11095306
703 2187 2.73160259 0.00273160259 3.11095306
703 2187 2.73155621 0.00273155621 3.11095306
703 2187 2.73130553 0.00273130553 3.11095306
703 2187 2.73151786 0.00273151786 3.11095306
703 2187 2.73145414 0.00273145414 3.11095306
703 2187 2.73156993 0.00273156993 3.11095306
703 2187 2.73143132 0.00273143132 3.11095306
703 2188 2.73152759 0.00273152759 3.11237553
702 2181 2.71999184 0.00271999184 3.10683761
702 2181 2.72006267 0.00272006267 3.10683761
702 2181 2.72006196 0.00272006196 3.10683761
702 2181 2.72019356 0.00272019356 3.10683761
702 2181 2.72008577 0.00272008577 3.10683761
702 2181 2.7202431 0.0027202431 3.10683761
702 2179 2.72933166 0.00272933166 3.1039886
702 2179 2.72930573 0.00272930573 3.1039886
702 2179 2.72944889 0.00272944889 3.1039886
702 2179 2.72941438 0.00272941438 3.1039886
701 2177 2.71852166 0.00271852166 3.10556348
701 2172 2.71846079 0.00271846079 3.09843081
701 2177 2.71850098 0.00271850098 3.10556348
701 2172 2.71842986 0.00271842986 3.09843081
701 2177 2.71842344 0.00271842344 3.10556348
701 2177 2.71841383 0.00271841383 3.10556348
701 2172 2.71836436 0.00271836436 3.09843081
701 2177 2.71842187 0.00271842187 3.10556348
701 2177 2.71848771 0.00271848771 3.10556348
701 2177 2.71851423 0.00271851423 3.10556348
700 2170 2.70754886 0.00270754886 3.1
700 2170 2.70757337 0.00270757337 3.1
700 2170 2.70756495 0.00270756495 3.1
700 2170 2.70760381 0.00270760381 3.1
700 2170 2.70759871 0.00270759871 3.1
700 2170 2.70751308 0.00270751308 3.1
700 2170 2.7072663 0.0027072663 3.1
700 2170 2.70773571 0.00270773571 3.1
700 2170 2.70757174 0.00270757174 3.1
700 2170 2.70756314 0.00270756314 3.1
699 2164 2.69643423 0.00269643423 3.09585122
699 2164 2.69652983 0.00269652983 3.09585122
699 2164 2.69645059 0.00269645059 3.09585122
699 2164 2.69652363 0.00269652363 3.09585122
699 2164 2.69650357 0.00269650357 3.09585122
699 2164 2.69643933 0.00269643933 3.09585122
699 2164 2.69644956 0.00269644956 3.09585122
699 2164 2.69643978 0.00269643978 3.09585122
699 2164 2.69642136 0.00269642136 3.09585122
699 2164 2.69640637 0.00269640637 3.09585122
698 2158 2.6854207 0.0026854207 3.09169054
698 2158 2.68542689 0.00268542689 3.09169054
698 2158 2.68542969 0.00268542969 3.09169054
698 2158 2.68550398 0.00268550398 3.09169054
698 2158 2.68550384 0.00268550384 3.09169054
698 2158 2.68549745 0.00268549745 3.09169054
698 2158 2.68546484 0.00268546484 3.09169054
698 2158 2.68550275 0.00268550275 3.09169054
698 2158 2.68554081 0.00268554081 3.09169054
698 2158 2.68551819 0.00268551819 3.09169054
697 2152 2.6739497 0.0026739497 3.08751793
697 2156 2.68206766 0.00268206766 3.09325681
697 2155 2.68371778 0.00268371778 3.09182209
697 2155 2.68371475 0.00268371475 3.09182209
697 2155 2.68360603 0.00268360603 3.09182209
697 2155 2.68364678 0.00268364678 3.09182209
697 2155 2.68361918 0.00268361918 3.09182209
697 2155 2.68363569 0.00268363569 3.09182209
697 2155 2.68364085 0.00268364085 3.09182209
697 2155 2.68363954 0.00268363954 3.09182209
696 2149 2.67306956 0.00267306956 3.08764368
696 2148 2.67288957 0.00267288957 3.0862069
696 2149 2.67311906 0.00267311906 3.08764368
696 2149 2.67303934 0.00267303934 3.08764368
696 2148 2.67274912 0.00267274912 3.0862069
696 2149 2.67292019 0.00267292019 3.08764368
696 2149 2.67298731 0.00267298731 3.08764368
696 2148 2.67273014 0.00267273014 3.0862069
696 2149 2.67291382 0.00267291382 3.08764368
696 2149 2.67301634 0.00267301634 3.08764368
695 2145 2.66263031 0.00266263031 3.08633094
695 2145 2.66254663 0.00266254663 3.08633094
695 2145 2.66246792 0.00266246792 3.08633094
695 2145 2.66250645 0.00266250645 3.08633094
695 2145 2.66243758 0.00266243758 3.08633094
695 2145 2.66240909 0.00266240909 3.08633094
695 2145 2.66237852 0.00266237852 3.08633094
695 2145 2.6624385 0.0026624385 3.08633094
695 2145 2.66240547 0.00266240547 3.08633094
695 2145 2.66245206 0.00266245206 3.08633094
694 2139 2.65129716 0.00265129716 3.08213256
694 2136 2.65151351 0.00265151351 3.0778098
694 2136 2.65154549 0.00265154549 3.0778098
694 2139 2.65149682 0.00265149682 3.08213256
694 2139 2.65143438 0.00265143438 3.08213256
694 2136 2.65134898 0.00265134898 3.0778098
694 2139 2.65133281 0.00265133281 3.08213256
694 2136 2.65151418 0.00265151418 3.0778098
694 2136 2.65140725 0.00265140725 3.0778098
694 2139 2.65138251 0.00265138251 3.08213256
693 2135 2.64026863 0.00264026863 3.08080808
693 2130 2.64054906 0.00264054906 3.07359307
693 2133 2.64021808 0.00264021808 3.07792208
693 2130 2.64048716 0.00264048716 3.07359307
693 2130 2.64062218 0.00264062218 3.07359307
693 2133 2.6403391 0.0026403391 3.07792208
693 2130 2.64039811 0.00264039811 3.07359307
693 2132 2.64022872 0.00264022872 3.07647908
693 2133 2.64039951 0.00264039951 3.07792208
693 2136 2.64029855 0.00264029855 3.08225108
692 2132 2.62957362 0.00262957362 3.08092486
692 2127 2.62963454 0.00262963454 3.07369942
692 2132 2.62947829 0.00262947829 3.08092486
692 2127 2.62960511 0.00262960511 3.07369942
692 2127 2.62950208 0.00262950208 3.07369942
692 2127 2.62952528 0.00262952528 3.07369942
692 2127 2.62956099 0.00262956099 3.07369942
692 2127 2.62939486 0.00262939486 3.07369942
692 2132 2.62952364 0.00262952364 3.08092486
692 2127 2.62949056 0.00262949056 3.07369942
691 2122 2.61853197 0.00261853197 3.07091172
691 2120 2.61915989 0.00261915989 3.06801737
691 2117 2.62059048 0.00262059048 3.06367583
691 2114 2.62055371 0.00262055371 3.0593343
691 2114 2.62059536 0.00262059536 3.0593343
691 2114 2.62054668 0.00262054668 3.0593343
691 2114 2.62051339 0.00262051339 3.0593343
691 2114 2.62052763 0.00262052763 3.0593343
691 2114 2.62052436 0.00262052436 3.0593343
691 2114 2.62052595 0.00262052595 3.0593343
690 2108 2.61035547 0.00261035547 3.05507246
690 2108 2.61040677 0.00261040677 3.05507246
690 2111 2.61041907 0.00261041907 3.05942029
690 2111 2.61057059 0.00261057059 3.05942029
690 2113 2.6106211 0.0026106211 3.06231884
690 2111 2.61053586 0.00261053586 3.05942029
690 2111 2.61049826 0.00261049826 3.05942029
690 2113 2.61045748 0.00261045748 3.06231884
690 2111 2.61051054 0.00261051054 3.05942029
690 2111 2.61043993 0.00261043993 3.05942029
689 2109 2.60023149 0.00260023149 3.06095791
689 2109 2.60037116 0.00260037116 3.06095791
689 2110 2.60027375 0.00260027375 3.06240929
689 2110 2.6003353 0.0026003353 3.06240929
689 2109 2.6004066 0.0026004066 3.06095791
689 2110 2.60031038 0.00260031038 3.06240929
689 2109 2.60034316 0.00260034316 3.06095791
689 2109 2.60029803 0.00260029803 3.06095791
689 2110 2.6002353 0.0026002353 3.06240929
689 2110 2.6002765 0.0026002765 3.06240929
688 2105 2.59013794 0.00259013794 3.05959302
688 2105 2.59018705 0.00259018705 3.05959302
688 2105 2.59018488 0.00259018488 3.05959302
688 2105 2.59027188 0.00259027188 3.05959302
688 2105 2.5902368 0.0025902368 3.05959302
688 2105 2.59018074 0.00259018074 3.05959302
688 2105 2.59017324 0.00259017324 3.05959302
688 2105 2.59017978 0.00259017978 3.05959302
688 2105 2.59018739 0.00259018739 3.05959302
688 2105 2.5901902 0.0025901902 3.05959302
687 2103 2.5800904 0.0025800904 3.06113537
687 2100 2.5811473 0.0025811473 3.05676856
687 2096 2.58134426 0.00258134426 3.05094614
687 2096 2.58111531 0.00258111531 3.05094614
687 2096 2.58117684 0.00258117684 3.05094614
687 2095 2.58109762 0.00258109762 3.04949054
687 2096 2.58124525 0.00258124525 3.05094614
687 2098 2.58114888 0.00258114888 3.05385735
687 2096 2.58131787 0.00258131787 3.05094614
687 2095 2.58112708 0.00258112708 3.04949054
686 2093 2.57126063 0.00257126063 3.05102041
686 2094 2.57146353 0.00257146353 3.05247813
686 2094 2.57142063 0.00257142063 3.05247813
686 2092 2.57137085 0.00257137085 3.04956268
686 2094 2.57140049 0.00257140049 3.05247813
686 2092 2.57128028 0.00257128028 3.04956268
686 2094 2.57138492 0.00257138492 3.05247813
686 2092 2.57139454 0.00257139454 3.04956268
686 2096 2.57117045 0.00257117045 3.05539359
686 2094 2.57154101 0.00257154101 3.05247813
685 2090 2.56173039 0.00256173039 3.05109489
685 2090 2.56191209 0.00256191209 3.05109489
685 2090 2.56156354 0.00256156354 3.05109489
685 2090 2.56171073 0.00256171073 3.05109489
685 2090 2.56190002 0.00256190002 3.05109489
685 2090 2.56142948 0.00256142948 3.05109489
685 2085 2.5616719 0.0025616719 3.04379562
685 2090 2.56158807 0.00256158807 3.05109489
685 2090 2.56190301 0.00256190301 3.05109489
685 2085 2.56159195 0.00256159195 3.04379562
684 2083 2.55206697 0.00255206697 3.04532164
684 2084 2.55172921 0.00255172921 3.04678363
684 2083 2.55192803 0.00255192803 3.04532164
684 2083 2.55203681 0.00255203681 3.04532164
684 2083 2.55228235 0.00255228235 3.04532164
684 2084 2.55177993 0.00255177993 3.04678363
684 2083 2.55237212 0.00255237212 3.04532164
684 2083 2.55212325 0.00255212325 3.04532164
684 2081 2.55156245 0.00255156245 3.04239766
684 2083 2.55204355 0.00255204355 3.04532164
683 2077 2.54188578 0.00254188578 3.04099561
683 2077 2.54190421 0.00254190421 3.04099561
683 2077 2.54154615 0.00254154615 3.04099561
683 2077 2.54181536 0.00254181536 3.04099561
683 2077 2.54203634 0.00254203634 3.04099561
683 2077 2.542115 0.002542115 3.04099561
683 2077 2.54210002 0.00254210002 3.04099561
683 2077 2.54205119 0.00254205119 3.04099561
683 2077 2.54211723 0.00254211723 3.04099561
683 2077 2.54176625 0.00254176625 3.04099561
682 2071 2.53216724 0.00253216724 3.03665689
682 2071 2.53209526 0.00253209526 3.03665689
682 2071 2.53212501 0.00253212501 3.03665689
682 2071 2.53207956 0.00253207956 3.03665689
682 2071 2.53214917 0.00253214917 3.03665689
682 2071 2.53209994 0.00253209994 3.03665689
682 2071 2.53206464 0.00253206464 3.03665689
682 2071 2.53198506 0.00253198506 3.03665689
682 2071 2.53211667 0.00253211667 3.03665689
682 2071 2.53209098 0.00253209098 3.03665689
681 2068 2.52176863 0.00252176863 3.03671072
681 2068 2.52169626 0.00252169626 3.03671072
681 2068 2.52176833 0.00252176833 3.03671072
681 2068 2.52156144 0.00252156144 3.03671072
681 2068 2.52171258 0.00252171258 3.03671072
681 2068 2.52172876 0.00252172876 3.03671072
681 2068 2.52151759 0.00252151759 3.03671072
681 2068 2.52167787 0.00252167787 3.03671072
681 2068 2.52177146 0.00252177146 3.03671072
681 2068 2.52151287 0.00252151287 3.03671072
680 2065 2.51135856 0.00251135856 3.03676471
680 2065 2.51115702 0.00251115702 3.03676471
680 2061 2.51113538 0.00251113538 3.03088235
680 2065 2.5112681 0.0025112681 3.03676471
680 2065 2.51119831 0.00251119831 3.03676471
680 2061 2.51106106 0.00251106106 3.03088235
680 2065 2.51129176 0.00251129176 3.03676471
680 2062 2.51116385 0.00251116385 3.03235294
680 2062 2.51115136 0.00251115136 3.03235294
680 2062 2.51113497 0.00251113497 3.03235294
679 2059 2.50117634 0.00250117634 3.03240059
679 2059 2.50118308 0.00250118308 3.03240059
679 2059 2.50114216 0.00250114216 3.03240059
679 2059 2.50112371 0.00250112371 3.03240059
679 2059 2.50089383 0.00250089383 3.03240059
679 2059 2.5011983 0.0025011983 3.03240059
679 2059 2.50135581 0.00250135581 3.03240059
679 2059 2.50133488 0.00250133488 3.03240059
679 2059 2.50134524 0.00250134524 3.03240059
679 2059 2.50134138 0.00250134138 3.03240059
678 2056 2.49117065 0.00249117065 3.03244838
678 2056 2.49095099 0.00249095099 3.03244838
678 2056 2.49097394 0.00249097394 3.03244838
678 2056 2.49105175 0.00249105175 3.03244838
678 2056 2.49113762 0.00249113762 3.03244838
678 2056 2.49097302 0.00249097302 3.03244838
678 2055 2.49074586 0.00249074586 3.03097345
678 2056 2.49100582 0.00249100582 3.03244838
678 2056 2.49104559 0.00249104559 3.03244838
678 2056 2.49100399 0.00249100399 3.03244838
677 2052 2.48057438 0.00248057438 3.0310192
677 2049 2.48028716 0.00248028716 3.02658789
677 2052 2.48055184 0.00248055184 3.0310192
677 2052 2.48066989 0.00248066989 3.0310192
677 2052 2.48033088 0.00248033088 3.0310192
677 2049 2.48028407 0.00248028407 3.02658789
677 2052 2.48076803 0.00248076803 3.0310192
677 2050 2.48022383 0.00248022383 3.02806499
677 2052 2.48056733 0.00248056733 3.0310192
677 2052 2.4805187 0.0024805187 3.0310192
676 2046 2.46966485 0.00246966485 3.02662722
676 2045 2.46988425 0.00246988425 3.02514793
676 2045 2.4697197 0.0024697197 3.02514793
676 2045 2.46971574 0.00246971574 3.02514793
676 2045 2.46980144 0.00246980144 3.02514793
676 2045 2.46972039 0.00246972039 3.02514793
676 2045 2.46968532 0.00246968532 3.02514793
676 2045 2.46966392 0.00246966392 3.02514793
676 2045 2.46972676 0.00246972676 3.02514793
676 2045 2.46970493 0.00246970493 3.02514793
675 2039 2.45875149 0.00245875149 3.02074074
675 2041 2.4590186 0.0024590186 3.0237037
675 2041 2.45865936 0.00245865936 3.0237037
675 2035 2.45859414 0.00245859414 3.01481481
675 2035 2.45862857 0.00245862857 3.01481481
675 2039 2.45895473 0.00245895473 3.02074074
675 2039 2.45876982 0.00245876982 3.02074074
675 2039 2.4593154 0.0024593154 3.02074074
675 2039 2.45901382 0.00245901382 3.02074074
675 2041 2.4586754 0.0024586754 3.0237037
674 2038 2.4476782 0.0024476782 3.02373887
674 2038 2.44729693 0.00244729693 3.02373887
674 2038 2.44784613 0.00244784613 3.02373887
674 2035 2.44780139 0.00244780139 3.01928783
674 2038 2.44727627 0.00244727627 3.02373887
674 2035 2.44779049 0.00244779049 3.01928783
674 2038 2.44782757 0.00244782757 3.02373887
674 2038 2.44761034 0.00244761034 3.02373887
674 2038 2.44770019 0.00244770019 3.02373887
674 2038 2.44761375 0.00244761375 3.02373887
673 2028 2.43648278 0.00243648278 3.01337296
673 2032 2.43665648 0.00243665648 3.01931649
673 2030 2.43654763 0.00243654763 3.01634473
673 2032 2.44259581 0.00244259581 3.01931649
673 2031 2.44292039 0.00244292039 3.01783061
673 2025 2.44288836 0.00244288836 3.0089153
673 2023 2.44293329 0.00244293329 3.00594354
673 2029 2.44318974 0.00244318974 3.01485884
673 2029 2.44286728 0.00244286728 3.01485884
673 2029 2.44290277 0.00244290277 3.01485884
672 2019 2.43211673 0.00243211673 3.00446429
672 2025 2.43196003 0.00243196003 3.01339286
672 2028 2.43217436 0.00243217436 3.01785714
672 2022 2.43168029 0.00243168029 3.00892857
672 2028 2.43245732 0.00243245732 3.01785714
672 2028 2.43199893 0.00243199893 3.01785714
672 2028 2.43199263 0.00243199263 3.01785714
672 2028 2.43216195 0.00243216195 3.01785714
672 2028 2.43228439 0.00243228439 3.01785714
672 2028 2.43232864 0.00243232864 3.01785714
671 2018 2.42151235 0.00242151235 3.00745156
671 2018 2.42137417 0.00242137417 3.00745156
671 2018 2.42134593 0.00242134593 3.00745156
671 2018 2.42128979 0.00242128979 3.00745156
671 2018 2.42117217 0.00242117217 3.00745156
671 2018 2.42111954 0.00242111954 3.00745156
671 2018 2.42109284 0.00242109284 3.00745156
671 2018 2.42107984 0.00242107984 3.00745156
671 2018 2.42109163 0.00242109163 3.00745156
671 2018 2.42109162 0.00242109162 3.00745156
670 2012 2.41023073 0.00241023073 3.00298507
670 2019 2.4106056 0.0024106056 3.01343284
670 2019 2.41453796 0.00241453796 3.01343284
670 2014 2.41578336 0.00241578336 3.00597015
670 2014 2.41581563 0.00241581563 3.00597015
670 2016 2.41592535 0.00241592535 3.00895522
670 2017 2.41572194 0.00241572194 3.01044776
670 2016 2.41590757 0.00241590757 3.00895522
670 2017 2.41586244 0.00241586244 3.01044776
670 2017 2.41589739 0.00241589739 3.01044776
669 2013 2.40536747 0.00240536747 3.00896861
669 2013 2.40534337 0.00240534337 3.00896861
669 2013 2.40532623 0.00240532623 3.00896861
669 2013 2.4053208 0.0024053208 3.00896861
669 2013 2.40531834 0.00240531834 3.00896861
669 2013 2.40545488 0.00240545488 3.00896861
669 2013 2.40552684 0.00240552684 3.00896861
669 2013 2.40560093 0.00240560093 3.00896861
669 2013 2.40569199 0.00240569199 3.00896861
669 2013 2.40575462 0.00240575462 3.00896861
668 2003 2.3950693 0.0023950693 2.99850299
668 2001 2.3941965 0.0023941965 2.99550898
668 2007 2.39480852 0.00239480852 3.00449102
668 2007 2.39468725 0.00239468725 3.00449102
668 2007 2.39471493 0.00239471493 3.00449102
668 2007 2.39482268 0.00239482268 3.00449102
668 2007 2.39485478 0.00239485478 3.00449102
668 2007 2.39486762 0.00239486762 3.00449102
668 2007 2.39487878 0.00239487878 3.00449102
668 2007 2.39492584 0.00239492584 3.00449102
667 1997 2.38429516 0.00238429516 2.994003
667 1997 2.38389047 0.00238389047 2.994003
667 1997 2.38404087 0.00238404087 2.994003
667 1997 2.38428291 0.00238428291 2.994003
667 1997 2.38413012 0.00238413012 2.994003
667 1997 2.38422158 0.00238422158 2.994003
667 1997 2.3841656 0.0023841656 2.994003
667 1997 2.38417359 0.00238417359 2.994003
667 1997 2.3840959 0.0023840959 2.994003
667 1997 2.38406912 0.00238406912 2.994003
666 1991 2.37292003 0.00237292003 2.98948949
666 1996 2.37318729 0.00237318729 2.996997
666 1990 2.37284765 0.00237284765 2.98798799
666 1991 2.37332884 0.00237332884 2.98948949
666 1989 2.37627474 0.00237627474 2.98648649
666 1989 2.37656432 0.00237656432 2.98648649
666 1989 2.37644238 0.00237644238 2.98648649
666 1989 2.37635411 0.00237635411 2.98648649
666 1990 2.37666523 0.00237666523 2.98798799
666 1985 2.37850381 0.00237850381 2.98048048
665 1982 2.36864165 0.00236864165 2.98045113
665 1982 2.3689109 0.0023689109 2.98045113
665 1982 2.36862258 0.00236862258 2.98045113
665 1982 2.36873029 0.00236873029 2.98045113
665 1982 2.36866963 0.00236866963 2.98045113
665 1982 2.3686439 0.0023686439 2.98045113
665 1982 2.36864785 0.00236864785 2.98045113
665 1982 2.36865512 0.00236865512 2.98045113
665 1982 2.3686423 0.0023686423 2.98045113
665 1982 2.36864006 0.00236864006 2.98045113
664 1979 2.35847679 0.00235847679 2.98042169
664 1979 2.35857976 0.00235857976 2.98042169
664 1979 2.35856695 0.00235856695 2.98042169
664 1979 2.35844546 0.00235844546 2.98042169
664 1979 2.35853661 0.00235853661 2.98042169
664 1979 2.35844357 0.00235844357 2.98042169
664 1979 2.35856549 0.00235856549 2.98042169
664 1979 2.35851112 0.00235851112 2.98042169
664 1979 2.35854186 0.00235854186 2.98042169
664 1979 2.3584556 0.0023584556 2.98042169
663 1975 2.3483162 0.0023483162 2.97888386
663 1973 2.34809763 0.00234809763 2.97586727
663 1975 2.34801366 0.00234801366 2.97888386
663 1973 2.34817147 0.00234817147 2.97586727
663 1975 2.34817935 0.00234817935 2.97888386
663 1973 2.34812716 0.00234812716 2.97586727
663 1975 2.34814329 0.00234814329 2.97888386
663 1973 2.34803948 0.00234803948 2.97586727
663 1975 2.34810258 0.00234810258 2.97888386
663 1973 2.34826301 0.00234826301 2.97586727
662 1969 2.33771026 0.00233771026 2.97432024
662 1969 2.3376499 0.0023376499 2.97432024
662 1969 2.33794832 0.00233794832 2.97432024
662 1969 2.33768376 0.00233768376 2.97432024
662 1969 2.33773031 0.00233773031 2.97432024
662 1969 2.33773318 0.00233773318 2.97432024
662 1969 2.33782902 0.00233782902 2.97432024
662 1969 2.33777271 0.00233777271 2.97432024
662 1969 2.33772279 0.00233772279 2.97432024
662 1969 2.33773146 0.00233773146 2.97432024
661 1968 2.32690002 0.00232690002 2.97730711
661 1962 2.32702589 0.00232702589 2.96822995
661 1962 2.3269799 0.0023269799 2.96822995
661 1962 2.32697114 0.00232697114 2.96822995
661 1962 2.32687491 0.00232687491 2.96822995
661 1968 2.32706918 0.00232706918 2.97730711
661 1968 2.32696486 0.00232696486 2.97730711
661 1968 2.32703662 0.00232703662 2.97730711
661 1968 2.32693779 0.00232693779 2.97730711
661 1968 2.32695118 0.00232695118 2.97730711
660 1961 2.31611584 0.00231611584 2.97121212
660 1961 2.31612075 0.00231612075 2.97121212
660 1961 2.31589422 0.00231589422 2.97121212
660 1961 2.31606225 0.00231606225 2.97121212
660 1961 2.31619503 0.00231619503 2.97121212
660 1961 2.31618887 0.00231618887 2.97121212
660 1961 2.31616324 0.00231616324 2.97121212
660 1961 2.31613373 0.00231613373 2.97121212
660 1961 2.31610733 0.00231610733 2.97121212
660 1961 2.31609754 0.00231609754 2.97121212
659 1957 2.3051539 0.0023051539 2.96965099
659 1957 2.30516242 0.00230516242 2.96965099
659 1957 2.30483877 0.00230483877 2.96965099
659 1957 2.30475451 0.00230475451 2.96965099
659 1957 2.30491521 0.00230491521 2.96965099
659 1957 2.30514887 0.00230514887 2.96965099
659 1957 2.30508469 0.00230508469 2.96965099
659 1957 2.30511268 0.00230511268 2.96965099
659 1957 2.30513379 0.00230513379 2.96965099
659 1957 2.30498571 0.00230498571 2.96965099
658 1951 2.29381398 0.00229381398 2.96504559
658 1951 2.29373081 0.00229373081 2.96504559
658 1953 2.29375001 0.00229375001 2.96808511
658 1949 2.30318465 0.00230318465 2.96200608
658 1949 2.30301007 0.00230301007 2.96200608
658 1954 2.30295186 0.00230295186 2.96960486
658 1955 2.30312467 0.00230312467 2.97112462
658 1955 2.30318945 0.00230318945 2.97112462
658 1949 2.30328057 0.00230328057 2.96200608
658 1949 2.30305052 0.00230305052 2.96200608
657 1948 2.29248153 0.00229248153 2.96499239
657 1948 2.29235489 0.00229235489 2.96499239
657 1942 2.29211194 0.00229211194 2.95585997
657 1948 2.29242154 0.00229242154 2.96499239
657 1948 2.29223433 0.00229223433 2.96499239
657 1948 2.29244612 0.00229244612 2.96499239
657 1948 2.29250475 0.00229250475 2.96499239
657 1942 2.29214669 0.00229214669 2.95585997
657 1948 2.29255577 0.00229255577 2.96499239
657 1948 2.29215524 0.00229215524 2.96499239
656 1942 2.28132496 0.00228132496 2.96036585
656 1941 2.28156848 0.00228156848 2.95884146
656 1941 2.28142942 0.00228142942 2.95884146
656 1941 2.28135309 0.00228135309 2.95884146
656 1941 2.28165445 0.00228165445 2.95884146
656 1941 2.28157945 0.00228157945 2.95884146
656 1941 2.28159513 0.00228159513 2.95884146
656 1941 2.28147928 0.00228147928 2.95884146
656 1941 2.28145752 0.00228145752 2.95884146
656 1941 2.28164556 0.00228164556 2.95884146
655 1935 2.27058912 0.00227058912 2.95419847
655 1935 2.27039681 0.00227039681 2.95419847
655 1935 2.27042517 0.00227042517 2.95419847
655 1935 2.27048581 0.00227048581 2.95419847
655 1935 2.27048117 0.00227048117 2.95419847
655 1935 2.27054841 0.00227054841 2.95419847
655 1935 2.27063566 0.00227063566 2.95419847
655 1935 2.2705365 0.0022705365 2.95419847
655 1935 2.27040642 0.00227040642 2.95419847
655 1935 2.27049613 0.00227049613 2.95419847
654 1931 2.25939752 0.00225939752 2.95259939
654 1931 2.25947189 0.00225947189 2.95259939
654 1931 2.25932755 0.00225932755 2.95259939
654 1931 2.25919087 0.00225919087 2.95259939
654 1930 2.25926792 0.00225926792 2.95107034
654 1932 2.25984311 0.00225984311 2.95412844
654 1932 2.25970475 0.00225970475 2.95412844
654 1932 2.25981772 0.00225981772 2.95412844
654 1932 2.25972303 0.00225972303 2.95412844
654 1932 2.25967583 0.00225967583 2.95412844
653 1926 2.24873011 0.00224873011 2.94946401
653 1926 2.24875947 0.00224875947 2.94946401
653 1929 2.24899183 0.00224899183 2.95405819
653 1926 2.24878927 0.00224878927 2.94946401
653 1929 2.24888503 0.00224888503 2.95405819
653 1926 2.24884341 0.00224884341 2.94946401
653 1929 2.24894497 0.00224894497 2.95405819
653 1926 2.24882343 0.00224882343 2.94946401
653 1929 2.24890461 0.00224890461 2.95405819
653 1926 2.24881254 0.00224881254 2.94946401
652 1922 2.23790302 0.00223790302 2.94785276
652 1922 2.23794741 0.00223794741 2.94785276
652 1922 2.23780726 0.00223780726 2.94785276
652 1922 2.23781521 0.00223781521 2.94785276
652 1922 2.23777352 0.00223777352 2.94785276
652 1922 2.23800254 0.00223800254 2.94785276
652 1922 2.23778318 0.00223778318 2.94785276
652 1922 2.23772781 0.00223772781 2.94785276
652 1922 2.23795278 0.00223795278 2.94785276
652 1922 2.23772502 0.00223772502 2.94785276
651 1918 2.22668901 0.00222668901 2.94623656
651 1918 2.22665279 0.00222665279 2.94623656
651 1915 2.22644282 0.00222644282 2.94162826
651 1919 2.22659504 0.00222659504 2.94777266
651 1918 2.22664719 0.00222664719 2.94623656
651 1918 2.2266041 0.0022266041 2.94623656
651 1915 2.22630859 0.00222630859 2.94162826
651 1919 2.22650024 0.00222650024 2.94777266
651 1918 2.22641148 0.00222641148 2.94623656
651 1918 2.22673872 0.00222673872 2.94623656
650 1915 2.21521625 0.00221521625 2.94615385
650 1912 2.21507512 0.00221507512 2.94153846
650 1915 2.21540604 0.00221540604 2.94615385
650 1911 2.21494866 0.00221494866 2.94
650 1912 2.21492791 0.00221492791 2.94153846
650 1912 2.21500196 0.00221500196 2.94153846
650 1915 2.21505262 0.00221505262 2.94615385
650 1911 2.21510272 0.00221510272 2.94
650 1915 2.21527813 0.00221527813 2.94615385
650 1914 2.21590261 0.00221590261 2.94461538
649 1908 2.20542737 0.00220542737 2.93990755
649 1905 2.2060442 0.0022060442 2.93528505
649 1906 2.20600571 0.00220600571 2.93682589
649 1906 2.20542066 0.00220542066 2.93682589
649 1906 2.20542198 0.00220542198 2.93682589
649 1906 2.20549519 0.00220549519 2.93682589
649 1906 2.20534814 0.00220534814 2.93682589
649 1906 2.20534338 0.00220534338 2.93682589
649 1906 2.20534441 0.00220534441 2.93682589
649 1906 2.20533464 0.00220533464 2.93682589
648 1900 2.1945271 0.0021945271 2.93209877
648 1900 2.19473614 0.00219473614 2.93209877
648 1900 2.19460433 0.00219460433 2.93209877
648 1900 2.19461446 0.00219461446 2.93209877
648 1900 2.19461593 0.00219461593 2.93209877
648 1900 2.19465285 0.00219465285 2.93209877
648 1900 2.19468845 0.00219468845 2.93209877
648 1900 2.19467889 0.00219467889 2.93209877
648 1900 2.19465923 0.00219465923 2.93209877
648 1900 2.1946538 0.0021946538 2.93209877
647 1896 2.18331792 0.00218331792 2.93044822
647 1896 2.18352247 0.00218352247 2.93044822
647 1896 2.18362714 0.00218362714 2.93044822
647 1896 2.18356115 0.00218356115 2.93044822
647 1896 2.18363773 0.00218363773 2.93044822
647 1896 2.18372105 0.00218372105 2.93044822
647 1896 2.18375961 0.00218375961 2.93044822
647 1896 2.18378721 0.00218378721 2.93044822
647 1896 2.18378357 0.00218378357 2.93044822
647 1896 2.18378644 0.00218378644 2.93044822
646 1893 2.17234578 0.00217234578 2.93034056
646 1893 2.17152188 0.00217152188 2.93034056
646 1893 2.17186485 0.00217186485 2.93034056
646 1893 2.17178408 0.00217178408 2.93034056
646 1893 2.1718927 0.0021718927 2.93034056
646 1893 2.17187245 0.00217187245 2.93034056
646 1893 2.17187813 0.00217187813 2.93034056
646 1893 2.17187427 0.00217187427 2.93034056
646 1893 2.17187513 0.00217187513 2.93034056
646 1893 2.17187149 0.00217187149 2.93034056
645 1888 2.1601008 0.0021601008 2.92713178
645 1889 2.16060231 0.00216060231 2.92868217
645 1888 2.16215307 0.00216215307 2.92713178
645 1886 2.16261074 0.00216261074 2.92403101
645 1889 2.16400798 0.00216400798 2.92868217
645 1892 2.16402572 0.00216402572 2.93333333
645 1889 2.16418757 0.00216418757 2.92868217
645 1889 2.16413651 0.00216413651 2.92868217
645 1892 2.16397856 0.00216397856 2.93333333
645 1889 2.16432327 0.00216432327 2.92868217
644 1885 2.15366157 0.00215366157 2.92701863
644 1885 2.15368624 0.00215368624 2.92701863
644 1885 2.15367387 0.00215367387 2.92701863
644 1885 2.15388146 0.00215388146 2.92701863
644 1885 2.15361135 0.00215361135 2.92701863
644 1885 2.15384906 0.00215384906 2.92701863
644 1885 2.15381954 0.00215381954 2.92701863
644 1885 2.15376192 0.00215376192 2.92701863
644 1885 2.15381728 0.00215381728 2.92701863
644 1885 2.15383866 0.00215383866 2.92701863
643 1879 2.14245918 0.00214245918 2.9222395
643 1879 2.14242912 0.00214242912 2.9222395
643 1879 2.14222908 0.00214222908 2.9222395
643 1879 2.14237624 0.00214237624 2.9222395
643 1881 2.14236627 0.00214236627 2.92534992
643 1879 2.1422171 0.0021422171 2.9222395
643 1879 2.14238181 0.00214238181 2.9222395
643 1879 2.14281477 0.00214281477 2.9222395
643 1879 2.14231343 0.00214231343 2.9222395
643 1881 2.14234197 0.00214234197 2.92534992
642 1875 2.13056928 0.00213056928 2.92056075
642 1875 2.13056947 0.00213056947 2.92056075
642 1876 2.13063138 0.00213063138 2.92211838
642 1875 2.13126651 0.00213126651 2.92056075
642 1875 2.13087897 0.00213087897 2.92056075
642 1875 2.13087529 0.00213087529 2.92056075
642 1875 2.13097641 0.00213097641 2.92056075
642 1875 2.13108245 0.00213108245 2.92056075
642 1875 2.13105688 0.00213105688 2.92056075
642 1875 2.13105734 0.00213105734 2.92056075
641 1869 2.11981098 0.00211981098 2.91575663
641 1869 2.1196775 0.0021196775 2.91575663
641 1869 2.1196644 0.0021196644 2.91575663
641 1871 2.11954532 0.00211954532 2.91887676
641 1871 2.11955168 0.00211955168 2.91887676
641 1869 2.11976031 0.00211976031 2.91575663
641 1869 2.11989257 0.00211989257 2.91575663
641 1871 2.11950282 0.00211950282 2.91887676
641 1869 2.11959693 0.00211959693 2.91575663
641 1869 2.11973566 0.00211973566 2.91575663
640 1865 2.10823044 0.00210823044 2.9140625
640 1866 2.10776805 0.00210776805 2.915625
640 1866 2.10803689 0.00210803689 2.915625
640 1865 2.10831907 0.00210831907 2.9140625
640 1865 2.10807294 0.00210807294 2.9140625
640 1865 2.10818177 0.00210818177 2.9140625
640 1865 2.10830461 0.00210830461 2.9140625
640 1865 2.108108 0.002108108 2.9140625
640 1866 2.10817162 0.00210817162 2.915625
640 1866 2.10860316 0.00210860316 2.915625
639 1862 2.09643081 0.00209643081 2.91392801
639 1859 2.09619101 0.00209619101 2.90923318
639 1862 2.09829605 0.00209829605 2.91392801
639 1862 2.09814711 0.00209814711 2.91392801
639 1862 2.09810439 0.00209810439 2.91392801
639 1862 2.09816939 0.00209816939 2.91392801
639 1862 2.09846811 0.00209846811 2.91392801
639 1862 2.09830755 0.00209830755 2.91392801
639 1862 2.09750112 0.00209750112 2.91392801
639 1862 2.09838784 0.00209838784 2.91392801
638 1856 2.08627196 0.00208627196 2.90909091
638 1854 2.09381795 0.00209381795 2.90595611
638 1854 2.09407993 0.00209407993 2.90595611
638 1854 2.09377107 0.00209377107 2.90595611
638 1854 2.09360351 0.00209360351 2.90595611
638 1854 2.09373425 0.00209373425 2.90595611
638 1854 2.09374868 0.00209374868 2.90595611
638 1854 2.0937447 0.0020937447 2.90595611
638 1854 2.09376172 0.00209376172 2.90595611
638 1854 2.0937573 0.0020937573 2.90595611
637 1848 2.0828485 0.0020828485 2.9010989
637 1848 2.08282742 0.00208282742 2.9010989
637 1848 2.08276816 0.00208276816 2.9010989
637 1848 2.08267692 0.00208267692 2.9010989
637 1848 2.08267554 0.00208267554 2.9010989
637 1848 2.08293764 0.00208293764 2.9010989
637 1848 2.08282927 0.00208282927 2.9010989
637 1848 2.08295571 0.00208295571 2.9010989
637 1848 2.08290755 0.00208290755 2.9010989
637 1848 2.08263014 0.00208263014 2.9010989
636 1844 2.07093982 0.00207093982 2.89937107
636 1845 2.07143758 0.00207143758 2.9009434
636 1845 2.07095966 0.00207095966 2.9009434
636 1844 2.07096501 0.00207096501 2.89937107
636 1844 2.07118488 0.00207118488 2.89937107
636 1844 2.07132694 0.00207132694 2.89937107
636 1844 2.07127503 0.00207127503 2.89937107
636 1844 2.07151395 0.00207151395 2.89937107
636 1844 2.07163709 0.00207163709 2.89937107
636 1844 2.07163063 0.00207163063 2.89937107
635 1841 2.05984808 0.00205984808 2.8992126
635 1841 2.05964363 0.00205964363 2.8992126
635 1841 2.05962262 0.00205962262 2.8992126
635 1841 2.05959771 0.00205959771 2.8992126
635 1841 2.05952084 0.00205952084 2.8992126
635 1841 2.05947145 0.00205947145 2.8992126
635 1841 2.05948131 0.00205948131 2.8992126
635 1841 2.05949612 0.00205949612 2.8992126
635 1841 2.05950146 0.00205950146 2.8992126
635 1841 2.05949162 0.00205949162 2.8992126
634 1836 2.04750524 0.00204750524 2.89589905
634 1836 2.04754268 0.00204754268 2.89589905
634 1836 2.04760235 0.00204760235 2.89589905
634 1836 2.04784005 0.00204784005 2.89589905
634 1836 2.04780478 0.00204780478 2.89589905
634 1837 2.04678877 0.00204678877 2.89747634
634 1837 2.04749713 0.00204749713 2.89747634
634 1836 2.04769647 0.00204769647 2.89589905
634 1836 2.04786979 0.00204786979 2.89589905
634 1836 2.04792756 0.00204792756 2.89589905
633 1832 2.03471375 0.00203471375 2.89415482
633 1832 2.03503184 0.00203503184 2.89415482
633 1830 2.03491642 0.00203491642 2.89099526
633 1832 2.03482533 0.00203482533 2.89415482
633 1832 2.03530032 0.00203530032 2.89415482
633 1832 2.03543972 0.00203543972 2.89415482
633 1830 2.03456843 0.00203456843 2.89099526
633 1832 2.03516728 0.00203516728 2.89415482
633 1830 2.03522872 0.00203522872 2.89099526
633 1832 2.03521155 0.00203521155 2.89415482
632 1828 2.02259855 0.00202259855 2.89240506
632 1826 2.02308145 0.00202308145 2.88924051
632 1826 2.0229285 0.0020229285 2.88924051
632 1826 2.02276204 0.00202276204 2.88924051
632 1826 2.02281101 0.00202281101 2.88924051
632 1826 2.02297176 0.00202297176 2.88924051
632 1826 2.02292359 0.00202292359 2.88924051
632 1826 2.0229697 0.0020229697 2.88924051
632 1826 2.02321133 0.00202321133 2.88924051
632 1826 2.02322588 0.00202322588 2.88924051
631 1822 2.01021068 0.00201021068 2.88748019
631 1824 2.01198135 0.00201198135 2.89064976
631 1823 2.01226856 0.00201226856 2.88906498
631 1823 2.01191239 0.00201191239 2.88906498
631 1824 2.01212005 0.00201212005 2.89064976
631 1824 2.01220991 0.00201220991 2.89064976
631 1824 2.01223549 0.00201223549 2.89064976
631 1824 2.01230127 0.00201230127 2.89064976
631 1824 2.01228762 0.00201228762 2.89064976
631 1824 2.0123139 0.0020123139 2.89064976
630 1820 1.99966898 0.00199966898 2.88888889
630 1818 1.99963599 0.00199963599 2.88571429
630 1818 1.99965963 0.00199965963 2.88571429
630 1820 2.00018878 0.00200018878 2.88888889
630 1819 1.9998948 0.0019998948 2.88730159
630 1817 2.01880674 0.00201880674 2.88412698
630 1817 2.01878238 0.00201878238 2.88412698
630 1817 2.01895537 0.00201895537 2.88412698
630 1817 2.01872209 0.00201872209 2.88412698
630 1817 2.01893568 0.00201893568 2.88412698
629 1812 2.00727338 0.00200727338 2.88076312
629 1812 2.00716409 0.00200716409 2.88076312
629 1814 2.00673336 0.00200673336 2.88394277
629 1812 2.00694477 0.00200694477 2.88076312
629 1812 2.00696161 0.00200696161 2.88076312
629 1814 2.00670111 0.00200670111 2.88394277
629 1812 2.00698762 0.00200698762 2.88076312
629 1812 2.00700197 0.00200700197 2.88076312
629 1814 2.00676509 0.00200676509 2.88394277
629 1812 2.00697013 0.00200697013 2.88076312
628 1808 1.99459093 0.00199459093 2.87898089
628 1809 1.99471831 0.00199471831 2.88057325
628 1807 1.99462134 0.00199462134 2.87738854
628 1803 2.00243247 0.00200243247 2.87101911
628 1804 2.00250776 0.00200250776 2.87261146
628 1803 2.0024962 0.0020024962 2.87101911
628 1803 2.00241753 0.00200241753 2.87101911
628 1804 2.00254729 0.00200254729 2.87261146
628 1803 2.00253756 0.00200253756 2.87101911
628 1803 2.00246706 0.00200246706 2.87101911
627 1800 1.99119382 0.00199119382 2.8708134
627 1800 1.99093977 0.00199093977 2.8708134
627 1800 1.99100086 0.00199100086 2.8708134
627 1800 1.99098812 0.00199098812 2.8708134
627 1800 1.99089247 0.00199089247 2.8708134
627 1800 1.99109638 0.00199109638 2.8708134
627 1800 1.99086964 0.00199086964 2.8708134
627 1800 1.99111121 0.00199111121 2.8708134
627 1800 1.99099589 0.00199099589 2.8708134
627 1800 1.99099209 0.00199099209 2.8708134
626 1796 1.97917922 0.00197917922 2.86900958
626 1795 1.97906016 0.00197906016 2.86741214
626 1795 1.97943155 0.00197943155 2.86741214
626 1795 1.97949174 0.00197949174 2.86741214
626 1795 1.97940359 0.00197940359 2.86741214
626 1795 1.97936862 0.00197936862 2.86741214
626 1796 1.97911226 0.00197911226 2.86900958
626 1796 1.9792179 0.0019792179 2.86900958
626 1795 1.97921686 0.00197921686 2.86741214
626 1795 1.97944775 0.00197944775 2.86741214
625 1791 1.96742342 0.00196742342 2.8656
625 1791 1.96704835 0.00196704835 2.8656
625 1791 1.96706964 0.00196706964 2.8656
625 1791 1.9673788 0.0019673788 2.8656
625 1791 1.96690052 0.00196690052 2.8656
625 1791 1.96744256 0.00196744256 2.8656
625 1791 1.96710483 0.00196710483 2.8656
625 1791 1.96705295 0.00196705295 2.8656
625 1791 1.96686179 0.00196686179 2.8656
625 1791 1.96723405 0.00196723405 2.8656
624 1786 1.95536021 0.00195536021 2.86217949
624 1786 1.95477249 0.00195477249 2.86217949
624 1786 1.95521128 0.00195521128 2.86217949
624 1786 1.95451115 0.00195451115 2.86217949
624 1786 1.95492544 0.00195492544 2.86217949
624 1786 1.95475503 0.00195475503 2.86217949
624 1786 1.95541607 0.00195541607 2.86217949
624 1786 1.95501052 0.00195501052 2.86217949
624 1786 1.95495466 0.00195495466 2.86217949
624 1786 1.9551753 0.0019551753 2.86217949
623 1783 1.94245991 0.00194245991 2.86195827
623 1783 1.94240287 0.00194240287 2.86195827
623 1777 1.94205141 0.00194205141 2.85232745
623 1783 1.94226063 0.00194226063 2.86195827
623 1778 1.94247464 0.00194247464 2.85393258
623 1778 1.9425017 0.0019425017 2.85393258
623 1777 1.94225965 0.00194225965 2.85232745
623 1783 1.9425215 0.0019425215 2.86195827
623 1783 1.9430962 0.0019430962 2.86195827
623 1783 1.94309065 0.00194309065 2.86195827
622 1774 1.9300083 0.0019300083 2.85209003
622 1774 1.93018629 0.00193018629 2.85209003
622 1774 1.92995579 0.00192995579 2.85209003
622 1774 1.92983745 0.00192983745 2.85209003
622 1774 1.93034587 0.00193034587 2.85209003
622 1774 1.93004623 0.00193004623 2.85209003
622 1774 1.93000766 0.00193000766 2.85209003
622 1774 1.92979884 0.00192979884 2.85209003
622 1774 1.92980213 0.00192980213 2.85209003
622 1779 1.92974797 0.00192974797 2.86012862
621 1775 1.92069031 0.00192069031 2.85829308
621 1775 1.93286125 0.00193286125 2.85829308
621 1775 1.93295911 0.00193295911 2.85829308
621 1775 1.93299248 0.00193299248 2.85829308
621 1775 1.93307077 0.00193307077 2.85829308
621 1775 1.93293352 0.00193293352 2.85829308
621 1775 1.93299886 0.00193299886 2.85829308
621 1775 1.9328626 0.0019328626 2.85829308
621 1775 1.93295198 0.00193295198 2.85829308
621 1775 1.93295057 0.00193295057 2.85829308
620 1766 1.920598 0.001920598 2.8483871
620 1772 1.92085172 0.00192085172 2.85806452
620 1772 1.92082292 0.00192082292 2.85806452
620 1772 1.92101043 0.00192101043 2.85806452
620 1772 1.92074265 0.00192074265 2.85806452
620 1772 1.92086334 0.00192086334 2.85806452
620 1772 1.92068435 0.00192068435 2.85806452
620 1772 1.92065104 0.00192065104 2.85806452
620 1772 1.92070505 0.00192070505 2.85806452
620 1772 1.92068384 0.00192068384 2.85806452
619 1763 1.90861052 0.00190861052 2.84814216
619 1763 1.90836015 0.00190836015 2.84814216
619 1763 1.90857599 0.00190857599 2.84814216
619 1763 1.90884618 0.00190884618 2.84814216
619 1763 1.90821133 0.00190821133 2.84814216
619 1763 1.90834582 0.00190834582 2.84814216
619 1763 1.90864873 0.00190864873 2.84814216
619 1763 1.90880153 0.00190880153 2.84814216
619 1763 1.90822327 0.00190822327 2.84814216
619 1764 1.90817793 0.00190817793 2.84975767
618 1757 1.89583642 0.00189583642 2.84304207
618 1755 1.90390683 0.00190390683 2.83980583
618 1758 1.91059244 0.00191059244 2.84466019
618 1758 1.91313345 0.00191313345 2.84466019
618 1760 1.91444408 0.00191444408 2.84789644
618 1761 1.93184331 0.00193184331 2.84951456
618 1761 1.93174614 0.00193174614 2.84951456
618 1761 1.93184102 0.00193184102 2.84951456
618 1761 1.93188655 0.00193188655 2.84951456
618 1761 1.93182785 0.00193182785 2.84951456
617 1757 1.92066512 0.00192066512 2.84764992
617 1757 1.92072547 0.00192072547 2.84764992
617 1757 1.92104842 0.00192104842 2.84764992
617 1757 1.92100778 0.00192100778 2.84764992
617 1757 1.92093245 0.00192093245 2.84764992
617 1757 1.92092515 0.00192092515 2.84764992
617 1757 1.92112278 0.00192112278 2.84764992
617 1757 1.92124403 0.00192124403 2.84764992
617 1757 1.92126788 0.00192126788 2.84764992
617 1757 1.92129122 0.00192129122 2.84764992
616 1754 1.90994418 0.00190994418 2.8474026
616 1753 1.90926328 0.00190926328 2.84577922
616 1752 1.90942165 0.00190942165 2.84415584
616 1753 1.90938136 0.00190938136 2.84577922
616 1752 1.90941062 0.00190941062 2.84415584
616 1753 1.90940569 0.00190940569 2.84577922
616 1752 1.90916077 0.00190916077 2.84415584
616 1753 1.90948873 0.00190948873 2.84577922
616 1752 1.90923992 0.00190923992 2.84415584
616 1753 1.909221 0.001909221 2.84577922
615 1748 1.89865975 0.00189865975 2.84227642
615 1749 1.89801325 0.00189801325 2.84390244
615 1748 1.89866557 0.00189866557 2.84227642
615 1748 1.89877311 0.00189877311 2.84227642
615 1748 1.89849865 0.00189849865 2.84227642
615 1748 1.89860172 0.00189860172 2.84227642
615 1748 1.89877879 0.00189877879 2.84227642
615 1748 1.89900783 0.00189900783 2.84227642
615 1748 1.89902415 0.00189902415 2.84227642
615 1748 1.89905022 0.00189905022 2.84227642
614 1745 1.88778638 0.00188778638 2.84201954
614 1745 1.88723118 0.00188723118 2.84201954
614 1745 1.88732096 0.00188732096 2.84201954
614 1745 1.8872797 0.0018872797 2.84201954
614 1745 1.88725999 0.00188725999 2.84201954
614 1745 1.88733798 0.00188733798 2.84201954
614 1745 1.88717268 0.00188717268 2.84201954
614 1745 1.88724926 0.00188724926 2.84201954
614 1745 1.88718505 0.00188718505 2.84201954
614 1745 1.88719941 0.00188719941 2.84201954
613 1742 1.87577314 0.00187577314 2.84176183
613 1736 1.8750383 0.0018750383 2.8319739
613 1742 1.87573273 0.00187573273 2.84176183
613 1738 1.87524029 0.00187524029 2.83523654
613 1742 1.8754137 0.0018754137 2.84176183
613 1742 1.87562241 0.00187562241 2.84176183
613 1742 1.87567081 0.00187567081 2.84176183
613 1742 1.87556323 0.00187556323 2.84176183
613 1742 1.87592905 0.00187592905 2.84176183
613 1742 1.87570615 0.00187570615 2.84176183
612 1733 1.86396218 0.00186396218 2.83169935
612 1735 1.86360224 0.00186360224 2.83496732
612 1733 1.86376401 0.00186376401 2.83169935
612 1733 1.86376925 0.00186376925 2.83169935
612 1733 1.8631948 0.0018631948 2.83169935
612 1735 1.86344517 0.00186344517 2.83496732
612 1733 1.86343547 0.00186343547 2.83169935
612 1735 1.86350681 0.00186350681 2.83496732
612 1733 1.86338589 0.00186338589 2.83169935
612 1733 1.86374621 0.00186374621 2.83169935
611 1727 1.85184163 0.00185184163 2.82651391
611 1727 1.85192858 0.00185192858 2.82651391
611 1727 1.85166939 0.00185166939 2.82651391
611 1727 1.85176288 0.00185176288 2.82651391
611 1727 1.85175747 0.00185175747 2.82651391
611 1727 1.85171844 0.00185171844 2.82651391
611 1727 1.85179251 0.00185179251 2.82651391
611 1727 1.85178214 0.00185178214 2.82651391
611 1727 1.85195599 0.00185195599 2.82651391
611 1727 1.85172738 0.00185172738 2.82651391
610 1719 1.83889003 0.00183889003 2.81803279
610 1719 1.83900145 0.00183900145 2.81803279
610 1723 1.83916583 0.00183916583 2.82459016
610 1719 1.83879673 0.00183879673 2.81803279
610 1723 1.83892628 0.00183892628 2.82459016
610 1719 1.83884431 0.00183884431 2.81803279
610 1723 1.83894597 0.00183894597 2.82459016
610 1719 1.8388166 0.0018388166 2.81803279
610 1723 1.83890299 0.00183890299 2.82459016
610 1719 1.83884091 0.00183884091 2.81803279
609 1715 1.82685417 0.00182685417 2.81609195
609 1715 1.82703717 0.00182703717 2.81609195
609 1715 1.8271127 0.0018271127 2.81609195
609 1715 1.82704401 0.00182704401 2.81609195
609 1715 1.82701333 0.00182701333 2.81609195
609 1715 1.82703442 0.00182703442 2.81609195
609 1715 1.82703 0.00182703 2.81609195
609 1715 1.82702382 0.00182702382 2.81609195
609 1715 1.82702246 0.00182702246 2.81609195
609 1715 1.82702174 0.00182702174 2.81609195
608 1710 1.81401202 0.00181401202 2.8125
608 1710 1.81379972 0.00181379972 2.8125
608 1709 1.81362533 0.00181362533 2.81085526
608 1709 1.81317064 0.00181317064 2.81085526
608 1712 1.81343304 0.00181343304 2.81578947
608 1710 1.81382124 0.00181382124 2.8125
608 1710 1.81408316 0.00181408316 2.8125
608 1709 1.81362424 0.00181362424 2.81085526
608 1710 1.81366 0.00181366 2.8125
608 1710 1.8136741 0.0018136741 2.8125
607 1704 1.80074336 0.00180074336 2.80724876
607 1707 1.80061879 0.00180061879 2.8121911
607 1707 1.80101589 0.00180101589 2.8121911
607 1708 1.80028471 0.00180028471 2.81383855
607 1707 1.80058882 0.00180058882 2.8121911
607 1704 1.80078967 0.00180078967 2.80724876
607 1707 1.80105641 0.00180105641 2.8121911
607 1708 1.80030429 0.00180030429 2.81383855
607 1710 1.80017197 0.00180017197 2.81713344
607 1707 1.80079893 0.00180079893 2.8121911
606 1701 1.78729721 0.00178729721 2.80693069
606 1701 1.78764201 0.00178764201 2.80693069
606 1701 1.78765542 0.00178765542 2.80693069
606 1705 1.78753529 0.00178753529 2.81353135
606 1705 1.78749191 0.00178749191 2.81353135
606 1703 1.7875766 0.0017875766 2.81023102
606 1701 1.78781446 0.00178781446 2.80693069
606 1701 1.78751693 0.00178751693 2.80693069
606 1705 1.78753746 0.00178753746 2.81353135
606 1702 1.78764506 0.00178764506 2.80858086
605 1698 1.77453076 0.00177453076 2.80661157
605 1696 1.78211537 0.00178211537 2.80330579
605 1700 1.78507177 0.00178507177 2.80991736
605 1697 1.78724592 0.00178724592 2.80495868
605 1697 1.78714336 0.00178714336 2.80495868
605 1697 1.78690332 0.00178690332 2.80495868
605 1697 1.78704877 0.00178704877 2.80495868
605 1697 1.78718461 0.00178718461 2.80495868
605 1697 1.78703844 0.00178703844 2.80495868
605 1697 1.78704609 0.00178704609 2.80495868
604 1692 1.77485757 0.00177485757 2.8013245
604 1692 1.77451489 0.00177451489 2.8013245
604 1689 1.77417748 0.00177417748 2.79635762
604 1692 1.77467097 0.00177467097 2.8013245
604 1692 1.77497734 0.00177497734 2.8013245
604 1692 1.77460313 0.00177460313 2.8013245
604 1692 1.77447712 0.00177447712 2.8013245
604 1692 1.7746675 0.0017746675 2.8013245
604 1692 1.77451167 0.00177451167 2.8013245
604 1692 1.77448855 0.00177448855 2.8013245
603 1685 1.76226233 0.00176226233 2.79436153
603 1685 1.76222063 0.00176222063 2.79436153
603 1685 1.7624309 0.0017624309 2.79436153
603 1685 1.76250871 0.00176250871 2.79436153
603 1685 1.76240879 0.00176240879 2.79436153
603 1685 1.76207018 0.00176207018 2.79436153
603 1685 1.76186944 0.00176186944 2.79436153
603 1685 1.7617881 0.0017617881 2.79436153
603 1685 1.76166717 0.00176166717 2.79436153
603 1685 1.76170343 0.00176170343 2.79436153
602 1681 1.7493259 0.0017493259 2.7923588
602 1681 1.75093016 0.00175093016 2.7923588
602 1681 1.74944941 0.00174944941 2.7923588
602 1681 1.75044816 0.00175044816 2.7923588
602 1681 1.75012668 0.00175012668 2.7923588
602 1681 1.7504383 0.0017504383 2.7923588
602 1681 1.75044392 0.00175044392 2.7923588
602 1681 1.74988627 0.00174988627 2.7923588
602 1681 1.75001428 0.00175001428 2.7923588
602 1681 1.750315 0.001750315 2.7923588
601 1679 1.73744869 0.00173744869 2.7936772
601 1676 1.73712344 0.00173712344 2.78868552
601 1678 1.73751836 0.00173751836 2.79201331
601 1678 1.73740967 0.00173740967 2.79201331
601 1679 1.73715836 0.00173715836 2.7936772
601 1678 1.73758786 0.00173758786 2.79201331
601 1678 1.73737664 0.00173737664 2.79201331
601 1679 1.73742355 0.00173742355 2.7936772
601 1680 1.73698692 0.00173698692 2.7953411
601 1678 1.73717768 0.00173717768 2.79201331
600 1676 1.72485353 0.00172485353 2.79333333
600 1676 1.72498041 0.00172498041 2.79333333
600 1676 1.72510745 0.00172510745 2.79333333
600 1676 1.72504949 0.00172504949 2.79333333
600 1676 1.72503907 0.00172503907 2.79333333
600 1676 1.72505592 0.00172505592 2.79333333
600 1676 1.72507348 0.00172507348 2.79333333
600 1676 1.72507147 0.00172507147 2.79333333
600 1676 1.72506725 0.00172506725 2.79333333
600 1676 1.72506435 0.00172506435 2.79333333
599 1671 1.71247436 0.00171247436 2.78964942
599 1671 1.71233886 0.00171233886 2.78964942
599 1671 1.71244625 0.00171244625 2.78964942
599 1671 1.71219552 0.00171219552 2.78964942
599 1671 1.71144036 0.00171144036 2.78964942
599 1671 1.71238769 0.00171238769 2.78964942
599 1671 1.71217106 0.00171217106 2.78964942
599 1671 1.71182713 0.00171182713 2.78964942
599 1671 1.7123602 0.0017123602 2.78964942
599 1671 1.71173354 0.00171173354 2.78964942
598 1664 1.69836034 0.00169836034 2.7826087
598 1667 1.7012097 0.0017012097 2.78762542
598 1668 1.70851608 0.00170851608 2.78929766
598 1662 1.71012047 0.00171012047 2.77926421
598 1664 1.71095524 0.00171095524 2.7826087
598 1666 1.71099509 0.00171099509 2.78595318
598 1666 1.71136433 0.00171136433 2.78595318
598 1666 1.71107959 0.00171107959 2.78595318
598 1664 1.71060647 0.00171060647 2.7826087
598 1666 1.71110562 0.00171110562 2.78595318
597 1662 1.69840144 0.00169840144 2.7839196
597 1662 1.69839692 0.00169839692 2.7839196
597 1660 1.69815566 0.00169815566 2.78056951
597 1662 1.69857756 0.00169857756 2.7839196
597 1662 1.69856378 0.00169856378 2.7839196
597 1662 1.69843412 0.00169843412 2.7839196
597 1660 1.69817976 0.00169817976 2.78056951
597 1662 1.6985856 0.0016985856 2.7839196
597 1662 1.6987156 0.0016987156 2.7839196
597 1662 1.69870359 0.00169870359 2.7839196
596 1658 1.68634112 0.00168634112 2.78187919
596 1656 1.68591871 0.00168591871 2.77852349
596 1658 1.68650791 0.00168650791 2.78187919
596 1658 1.68680878 0.00168680878 2.78187919
596 1658 1.68668335 0.00168668335 2.78187919
596 1658 1.68650047 0.00168650047 2.78187919
596 1658 1.68672021 0.00168672021 2.78187919
596 1658 1.68640566 0.00168640566 2.78187919
596 1658 1.6865628 0.0016865628 2.78187919
596 1658 1.68663288 0.00168663288 2.78187919
595 1652 1.67370157 0.00167370157 2.77647059
595 1655 1.67417163 0.00167417163 2.78151261
595 1655 1.67408961 0.00167408961 2.78151261
595 1656 1.6734901 0.0016734901 2.78319328
595 1655 1.67406763 0.00167406763 2.78151261
595 1655 1.67391016 0.00167391016 2.78151261
595 1655 1.6741553 0.0016741553 2.78151261
595 1655 1.67380553 0.00167380553 2.78151261
595 1655 1.67432435 0.00167432435 2.78151261
595 1655 1.67412897 0.00167412897 2.78151261
594 1649 1.6609929 0.0016609929 2.77609428
594 1649 1.66140596 0.00166140596 2.77609428
594 1649 1.66184667 0.00166184667 2.77609428
594 1652 1.66158825 0.00166158825 2.78114478
594 1652 1.66181975 0.00166181975 2.78114478
594 1649 1.66196387 0.00166196387 2.77609428
594 1649 1.66134603 0.00166134603 2.77609428
594 1649 1.66183279 0.00166183279 2.77609428
594 1649 1.66180945 0.00166180945 2.77609428
594 1649 1.66196792 0.00166196792 2.77609428
593 1646 1.64916703 0.00164916703 2.77571669
593 1646 1.64952285 0.00164952285 2.77571669
593 1645 1.64911675 0.00164911675 2.77403035
593 1640 1.65209469 0.00165209469 2.76559865
593 1636 1.65190516 0.00165190516 2.75885329
593 1636 1.66751431 0.00166751431 2.75885329
593 1634 1.67004896 0.00167004896 2.75548061
593 1636 1.66959344 0.00166959344 2.75885329
593 1636 1.66963514 0.00166963514 2.75885329
593 1638 1.66954058 0.00166954058 2.76222597
592 1630 1.65814872 0.00165814872 2.75337838
592 1630 1.65811947 0.00165811947 2.75337838
592 1630 1.65845643 0.00165845643 2.75337838
592 1630 1.65827042 0.00165827042 2.75337838
592 1630 1.65826217 0.00165826217 2.75337838
592 1630 1.65793604 0.00165793604 2.75337838
592 1630 1.65829561 0.00165829561 2.75337838
592 1630 1.65817456 0.00165817456 2.75337838
592 1630 1.65796508 0.00165796508 2.75337838
592 1630 1.65786966 0.00165786966 2.75337838
591 1627 1.6464436 0.0016464436 2.75296108
591 1627 1.64666798 0.00164666798 2.75296108
591 1627 1.64643297 0.00164643297 2.75296108
591 1627 1.64619106 0.00164619106 2.75296108
591 1627 1.64668294 0.00164668294 2.75296108
591 1627 1.64630202 0.00164630202 2.75296108
591 1627 1.64644793 0.00164644793 2.75296108
591 1627 1.64651263 0.00164651263 2.75296108
591 1627 1.64634416 0.00164634416 2.75296108
591 1627 1.64653935 0.00164653935 2.75296108
590 1623 1.63453289 0.00163453289 2.75084746
590 1623 1.63455005 0.00163455005 2.75084746
590 1623 1.63480664 0.00163480664 2.75084746
590 1623 1.63460864 0.00163460864 2.75084746
590 1623 1.63437207 0.00163437207 2.75084746
590 1623 1.63419919 0.00163419919 2.75084746
590 1622 1.63439583 0.00163439583 2.74915254
590 1622 1.63423131 0.00163423131 2.74915254
590 1622 1.63437498 0.00163437498 2.74915254
590 1622 1.63465793 0.00163465793 2.74915254
589 1619 1.6229441 0.0016229441 2.74872666
589 1619 1.62285529 0.00162285529 2.74872666
589 1619 1.62304034 0.00162304034 2.74872666
589 1619 1.62287773 0.00162287773 2.74872666
589 1619 1.62283112 0.00162283112 2.74872666
589 1619 1.62289583 0.00162289583 2.74872666
589 1619 1.62273705 0.00162273705 2.74872666
589 1619 1.62308586 0.00162308586 2.74872666
589 1619 1.62277246 0.00162277246 2.74872666
589 1619 1.6229501 0.0016229501 2.74872666
588 1614 1.61031812 0.00161031812 2.74489796
588 1614 1.6104137 0.0016104137 2.74489796
588 1616 1.61011597 0.00161011597 2.74829932
588 1618 1.61010664 0.00161010664 2.75170068
588 1618 1.61010227 0.00161010227 2.75170068
588 1614 1.6104496 0.0016104496 2.74489796
588 1614 1.61012655 0.00161012655 2.74489796
588 1614 1.61031579 0.00161031579 2.74489796
588 1618 1.61023125 0.00161023125 2.75170068
588 1618 1.61040195 0.00161040195 2.75170068
587 1615 1.59832072 0.00159832072 2.75127768
587 1615 1.59802629 0.00159802629 2.75127768
587 1615 1.59813285 0.00159813285 2.75127768
587 1615 1.59763702 0.00159763702 2.75127768
587 1615 1.59820639 0.00159820639 2.75127768
587 1613 1.59732381 0.00159732381 2.74787053
587 1611 1.59772001 0.00159772001 2.74446337
587 1615 1.59821743 0.00159821743 2.75127768
587 1611 1.59765575 0.00159765575 2.74446337
587 1615 1.59779757 0.00159779757 2.75127768
586 1613 1.58455616 0.00158455616 2.75255973
586 1613 1.58367947 0.00158367947 2.75255973
586 1610 1.58529151 0.00158529151 2.74744027
586 1610 1.58471824 0.00158471824 2.74744027
586 1613 1.58425198 0.00158425198 2.75255973
586 1610 1.58500592 0.00158500592 2.74744027
586 1610 1.58515963 0.00158515963 2.74744027
586 1610 1.58529339 0.00158529339 2.74744027
586 1610 1.5845377 0.0015845377 2.74744027
586 1610 1.58496938 0.00158496938 2.74744027
585 1605 1.57180053 0.00157180053 2.74358974
585 1605 1.57168861 0.00157168861 2.74358974
585 1605 1.57164674 0.00157164674 2.74358974
585 1605 1.57187658 0.00157187658 2.74358974
585 1605 1.57196975 0.00157196975 2.74358974
585 1605 1.57164259 0.00157164259 2.74358974
585 1605 1.57166245 0.00157166245 2.74358974
585 1605 1.5715889 0.0015715889 2.74358974
585 1605 1.57179694 0.00157179694 2.74358974
585 1605 1.57176774 0.00157176774 2.74358974
584 1598 1.55821185 0.00155821185 2.73630137
584 1601 1.55845533 0.00155845533 2.74143836
584 1598 1.55879691 0.00155879691 2.73630137
584 1600 1.55889223 0.00155889223 2.73972603
584 1600 1.55849132 0.00155849132 2.73972603
584 1600 1.55871472 0.00155871472 2.73972603
584 1600 1.5581459 0.0015581459 2.73972603
584 1600 1.55885763 0.00155885763 2.73972603
584 1598 1.55808038 0.00155808038 2.73630137
584 1600 1.55853488 0.00155853488 2.73972603
583 1593 1.54536123 0.00154536123 2.73241852
583 1596 1.54520716 0.00154520716 2.73756432
583 1593 1.54553849 0.00154553849 2.73241852
583 1593 1.54513935 0.00154513935 2.73241852
583 1596 1.54543038 0.00154543038 2.73756432
583 1593 1.54557024 0.00154557024 2.73241852
583 1593 1.5451493 0.0015451493 2.73241852
583 1596 1.5445765 0.0015445765 2.73756432
583 1596 1.54473543 0.00154473543 2.73756432
583 1593 1.54525318 0.00154525318 2.73241852
582 1591 1.53158256 0.00153158256 2.73367698
582 1591 1.53218499 0.00153218499 2.73367698
582 1591 1.53213905 0.00153213905 2.73367698
582 1591 1.53201039 0.00153201039 2.73367698
582 1591 1.53181512 0.00153181512 2.73367698
582 1591 1.53183123 0.00153183123 2.73367698
582 1591 1.53195114 0.00153195114 2.73367698
582 1591 1.53180287 0.00153180287 2.73367698
582 1591 1.53205215 0.00153205215 2.73367698
582 1591 1.53163704 0.00153163704 2.73367698
581 1585 1.51800673 0.00151800673 2.72805508
581 1585 1.52981297 0.00152981297 2.72805508
581 1584 1.52915288 0.00152915288 2.72633391
581 1588 1.52945766 0.00152945766 2.73321859
581 1585 1.5297595 0.0015297595 2.72805508
581 1585 1.52894335 0.00152894335 2.72805508
581 1585 1.52990172 0.00152990172 2.72805508
581 1585 1.52993781 0.00152993781 2.72805508
581 1588 1.52963703 0.00152963703 2.73321859
581 1585 1.53020677 0.00153020677 2.72805508
580 1583 1.5162367 0.0015162367 2.72931034
580 1583 1.51646711 0.00151646711 2.72931034
580 1588 1.51625192 0.00151625192 2.73793103
580 1586 1.51611511 0.00151611511 2.73448276
580 1583 1.51613961 0.00151613961 2.72931034
580 1583 1.51633972 0.00151633972 2.72931034
580 1583 1.51644804 0.00151644804 2.72931034
580 1583 1.51603799 0.00151603799 2.72931034
580 1586 1.51641595 0.00151641595 2.73448276
580 1583 1.51620383 0.00151620383 2.72931034
579 1581 1.50297535 0.00150297535 2.73056995
579 1581 1.50295955 0.00150295955 2.73056995
579 1581 1.5032233 0.0015032233 2.73056995
579 1581 1.50251681 0.00150251681 2.73056995
579 1581 1.502473 0.001502473 2.73056995
579 1581 1.50231494 0.00150231494 2.73056995
579 1581 1.50282663 0.00150282663 2.73056995
579 1581 1.50252026 0.00150252026 2.73056995
579 1577 1.50277359 0.00150277359 2.72366149
579 1575 1.50185536 0.00150185536 2.72020725
578 1570 1.48904279 0.00148904279 2.71626298
578 1575 1.48905645 0.00148905645 2.72491349
578 1577 1.48904163 0.00148904163 2.7283737
578 1571 1.49427631 0.00149427631 2.71799308
578 1568 1.49729327 0.00149729327 2.71280277
578 1567 1.49782608 0.00149782608 2.71107266
578 1568 1.49781543 0.00149781543 2.71280277
578 1571 1.49719034 0.00149719034 2.71799308
578 1569 1.49690418 0.00149690418 2.71453287
578 1571 1.4972329 0.0014972329 2.71799308
577 1566 1.4842306 0.0014842306 2.71403813
577 1566 1.4842229 0.0014842229 2.71403813
577 1566 1.48428285 0.00148428285 2.71403813
577 1566 1.48420711 0.00148420711 2.71403813
577 1566 1.48455432 0.00148455432 2.71403813
577 1566 1.484098 0.001484098 2.71403813
577 1566 1.48395813 0.00148395813 2.71403813
577 1565 1.48364592 0.00148364592 2.71230503
577 1566 1.48386878 0.00148386878 2.71403813
577 1561 1.48359857 0.00148359857 2.70537262
576 1554 1.4702374 0.0014702374 2.69791667
576 1558 1.47018616 0.00147018616 2.70486111
576 1558 1.47078109 0.00147078109 2.70486111
576 1560 1.47078049 0.00147078049 2.70833333
576 1560 1.47082151 0.00147082151 2.70833333
576 1564 1.47111109 0.00147111109 2.71527778
576 1564 1.47064962 0.00147064962 2.71527778
576 1564 1.47038032 0.00147038032 2.71527778
576 1564 1.47135401 0.00147135401 2.71527778
576 1564 1.47095456 0.00147095456 2.71527778
575 1558 1.45719017 0.00145719017 2.70956522
575 1553 1.45740771 0.00145740771 2.70086957
575 1558 1.45730009 0.00145730009 2.70956522
575 1558 1.45735237 0.00145735237 2.70956522
575 1553 1.45729296 0.00145729296 2.70086957
575 1553 1.45732063 0.00145732063 2.70086957
575 1558 1.45777015 0.00145777015 2.70956522
575 1553 1.4577037 0.0014577037 2.70086957
575 1558 1.457709 0.001457709 2.70956522
575 1553 1.45786485 0.00145786485 2.70086957
574 1551 1.44362522 0.00144362522 2.70209059
574 1551 1.44370819 0.00144370819 2.70209059
574 1551 1.44396299 0.00144396299 2.70209059
574 1551 1.4439608 0.0014439608 2.70209059
574 1551 1.4440186 0.0014440186 2.70209059
574 1551 1.4436782 0.0014436782 2.70209059
574 1551 1.44408825 0.00144408825 2.70209059
SP does not find any fixed points -> SP does not converge.
I am sorry I quit :(
