START ALGORITHM:
I am going to build an instance with N: 1000 variables and 4200 clauses with a clause density equal to 4.2
START BSP WITH r=0.9:
Decimation scorer: pol
END UNIT PROPAGATION
1000 4200 8.35188377 0.00835188377 4.2
1000 4200 8.35168384 0.00835168384 4.2
1000 4200 8.35136745 0.00835136745 4.2
1000 4200 8.35159462 0.00835159462 4.2
1000 4200 8.35157053 0.00835157053 4.2
1000 4200 8.35154475 0.00835154475 4.2
1000 4200 8.35149733 0.00835149733 4.2
1000 4200 8.35153516 0.00835153516 4.2
1000 4200 8.35151921 0.00835151921 4.2
999 4186 8.3507366 0.0083507366 4.19019019
999 4186 8.35073962 0.00835073962 4.19019019
999 4186 8.35074318 0.00835074318 4.19019019
999 4186 8.35073245 0.00835073245 4.19019019
999 4186 8.35073507 0.00835073507 4.19019019
999 4186 8.3507341 0.0083507341 4.19019019
999 4186 8.35073781 0.00835073781 4.19019019
999 4186 8.3507348 0.0083507348 4.19019019
999 4186 8.35073889 0.00835073889 4.19019019
999 4186 8.35073591 0.00835073591 4.19019019
998 4171 8.34883678 0.00834883678 4.17935872
998 4171 8.34882499 0.00834882499 4.17935872
998 4171 8.34886711 0.00834886711 4.17935872
998 4171 8.34877394 0.00834877394 4.17935872
998 4171 8.34877653 0.00834877653 4.17935872
998 4171 8.3488674 0.0083488674 4.17935872
998 4171 8.34881232 0.00834881232 4.17935872
998 4171 8.34878524 0.00834878524 4.17935872
998 4171 8.34884992 0.00834884992 4.17935872
998 4171 8.34882082 0.00834882082 4.17935872
997 4159 8.34143859 0.00834143859 4.17151454
997 4159 8.34151014 0.00834151014 4.17151454
997 4159 8.34157138 0.00834157138 4.17151454
997 4159 8.3415223 0.0083415223 4.17151454
997 4159 8.34150843 0.00834150843 4.17151454
997 4159 8.34153099 0.00834153099 4.17151454
997 4159 8.34150005 0.00834150005 4.17151454
997 4159 8.34168671 0.00834168671 4.17151454
997 4159 8.34159057 0.00834159057 4.17151454
997 4159 8.34153607 0.00834153607 4.17151454
996 4146 8.32929319 0.00832929319 4.1626506
996 4146 8.32930172 0.00832930172 4.1626506
996 4146 8.3293356 0.0083293356 4.1626506
996 4146 8.32930945 0.00832930945 4.1626506
996 4146 8.3292769 0.0083292769 4.1626506
996 4146 8.32929136 0.00832929136 4.1626506
996 4146 8.32930301 0.00832930301 4.1626506
996 4146 8.32931431 0.00832931431 4.1626506
996 4146 8.32932169 0.00832932169 4.1626506
996 4146 8.32932166 0.00832932166 4.1626506
995 4133 8.31623199 0.00831623199 4.15376884
995 4135 8.32009634 0.00832009634 4.15577889
995 4135 8.32036887 0.00832036887 4.15577889
995 4135 8.32029932 0.00832029932 4.15577889
995 4135 8.32025208 0.00832025208 4.15577889
995 4135 8.32032615 0.00832032615 4.15577889
995 4135 8.32029532 0.00832029532 4.15577889
995 4135 8.32026868 0.00832026868 4.15577889
995 4135 8.32027556 0.00832027556 4.15577889
995 4135 8.32026874 0.00832026874 4.15577889
994 4122 8.30726626 0.00830726626 4.14688129
994 4122 8.30715 0.00830715 4.14688129
994 4122 8.30716897 0.00830716897 4.14688129
994 4122 8.30718123 0.00830718123 4.14688129
994 4122 8.30718597 0.00830718597 4.14688129
994 4122 8.30716242 0.00830716242 4.14688129
994 4122 8.3071603 0.0083071603 4.14688129
994 4122 8.30715364 0.00830715364 4.14688129
994 4122 8.30714441 0.00830714441 4.14688129
994 4122 8.30714238 0.00830714238 4.14688129
993 4114 8.30160366 0.00830160366 4.14300101
993 4114 8.30159333 0.00830159333 4.14300101
993 4114 8.30157592 0.00830157592 4.14300101
993 4112 8.2974467 0.0082974467 4.14098691
993 4112 8.29741849 0.00829741849 4.14098691
993 4112 8.29744927 0.00829744927 4.14098691
993 4112 8.29741899 0.00829741899 4.14098691
993 4112 8.29744841 0.00829744841 4.14098691
993 4112 8.29742836 0.00829742836 4.14098691
993 4112 8.29746359 0.00829746359 4.14098691
992 4104 8.29190145 0.00829190145 4.13709677
992 4104 8.2918173 0.0082918173 4.13709677
992 4104 8.29188728 0.00829188728 4.13709677
992 4104 8.29196019 0.00829196019 4.13709677
992 4104 8.29199479 0.00829199479 4.13709677
992 4104 8.29198049 0.00829198049 4.13709677
992 4104 8.29197052 0.00829197052 4.13709677
992 4104 8.29195878 0.00829195878 4.13709677
992 4104 8.2919578 0.0082919578 4.13709677
992 4104 8.29195494 0.00829195494 4.13709677
991 4095 8.27951846 0.00827951846 4.13218971
991 4095 8.27946779 0.00827946779 4.13218971
991 4095 8.27945707 0.00827945707 4.13218971
991 4095 8.27946123 0.00827946123 4.13218971
991 4095 8.27946701 0.00827946701 4.13218971
991 4095 8.27947048 0.00827947048 4.13218971
991 4095 8.27947301 0.00827947301 4.13218971
991 4095 8.27947551 0.00827947551 4.13218971
991 4095 8.27947564 0.00827947564 4.13218971
991 4095 8.27947577 0.00827947577 4.13218971
990 4083 8.27239374 0.00827239374 4.12424242
990 4083 8.27235569 0.00827235569 4.12424242
990 4083 8.27249511 0.00827249511 4.12424242
990 4083 8.27247716 0.00827247716 4.12424242
990 4083 8.27248301 0.00827248301 4.12424242
990 4083 8.27249033 0.00827249033 4.12424242
990 4083 8.27248615 0.00827248615 4.12424242
990 4083 8.2724882 0.0082724882 4.12424242
990 4083 8.27248817 0.00827248817 4.12424242
990 4083 8.27248771 0.00827248771 4.12424242
989 4071 8.25206811 0.00825206811 4.11627907
989 4074 8.26195985 0.00826195985 4.11931244
989 4071 8.25184565 0.00825184565 4.11627907
989 4071 8.25201502 0.00825201502 4.11627907
989 4071 8.25201835 0.00825201835 4.11627907
989 4071 8.25191991 0.00825191991 4.11627907
989 4071 8.25197156 0.00825197156 4.11627907
989 4071 8.25193959 0.00825193959 4.11627907
989 4071 8.25193373 0.00825193373 4.11627907
989 4071 8.25193645 0.00825193645 4.11627907
988 4062 8.2415633 0.0082415633 4.11133603
988 4062 8.24156689 0.00824156689 4.11133603
988 4062 8.24157379 0.00824157379 4.11133603
988 4062 8.24159096 0.00824159096 4.11133603
988 4062 8.24158617 0.00824158617 4.11133603
988 4062 8.24158406 0.00824158406 4.11133603
988 4062 8.24158555 0.00824158555 4.11133603
988 4062 8.24158515 0.00824158515 4.11133603
988 4062 8.24158676 0.00824158676 4.11133603
988 4062 8.2415874 0.0082415874 4.11133603
987 4050 8.23487017 0.00823487017 4.10334347
987 4050 8.23494729 0.00823494729 4.10334347
987 4050 8.2350111 0.0082350111 4.10334347
987 4050 8.23494118 0.00823494118 4.10334347
987 4050 8.23489876 0.00823489876 4.10334347
987 4050 8.2349143 0.0082349143 4.10334347
987 4050 8.2349507 0.0082349507 4.10334347
987 4050 8.23489819 0.00823489819 4.10334347
987 4050 8.23492949 0.00823492949 4.10334347
987 4050 8.23495911 0.00823495911 4.10334347
986 4037 8.22271474 0.00822271474 4.09432049
986 4037 8.2229099 0.0082229099 4.09432049
986 4045 8.22024554 0.00822024554 4.10243408
986 4045 8.22042916 0.00822042916 4.10243408
986 4045 8.22046515 0.00822046515 4.10243408
986 4045 8.22044626 0.00822044626 4.10243408
986 4045 8.22043013 0.00822043013 4.10243408
986 4045 8.22040575 0.00822040575 4.10243408
986 4045 8.22038789 0.00822038789 4.10243408
986 4045 8.22039501 0.00822039501 4.10243408
985 4032 8.20839417 0.00820839417 4.09340102
985 4032 8.20832447 0.00820832447 4.09340102
985 4032 8.20842863 0.00820842863 4.09340102
985 4032 8.20840205 0.00820840205 4.09340102
985 4032 8.2083725 0.0082083725 4.09340102
985 4032 8.20835318 0.00820835318 4.09340102
985 4032 8.20835715 0.00820835715 4.09340102
985 4032 8.20834894 0.00820834894 4.09340102
985 4032 8.20834109 0.00820834109 4.09340102
985 4032 8.20833822 0.00820833822 4.09340102
984 4026 8.19041739 0.00819041739 4.09146341
984 4026 8.1902651 0.0081902651 4.09146341
984 4024 8.18660615 0.00818660615 4.08943089
984 4026 8.19038627 0.00819038627 4.09146341
984 4026 8.19042485 0.00819042485 4.09146341
984 4026 8.19039854 0.00819039854 4.09146341
984 4026 8.19041389 0.00819041389 4.09146341
984 4026 8.19042607 0.00819042607 4.09146341
984 4026 8.1904336 0.0081904336 4.09146341
984 4026 8.19043976 0.00819043976 4.09146341
983 4018 8.17277492 0.00817277492 4.08748728
983 4018 8.17272725 0.00817272725 4.08748728
983 4018 8.1728556 0.0081728556 4.08748728
983 4018 8.17283752 0.00817283752 4.08748728
983 4018 8.17282134 0.00817282134 4.08748728
983 4018 8.17280473 0.00817280473 4.08748728
983 4018 8.17280555 0.00817280555 4.08748728
983 4018 8.17281056 0.00817281056 4.08748728
983 4018 8.17281185 0.00817281185 4.08748728
983 4018 8.17281066 0.00817281066 4.08748728
982 4010 8.15521688 0.00815521688 4.08350305
982 4008 8.16253311 0.00816253311 4.0814664
982 4008 8.16257491 0.00816257491 4.0814664
982 4008 8.1632939 0.0081632939 4.0814664
982 4010 8.15510625 0.00815510625 4.08350305
982 4008 8.16253411 0.00816253411 4.0814664
982 4008 8.16255262 0.00816255262 4.0814664
982 4008 8.16266592 0.00816266592 4.0814664
982 4008 8.16265973 0.00816265973 4.0814664
982 4008 8.16262785 0.00816262785 4.0814664
981 4000 8.14574318 0.00814574318 4.07747197
981 4000 8.14569997 0.00814569997 4.07747197
981 4000 8.14578475 0.00814578475 4.07747197
981 4000 8.14572283 0.00814572283 4.07747197
981 4000 8.14569859 0.00814569859 4.07747197
981 4000 8.14571266 0.00814571266 4.07747197
981 4000 8.14571532 0.00814571532 4.07747197
981 4000 8.14571682 0.00814571682 4.07747197
981 4000 8.14571425 0.00814571425 4.07747197
981 4000 8.14571362 0.00814571362 4.07747197
980 3993 8.12319412 0.00812319412 4.0744898
980 3993 8.12329116 0.00812329116 4.0744898
980 3993 8.12327144 0.00812327144 4.0744898
980 3993 8.12331135 0.00812331135 4.0744898
980 3993 8.12330194 0.00812330194 4.0744898
980 3993 8.12309652 0.00812309652 4.0744898
980 3993 8.12328612 0.00812328612 4.0744898
980 3993 8.12332413 0.00812332413 4.0744898
980 3993 8.12330281 0.00812330281 4.0744898
980 3993 8.12327177 0.00812327177 4.0744898
979 3978 8.10289134 0.00810289134 4.06332993
979 3985 8.10805326 0.00810805326 4.07048008
979 3978 8.10285363 0.00810285363 4.06332993
979 3978 8.10273658 0.00810273658 4.06332993
979 3978 8.10275471 0.00810275471 4.06332993
979 3978 8.10271407 0.00810271407 4.06332993
979 3978 8.10268074 0.00810268074 4.06332993
979 3978 8.10267051 0.00810267051 4.06332993
979 3978 8.10266901 0.00810266901 4.06332993
979 3978 8.10266625 0.00810266625 4.06332993
978 3970 8.08777687 0.00808777687 4.0593047
978 3970 8.08781052 0.00808781052 4.0593047
978 3970 8.08789037 0.00808789037 4.0593047
978 3970 8.08793389 0.00808793389 4.0593047
978 3970 8.08792323 0.00808792323 4.0593047
978 3970 8.08786791 0.00808786791 4.0593047
978 3970 8.0879334 0.0080879334 4.0593047
978 3970 8.08794942 0.00808794942 4.0593047
978 3970 8.08786062 0.00808786062 4.0593047
978 3970 8.08792936 0.00808792936 4.0593047
977 3960 8.06684336 0.00806684336 4.05322416
977 3962 8.06216921 0.00806216921 4.05527124
977 3960 8.05945559 0.00805945559 4.05322416
977 3967 8.06542537 0.00806542537 4.06038895
977 3967 8.06550156 0.00806550156 4.06038895
977 3967 8.06546757 0.00806546757 4.06038895
977 3967 8.06545583 0.00806545583 4.06038895
977 3967 8.06544862 0.00806544862 4.06038895
977 3967 8.06546398 0.00806546398 4.06038895
977 3967 8.06546476 0.00806546476 4.06038895
976 3952 8.04523462 0.00804523462 4.04918033
976 3952 8.04537684 0.00804537684 4.04918033
976 3952 8.04523277 0.00804523277 4.04918033
976 3952 8.0451262 0.0080451262 4.04918033
976 3952 8.045095 0.008045095 4.04918033
976 3952 8.04509007 0.00804509007 4.04918033
976 3952 8.04508892 0.00804508892 4.04918033
976 3952 8.04508879 0.00804508879 4.04918033
976 3952 8.04508958 0.00804508958 4.04918033
976 3952 8.04508951 0.00804508951 4.04918033
975 3943 8.02059892 0.00802059892 4.04410256
975 3943 8.02057999 0.00802057999 4.04410256
975 3943 8.0206655 0.0080206655 4.04410256
975 3943 8.02070583 0.00802070583 4.04410256
975 3943 8.02065966 0.00802065966 4.04410256
975 3943 8.02067389 0.00802067389 4.04410256
975 3943 8.02066792 0.00802066792 4.04410256
975 3943 8.02067131 0.00802067131 4.04410256
975 3943 8.02066943 0.00802066943 4.04410256
975 3943 8.02066797 0.00802066797 4.04410256
974 3934 8.00021008 0.00800021008 4.03901437
974 3933 8.01058375 0.00801058375 4.03798768
974 3930 8.02006838 0.00802006838 4.0349076
974 3930 8.02003043 0.00802003043 4.0349076
974 3930 8.02003564 0.00802003564 4.0349076
974 3930 8.0200725 0.0080200725 4.0349076
974 3930 8.02004488 0.00802004488 4.0349076
974 3930 8.02003235 0.00802003235 4.0349076
974 3930 8.02002708 0.00802002708 4.0349076
974 3930 8.02002928 0.00802002928 4.0349076
973 3921 8.00138892 0.00800138892 4.02980473
973 3921 8.00155426 0.00800155426 4.02980473
973 3921 8.0014361 0.0080014361 4.02980473
973 3921 8.00134158 0.00800134158 4.02980473
973 3921 8.00132347 0.00800132347 4.02980473
973 3921 8.00131945 0.00800131945 4.02980473
973 3921 8.00131777 0.00800131777 4.02980473
973 3921 8.00131805 0.00800131805 4.02980473
973 3921 8.00131881 0.00800131881 4.02980473
973 3921 8.001319 0.008001319 4.02980473
972 3912 7.97706959 0.00797706959 4.02469136
972 3912 7.97695405 0.00797695405 4.02469136
972 3912 7.97687788 0.00797687788 4.02469136
972 3912 7.97680334 0.00797680334 4.02469136
972 3912 7.97671864 0.00797671864 4.02469136
972 3912 7.97672052 0.00797672052 4.02469136
972 3912 7.97669349 0.00797669349 4.02469136
972 3912 7.97670079 0.00797670079 4.02469136
972 3912 7.97670031 0.00797670031 4.02469136
972 3912 7.97670026 0.00797670026 4.02469136
971 3904 7.95251031 0.00795251031 4.02059732
971 3904 7.95297048 0.00795297048 4.02059732
971 3908 7.95168698 0.00795168698 4.02471679
971 3906 7.96708064 0.00796708064 4.02265705
970 3901 7.95075755 0.00795075755 4.02164948
970 3902 7.94550422 0.00794550422 4.02268041
970 3901 7.95077978 0.00795077978 4.02164948
970 3898 7.94399316 0.00794399316 4.0185567
970 3898 7.9440516 0.0079440516 4.0185567
970 3898 7.94434318 0.00794434318 4.0185567
969 3893 7.92832196 0.00792832196 4.01754386
969 3893 7.92856772 0.00792856772 4.01754386
969 3893 7.92855716 0.00792855716 4.01754386
969 3893 7.92841848 0.00792841848 4.01754386
969 3893 7.92837828 0.00792837828 4.01754386
969 3893 7.9283781 0.0079283781 4.01754386
969 3893 7.92837693 0.00792837693 4.01754386
969 3893 7.92837707 0.00792837707 4.01754386
969 3893 7.92837786 0.00792837786 4.01754386
969 3893 7.92837792 0.00792837792 4.01754386
968 3884 7.90463916 0.00790463916 4.01239669
968 3884 7.90443787 0.00790443787 4.01239669
968 3884 7.90458681 0.00790458681 4.01239669
968 3884 7.90464172 0.00790464172 4.01239669
968 3884 7.90462695 0.00790462695 4.01239669
968 3884 7.90462869 0.00790462869 4.01239669
968 3884 7.90461262 0.00790461262 4.01239669
968 3884 7.90460308 0.00790460308 4.01239669
968 3884 7.90459036 0.00790459036 4.01239669
968 3884 7.90458363 0.00790458363 4.01239669
967 3875 7.89180518 0.00789180518 4.00723888
967 3875 7.89182602 0.00789182602 4.00723888
967 3874 7.88436668 0.00788436668 4.00620476
967 3874 7.88431434 0.00788431434 4.00620476
967 3874 7.88431451 0.00788431451 4.00620476
967 3874 7.88429266 0.00788429266 4.00620476
967 3874 7.88428099 0.00788428099 4.00620476
967 3874 7.88429061 0.00788429061 4.00620476
967 3874 7.88428908 0.00788428908 4.00620476
967 3874 7.88429071 0.00788429071 4.00620476
966 3865 7.87182586 0.00787182586 4.0010352
966 3865 7.87192027 0.00787192027 4.0010352
966 3865 7.8719677 0.0078719677 4.0010352
966 3865 7.87180945 0.00787180945 4.0010352
966 3865 7.87180188 0.00787180188 4.0010352
966 3865 7.87196671 0.00787196671 4.0010352
966 3865 7.87183234 0.00787183234 4.0010352
966 3865 7.8718329 0.0078718329 4.0010352
966 3865 7.87195687 0.00787195687 4.0010352
966 3865 7.87187241 0.00787187241 4.0010352
965 3859 7.86645121 0.00786645121 3.99896373
965 3857 7.85675325 0.00785675325 3.99689119
965 3857 7.85676569 0.00785676569 3.99689119
965 3857 7.85676311 0.00785676311 3.99689119
965 3857 7.85676406 0.00785676406 3.99689119
965 3857 7.85675797 0.00785675797 3.99689119
965 3857 7.8567591 0.0078567591 3.99689119
965 3857 7.85675648 0.00785675648 3.99689119
965 3857 7.85675533 0.00785675533 3.99689119
965 3857 7.85675472 0.00785675472 3.99689119
964 3851 7.85134602 0.00785134602 3.99481328
964 3851 7.85138828 0.00785138828 3.99481328
964 3851 7.85144169 0.00785144169 3.99481328
964 3851 7.85141432 0.00785141432 3.99481328
964 3851 7.85140526 0.00785140526 3.99481328
964 3851 7.85139787 0.00785139787 3.99481328
964 3851 7.85139784 0.00785139784 3.99481328
964 3851 7.85139509 0.00785139509 3.99481328
964 3851 7.85139474 0.00785139474 3.99481328
964 3851 7.85139453 0.00785139453 3.99481328
963 3839 7.83579972 0.00783579972 3.98650052
963 3841 7.82202487 0.00782202487 3.98857736
963 3841 7.82178471 0.00782178471 3.98857736
963 3841 7.82176807 0.00782176807 3.98857736
963 3841 7.82176878 0.00782176878 3.98857736
963 3835 7.81250889 0.00781250889 3.98234683
963 3835 7.81249333 0.00781249333 3.98234683
963 3835 7.81252251 0.00781252251 3.98234683
963 3835 7.8125401 0.0078125401 3.98234683
963 3835 7.81254312 0.00781254312 3.98234683
962 3828 7.8038704 0.0078038704 3.97920998
962 3828 7.80384176 0.00780384176 3.97920998
962 3828 7.79372823 0.00779372823 3.97920998
962 3828 7.79376575 0.00779376575 3.97920998
962 3828 7.80387912 0.00780387912 3.97920998
962 3828 7.80382922 0.00780382922 3.97920998
962 3828 7.80378202 0.00780378202 3.97920998
962 3828 7.79375281 0.00779375281 3.97920998
962 3828 7.79375679 0.00779375679 3.97920998
962 3828 7.79371713 0.00779371713 3.97920998
961 3821 7.78519316 0.00778519316 3.9760666
961 3821 7.78509444 0.00778509444 3.9760666
961 3821 7.77892191 0.00777892191 3.9760666
961 3821 7.7789202 0.0077789202 3.9760666
961 3821 7.77891325 0.00777891325 3.9760666
961 3821 7.77891929 0.00777891929 3.9760666
961 3821 7.77890992 0.00777890992 3.9760666
961 3821 7.77889284 0.00777889284 3.9760666
961 3821 7.77887949 0.00777887949 3.9760666
961 3821 7.77887563 0.00777887563 3.9760666
960 3814 7.77027621 0.00777027621 3.97291667
960 3814 7.7702234 0.0077702234 3.97291667
960 3814 7.77025826 0.00777025826 3.97291667
960 3814 7.77034913 0.00777034913 3.97291667
960 3814 7.77035372 0.00777035372 3.97291667
960 3814 7.77042418 0.00777042418 3.97291667
960 3814 7.7703708 0.0077703708 3.97291667
960 3814 7.77038156 0.00777038156 3.97291667
960 3814 7.77046165 0.00777046165 3.97291667
960 3814 7.77043237 0.00777043237 3.97291667
959 3807 7.75447219 0.00775447219 3.96976017
959 3807 7.75425529 0.00775425529 3.96976017
959 3807 7.75420807 0.00775420807 3.96976017
959 3807 7.75433889 0.00775433889 3.96976017
959 3807 7.75438944 0.00775438944 3.96976017
959 3807 7.75439046 0.00775439046 3.96976017
959 3807 7.75439273 0.00775439273 3.96976017
959 3807 7.75439207 0.00775439207 3.96976017
959 3807 7.7543919 0.0077543919 3.96976017
959 3807 7.75439112 0.00775439112 3.96976017
958 3799 7.7331477 0.0077331477 3.96555324
958 3800 7.70964426 0.00770964426 3.96659708
958 3799 7.72090393 0.00772090393 3.96555324
958 3799 7.70583175 0.00770583175 3.96555324
958 3796 7.71706981 0.00771706981 3.96242171
958 3796 7.70225097 0.00770225097 3.96242171
958 3796 7.70184505 0.00770184505 3.96242171
958 3796 7.7063772 0.0077063772 3.96242171
958 3799 7.71441824 0.00771441824 3.96555324
958 3801 7.70285737 0.00770285737 3.96764092
957 3794 7.69454528 0.00769454528 3.96447231
957 3790 7.69523136 0.00769523136 3.96029258
957 3794 7.69449392 0.00769449392 3.96447231
957 3789 7.70868201 0.00770868201 3.95924765
957 3794 7.69459216 0.00769459216 3.96447231
957 3794 7.69440355 0.00769440355 3.96447231
957 3794 7.6944264 0.0076944264 3.96447231
957 3794 7.69440012 0.00769440012 3.96447231
957 3790 7.69524877 0.00769524877 3.96029258
957 3790 7.69527565 0.00769527565 3.96029258
956 3782 7.68084094 0.00768084094 3.95606695
956 3782 7.68085215 0.00768085215 3.95606695
956 3782 7.68084712 0.00768084712 3.95606695
956 3782 7.68093858 0.00768093858 3.95606695
956 3782 7.68097518 0.00768097518 3.95606695
956 3782 7.68098556 0.00768098556 3.95606695
956 3782 7.68098915 0.00768098915 3.95606695
956 3782 7.68098957 0.00768098957 3.95606695
956 3782 7.6809906 0.0076809906 3.95606695
956 3782 7.68099055 0.00768099055 3.95606695
955 3774 7.65839154 0.00765839154 3.95183246
955 3774 7.65809461 0.00765809461 3.95183246
955 3774 7.65829387 0.00765829387 3.95183246
955 3774 7.65823457 0.00765823457 3.95183246
955 3774 7.65834783 0.00765834783 3.95183246
955 3774 7.65815264 0.00765815264 3.95183246
955 3774 7.65825416 0.00765825416 3.95183246
955 3774 7.65820916 0.00765820916 3.95183246
955 3774 7.65833548 0.00765833548 3.95183246
955 3774 7.65816768 0.00765816768 3.95183246
954 3767 7.63421053 0.00763421053 3.94863732
954 3767 7.63441583 0.00763441583 3.94863732
954 3767 7.63791338 0.00763791338 3.94863732
954 3768 7.63496476 0.00763496476 3.94968553
954 3767 7.63414587 0.00763414587 3.94863732
954 3768 7.62921789 0.00762921789 3.94968553
954 3767 7.63420368 0.00763420368 3.94863732
954 3768 7.62917064 0.00762917064 3.94968553
954 3772 7.62803039 0.00762803039 3.95387841
954 3772 7.62798129 0.00762798129 3.95387841
953 3760 7.61480749 0.00761480749 3.94543547
953 3760 7.614793 0.007614793 3.94543547
953 3760 7.61480919 0.00761480919 3.94543547
953 3760 7.61480184 0.00761480184 3.94543547
953 3760 7.61481316 0.00761481316 3.94543547
953 3760 7.6148312 0.0076148312 3.94543547
953 3760 7.61481001 0.00761481001 3.94543547
953 3760 7.61479888 0.00761479888 3.94543547
953 3760 7.61479662 0.00761479662 3.94543547
953 3760 7.61477943 0.00761477943 3.94543547
952 3754 7.60966811 0.00760966811 3.94327731
952 3748 7.60692257 0.00760692257 3.93697479
952 3748 7.60689011 0.00760689011 3.93697479
952 3748 7.60690923 0.00760690923 3.93697479
952 3754 7.60967637 0.00760967637 3.94327731
952 3754 7.60965068 0.00760965068 3.94327731
952 3754 7.60967626 0.00760967626 3.94327731
952 3754 7.60968815 0.00760968815 3.94327731
952 3754 7.60969151 0.00760969151 3.94327731
952 3754 7.60969216 0.00760969216 3.94327731
951 3742 7.6018149 0.0076018149 3.93480547
951 3742 7.60179429 0.00760179429 3.93480547
951 3742 7.60175486 0.00760175486 3.93480547
951 3742 7.60174728 0.00760174728 3.93480547
951 3742 7.60174191 0.00760174191 3.93480547
951 3742 7.60173291 0.00760173291 3.93480547
951 3742 7.60173083 0.00760173083 3.93480547
951 3742 7.60173227 0.00760173227 3.93480547
951 3742 7.60173386 0.00760173386 3.93480547
951 3742 7.60173438 0.00760173438 3.93480547
950 3735 7.58603963 0.00758603963 3.93157895
950 3733 7.59284817 0.00759284817 3.92947368
950 3733 7.59281242 0.00759281242 3.92947368
950 3735 7.58605921 0.00758605921 3.93157895
950 3735 7.58607871 0.00758607871 3.93157895
950 3735 7.58610667 0.00758610667 3.93157895
950 3735 7.58609688 0.00758609688 3.93157895
950 3735 7.58609038 0.00758609038 3.93157895
950 3735 7.58619637 0.00758619637 3.93157895
950 3735 7.58615948 0.00758615948 3.93157895
949 3727 7.56450624 0.00756450624 3.92729189
949 3726 7.57708022 0.00757708022 3.92623815
949 3727 7.56437342 0.00756437342 3.92729189
949 3727 7.56435583 0.00756435583 3.92729189
949 3727 7.56432602 0.00756432602 3.92729189
949 3727 7.56430524 0.00756430524 3.92729189
949 3727 7.56432705 0.00756432705 3.92729189
949 3727 7.56433098 0.00756433098 3.92729189
949 3727 7.56432623 0.00756432623 3.92729189
949 3727 7.56432037 0.00756432037 3.92729189
948 3718 7.55530897 0.00755530897 3.92194093
948 3718 7.55535004 0.00755535004 3.92194093
948 3718 7.55525661 0.00755525661 3.92194093
948 3718 7.55524636 0.00755524636 3.92194093
948 3718 7.55527129 0.00755527129 3.92194093
948 3718 7.55527655 0.00755527655 3.92194093
948 3718 7.55528881 0.00755528881 3.92194093
948 3718 7.55529442 0.00755529442 3.92194093
948 3718 7.55529689 0.00755529689 3.92194093
948 3718 7.55529708 0.00755529708 3.92194093
947 3709 7.53594084 0.00753594084 3.91657867
947 3709 7.536126 0.007536126 3.91657867
947 3711 7.54286684 0.00754286684 3.9186906
947 3709 7.53593533 0.00753593533 3.91657867
947 3709 7.53598755 0.00753598755 3.91657867
947 3709 7.53601043 0.00753601043 3.91657867
947 3709 7.53600285 0.00753600285 3.91657867
947 3709 7.53600348 0.00753600348 3.91657867
947 3709 7.5359995 0.0075359995 3.91657867
947 3709 7.53599908 0.00753599908 3.91657867
946 3702 7.52392361 0.00752392361 3.91331924
946 3702 7.52382909 0.00752382909 3.91331924
946 3702 7.52387073 0.00752387073 3.91331924
946 3702 7.52382383 0.00752382383 3.91331924
946 3702 7.52379829 0.00752379829 3.91331924
946 3702 7.5238088 0.0075238088 3.91331924
946 3702 7.52381808 0.00752381808 3.91331924
946 3702 7.52381775 0.00752381775 3.91331924
946 3702 7.52381576 0.00752381576 3.91331924
946 3702 7.52381602 0.00752381602 3.91331924
945 3695 7.50545359 0.00750545359 3.91005291
945 3695 7.50553319 0.00750553319 3.91005291
945 3698 7.5122631 0.0075122631 3.91322751
945 3693 7.5041825 0.0075041825 3.90793651
945 3696 7.51223384 0.00751223384 3.91111111
945 3698 7.50863879 0.00750863879 3.91322751
945 3696 7.51233452 0.00751233452 3.91111111
945 3696 7.51230994 0.00751230994 3.91111111
945 3698 7.51956156 0.00751956156 3.91322751
945 3698 7.51967698 0.00751967698 3.91322751
944 3688 7.5140612 0.0075140612 3.90677966
944 3688 7.51402036 0.00751402036 3.90677966
944 3691 7.50159424 0.00750159424 3.90995763
944 3688 7.51406587 0.00751406587 3.90677966
944 3688 7.51402332 0.00751402332 3.90677966
944 3688 7.51401557 0.00751401557 3.90677966
944 3688 7.51396335 0.00751396335 3.90677966
944 3688 7.51397241 0.00751397241 3.90677966
944 3688 7.51397231 0.00751397231 3.90677966
944 3688 7.51397131 0.00751397131 3.90677966
943 3681 7.49604277 0.00749604277 3.90349947
943 3681 7.49616498 0.00749616498 3.90349947
943 3680 7.49927575 0.00749927575 3.90243902
943 3680 7.49912561 0.00749912561 3.90243902
943 3680 7.49941373 0.00749941373 3.90243902
943 3679 7.47982009 0.00747982009 3.90137858
943 3680 7.49916285 0.00749916285 3.90243902
943 3680 7.4991184 0.0074991184 3.90243902
943 3680 7.49911114 0.00749911114 3.90243902
943 3680 7.49907996 0.00749907996 3.90243902
942 3673 7.48109815 0.00748109815 3.89915074
942 3673 7.48137081 0.00748137081 3.89915074
942 3673 7.48139108 0.00748139108 3.89915074
942 3673 7.48144758 0.00748144758 3.89915074
942 3673 7.48146067 0.00748146067 3.89915074
942 3673 7.48145585 0.00748145585 3.89915074
942 3673 7.48145683 0.00748145683 3.89915074
942 3673 7.48145742 0.00748145742 3.89915074
942 3673 7.48145697 0.00748145697 3.89915074
942 3673 7.48145666 0.00748145666 3.89915074
941 3665 7.45312708 0.00745312708 3.89479277
941 3665 7.45279926 0.00745279926 3.89479277
941 3665 7.45269309 0.00745269309 3.89479277
941 3665 7.45285401 0.00745285401 3.89479277
941 3665 7.45299844 0.00745299844 3.89479277
941 3665 7.45276562 0.00745276562 3.89479277
941 3665 7.45279924 0.00745279924 3.89479277
941 3665 7.45297208 0.00745297208 3.89479277
941 3665 7.45275474 0.00745275474 3.89479277
941 3665 7.45279638 0.00745279638 3.89479277
940 3658 7.43822161 0.00743822161 3.89148936
940 3658 7.4381572 0.0074381572 3.89148936
940 3658 7.43792463 0.00743792463 3.89148936
940 3658 7.43806064 0.00743806064 3.89148936
940 3658 7.43817439 0.00743817439 3.89148936
940 3658 7.43817827 0.00743817827 3.89148936
940 3658 7.43819474 0.00743819474 3.89148936
940 3658 7.43820011 0.00743820011 3.89148936
940 3658 7.43820039 0.00743820039 3.89148936
940 3658 7.43819766 0.00743819766 3.89148936
939 3649 7.41856327 0.00741856327 3.88604899
939 3649 7.41846728 0.00741846728 3.88604899
939 3649 7.41854285 0.00741854285 3.88604899
939 3649 7.4186462 0.0074186462 3.88604899
939 3649 7.41843298 0.00741843298 3.88604899
939 3649 7.4184421 0.0074184421 3.88604899
939 3649 7.41848141 0.00741848141 3.88604899
939 3649 7.41848942 0.00741848942 3.88604899
939 3649 7.41844216 0.00741844216 3.88604899
939 3649 7.41844972 0.00741844972 3.88604899
938 3641 7.39375106 0.00739375106 3.88166311
938 3641 7.38391261 0.00738391261 3.88166311
938 3642 7.38993296 0.00738993296 3.88272921
938 3640 7.40038232 0.00740038232 3.88059701
938 3640 7.40017924 0.00740017924 3.88059701
938 3641 7.41360511 0.00741360511 3.88166311
938 3639 7.41349021 0.00741349021 3.87953092
938 3639 7.4135523 0.0074135523 3.87953092
938 3638 7.39963154 0.00739963154 3.87846482
938 3638 7.39955185 0.00739955185 3.87846482
937 3631 7.38537337 0.00738537337 3.8751334
937 3631 7.38516153 0.00738516153 3.8751334
937 3631 7.38521909 0.00738521909 3.8751334
937 3631 7.38519439 0.00738519439 3.8751334
937 3631 7.38517569 0.00738517569 3.8751334
937 3631 7.38518635 0.00738518635 3.8751334
937 3631 7.38519868 0.00738519868 3.8751334
937 3631 7.38520044 0.00738520044 3.8751334
937 3631 7.38519844 0.00738519844 3.8751334
937 3631 7.38519819 0.00738519819 3.8751334
936 3624 7.36670343 0.00736670343 3.87179487
936 3624 7.36684927 0.00736684927 3.87179487
936 3624 7.36668506 0.00736668506 3.87179487
936 3624 7.36678887 0.00736678887 3.87179487
936 3624 7.36672993 0.00736672993 3.87179487
936 3624 7.36669885 0.00736669885 3.87179487
936 3624 7.36672414 0.00736672414 3.87179487
936 3624 7.36671157 0.00736671157 3.87179487
936 3624 7.36672367 0.00736672367 3.87179487
936 3624 7.36671823 0.00736671823 3.87179487
935 3616 7.34100879 0.00734100879 3.86737968
935 3616 7.34106575 0.00734106575 3.86737968
935 3616 7.34102534 0.00734102534 3.86737968
935 3616 7.34108301 0.00734108301 3.86737968
935 3616 7.34110139 0.00734110139 3.86737968
935 3616 7.34108937 0.00734108937 3.86737968
935 3616 7.34108909 0.00734108909 3.86737968
935 3616 7.3411002 0.0073411002 3.86737968
935 3616 7.34109798 0.00734109798 3.86737968
935 3616 7.34110025 0.00734110025 3.86737968
934 3609 7.3329201 0.0073329201 3.8640257
934 3609 7.33260599 0.00733260599 3.8640257
934 3606 7.30389167 0.00730389167 3.8608137
934 3608 7.3175019 0.0073175019 3.86295503
934 3606 7.30383102 0.00730383102 3.8608137
934 3606 7.30388998 0.00730388998 3.8608137
934 3606 7.30399577 0.00730399577 3.8608137
934 3606 7.30403662 0.00730403662 3.8608137
934 3606 7.30398473 0.00730398473 3.8608137
934 3606 7.30401424 0.00730401424 3.8608137
933 3598 7.2807472 0.0072807472 3.85637728
933 3598 7.28054409 0.00728054409 3.85637728
933 3598 7.28043762 0.00728043762 3.85637728
933 3598 7.28054811 0.00728054811 3.85637728
933 3598 7.28044204 0.00728044204 3.85637728
933 3598 7.2805602 0.0072805602 3.85637728
933 3598 7.28044144 0.00728044144 3.85637728
933 3598 7.2805569 0.0072805569 3.85637728
933 3598 7.28044337 0.00728044337 3.85637728
933 3598 7.28055561 0.00728055561 3.85637728
932 3591 7.27213297 0.00727213297 3.85300429
932 3591 7.27202487 0.00727202487 3.85300429
932 3591 7.27210975 0.00727210975 3.85300429
932 3591 7.27194474 0.00727194474 3.85300429
932 3590 7.25380245 0.00725380245 3.85193133
932 3590 7.25356033 0.00725356033 3.85193133
932 3590 7.25389254 0.00725389254 3.85193133
932 3588 7.24288468 0.00724288468 3.84978541
932 3588 7.24658692 0.00724658692 3.84978541
932 3590 7.25412006 0.00725412006 3.85193133
931 3580 7.2203973 0.0072203973 3.8453276
931 3583 7.20423384 0.00720423384 3.84854995
931 3580 7.22015402 0.00722015402 3.8453276
931 3580 7.22052338 0.00722052338 3.8453276
931 3580 7.22030459 0.00722030459 3.8453276
931 3580 7.22032748 0.00722032748 3.8453276
931 3580 7.22031103 0.00722031103 3.8453276
931 3580 7.22029811 0.00722029811 3.8453276
931 3580 7.22029937 0.00722029937 3.8453276
931 3580 7.22030192 0.00722030192 3.8453276
930 3573 7.18091783 0.00718091783 3.84193548
930 3575 7.1957483 0.0071957483 3.84408602
930 3571 7.19062405 0.00719062405 3.83978495
930 3574 7.19512435 0.00719512435 3.84301075
930 3574 7.19518884 0.00719518884 3.84301075
930 3573 7.19853382 0.00719853382 3.84193548
930 3573 7.19713703 0.00719713703 3.84193548
930 3575 7.21326138 0.00721326138 3.84408602
930 3575 7.21252584 0.00721252584 3.84408602
930 3575 7.21280827 0.00721280827 3.84408602
929 3568 7.17241947 0.00717241947 3.84068891
929 3565 7.17594661 0.00717594661 3.83745963
929 3565 7.17574297 0.00717574297 3.83745963
929 3565 7.1759636 0.0071759636 3.83745963
929 3568 7.17263073 0.00717263073 3.84068891
929 3565 7.17596205 0.00717596205 3.83745963
929 3565 7.17634611 0.00717634611 3.83745963
929 3565 7.17591287 0.00717591287 3.83745963
929 3565 7.17587164 0.00717587164 3.83745963
929 3565 7.17616494 0.00717616494 3.83745963
928 3558 7.13720882 0.00713720882 3.83405172
928 3558 7.13761659 0.00713761659 3.83405172
928 3558 7.13723809 0.00713723809 3.83405172
928 3558 7.1373296 0.0071373296 3.83405172
928 3558 7.13735609 0.00713735609 3.83405172
928 3558 7.13742881 0.00713742881 3.83405172
928 3558 7.13746166 0.00713746166 3.83405172
928 3558 7.13746322 0.00713746322 3.83405172
928 3558 7.13747424 0.00713747424 3.83405172
928 3558 7.13747034 0.00713747034 3.83405172
927 3550 7.11447648 0.00711447648 3.82955771
927 3550 7.10857902 0.00710857902 3.82955771
927 3550 7.11680252 0.00711680252 3.82955771
927 3549 7.12660737 0.00712660737 3.82847896
927 3549 7.12653331 0.00712653331 3.82847896
927 3549 7.12686681 0.00712686681 3.82847896
927 3551 7.10733589 0.00710733589 3.83063646
927 3549 7.12667252 0.00712667252 3.82847896
927 3549 7.12655091 0.00712655091 3.82847896
927 3550 7.10837801 0.00710837801 3.82955771
926 3542 7.08962451 0.00708962451 3.825054
926 3542 7.08950871 0.00708950871 3.825054
926 3542 7.08957227 0.00708957227 3.825054
926 3542 7.08948629 0.00708948629 3.825054
926 3542 7.0895436 0.0070895436 3.825054
926 3542 7.08947141 0.00708947141 3.825054
926 3542 7.08948756 0.00708948756 3.825054
926 3542 7.08949849 0.00708949849 3.825054
926 3542 7.08949769 0.00708949769 3.825054
926 3542 7.08949836 0.00708949836 3.825054
925 3536 7.0784266 0.0070784266 3.8227027
925 3538 7.04954312 0.00704954312 3.82486486
925 3540 7.05992801 0.00705992801 3.82702703
925 3539 7.08691911 0.00708691911 3.82594595
925 3539 7.08684801 0.00708684801 3.82594595
925 3539 7.08682931 0.00708682931 3.82594595
925 3539 7.08686303 0.00708686303 3.82594595
925 3539 7.08681295 0.00708681295 3.82594595
925 3539 7.08679322 0.00708679322 3.82594595
925 3539 7.08679698 0.00708679698 3.82594595
924 3532 7.04888744 0.00704888744 3.82251082
924 3532 7.04933321 0.00704933321 3.82251082
924 3532 7.0489175 0.0070489175 3.82251082
924 3532 7.04897146 0.00704897146 3.82251082
924 3532 7.04907828 0.00704907828 3.82251082
924 3532 7.04911534 0.00704911534 3.82251082
924 3532 7.04918137 0.00704918137 3.82251082
924 3532 7.04919231 0.00704919231 3.82251082
924 3532 7.0491953 0.0070491953 3.82251082
924 3532 7.04919891 0.00704919891 3.82251082
923 3524 7.02612567 0.00702612567 3.81798483
923 3524 7.02598392 0.00702598392 3.81798483
923 3524 7.02599279 0.00702599279 3.81798483
923 3524 7.02593115 0.00702593115 3.81798483
923 3524 7.0259575 0.0070259575 3.81798483
923 3524 7.02595431 0.00702595431 3.81798483
923 3524 7.02595532 0.00702595532 3.81798483
923 3524 7.02595469 0.00702595469 3.81798483
923 3524 7.02595596 0.00702595596 3.81798483
923 3524 7.02595661 0.00702595661 3.81798483
922 3517 7.01723599 0.00701723599 3.81453362
922 3517 7.01714251 0.00701714251 3.81453362
922 3517 7.01708483 0.00701708483 3.81453362
922 3517 7.01703543 0.00701703543 3.81453362
922 3517 7.01701202 0.00701701202 3.81453362
922 3517 7.01700395 0.00701700395 3.81453362
922 3517 7.0170032 0.0070170032 3.81453362
922 3517 7.01699976 0.00701699976 3.81453362
922 3517 7.01699869 0.00701699869 3.81453362
922 3517 7.01699788 0.00701699788 3.81453362
921 3504 6.9942783 0.0069942783 3.80456026
921 3510 7.00714824 0.00700714824 3.81107492
921 3509 6.99612079 0.00699612079 3.80998914
921 3509 7.0038976 0.0070038976 3.80998914
921 3512 7.00117674 0.00700117674 3.81324647
921 3509 7.00388348 0.00700388348 3.80998914
921 3509 7.00399374 0.00700399374 3.80998914
921 3509 7.00398743 0.00700398743 3.80998914
921 3509 7.0039324 0.0070039324 3.80998914
921 3509 7.0039486 0.0070039486 3.80998914
920 3504 6.97914619 0.00697914619 3.80869565
920 3504 6.97905933 0.00697905933 3.80869565
920 3504 6.97905715 0.00697905715 3.80869565
920 3504 6.97904824 0.00697904824 3.80869565
920 3504 6.97916248 0.00697916248 3.80869565
920 3504 6.97910048 0.00697910048 3.80869565
920 3504 6.97910358 0.00697910358 3.80869565
920 3504 6.97904383 0.00697904383 3.80869565
920 3504 6.97919052 0.00697919052 3.80869565
920 3504 6.97909839 0.00697909839 3.80869565
919 3491 6.95716108 0.00695716108 3.79869423
919 3497 6.97028787 0.00697028787 3.80522307
919 3497 6.97024217 0.00697024217 3.80522307
919 3497 6.97018349 0.00697018349 3.80522307
919 3497 6.97018692 0.00697018692 3.80522307
919 3497 6.97017781 0.00697017781 3.80522307
919 3497 6.97018239 0.00697018239 3.80522307
919 3497 6.97018219 0.00697018219 3.80522307
919 3497 6.97017852 0.00697017852 3.80522307
919 3497 6.9701788 0.0069701788 3.80522307
918 3484 6.94831778 0.00694831778 3.79520697
918 3484 6.94829224 0.00694829224 3.79520697
918 3484 6.94820988 0.00694820988 3.79520697
918 3484 6.94813944 0.00694813944 3.79520697
918 3484 6.94811725 0.00694811725 3.79520697
918 3484 6.94811412 0.00694811412 3.79520697
918 3484 6.94811045 0.00694811045 3.79520697
918 3484 6.94811069 0.00694811069 3.79520697
918 3484 6.9481108 0.0069481108 3.79520697
918 3484 6.94811054 0.00694811054 3.79520697
917 3476 6.92289919 0.00692289919 3.79062159
917 3476 6.92343489 0.00692343489 3.79062159
917 3476 6.92334535 0.00692334535 3.79062159
917 3476 6.92325444 0.00692325444 3.79062159
917 3476 6.92340727 0.00692340727 3.79062159
917 3476 6.923263 0.006923263 3.79062159
917 3476 6.92342671 0.00692342671 3.79062159
917 3476 6.92325852 0.00692325852 3.79062159
917 3476 6.92342277 0.00692342277 3.79062159
917 3476 6.92326321 0.00692326321 3.79062159
916 3469 6.91094297 0.00691094297 3.7871179
916 3467 6.90528034 0.00690528034 3.7849345
916 3468 6.92616987 0.00692616987 3.7860262
916 3468 6.9259947 0.0069259947 3.7860262
916 3468 6.92587297 0.00692587297 3.7860262
916 3468 6.9258516 0.0069258516 3.7860262
916 3468 6.92583935 0.00692583935 3.7860262
916 3468 6.92583543 0.00692583543 3.7860262
916 3468 6.92583332 0.00692583332 3.7860262
916 3468 6.92583378 0.00692583378 3.7860262
915 3460 6.90072078 0.00690072078 3.78142077
915 3460 6.90110609 0.00690110609 3.78142077
915 3460 6.90101961 0.00690101961 3.78142077
915 3460 6.90115316 0.00690115316 3.78142077
915 3460 6.90112854 0.00690112854 3.78142077
915 3460 6.90112477 0.00690112477 3.78142077
915 3460 6.90113281 0.00690113281 3.78142077
915 3460 6.90113191 0.00690113191 3.78142077
915 3460 6.90113106 0.00690113106 3.78142077
915 3460 6.90113099 0.00690113099 3.78142077
914 3450 6.88434809 0.00688434809 3.77461707
914 3450 6.88431294 0.00688431294 3.77461707
914 3450 6.88424567 0.00688424567 3.77461707
914 3450 6.8842517 0.0068842517 3.77461707
914 3450 6.88425973 0.00688425973 3.77461707
914 3450 6.8842627 0.0068842627 3.77461707
914 3450 6.88426477 0.00688426477 3.77461707
914 3450 6.88426538 0.00688426538 3.77461707
914 3450 6.88426599 0.00688426599 3.77461707
914 3450 6.88426589 0.00688426589 3.77461707
913 3442 6.86494009 0.00686494009 3.76998905
913 3442 6.86526762 0.00686526762 3.76998905
913 3442 6.86552821 0.00686552821 3.76998905
913 3442 6.86513241 0.00686513241 3.76998905
913 3442 6.86565681 0.00686565681 3.76998905
913 3442 6.86532539 0.00686532539 3.76998905
913 3442 6.86514248 0.00686514248 3.76998905
913 3442 6.8653363 0.0068653363 3.76998905
913 3442 6.86556379 0.00686556379 3.76998905
913 3442 6.8655535 0.0068655535 3.76998905
912 3433 6.83401289 0.00683401289 3.76425439
912 3433 6.83364851 0.00683364851 3.76425439
912 3433 6.83395515 0.00683395515 3.76425439
912 3433 6.83402593 0.00683402593 3.76425439
912 3433 6.83402703 0.00683402703 3.76425439
912 3433 6.83401564 0.00683401564 3.76425439
912 3433 6.83400454 0.00683400454 3.76425439
912 3433 6.83400907 0.00683400907 3.76425439
912 3433 6.83400802 0.00683400802 3.76425439
912 3433 6.8340073 0.0068340073 3.76425439
911 3424 6.80826685 0.00680826685 3.75850714
911 3424 6.80811564 0.00680811564 3.75850714
911 3424 6.80813278 0.00680813278 3.75850714
911 3424 6.80822225 0.00680822225 3.75850714
911 3424 6.80819665 0.00680819665 3.75850714
911 3424 6.80818851 0.00680818851 3.75850714
911 3424 6.80819798 0.00680819798 3.75850714
911 3424 6.80820259 0.00680820259 3.75850714
911 3424 6.80820271 0.00680820271 3.75850714
911 3424 6.80820279 0.00680820279 3.75850714
910 3417 6.78775435 0.00678775435 3.75494505
910 3417 6.78757752 0.00678757752 3.75494505
910 3417 6.7872378 0.0067872378 3.75494505
910 3417 6.78739248 0.00678739248 3.75494505
910 3417 6.7876838 0.0067876838 3.75494505
910 3417 6.78750288 0.00678750288 3.75494505
910 3417 6.7872471 0.0067872471 3.75494505
910 3417 6.78738961 0.00678738961 3.75494505
910 3417 6.78769717 0.00678769717 3.75494505
910 3417 6.7875001 0.0067875001 3.75494505
909 3411 6.75472926 0.00675472926 3.75247525
909 3411 6.75424194 0.00675424194 3.75247525
909 3411 6.75451363 0.00675451363 3.75247525
909 3411 6.75458626 0.00675458626 3.75247525
909 3411 6.75553718 0.00675553718 3.75247525
909 3411 6.75536771 0.00675536771 3.75247525
909 3411 6.75537671 0.00675537671 3.75247525
909 3411 6.75529955 0.00675529955 3.75247525
909 3411 6.75547479 0.00675547479 3.75247525
909 3411 6.75532979 0.00675532979 3.75247525
908 3405 6.72278001 0.00672278001 3.75
908 3405 6.74589575 0.00674589575 3.75
908 3405 6.74568564 0.00674568564 3.75
908 3405 6.74567151 0.00674567151 3.75
908 3405 6.74561438 0.00674561438 3.75
908 3405 6.74578129 0.00674578129 3.75
908 3402 6.72044211 0.00672044211 3.74669604
908 3404 6.72897823 0.00672897823 3.74889868
908 3404 6.72859042 0.00672859042 3.74889868
908 3404 6.72838896 0.00672838896 3.74889868
907 3398 6.71474009 0.00671474009 3.74641676
907 3395 6.69366296 0.00669366296 3.74310915
907 3398 6.71922721 0.00671922721 3.74641676
907 3398 6.71874361 0.00671874361 3.74641676
907 3398 6.71907565 0.00671907565 3.74641676
907 3398 6.69527451 0.00669527451 3.74641676
907 3398 6.69544049 0.00669544049 3.74641676
907 3398 6.69576512 0.00669576512 3.74641676
907 3398 6.69558606 0.00669558606 3.74641676
907 3398 6.69495749 0.00669495749 3.74641676
906 3392 6.68636366 0.00668636366 3.74392936
906 3392 6.68639601 0.00668639601 3.74392936
906 3392 6.6862701 0.0066862701 3.74392936
906 3387 6.65028724 0.00665028724 3.7384106
906 3387 6.66997537 0.00666997537 3.7384106
906 3388 6.66797494 0.00666797494 3.73951435
906 3387 6.66584423 0.00666584423 3.7384106
906 3387 6.68601308 0.00668601308 3.7384106
906 3387 6.68616421 0.00668616421 3.7384106
906 3387 6.68596208 0.00668596208 3.7384106
905 3382 6.65901847 0.00665901847 3.73701657
905 3383 6.65414944 0.00665414944 3.73812155
905 3384 6.66038497 0.00666038497 3.73922652
905 3381 6.66230601 0.00666230601 3.7359116
905 3381 6.66734815 0.00666734815 3.7359116
905 3378 6.64940591 0.00664940591 3.73259669
904 3372 6.63712728 0.00663712728 3.7300885
904 3372 6.63718727 0.00663718727 3.7300885
904 3372 6.63712747 0.00663712747 3.7300885
904 3372 6.63743361 0.00663743361 3.7300885
903 3364 6.61469752 0.00661469752 3.72535991
903 3366 6.59887913 0.00659887913 3.72757475
903 3364 6.58995782 0.00658995782 3.72535991
903 3364 6.59000806 0.00659000806 3.72535991
903 3364 6.61454964 0.00661454964 3.72535991
903 3364 6.61457799 0.00661457799 3.72535991
903 3364 6.61453189 0.00661453189 3.72535991
903 3364 6.61459299 0.00661459299 3.72535991
903 3364 6.61461291 0.00661461291 3.72535991
903 3364 6.61463027 0.00661463027 3.72535991
902 3358 6.5778785 0.0065778785 3.72283814
902 3354 6.57506641 0.00657506641 3.71840355
902 3355 6.57062786 0.00657062786 3.7195122
902 3354 6.56356637 0.00656356637 3.71840355
902 3354 6.57583762 0.00657583762 3.71840355
902 3356 6.5597319 0.0065597319 3.72062084
902 3356 6.56002103 0.00656002103 3.72062084
902 3357 6.57006994 0.00657006994 3.72172949
902 3357 6.5701838 0.0065701838 3.72172949
902 3357 6.57016573 0.00657016573 3.72172949
901 3348 6.53983531 0.00653983531 3.71587125
901 3348 6.53534693 0.00653534693 3.71587125
901 3348 6.53992792 0.00653992792 3.71587125
901 3348 6.53988461 0.00653988461 3.71587125
901 3348 6.53978253 0.00653978253 3.71587125
901 3348 6.54012697 0.00654012697 3.71587125
901 3348 6.53945297 0.00653945297 3.71587125
901 3345 6.51728529 0.00651728529 3.71254162
901 3345 6.51360783 0.00651360783 3.71254162
901 3348 6.53980048 0.00653980048 3.71587125
900 3339 6.50544052 0.00650544052 3.71
900 3339 6.50559552 0.00650559552 3.71
900 3339 6.5056211 0.0065056211 3.71
900 3339 6.5055661 0.0065055661 3.71
900 3339 6.50557776 0.00650557776 3.71
900 3339 6.50557711 0.00650557711 3.71
900 3339 6.50557413 0.00650557413 3.71
900 3339 6.50556893 0.00650556893 3.71
900 3339 6.50556926 0.00650556926 3.71
900 3339 6.50556869 0.00650556869 3.71
899 3329 6.5016384 0.0065016384 3.70300334
899 3329 6.50172265 0.00650172265 3.70300334
899 3329 6.50163613 0.00650163613 3.70300334
899 3329 6.50155667 0.00650155667 3.70300334
899 3329 6.50163428 0.00650163428 3.70300334
899 3329 6.501697 0.006501697 3.70300334
899 3329 6.50157818 0.00650157818 3.70300334
899 3329 6.50163739 0.00650163739 3.70300334
899 3329 6.50171829 0.00650171829 3.70300334
899 3329 6.501573 0.006501573 3.70300334
898 3319 6.48685869 0.00648685869 3.69599109
898 3325 6.49683868 0.00649683868 3.70267261
898 3325 6.49682506 0.00649682506 3.70267261
898 3325 6.49690522 0.00649690522 3.70267261
898 3325 6.4968767 0.0064968767 3.70267261
898 3325 6.49686704 0.00649686704 3.70267261
898 3325 6.4968838 0.0064968838 3.70267261
898 3325 6.49688259 0.00649688259 3.70267261
898 3325 6.49687958 0.00649687958 3.70267261
898 3325 6.49687458 0.00649687458 3.70267261
897 3315 6.4831233 0.0064831233 3.69565217
897 3315 6.48315961 0.00648315961 3.69565217
897 3315 6.48312541 0.00648312541 3.69565217
897 3315 6.48350765 0.00648350765 3.69565217
897 3315 6.48369876 0.00648369876 3.69565217
897 3315 6.48322672 0.00648322672 3.69565217
897 3315 6.48315021 0.00648315021 3.69565217
897 3315 6.48351321 0.00648351321 3.69565217
897 3315 6.48365495 0.00648365495 3.69565217
897 3315 6.48321946 0.00648321946 3.69565217
896 3308 6.4620661 0.0064620661 3.69196429
896 3306 6.44698515 0.00644698515 3.68973214
896 3307 6.45914764 0.00645914764 3.69084821
896 3311 6.44960067 0.00644960067 3.6953125
896 3311 6.44076326 0.00644076326 3.6953125
896 3314 6.43872328 0.00643872328 3.69866071
896 3317 6.42779783 0.00642779783 3.70200893
895 3310 6.40904207 0.00640904207 3.69832402
895 3315 6.38761866 0.00638761866 3.70391061
895 3312 6.41562432 0.00641562432 3.70055866
894 3306 6.38235719 0.00638235719 3.69798658
894 3305 6.37930726 0.00637930726 3.69686801
894 3306 6.36485964 0.00636485964 3.69798658
894 3302 6.36479877 0.00636479877 3.6935123
893 3296 6.34540872 0.00634540872 3.69092945
893 3296 6.34951926 0.00634951926 3.69092945
893 3298 6.3565122 0.0063565122 3.69316909
893 3298 6.35634117 0.00635634117 3.69316909
893 3298 6.35641336 0.00635641336 3.69316909
893 3298 6.35645517 0.00635645517 3.69316909
892 3290 6.34137633 0.00634137633 3.68834081
892 3288 6.31634741 0.00631634741 3.68609865
892 3290 6.34179204 0.00634179204 3.68834081
892 3288 6.32176902 0.00632176902 3.68609865
892 3290 6.34201897 0.00634201897 3.68834081
892 3290 6.32340259 0.00632340259 3.68834081
892 3286 6.31385232 0.00631385232 3.6838565
892 3286 6.31394104 0.00631394104 3.6838565
892 3286 6.31395711 0.00631395711 3.6838565
892 3286 6.31400491 0.00631400491 3.6838565
891 3280 6.30238552 0.00630238552 3.68125701
891 3280 6.30235372 0.00630235372 3.68125701
891 3278 6.27949751 0.00627949751 3.67901235
891 3283 6.29183189 0.00629183189 3.68462402
891 3282 6.27158972 0.00627158972 3.68350168
891 3283 6.27777491 0.00627777491 3.68462402
890 3274 6.24444848 0.00624444848 3.67865169
890 3274 6.24422068 0.00624422068 3.67865169
890 3274 6.24451381 0.00624451381 3.67865169
890 3274 6.24442823 0.00624442823 3.67865169
889 3266 6.22491563 0.00622491563 3.67379078
889 3266 6.22492605 0.00622492605 3.67379078
889 3266 6.22492109 0.00622492109 3.67379078
889 3266 6.22491387 0.00622491387 3.67379078
889 3266 6.22486289 0.00622486289 3.67379078
889 3266 6.22489126 0.00622489126 3.67379078
889 3266 6.224877 0.006224877 3.67379078
889 3266 6.22490226 0.00622490226 3.67379078
889 3266 6.22490764 0.00622490764 3.67379078
889 3266 6.22492056 0.00622492056 3.67379078
888 3261 6.22030921 0.00622030921 3.6722973
888 3258 6.20153738 0.00620153738 3.66891892
888 3261 6.21909959 0.00621909959 3.6722973
888 3261 6.21895487 0.00621895487 3.6722973
888 3261 6.21895104 0.00621895104 3.6722973
888 3261 6.21896936 0.00621896936 3.6722973
888 3261 6.21896502 0.00621896502 3.6722973
888 3261 6.21897416 0.00621897416 3.6722973
888 3261 6.21897899 0.00621897899 3.6722973
888 3261 6.21897916 0.00621897916 3.6722973
887 3253 6.19952171 0.00619952171 3.66741826
887 3253 6.19956596 0.00619956596 3.66741826
887 3253 6.19954236 0.00619954236 3.66741826
887 3253 6.1995646 0.0061995646 3.66741826
887 3253 6.19964346 0.00619964346 3.66741826
887 3253 6.19967932 0.00619967932 3.66741826
887 3253 6.19967695 0.00619967695 3.66741826
887 3253 6.19967716 0.00619967716 3.66741826
887 3253 6.19967499 0.00619967499 3.66741826
887 3253 6.1996704 0.0061996704 3.66741826
886 3247 6.18794657 0.00618794657 3.66478555
886 3247 6.18791106 0.00618791106 3.66478555
886 3247 6.18789333 0.00618789333 3.66478555
886 3247 6.18793411 0.00618793411 3.66478555
886 3247 6.18793356 0.00618793356 3.66478555
886 3247 6.18791607 0.00618791607 3.66478555
886 3247 6.18791578 0.00618791578 3.66478555
886 3247 6.18791578 0.00618791578 3.66478555
886 3247 6.18791417 0.00618791417 3.66478555
886 3247 6.18791603 0.00618791603 3.66478555
885 3237 6.18470644 0.00618470644 3.65762712
885 3237 6.18476862 0.00618476862 3.65762712
885 3237 6.18477324 0.00618477324 3.65762712
885 3237 6.18466557 0.00618466557 3.65762712
885 3237 6.18485168 0.00618485168 3.65762712
885 3237 6.18473661 0.00618473661 3.65762712
885 3237 6.18471225 0.00618471225 3.65762712
885 3237 6.18465055 0.00618465055 3.65762712
885 3237 6.18485008 0.00618485008 3.65762712
885 3237 6.18474245 0.00618474245 3.65762712
884 3226 6.15075706 0.00615075706 3.64932127
884 3226 6.15034419 0.00615034419 3.64932127
884 3226 6.15046523 0.00615046523 3.64932127
884 3226 6.15022637 0.00615022637 3.64932127
884 3231 6.1538005 0.0061538005 3.65497738
884 3231 6.15348367 0.00615348367 3.65497738
884 3231 6.15353465 0.00615353465 3.65497738
884 3231 6.15349557 0.00615349557 3.65497738
884 3231 6.15345359 0.00615345359 3.65497738
884 3231 6.15347186 0.00615347186 3.65497738
883 3222 6.14092796 0.00614092796 3.64892412
883 3223 6.13585939 0.00613585939 3.65005663
883 3220 6.15753964 0.00615753964 3.64665912
883 3224 6.13026836 0.00613026836 3.65118913
883 3220 6.15752217 0.00615752217 3.64665912
883 3220 6.13897584 0.00613897584 3.64665912
883 3220 6.13909149 0.00613909149 3.64665912
883 3220 6.13894123 0.00613894123 3.64665912
883 3220 6.13894481 0.00613894481 3.64665912
883 3220 6.13901359 0.00613901359 3.64665912
882 3214 6.12724955 0.00612724955 3.64399093
882 3214 6.12709382 0.00612709382 3.64399093
882 3214 6.12710419 0.00612710419 3.64399093
882 3214 6.12728277 0.00612728277 3.64399093
882 3214 6.12755236 0.00612755236 3.64399093
882 3212 6.11680733 0.00611680733 3.64172336
882 3212 6.11679299 0.00611679299 3.64172336
882 3212 6.13559982 0.00613559982 3.64172336
882 3212 6.13564174 0.00613564174 3.64172336
882 3212 6.13563854 0.00613563854 3.64172336
881 3206 6.10513281 0.00610513281 3.63904654
881 3206 6.10525186 0.00610525186 3.63904654
881 3203 6.0933533 0.0060933533 3.63564132
881 3203 6.0932012 0.0060932012 3.63564132
881 3203 6.09311801 0.00609311801 3.63564132
881 3203 6.09334026 0.00609334026 3.63564132
881 3203 6.09309166 0.00609309166 3.63564132
881 3203 6.09299841 0.00609299841 3.63564132
881 3203 6.09308663 0.00609308663 3.63564132
881 3203 6.09313854 0.00609313854 3.63564132
880 3195 6.07117176 0.00607117176 3.63068182
880 3195 6.07127534 0.00607127534 3.63068182
880 3195 6.07123956 0.00607123956 3.63068182
880 3195 6.07127187 0.00607127187 3.63068182
880 3195 6.07129406 0.00607129406 3.63068182
880 3195 6.07129402 0.00607129402 3.63068182
880 3195 6.07130009 0.00607130009 3.63068182
880 3195 6.07129961 0.00607129961 3.63068182
880 3195 6.07129788 0.00607129788 3.63068182
880 3195 6.07129808 0.00607129808 3.63068182
879 3190 6.0659803 0.0060659803 3.629124
879 3190 6.06618715 0.00606618715 3.629124
879 3190 6.06604223 0.00606604223 3.629124
879 3190 6.06594648 0.00606594648 3.629124
879 3190 6.06604037 0.00606604037 3.629124
879 3190 6.06595351 0.00606595351 3.629124
879 3190 6.06604737 0.00606604737 3.629124
879 3190 6.06595042 0.00606595042 3.629124
879 3190 6.06604976 0.00606604976 3.629124
879 3190 6.0659507 0.0060659507 3.629124
878 3183 6.04627625 0.00604627625 3.62528474
878 3183 6.04643412 0.00604643412 3.62528474
878 3183 6.04611587 0.00604611587 3.62528474
878 3183 6.04633466 0.00604633466 3.62528474
878 3183 6.04604959 0.00604604959 3.62528474
878 3183 6.04625957 0.00604625957 3.62528474
878 3183 6.04607723 0.00604607723 3.62528474
878 3183 6.04626532 0.00604626532 3.62528474
878 3183 6.04607748 0.00604607748 3.62528474
878 3183 6.04626718 0.00604626718 3.62528474
877 3177 6.03035073 0.00603035073 3.62257697
877 3174 6.009569 0.006009569 3.61915621
877 3175 6.02638017 0.00602638017 3.62029647
877 3175 6.02625061 0.00602625061 3.62029647
877 3175 6.02621994 0.00602621994 3.62029647
877 3175 6.02623939 0.00602623939 3.62029647
877 3175 6.02623193 0.00602623193 3.62029647
877 3175 6.02624843 0.00602624843 3.62029647
877 3175 6.02625092 0.00602625092 3.62029647
877 3175 6.02625113 0.00602625113 3.62029647
876 3168 6.00723013 0.00600723013 3.61643836
876 3168 6.00751647 0.00600751647 3.61643836
876 3168 6.0077129 0.0060077129 3.61643836
876 3168 6.0077509 0.0060077509 3.61643836
876 3168 6.00783721 0.00600783721 3.61643836
876 3168 6.00784088 0.00600784088 3.61643836
876 3168 6.00786291 0.00600786291 3.61643836
876 3168 6.00785742 0.00600785742 3.61643836
876 3168 6.00786809 0.00600786809 3.61643836
876 3168 6.00786008 0.00600786008 3.61643836
875 3160 5.96893185 0.00596893185 3.61142857
874 3152 5.95961382 0.00595961382 3.60640732
874 3155 5.97408154 0.00597408154 3.60983982
874 3152 5.95647832 0.00595647832 3.60640732
874 3152 5.95641318 0.00595641318 3.60640732
874 3152 5.95642196 0.00595642196 3.60640732
874 3152 5.95640527 0.00595640527 3.60640732
874 3152 5.95635691 0.00595635691 3.60640732
874 3152 5.95636874 0.00595636874 3.60640732
874 3152 5.95637754 0.00595637754 3.60640732
873 3145 5.9367889 0.0059367889 3.60252005
873 3145 5.93673097 0.00593673097 3.60252005
873 3145 5.93679068 0.00593679068 3.60252005
873 3145 5.936786 0.005936786 3.60252005
873 3145 5.93678179 0.00593678179 3.60252005
873 3145 5.93683786 0.00593683786 3.60252005
873 3145 5.9367602 0.0059367602 3.60252005
873 3145 5.93682376 0.00593682376 3.60252005
873 3145 5.93676459 0.00593676459 3.60252005
873 3145 5.9368193 0.0059368193 3.60252005
872 3139 5.91135769 0.00591135769 3.59977064
872 3140 5.9314754 0.0059314754 3.60091743
872 3140 5.93153866 0.00593153866 3.60091743
872 3140 5.93134803 0.00593134803 3.60091743
872 3140 5.93126787 0.00593126787 3.60091743
872 3140 5.93124595 0.00593124595 3.60091743
872 3140 5.93124263 0.00593124263 3.60091743
872 3140 5.9312414 0.0059312414 3.60091743
872 3140 5.93124045 0.00593124045 3.60091743
872 3140 5.93123959 0.00593123959 3.60091743
871 3134 5.90577233 0.00590577233 3.59816303
871 3132 5.92287284 0.00592287284 3.59586682
871 3134 5.90612415 0.00590612415 3.59816303
871 3134 5.90601612 0.00590601612 3.59816303
871 3134 5.90602516 0.00590602516 3.59816303
871 3134 5.90602652 0.00590602652 3.59816303
871 3134 5.90602693 0.00590602693 3.59816303
871 3134 5.90602872 0.00590602872 3.59816303
871 3134 5.90602927 0.00590602927 3.59816303
871 3134 5.90602925 0.00590602925 3.59816303
870 3126 5.89760098 0.00589760098 3.59310345
870 3122 5.85985142 0.00585985142 3.58850575
870 3120 5.88384773 0.00588384773 3.5862069
870 3124 5.87095738 0.00587095738 3.5908046
870 3119 5.86736018 0.00586736018 3.58505747
870 3118 5.84899619 0.00584899619 3.58390805
870 3121 5.87833671 0.00587833671 3.58735632
870 3120 5.86406914 0.00586406914 3.5862069
870 3121 5.87808101 0.00587808101 3.58735632
870 3121 5.87835053 0.00587835053 3.58735632
869 3113 5.84400555 0.00584400555 3.58227848
869 3113 5.84369246 0.00584369246 3.58227848
869 3113 5.84393838 0.00584393838 3.58227848
869 3113 5.84399583 0.00584399583 3.58227848
869 3113 5.84398086 0.00584398086 3.58227848
869 3113 5.84396911 0.00584396911 3.58227848
869 3113 5.84396512 0.00584396512 3.58227848
869 3113 5.84396817 0.00584396817 3.58227848
869 3113 5.84396678 0.00584396678 3.58227848
869 3113 5.84396648 0.00584396648 3.58227848
868 3108 5.8281253 0.0058281253 3.58064516
868 3108 5.82823287 0.00582823287 3.58064516
868 3108 5.8280769 0.0058280769 3.58064516
868 3108 5.82809032 0.00582809032 3.58064516
868 3108 5.82853386 0.00582853386 3.58064516
868 3108 5.82828424 0.00582828424 3.58064516
868 3108 5.82810274 0.00582810274 3.58064516
868 3108 5.82854377 0.00582854377 3.58064516
868 3108 5.82822857 0.00582822857 3.58064516
868 3108 5.82811289 0.00582811289 3.58064516
867 3104 5.79266443 0.00579266443 3.58016148
867 3104 5.79236436 0.00579236436 3.58016148
867 3104 5.79226267 0.00579226267 3.58016148
867 3104 5.79219446 0.00579219446 3.58016148
867 3104 5.79213766 0.00579213766 3.58016148
867 3104 5.79215707 0.00579215707 3.58016148
867 3104 5.79216294 0.00579216294 3.58016148
867 3104 5.79216961 0.00579216961 3.58016148
867 3104 5.79216803 0.00579216803 3.58016148
867 3104 5.79216746 0.00579216746 3.58016148
866 3097 5.77195525 0.00577195525 3.57621247
866 3097 5.77259408 0.00577259408 3.57621247
866 3097 5.77204781 0.00577204781 3.57621247
866 3097 5.77245268 0.00577245268 3.57621247
866 3097 5.77202464 0.00577202464 3.57621247
866 3101 5.76234122 0.00576234122 3.58083141
865 3090 5.74329123 0.00574329123 3.57225434
865 3090 5.74335635 0.00574335635 3.57225434
865 3090 5.7432277 0.0057432277 3.57225434
865 3090 5.74320005 0.00574320005 3.57225434
864 3083 5.72337964 0.00572337964 3.56828704
864 3082 5.71186448 0.00571186448 3.56712963
864 3083 5.71023671 0.00571023671 3.56828704
864 3083 5.71492528 0.00571492528 3.56828704
864 3082 5.70711242 0.00570711242 3.56712963
864 3086 5.70259172 0.00570259172 3.57175926
864 3086 5.70274232 0.00570274232 3.57175926
864 3086 5.70262826 0.00570262826 3.57175926
864 3086 5.70252515 0.00570252515 3.57175926
864 3086 5.70249769 0.00570249769 3.57175926
863 3075 5.68570964 0.00568570964 3.5631518
863 3075 5.68580387 0.00568580387 3.5631518
863 3075 5.68569203 0.00568569203 3.5631518
863 3075 5.68570654 0.00568570654 3.5631518
863 3075 5.68571261 0.00568571261 3.5631518
863 3075 5.68572647 0.00568572647 3.5631518
863 3075 5.68574112 0.00568574112 3.5631518
863 3075 5.68574295 0.00568574295 3.5631518
863 3075 5.6857421 0.0056857421 3.5631518
863 3075 5.6857418 0.0056857418 3.5631518
862 3068 5.66709421 0.00566709421 3.55916473
862 3068 5.66768919 0.00566768919 3.55916473
862 3068 5.66770624 0.00566770624 3.55916473
862 3068 5.66742328 0.00566742328 3.55916473
862 3068 5.66724717 0.00566724717 3.55916473
862 3068 5.66762581 0.00566762581 3.55916473
862 3068 5.66751302 0.00566751302 3.55916473
862 3068 5.66740451 0.00566740451 3.55916473
862 3068 5.66791381 0.00566791381 3.55916473
862 3068 5.66744158 0.00566744158 3.55916473
861 3063 5.64034339 0.00564034339 3.55749129
860 3055 5.61326622 0.00561326622 3.55232558
860 3055 5.61304278 0.00561304278 3.55232558
860 3055 5.61326257 0.00561326257 3.55232558
860 3055 5.61321107 0.00561321107 3.55232558
860 3055 5.61341087 0.00561341087 3.55232558
860 3055 5.61341653 0.00561341653 3.55232558
860 3055 5.6134643 0.0056134643 3.55232558
860 3055 5.61321672 0.00561321672 3.55232558
860 3055 5.6133446 0.0056133446 3.55232558
859 3047 5.57837046 0.00557837046 3.54714785
859 3051 5.5761576 0.0055761576 3.55180442
859 3051 5.57664525 0.00557664525 3.55180442
859 3051 5.57673017 0.00557673017 3.55180442
859 3047 5.57835508 0.00557835508 3.54714785
859 3047 5.57838119 0.00557838119 3.54714785
859 3047 5.57819801 0.00557819801 3.54714785
859 3047 5.57843306 0.00557843306 3.54714785
859 3047 5.57828621 0.00557828621 3.54714785
859 3047 5.57849416 0.00557849416 3.54714785
858 3043 5.54225611 0.00554225611 3.54662005
858 3040 5.53845356 0.00553845356 3.54312354
858 3040 5.54548697 0.00554548697 3.54312354
858 3041 5.56534358 0.00556534358 3.54428904
858 3044 5.56712172 0.00556712172 3.54778555
858 3044 5.5674707 0.0055674707 3.54778555
858 3044 5.56754748 0.00556754748 3.54778555
858 3044 5.56772979 0.00556772979 3.54778555
858 3044 5.56776677 0.00556776677 3.54778555
858 3044 5.56776288 0.00556776288 3.54778555
857 3036 5.5339293 0.0055339293 3.54259043
857 3037 5.53097496 0.00553097496 3.54375729
857 3036 5.53788459 0.00553788459 3.54259043
857 3036 5.52216582 0.00552216582 3.54259043
857 3036 5.5219055 0.0055219055 3.54259043
857 3036 5.52213114 0.00552213114 3.54259043
857 3036 5.52176911 0.00552176911 3.54259043
857 3036 5.52211364 0.00552211364 3.54259043
857 3036 5.5218194 0.0055218194 3.54259043
857 3036 5.52210706 0.00552210706 3.54259043
856 3030 5.49282343 0.00549282343 3.53971963
856 3028 5.50585889 0.00550585889 3.53738318
856 3026 5.51395221 0.00551395221 3.53504673
856 3026 5.54240478 0.00554240478 3.53504673
856 3026 5.54241506 0.00554241506 3.53504673
856 3026 5.54280624 0.00554280624 3.53504673
856 3026 5.54243591 0.00554243591 3.53504673
856 3026 5.54233659 0.00554233659 3.53504673
856 3026 5.5427347 0.0055427347 3.53504673
856 3026 5.54243616 0.00554243616 3.53504673
855 3019 5.52427588 0.00552427588 3.53099415
855 3019 5.52368073 0.00552368073 3.53099415
855 3022 5.50753145 0.00550753145 3.53450292
855 3019 5.50692879 0.00550692879 3.53099415
855 3019 5.50698373 0.00550698373 3.53099415
855 3025 5.48910614 0.00548910614 3.5380117
855 3022 5.48016704 0.00548016704 3.53450292
855 3019 5.50712278 0.00550712278 3.53099415
855 3019 5.50719738 0.00550719738 3.53099415
855 3019 5.50721804 0.00550721804 3.53099415
854 3015 5.47389679 0.00547389679 3.53044496
854 3013 5.48745752 0.00548745752 3.52810304
854 3017 5.4814809 0.0054814809 3.53278689
854 3017 5.48179996 0.00548179996 3.53278689
854 3016 5.4615007 0.0054615007 3.53161593
854 3017 5.48147479 0.00548147479 3.53278689
854 3017 5.48136908 0.00548136908 3.53278689
854 3017 5.48232677 0.00548232677 3.53278689
854 3013 5.48266518 0.00548266518 3.52810304
854 3015 5.47360915 0.00547360915 3.53044496
853 3009 5.45429694 0.00545429694 3.52754982
853 3009 5.45474163 0.00545474163 3.52754982
853 3009 5.45466999 0.00545466999 3.52754982
853 3009 5.45468412 0.00545468412 3.52754982
853 3009 5.45469866 0.00545469866 3.52754982
853 3009 5.45470461 0.00545470461 3.52754982
853 3009 5.45470361 0.00545470361 3.52754982
853 3009 5.45470667 0.00545470667 3.52754982
853 3009 5.45470462 0.00545470462 3.52754982
853 3009 5.45470507 0.00545470507 3.52754982
852 3002 5.43360736 0.00543360736 3.52347418
852 3006 5.43117931 0.00543117931 3.52816901
852 3002 5.43345176 0.00543345176 3.52347418
852 3002 5.43327239 0.00543327239 3.52347418
852 3002 5.4334428 0.0054334428 3.52347418
852 3002 5.43327302 0.00543327302 3.52347418
852 3002 5.43339267 0.00543339267 3.52347418
852 3002 5.43331178 0.00543331178 3.52347418
852 3002 5.43339818 0.00543339818 3.52347418
852 3002 5.43330029 0.00543330029 3.52347418
851 2999 5.41443003 0.00541443003 3.52408931
851 2994 5.40822357 0.00540822357 3.51821387
851 2994 5.40814351 0.00540814351 3.51821387
851 2994 5.40839279 0.00540839279 3.51821387
851 2993 5.40427135 0.00540427135 3.51703878
851 2996 5.40414541 0.00540414541 3.52056404
851 2993 5.39898178 0.00539898178 3.51703878
851 2995 5.38889457 0.00538889457 3.51938895
851 2992 5.39913395 0.00539913395 3.51586369
851 2995 5.40999873 0.00540999873 3.51938895
850 2987 5.38306497 0.00538306497 3.51411765
850 2987 5.38227744 0.00538227744 3.51411765
850 2987 5.3827613 0.0053827613 3.51411765
850 2987 5.38281086 0.00538281086 3.51411765
850 2991 5.38809146 0.00538809146 3.51882353
850 2987 5.38338264 0.00538338264 3.51411765
850 2987 5.38247253 0.00538247253 3.51411765
850 2987 5.38279716 0.00538279716 3.51411765
850 2987 5.38300211 0.00538300211 3.51411765
850 2987 5.3825129 0.0053825129 3.51411765
849 2983 5.36148636 0.00536148636 3.51354535
849 2983 5.36124815 0.00536124815 3.51354535
849 2982 5.34840948 0.00534840948 3.51236749
849 2982 5.34860818 0.00534860818 3.51236749
849 2982 5.34865071 0.00534865071 3.51236749
849 2983 5.36083329 0.00536083329 3.51354535
849 2983 5.36134673 0.00536134673 3.51354535
849 2983 5.36116438 0.00536116438 3.51354535
849 2983 5.36086471 0.00536086471 3.51354535
849 2983 5.36126217 0.00536126217 3.51354535
848 2975 5.33605368 0.00533605368 3.50825472
848 2978 5.32788095 0.00532788095 3.51179245
848 2974 5.35786837 0.00535786837 3.50707547
848 2974 5.35777576 0.00535777576 3.50707547
848 2974 5.35781139 0.00535781139 3.50707547
848 2974 5.35763523 0.00535763523 3.50707547
848 2974 5.35754881 0.00535754881 3.50707547
848 2974 5.35752058 0.00535752058 3.50707547
848 2974 5.35755542 0.00535755542 3.50707547
848 2974 5.35785461 0.00535785461 3.50707547
847 2969 5.32403195 0.00532403195 3.50531287
847 2969 5.32463364 0.00532463364 3.50531287
847 2969 5.32398548 0.00532398548 3.50531287
847 2969 5.32423434 0.00532423434 3.50531287
847 2969 5.32405748 0.00532405748 3.50531287
847 2969 5.32425064 0.00532425064 3.50531287
847 2969 5.32404925 0.00532404925 3.50531287
847 2969 5.3242586 0.0053242586 3.50531287
847 2969 5.32404292 0.00532404292 3.50531287
847 2969 5.32425635 0.00532425635 3.50531287
846 2961 5.29956235 0.00529956235 3.5
846 2961 5.30001334 0.00530001334 3.5
846 2961 5.29972382 0.00529972382 3.5
846 2961 5.29994731 0.00529994731 3.5
846 2966 5.30544698 0.00530544698 3.50591017
846 2966 5.30556642 0.00530556642 3.50591017
846 2961 5.2998709 0.0052998709 3.5
846 2961 5.29996147 0.00529996147 3.5
846 2961 5.29980985 0.00529980985 3.5
846 2961 5.29996946 0.00529996946 3.5
845 2958 5.28148303 0.00528148303 3.50059172
845 2958 5.28170353 0.00528170353 3.50059172
845 2958 5.28149169 0.00528149169 3.50059172
845 2958 5.28174919 0.00528174919 3.50059172
845 2958 5.28144235 0.00528144235 3.50059172
845 2958 5.28171917 0.00528171917 3.50059172
845 2958 5.2816099 0.0052816099 3.50059172
845 2958 5.28173594 0.00528173594 3.50059172
845 2958 5.28160541 0.00528160541 3.50059172
845 2958 5.2817419 0.0052817419 3.50059172
844 2953 5.24993955 0.00524993955 3.49881517
844 2953 5.24992289 0.00524992289 3.49881517
844 2953 5.24988843 0.00524988843 3.49881517
844 2948 5.27105066 0.00527105066 3.492891
844 2948 5.2709451 0.0052709451 3.492891
844 2948 5.27100145 0.00527100145 3.492891
844 2948 5.27112641 0.00527112641 3.492891
844 2948 5.27114617 0.00527114617 3.492891
844 2948 5.27115256 0.00527115256 3.492891
844 2948 5.27115049 0.00527115049 3.492891
843 2943 5.23959449 0.00523959449 3.4911032
843 2943 5.23933651 0.00523933651 3.4911032
843 2943 5.23921043 0.00523921043 3.4911032
843 2943 5.23942273 0.00523942273 3.4911032
843 2943 5.23939285 0.00523939285 3.4911032
843 2939 5.24996414 0.00524996414 3.48635824
843 2943 5.23903145 0.00523903145 3.4911032
843 2943 5.23928453 0.00523928453 3.4911032
843 2943 5.23926527 0.00523926527 3.4911032
843 2943 5.23937906 0.00523937906 3.4911032
842 2934 5.21861137 0.00521861137 3.48456057
842 2934 5.21820243 0.00521820243 3.48456057
842 2939 5.23261426 0.00523261426 3.49049881
842 2941 5.23926224 0.00523926224 3.49287411
842 2941 5.23927333 0.00523927333 3.49287411
842 2941 5.23933253 0.00523933253 3.49287411
842 2941 5.23927682 0.00523927682 3.49287411
842 2941 5.23939769 0.00523939769 3.49287411
842 2941 5.23932871 0.00523932871 3.49287411
842 2941 5.23938186 0.00523938186 3.49287411
841 2932 5.21865971 0.00521865971 3.4863258
841 2932 5.21818438 0.00521818438 3.4863258
841 2937 5.23263885 0.00523263885 3.49227111
841 2937 5.23263426 0.00523263426 3.49227111
841 2932 5.2183423 0.0052183423 3.4863258
841 2932 5.21876515 0.00521876515 3.4863258
841 2932 5.21829391 0.00521829391 3.4863258
841 2932 5.21848539 0.00521848539 3.4863258
841 2932 5.21842933 0.00521842933 3.4863258
841 2932 5.21857219 0.00521857219 3.4863258
840 2926 5.19454364 0.00519454364 3.48333333
840 2928 5.21186626 0.00521186626 3.48571429
840 2928 5.21195435 0.00521195435 3.48571429
840 2931 5.20848189 0.00520848189 3.48928571
840 2931 5.20854991 0.00520854991 3.48928571
840 2931 5.2085644 0.0052085644 3.48928571
840 2931 5.2087278 0.0052087278 3.48928571
840 2931 5.20890021 0.00520890021 3.48928571
840 2931 5.20901759 0.00520901759 3.48928571
840 2931 5.20902253 0.00520902253 3.48928571
839 2922 5.18893799 0.00518893799 3.48271752
839 2922 5.18894093 0.00518894093 3.48271752
839 2922 5.18895367 0.00518895367 3.48271752
839 2922 5.18914676 0.00518914676 3.48271752
839 2922 5.18835628 0.00518835628 3.48271752
839 2922 5.18911841 0.00518911841 3.48271752
839 2922 5.18917135 0.00518917135 3.48271752
839 2922 5.18859048 0.00518859048 3.48271752
839 2922 5.1883654 0.0051883654 3.48271752
839 2922 5.18843568 0.00518843568 3.48271752
838 2910 5.15844335 0.00515844335 3.4725537
838 2910 5.15856543 0.00515856543 3.4725537
838 2915 5.16119045 0.00516119045 3.47852029
838 2912 5.15150268 0.00515150268 3.47494033
838 2912 5.15074745 0.00515074745 3.47494033
838 2915 5.16097899 0.00516097899 3.47852029
838 2915 5.16095552 0.00516095552 3.47852029
838 2910 5.15851785 0.00515851785 3.4725537
838 2910 5.15790076 0.00515790076 3.4725537
838 2910 5.15836826 0.00515836826 3.4725537
837 2903 5.13206375 0.00513206375 3.46833931
837 2903 5.13111572 0.00513111572 3.46833931
837 2902 5.11698628 0.00511698628 3.46714456
837 2904 5.13397018 0.00513397018 3.46953405
837 2906 5.12870715 0.00512870715 3.47192354
837 2908 5.12428969 0.00512428969 3.47431302
837 2904 5.11122014 0.00511122014 3.46953405
837 2904 5.11169832 0.00511169832 3.46953405
837 2910 5.11515817 0.00511515817 3.47670251
837 2905 5.13561204 0.00513561204 3.47072879
836 2900 5.10537856 0.00510537856 3.46889952
836 2902 5.09118153 0.00509118153 3.47129187
836 2902 5.09091877 0.00509091877 3.47129187
836 2902 5.09079718 0.00509079718 3.47129187
835 2893 5.07138452 0.00507138452 3.46467066
835 2893 5.07221092 0.00507221092 3.46467066
835 2893 5.07174322 0.00507174322 3.46467066
835 2893 5.07199953 0.00507199953 3.46467066
835 2893 5.0720624 0.0050720624 3.46467066
835 2893 5.07203403 0.00507203403 3.46467066
834 2881 5.04291533 0.00504291533 3.45443645
834 2881 5.04279092 0.00504279092 3.45443645
834 2881 5.04236935 0.00504236935 3.45443645
834 2881 5.04216166 0.00504216166 3.45443645
834 2881 5.04248775 0.00504248775 3.45443645
834 2881 5.04244481 0.00504244481 3.45443645
834 2881 5.04281515 0.00504281515 3.45443645
834 2881 5.04227424 0.00504227424 3.45443645
834 2881 5.04213112 0.00504213112 3.45443645
834 2881 5.04227283 0.00504227283 3.45443645
833 2875 5.01799618 0.00501799618 3.45138055
833 2875 5.02115434 0.00502115434 3.45138055
833 2875 5.01797647 0.00501797647 3.45138055
833 2875 5.01824861 0.00501824861 3.45138055
833 2875 5.0180369 0.0050180369 3.45138055
833 2875 5.01793571 0.00501793571 3.45138055
833 2875 5.01810943 0.00501810943 3.45138055
833 2875 5.01802724 0.00501802724 3.45138055
833 2875 5.01791694 0.00501791694 3.45138055
833 2875 5.01790048 0.00501790048 3.45138055
832 2869 4.99888937 0.00499888937 3.44831731
832 2869 4.99959223 0.00499959223 3.44831731
832 2869 4.9993206 0.0049993206 3.44831731
832 2869 4.99925491 0.00499925491 3.44831731
832 2869 4.99930212 0.00499930212 3.44831731
832 2869 4.99932036 0.00499932036 3.44831731
832 2869 4.99926253 0.00499926253 3.44831731
832 2869 4.99936158 0.00499936158 3.44831731
832 2869 4.99930369 0.00499930369 3.44831731
832 2869 4.99926199 0.00499926199 3.44831731
831 2858 4.95703733 0.00495703733 3.43922984
831 2862 4.97349645 0.00497349645 3.44404332
831 2862 4.97302526 0.00497302526 3.44404332
831 2862 4.97269038 0.00497269038 3.44404332
831 2862 4.97296698 0.00497296698 3.44404332
831 2862 4.97285316 0.00497285316 3.44404332
831 2862 4.97289466 0.00497289466 3.44404332
831 2862 4.9734674 0.0049734674 3.44404332
831 2862 4.97319282 0.00497319282 3.44404332
831 2862 4.97314784 0.00497314784 3.44404332
830 2851 4.93080273 0.00493080273 3.43493976
830 2853 4.94637695 0.00494637695 3.4373494
830 2851 4.93086849 0.00493086849 3.43493976
830 2848 4.92356071 0.00492356071 3.4313253
830 2853 4.94625699 0.00494625699 3.4373494
830 2853 4.94619255 0.00494619255 3.4373494
830 2853 4.94595225 0.00494595225 3.4373494
830 2854 4.9323719 0.0049323719 3.43855422
830 2849 4.93170014 0.00493170014 3.43253012
830 2849 4.93146785 0.00493146785 3.43253012
829 2844 4.91521253 0.00491521253 3.43063932
829 2844 4.91537973 0.00491537973 3.43063932
829 2844 4.9153614 0.0049153614 3.43063932
829 2844 4.91529786 0.00491529786 3.43063932
829 2844 4.91529698 0.00491529698 3.43063932
829 2844 4.91525802 0.00491525802 3.43063932
829 2844 4.91539344 0.00491539344 3.43063932
829 2844 4.91538938 0.00491538938 3.43063932
829 2844 4.91529129 0.00491529129 3.43063932
829 2844 4.91534662 0.00491534662 3.43063932
828 2837 4.888532 0.004888532 3.4263285
828 2837 4.88856122 0.00488856122 3.4263285
828 2837 4.88846694 0.00488846694 3.4263285
828 2837 4.88843573 0.00488843573 3.4263285
828 2837 4.88846583 0.00488846583 3.4263285
828 2837 4.88847073 0.00488847073 3.4263285
828 2837 4.88847553 0.00488847553 3.4263285
828 2837 4.88847727 0.00488847727 3.4263285
828 2837 4.88847182 0.00488847182 3.4263285
828 2837 4.8884729 0.0048884729 3.4263285
827 2828 4.88728127 0.00488728127 3.41958888
827 2828 4.88725595 0.00488725595 3.41958888
827 2828 4.8872349 0.0048872349 3.41958888
827 2828 4.88731379 0.00488731379 3.41958888
827 2828 4.88727416 0.00488727416 3.41958888
827 2828 4.88727106 0.00488727106 3.41958888
827 2828 4.8872128 0.0048872128 3.41958888
827 2828 4.88732506 0.00488732506 3.41958888
827 2828 4.8872683 0.0048872683 3.41958888
827 2828 4.88726948 0.00488726948 3.41958888
826 2821 4.87595468 0.00487595468 3.41525424
826 2821 4.8760735 0.0048760735 3.41525424
826 2821 4.8759885 0.0048759885 3.41525424
826 2821 4.87601916 0.00487601916 3.41525424
826 2821 4.87602371 0.00487602371 3.41525424
826 2821 4.87600124 0.00487600124 3.41525424
826 2821 4.87602326 0.00487602326 3.41525424
826 2821 4.87601437 0.00487601437 3.41525424
826 2821 4.87601106 0.00487601106 3.41525424
826 2821 4.87601928 0.00487601928 3.41525424
825 2816 4.87601363 0.00487601363 3.41333333
825 2816 4.87591889 0.00487591889 3.41333333
825 2816 4.87595477 0.00487595477 3.41333333
825 2818 4.8526737 0.0048526737 3.41575758
824 2811 4.84363913 0.00484363913 3.41140777
824 2810 4.82503052 0.00482503052 3.41019417
824 2812 4.81509211 0.00481509211 3.41262136
824 2811 4.84352431 0.00484352431 3.41140777
824 2811 4.84367156 0.00484367156 3.41140777
824 2811 4.84366252 0.00484366252 3.41140777
823 2806 4.84365444 0.00484365444 3.40947752
823 2806 4.8433426 0.0048433426 3.40947752
823 2806 4.84385818 0.00484385818 3.40947752
823 2803 4.81371598 0.00481371598 3.40583232
823 2803 4.81441477 0.00481441477 3.40583232
823 2803 4.81423333 0.00481423333 3.40583232
823 2803 4.81397629 0.00481397629 3.40583232
823 2803 4.81388275 0.00481388275 3.40583232
823 2803 4.81393717 0.00481393717 3.40583232
823 2803 4.81399473 0.00481399473 3.40583232
822 2798 4.81399776 0.00481399776 3.40389294
822 2798 4.81403535 0.00481403535 3.40389294
822 2798 4.81405811 0.00481405811 3.40389294
822 2798 4.81411389 0.00481411389 3.40389294
822 2798 4.81400739 0.00481400739 3.40389294
822 2798 4.81392757 0.00481392757 3.40389294
822 2798 4.81404489 0.00481404489 3.40389294
822 2798 4.81409806 0.00481409806 3.40389294
822 2798 4.81401921 0.00481401921 3.40389294
822 2798 4.81392995 0.00481392995 3.40389294
821 2788 4.77840238 0.00477840238 3.39585871
821 2791 4.77132995 0.00477132995 3.39951279
821 2791 4.78415173 0.00478415173 3.39951279
821 2789 4.75399729 0.00475399729 3.39707674
821 2791 4.7319654 0.0047319654 3.39951279
821 2789 4.75760963 0.00475760963 3.39707674
821 2789 4.75751242 0.00475751242 3.39707674
821 2789 4.75754313 0.00475754313 3.39707674
821 2789 4.75761891 0.00475761891 3.39707674
821 2789 4.7575993 0.0047575993 3.39707674
820 2782 4.73092041 0.00473092041 3.39268293
820 2784 4.74201853 0.00474201853 3.39512195
820 2784 4.74189763 0.00474189763 3.39512195
820 2784 4.74193322 0.00474193322 3.39512195
820 2784 4.74196394 0.00474196394 3.39512195
820 2784 4.74195867 0.00474195867 3.39512195
820 2784 4.74195749 0.00474195749 3.39512195
820 2784 4.74195799 0.00474195799 3.39512195
820 2784 4.74195854 0.00474195854 3.39512195
820 2784 4.74195781 0.00474195781 3.39512195
819 2777 4.73087248 0.00473087248 3.39072039
819 2777 4.73042105 0.00473042105 3.39072039
819 2777 4.7306049 0.0047306049 3.39072039
819 2777 4.730394 0.004730394 3.39072039
819 2777 4.73111398 0.00473111398 3.39072039
819 2777 4.7307264 0.0047307264 3.39072039
819 2777 4.73088132 0.00473088132 3.39072039
819 2777 4.73097695 0.00473097695 3.39072039
819 2777 4.73076084 0.00473076084 3.39072039
819 2777 4.73061353 0.00473061353 3.39072039
818 2767 4.69649602 0.00469649602 3.38264059
818 2767 4.69666561 0.00469666561 3.38264059
818 2767 4.69583381 0.00469583381 3.38264059
818 2767 4.69680229 0.00469680229 3.38264059
818 2767 4.69670159 0.00469670159 3.38264059
818 2769 4.68033198 0.00468033198 3.38508557
818 2769 4.70635219 0.00470635219 3.38508557
818 2769 4.70611981 0.00470611981 3.38508557
818 2769 4.70731818 0.00470731818 3.38508557
818 2769 4.70684341 0.00470684341 3.38508557
817 2761 4.65984033 0.00465984033 3.37943696
817 2759 4.67259553 0.00467259553 3.37698898
817 2759 4.64799576 0.00464799576 3.37698898
817 2755 4.62593572 0.00462593572 3.37209302
817 2755 4.63071056 0.00463071056 3.37209302
817 2750 4.61122966 0.00461122966 3.36597307
817 2749 4.61150501 0.00461150501 3.36474908
817 2753 4.60870316 0.00460870316 3.36964504
817 2752 4.62760786 0.00462760786 3.36842105
817 2755 4.59483084 0.00459483084 3.37209302
816 2751 4.58938986 0.00458938986 3.37132353
815 2741 4.56007574 0.00456007574 3.36319018
815 2743 4.5494014 0.0045494014 3.36564417
815 2739 4.56269612 0.00456269612 3.3607362
814 2734 4.54947174 0.00454947174 3.35872236
814 2732 4.57952247 0.00457952247 3.35626536
814 2733 4.56707147 0.00456707147 3.35749386
814 2729 4.55411029 0.00455411029 3.35257985
814 2728 4.56268716 0.00456268716 3.35135135
814 2733 4.56389405 0.00456389405 3.35749386
813 2725 4.54871225 0.00454871225 3.35178352
813 2725 4.54854761 0.00454854761 3.35178352
813 2725 4.54874421 0.00454874421 3.35178352
813 2725 4.54871742 0.00454871742 3.35178352
813 2725 4.54862067 0.00454862067 3.35178352
813 2725 4.54875873 0.00454875873 3.35178352
813 2725 4.54865054 0.00454865054 3.35178352
813 2725 4.54867526 0.00454867526 3.35178352
813 2725 4.54869767 0.00454869767 3.35178352
813 2725 4.54867723 0.00454867723 3.35178352
812 2720 4.54868304 0.00454868304 3.34975369
812 2720 4.5486549 0.0045486549 3.34975369
812 2720 4.54855963 0.00454855963 3.34975369
812 2720 4.54848746 0.00454848746 3.34975369
812 2720 4.54805935 0.00454805935 3.34975369
812 2718 4.52417525 0.00452417525 3.34729064
812 2719 4.51307272 0.00451307272 3.34852217
812 2719 4.53344887 0.00453344887 3.34852217
812 2719 4.52329769 0.00452329769 3.34852217
812 2724 4.5312066 0.0045312066 3.3546798
811 2713 4.5024259 0.0045024259 3.34525277
811 2712 4.51338804 0.00451338804 3.34401973
811 2718 4.49748589 0.00449748589 3.351418
811 2711 4.50521604 0.00450521604 3.34278668
811 2716 4.5266286 0.0045266286 3.34895191
810 2706 4.49095328 0.00449095328 3.34074074
810 2706 4.49130201 0.00449130201 3.34074074
810 2706 4.49135388 0.00449135388 3.34074074
810 2706 4.49144529 0.00449144529 3.34074074
810 2706 4.49125956 0.00449125956 3.34074074
809 2700 4.48897851 0.00448897851 3.33745365
809 2700 4.48894289 0.00448894289 3.33745365
809 2700 4.48889756 0.00448889756 3.33745365
809 2701 4.49136553 0.00449136553 3.33868974
809 2700 4.48892869 0.00448892869 3.33745365
809 2700 4.48892531 0.00448892531 3.33745365
809 2700 4.48892116 0.00448892116 3.33745365
809 2700 4.48892608 0.00448892608 3.33745365
809 2700 4.48892686 0.00448892686 3.33745365
809 2700 4.48892976 0.00448892976 3.33745365
808 2695 4.48893542 0.00448893542 3.33539604
808 2695 4.48877478 0.00448877478 3.33539604
808 2695 4.48888975 0.00448888975 3.33539604
808 2695 4.48857606 0.00448857606 3.33539604
808 2695 4.48899155 0.00448899155 3.33539604
808 2695 4.48863515 0.00448863515 3.33539604
808 2695 4.48898546 0.00448898546 3.33539604
808 2695 4.48863518 0.00448863518 3.33539604
808 2695 4.48898461 0.00448898461 3.33539604
808 2695 4.48863392 0.00448863392 3.33539604
807 2687 4.45827465 0.00445827465 3.32961586
807 2689 4.4728182 0.0044728182 3.33209418
807 2687 4.46801091 0.00446801091 3.32961586
807 2685 4.44057338 0.00444057338 3.32713755
807 2687 4.46814155 0.00446814155 3.32961586
807 2687 4.46790562 0.00446790562 3.32961586
807 2687 4.46771133 0.00446771133 3.32961586
807 2685 4.45207246 0.00445207246 3.32713755
807 2687 4.4680503 0.0044680503 3.32961586
807 2687 4.46790986 0.00446790986 3.32961586
806 2682 4.46768052 0.00446768052 3.32754342
806 2679 4.43803552 0.00443803552 3.32382134
806 2679 4.43830996 0.00443830996 3.32382134
806 2679 4.43839371 0.00443839371 3.32382134
806 2679 4.43833787 0.00443833787 3.32382134
806 2679 4.43831386 0.00443831386 3.32382134
806 2679 4.43833832 0.00443833832 3.32382134
806 2679 4.43838039 0.00443838039 3.32382134
806 2679 4.43832678 0.00443832678 3.32382134
806 2679 4.4383416 0.0044383416 3.32382134
805 2674 4.43833317 0.00443833317 3.32173913
805 2674 4.43801282 0.00443801282 3.32173913
805 2674 4.43886317 0.00443886317 3.32173913
805 2674 4.43777499 0.00443777499 3.32173913
805 2674 4.43878652 0.00443878652 3.32173913
805 2674 4.43815519 0.00443815519 3.32173913
805 2674 4.43884043 0.00443884043 3.32173913
805 2674 4.43810039 0.00443810039 3.32173913
805 2674 4.43883295 0.00443883295 3.32173913
805 2674 4.43784348 0.00443784348 3.32173913
804 2663 4.39859312 0.00439859312 3.31218905
804 2666 4.40758909 0.00440758909 3.3159204
804 2666 4.40735798 0.00440735798 3.3159204
804 2663 4.39810573 0.00439810573 3.31218905
804 2660 4.36809587 0.00436809587 3.30845771
804 2663 4.35359424 0.00435359424 3.31218905
804 2667 4.38438735 0.00438438735 3.31716418
804 2668 4.41099149 0.00441099149 3.31840796
803 2660 4.38361375 0.00438361375 3.31257783
803 2658 4.35618673 0.00435618673 3.31008717
802 2647 4.31865535 0.00431865535 3.30049875
802 2647 4.32925035 0.00432925035 3.30049875
802 2647 4.32933648 0.00432933648 3.30049875
802 2647 4.33882141 0.00433882141 3.30049875
802 2648 4.32660111 0.00432660111 3.30174564
802 2647 4.31242522 0.00431242522 3.30049875
802 2647 4.32357578 0.00432357578 3.30049875
801 2643 4.32044473 0.00432044473 3.29962547
801 2641 4.32852002 0.00432852002 3.29712859
801 2639 4.31657556 0.00431657556 3.29463171
800 2631 4.30402131 0.00430402131 3.28875
799 2627 4.28203839 0.00428203839 3.28785982
798 2624 4.28179551 0.00428179551 3.28822055
798 2625 4.27421895 0.00427421895 3.28947368
798 2626 4.27793321 0.00427793321 3.29072682
797 2617 4.27383592 0.00427383592 3.28356336
797 2617 4.26833242 0.00426833242 3.28356336
797 2621 4.30101097 0.00430101097 3.28858218
796 2615 4.28634637 0.00428634637 3.28517588
796 2617 4.26838976 0.00426838976 3.28768844
795 2611 4.26606112 0.00426606112 3.28427673
795 2613 4.26482087 0.00426482087 3.28679245
795 2613 4.26418017 0.00426418017 3.28679245
795 2610 4.26482264 0.00426482264 3.28301887
794 2605 4.25574081 0.00425574081 3.28085642
794 2607 4.25591426 0.00425591426 3.28337531
794 2612 4.25797561 0.00425797561 3.28967254
794 2608 4.25381879 0.00425381879 3.28463476
794 2610 4.26406249 0.00426406249 3.28715365
794 2605 4.24187743 0.00424187743 3.28085642
793 2599 4.22983785 0.00422983785 3.27742749
793 2600 4.22272932 0.00422272932 3.27868852
793 2602 4.21978498 0.00421978498 3.28121059
793 2600 4.24240462 0.00424240462 3.27868852
793 2600 4.22415892 0.00422415892 3.27868852
792 2593 4.21948249 0.00421948249 3.2739899
792 2591 4.20727125 0.00420727125 3.27146465
792 2589 4.18959801 0.00418959801 3.26893939
792 2589 4.20874749 0.00420874749 3.26893939
791 2580 4.17362562 0.00417362562 3.26169406
790 2577 4.15890866 0.00415890866 3.26202532
790 2574 4.16860094 0.00416860094 3.25822785
790 2575 4.15849487 0.00415849487 3.25949367
790 2574 4.13411827 0.00413411827 3.25822785
789 2567 4.12994315 0.00412994315 3.25348542
789 2568 4.13603539 0.00413603539 3.25475285
789 2571 4.13092812 0.00413092812 3.25855513
789 2570 4.13455695 0.00413455695 3.25728771
789 2575 4.12138516 0.00412138516 3.26362484
789 2571 4.12116752 0.00412116752 3.25855513
788 2567 4.11590633 0.00411590633 3.25761421
787 2564 4.10457791 0.00410457791 3.25794155
787 2562 4.10390067 0.00410390067 3.25540025
787 2564 4.11605254 0.00411605254 3.25794155
787 2562 4.10589988 0.00410589988 3.25540025
787 2566 4.1193885 0.0041193885 3.26048285
787 2564 4.12538639 0.00412538639 3.25794155
787 2564 4.11991561 0.00411991561 3.25794155
787 2566 4.13809666 0.00413809666 3.26048285
786 2558 4.1197023 0.0041197023 3.25445293
785 2549 4.09171007 0.00409171007 3.24713376
785 2549 4.07373951 0.00407373951 3.24713376
784 2541 4.0736894 0.0040736894 3.24107143
784 2548 4.07538181 0.00407538181 3.25
784 2550 4.07506163 0.00407506163 3.25255102
784 2551 4.07591601 0.00407591601 3.25382653
784 2550 4.09460526 0.00409460526 3.25255102
784 2543 4.08185561 0.00408185561 3.24362245
784 2543 4.08265223 0.00408265223 3.24362245
784 2548 4.0789805 0.0040789805 3.25
783 2536 4.07672465 0.00407672465 3.23882503
783 2536 4.07141775 0.00407141775 3.23882503
783 2540 4.08789431 0.00408789431 3.24393359
783 2544 4.08649662 0.00408649662 3.24904215
783 2544 4.09266089 0.00409266089 3.24904215
783 2543 4.10269694 0.00410269694 3.24776501
783 2541 4.09595324 0.00409595324 3.24521073
783 2544 4.10067659 0.00410067659 3.24904215
783 2546 4.09224376 0.00409224376 3.25159642
783 2544 4.07708417 0.00407708417 3.24904215
782 2539 4.05391148 0.00405391148 3.24680307
782 2539 4.04052172 0.00404052172 3.24680307
782 2536 4.04760235 0.00404760235 3.24296675
782 2534 4.02907351 0.00402907351 3.24040921
781 2528 4.02917834 0.00402917834 3.2368758
781 2526 4.02095396 0.00402095396 3.23431498
781 2524 4.01873898 0.00401873898 3.23175416
781 2525 4.02359266 0.00402359266 3.23303457
781 2526 4.0188524 0.0040188524 3.23431498
781 2526 4.02050012 0.00402050012 3.23431498
780 2521 4.01868733 0.00401868733 3.23205128
780 2528 4.01871959 0.00401871959 3.24102564
780 2525 4.02435006 0.00402435006 3.23717949
779 2518 4.01751304 0.00401751304 3.23234917
778 2512 4.01207088 0.00401207088 3.22879177
778 2514 4.02468698 0.00402468698 3.23136247
778 2512 4.03830671 0.00403830671 3.22879177
778 2511 4.02316664 0.00402316664 3.22750643
778 2509 4.02721114 0.00402721114 3.22493573
778 2507 4.00538348 0.00400538348 3.22236504
777 2499 4.00534205 0.00400534205 3.21621622
777 2502 4.00246681 0.00400246681 3.22007722
777 2495 3.9944242 0.0039944242 3.21106821
777 2497 3.99314357 0.00399314357 3.21364221
777 2499 3.98935812 0.00398935812 3.21621622
777 2498 3.99111945 0.00399111945 3.21492921
777 2498 3.98417782 0.00398417782 3.21492921
777 2494 3.99101738 0.00399101738 3.20978121
776 2490 3.98195862 0.00398195862 3.20876289
776 2492 3.98321692 0.00398321692 3.21134021
775 2484 3.98191164 0.00398191164 3.20516129
775 2489 3.97034291 0.00397034291 3.2116129
775 2489 3.97072896 0.00397072896 3.2116129
775 2487 3.9663574 0.0039663574 3.20903226
775 2487 3.96553842 0.00396553842 3.20903226
775 2489 3.96604845 0.00396604845 3.2116129
775 2487 3.9658954 0.0039658954 3.20903226
775 2487 3.9704661 0.0039704661 3.20903226
775 2486 3.96568174 0.00396568174 3.20774194
775 2485 3.96763021 0.00396763021 3.20645161
774 2480 3.96553352 0.00396553352 3.20413437
774 2481 3.96594627 0.00396594627 3.20542636
773 2474 3.95316895 0.00395316895 3.20051746
773 2475 3.95073202 0.00395073202 3.20181113
772 2467 3.94385793 0.00394385793 3.19559585
771 2463 3.92574992 0.00392574992 3.19455253
770 2456 3.91343009 0.00391343009 3.18961039
769 2449 3.90182919 0.00390182919 3.1846554
769 2452 3.89091761 0.00389091761 3.18855657
769 2451 3.9016798 0.0039016798 3.18725618
768 2448 3.88621237 0.00388621237 3.1875
768 2452 3.88358517 0.00388358517 3.19270833
768 2451 3.88342223 0.00388342223 3.19140625
767 2444 3.88341805 0.00388341805 3.18644068
767 2446 3.86988807 0.00386988807 3.18904824
767 2450 3.89100952 0.00389100952 3.19426336
767 2446 3.87796493 0.00387796493 3.18904824
767 2451 3.88083643 0.00388083643 3.19556714
766 2440 3.87690721 0.00387690721 3.18537859
766 2447 3.86451138 0.00386451138 3.19451697
765 2435 3.86133451 0.00386133451 3.18300654
765 2439 3.83909062 0.00383909062 3.18823529
764 2430 3.83834313 0.00383834313 3.18062827
764 2432 3.8240395 0.0038240395 3.18324607
764 2432 3.82450917 0.00382450917 3.18324607
764 2430 3.82414526 0.00382414526 3.18062827
764 2431 3.84184595 0.00384184595 3.18193717
764 2431 3.83463026 0.00383463026 3.18193717
763 2424 3.83458245 0.00383458245 3.17693316
762 2416 3.8309742 0.0038309742 3.17060367
761 2414 3.83098401 0.00383098401 3.17214192
761 2414 3.83095382 0.00383095382 3.17214192
761 2414 3.83090086 0.00383090086 3.17214192
761 2414 3.83089222 0.00383089222 3.17214192
761 2414 3.82571964 0.00382571964 3.17214192
761 2414 3.82565933 0.00382565933 3.17214192
761 2414 3.82573146 0.00382573146 3.17214192
761 2414 3.82570008 0.00382570008 3.17214192
761 2414 3.82571427 0.00382571427 3.17214192
761 2414 3.8256842 0.0038256842 3.17214192
760 2406 3.80735777 0.00380735777 3.16578947
760 2410 3.80471269 0.00380471269 3.17105263
760 2404 3.79690323 0.00379690323 3.16315789
760 2407 3.79346039 0.00379346039 3.16710526
760 2407 3.79693237 0.00379693237 3.16710526
759 2405 3.79688589 0.00379688589 3.16864295
759 2410 3.80118188 0.00380118188 3.17523057
758 2403 3.79163459 0.00379163459 3.1701847
757 2395 3.78829846 0.00378829846 3.16380449
757 2395 3.7882834 0.0037882834 3.16380449
756 2384 3.78245239 0.00378245239 3.15343915
756 2384 3.78250519 0.00378250519 3.15343915
756 2384 3.78250686 0.00378250686 3.15343915
756 2381 3.78455136 0.00378455136 3.1494709
755 2379 3.78020144 0.00378020144 3.15099338
755 2379 3.7798852 0.0037798852 3.15099338
755 2379 3.78013329 0.00378013329 3.15099338
755 2379 3.78035273 0.00378035273 3.15099338
755 2379 3.78022969 0.00378022969 3.15099338
755 2379 3.77987236 0.00377987236 3.15099338
754 2375 3.77596813 0.00377596813 3.14986737
754 2375 3.77581407 0.00377581407 3.14986737
754 2375 3.77593561 0.00377593561 3.14986737
754 2371 3.76275638 0.00376275638 3.14456233
754 2371 3.76275624 0.00376275624 3.14456233
754 2371 3.76297146 0.00376297146 3.14456233
754 2371 3.76294727 0.00376294727 3.14456233
754 2371 3.76296671 0.00376296671 3.14456233
754 2371 3.76295967 0.00376295967 3.14456233
754 2371 3.76295484 0.00376295484 3.14456233
753 2366 3.74937844 0.00374937844 3.14209827
753 2366 3.74943368 0.00374943368 3.14209827
753 2366 3.74925174 0.00374925174 3.14209827
753 2366 3.7489575 0.0037489575 3.14209827
753 2365 3.75154312 0.00375154312 3.14077025
753 2364 3.73420711 0.00373420711 3.13944223
753 2367 3.74805551 0.00374805551 3.14342629
753 2370 3.75154729 0.00375154729 3.14741036
753 2374 3.7306935 0.0037306935 3.15272244
753 2371 3.72754185 0.00372754185 3.14873838
752 2363 3.72587331 0.00372587331 3.14228723
752 2362 3.71276314 0.00371276314 3.14095745
752 2362 3.71399893 0.00371399893 3.14095745
751 2355 3.70983384 0.00370983384 3.13581891
751 2351 3.69969478 0.00369969478 3.13049268
751 2351 3.69999824 0.00369999824 3.13049268
751 2351 3.69992669 0.00369992669 3.13049268
751 2351 3.69996901 0.00369996901 3.13049268
751 2351 3.69786489 0.00369786489 3.13049268
751 2353 3.71978516 0.00371978516 3.13315579
750 2346 3.69550878 0.00369550878 3.128
750 2346 3.69589182 0.00369589182 3.128
750 2346 3.69567266 0.00369567266 3.128
750 2346 3.69576717 0.00369576717 3.128
750 2346 3.69574819 0.00369574819 3.128
750 2346 3.69574447 0.00369574447 3.128
750 2346 3.69572283 0.00369572283 3.128
750 2346 3.69572289 0.00369572289 3.128
750 2346 3.69571776 0.00369571776 3.128
750 2346 3.69571368 0.00369571368 3.128
749 2342 3.69176312 0.00369176312 3.12683578
749 2342 3.6917062 0.0036917062 3.12683578
749 2342 3.69190547 0.00369190547 3.12683578
749 2342 3.6918168 0.0036918168 3.12683578
749 2342 3.69178879 0.00369178879 3.12683578
749 2342 3.69183152 0.00369183152 3.12683578
749 2342 3.69180108 0.00369180108 3.12683578
749 2342 3.69184913 0.00369184913 3.12683578
749 2342 3.69180269 0.00369180269 3.12683578
749 2342 3.69185345 0.00369185345 3.12683578
748 2340 3.6919474 0.0036919474 3.12834225
748 2337 3.68157237 0.00368157237 3.12433155
748 2336 3.67275304 0.00367275304 3.12299465
748 2336 3.67279348 0.00367279348 3.12299465
748 2336 3.68060719 0.00368060719 3.12299465
748 2336 3.68062079 0.00368062079 3.12299465
748 2336 3.68050748 0.00368050748 3.12299465
748 2338 3.68441755 0.00368441755 3.12566845
748 2338 3.68451989 0.00368451989 3.12566845
748 2338 3.68448349 0.00368448349 3.12566845
747 2334 3.68058978 0.00368058978 3.12449799
747 2334 3.68038641 0.00368038641 3.12449799
747 2334 3.68060959 0.00368060959 3.12449799
747 2334 3.68044062 0.00368044062 3.12449799
747 2334 3.680724 0.003680724 3.12449799
747 2334 3.680501 0.003680501 3.12449799
747 2334 3.68062052 0.00368062052 3.12449799
747 2334 3.68043673 0.00368043673 3.12449799
747 2334 3.68064898 0.00368064898 3.12449799
747 2334 3.68045785 0.00368045785 3.12449799
746 2327 3.67512502 0.00367512502 3.11930295
746 2328 3.66166322 0.00366166322 3.12064343
746 2328 3.66175804 0.00366175804 3.12064343
746 2328 3.66177253 0.00366177253 3.12064343
746 2328 3.66179004 0.00366179004 3.12064343
746 2328 3.66178581 0.00366178581 3.12064343
746 2328 3.66178733 0.00366178733 3.12064343
746 2328 3.66179037 0.00366179037 3.12064343
746 2328 3.66178972 0.00366178972 3.12064343
746 2328 3.66178948 0.00366178948 3.12064343
745 2321 3.65618704 0.00365618704 3.11543624
745 2321 3.65612769 0.00365612769 3.11543624
745 2321 3.65610241 0.00365610241 3.11543624
745 2321 3.6561805 0.0036561805 3.11543624
745 2321 3.65622803 0.00365622803 3.11543624
745 2321 3.65617208 0.00365617208 3.11543624
745 2321 3.65619643 0.00365619643 3.11543624
745 2321 3.65619108 0.00365619108 3.11543624
745 2321 3.65619074 0.00365619074 3.11543624
745 2321 3.65620095 0.00365620095 3.11543624
744 2315 3.64807133 0.00364807133 3.11155914
744 2315 3.64796499 0.00364796499 3.11155914
744 2315 3.64790094 0.00364790094 3.11155914
744 2315 3.64787087 0.00364787087 3.11155914
744 2315 3.64808113 0.00364808113 3.11155914
744 2315 3.64792769 0.00364792769 3.11155914
744 2315 3.6478735 0.0036478735 3.11155914
744 2315 3.64788346 0.00364788346 3.11155914
744 2315 3.64808318 0.00364808318 3.11155914
744 2315 3.64792782 0.00364792782 3.11155914
743 2310 3.63756173 0.00363756173 3.1090175
743 2310 3.63767751 0.00363767751 3.1090175
743 2310 3.6377706 0.0036377706 3.1090175
743 2310 3.6376089 0.0036376089 3.1090175
743 2310 3.63771468 0.00363771468 3.1090175
743 2310 3.63779186 0.00363779186 3.1090175
743 2310 3.63761521 0.00363761521 3.1090175
743 2310 3.63771637 0.00363771637 3.1090175
743 2310 3.63779139 0.00363779139 3.1090175
743 2310 3.63761542 0.00363761542 3.1090175
742 2304 3.626166 0.003626166 3.10512129
742 2307 3.62840708 0.00362840708 3.10916442
742 2307 3.62849243 0.00362849243 3.10916442
742 2307 3.62845137 0.00362845137 3.10916442
742 2307 3.62851648 0.00362851648 3.10916442
742 2307 3.62853112 0.00362853112 3.10916442
742 2307 3.62853139 0.00362853139 3.10916442
742 2307 3.62853273 0.00362853273 3.10916442
742 2307 3.62853335 0.00362853335 3.10916442
742 2307 3.62853339 0.00362853339 3.10916442
741 2303 3.6030457 0.0036030457 3.10796221
741 2301 3.61665479 0.00361665479 3.10526316
741 2301 3.61689061 0.00361689061 3.10526316
741 2301 3.61686305 0.00361686305 3.10526316
741 2301 3.61681684 0.00361681684 3.10526316
741 2301 3.61688754 0.00361688754 3.10526316
741 2301 3.61685927 0.00361685927 3.10526316
741 2301 3.61681456 0.00361681456 3.10526316
741 2301 3.61688789 0.00361688789 3.10526316
741 2301 3.61685896 0.00361685896 3.10526316
740 2297 3.59139764 0.00359139764 3.10405405
740 2295 3.60046053 0.00360046053 3.10135135
740 2295 3.60079915 0.00360079915 3.10135135
740 2295 3.6008169 0.0036008169 3.10135135
740 2295 3.60081037 0.00360081037 3.10135135
740 2295 3.6008102 0.0036008102 3.10135135
740 2295 3.60081095 0.00360081095 3.10135135
740 2295 3.60081139 0.00360081139 3.10135135
740 2295 3.60081139 0.00360081139 3.10135135
740 2295 3.60081136 0.00360081136 3.10135135
739 2291 3.57537151 0.00357537151 3.10013532
739 2291 3.57548574 0.00357548574 3.10013532
738 2286 3.56831642 0.00356831642 3.09756098
738 2284 3.56439915 0.00356439915 3.09485095
738 2285 3.56822324 0.00356822324 3.09620596
738 2284 3.56774618 0.00356774618 3.09485095
738 2282 3.5685676 0.0035685676 3.09214092
738 2282 3.56752168 0.00356752168 3.09214092
738 2283 3.56536853 0.00356536853 3.09349593
738 2282 3.57641263 0.00357641263 3.09214092
737 2276 3.55975892 0.00355975892 3.08819539
737 2276 3.55999976 0.00355999976 3.08819539
737 2276 3.55990982 0.00355990982 3.08819539
737 2276 3.55996004 0.00355996004 3.08819539
737 2276 3.56000796 0.00356000796 3.08819539
737 2276 3.56003405 0.00356003405 3.08819539
737 2276 3.5600385 0.0035600385 3.08819539
737 2276 3.56004069 0.00356004069 3.08819539
737 2276 3.56004089 0.00356004089 3.08819539
737 2276 3.56004104 0.00356004104 3.08819539
736 2272 3.53676485 0.00353676485 3.08695652
736 2271 3.54917927 0.00354917927 3.08559783
736 2271 3.54935765 0.00354935765 3.08559783
736 2271 3.54938422 0.00354938422 3.08559783
736 2271 3.54938662 0.00354938662 3.08559783
736 2271 3.54938771 0.00354938771 3.08559783
736 2271 3.54938808 0.00354938808 3.08559783
736 2271 3.54938827 0.00354938827 3.08559783
736 2271 3.54938825 0.00354938825 3.08559783
736 2271 3.54938821 0.00354938821 3.08559783
735 2267 3.52604922 0.00352604922 3.08435374
735 2268 3.52397771 0.00352397771 3.08571429
734 2262 3.50716243 0.00350716243 3.08174387
734 2263 3.49845936 0.00349845936 3.08310627
734 2263 3.49844352 0.00349844352 3.08310627
734 2263 3.49839155 0.00349839155 3.08310627
734 2263 3.49840396 0.00349840396 3.08310627
734 2263 3.49840071 0.00349840071 3.08310627
734 2263 3.49838645 0.00349838645 3.08310627
734 2263 3.49826453 0.00349826453 3.08310627
733 2258 3.48782959 0.00348782959 3.08049113
733 2258 3.49840728 0.00349840728 3.08049113
733 2258 3.48782527 0.00348782527 3.08049113
733 2258 3.48774835 0.00348774835 3.08049113
733 2258 3.48781173 0.00348781173 3.08049113
733 2258 3.48780271 0.00348780271 3.08049113
733 2258 3.48779151 0.00348779151 3.08049113
733 2258 3.48779136 0.00348779136 3.08049113
733 2258 3.48779286 0.00348779286 3.08049113
733 2258 3.48779274 0.00348779274 3.08049113
732 2253 3.48773866 0.00348773866 3.07786885
732 2253 3.48779164 0.00348779164 3.07786885
732 2253 3.48773245 0.00348773245 3.07786885
732 2253 3.48780756 0.00348780756 3.07786885
732 2253 3.48771231 0.00348771231 3.07786885
732 2253 3.48780232 0.00348780232 3.07786885
732 2253 3.48771291 0.00348771291 3.07786885
732 2253 3.48780198 0.00348780198 3.07786885
732 2253 3.48771344 0.00348771344 3.07786885
732 2253 3.48780204 0.00348780204 3.07786885
731 2250 3.4872902 0.0034872902 3.07797538
731 2250 3.48769081 0.00348769081 3.07797538
731 2250 3.4878006 0.0034878006 3.07797538
731 2250 3.48773278 0.00348773278 3.07797538
731 2250 3.48780884 0.00348780884 3.07797538
731 2250 3.48771233 0.00348771233 3.07797538
731 2250 3.48780225 0.00348780225 3.07797538
731 2250 3.48771277 0.00348771277 3.07797538
731 2250 3.48780196 0.00348780196 3.07797538
731 2250 3.48771337 0.00348771337 3.07797538
730 2246 3.46527981 0.00346527981 3.07671233
730 2243 3.46628684 0.00346628684 3.07260274
730 2244 3.45364318 0.00345364318 3.0739726
730 2245 3.44895798 0.00344895798 3.07534247
730 2244 3.44577465 0.00344577465 3.0739726
730 2243 3.44868215 0.00344868215 3.07260274
730 2243 3.44073929 0.00344073929 3.07260274
730 2241 3.444012 0.003444012 3.06986301
730 2243 3.45046182 0.00345046182 3.07260274
730 2239 3.44072785 0.00344072785 3.06712329
729 2234 3.43036773 0.00343036773 3.06447188
729 2234 3.43029623 0.00343029623 3.06447188
729 2234 3.43032473 0.00343032473 3.06447188
729 2234 3.43032854 0.00343032854 3.06447188
729 2234 3.43031923 0.00343031923 3.06447188
729 2234 3.43032583 0.00343032583 3.06447188
729 2234 3.43032221 0.00343032221 3.06447188
729 2234 3.43032193 0.00343032193 3.06447188
729 2234 3.43032084 0.00343032084 3.06447188
729 2234 3.43032141 0.00343032141 3.06447188
728 2232 3.43032059 0.00343032059 3.06593407
728 2232 3.43032111 0.00343032111 3.06593407
728 2232 3.43032074 0.00343032074 3.06593407
728 2232 3.4303207 0.0034303207 3.06593407
728 2232 3.43032063 0.00343032063 3.06593407
728 2232 3.43032071 0.00343032071 3.06593407
728 2232 3.43032071 0.00343032071 3.06593407
728 2232 3.4303207 0.0034303207 3.06593407
728 2232 3.43032068 0.00343032068 3.06593407
728 2232 3.43032068 0.00343032068 3.06593407
727 2227 3.43026656 0.00343026656 3.06327373
727 2227 3.43026633 0.00343026633 3.06327373
727 2227 3.43026619 0.00343026619 3.06327373
727 2227 3.43026605 0.00343026605 3.06327373
727 2227 3.43026599 0.00343026599 3.06327373
727 2227 3.43026593 0.00343026593 3.06327373
727 2227 3.43026589 0.00343026589 3.06327373
727 2227 3.43026586 0.00343026586 3.06327373
727 2227 3.43026589 0.00343026589 3.06327373
727 2227 3.43026589 0.00343026589 3.06327373
726 2224 3.42974596 0.00342974596 3.06336088
726 2224 3.42984888 0.00342984888 3.06336088
726 2224 3.42990952 0.00342990952 3.06336088
726 2224 3.42993122 0.00342993122 3.06336088
726 2224 3.42995755 0.00342995755 3.06336088
726 2224 3.42996042 0.00342996042 3.06336088
726 2224 3.42995922 0.00342995922 3.06336088
726 2224 3.42995822 0.00342995822 3.06336088
726 2224 3.42995864 0.00342995864 3.06336088
726 2224 3.42995881 0.00342995881 3.06336088
725 2218 3.41986885 0.00341986885 3.05931034
725 2223 3.42978796 0.00342978796 3.0662069
725 2223 3.42987401 0.00342987401 3.0662069
725 2223 3.42991747 0.00342991747 3.0662069
725 2223 3.42994497 0.00342994497 3.0662069
725 2223 3.42995837 0.00342995837 3.0662069
725 2223 3.42995777 0.00342995777 3.0662069
725 2223 3.42995811 0.00342995811 3.0662069
725 2223 3.42995801 0.00342995801 3.0662069
725 2223 3.42995873 0.00342995873 3.0662069
724 2217 3.41986883 0.00341986883 3.0621547
724 2217 3.41955741 0.00341955741 3.0621547
724 2217 3.41972118 0.00341972118 3.0621547
724 2217 3.41961792 0.00341961792 3.0621547
724 2217 3.41967835 0.00341967835 3.0621547
724 2217 3.41963249 0.00341963249 3.0621547
724 2217 3.41966798 0.00341966798 3.0621547
724 2217 3.41964985 0.00341964985 3.0621547
724 2217 3.41965468 0.00341965468 3.0621547
724 2217 3.4196561 0.0034196561 3.0621547
723 2212 3.41965467 0.00341965467 3.05947441
723 2212 3.41963335 0.00341963335 3.05947441
723 2212 3.41961336 0.00341961336 3.05947441
723 2212 3.41961241 0.00341961241 3.05947441
723 2212 3.41960986 0.00341960986 3.05947441
723 2212 3.41960987 0.00341960987 3.05947441
723 2212 3.4196102 0.0034196102 3.05947441
723 2212 3.41961051 0.00341961051 3.05947441
723 2212 3.41961062 0.00341961062 3.05947441
723 2212 3.41961064 0.00341961064 3.05947441
722 2209 3.41013342 0.00341013342 3.05955679
722 2202 3.41185685 0.00341185685 3.0498615
722 2204 3.40401111 0.00340401111 3.05263158
722 2204 3.40401928 0.00340401928 3.05263158
722 2204 3.40401671 0.00340401671 3.05263158
722 2204 3.40401741 0.00340401741 3.05263158
722 2204 3.40401942 0.00340401942 3.05263158
722 2204 3.40401515 0.00340401515 3.05263158
722 2204 3.40401715 0.00340401715 3.05263158
722 2204 3.40401353 0.00340401353 3.05263158
721 2199 3.40401139 0.00340401139 3.04993065
721 2199 3.40405502 0.00340405502 3.04993065
721 2199 3.40374831 0.00340374831 3.04993065
721 2199 3.40404035 0.00340404035 3.04993065
721 2199 3.40381074 0.00340381074 3.04993065
721 2199 3.40405214 0.00340405214 3.04993065
721 2199 3.40370789 0.00340370789 3.04993065
721 2199 3.40401177 0.00340401177 3.04993065
721 2199 3.40381918 0.00340381918 3.04993065
721 2199 3.40405827 0.00340405827 3.04993065
720 2195 3.37242309 0.00337242309 3.04861111
720 2197 3.40384249 0.00340384249 3.05138889
720 2197 3.40402255 0.00340402255 3.05138889
720 2197 3.40380618 0.00340380618 3.05138889
720 2197 3.40407184 0.00340407184 3.05138889
720 2197 3.4038248 0.0034038248 3.05138889
720 2197 3.4040567 0.0034040567 3.05138889
720 2197 3.40370735 0.00340370735 3.05138889
720 2197 3.40401189 0.00340401189 3.05138889
720 2197 3.40381928 0.00340381928 3.05138889
719 2192 3.40334465 0.00340334465 3.04867872
719 2193 3.39298578 0.00339298578 3.05006954
719 2193 3.37261367 0.00337261367 3.05006954
719 2194 3.40306168 0.00340306168 3.05146036
719 2195 3.37199265 0.00337199265 3.05285118
719 2195 3.39199886 0.00339199886 3.05285118
719 2201 3.36853073 0.00336853073 3.06119611
719 2201 3.36834903 0.00336834903 3.06119611
719 2202 3.37753934 0.00337753934 3.06258693
719 2196 3.35218919 0.00335218919 3.054242
718 2195 3.35238133 0.00335238133 3.05710306
718 2195 3.35231477 0.00335231477 3.05710306
718 2195 3.35236482 0.00335236482 3.05710306
718 2195 3.35238449 0.00335238449 3.05710306
718 2195 3.35238367 0.00335238367 3.05710306
718 2195 3.35238145 0.00335238145 3.05710306
718 2195 3.35238244 0.00335238244 3.05710306
718 2195 3.35238163 0.00335238163 3.05710306
718 2195 3.35238174 0.00335238174 3.05710306
718 2195 3.35238151 0.00335238151 3.05710306
717 2189 3.34265268 0.00334265268 3.05299861
717 2189 3.34241591 0.00334241591 3.05299861
717 2189 3.34242597 0.00334242597 3.05299861
717 2189 3.34242122 0.00334242122 3.05299861
717 2189 3.34243324 0.00334243324 3.05299861
717 2189 3.34243039 0.00334243039 3.05299861
717 2189 3.3424324 0.0033424324 3.05299861
717 2189 3.3424325 0.0033424325 3.05299861
717 2189 3.34243257 0.00334243257 3.05299861
717 2189 3.34243263 0.00334243263 3.05299861
716 2183 3.33348695 0.00333348695 3.04888268
716 2183 3.33351242 0.00333351242 3.04888268
716 2183 3.3335649 0.0033335649 3.04888268
716 2183 3.33352064 0.00333352064 3.04888268
716 2183 3.33350803 0.00333350803 3.04888268
716 2183 3.33350289 0.00333350289 3.04888268
716 2183 3.33350238 0.00333350238 3.04888268
716 2183 3.33350627 0.00333350627 3.04888268
716 2183 3.3335087 0.0033335087 3.04888268
716 2183 3.33350892 0.00333350892 3.04888268
715 2173 3.32731795 0.00332731795 3.03916084
715 2173 3.32722522 0.00332722522 3.03916084
715 2173 3.32722027 0.00332722027 3.03916084
715 2173 3.32723932 0.00332723932 3.03916084
715 2173 3.32722476 0.00332722476 3.03916084
715 2173 3.32726421 0.00332726421 3.03916084
715 2173 3.327226 0.003327226 3.03916084
715 2173 3.32726339 0.00332726339 3.03916084
715 2173 3.32722613 0.00332722613 3.03916084
715 2173 3.32726375 0.00332726375 3.03916084
714 2171 3.30071438 0.00330071438 3.04061625
713 2166 3.29625938 0.00329625938 3.03786816
713 2166 3.29617662 0.00329617662 3.03786816
713 2166 3.29621967 0.00329621967 3.03786816
713 2166 3.29623904 0.00329623904 3.03786816
713 2166 3.29622235 0.00329622235 3.03786816
713 2166 3.29620704 0.00329620704 3.03786816
713 2166 3.29620404 0.00329620404 3.03786816
713 2166 3.29627424 0.00329627424 3.03786816
713 2166 3.29615941 0.00329615941 3.03786816
712 2159 3.28162032 0.00328162032 3.03230337
712 2159 3.28153008 0.00328153008 3.03230337
712 2159 3.28159526 0.00328159526 3.03230337
712 2159 3.28150219 0.00328150219 3.03230337
712 2159 3.28152529 0.00328152529 3.03230337
712 2160 3.28156357 0.00328156357 3.03370787
712 2159 3.28133231 0.00328133231 3.03230337
712 2159 3.28159742 0.00328159742 3.03230337
712 2159 3.28154112 0.00328154112 3.03230337
712 2159 3.28157071 0.00328157071 3.03230337
711 2153 3.26795501 0.00326795501 3.0281294
711 2150 3.25431433 0.00325431433 3.02390999
711 2155 3.28106156 0.00328106156 3.03094233
711 2155 3.28107206 0.00328107206 3.03094233
711 2155 3.28110049 0.00328110049 3.03094233
711 2155 3.28114806 0.00328114806 3.03094233
711 2155 3.28111266 0.00328111266 3.03094233
711 2155 3.28094565 0.00328094565 3.03094233
711 2155 3.28107646 0.00328107646 3.03094233
711 2155 3.28109492 0.00328109492 3.03094233
710 2150 3.28116055 0.00328116055 3.02816901
710 2150 3.28110598 0.00328110598 3.02816901
710 2146 3.2538807 0.0032538807 3.02253521
710 2150 3.25004622 0.00325004622 3.02816901
710 2148 3.27055288 0.00327055288 3.02535211
710 2154 3.25922707 0.00325922707 3.03380282
710 2154 3.25916862 0.00325916862 3.03380282
710 2154 3.25918702 0.00325918702 3.03380282
710 2154 3.25866389 0.00325866389 3.03380282
710 2155 3.23983951 0.00323983951 3.03521127
709 2148 3.23295874 0.00323295874 3.02961918
709 2149 3.23912585 0.00323912585 3.03102962
709 2144 3.21582124 0.00321582124 3.02397743
709 2146 3.22450396 0.00322450396 3.02679831
709 2143 3.22628949 0.00322628949 3.022567
709 2142 3.24666962 0.00324666962 3.02115656
709 2146 3.24752653 0.00324752653 3.02679831
709 2146 3.24760275 0.00324760275 3.02679831
709 2146 3.24755174 0.00324755174 3.02679831
708 2141 3.24755866 0.00324755866 3.0240113
707 2132 3.22447063 0.00322447063 3.0155587
707 2132 3.22460023 0.00322460023 3.0155587
707 2132 3.22426749 0.00322426749 3.0155587
707 2132 3.22431378 0.00322431378 3.0155587
707 2132 3.22435403 0.00322435403 3.0155587
707 2132 3.22432571 0.00322432571 3.0155587
707 2132 3.22433003 0.00322433003 3.0155587
707 2132 3.22433205 0.00322433205 3.0155587
707 2132 3.22435581 0.00322435581 3.0155587
707 2132 3.22435915 0.00322435915 3.0155587
706 2128 3.2096025 0.0032096025 3.01416431
706 2126 3.21519564 0.00321519564 3.01133144
706 2127 3.19816559 0.00319816559 3.01274788
706 2128 3.19639029 0.00319639029 3.01416431
706 2126 3.19190712 0.00319190712 3.01133144
706 2128 3.19175798 0.00319175798 3.01416431
706 2125 3.17782214 0.00317782214 3.00991501
706 2126 3.17073251 0.00317073251 3.01133144
706 2130 3.19031318 0.00319031318 3.01699717
705 2121 3.17012258 0.00317012258 3.00851064
704 2117 3.15762811 0.00315762811 3.00710227
704 2117 3.15396424 0.00315396424 3.00710227
704 2118 3.16446981 0.00316446981 3.00852273
704 2118 3.14003345 0.00314003345 3.00852273
704 2111 3.13350372 0.00313350372 2.99857955
704 2110 3.12168838 0.00312168838 2.99715909
704 2108 3.13260733 0.00313260733 2.99431818
704 2111 3.1414999 0.0031414999 2.99857955
704 2109 3.13070857 0.00313070857 2.99573864
704 2109 3.13059211 0.00313059211 2.99573864
703 2104 3.1066552 0.0031066552 2.99288762
703 2103 3.10394844 0.00310394844 2.99146515
703 2105 3.12665695 0.00312665695 2.9943101
703 2101 3.11740975 0.00311740975 2.9886202
703 2107 3.12940172 0.00312940172 2.99715505
703 2107 3.12928992 0.00312928992 2.99715505
702 2102 3.10663701 0.00310663701 2.99430199
702 2103 3.0990402 0.0030990402 2.9957265
702 2104 3.0969965 0.0030969965 2.997151
702 2105 3.11666881 0.00311666881 2.9985755
701 2101 3.11557334 0.00311557334 2.99714693
701 2098 3.1351103 0.0031351103 2.99286733
701 2098 3.12158223 0.00312158223 2.99286733
701 2096 3.11997464 0.00311997464 2.99001427
700 2093 3.11542579 0.00311542579 2.99
700 2097 3.12305939 0.00312305939 2.99571429
699 2089 3.11477439 0.00311477439 2.98855508
698 2082 3.09525176 0.00309525176 2.98280802
698 2081 3.10768257 0.00310768257 2.98137536
698 2081 3.10788335 0.00310788335 2.98137536
697 2074 3.09611475 0.00309611475 2.97560976
697 2074 3.09603751 0.00309603751 2.97560976
697 2074 3.09599174 0.00309599174 2.97560976
697 2074 3.09597119 0.00309597119 2.97560976
697 2074 3.09597896 0.00309597896 2.97560976
697 2074 3.09598264 0.00309598264 2.97560976
697 2074 3.09598482 0.00309598482 2.97560976
697 2074 3.09598571 0.00309598571 2.97560976
697 2074 3.09598596 0.00309598596 2.97560976
697 2074 3.09598623 0.00309598623 2.97560976
696 2066 3.08222365 0.00308222365 2.9683908
696 2070 3.06763179 0.00306763179 2.97413793
696 2066 3.08218758 0.00308218758 2.9683908
696 2066 3.082152 0.003082152 2.9683908
696 2066 3.08226323 0.00308226323 2.9683908
696 2066 3.08209545 0.00308209545 2.9683908
696 2066 3.0822285 0.0030822285 2.9683908
696 2066 3.08208243 0.00308208243 2.9683908
696 2066 3.0822331 0.0030822331 2.9683908
696 2066 3.08208575 0.00308208575 2.9683908
695 2062 3.06758582 0.00306758582 2.96690647
694 2057 3.05069373 0.00305069373 2.96397695
694 2056 3.04353682 0.00304353682 2.96253602
693 2051 3.04085199 0.00304085199 2.95959596
693 2051 3.04076211 0.00304076211 2.95959596
693 2051 3.04078516 0.00304078516 2.95959596
693 2051 3.04076084 0.00304076084 2.95959596
693 2051 3.04074754 0.00304074754 2.95959596
693 2051 3.04072712 0.00304072712 2.95959596
693 2051 3.04072923 0.00304072923 2.95959596
692 2045 3.03069097 0.00303069097 2.95520231
692 2045 3.03083598 0.00303083598 2.95520231
692 2045 3.03079599 0.00303079599 2.95520231
692 2045 3.03077005 0.00303077005 2.95520231
692 2045 3.03079827 0.00303079827 2.95520231
692 2045 3.03076359 0.00303076359 2.95520231
692 2045 3.03077612 0.00303077612 2.95520231
692 2045 3.03078589 0.00303078589 2.95520231
692 2045 3.03077025 0.00303077025 2.95520231
692 2045 3.03078083 0.00303078083 2.95520231
691 2040 3.0307761 0.0030307761 2.95224313
691 2040 3.03077758 0.00303077758 2.95224313
691 2040 3.03077679 0.00303077679 2.95224313
691 2040 3.03077723 0.00303077723 2.95224313
691 2040 3.03077724 0.00303077724 2.95224313
691 2040 3.03077698 0.00303077698 2.95224313
691 2040 3.03077689 0.00303077689 2.95224313
691 2040 3.03077696 0.00303077696 2.95224313
691 2040 3.03077699 0.00303077699 2.95224313
691 2040 3.03077696 0.00303077696 2.95224313
690 2035 3.03069379 0.00303069379 2.94927536
690 2035 3.03069378 0.00303069378 2.94927536
690 2035 3.03069379 0.00303069379 2.94927536
690 2035 3.03069378 0.00303069378 2.94927536
690 2035 3.03069378 0.00303069378 2.94927536
690 2035 3.03069378 0.00303069378 2.94927536
690 2035 3.03069378 0.00303069378 2.94927536
690 2035 3.03069378 0.00303069378 2.94927536
690 2035 3.03069378 0.00303069378 2.94927536
690 2035 3.03069378 0.00303069378 2.94927536
689 2033 3.03069378 0.00303069378 2.95065312
689 2033 3.0309061 0.0030309061 2.95065312
689 2033 3.03090141 0.00303090141 2.95065312
689 2033 3.03062708 0.00303062708 2.95065312
689 2033 3.03098383 0.00303098383 2.95065312
689 2033 3.03078504 0.00303078504 2.95065312
689 2033 3.03065761 0.00303065761 2.95065312
689 2033 3.03081683 0.00303081683 2.95065312
689 2033 3.03086448 0.00303086448 2.95065312
689 2033 3.03067253 0.00303067253 2.95065312
688 2028 3.00889092 0.00300889092 2.94767442
688 2030 3.01512224 0.00301512224 2.9505814
688 2027 3.00377119 0.00300377119 2.94622093
688 2025 3.00037868 0.00300037868 2.94331395
688 2024 2.99996515 0.00299996515 2.94186047
688 2024 3.00353901 0.00300353901 2.94186047
688 2024 3.00353682 0.00300353682 2.94186047
688 2024 3.00349449 0.00300349449 2.94186047
688 2024 3.00347464 0.00300347464 2.94186047
688 2024 3.00346657 0.00300346657 2.94186047
687 2018 2.99336094 0.00299336094 2.93740902
687 2018 2.99360941 0.00299360941 2.93740902
687 2018 2.99354998 0.00299354998 2.93740902
687 2018 2.99349538 0.00299349538 2.93740902
687 2018 2.99348451 0.00299348451 2.93740902
687 2018 2.99345904 0.00299345904 2.93740902
687 2018 2.99344976 0.00299344976 2.93740902
687 2018 2.99344798 0.00299344798 2.93740902
687 2018 2.99344971 0.00299344971 2.93740902
687 2018 2.99345075 0.00299345075 2.93740902
686 2013 2.98169881 0.00298169881 2.93440233
686 2013 2.98164271 0.00298164271 2.93440233
686 2013 2.98163969 0.00298163969 2.93440233
686 2013 2.98188804 0.00298188804 2.93440233
686 2013 2.98176457 0.00298176457 2.93440233
686 2013 2.98181878 0.00298181878 2.93440233
686 2013 2.9817009 0.0029817009 2.93440233
686 2013 2.98166756 0.00298166756 2.93440233
686 2013 2.98190309 0.00298190309 2.93440233
686 2013 2.98170149 0.00298170149 2.93440233
685 2005 2.97328838 0.00297328838 2.9270073
685 2005 2.97318389 0.00297318389 2.9270073
685 2006 2.96216245 0.00296216245 2.92846715
685 2005 2.96404597 0.00296404597 2.9270073
685 2002 2.96682269 0.00296682269 2.92262774
685 2005 2.97312746 0.00297312746 2.9270073
685 2005 2.97309891 0.00297309891 2.9270073
685 2005 2.97321663 0.00297321663 2.9270073
685 2005 2.97337339 0.00297337339 2.9270073
685 2005 2.9731498 0.0029731498 2.9270073
684 1998 2.95374637 0.00295374637 2.92105263
684 2000 2.97292995 0.00297292995 2.92397661
684 2000 2.97331838 0.00297331838 2.92397661
684 2000 2.97337283 0.00297337283 2.92397661
684 2000 2.97291788 0.00297291788 2.92397661
684 2003 2.97310397 0.00297310397 2.92836257
684 2003 2.97340558 0.00297340558 2.92836257
684 2003 2.97293802 0.00297293802 2.92836257
684 2003 2.97310651 0.00297310651 2.92836257
684 2003 2.97336406 0.00297336406 2.92836257
683 1996 2.95350417 0.00295350417 2.92240117
683 1998 2.97292941 0.00297292941 2.92532943
683 1998 2.97339316 0.00297339316 2.92532943
683 1998 2.97325472 0.00297325472 2.92532943
683 1996 2.9538024 0.0029538024 2.92240117
683 1995 2.95555583 0.00295555583 2.92093704
683 1999 2.93974463 0.00293974463 2.92679356
683 1995 2.93905661 0.00293905661 2.92093704
683 1996 2.93186479 0.00293186479 2.92240117
683 1996 2.94392227 0.00294392227 2.92240117
682 1988 2.93102678 0.00293102678 2.91495601
681 1980 2.91722722 0.00291722722 2.90748899
681 1980 2.91718261 0.00291718261 2.90748899
681 1980 2.91721546 0.00291721546 2.90748899
681 1980 2.91716272 0.00291716272 2.90748899
681 1980 2.91714255 0.00291714255 2.90748899
681 1980 2.9171343 0.0029171343 2.90748899
681 1980 2.91707913 0.00291707913 2.90748899
681 1980 2.91704906 0.00291704906 2.90748899
681 1980 2.91706482 0.00291706482 2.90748899
680 1978 2.91705491 0.00291705491 2.90882353
680 1978 2.91709096 0.00291709096 2.90882353
680 1978 2.91714437 0.00291714437 2.90882353
680 1978 2.91714888 0.00291714888 2.90882353
680 1978 2.91716794 0.00291716794 2.90882353
680 1978 2.91717802 0.00291717802 2.90882353
680 1978 2.91717957 0.00291717957 2.90882353
680 1978 2.91717964 0.00291717964 2.90882353
680 1978 2.91717788 0.00291717788 2.90882353
680 1978 2.91717674 0.00291717674 2.90882353
679 1970 2.90953874 0.00290953874 2.90132548
679 1970 2.90947305 0.00290947305 2.90132548
679 1970 2.90956684 0.00290956684 2.90132548
679 1970 2.9093786 0.0029093786 2.90132548
679 1970 2.90959893 0.00290959893 2.90132548
679 1970 2.90945623 0.00290945623 2.90132548
679 1970 2.90957509 0.00290957509 2.90132548
679 1970 2.90959056 0.00290959056 2.90132548
679 1970 2.90936917 0.00290936917 2.90132548
679 1970 2.90961796 0.00290961796 2.90132548
678 1962 2.90917814 0.00290917814 2.89380531
678 1965 2.89762518 0.00289762518 2.89823009
678 1965 2.89763903 0.00289763903 2.89823009
678 1965 2.89763541 0.00289763541 2.89823009
678 1965 2.89764237 0.00289764237 2.89823009
678 1965 2.8976265 0.0028976265 2.89823009
678 1965 2.89762461 0.00289762461 2.89823009
678 1965 2.89762573 0.00289762573 2.89823009
678 1965 2.8976246 0.0028976246 2.89823009
678 1965 2.8976249 0.0028976249 2.89823009
677 1957 2.89753348 0.00289753348 2.89069424
677 1957 2.89753344 0.00289753344 2.89069424
677 1957 2.89753363 0.00289753363 2.89069424
677 1957 2.89753369 0.00289753369 2.89069424
677 1957 2.8975334 0.0028975334 2.89069424
677 1957 2.8975333 0.0028975333 2.89069424
677 1957 2.8975332 0.0028975332 2.89069424
677 1957 2.89753334 0.00289753334 2.89069424
677 1957 2.89753328 0.00289753328 2.89069424
677 1957 2.89753327 0.00289753327 2.89069424
676 1952 2.89726348 0.00289726348 2.88757396
676 1952 2.89726337 0.00289726337 2.88757396
676 1952 2.89726339 0.00289726339 2.88757396
676 1952 2.89726341 0.00289726341 2.88757396
676 1952 2.89726338 0.00289726338 2.88757396
676 1952 2.89726334 0.00289726334 2.88757396
676 1952 2.89726333 0.00289726333 2.88757396
676 1952 2.8972633 0.0028972633 2.88757396
676 1952 2.8972633 0.0028972633 2.88757396
676 1952 2.89726328 0.00289726328 2.88757396
675 1947 2.89726328 0.00289726328 2.88444444
675 1947 2.89726327 0.00289726327 2.88444444
675 1947 2.89726326 0.00289726326 2.88444444
675 1947 2.89726325 0.00289726325 2.88444444
675 1947 2.89726324 0.00289726324 2.88444444
675 1947 2.89726324 0.00289726324 2.88444444
675 1947 2.89726323 0.00289726323 2.88444444
675 1947 2.89726322 0.00289726322 2.88444444
675 1947 2.89726322 0.00289726322 2.88444444
675 1947 2.89726322 0.00289726322 2.88444444
674 1942 2.89718157 0.00289718157 2.88130564
674 1942 2.89718157 0.00289718157 2.88130564
674 1942 2.89718158 0.00289718158 2.88130564
674 1942 2.89718158 0.00289718158 2.88130564
674 1942 2.89718158 0.00289718158 2.88130564
674 1942 2.89718158 0.00289718158 2.88130564
674 1942 2.89718159 0.00289718159 2.88130564
674 1942 2.89718159 0.00289718159 2.88130564
674 1942 2.89718159 0.00289718159 2.88130564
674 1942 2.89718159 0.00289718159 2.88130564
673 1937 2.89718159 0.00289718159 2.8781575
673 1937 2.89722753 0.00289722753 2.8781575
673 1940 2.89373722 0.00289373722 2.88261516
673 1941 2.89080855 0.00289080855 2.88410104
672 1937 2.8907699 0.0028907699 2.88244048
672 1937 2.89078601 0.00289078601 2.88244048
672 1937 2.89077796 0.00289077796 2.88244048
672 1937 2.89078047 0.00289078047 2.88244048
672 1937 2.89077743 0.00289077743 2.88244048
672 1937 2.89077832 0.00289077832 2.88244048
671 1932 2.89069628 0.00289069628 2.87928465
671 1932 2.8907422 0.0028907422 2.87928465
671 1932 2.89066358 0.00289066358 2.87928465
671 1932 2.89068419 0.00289068419 2.87928465
671 1932 2.89073342 0.00289073342 2.87928465
671 1932 2.89071491 0.00289071491 2.87928465
671 1932 2.89073441 0.00289073441 2.87928465
671 1932 2.89066277 0.00289066277 2.87928465
671 1932 2.89069604 0.00289069604 2.87928465
671 1932 2.8907375 0.0028907375 2.87928465
670 1927 2.89071647 0.00289071647 2.8761194
670 1927 2.8907426 0.0028907426 2.8761194
670 1927 2.8907932 0.0028907932 2.8761194
670 1927 2.89080836 0.00289080836 2.8761194
670 1927 2.89081328 0.00289081328 2.8761194
670 1927 2.89081495 0.00289081495 2.8761194
670 1927 2.89081556 0.00289081556 2.8761194
670 1927 2.89081579 0.00289081579 2.8761194
670 1927 2.89081589 0.00289081589 2.8761194
670 1927 2.89081593 0.00289081593 2.8761194
669 1922 2.86895101 0.00286895101 2.87294469
669 1922 2.86888685 0.00286888685 2.87294469
669 1922 2.86883808 0.00286883808 2.87294469
669 1922 2.86886773 0.00286886773 2.87294469
669 1920 2.87380639 0.00287380639 2.86995516
669 1920 2.85244493 0.00285244493 2.86995516
669 1920 2.85215609 0.00285215609 2.86995516
669 1921 2.86590106 0.00286590106 2.87144993
669 1921 2.86586287 0.00286586287 2.87144993
669 1921 2.86586763 0.00286586763 2.87144993
668 1914 2.84947138 0.00284947138 2.86526946
668 1914 2.84966596 0.00284966596 2.86526946
668 1914 2.84949661 0.00284949661 2.86526946
668 1914 2.84951226 0.00284951226 2.86526946
668 1914 2.84933777 0.00284933777 2.86526946
668 1916 2.84632618 0.00284632618 2.86826347
668 1914 2.84939844 0.00284939844 2.86526946
668 1914 2.84963106 0.00284963106 2.86526946
668 1914 2.84943966 0.00284943966 2.86526946
668 1914 2.84962994 0.00284962994 2.86526946
667 1909 2.83137977 0.00283137977 2.86206897
667 1909 2.84959258 0.00284959258 2.86206897
667 1909 2.84932102 0.00284932102 2.86206897
667 1909 2.84927123 0.00284927123 2.86206897
667 1909 2.84937343 0.00284937343 2.86206897
667 1909 2.84940119 0.00284940119 2.86206897
667 1909 2.84939903 0.00284939903 2.86206897
667 1909 2.84939981 0.00284939981 2.86206897
667 1909 2.84939956 0.00284939956 2.86206897
667 1909 2.84939982 0.00284939982 2.86206897
666 1904 2.83118562 0.00283118562 2.85885886
666 1902 2.82421911 0.00282421911 2.85585586
666 1905 2.81482788 0.00281482788 2.86036036
666 1903 2.80383722 0.00280383722 2.85735736
666 1904 2.79747252 0.00279747252 2.85885886
666 1903 2.81757312 0.00281757312 2.85735736
666 1901 2.81915979 0.00281915979 2.85435435
666 1901 2.81758495 0.00281758495 2.85435435
666 1901 2.81765474 0.00281765474 2.85435435
666 1905 2.83452938 0.00283452938 2.86036036
665 1900 2.83423911 0.00283423911 2.85714286
665 1900 2.83416466 0.00283416466 2.85714286
665 1900 2.83417252 0.00283417252 2.85714286
665 1900 2.83419432 0.00283419432 2.85714286
665 1900 2.83415739 0.00283415739 2.85714286
665 1900 2.83416276 0.00283416276 2.85714286
665 1900 2.83415393 0.00283415393 2.85714286
665 1900 2.83415204 0.00283415204 2.85714286
665 1900 2.8341476 0.0028341476 2.85714286
665 1900 2.83414754 0.00283414754 2.85714286
664 1895 2.8341453 0.0028341453 2.85391566
664 1895 2.83419595 0.00283419595 2.85391566
664 1895 2.83422946 0.00283422946 2.85391566
664 1895 2.83424138 0.00283424138 2.85391566
664 1895 2.83424477 0.00283424477 2.85391566
664 1895 2.83424614 0.00283424614 2.85391566
664 1895 2.83424659 0.00283424659 2.85391566
664 1895 2.8342468 0.0028342468 2.85391566
664 1895 2.83424689 0.00283424689 2.85391566
664 1895 2.83424693 0.00283424693 2.85391566
663 1890 2.81374591 0.00281374591 2.85067873
663 1890 2.81364389 0.00281364389 2.85067873
663 1890 2.81366643 0.00281366643 2.85067873
663 1890 2.81367612 0.00281367612 2.85067873
663 1890 2.8135104 0.0028135104 2.85067873
663 1890 2.81370863 0.00281370863 2.85067873
663 1890 2.81367229 0.00281367229 2.85067873
663 1890 2.81352509 0.00281352509 2.85067873
663 1890 2.8137115 0.0028137115 2.85067873
663 1890 2.81367531 0.00281367531 2.85067873
662 1885 2.79452427 0.00279452427 2.84743202
662 1885 2.79485557 0.00279485557 2.84743202
662 1883 2.79748019 0.00279748019 2.84441088
662 1883 2.79730846 0.00279730846 2.84441088
662 1883 2.79981957 0.00279981957 2.84441088
662 1883 2.79762151 0.00279762151 2.84441088
662 1883 2.7973617 0.0027973617 2.84441088
662 1883 2.79736747 0.00279736747 2.84441088
662 1883 2.79739165 0.00279739165 2.84441088
662 1883 2.79739606 0.00279739606 2.84441088
661 1878 2.77974637 0.00277974637 2.84114977
661 1879 2.7735129 0.0027735129 2.84266263
661 1881 2.79343679 0.00279343679 2.84568835
661 1877 2.78806733 0.00278806733 2.83963691
661 1877 2.78811098 0.00278811098 2.83963691
661 1877 2.78797738 0.00278797738 2.83963691
661 1880 2.78820518 0.00278820518 2.84417549
661 1880 2.78813353 0.00278813353 2.84417549
661 1880 2.78799797 0.00278799797 2.84417549
661 1880 2.78806384 0.00278806384 2.84417549
660 1875 2.77246408 0.00277246408 2.84090909
660 1877 2.78781991 0.00278781991 2.84393939
660 1877 2.78775404 0.00278775404 2.84393939
660 1877 2.78754688 0.00278754688 2.84393939
660 1877 2.78778079 0.00278778079 2.84393939
660 1877 2.78775301 0.00278775301 2.84393939
660 1877 2.78754751 0.00278754751 2.84393939
660 1877 2.78777939 0.00278777939 2.84393939
660 1877 2.78775165 0.00278775165 2.84393939
660 1877 2.78754795 0.00278754795 2.84393939
659 1872 2.77215314 0.00277215314 2.84066768
659 1875 2.76867572 0.00276867572 2.84522003
659 1875 2.76862181 0.00276862181 2.84522003
659 1873 2.76902759 0.00276902759 2.84218513
658 1872 2.76903148 0.00276903148 2.8449848
658 1873 2.76080375 0.00276080375 2.84650456
658 1874 2.77259611 0.00277259611 2.84802432
658 1868 2.76851491 0.00276851491 2.83890578
658 1874 2.77244167 0.00277244167 2.84802432
658 1874 2.77250765 0.00277250765 2.84802432
657 1864 2.76853727 0.00276853727 2.83713851
657 1864 2.76851884 0.00276851884 2.83713851
657 1864 2.76856194 0.00276856194 2.83713851
657 1869 2.75675049 0.00275675049 2.84474886
657 1869 2.75674445 0.00275674445 2.84474886
657 1869 2.7567517 0.0027567517 2.84474886
657 1869 2.7567533 0.0027567533 2.84474886
657 1869 2.75675323 0.00275675323 2.84474886
657 1869 2.7567467 0.0027567467 2.84474886
657 1869 2.75674495 0.00275674495 2.84474886
656 1859 2.7530763 0.0027530763 2.83384146
656 1859 2.75306732 0.00275306732 2.83384146
656 1859 2.75306366 0.00275306366 2.83384146
656 1859 2.75306154 0.00275306154 2.83384146
656 1859 2.75306638 0.00275306638 2.83384146
656 1859 2.75306438 0.00275306438 2.83384146
656 1859 2.753063 0.002753063 2.83384146
656 1859 2.75306323 0.00275306323 2.83384146
656 1859 2.75306354 0.00275306354 2.83384146
656 1859 2.75306335 0.00275306335 2.83384146
655 1851 2.75301132 0.00275301132 2.8259542
655 1851 2.75312681 0.00275312681 2.8259542
655 1851 2.75308306 0.00275308306 2.8259542
655 1851 2.75302407 0.00275302407 2.8259542
655 1851 2.75308219 0.00275308219 2.8259542
655 1851 2.75322971 0.00275322971 2.8259542
655 1851 2.75300672 0.00275300672 2.8259542
655 1851 2.75303643 0.00275303643 2.8259542
655 1851 2.75312781 0.00275312781 2.8259542
655 1851 2.75307737 0.00275307737 2.8259542
654 1847 2.74129331 0.00274129331 2.82415902
654 1847 2.74148249 0.00274148249 2.82415902
654 1844 2.73862277 0.00273862277 2.81957187
654 1844 2.73892675 0.00273892675 2.81957187
654 1844 2.73885065 0.00273885065 2.81957187
654 1844 2.73879061 0.00273879061 2.81957187
654 1844 2.73877025 0.00273877025 2.81957187
654 1844 2.73876158 0.00273876158 2.81957187
654 1844 2.73875602 0.00273875602 2.81957187
654 1844 2.73875694 0.00273875694 2.81957187
653 1840 2.72738012 0.00272738012 2.81776417
653 1840 2.72738627 0.00272738627 2.81776417
653 1840 2.72737794 0.00272737794 2.81776417
653 1840 2.72742101 0.00272742101 2.81776417
653 1840 2.72743742 0.00272743742 2.81776417
653 1840 2.72744396 0.00272744396 2.81776417
653 1840 2.7274465 0.0027274465 2.81776417
653 1840 2.7274477 0.0027274477 2.81776417
653 1840 2.72744831 0.00272744831 2.81776417
653 1840 2.7274486 0.0027274486 2.81776417
652 1835 2.70745381 0.00270745381 2.81441718
652 1837 2.72700669 0.00272700669 2.81748466
652 1837 2.72702694 0.00272702694 2.81748466
652 1837 2.7270342 0.0027270342 2.81748466
652 1837 2.72703623 0.00272703623 2.81748466
652 1837 2.72703722 0.00272703722 2.81748466
652 1837 2.7270375 0.0027270375 2.81748466
652 1837 2.72703761 0.00272703761 2.81748466
652 1837 2.72703764 0.00272703764 2.81748466
652 1837 2.72703765 0.00272703765 2.81748466
651 1832 2.70703542 0.00270703542 2.8141321
651 1832 2.70710647 0.00270710647 2.8141321
651 1832 2.70692573 0.00270692573 2.8141321
651 1832 2.7068722 0.0027068722 2.8141321
651 1832 2.70692403 0.00270692403 2.8141321
651 1832 2.70689013 0.00270689013 2.8141321
651 1832 2.70694014 0.00270694014 2.8141321
651 1832 2.70689099 0.00270689099 2.8141321
651 1832 2.70694383 0.00270694383 2.8141321
651 1832 2.70689218 0.00270689218 2.8141321
650 1826 2.70708091 0.00270708091 2.80923077
650 1826 2.70706622 0.00270706622 2.80923077
650 1826 2.70692935 0.00270692935 2.80923077
650 1826 2.70704844 0.00270704844 2.80923077
650 1826 2.70705645 0.00270705645 2.80923077
650 1826 2.70693508 0.00270693508 2.80923077
650 1826 2.70705161 0.00270705161 2.80923077
650 1826 2.70705546 0.00270705546 2.80923077
650 1826 2.70693495 0.00270693495 2.80923077
650 1826 2.70705153 0.00270705153 2.80923077
649 1823 2.6911654 0.0026911654 2.80893683
649 1823 2.69103264 0.00269103264 2.80893683
649 1823 2.69102406 0.00269102406 2.80893683
649 1823 2.70655004 0.00270655004 2.80893683
649 1823 2.706519 0.002706519 2.80893683
649 1823 2.70651493 0.00270651493 2.80893683
649 1823 2.70652094 0.00270652094 2.80893683
649 1823 2.70651959 0.00270651959 2.80893683
649 1823 2.70651881 0.00270651881 2.80893683
649 1823 2.70651882 0.00270651882 2.80893683
648 1820 2.69062778 0.00269062778 2.80864198
648 1820 2.69048267 0.00269048267 2.80864198
648 1817 2.70512999 0.00270512999 2.80401235
648 1820 2.69048967 0.00269048967 2.80864198
648 1820 2.69048942 0.00269048942 2.80864198
648 1820 2.69048977 0.00269048977 2.80864198
648 1820 2.69047956 0.00269047956 2.80864198
648 1820 2.69048504 0.00269048504 2.80864198
648 1820 2.69048276 0.00269048276 2.80864198
648 1820 2.6904852 0.0026904852 2.80864198
647 1814 2.68913204 0.00268913204 2.80370943
647 1814 2.68907549 0.00268907549 2.80370943
647 1814 2.6890893 0.0026890893 2.80370943
647 1814 2.68910032 0.00268910032 2.80370943
647 1814 2.68911017 0.00268911017 2.80370943
647 1814 2.68911547 0.00268911547 2.80370943
647 1814 2.68911798 0.00268911798 2.80370943
647 1814 2.68911921 0.00268911921 2.80370943
647 1814 2.68911981 0.00268911981 2.80370943
647 1814 2.68912011 0.00268912011 2.80370943
646 1811 2.65801542 0.00265801542 2.80340557
645 1805 2.65813052 0.00265813052 2.79844961
645 1805 2.65805949 0.00265805949 2.79844961
645 1805 2.6580672 0.0026580672 2.79844961
645 1805 2.65804501 0.00265804501 2.79844961
645 1805 2.65804204 0.00265804204 2.79844961
645 1805 2.65803265 0.00265803265 2.79844961
645 1805 2.65802894 0.00265802894 2.79844961
645 1805 2.65802723 0.00265802723 2.79844961
645 1805 2.65802587 0.00265802587 2.79844961
644 1802 2.65647685 0.00265647685 2.79813665
644 1803 2.65294789 0.00265294789 2.79968944
643 1798 2.65285789 0.00265285789 2.7962675
643 1798 2.65285519 0.00265285519 2.7962675
643 1798 2.65285319 0.00265285319 2.7962675
643 1798 2.65285508 0.00265285508 2.7962675
643 1798 2.65285536 0.00265285536 2.7962675
643 1798 2.65285512 0.00265285512 2.7962675
643 1798 2.65285488 0.00265285488 2.7962675
643 1798 2.65285471 0.00265285471 2.7962675
642 1794 2.65214226 0.00265214226 2.79439252
642 1794 2.65214014 0.00265214014 2.79439252
642 1794 2.65213803 0.00265213803 2.79439252
642 1794 2.65213548 0.00265213548 2.79439252
642 1794 2.65213501 0.00265213501 2.79439252
642 1794 2.65213557 0.00265213557 2.79439252
642 1794 2.65213568 0.00265213568 2.79439252
642 1794 2.65213576 0.00265213576 2.79439252
642 1794 2.65213589 0.00265213589 2.79439252
642 1794 2.65213597 0.00265213597 2.79439252
641 1791 2.6505969 0.0026505969 2.79407176
641 1791 2.65060032 0.00265060032 2.79407176
641 1791 2.65062074 0.00265062074 2.79407176
641 1791 2.65058339 0.00265058339 2.79407176
641 1791 2.65058098 0.00265058098 2.79407176
641 1791 2.65061209 0.00265061209 2.79407176
641 1791 2.65063122 0.00265063122 2.79407176
641 1791 2.65058835 0.00265058835 2.79407176
641 1791 2.65058912 0.00265058912 2.79407176
641 1791 2.6506161 0.0026506161 2.79407176
640 1780 2.63710444 0.00263710444 2.78125
640 1786 2.63349885 0.00263349885 2.790625
640 1784 2.63475007 0.00263475007 2.7875
640 1785 2.63395741 0.00263395741 2.7890625
640 1785 2.63391134 0.00263391134 2.7890625
640 1785 2.6339806 0.0026339806 2.7890625
640 1785 2.63398548 0.00263398548 2.7890625
640 1785 2.63399115 0.00263399115 2.7890625
640 1785 2.6339941 0.0026339941 2.7890625
640 1785 2.63399659 0.00263399659 2.7890625
639 1774 2.62186212 0.00262186212 2.77621283
639 1782 2.63305578 0.00263305578 2.78873239
639 1782 2.63311302 0.00263311302 2.78873239
639 1782 2.63305401 0.00263305401 2.78873239
639 1782 2.63310773 0.00263310773 2.78873239
639 1782 2.63305683 0.00263305683 2.78873239
639 1782 2.63304606 0.00263304606 2.78873239
639 1782 2.6330434 0.0026330434 2.78873239
639 1782 2.63304192 0.00263304192 2.78873239
639 1782 2.63304178 0.00263304178 2.78873239
638 1771 2.62098725 0.00262098725 2.77586207
638 1771 2.62099862 0.00262099862 2.77586207
638 1771 2.62097199 0.00262097199 2.77586207
638 1771 2.62096636 0.00262096636 2.77586207
638 1771 2.62096278 0.00262096278 2.77586207
638 1771 2.62096058 0.00262096058 2.77586207
638 1771 2.62095879 0.00262095879 2.77586207
638 1771 2.62095802 0.00262095802 2.77586207
638 1771 2.62095764 0.00262095764 2.77586207
638 1771 2.62095745 0.00262095745 2.77586207
637 1767 2.62021648 0.00262021648 2.77394035
637 1767 2.62021454 0.00262021454 2.77394035
637 1767 2.6202104 0.0026202104 2.77394035
637 1767 2.62020979 0.00262020979 2.77394035
637 1767 2.62021028 0.00262021028 2.77394035
637 1767 2.62021052 0.00262021052 2.77394035
637 1767 2.62021056 0.00262021056 2.77394035
637 1767 2.62021051 0.00262021051 2.77394035
637 1767 2.62021058 0.00262021058 2.77394035
637 1767 2.62021064 0.00262021064 2.77394035
636 1759 2.6181052 0.0026181052 2.76572327
636 1763 2.60332107 0.00260332107 2.77201258
636 1761 2.60368896 0.00260368896 2.76886792
636 1770 2.61145469 0.00261145469 2.78301887
636 1763 2.61977754 0.00261977754 2.77201258
636 1763 2.61975791 0.00261975791 2.77201258
636 1763 2.61974252 0.00261974252 2.77201258
636 1763 2.61973343 0.00261973343 2.77201258
636 1763 2.61972949 0.00261972949 2.77201258
636 1763 2.6197277 0.0026197277 2.77201258
635 1755 2.61763357 0.00261763357 2.76377953
635 1759 2.60297772 0.00260297772 2.77007874
635 1758 2.61652959 0.00261652959 2.76850394
635 1757 2.61798484 0.00261798484 2.76692913
635 1757 2.6179623 0.0026179623 2.76692913
635 1757 2.61795237 0.00261795237 2.76692913
635 1757 2.61795184 0.00261795184 2.76692913
635 1757 2.61795198 0.00261795198 2.76692913
635 1757 2.61795033 0.00261795033 2.76692913
635 1757 2.61794962 0.00261794962 2.76692913
634 1749 2.61588529 0.00261588529 2.75867508
634 1753 2.6013242 0.0026013242 2.76498423
634 1752 2.61510291 0.00261510291 2.76340694
634 1752 2.6151492 0.0026151492 2.76340694
634 1752 2.61514707 0.00261514707 2.76340694
634 1752 2.61514359 0.00261514359 2.76340694
634 1752 2.61514212 0.00261514212 2.76340694
634 1752 2.61514197 0.00261514197 2.76340694
634 1752 2.61514213 0.00261514213 2.76340694
634 1752 2.61514191 0.00261514191 2.76340694
633 1744 2.61327028 0.00261327028 2.75513428
633 1748 2.59875303 0.00259875303 2.7614534
633 1748 2.59869421 0.00259869421 2.7614534
633 1748 2.59867726 0.00259867726 2.7614534
633 1748 2.59866618 0.00259866618 2.7614534
633 1748 2.59865976 0.00259865976 2.7614534
633 1748 2.59865642 0.00259865642 2.7614534
633 1748 2.59865419 0.00259865419 2.7614534
633 1748 2.59865308 0.00259865308 2.7614534
633 1748 2.59865254 0.00259865254 2.7614534
632 1740 2.59730795 0.00259730795 2.75316456
632 1740 2.59730868 0.00259730868 2.75316456
632 1740 2.59730703 0.00259730703 2.75316456
632 1740 2.59730728 0.00259730728 2.75316456
632 1740 2.59730828 0.00259730828 2.75316456
632 1740 2.59730846 0.00259730846 2.75316456
632 1740 2.5973085 0.0025973085 2.75316456
632 1740 2.59730848 0.00259730848 2.75316456
632 1740 2.59730845 0.00259730845 2.75316456
632 1740 2.59730844 0.00259730844 2.75316456
631 1736 2.59657754 0.00259657754 2.75118859
631 1736 2.59668675 0.00259668675 2.75118859
631 1736 2.59670215 0.00259670215 2.75118859
631 1736 2.59670134 0.00259670134 2.75118859
631 1736 2.59656568 0.00259656568 2.75118859
631 1736 2.59670285 0.00259670285 2.75118859
631 1736 2.59671507 0.00259671507 2.75118859
631 1736 2.59670986 0.00259670986 2.75118859
631 1736 2.5965698 0.0025965698 2.75118859
631 1736 2.5967146 0.0025967146 2.75118859
630 1730 2.56853997 0.00256853997 2.74603175
630 1730 2.5843167 0.0025843167 2.74603175
630 1728 2.55860459 0.00255860459 2.74285714
630 1728 2.55833934 0.00255833934 2.74285714
630 1728 2.55857464 0.00255857464 2.74285714
630 1728 2.55828836 0.00255828836 2.74285714
630 1728 2.55857512 0.00255857512 2.74285714
630 1728 2.55828711 0.00255828711 2.74285714
630 1728 2.5585755 0.0025585755 2.74285714
630 1728 2.558289 0.002558289 2.74285714
629 1724 2.55791166 0.00255791166 2.74085851
629 1722 2.53919231 0.00253919231 2.73767886
629 1722 2.53909439 0.00253909439 2.73767886
629 1722 2.5390861 0.0025390861 2.73767886
629 1722 2.53909014 0.00253909014 2.73767886
629 1722 2.53908792 0.00253908792 2.73767886
629 1722 2.53908637 0.00253908637 2.73767886
629 1722 2.53908586 0.00253908586 2.73767886
629 1722 2.53908539 0.00253908539 2.73767886
629 1722 2.53908504 0.00253908504 2.73767886
628 1718 2.53872721 0.00253872721 2.73566879
628 1718 2.53880771 0.00253880771 2.73566879
628 1718 2.53872452 0.00253872452 2.73566879
628 1718 2.53873401 0.00253873401 2.73566879
628 1718 2.53872948 0.00253872948 2.73566879
628 1718 2.53872184 0.00253872184 2.73566879
628 1718 2.5388062 0.0025388062 2.73566879
628 1718 2.53872616 0.00253872616 2.73566879
628 1718 2.53873309 0.00253873309 2.73566879
628 1718 2.53872865 0.00253872865 2.73566879
627 1713 2.53871751 0.00253871751 2.73205742
627 1713 2.53880976 0.00253880976 2.73205742
627 1710 2.53244575 0.00253244575 2.72727273
627 1710 2.53244631 0.00253244631 2.72727273
627 1710 2.53244531 0.00253244531 2.72727273
627 1710 2.53244324 0.00253244324 2.72727273
627 1710 2.53244273 0.00253244273 2.72727273
627 1710 2.53244272 0.00253244272 2.72727273
627 1710 2.53244273 0.00253244273 2.72727273
627 1710 2.53244276 0.00253244276 2.72727273
626 1705 2.53244277 0.00253244277 2.72364217
626 1705 2.53252384 0.00253252384 2.72364217
626 1705 2.53242327 0.00253242327 2.72364217
626 1705 2.52015056 0.00252015056 2.72364217
626 1708 2.52628888 0.00252628888 2.7284345
626 1705 2.52016329 0.00252016329 2.72364217
626 1705 2.520166 0.002520166 2.72364217
626 1705 2.52016476 0.00252016476 2.72364217
626 1705 2.5201622 0.0025201622 2.72364217
626 1705 2.52016147 0.00252016147 2.72364217
625 1700 2.52016118 0.00252016118 2.72
625 1700 2.52015897 0.00252015897 2.72
625 1700 2.52006073 0.00252006073 2.72
625 1702 2.51105 0.00251105 2.7232
625 1700 2.52016349 0.00252016349 2.72
625 1700 2.52006496 0.00252006496 2.72
625 1700 2.52013411 0.00252013411 2.72
625 1700 2.52007141 0.00252007141 2.72
625 1700 2.52013042 0.00252013042 2.72
625 1700 2.5200854 0.0025200854 2.72
624 1697 2.5110588 0.0025110588 2.71955128
624 1694 2.51573399 0.00251573399 2.71474359
624 1694 2.51561431 0.00251561431 2.71474359
624 1697 2.51106224 0.00251106224 2.71955128
624 1697 2.51102961 0.00251102961 2.71955128
624 1697 2.51103397 0.00251103397 2.71955128
624 1697 2.51104198 0.00251104198 2.71955128
624 1697 2.51104118 0.00251104118 2.71955128
624 1697 2.51103993 0.00251103993 2.71955128
624 1697 2.51103977 0.00251103977 2.71955128
623 1691 2.50685939 0.00250685939 2.71428571
623 1691 2.50676049 0.00250676049 2.71428571
623 1691 2.50674391 0.00250674391 2.71428571
623 1691 2.50671061 0.00250671061 2.71428571
623 1691 2.5067052 0.0025067052 2.71428571
623 1691 2.50670423 0.00250670423 2.71428571
623 1691 2.50670382 0.00250670382 2.71428571
623 1691 2.50670526 0.00250670526 2.71428571
623 1691 2.5067057 0.0025067057 2.71428571
623 1691 2.50670626 0.00250670626 2.71428571
622 1687 2.4988005 0.0024988005 2.71221865
622 1685 2.48815961 0.00248815961 2.70900322
622 1687 2.49160769 0.00249160769 2.71221865
622 1685 2.50357553 0.00250357553 2.70900322
622 1686 2.51231665 0.00251231665 2.71061093
622 1686 2.5123938 0.0025123938 2.71061093
622 1686 2.51231647 0.00251231647 2.71061093
622 1686 2.51240774 0.00251240774 2.71061093
622 1686 2.51236216 0.00251236216 2.71061093
622 1686 2.5124862 0.0025124862 2.71061093
621 1683 2.50296501 0.00250296501 2.71014493
621 1681 2.50008375 0.00250008375 2.70692432
621 1681 2.50004315 0.00250004315 2.70692432
621 1681 2.50006301 0.00250006301 2.70692432
621 1681 2.50006043 0.00250006043 2.70692432
621 1681 2.50005911 0.00250005911 2.70692432
621 1681 2.50005931 0.00250005931 2.70692432
621 1681 2.50005948 0.00250005948 2.70692432
621 1681 2.50005935 0.00250005935 2.70692432
621 1681 2.50005941 0.00250005941 2.70692432
620 1678 2.49104886 0.00249104886 2.70645161
620 1675 2.49590061 0.00249590061 2.7016129
620 1675 2.49591072 0.00249591072 2.7016129
620 1675 2.49591882 0.00249591882 2.7016129
620 1675 2.49591718 0.00249591718 2.7016129
620 1675 2.4959173 0.0024959173 2.7016129
620 1675 2.49591775 0.00249591775 2.7016129
620 1675 2.49591785 0.00249591785 2.7016129
620 1675 2.49591782 0.00249591782 2.7016129
620 1675 2.49591786 0.00249591786 2.7016129
619 1672 2.48714648 0.00248714648 2.70113086
619 1672 2.48708523 0.00248708523 2.70113086
619 1672 2.48718532 0.00248718532 2.70113086
619 1672 2.48716922 0.00248716922 2.70113086
619 1672 2.48717468 0.00248717468 2.70113086
619 1672 2.48717724 0.00248717724 2.70113086
619 1672 2.48718141 0.00248718141 2.70113086
619 1672 2.48717556 0.00248717556 2.70113086
619 1672 2.48718223 0.00248718223 2.70113086
619 1672 2.48717519 0.00248717519 2.70113086
618 1662 2.48300845 0.00248300845 2.68932039
618 1666 2.46927951 0.00246927951 2.69579288
618 1666 2.46910745 0.00246910745 2.69579288
618 1666 2.46926487 0.00246926487 2.69579288
618 1666 2.46911892 0.00246911892 2.69579288
618 1666 2.46927405 0.00246927405 2.69579288
618 1666 2.46912093 0.00246912093 2.69579288
618 1666 2.46927508 0.00246927508 2.69579288
618 1666 2.46912177 0.00246912177 2.69579288
618 1666 2.46927556 0.00246927556 2.69579288
617 1661 2.43680434 0.00243680434 2.69205835
616 1652 2.43676163 0.00243676163 2.68181818
616 1647 2.41208323 0.00241208323 2.6737013
616 1653 2.41302558 0.00241302558 2.68344156
616 1645 2.38928962 0.00238928962 2.67045455
616 1647 2.39314369 0.00239314369 2.6737013
616 1647 2.39317487 0.00239317487 2.6737013
616 1647 2.39304107 0.00239304107 2.6737013
616 1647 2.39314243 0.00239314243 2.6737013
616 1647 2.39309125 0.00239309125 2.6737013
615 1642 2.38079749 0.00238079749 2.6699187
615 1642 2.3806649 0.0023806649 2.6699187
615 1642 2.38065729 0.00238065729 2.6699187
615 1642 2.38064876 0.00238064876 2.6699187
615 1642 2.38063955 0.00238063955 2.6699187
615 1642 2.3806339 0.0023806339 2.6699187
615 1642 2.38063044 0.00238063044 2.6699187
615 1642 2.3806283 0.0023806283 2.6699187
615 1642 2.38062697 0.00238062697 2.6699187
615 1642 2.38062612 0.00238062612 2.6699187
614 1634 2.37272082 0.00237272082 2.66123779
614 1636 2.36219376 0.00236219376 2.66449511
614 1634 2.37277742 0.00237277742 2.66123779
614 1634 2.3727179 0.0023727179 2.66123779
614 1634 2.37270594 0.00237270594 2.66123779
614 1634 2.37270495 0.00237270495 2.66123779
614 1634 2.37271047 0.00237271047 2.66123779
614 1634 2.37270199 0.00237270199 2.66123779
614 1634 2.3727055 0.0023727055 2.66123779
614 1634 2.37271094 0.00237271094 2.66123779
613 1628 2.35497841 0.00235497841 2.65579119
613 1628 2.35491483 0.00235491483 2.65579119
613 1628 2.35502275 0.00235502275 2.65579119
613 1628 2.35485379 0.00235485379 2.65579119
613 1628 2.35500805 0.00235500805 2.65579119
613 1628 2.35482921 0.00235482921 2.65579119
613 1628 2.3550297 0.0023550297 2.65579119
613 1628 2.35482463 0.00235482463 2.65579119
613 1628 2.35503189 0.00235503189 2.65579119
613 1628 2.35493097 0.00235493097 2.65579119
612 1626 2.35495606 0.00235495606 2.65686275
612 1626 2.35489248 0.00235489248 2.65686275
612 1623 2.35457648 0.00235457648 2.65196078
612 1623 2.35442562 0.00235442562 2.65196078
612 1623 2.35460898 0.00235460898 2.65196078
612 1623 2.35452404 0.00235452404 2.65196078
612 1623 2.35456834 0.00235456834 2.65196078
612 1623 2.35449718 0.00235449718 2.65196078
612 1623 2.35445142 0.00235445142 2.65196078
612 1623 2.35446832 0.00235446832 2.65196078
611 1615 2.33292227 0.00233292227 2.64320786
611 1621 2.35441224 0.00235441224 2.65302782
611 1621 2.35446676 0.00235446676 2.65302782
611 1621 2.35447737 0.00235447737 2.65302782
611 1621 2.35447951 0.00235447951 2.65302782
611 1621 2.35447854 0.00235447854 2.65302782
611 1621 2.35447764 0.00235447764 2.65302782
611 1621 2.3544777 0.0023544777 2.65302782
611 1621 2.35447779 0.00235447779 2.65302782
611 1621 2.35447783 0.00235447783 2.65302782
610 1613 2.33291961 0.00233291961 2.6442623
610 1613 2.33303825 0.00233303825 2.6442623
610 1613 2.33304131 0.00233304131 2.6442623
610 1616 2.33863107 0.00233863107 2.64918033
610 1613 2.33305152 0.00233305152 2.6442623
610 1613 2.33305776 0.00233305776 2.6442623
610 1613 2.3330589 0.0023330589 2.6442623
610 1613 2.33306225 0.00233306225 2.6442623
610 1613 2.33306136 0.00233306136 2.6442623
610 1613 2.33306048 0.00233306048 2.6442623
609 1608 2.31753799 0.00231753799 2.64039409
609 1608 2.31741174 0.00231741174 2.64039409
609 1612 2.31621984 0.00231621984 2.64696223
609 1613 2.3018947 0.0023018947 2.64860427
609 1610 2.30146719 0.00230146719 2.64367816
609 1615 2.32308372 0.00232308372 2.65188834
609 1615 2.32310099 0.00232310099 2.65188834
609 1615 2.32298508 0.00232298508 2.65188834
609 1615 2.32289952 0.00232289952 2.65188834
609 1615 2.32289447 0.00232289447 2.65188834
608 1612 2.3007253 0.0023007253 2.65131579
607 1606 2.2908371 0.0022908371 2.64579901
607 1606 2.29097151 0.00229097151 2.64579901
606 1601 2.27708887 0.00227708887 2.64191419
606 1601 2.27692911 0.00227692911 2.64191419
606 1601 2.27688202 0.00227688202 2.64191419
606 1601 2.27688233 0.00227688233 2.64191419
606 1601 2.27688022 0.00227688022 2.64191419
606 1601 2.27687753 0.00227687753 2.64191419
606 1601 2.27687572 0.00227687572 2.64191419
605 1594 2.25651517 0.00225651517 2.63471074
605 1597 2.2604882 0.0022604882 2.63966942
605 1598 2.25252463 0.00225252463 2.64132231
604 1593 2.25260666 0.00225260666 2.63741722
604 1588 2.2348368 0.0022348368 2.62913907
604 1591 2.2350883 0.0022350883 2.63410596
604 1591 2.24301975 0.00224301975 2.63410596
603 1586 2.23475296 0.00223475296 2.63018242
603 1586 2.23476612 0.00223476612 2.63018242
603 1586 2.23472979 0.00223472979 2.63018242
602 1581 2.23362472 0.00223362472 2.62624585
602 1581 2.2336169 0.0022336169 2.62624585
602 1581 2.23361513 0.00223361513 2.62624585
602 1581 2.23361288 0.00223361288 2.62624585
602 1581 2.23361055 0.00223361055 2.62624585
602 1581 2.23360903 0.00223360903 2.62624585
602 1581 2.23360774 0.00223360774 2.62624585
602 1581 2.23360662 0.00223360662 2.62624585
602 1581 2.23360567 0.00223360567 2.62624585
602 1581 2.23360488 0.00223360488 2.62624585
601 1576 2.23359656 0.00223359656 2.62229617
601 1576 2.23359291 0.00223359291 2.62229617
601 1576 2.23359358 0.00223359358 2.62229617
601 1576 2.23359301 0.00223359301 2.62229617
601 1576 2.23359164 0.00223359164 2.62229617
601 1576 2.2335912 0.0022335912 2.62229617
601 1576 2.23359099 0.00223359099 2.62229617
601 1576 2.23359089 0.00223359089 2.62229617
601 1576 2.23359083 0.00223359083 2.62229617
601 1576 2.23359081 0.00223359081 2.62229617
600 1573 2.23217773 0.00223217773 2.62166667
599 1569 2.23143008 0.00223143008 2.61936561
599 1569 2.23142742 0.00223142742 2.61936561
599 1569 2.2314264 0.0022314264 2.61936561
599 1569 2.2314252 0.0022314252 2.61936561
599 1569 2.23142427 0.00223142427 2.61936561
599 1569 2.23142353 0.00223142353 2.61936561
599 1569 2.23142297 0.00223142297 2.61936561
599 1569 2.23142252 0.00223142252 2.61936561
599 1569 2.23142218 0.00223142218 2.61936561
598 1565 2.23142203 0.00223142203 2.61705686
598 1565 2.23142195 0.00223142195 2.61705686
598 1565 2.23142187 0.00223142187 2.61705686
598 1565 2.23142179 0.00223142179 2.61705686
598 1565 2.23142173 0.00223142173 2.61705686
598 1565 2.23142166 0.00223142166 2.61705686
598 1565 2.23142161 0.00223142161 2.61705686
598 1565 2.23142155 0.00223142155 2.61705686
598 1565 2.2314215 0.0022314215 2.61705686
598 1565 2.23142146 0.00223142146 2.61705686
597 1560 2.23142144 0.00223142144 2.61306533
597 1560 2.23141842 0.00223141842 2.61306533
597 1560 2.23141805 0.00223141805 2.61306533
597 1560 2.23141893 0.00223141893 2.61306533
597 1560 2.23141918 0.00223141918 2.61306533
597 1560 2.2314194 0.0022314194 2.61306533
597 1560 2.23141958 0.00223141958 2.61306533
597 1560 2.23141975 0.00223141975 2.61306533
597 1560 2.2314199 0.0022314199 2.61306533
597 1560 2.23142003 0.00223142003 2.61306533
596 1550 2.2278281 0.0022278281 2.60067114
596 1550 2.2278098 0.0022278098 2.60067114
596 1550 2.22782914 0.00222782914 2.60067114
596 1550 2.22781853 0.00222781853 2.60067114
596 1550 2.22782808 0.00222782808 2.60067114
596 1550 2.22781807 0.00222781807 2.60067114
596 1550 2.22782787 0.00222782787 2.60067114
596 1550 2.22781828 0.00222781828 2.60067114
596 1550 2.22782777 0.00222782777 2.60067114
596 1550 2.22781822 0.00222781822 2.60067114
595 1545 2.22749738 0.00222749738 2.59663866
595 1544 2.22394501 0.00222394501 2.59495798
595 1544 2.22393691 0.00222393691 2.59495798
595 1544 2.22393758 0.00222393758 2.59495798
595 1544 2.22393789 0.00222393789 2.59495798
595 1544 2.22393743 0.00222393743 2.59495798
595 1544 2.22393717 0.00222393717 2.59495798
595 1544 2.22393702 0.00222393702 2.59495798
595 1544 2.22393678 0.00222393678 2.59495798
595 1544 2.22393661 0.00222393661 2.59495798
594 1539 2.22360107 0.00222360107 2.59090909
594 1539 2.22359996 0.00222359996 2.59090909
594 1539 2.22360207 0.00222360207 2.59090909
594 1539 2.22360129 0.00222360129 2.59090909
594 1539 2.22360106 0.00222360106 2.59090909
594 1539 2.22360116 0.00222360116 2.59090909
594 1539 2.22360129 0.00222360129 2.59090909
594 1539 2.22360144 0.00222360144 2.59090909
594 1539 2.22360159 0.00222360159 2.59090909
594 1539 2.22360172 0.00222360172 2.59090909
593 1535 2.21980848 0.00221980848 2.58853288
593 1536 2.1956653 0.0021956653 2.59021922
593 1537 2.19255977 0.00219255977 2.59190556
593 1539 2.16693231 0.00216693231 2.59527825
593 1539 2.17097873 0.00217097873 2.59527825
593 1539 2.17093822 0.00217093822 2.59527825
593 1539 2.17089514 0.00217089514 2.59527825
593 1539 2.17087505 0.00217087505 2.59527825
593 1539 2.17086749 0.00217086749 2.59527825
593 1539 2.17085765 0.00217085765 2.59527825
592 1534 2.17053541 0.00217053541 2.59121622
592 1534 2.17048948 0.00217048948 2.59121622
592 1534 2.17046283 0.00217046283 2.59121622
592 1534 2.1704408 0.0021704408 2.59121622
592 1534 2.17042571 0.00217042571 2.59121622
592 1534 2.17041477 0.00217041477 2.59121622
592 1534 2.17040652 0.00217040652 2.59121622
592 1534 2.1704003 0.0021704003 2.59121622
592 1534 2.17039566 0.00217039566 2.59121622
592 1534 2.17039221 0.00217039221 2.59121622
591 1528 2.16643419 0.00216643419 2.58544839
591 1531 2.15761108 0.00215761108 2.59052453
591 1528 2.16642395 0.00216642395 2.58544839
591 1528 2.16642632 0.00216642632 2.58544839
591 1528 2.16643184 0.00216643184 2.58544839
591 1528 2.16642862 0.00216642862 2.58544839
591 1528 2.16642704 0.00216642704 2.58544839
591 1528 2.16642557 0.00216642557 2.58544839
591 1528 2.16642464 0.00216642464 2.58544839
591 1528 2.16642415 0.00216642415 2.58544839
590 1525 2.15424549 0.00215424549 2.58474576
590 1525 2.15424641 0.00215424641 2.58474576
590 1525 2.15424475 0.00215424475 2.58474576
590 1525 2.15424131 0.00215424131 2.58474576
590 1525 2.15423989 0.00215423989 2.58474576
590 1525 2.15423954 0.00215423954 2.58474576
590 1525 2.15423937 0.00215423937 2.58474576
590 1525 2.15423936 0.00215423936 2.58474576
590 1525 2.15423939 0.00215423939 2.58474576
590 1525 2.15423945 0.00215423945 2.58474576
589 1521 2.15080419 0.00215080419 2.58234295
589 1521 2.15080666 0.00215080666 2.58234295
589 1521 2.15080687 0.00215080687 2.58234295
589 1519 2.15423021 0.00215423021 2.57894737
589 1519 2.15422912 0.00215422912 2.57894737
589 1519 2.15422853 0.00215422853 2.57894737
589 1519 2.15422814 0.00215422814 2.57894737
589 1519 2.15422825 0.00215422825 2.57894737
589 1519 2.15422833 0.00215422833 2.57894737
589 1519 2.15422841 0.00215422841 2.57894737
588 1515 2.15079079 0.00215079079 2.57653061
588 1515 2.15079363 0.00215079363 2.57653061
588 1515 2.1507682 0.0021507682 2.57653061
588 1515 2.15078401 0.00215078401 2.57653061
588 1515 2.15078178 0.00215078178 2.57653061
588 1515 2.15078143 0.00215078143 2.57653061
588 1515 2.15078068 0.00215078068 2.57653061
588 1515 2.15078073 0.00215078073 2.57653061
588 1515 2.15078113 0.00215078113 2.57653061
588 1515 2.15078056 0.00215078056 2.57653061
587 1510 2.14698757 0.00214698757 2.57240204
587 1510 2.14699681 0.00214699681 2.57240204
587 1510 2.14699643 0.00214699643 2.57240204
587 1510 2.14699634 0.00214699634 2.57240204
587 1510 2.1469959 0.0021469959 2.57240204
587 1510 2.14699571 0.00214699571 2.57240204
587 1510 2.14699545 0.00214699545 2.57240204
587 1510 2.14699525 0.00214699525 2.57240204
587 1510 2.14699507 0.00214699507 2.57240204
587 1510 2.14699491 0.00214699491 2.57240204
586 1506 2.14699484 0.00214699484 2.56996587
586 1506 2.14699092 0.00214699092 2.56996587
586 1506 2.14698944 0.00214698944 2.56996587
586 1506 2.14698935 0.00214698935 2.56996587
586 1506 2.1469894 0.0021469894 2.56996587
586 1506 2.14698955 0.00214698955 2.56996587
586 1506 2.14698972 0.00214698972 2.56996587
586 1506 2.14698989 0.00214698989 2.56996587
586 1506 2.14699005 0.00214699005 2.56996587
586 1506 2.14699019 0.00214699019 2.56996587
585 1504 2.14188577 0.00214188577 2.57094017
585 1504 2.14186906 0.00214186906 2.57094017
585 1504 2.14187042 0.00214187042 2.57094017
585 1504 2.14189679 0.00214189679 2.57094017
585 1504 2.14192534 0.00214192534 2.57094017
585 1504 2.14195383 0.00214195383 2.57094017
585 1504 2.14198068 0.00214198068 2.57094017
585 1504 2.14180438 0.00214180438 2.57094017
585 1504 2.14200382 0.00214200382 2.57094017
585 1504 2.14181078 0.00214181078 2.57094017
584 1499 2.11978976 0.00211978976 2.56678082
584 1500 2.12053988 0.00212053988 2.56849315
584 1499 2.11952966 0.00211952966 2.56678082
584 1499 2.11931892 0.00211931892 2.56678082
584 1499 2.11927039 0.00211927039 2.56678082
584 1499 2.11922424 0.00211922424 2.56678082
584 1499 2.11918506 0.00211918506 2.56678082
584 1499 2.11915399 0.00211915399 2.56678082
584 1499 2.11912924 0.00211912924 2.56678082
584 1499 2.11910932 0.00211910932 2.56678082
583 1495 2.09894639 0.00209894639 2.56432247
583 1495 2.09909519 0.00209909519 2.56432247
583 1495 2.09902879 0.00209902879 2.56432247
583 1495 2.09902101 0.00209902101 2.56432247
583 1495 2.09899122 0.00209899122 2.56432247
583 1495 2.09897632 0.00209897632 2.56432247
583 1495 2.09895628 0.00209895628 2.56432247
583 1495 2.09893775 0.00209893775 2.56432247
583 1495 2.09891989 0.00209891989 2.56432247
583 1495 2.09890278 0.00209890278 2.56432247
582 1490 2.09871218 0.00209871218 2.56013746
582 1490 2.0985047 0.0020985047 2.56013746
582 1490 2.09846714 0.00209846714 2.56013746
582 1490 2.09831159 0.00209831159 2.56013746
582 1490 2.09846764 0.00209846764 2.56013746
582 1490 2.09832708 0.00209832708 2.56013746
582 1490 2.09838239 0.00209838239 2.56013746
582 1490 2.09829609 0.00209829609 2.56013746
582 1490 2.09837093 0.00209837093 2.56013746
582 1490 2.09829071 0.00209829071 2.56013746
581 1485 2.06388531 0.00206388531 2.55593804
580 1478 2.04595114 0.00204595114 2.54827586
580 1479 2.04621903 0.00204621903 2.55
580 1479 2.04616908 0.00204616908 2.55
580 1479 2.04614428 0.00204614428 2.55
580 1479 2.04617305 0.00204617305 2.55
580 1479 2.04612965 0.00204612965 2.55
580 1479 2.04609684 0.00204609684 2.55
580 1479 2.0461283 0.0020461283 2.55
580 1479 2.04608535 0.00204608535 2.55
579 1474 2.03076177 0.00203076177 2.54576857
579 1475 2.04461302 0.00204461302 2.54749568
579 1475 2.044632 0.002044632 2.54749568
579 1475 2.0445811 0.0020445811 2.54749568
579 1475 2.04455096 0.00204455096 2.54749568
579 1475 2.04455378 0.00204455378 2.54749568
579 1475 2.04455044 0.00204455044 2.54749568
579 1475 2.04455066 0.00204455066 2.54749568
579 1475 2.04454688 0.00204454688 2.54749568
579 1475 2.04454449 0.00204454449 2.54749568
578 1471 2.03923733 0.00203923733 2.5449827
578 1470 2.02944565 0.00202944565 2.5432526
578 1473 2.00645669 0.00200645669 2.54844291
577 1467 1.96587989 0.00196587989 2.54246101
577 1466 1.96638203 0.00196638203 2.5407279
577 1466 1.96453277 0.00196453277 2.5407279
577 1466 1.96355832 0.00196355832 2.5407279
577 1466 1.96235701 0.00196235701 2.5407279
577 1466 1.96098173 0.00196098173 2.5407279
577 1466 1.9593249 0.0019593249 2.5407279
576 1463 1.95108379 0.00195108379 2.53993056
576 1463 1.94834699 0.00194834699 2.53993056
576 1463 1.94436064 0.00194436064 2.53993056
576 1463 1.93789986 0.00193789986 2.53993056
576 1463 1.92605742 0.00192605742 2.53993056
576 1463 1.92284465 0.00192284465 2.53993056
576 1463 1.9191569 0.0019191569 2.53993056
576 1463 1.91486304 0.00191486304 2.53993056
576 1463 1.90983214 0.00190983214 2.53993056
576 1463 1.90389686 0.00190389686 2.53993056
575 1456 1.9005218 0.0019005218 2.53217391
575 1456 1.89279403 0.00189279403 2.53217391
575 1456 1.88347713 0.00188347713 2.53217391
575 1456 1.87213562 0.00187213562 2.53217391
575 1456 1.85818652 0.00185818652 2.53217391
575 1456 1.84084138 0.00184084138 2.53217391
575 1456 1.81902268 0.00181902268 2.53217391
575 1456 5.58442181e-14 5.58442181e-17 2.53217391
575 1456 0 0 2.53217391
allocating memory...
allocating memory...
allocating memory...
allocating memory...
allocating memory...
allocating memory...
allocating memory...
allocating memory...
allocating memory...
allocating memory...
allocating memory...
walksat version 35
command line = test -solcnf -cutoff 100000000 -best -seed 1234567 -numsol 10 ./residualformula_seed14.cnf
seed = 1234567
cutoff = 100000000
tries = 10
heuristic = best, noise 50 / 100
tail starts after flip = 3000
numatom = 1000, numclause = 1456, numliterals = 3713
wff read in

    lowest     final       avg     noise     noise     total                 avg        mean        mean
    #unsat    #unsat     noise   std dev     ratio     flips              length       flips       flips
      this      this      this      this      this      this   success   success       until         std
       try       try       try       try       try       try      rate     tries      assign         dev

         0         0      0.92      0.28      3.33      3012       100      3012     3012.00
         0         0      2.13      1.53      1.40     18854       100     10933    10933.00    11201.99
         0         0      3.31      1.72      1.92      7091       100      9652     9652.33     8225.73
         0         0      2.87      1.95      1.47     15253       100     11052    11052.50     7276.69
         0         0      4.81      3.40      1.42     10752       100     10992    10992.40     6303.23
         0         0      2.42      1.58      1.53     11999       100     11160    11160.17     5652.74
         0         0      2.78      1.53      1.82      5759       100     10388    10388.57     5549.36
         0         0      2.39      1.60      1.49    101301       100     21752    21752.62    32550.42
         0         0      2.29      1.49      1.53      7291       100     20145    20145.78    30827.36
         0         0      3.86      2.31      1.67     19923       100     20123    20123.50    29064.40

total elapsed seconds = 0.000000
average flips per second = -9223372036854775808
number solutions found = 10
final success rate = 100.000000
average length successful tries = 20123
mean flips until assign = 20123.500000
  variance = 844739336.055556
  standard deviation = 29064.399806
  standard error of mean = 9190.970221
mean seconds until assign = 0.000000
  variance = 0.000000
  standard deviation = 0.000000
  standard error of mean = 0.000000
mean restarts until assign = 1.000000
  variance = 0.000000
  standard deviation = 0.000000
  standard error of mean = 0.000000
final noise level statistics
    statistics over all runs:
      overall mean average noise level = 2.778389
      overall mean noise std deviation = 1.738584
      overall ratio mean noise to mean std dev = 1.598076
    statistics on successful runs:
      successful mean average noise level = 2.778389
      successful mean noise std deviation = 1.738584
      successful ratio mean noise to mean std dev = 1.598076
    statistics on nonsuccessful runs:
      nonsuccessful mean average noise level = 0.000000
      nonsuccessful mean noise std deviation = 0.000000
      nonsuccessful ratio mean noise to mean std dev = 0.000000
ASSIGNMENT FOUND
Check and white a solution
time of whitening    freezing probability
12	 	 	 	1
11	 	 	 	1
15	 	 	 	1
13	 	 	 	1
12	 	 	 	1
13	 	 	 	1
12	 	 	 	1
13	 	 	 	1
13	 	 	 	1
11	 	 	 	1
